[2026-08-06T13:08:28.268+0000] {processor.py:161} INFO - Started process (PID=167) to work on /opt/airflow/dags/feature_pipeline_dag.py
[2026-08-06T13:08:28.273+0000] {processor.py:830} INFO - Processing file /opt/airflow/dags/feature_pipeline_dag.py for tasks to queue
[2026-08-06T13:08:28.282+0000] {logging_mixin.py:188} INFO - [2026-08-06T13:08:28.280+0000] {dagbag.py:545} INFO - Filling up the DagBag from /opt/airflow/dags/feature_pipeline_dag.py
[2026-08-06T13:08:49.237+0000] {processor.py:840} INFO - DAG(s) 'feature_pipeline' retrieved from /opt/airflow/dags/feature_pipeline_dag.py
[2026-08-06T13:08:49.347+0000] {logging_mixin.py:188} INFO - [2026-08-06T13:08:49.346+0000] {dag.py:3089} INFO - Sync 1 DAGs
[2026-08-06T13:08:49.401+0000] {logging_mixin.py:188} INFO - [2026-08-06T13:08:49.401+0000] {dag.py:3947} INFO - Setting next_dagrun for feature_pipeline to 2026-08-06 13:00:00+00:00, run_after=2026-08-06 14:00:00+00:00
[2026-08-06T13:08:49.496+0000] {processor.py:183} INFO - Processing /opt/airflow/dags/feature_pipeline_dag.py took 23.285 seconds
[2026-08-06T13:09:21.010+0000] {processor.py:161} INFO - Started process (PID=229) to work on /opt/airflow/dags/feature_pipeline_dag.py
[2026-08-06T13:09:21.021+0000] {processor.py:830} INFO - Processing file /opt/airflow/dags/feature_pipeline_dag.py for tasks to queue
[2026-08-06T13:09:21.044+0000] {logging_mixin.py:188} INFO - [2026-08-06T13:09:21.041+0000] {dagbag.py:545} INFO - Filling up the DagBag from /opt/airflow/dags/feature_pipeline_dag.py
[2026-08-06T13:09:51.444+0000] {logging_mixin.py:188} INFO - [2026-08-06T13:09:51.409+0000] {timeout.py:68} ERROR - Process timed out, PID: 229
[2026-08-06T13:10:22.536+0000] {processor.py:161} INFO - Started process (PID=385) to work on /opt/airflow/dags/feature_pipeline_dag.py
[2026-08-06T13:10:22.540+0000] {processor.py:830} INFO - Processing file /opt/airflow/dags/feature_pipeline_dag.py for tasks to queue
[2026-08-06T13:10:22.546+0000] {logging_mixin.py:188} INFO - [2026-08-06T13:10:22.545+0000] {dagbag.py:545} INFO - Filling up the DagBag from /opt/airflow/dags/feature_pipeline_dag.py
[2026-08-06T13:10:24.648+0000] {processor.py:840} INFO - DAG(s) 'feature_pipeline' retrieved from /opt/airflow/dags/feature_pipeline_dag.py
[2026-08-06T13:10:24.713+0000] {logging_mixin.py:188} INFO - [2026-08-06T13:10:24.709+0000] {dag.py:3089} INFO - Sync 1 DAGs
[2026-08-06T13:10:24.767+0000] {logging_mixin.py:188} INFO - [2026-08-06T13:10:24.767+0000] {dag.py:3947} INFO - Setting next_dagrun for feature_pipeline to 2026-08-06 13:00:00+00:00, run_after=2026-08-06 14:00:00+00:00
[2026-08-06T13:10:24.813+0000] {processor.py:183} INFO - Processing /opt/airflow/dags/feature_pipeline_dag.py took 2.297 seconds
[2026-08-06T13:10:55.831+0000] {processor.py:161} INFO - Started process (PID=399) to work on /opt/airflow/dags/feature_pipeline_dag.py
[2026-08-06T13:10:55.835+0000] {processor.py:830} INFO - Processing file /opt/airflow/dags/feature_pipeline_dag.py for tasks to queue
[2026-08-06T13:10:55.840+0000] {logging_mixin.py:188} INFO - [2026-08-06T13:10:55.839+0000] {dagbag.py:545} INFO - Filling up the DagBag from /opt/airflow/dags/feature_pipeline_dag.py
[2026-08-06T13:10:58.157+0000] {processor.py:840} INFO - DAG(s) 'feature_pipeline' retrieved from /opt/airflow/dags/feature_pipeline_dag.py
[2026-08-06T13:10:58.237+0000] {logging_mixin.py:188} INFO - [2026-08-06T13:10:58.235+0000] {dag.py:3089} INFO - Sync 1 DAGs
[2026-08-06T13:10:58.291+0000] {logging_mixin.py:188} INFO - [2026-08-06T13:10:58.290+0000] {dag.py:3947} INFO - Setting next_dagrun for feature_pipeline to 2026-08-06 13:00:00+00:00, run_after=2026-08-06 14:00:00+00:00
[2026-08-06T13:10:58.331+0000] {processor.py:183} INFO - Processing /opt/airflow/dags/feature_pipeline_dag.py took 2.518 seconds
[2026-08-06T13:11:28.856+0000] {processor.py:161} INFO - Started process (PID=411) to work on /opt/airflow/dags/feature_pipeline_dag.py
[2026-08-06T13:11:28.859+0000] {processor.py:830} INFO - Processing file /opt/airflow/dags/feature_pipeline_dag.py for tasks to queue
[2026-08-06T13:11:28.865+0000] {logging_mixin.py:188} INFO - [2026-08-06T13:11:28.863+0000] {dagbag.py:545} INFO - Filling up the DagBag from /opt/airflow/dags/feature_pipeline_dag.py
[2026-08-06T13:11:32.288+0000] {processor.py:840} INFO - DAG(s) 'feature_pipeline' retrieved from /opt/airflow/dags/feature_pipeline_dag.py
[2026-08-06T13:11:32.339+0000] {logging_mixin.py:188} INFO - [2026-08-06T13:11:32.338+0000] {dag.py:3089} INFO - Sync 1 DAGs
[2026-08-06T13:11:32.379+0000] {logging_mixin.py:188} INFO - [2026-08-06T13:11:32.379+0000] {dag.py:3947} INFO - Setting next_dagrun for feature_pipeline to 2026-08-06 13:00:00+00:00, run_after=2026-08-06 14:00:00+00:00
[2026-08-06T13:11:32.419+0000] {processor.py:183} INFO - Processing /opt/airflow/dags/feature_pipeline_dag.py took 3.586 seconds
[2026-08-06T13:12:03.263+0000] {processor.py:161} INFO - Started process (PID=423) to work on /opt/airflow/dags/feature_pipeline_dag.py
[2026-08-06T13:12:03.265+0000] {processor.py:830} INFO - Processing file /opt/airflow/dags/feature_pipeline_dag.py for tasks to queue
[2026-08-06T13:12:03.271+0000] {logging_mixin.py:188} INFO - [2026-08-06T13:12:03.270+0000] {dagbag.py:545} INFO - Filling up the DagBag from /opt/airflow/dags/feature_pipeline_dag.py
[2026-08-06T13:12:05.203+0000] {processor.py:840} INFO - DAG(s) 'feature_pipeline' retrieved from /opt/airflow/dags/feature_pipeline_dag.py
[2026-08-06T13:12:05.258+0000] {logging_mixin.py:188} INFO - [2026-08-06T13:12:05.257+0000] {dag.py:3089} INFO - Sync 1 DAGs
[2026-08-06T13:12:05.299+0000] {logging_mixin.py:188} INFO - [2026-08-06T13:12:05.299+0000] {dag.py:3947} INFO - Setting next_dagrun for feature_pipeline to 2026-08-06 13:00:00+00:00, run_after=2026-08-06 14:00:00+00:00
[2026-08-06T13:12:05.338+0000] {processor.py:183} INFO - Processing /opt/airflow/dags/feature_pipeline_dag.py took 2.091 seconds
[2026-08-06T13:12:37.475+0000] {processor.py:161} INFO - Started process (PID=435) to work on /opt/airflow/dags/feature_pipeline_dag.py
[2026-08-06T13:12:37.478+0000] {processor.py:830} INFO - Processing file /opt/airflow/dags/feature_pipeline_dag.py for tasks to queue
[2026-08-06T13:12:37.483+0000] {logging_mixin.py:188} INFO - [2026-08-06T13:12:37.482+0000] {dagbag.py:545} INFO - Filling up the DagBag from /opt/airflow/dags/feature_pipeline_dag.py
[2026-08-06T13:12:37.204+0000] {processor.py:840} INFO - DAG(s) 'feature_pipeline' retrieved from /opt/airflow/dags/feature_pipeline_dag.py
[2026-08-06T13:12:37.706+0000] {logging_mixin.py:188} INFO - [2026-08-06T13:12:37.705+0000] {dag.py:3089} INFO - Sync 1 DAGs
[2026-08-06T13:12:38.033+0000] {logging_mixin.py:188} INFO - [2026-08-06T13:12:38.033+0000] {dag.py:3947} INFO - Setting next_dagrun for feature_pipeline to 2026-08-06 13:00:00+00:00, run_after=2026-08-06 14:00:00+00:00
[2026-08-06T13:12:38.412+0000] {processor.py:183} INFO - Processing /opt/airflow/dags/feature_pipeline_dag.py took 3.430 seconds
[2026-08-06T13:13:08.717+0000] {processor.py:161} INFO - Started process (PID=447) to work on /opt/airflow/dags/feature_pipeline_dag.py
[2026-08-06T13:13:08.719+0000] {processor.py:830} INFO - Processing file /opt/airflow/dags/feature_pipeline_dag.py for tasks to queue
[2026-08-06T13:13:08.723+0000] {logging_mixin.py:188} INFO - [2026-08-06T13:13:08.723+0000] {dagbag.py:545} INFO - Filling up the DagBag from /opt/airflow/dags/feature_pipeline_dag.py
[2026-08-06T13:13:10.243+0000] {processor.py:840} INFO - DAG(s) 'feature_pipeline' retrieved from /opt/airflow/dags/feature_pipeline_dag.py
[2026-08-06T13:13:10.665+0000] {logging_mixin.py:188} INFO - [2026-08-06T13:13:10.305+0000] {dag.py:3089} INFO - Sync 1 DAGs
[2026-08-06T13:13:10.706+0000] {logging_mixin.py:188} INFO - [2026-08-06T13:13:10.705+0000] {dag.py:3947} INFO - Setting next_dagrun for feature_pipeline to 2026-08-06 13:00:00+00:00, run_after=2026-08-06 14:00:00+00:00
[2026-08-06T13:13:10.745+0000] {processor.py:183} INFO - Processing /opt/airflow/dags/feature_pipeline_dag.py took 2.044 seconds
[2026-08-06T13:13:41.329+0000] {processor.py:161} INFO - Started process (PID=459) to work on /opt/airflow/dags/feature_pipeline_dag.py
[2026-08-06T13:13:41.332+0000] {processor.py:830} INFO - Processing file /opt/airflow/dags/feature_pipeline_dag.py for tasks to queue
[2026-08-06T13:13:41.338+0000] {logging_mixin.py:188} INFO - [2026-08-06T13:13:41.337+0000] {dagbag.py:545} INFO - Filling up the DagBag from /opt/airflow/dags/feature_pipeline_dag.py
[2026-08-06T13:13:42.816+0000] {processor.py:840} INFO - DAG(s) 'feature_pipeline' retrieved from /opt/airflow/dags/feature_pipeline_dag.py
[2026-08-06T13:13:43.150+0000] {logging_mixin.py:188} INFO - [2026-08-06T13:13:43.149+0000] {dag.py:3089} INFO - Sync 1 DAGs
[2026-08-06T13:13:43.187+0000] {logging_mixin.py:188} INFO - [2026-08-06T13:13:43.186+0000] {dag.py:3947} INFO - Setting next_dagrun for feature_pipeline to 2026-08-06 13:00:00+00:00, run_after=2026-08-06 14:00:00+00:00
[2026-08-06T13:13:43.223+0000] {processor.py:183} INFO - Processing /opt/airflow/dags/feature_pipeline_dag.py took 1.912 seconds
[2026-08-06T13:14:14.289+0000] {processor.py:161} INFO - Started process (PID=471) to work on /opt/airflow/dags/feature_pipeline_dag.py
[2026-08-06T13:14:14.292+0000] {processor.py:830} INFO - Processing file /opt/airflow/dags/feature_pipeline_dag.py for tasks to queue
[2026-08-06T13:14:14.300+0000] {logging_mixin.py:188} INFO - [2026-08-06T13:14:14.299+0000] {dagbag.py:545} INFO - Filling up the DagBag from /opt/airflow/dags/feature_pipeline_dag.py
[2026-08-06T13:14:16.111+0000] {processor.py:840} INFO - DAG(s) 'feature_pipeline' retrieved from /opt/airflow/dags/feature_pipeline_dag.py
[2026-08-06T13:14:16.168+0000] {logging_mixin.py:188} INFO - [2026-08-06T13:14:16.167+0000] {dag.py:3089} INFO - Sync 1 DAGs
[2026-08-06T13:14:16.203+0000] {logging_mixin.py:188} INFO - [2026-08-06T13:14:16.203+0000] {dag.py:3947} INFO - Setting next_dagrun for feature_pipeline to 2026-08-06 13:00:00+00:00, run_after=2026-08-06 14:00:00+00:00
[2026-08-06T13:14:16.236+0000] {processor.py:183} INFO - Processing /opt/airflow/dags/feature_pipeline_dag.py took 1.964 seconds
[2026-08-06T13:14:47.106+0000] {processor.py:161} INFO - Started process (PID=483) to work on /opt/airflow/dags/feature_pipeline_dag.py
[2026-08-06T13:14:47.109+0000] {processor.py:830} INFO - Processing file /opt/airflow/dags/feature_pipeline_dag.py for tasks to queue
[2026-08-06T13:14:47.113+0000] {logging_mixin.py:188} INFO - [2026-08-06T13:14:47.113+0000] {dagbag.py:545} INFO - Filling up the DagBag from /opt/airflow/dags/feature_pipeline_dag.py
[2026-08-06T13:14:48.901+0000] {processor.py:840} INFO - DAG(s) 'feature_pipeline' retrieved from /opt/airflow/dags/feature_pipeline_dag.py
[2026-08-06T13:14:48.994+0000] {logging_mixin.py:188} INFO - [2026-08-06T13:14:48.993+0000] {dag.py:3089} INFO - Sync 1 DAGs
[2026-08-06T13:14:49.050+0000] {logging_mixin.py:188} INFO - [2026-08-06T13:14:49.049+0000] {dag.py:3947} INFO - Setting next_dagrun for feature_pipeline to 2026-08-06 13:00:00+00:00, run_after=2026-08-06 14:00:00+00:00
[2026-08-06T13:14:49.551+0000] {processor.py:183} INFO - Processing /opt/airflow/dags/feature_pipeline_dag.py took 2.464 seconds
[2026-08-06T13:15:20.297+0000] {processor.py:161} INFO - Started process (PID=495) to work on /opt/airflow/dags/feature_pipeline_dag.py
[2026-08-06T13:15:20.300+0000] {processor.py:830} INFO - Processing file /opt/airflow/dags/feature_pipeline_dag.py for tasks to queue
[2026-08-06T13:15:20.306+0000] {logging_mixin.py:188} INFO - [2026-08-06T13:15:20.305+0000] {dagbag.py:545} INFO - Filling up the DagBag from /opt/airflow/dags/feature_pipeline_dag.py
[2026-08-06T13:15:21.773+0000] {processor.py:840} INFO - DAG(s) 'feature_pipeline' retrieved from /opt/airflow/dags/feature_pipeline_dag.py
[2026-08-06T13:15:21.837+0000] {logging_mixin.py:188} INFO - [2026-08-06T13:15:21.836+0000] {dag.py:3089} INFO - Sync 1 DAGs
[2026-08-06T13:15:22.204+0000] {logging_mixin.py:188} INFO - [2026-08-06T13:15:22.204+0000] {dag.py:3947} INFO - Setting next_dagrun for feature_pipeline to 2026-08-06 13:00:00+00:00, run_after=2026-08-06 14:00:00+00:00
[2026-08-06T13:15:22.239+0000] {processor.py:183} INFO - Processing /opt/airflow/dags/feature_pipeline_dag.py took 1.963 seconds
[2026-08-06T13:15:53.280+0000] {processor.py:161} INFO - Started process (PID=507) to work on /opt/airflow/dags/feature_pipeline_dag.py
[2026-08-06T13:15:53.283+0000] {processor.py:830} INFO - Processing file /opt/airflow/dags/feature_pipeline_dag.py for tasks to queue
[2026-08-06T13:15:53.288+0000] {logging_mixin.py:188} INFO - [2026-08-06T13:15:53.287+0000] {dagbag.py:545} INFO - Filling up the DagBag from /opt/airflow/dags/feature_pipeline_dag.py
[2026-08-06T13:15:54.685+0000] {processor.py:840} INFO - DAG(s) 'feature_pipeline' retrieved from /opt/airflow/dags/feature_pipeline_dag.py
[2026-08-06T13:15:54.750+0000] {logging_mixin.py:188} INFO - [2026-08-06T13:15:54.746+0000] {dag.py:3089} INFO - Sync 1 DAGs
[2026-08-06T13:15:55.122+0000] {logging_mixin.py:188} INFO - [2026-08-06T13:15:55.121+0000] {dag.py:3947} INFO - Setting next_dagrun for feature_pipeline to 2026-08-06 13:00:00+00:00, run_after=2026-08-06 14:00:00+00:00
[2026-08-06T13:15:55.159+0000] {processor.py:183} INFO - Processing /opt/airflow/dags/feature_pipeline_dag.py took 1.898 seconds
[2026-08-06T13:16:25.242+0000] {processor.py:161} INFO - Started process (PID=519) to work on /opt/airflow/dags/feature_pipeline_dag.py
[2026-08-06T13:16:25.245+0000] {processor.py:830} INFO - Processing file /opt/airflow/dags/feature_pipeline_dag.py for tasks to queue
[2026-08-06T13:16:25.251+0000] {logging_mixin.py:188} INFO - [2026-08-06T13:16:25.250+0000] {dagbag.py:545} INFO - Filling up the DagBag from /opt/airflow/dags/feature_pipeline_dag.py
[2026-08-06T13:16:25.205+0000] {processor.py:840} INFO - DAG(s) 'feature_pipeline' retrieved from /opt/airflow/dags/feature_pipeline_dag.py
[2026-08-06T13:16:25.654+0000] {logging_mixin.py:188} INFO - [2026-08-06T13:16:25.653+0000] {dag.py:3089} INFO - Sync 1 DAGs
[2026-08-06T13:16:25.692+0000] {logging_mixin.py:188} INFO - [2026-08-06T13:16:25.692+0000] {dag.py:3947} INFO - Setting next_dagrun for feature_pipeline to 2026-08-06 13:00:00+00:00, run_after=2026-08-06 14:00:00+00:00
[2026-08-06T13:16:25.728+0000] {processor.py:183} INFO - Processing /opt/airflow/dags/feature_pipeline_dag.py took 2.185 seconds
[2026-08-06T13:16:56.796+0000] {processor.py:161} INFO - Started process (PID=531) to work on /opt/airflow/dags/feature_pipeline_dag.py
[2026-08-06T13:16:56.799+0000] {processor.py:830} INFO - Processing file /opt/airflow/dags/feature_pipeline_dag.py for tasks to queue
[2026-08-06T13:16:56.805+0000] {logging_mixin.py:188} INFO - [2026-08-06T13:16:56.804+0000] {dagbag.py:545} INFO - Filling up the DagBag from /opt/airflow/dags/feature_pipeline_dag.py
[2026-08-06T13:16:58.835+0000] {processor.py:840} INFO - DAG(s) 'feature_pipeline' retrieved from /opt/airflow/dags/feature_pipeline_dag.py
[2026-08-06T13:16:58.888+0000] {logging_mixin.py:188} INFO - [2026-08-06T13:16:58.887+0000] {dag.py:3089} INFO - Sync 1 DAGs
[2026-08-06T13:16:58.932+0000] {logging_mixin.py:188} INFO - [2026-08-06T13:16:58.931+0000] {dag.py:3947} INFO - Setting next_dagrun for feature_pipeline to 2026-08-06 13:00:00+00:00, run_after=2026-08-06 14:00:00+00:00
[2026-08-06T13:16:58.977+0000] {processor.py:183} INFO - Processing /opt/airflow/dags/feature_pipeline_dag.py took 2.201 seconds
[2026-08-06T13:17:29.874+0000] {processor.py:161} INFO - Started process (PID=543) to work on /opt/airflow/dags/feature_pipeline_dag.py
[2026-08-06T13:17:29.878+0000] {processor.py:830} INFO - Processing file /opt/airflow/dags/feature_pipeline_dag.py for tasks to queue
[2026-08-06T13:17:29.887+0000] {logging_mixin.py:188} INFO - [2026-08-06T13:17:29.886+0000] {dagbag.py:545} INFO - Filling up the DagBag from /opt/airflow/dags/feature_pipeline_dag.py
[2026-08-06T13:17:31.429+0000] {processor.py:840} INFO - DAG(s) 'feature_pipeline' retrieved from /opt/airflow/dags/feature_pipeline_dag.py
[2026-08-06T13:17:31.491+0000] {logging_mixin.py:188} INFO - [2026-08-06T13:17:31.490+0000] {dag.py:3089} INFO - Sync 1 DAGs
[2026-08-06T13:17:31.554+0000] {logging_mixin.py:188} INFO - [2026-08-06T13:17:31.553+0000] {dag.py:3947} INFO - Setting next_dagrun for feature_pipeline to 2026-08-06 13:00:00+00:00, run_after=2026-08-06 14:00:00+00:00
[2026-08-06T13:17:31.607+0000] {processor.py:183} INFO - Processing /opt/airflow/dags/feature_pipeline_dag.py took 1.755 seconds
[2026-08-06T13:18:02.570+0000] {processor.py:161} INFO - Started process (PID=555) to work on /opt/airflow/dags/feature_pipeline_dag.py
[2026-08-06T13:18:02.575+0000] {processor.py:830} INFO - Processing file /opt/airflow/dags/feature_pipeline_dag.py for tasks to queue
[2026-08-06T13:18:02.594+0000] {logging_mixin.py:188} INFO - [2026-08-06T13:18:02.593+0000] {dagbag.py:545} INFO - Filling up the DagBag from /opt/airflow/dags/feature_pipeline_dag.py
[2026-08-06T13:18:04.645+0000] {processor.py:840} INFO - DAG(s) 'feature_pipeline' retrieved from /opt/airflow/dags/feature_pipeline_dag.py
[2026-08-06T13:18:04.752+0000] {logging_mixin.py:188} INFO - [2026-08-06T13:18:04.751+0000] {dag.py:3089} INFO - Sync 1 DAGs
[2026-08-06T13:18:05.347+0000] {logging_mixin.py:188} INFO - [2026-08-06T13:18:05.347+0000] {dag.py:3947} INFO - Setting next_dagrun for feature_pipeline to 2026-08-06 13:00:00+00:00, run_after=2026-08-06 14:00:00+00:00
[2026-08-06T13:18:05.459+0000] {processor.py:183} INFO - Processing /opt/airflow/dags/feature_pipeline_dag.py took 2.923 seconds
[2026-08-06T13:18:36.355+0000] {processor.py:161} INFO - Started process (PID=567) to work on /opt/airflow/dags/feature_pipeline_dag.py
[2026-08-06T13:18:36.359+0000] {processor.py:830} INFO - Processing file /opt/airflow/dags/feature_pipeline_dag.py for tasks to queue
[2026-08-06T13:18:36.366+0000] {logging_mixin.py:188} INFO - [2026-08-06T13:18:36.365+0000] {dagbag.py:545} INFO - Filling up the DagBag from /opt/airflow/dags/feature_pipeline_dag.py
[2026-08-06T13:18:38.755+0000] {processor.py:840} INFO - DAG(s) 'feature_pipeline' retrieved from /opt/airflow/dags/feature_pipeline_dag.py
[2026-08-06T13:18:38.861+0000] {logging_mixin.py:188} INFO - [2026-08-06T13:18:38.858+0000] {dag.py:3089} INFO - Sync 1 DAGs
[2026-08-06T13:18:39.515+0000] {logging_mixin.py:188} INFO - [2026-08-06T13:18:39.514+0000] {dag.py:3947} INFO - Setting next_dagrun for feature_pipeline to 2026-08-06 13:00:00+00:00, run_after=2026-08-06 14:00:00+00:00
[2026-08-06T13:18:39.595+0000] {processor.py:183} INFO - Processing /opt/airflow/dags/feature_pipeline_dag.py took 3.268 seconds
[2026-08-06T13:19:10.567+0000] {processor.py:161} INFO - Started process (PID=579) to work on /opt/airflow/dags/feature_pipeline_dag.py
[2026-08-06T13:19:10.570+0000] {processor.py:830} INFO - Processing file /opt/airflow/dags/feature_pipeline_dag.py for tasks to queue
[2026-08-06T13:19:10.588+0000] {logging_mixin.py:188} INFO - [2026-08-06T13:19:10.587+0000] {dagbag.py:545} INFO - Filling up the DagBag from /opt/airflow/dags/feature_pipeline_dag.py
[2026-08-06T13:19:12.402+0000] {processor.py:840} INFO - DAG(s) 'feature_pipeline' retrieved from /opt/airflow/dags/feature_pipeline_dag.py
[2026-08-06T13:19:13.206+0000] {logging_mixin.py:188} INFO - [2026-08-06T13:19:12.498+0000] {dag.py:3089} INFO - Sync 1 DAGs
[2026-08-06T13:19:13.306+0000] {logging_mixin.py:188} INFO - [2026-08-06T13:19:13.305+0000] {dag.py:3947} INFO - Setting next_dagrun for feature_pipeline to 2026-08-06 13:00:00+00:00, run_after=2026-08-06 14:00:00+00:00
[2026-08-06T13:19:13.414+0000] {processor.py:183} INFO - Processing /opt/airflow/dags/feature_pipeline_dag.py took 2.870 seconds
[2026-08-06T13:19:43.840+0000] {processor.py:161} INFO - Started process (PID=591) to work on /opt/airflow/dags/feature_pipeline_dag.py
[2026-08-06T13:19:43.843+0000] {processor.py:830} INFO - Processing file /opt/airflow/dags/feature_pipeline_dag.py for tasks to queue
[2026-08-06T13:19:43.848+0000] {logging_mixin.py:188} INFO - [2026-08-06T13:19:43.847+0000] {dagbag.py:545} INFO - Filling up the DagBag from /opt/airflow/dags/feature_pipeline_dag.py
[2026-08-06T13:19:45.814+0000] {processor.py:840} INFO - DAG(s) 'feature_pipeline' retrieved from /opt/airflow/dags/feature_pipeline_dag.py
[2026-08-06T13:19:46.347+0000] {logging_mixin.py:188} INFO - [2026-08-06T13:19:46.346+0000] {dag.py:3089} INFO - Sync 1 DAGs
[2026-08-06T13:19:46.423+0000] {logging_mixin.py:188} INFO - [2026-08-06T13:19:46.423+0000] {dag.py:3947} INFO - Setting next_dagrun for feature_pipeline to 2026-08-06 13:00:00+00:00, run_after=2026-08-06 14:00:00+00:00
[2026-08-06T13:19:46.468+0000] {processor.py:183} INFO - Processing /opt/airflow/dags/feature_pipeline_dag.py took 2.647 seconds
[2026-08-06T13:20:17.609+0000] {processor.py:161} INFO - Started process (PID=603) to work on /opt/airflow/dags/feature_pipeline_dag.py
[2026-08-06T13:20:17.619+0000] {processor.py:830} INFO - Processing file /opt/airflow/dags/feature_pipeline_dag.py for tasks to queue
[2026-08-06T13:20:17.628+0000] {logging_mixin.py:188} INFO - [2026-08-06T13:20:17.626+0000] {dagbag.py:545} INFO - Filling up the DagBag from /opt/airflow/dags/feature_pipeline_dag.py
[2026-08-06T13:20:21.915+0000] {processor.py:840} INFO - DAG(s) 'feature_pipeline' retrieved from /opt/airflow/dags/feature_pipeline_dag.py
[2026-08-06T13:20:22.503+0000] {logging_mixin.py:188} INFO - [2026-08-06T13:20:22.497+0000] {dag.py:3089} INFO - Sync 1 DAGs
[2026-08-06T13:20:23.404+0000] {logging_mixin.py:188} INFO - [2026-08-06T13:20:23.403+0000] {dag.py:3947} INFO - Setting next_dagrun for feature_pipeline to 2026-08-06 13:00:00+00:00, run_after=2026-08-06 14:00:00+00:00
[2026-08-06T13:20:23.483+0000] {processor.py:183} INFO - Processing /opt/airflow/dags/feature_pipeline_dag.py took 5.976 seconds
[2026-08-06T13:20:53.735+0000] {processor.py:161} INFO - Started process (PID=615) to work on /opt/airflow/dags/feature_pipeline_dag.py
[2026-08-06T13:20:53.739+0000] {processor.py:830} INFO - Processing file /opt/airflow/dags/feature_pipeline_dag.py for tasks to queue
[2026-08-06T13:20:53.745+0000] {logging_mixin.py:188} INFO - [2026-08-06T13:20:53.744+0000] {dagbag.py:545} INFO - Filling up the DagBag from /opt/airflow/dags/feature_pipeline_dag.py
[2026-08-06T13:20:55.374+0000] {processor.py:840} INFO - DAG(s) 'feature_pipeline' retrieved from /opt/airflow/dags/feature_pipeline_dag.py
[2026-08-06T13:20:55.465+0000] {logging_mixin.py:188} INFO - [2026-08-06T13:20:55.464+0000] {dag.py:3089} INFO - Sync 1 DAGs
[2026-08-06T13:20:55.520+0000] {logging_mixin.py:188} INFO - [2026-08-06T13:20:55.519+0000] {dag.py:3947} INFO - Setting next_dagrun for feature_pipeline to 2026-08-06 13:00:00+00:00, run_after=2026-08-06 14:00:00+00:00
[2026-08-06T13:21:01.995+0000] {processor.py:183} INFO - Processing /opt/airflow/dags/feature_pipeline_dag.py took 8.278 seconds
[2026-08-06T13:21:32.444+0000] {processor.py:161} INFO - Started process (PID=627) to work on /opt/airflow/dags/feature_pipeline_dag.py
[2026-08-06T13:21:32.448+0000] {processor.py:830} INFO - Processing file /opt/airflow/dags/feature_pipeline_dag.py for tasks to queue
[2026-08-06T13:21:32.456+0000] {logging_mixin.py:188} INFO - [2026-08-06T13:21:32.455+0000] {dagbag.py:545} INFO - Filling up the DagBag from /opt/airflow/dags/feature_pipeline_dag.py
[2026-08-06T13:21:34.845+0000] {processor.py:840} INFO - DAG(s) 'feature_pipeline' retrieved from /opt/airflow/dags/feature_pipeline_dag.py
[2026-08-06T13:21:35.000+0000] {logging_mixin.py:188} INFO - [2026-08-06T13:21:34.999+0000] {dag.py:3089} INFO - Sync 1 DAGs
[2026-08-06T13:21:36.253+0000] {logging_mixin.py:188} INFO - [2026-08-06T13:21:36.253+0000] {dag.py:3947} INFO - Setting next_dagrun for feature_pipeline to 2026-08-06 13:00:00+00:00, run_after=2026-08-06 14:00:00+00:00
[2026-08-06T13:21:40.983+0000] {processor.py:183} INFO - Processing /opt/airflow/dags/feature_pipeline_dag.py took 10.366 seconds
[2026-08-06T13:22:13.312+0000] {processor.py:161} INFO - Started process (PID=639) to work on /opt/airflow/dags/feature_pipeline_dag.py
[2026-08-06T13:22:13.320+0000] {processor.py:830} INFO - Processing file /opt/airflow/dags/feature_pipeline_dag.py for tasks to queue
[2026-08-06T13:22:13.328+0000] {logging_mixin.py:188} INFO - [2026-08-06T13:22:13.326+0000] {dagbag.py:545} INFO - Filling up the DagBag from /opt/airflow/dags/feature_pipeline_dag.py
[2026-08-06T13:22:15.712+0000] {processor.py:840} INFO - DAG(s) 'feature_pipeline' retrieved from /opt/airflow/dags/feature_pipeline_dag.py
[2026-08-06T13:22:16.363+0000] {logging_mixin.py:188} INFO - [2026-08-06T13:22:16.361+0000] {dag.py:3089} INFO - Sync 1 DAGs
[2026-08-06T13:22:16.439+0000] {logging_mixin.py:188} INFO - [2026-08-06T13:22:16.438+0000] {dag.py:3947} INFO - Setting next_dagrun for feature_pipeline to 2026-08-06 13:00:00+00:00, run_after=2026-08-06 14:00:00+00:00
[2026-08-06T13:22:16.513+0000] {processor.py:183} INFO - Processing /opt/airflow/dags/feature_pipeline_dag.py took 3.307 seconds
[2026-08-06T13:22:47.352+0000] {processor.py:161} INFO - Started process (PID=651) to work on /opt/airflow/dags/feature_pipeline_dag.py
[2026-08-06T13:22:47.356+0000] {processor.py:830} INFO - Processing file /opt/airflow/dags/feature_pipeline_dag.py for tasks to queue
[2026-08-06T13:22:47.364+0000] {logging_mixin.py:188} INFO - [2026-08-06T13:22:47.363+0000] {dagbag.py:545} INFO - Filling up the DagBag from /opt/airflow/dags/feature_pipeline_dag.py
[2026-08-06T13:22:49.119+0000] {processor.py:840} INFO - DAG(s) 'feature_pipeline' retrieved from /opt/airflow/dags/feature_pipeline_dag.py
[2026-08-06T13:22:49.837+0000] {logging_mixin.py:188} INFO - [2026-08-06T13:22:49.836+0000] {dag.py:3089} INFO - Sync 1 DAGs
[2026-08-06T13:22:49.887+0000] {logging_mixin.py:188} INFO - [2026-08-06T13:22:49.887+0000] {dag.py:3947} INFO - Setting next_dagrun for feature_pipeline to 2026-08-06 13:00:00+00:00, run_after=2026-08-06 14:00:00+00:00
[2026-08-06T13:22:49.933+0000] {processor.py:183} INFO - Processing /opt/airflow/dags/feature_pipeline_dag.py took 2.607 seconds
[2026-08-06T13:23:20.655+0000] {processor.py:161} INFO - Started process (PID=663) to work on /opt/airflow/dags/feature_pipeline_dag.py
[2026-08-06T13:23:20.660+0000] {processor.py:830} INFO - Processing file /opt/airflow/dags/feature_pipeline_dag.py for tasks to queue
[2026-08-06T13:23:20.667+0000] {logging_mixin.py:188} INFO - [2026-08-06T13:23:20.666+0000] {dagbag.py:545} INFO - Filling up the DagBag from /opt/airflow/dags/feature_pipeline_dag.py
[2026-08-06T13:23:22.326+0000] {processor.py:840} INFO - DAG(s) 'feature_pipeline' retrieved from /opt/airflow/dags/feature_pipeline_dag.py
[2026-08-06T13:23:22.397+0000] {logging_mixin.py:188} INFO - [2026-08-06T13:23:22.396+0000] {dag.py:3089} INFO - Sync 1 DAGs
[2026-08-06T13:23:22.453+0000] {logging_mixin.py:188} INFO - [2026-08-06T13:23:22.452+0000] {dag.py:3947} INFO - Setting next_dagrun for feature_pipeline to 2026-08-06 13:00:00+00:00, run_after=2026-08-06 14:00:00+00:00
[2026-08-06T13:23:22.498+0000] {processor.py:183} INFO - Processing /opt/airflow/dags/feature_pipeline_dag.py took 1.867 seconds
[2026-08-06T13:23:53.311+0000] {processor.py:161} INFO - Started process (PID=675) to work on /opt/airflow/dags/feature_pipeline_dag.py
[2026-08-06T13:23:53.315+0000] {processor.py:830} INFO - Processing file /opt/airflow/dags/feature_pipeline_dag.py for tasks to queue
[2026-08-06T13:23:53.323+0000] {logging_mixin.py:188} INFO - [2026-08-06T13:23:53.322+0000] {dagbag.py:545} INFO - Filling up the DagBag from /opt/airflow/dags/feature_pipeline_dag.py
[2026-08-06T13:23:55.148+0000] {processor.py:840} INFO - DAG(s) 'feature_pipeline' retrieved from /opt/airflow/dags/feature_pipeline_dag.py
[2026-08-06T13:23:55.226+0000] {logging_mixin.py:188} INFO - [2026-08-06T13:23:55.225+0000] {dag.py:3089} INFO - Sync 1 DAGs
[2026-08-06T13:23:55.671+0000] {logging_mixin.py:188} INFO - [2026-08-06T13:23:55.671+0000] {dag.py:3947} INFO - Setting next_dagrun for feature_pipeline to 2026-08-06 13:00:00+00:00, run_after=2026-08-06 14:00:00+00:00
[2026-08-06T13:23:55.712+0000] {processor.py:183} INFO - Processing /opt/airflow/dags/feature_pipeline_dag.py took 2.432 seconds
[2026-08-06T13:24:26.088+0000] {processor.py:161} INFO - Started process (PID=687) to work on /opt/airflow/dags/feature_pipeline_dag.py
[2026-08-06T13:24:26.092+0000] {processor.py:830} INFO - Processing file /opt/airflow/dags/feature_pipeline_dag.py for tasks to queue
[2026-08-06T13:24:26.099+0000] {logging_mixin.py:188} INFO - [2026-08-06T13:24:26.097+0000] {dagbag.py:545} INFO - Filling up the DagBag from /opt/airflow/dags/feature_pipeline_dag.py
[2026-08-06T13:24:27.612+0000] {processor.py:840} INFO - DAG(s) 'feature_pipeline' retrieved from /opt/airflow/dags/feature_pipeline_dag.py
[2026-08-06T13:24:27.685+0000] {logging_mixin.py:188} INFO - [2026-08-06T13:24:27.684+0000] {dag.py:3089} INFO - Sync 1 DAGs
[2026-08-06T13:24:26.195+0000] {logging_mixin.py:188} INFO - [2026-08-06T13:24:26.194+0000] {dag.py:3947} INFO - Setting next_dagrun for feature_pipeline to 2026-08-06 13:00:00+00:00, run_after=2026-08-06 14:00:00+00:00
[2026-08-06T13:24:26.233+0000] {processor.py:183} INFO - Processing /opt/airflow/dags/feature_pipeline_dag.py took 2.126 seconds
[2026-08-06T13:24:56.738+0000] {processor.py:161} INFO - Started process (PID=699) to work on /opt/airflow/dags/feature_pipeline_dag.py
[2026-08-06T13:24:56.740+0000] {processor.py:830} INFO - Processing file /opt/airflow/dags/feature_pipeline_dag.py for tasks to queue
[2026-08-06T13:24:56.745+0000] {logging_mixin.py:188} INFO - [2026-08-06T13:24:56.745+0000] {dagbag.py:545} INFO - Filling up the DagBag from /opt/airflow/dags/feature_pipeline_dag.py
[2026-08-06T13:24:58.509+0000] {processor.py:840} INFO - DAG(s) 'feature_pipeline' retrieved from /opt/airflow/dags/feature_pipeline_dag.py
[2026-08-06T13:24:58.578+0000] {logging_mixin.py:188} INFO - [2026-08-06T13:24:58.575+0000] {dag.py:3089} INFO - Sync 1 DAGs
[2026-08-06T13:24:58.982+0000] {logging_mixin.py:188} INFO - [2026-08-06T13:24:58.981+0000] {dag.py:3947} INFO - Setting next_dagrun for feature_pipeline to 2026-08-06 13:00:00+00:00, run_after=2026-08-06 14:00:00+00:00
[2026-08-06T13:24:59.026+0000] {processor.py:183} INFO - Processing /opt/airflow/dags/feature_pipeline_dag.py took 2.326 seconds
[2026-08-06T13:25:29.504+0000] {processor.py:161} INFO - Started process (PID=711) to work on /opt/airflow/dags/feature_pipeline_dag.py
[2026-08-06T13:25:29.507+0000] {processor.py:830} INFO - Processing file /opt/airflow/dags/feature_pipeline_dag.py for tasks to queue
[2026-08-06T13:25:29.511+0000] {logging_mixin.py:188} INFO - [2026-08-06T13:25:29.511+0000] {dagbag.py:545} INFO - Filling up the DagBag from /opt/airflow/dags/feature_pipeline_dag.py
[2026-08-06T13:25:31.168+0000] {processor.py:840} INFO - DAG(s) 'feature_pipeline' retrieved from /opt/airflow/dags/feature_pipeline_dag.py
[2026-08-06T13:25:31.687+0000] {logging_mixin.py:188} INFO - [2026-08-06T13:25:31.685+0000] {dag.py:3089} INFO - Sync 1 DAGs
[2026-08-06T13:25:31.746+0000] {logging_mixin.py:188} INFO - [2026-08-06T13:25:31.745+0000] {dag.py:3947} INFO - Setting next_dagrun for feature_pipeline to 2026-08-06 13:00:00+00:00, run_after=2026-08-06 14:00:00+00:00
[2026-08-06T13:25:31.820+0000] {processor.py:183} INFO - Processing /opt/airflow/dags/feature_pipeline_dag.py took 2.336 seconds
[2026-08-06T13:26:02.260+0000] {processor.py:161} INFO - Started process (PID=723) to work on /opt/airflow/dags/feature_pipeline_dag.py
[2026-08-06T13:26:02.263+0000] {processor.py:830} INFO - Processing file /opt/airflow/dags/feature_pipeline_dag.py for tasks to queue
[2026-08-06T13:26:02.269+0000] {logging_mixin.py:188} INFO - [2026-08-06T13:26:02.268+0000] {dagbag.py:545} INFO - Filling up the DagBag from /opt/airflow/dags/feature_pipeline_dag.py
[2026-08-06T13:26:07.735+0000] {processor.py:840} INFO - DAG(s) 'feature_pipeline' retrieved from /opt/airflow/dags/feature_pipeline_dag.py
[2026-08-06T13:26:07.799+0000] {logging_mixin.py:188} INFO - [2026-08-06T13:26:07.797+0000] {dag.py:3089} INFO - Sync 1 DAGs
[2026-08-06T13:26:07.850+0000] {logging_mixin.py:188} INFO - [2026-08-06T13:26:07.849+0000] {dag.py:3947} INFO - Setting next_dagrun for feature_pipeline to 2026-08-06 13:00:00+00:00, run_after=2026-08-06 14:00:00+00:00
[2026-08-06T13:26:08.577+0000] {processor.py:183} INFO - Processing /opt/airflow/dags/feature_pipeline_dag.py took 6.337 seconds
[2026-08-06T13:26:38.901+0000] {processor.py:161} INFO - Started process (PID=735) to work on /opt/airflow/dags/feature_pipeline_dag.py
[2026-08-06T13:26:38.928+0000] {processor.py:830} INFO - Processing file /opt/airflow/dags/feature_pipeline_dag.py for tasks to queue
[2026-08-06T13:26:38.933+0000] {logging_mixin.py:188} INFO - [2026-08-06T13:26:38.933+0000] {dagbag.py:545} INFO - Filling up the DagBag from /opt/airflow/dags/feature_pipeline_dag.py
[2026-08-06T13:26:41.479+0000] {processor.py:840} INFO - DAG(s) 'feature_pipeline' retrieved from /opt/airflow/dags/feature_pipeline_dag.py
[2026-08-06T13:26:41.630+0000] {logging_mixin.py:188} INFO - [2026-08-06T13:26:41.629+0000] {dag.py:3089} INFO - Sync 1 DAGs
[2026-08-06T13:26:41.711+0000] {logging_mixin.py:188} INFO - [2026-08-06T13:26:41.711+0000] {dag.py:3947} INFO - Setting next_dagrun for feature_pipeline to 2026-08-06 13:00:00+00:00, run_after=2026-08-06 14:00:00+00:00
[2026-08-06T13:26:41.761+0000] {processor.py:183} INFO - Processing /opt/airflow/dags/feature_pipeline_dag.py took 2.879 seconds
[2026-08-06T13:27:12.455+0000] {processor.py:161} INFO - Started process (PID=747) to work on /opt/airflow/dags/feature_pipeline_dag.py
[2026-08-06T13:27:12.458+0000] {processor.py:830} INFO - Processing file /opt/airflow/dags/feature_pipeline_dag.py for tasks to queue
[2026-08-06T13:27:12.464+0000] {logging_mixin.py:188} INFO - [2026-08-06T13:27:12.463+0000] {dagbag.py:545} INFO - Filling up the DagBag from /opt/airflow/dags/feature_pipeline_dag.py
[2026-08-06T13:27:14.217+0000] {processor.py:840} INFO - DAG(s) 'feature_pipeline' retrieved from /opt/airflow/dags/feature_pipeline_dag.py
[2026-08-06T13:27:14.293+0000] {logging_mixin.py:188} INFO - [2026-08-06T13:27:14.292+0000] {dag.py:3089} INFO - Sync 1 DAGs
[2026-08-06T13:27:14.696+0000] {logging_mixin.py:188} INFO - [2026-08-06T13:27:14.696+0000] {dag.py:3947} INFO - Setting next_dagrun for feature_pipeline to 2026-08-06 13:00:00+00:00, run_after=2026-08-06 14:00:00+00:00
[2026-08-06T13:27:14.739+0000] {processor.py:183} INFO - Processing /opt/airflow/dags/feature_pipeline_dag.py took 2.309 seconds
[2026-08-06T13:27:45.038+0000] {processor.py:161} INFO - Started process (PID=759) to work on /opt/airflow/dags/feature_pipeline_dag.py
[2026-08-06T13:27:45.041+0000] {processor.py:830} INFO - Processing file /opt/airflow/dags/feature_pipeline_dag.py for tasks to queue
[2026-08-06T13:27:45.046+0000] {logging_mixin.py:188} INFO - [2026-08-06T13:27:45.045+0000] {dagbag.py:545} INFO - Filling up the DagBag from /opt/airflow/dags/feature_pipeline_dag.py
[2026-08-06T13:27:48.741+0000] {processor.py:840} INFO - DAG(s) 'feature_pipeline' retrieved from /opt/airflow/dags/feature_pipeline_dag.py
[2026-08-06T13:27:48.810+0000] {logging_mixin.py:188} INFO - [2026-08-06T13:27:48.806+0000] {dag.py:3089} INFO - Sync 1 DAGs
[2026-08-06T13:27:49.328+0000] {logging_mixin.py:188} INFO - [2026-08-06T13:27:49.327+0000] {dag.py:3947} INFO - Setting next_dagrun for feature_pipeline to 2026-08-06 13:00:00+00:00, run_after=2026-08-06 14:00:00+00:00
[2026-08-06T13:27:49.425+0000] {processor.py:183} INFO - Processing /opt/airflow/dags/feature_pipeline_dag.py took 4.406 seconds
[2026-08-06T13:28:20.671+0000] {processor.py:161} INFO - Started process (PID=771) to work on /opt/airflow/dags/feature_pipeline_dag.py
[2026-08-06T13:28:20.679+0000] {processor.py:830} INFO - Processing file /opt/airflow/dags/feature_pipeline_dag.py for tasks to queue
[2026-08-06T13:28:20.783+0000] {logging_mixin.py:188} INFO - [2026-08-06T13:28:20.782+0000] {dagbag.py:545} INFO - Filling up the DagBag from /opt/airflow/dags/feature_pipeline_dag.py
[2026-08-06T13:28:26.931+0000] {processor.py:840} INFO - DAG(s) 'feature_pipeline' retrieved from /opt/airflow/dags/feature_pipeline_dag.py
[2026-08-06T13:28:28.446+0000] {logging_mixin.py:188} INFO - [2026-08-06T13:28:28.444+0000] {dag.py:3089} INFO - Sync 1 DAGs
[2026-08-06T13:28:28.569+0000] {logging_mixin.py:188} INFO - [2026-08-06T13:28:28.568+0000] {dag.py:3947} INFO - Setting next_dagrun for feature_pipeline to 2026-08-06 13:00:00+00:00, run_after=2026-08-06 14:00:00+00:00
[2026-08-06T13:28:28.668+0000] {processor.py:183} INFO - Processing /opt/airflow/dags/feature_pipeline_dag.py took 8.223 seconds
[2026-08-06T13:29:00.112+0000] {processor.py:161} INFO - Started process (PID=783) to work on /opt/airflow/dags/feature_pipeline_dag.py
[2026-08-06T13:29:00.176+0000] {processor.py:830} INFO - Processing file /opt/airflow/dags/feature_pipeline_dag.py for tasks to queue
[2026-08-06T13:29:00.302+0000] {logging_mixin.py:188} INFO - [2026-08-06T13:29:00.300+0000] {dagbag.py:545} INFO - Filling up the DagBag from /opt/airflow/dags/feature_pipeline_dag.py
[2026-08-06T13:29:09.706+0000] {processor.py:840} INFO - DAG(s) 'feature_pipeline' retrieved from /opt/airflow/dags/feature_pipeline_dag.py
[2026-08-06T13:29:09.798+0000] {logging_mixin.py:188} INFO - [2026-08-06T13:29:09.796+0000] {dag.py:3089} INFO - Sync 1 DAGs
[2026-08-06T13:29:09.893+0000] {logging_mixin.py:188} INFO - [2026-08-06T13:29:09.892+0000] {dag.py:3947} INFO - Setting next_dagrun for feature_pipeline to 2026-08-06 13:00:00+00:00, run_after=2026-08-06 14:00:00+00:00
[2026-08-06T13:29:09.961+0000] {processor.py:183} INFO - Processing /opt/airflow/dags/feature_pipeline_dag.py took 12.820 seconds
[2026-08-06T13:29:40.556+0000] {processor.py:161} INFO - Started process (PID=795) to work on /opt/airflow/dags/feature_pipeline_dag.py
[2026-08-06T13:29:40.567+0000] {processor.py:830} INFO - Processing file /opt/airflow/dags/feature_pipeline_dag.py for tasks to queue
[2026-08-06T13:29:40.588+0000] {logging_mixin.py:188} INFO - [2026-08-06T13:29:40.583+0000] {dagbag.py:545} INFO - Filling up the DagBag from /opt/airflow/dags/feature_pipeline_dag.py
[2026-08-06T13:29:53.742+0000] {processor.py:840} INFO - DAG(s) 'feature_pipeline' retrieved from /opt/airflow/dags/feature_pipeline_dag.py
[2026-08-06T13:29:54.012+0000] {logging_mixin.py:188} INFO - [2026-08-06T13:29:54.010+0000] {dag.py:3089} INFO - Sync 1 DAGs
[2026-08-06T13:29:54.211+0000] {logging_mixin.py:188} INFO - [2026-08-06T13:29:54.210+0000] {dag.py:3947} INFO - Setting next_dagrun for feature_pipeline to 2026-08-06 13:00:00+00:00, run_after=2026-08-06 14:00:00+00:00
[2026-08-06T13:29:56.673+0000] {processor.py:183} INFO - Processing /opt/airflow/dags/feature_pipeline_dag.py took 16.169 seconds
[2026-08-06T13:30:29.050+0000] {processor.py:161} INFO - Started process (PID=807) to work on /opt/airflow/dags/feature_pipeline_dag.py
[2026-08-06T13:30:29.139+0000] {processor.py:830} INFO - Processing file /opt/airflow/dags/feature_pipeline_dag.py for tasks to queue
[2026-08-06T13:30:29.372+0000] {logging_mixin.py:188} INFO - [2026-08-06T13:30:29.300+0000] {dagbag.py:545} INFO - Filling up the DagBag from /opt/airflow/dags/feature_pipeline_dag.py
[2026-08-06T13:30:52.937+0000] {processor.py:840} INFO - DAG(s) 'feature_pipeline' retrieved from /opt/airflow/dags/feature_pipeline_dag.py
[2026-08-06T13:30:53.668+0000] {logging_mixin.py:188} INFO - [2026-08-06T13:30:53.667+0000] {dag.py:3089} INFO - Sync 1 DAGs
[2026-08-06T13:31:48.954+0000] {processor.py:161} INFO - Started process (PID=815) to work on /opt/airflow/dags/feature_pipeline_dag.py
[2026-08-06T13:31:48.995+0000] {processor.py:830} INFO - Processing file /opt/airflow/dags/feature_pipeline_dag.py for tasks to queue
[2026-08-06T13:31:49.050+0000] {logging_mixin.py:188} INFO - [2026-08-06T13:31:49.026+0000] {dagbag.py:545} INFO - Filling up the DagBag from /opt/airflow/dags/feature_pipeline_dag.py
[2026-08-06T13:31:55.358+0000] {processor.py:840} INFO - DAG(s) 'feature_pipeline' retrieved from /opt/airflow/dags/feature_pipeline_dag.py
[2026-08-06T13:31:56.529+0000] {logging_mixin.py:188} INFO - [2026-08-06T13:31:56.528+0000] {dag.py:3089} INFO - Sync 1 DAGs
[2026-08-06T13:31:56.708+0000] {logging_mixin.py:188} INFO - [2026-08-06T13:31:56.707+0000] {dag.py:3947} INFO - Setting next_dagrun for feature_pipeline to 2026-08-06 13:00:00+00:00, run_after=2026-08-06 14:00:00+00:00
[2026-08-06T13:31:56.782+0000] {processor.py:183} INFO - Processing /opt/airflow/dags/feature_pipeline_dag.py took 10.488 seconds
[2026-08-06T13:32:30.301+0000] {processor.py:161} INFO - Started process (PID=827) to work on /opt/airflow/dags/feature_pipeline_dag.py
[2026-08-06T13:32:30.375+0000] {processor.py:830} INFO - Processing file /opt/airflow/dags/feature_pipeline_dag.py for tasks to queue
[2026-08-06T13:32:30.412+0000] {logging_mixin.py:188} INFO - [2026-08-06T13:32:30.397+0000] {dagbag.py:545} INFO - Filling up the DagBag from /opt/airflow/dags/feature_pipeline_dag.py
[2026-08-06T13:32:33.607+0000] {processor.py:840} INFO - DAG(s) 'feature_pipeline' retrieved from /opt/airflow/dags/feature_pipeline_dag.py
[2026-08-06T13:32:33.690+0000] {logging_mixin.py:188} INFO - [2026-08-06T13:32:33.689+0000] {dag.py:3089} INFO - Sync 1 DAGs
[2026-08-06T13:32:33.779+0000] {logging_mixin.py:188} INFO - [2026-08-06T13:32:33.778+0000] {dag.py:3947} INFO - Setting next_dagrun for feature_pipeline to 2026-08-06 13:00:00+00:00, run_after=2026-08-06 14:00:00+00:00
[2026-08-06T13:32:33.837+0000] {processor.py:183} INFO - Processing /opt/airflow/dags/feature_pipeline_dag.py took 4.381 seconds
[2026-08-06T13:33:04.444+0000] {processor.py:161} INFO - Started process (PID=839) to work on /opt/airflow/dags/feature_pipeline_dag.py
[2026-08-06T13:33:04.448+0000] {processor.py:830} INFO - Processing file /opt/airflow/dags/feature_pipeline_dag.py for tasks to queue
[2026-08-06T13:33:04.451+0000] {logging_mixin.py:188} INFO - [2026-08-06T13:33:04.450+0000] {dagbag.py:545} INFO - Filling up the DagBag from /opt/airflow/dags/feature_pipeline_dag.py
[2026-08-06T13:33:06.092+0000] {processor.py:840} INFO - DAG(s) 'feature_pipeline' retrieved from /opt/airflow/dags/feature_pipeline_dag.py
[2026-08-06T13:33:06.169+0000] {logging_mixin.py:188} INFO - [2026-08-06T13:33:06.168+0000] {dag.py:3089} INFO - Sync 1 DAGs
[2026-08-06T13:33:06.804+0000] {logging_mixin.py:188} INFO - [2026-08-06T13:33:06.804+0000] {dag.py:3947} INFO - Setting next_dagrun for feature_pipeline to 2026-08-06 13:00:00+00:00, run_after=2026-08-06 14:00:00+00:00
[2026-08-06T13:33:06.849+0000] {processor.py:183} INFO - Processing /opt/airflow/dags/feature_pipeline_dag.py took 2.424 seconds
[2026-08-06T13:33:37.761+0000] {processor.py:161} INFO - Started process (PID=851) to work on /opt/airflow/dags/feature_pipeline_dag.py
[2026-08-06T13:33:37.766+0000] {processor.py:830} INFO - Processing file /opt/airflow/dags/feature_pipeline_dag.py for tasks to queue
[2026-08-06T13:33:37.770+0000] {logging_mixin.py:188} INFO - [2026-08-06T13:33:37.769+0000] {dagbag.py:545} INFO - Filling up the DagBag from /opt/airflow/dags/feature_pipeline_dag.py
[2026-08-06T13:33:39.626+0000] {processor.py:840} INFO - DAG(s) 'feature_pipeline' retrieved from /opt/airflow/dags/feature_pipeline_dag.py
[2026-08-06T13:33:39.725+0000] {logging_mixin.py:188} INFO - [2026-08-06T13:33:39.721+0000] {dag.py:3089} INFO - Sync 1 DAGs
[2026-08-06T13:33:40.292+0000] {logging_mixin.py:188} INFO - [2026-08-06T13:33:40.292+0000] {dag.py:3947} INFO - Setting next_dagrun for feature_pipeline to 2026-08-06 13:00:00+00:00, run_after=2026-08-06 14:00:00+00:00
[2026-08-06T13:33:40.340+0000] {processor.py:183} INFO - Processing /opt/airflow/dags/feature_pipeline_dag.py took 2.613 seconds
[2026-08-06T13:34:10.978+0000] {processor.py:161} INFO - Started process (PID=863) to work on /opt/airflow/dags/feature_pipeline_dag.py
[2026-08-06T13:34:10.982+0000] {processor.py:830} INFO - Processing file /opt/airflow/dags/feature_pipeline_dag.py for tasks to queue
[2026-08-06T13:34:10.986+0000] {logging_mixin.py:188} INFO - [2026-08-06T13:34:10.984+0000] {dagbag.py:545} INFO - Filling up the DagBag from /opt/airflow/dags/feature_pipeline_dag.py
[2026-08-06T13:34:12.807+0000] {processor.py:840} INFO - DAG(s) 'feature_pipeline' retrieved from /opt/airflow/dags/feature_pipeline_dag.py
[2026-08-06T13:34:13.292+0000] {logging_mixin.py:188} INFO - [2026-08-06T13:34:13.291+0000] {dag.py:3089} INFO - Sync 1 DAGs
[2026-08-06T13:34:13.335+0000] {logging_mixin.py:188} INFO - [2026-08-06T13:34:13.335+0000] {dag.py:3947} INFO - Setting next_dagrun for feature_pipeline to 2026-08-06 13:00:00+00:00, run_after=2026-08-06 14:00:00+00:00
[2026-08-06T13:34:13.379+0000] {processor.py:183} INFO - Processing /opt/airflow/dags/feature_pipeline_dag.py took 2.430 seconds
[2026-08-06T13:34:44.355+0000] {processor.py:161} INFO - Started process (PID=875) to work on /opt/airflow/dags/feature_pipeline_dag.py
[2026-08-06T13:34:44.358+0000] {processor.py:830} INFO - Processing file /opt/airflow/dags/feature_pipeline_dag.py for tasks to queue
[2026-08-06T13:34:44.361+0000] {logging_mixin.py:188} INFO - [2026-08-06T13:34:44.360+0000] {dagbag.py:545} INFO - Filling up the DagBag from /opt/airflow/dags/feature_pipeline_dag.py
[2026-08-06T13:34:44.266+0000] {processor.py:840} INFO - DAG(s) 'feature_pipeline' retrieved from /opt/airflow/dags/feature_pipeline_dag.py
[2026-08-06T13:34:44.319+0000] {logging_mixin.py:188} INFO - [2026-08-06T13:34:44.318+0000] {dag.py:3089} INFO - Sync 1 DAGs
[2026-08-06T13:34:44.365+0000] {logging_mixin.py:188} INFO - [2026-08-06T13:34:44.364+0000] {dag.py:3947} INFO - Setting next_dagrun for feature_pipeline to 2026-08-06 13:00:00+00:00, run_after=2026-08-06 14:00:00+00:00
[2026-08-06T13:34:44.405+0000] {processor.py:183} INFO - Processing /opt/airflow/dags/feature_pipeline_dag.py took 2.327 seconds
[2026-08-06T13:35:14.644+0000] {processor.py:161} INFO - Started process (PID=887) to work on /opt/airflow/dags/feature_pipeline_dag.py
[2026-08-06T13:35:14.648+0000] {processor.py:830} INFO - Processing file /opt/airflow/dags/feature_pipeline_dag.py for tasks to queue
[2026-08-06T13:35:14.651+0000] {logging_mixin.py:188} INFO - [2026-08-06T13:35:14.650+0000] {dagbag.py:545} INFO - Filling up the DagBag from /opt/airflow/dags/feature_pipeline_dag.py
[2026-08-06T13:35:16.379+0000] {processor.py:840} INFO - DAG(s) 'feature_pipeline' retrieved from /opt/airflow/dags/feature_pipeline_dag.py
[2026-08-06T13:35:16.468+0000] {logging_mixin.py:188} INFO - [2026-08-06T13:35:16.467+0000] {dag.py:3089} INFO - Sync 1 DAGs
[2026-08-06T13:35:16.513+0000] {logging_mixin.py:188} INFO - [2026-08-06T13:35:16.513+0000] {dag.py:3947} INFO - Setting next_dagrun for feature_pipeline to 2026-08-06 13:00:00+00:00, run_after=2026-08-06 14:00:00+00:00
[2026-08-06T13:35:16.556+0000] {processor.py:183} INFO - Processing /opt/airflow/dags/feature_pipeline_dag.py took 1.939 seconds
[2026-08-06T13:36:39.103+0000] {processor.py:161} INFO - Started process (PID=169) to work on /opt/airflow/dags/feature_pipeline_dag.py
[2026-08-06T13:36:39.147+0000] {processor.py:830} INFO - Processing file /opt/airflow/dags/feature_pipeline_dag.py for tasks to queue
[2026-08-06T13:36:39.165+0000] {logging_mixin.py:188} INFO - [2026-08-06T13:36:39.165+0000] {dagbag.py:545} INFO - Filling up the DagBag from /opt/airflow/dags/feature_pipeline_dag.py
[2026-08-06T13:37:07.492+0000] {logging_mixin.py:188} INFO - [2026-08-06T13:37:07.477+0000] {timeout.py:68} ERROR - Process timed out, PID: 169
[2026-08-06T13:37:39.025+0000] {processor.py:161} INFO - Started process (PID=181) to work on /opt/airflow/dags/feature_pipeline_dag.py
[2026-08-06T13:37:39.029+0000] {processor.py:830} INFO - Processing file /opt/airflow/dags/feature_pipeline_dag.py for tasks to queue
[2026-08-06T13:37:39.057+0000] {logging_mixin.py:188} INFO - [2026-08-06T13:37:39.039+0000] {dagbag.py:545} INFO - Filling up the DagBag from /opt/airflow/dags/feature_pipeline_dag.py
[2026-08-06T13:37:50.174+0000] {processor.py:840} INFO - DAG(s) 'feature_pipeline' retrieved from /opt/airflow/dags/feature_pipeline_dag.py
[2026-08-06T13:37:51.907+0000] {logging_mixin.py:188} INFO - [2026-08-06T13:37:51.906+0000] {dag.py:3089} INFO - Sync 1 DAGs
[2026-08-06T13:37:51.969+0000] {logging_mixin.py:188} INFO - [2026-08-06T13:37:51.968+0000] {dag.py:3947} INFO - Setting next_dagrun for feature_pipeline to 2026-08-06 13:00:00+00:00, run_after=2026-08-06 14:00:00+00:00
[2026-08-06T13:37:52.032+0000] {processor.py:183} INFO - Processing /opt/airflow/dags/feature_pipeline_dag.py took 13.412 seconds
[2026-08-06T13:38:23.260+0000] {processor.py:161} INFO - Started process (PID=193) to work on /opt/airflow/dags/feature_pipeline_dag.py
[2026-08-06T13:38:23.263+0000] {processor.py:830} INFO - Processing file /opt/airflow/dags/feature_pipeline_dag.py for tasks to queue
[2026-08-06T13:38:23.272+0000] {logging_mixin.py:188} INFO - [2026-08-06T13:38:23.270+0000] {dagbag.py:545} INFO - Filling up the DagBag from /opt/airflow/dags/feature_pipeline_dag.py
[2026-08-06T13:38:31.541+0000] {processor.py:840} INFO - DAG(s) 'feature_pipeline' retrieved from /opt/airflow/dags/feature_pipeline_dag.py
[2026-08-06T13:38:31.785+0000] {logging_mixin.py:188} INFO - [2026-08-06T13:38:31.783+0000] {dag.py:3089} INFO - Sync 1 DAGs
[2026-08-06T13:38:31.948+0000] {logging_mixin.py:188} INFO - [2026-08-06T13:38:31.948+0000] {dag.py:3947} INFO - Setting next_dagrun for feature_pipeline to 2026-08-06 13:00:00+00:00, run_after=2026-08-06 14:00:00+00:00
[2026-08-06T13:38:32.006+0000] {processor.py:183} INFO - Processing /opt/airflow/dags/feature_pipeline_dag.py took 11.075 seconds
[2026-08-06T13:39:02.540+0000] {processor.py:161} INFO - Started process (PID=205) to work on /opt/airflow/dags/feature_pipeline_dag.py
[2026-08-06T13:39:02.543+0000] {processor.py:830} INFO - Processing file /opt/airflow/dags/feature_pipeline_dag.py for tasks to queue
[2026-08-06T13:39:02.554+0000] {logging_mixin.py:188} INFO - [2026-08-06T13:39:02.553+0000] {dagbag.py:545} INFO - Filling up the DagBag from /opt/airflow/dags/feature_pipeline_dag.py
[2026-08-06T13:39:06.958+0000] {processor.py:840} INFO - DAG(s) 'feature_pipeline' retrieved from /opt/airflow/dags/feature_pipeline_dag.py
[2026-08-06T13:39:07.063+0000] {logging_mixin.py:188} INFO - [2026-08-06T13:39:07.062+0000] {dag.py:3089} INFO - Sync 1 DAGs
[2026-08-06T13:39:07.144+0000] {logging_mixin.py:188} INFO - [2026-08-06T13:39:07.143+0000] {dag.py:3947} INFO - Setting next_dagrun for feature_pipeline to 2026-08-06 13:00:00+00:00, run_after=2026-08-06 14:00:00+00:00
[2026-08-06T13:39:07.429+0000] {processor.py:183} INFO - Processing /opt/airflow/dags/feature_pipeline_dag.py took 4.909 seconds
[2026-08-06T13:39:37.693+0000] {processor.py:161} INFO - Started process (PID=217) to work on /opt/airflow/dags/feature_pipeline_dag.py
[2026-08-06T13:39:37.695+0000] {processor.py:830} INFO - Processing file /opt/airflow/dags/feature_pipeline_dag.py for tasks to queue
[2026-08-06T13:39:37.700+0000] {logging_mixin.py:188} INFO - [2026-08-06T13:39:37.699+0000] {dagbag.py:545} INFO - Filling up the DagBag from /opt/airflow/dags/feature_pipeline_dag.py
[2026-08-06T13:39:39.635+0000] {processor.py:840} INFO - DAG(s) 'feature_pipeline' retrieved from /opt/airflow/dags/feature_pipeline_dag.py
[2026-08-06T13:39:39.725+0000] {logging_mixin.py:188} INFO - [2026-08-06T13:39:39.724+0000] {dag.py:3089} INFO - Sync 1 DAGs
[2026-08-06T13:39:40.396+0000] {logging_mixin.py:188} INFO - [2026-08-06T13:39:40.395+0000] {dag.py:3947} INFO - Setting next_dagrun for feature_pipeline to 2026-08-06 13:00:00+00:00, run_after=2026-08-06 14:00:00+00:00
[2026-08-06T13:39:40.439+0000] {processor.py:183} INFO - Processing /opt/airflow/dags/feature_pipeline_dag.py took 2.767 seconds
[2026-08-06T13:40:10.841+0000] {processor.py:161} INFO - Started process (PID=229) to work on /opt/airflow/dags/feature_pipeline_dag.py
[2026-08-06T13:40:10.844+0000] {processor.py:830} INFO - Processing file /opt/airflow/dags/feature_pipeline_dag.py for tasks to queue
[2026-08-06T13:40:10.850+0000] {logging_mixin.py:188} INFO - [2026-08-06T13:40:10.849+0000] {dagbag.py:545} INFO - Filling up the DagBag from /opt/airflow/dags/feature_pipeline_dag.py
[2026-08-06T13:40:12.487+0000] {processor.py:840} INFO - DAG(s) 'feature_pipeline' retrieved from /opt/airflow/dags/feature_pipeline_dag.py
[2026-08-06T13:40:14.089+0000] {logging_mixin.py:188} INFO - [2026-08-06T13:40:14.088+0000] {dag.py:3089} INFO - Sync 1 DAGs
[2026-08-06T13:40:14.128+0000] {logging_mixin.py:188} INFO - [2026-08-06T13:40:14.127+0000] {dag.py:3947} INFO - Setting next_dagrun for feature_pipeline to 2026-08-06 13:00:00+00:00, run_after=2026-08-06 14:00:00+00:00
[2026-08-06T13:40:14.166+0000] {processor.py:183} INFO - Processing /opt/airflow/dags/feature_pipeline_dag.py took 3.349 seconds
[2026-08-06T13:40:44.403+0000] {processor.py:161} INFO - Started process (PID=241) to work on /opt/airflow/dags/feature_pipeline_dag.py
[2026-08-06T13:40:44.406+0000] {processor.py:830} INFO - Processing file /opt/airflow/dags/feature_pipeline_dag.py for tasks to queue
[2026-08-06T13:40:44.412+0000] {logging_mixin.py:188} INFO - [2026-08-06T13:40:44.410+0000] {dagbag.py:545} INFO - Filling up the DagBag from /opt/airflow/dags/feature_pipeline_dag.py
[2026-08-06T13:40:43.751+0000] {processor.py:840} INFO - DAG(s) 'feature_pipeline' retrieved from /opt/airflow/dags/feature_pipeline_dag.py
[2026-08-06T13:40:44.465+0000] {logging_mixin.py:188} INFO - [2026-08-06T13:40:44.464+0000] {dag.py:3089} INFO - Sync 1 DAGs
[2026-08-06T13:40:44.632+0000] {logging_mixin.py:188} INFO - [2026-08-06T13:40:44.631+0000] {dag.py:3947} INFO - Setting next_dagrun for feature_pipeline to 2026-08-06 13:00:00+00:00, run_after=2026-08-06 14:00:00+00:00
[2026-08-06T13:40:44.754+0000] {processor.py:183} INFO - Processing /opt/airflow/dags/feature_pipeline_dag.py took 2.813 seconds
[2026-08-06T13:41:15.238+0000] {processor.py:161} INFO - Started process (PID=253) to work on /opt/airflow/dags/feature_pipeline_dag.py
[2026-08-06T13:41:15.252+0000] {processor.py:830} INFO - Processing file /opt/airflow/dags/feature_pipeline_dag.py for tasks to queue
[2026-08-06T13:41:15.260+0000] {logging_mixin.py:188} INFO - [2026-08-06T13:41:15.259+0000] {dagbag.py:545} INFO - Filling up the DagBag from /opt/airflow/dags/feature_pipeline_dag.py
[2026-08-06T13:41:16.818+0000] {processor.py:840} INFO - DAG(s) 'feature_pipeline' retrieved from /opt/airflow/dags/feature_pipeline_dag.py
[2026-08-06T13:41:16.889+0000] {logging_mixin.py:188} INFO - [2026-08-06T13:41:16.888+0000] {dag.py:3089} INFO - Sync 1 DAGs
[2026-08-06T13:41:16.942+0000] {logging_mixin.py:188} INFO - [2026-08-06T13:41:16.941+0000] {dag.py:3947} INFO - Setting next_dagrun for feature_pipeline to 2026-08-06 13:00:00+00:00, run_after=2026-08-06 14:00:00+00:00
[2026-08-06T13:41:16.987+0000] {processor.py:183} INFO - Processing /opt/airflow/dags/feature_pipeline_dag.py took 1.789 seconds
[2026-08-06T13:41:47.614+0000] {processor.py:161} INFO - Started process (PID=265) to work on /opt/airflow/dags/feature_pipeline_dag.py
[2026-08-06T13:41:47.617+0000] {processor.py:830} INFO - Processing file /opt/airflow/dags/feature_pipeline_dag.py for tasks to queue
[2026-08-06T13:41:47.624+0000] {logging_mixin.py:188} INFO - [2026-08-06T13:41:47.623+0000] {dagbag.py:545} INFO - Filling up the DagBag from /opt/airflow/dags/feature_pipeline_dag.py
[2026-08-06T13:41:49.285+0000] {processor.py:840} INFO - DAG(s) 'feature_pipeline' retrieved from /opt/airflow/dags/feature_pipeline_dag.py
[2026-08-06T13:41:49.359+0000] {logging_mixin.py:188} INFO - [2026-08-06T13:41:49.357+0000] {dag.py:3089} INFO - Sync 1 DAGs
[2026-08-06T13:41:50.169+0000] {logging_mixin.py:188} INFO - [2026-08-06T13:41:50.169+0000] {dag.py:3947} INFO - Setting next_dagrun for feature_pipeline to 2026-08-06 13:00:00+00:00, run_after=2026-08-06 14:00:00+00:00
[2026-08-06T13:41:50.209+0000] {processor.py:183} INFO - Processing /opt/airflow/dags/feature_pipeline_dag.py took 2.626 seconds
[2026-08-06T13:42:21.004+0000] {processor.py:161} INFO - Started process (PID=280) to work on /opt/airflow/dags/feature_pipeline_dag.py
[2026-08-06T13:42:21.008+0000] {processor.py:830} INFO - Processing file /opt/airflow/dags/feature_pipeline_dag.py for tasks to queue
[2026-08-06T13:42:21.013+0000] {logging_mixin.py:188} INFO - [2026-08-06T13:42:21.012+0000] {dagbag.py:545} INFO - Filling up the DagBag from /opt/airflow/dags/feature_pipeline_dag.py
[2026-08-06T13:42:23.001+0000] {processor.py:840} INFO - DAG(s) 'feature_pipeline' retrieved from /opt/airflow/dags/feature_pipeline_dag.py
[2026-08-06T13:42:23.121+0000] {logging_mixin.py:188} INFO - [2026-08-06T13:42:23.120+0000] {dag.py:3089} INFO - Sync 1 DAGs
[2026-08-06T13:42:23.490+0000] {logging_mixin.py:188} INFO - [2026-08-06T13:42:23.489+0000] {dag.py:3947} INFO - Setting next_dagrun for feature_pipeline to 2026-08-06 13:00:00+00:00, run_after=2026-08-06 14:00:00+00:00
[2026-08-06T13:42:23.547+0000] {processor.py:183} INFO - Processing /opt/airflow/dags/feature_pipeline_dag.py took 2.565 seconds
[2026-08-06T13:42:54.052+0000] {processor.py:161} INFO - Started process (PID=292) to work on /opt/airflow/dags/feature_pipeline_dag.py
[2026-08-06T13:42:54.055+0000] {processor.py:830} INFO - Processing file /opt/airflow/dags/feature_pipeline_dag.py for tasks to queue
[2026-08-06T13:42:54.060+0000] {logging_mixin.py:188} INFO - [2026-08-06T13:42:54.059+0000] {dagbag.py:545} INFO - Filling up the DagBag from /opt/airflow/dags/feature_pipeline_dag.py
[2026-08-06T13:42:55.605+0000] {processor.py:840} INFO - DAG(s) 'feature_pipeline' retrieved from /opt/airflow/dags/feature_pipeline_dag.py
[2026-08-06T13:42:55.999+0000] {logging_mixin.py:188} INFO - [2026-08-06T13:42:55.662+0000] {dag.py:3089} INFO - Sync 1 DAGs
[2026-08-06T13:42:56.039+0000] {logging_mixin.py:188} INFO - [2026-08-06T13:42:56.039+0000] {dag.py:3947} INFO - Setting next_dagrun for feature_pipeline to 2026-08-06 13:00:00+00:00, run_after=2026-08-06 14:00:00+00:00
[2026-08-06T13:42:56.073+0000] {processor.py:183} INFO - Processing /opt/airflow/dags/feature_pipeline_dag.py took 2.043 seconds
[2026-08-06T13:43:26.801+0000] {processor.py:161} INFO - Started process (PID=304) to work on /opt/airflow/dags/feature_pipeline_dag.py
[2026-08-06T13:43:26.805+0000] {processor.py:830} INFO - Processing file /opt/airflow/dags/feature_pipeline_dag.py for tasks to queue
[2026-08-06T13:43:26.814+0000] {logging_mixin.py:188} INFO - [2026-08-06T13:43:26.812+0000] {dagbag.py:545} INFO - Filling up the DagBag from /opt/airflow/dags/feature_pipeline_dag.py
[2026-08-06T13:43:28.578+0000] {processor.py:840} INFO - DAG(s) 'feature_pipeline' retrieved from /opt/airflow/dags/feature_pipeline_dag.py
[2026-08-06T13:43:28.938+0000] {logging_mixin.py:188} INFO - [2026-08-06T13:43:28.937+0000] {dag.py:3089} INFO - Sync 1 DAGs
[2026-08-06T13:43:28.975+0000] {logging_mixin.py:188} INFO - [2026-08-06T13:43:28.974+0000] {dag.py:3947} INFO - Setting next_dagrun for feature_pipeline to 2026-08-06 13:00:00+00:00, run_after=2026-08-06 14:00:00+00:00
[2026-08-06T13:43:29.010+0000] {processor.py:183} INFO - Processing /opt/airflow/dags/feature_pipeline_dag.py took 2.242 seconds
[2026-08-06T13:43:59.411+0000] {processor.py:161} INFO - Started process (PID=317) to work on /opt/airflow/dags/feature_pipeline_dag.py
[2026-08-06T13:43:59.413+0000] {processor.py:830} INFO - Processing file /opt/airflow/dags/feature_pipeline_dag.py for tasks to queue
[2026-08-06T13:43:59.420+0000] {logging_mixin.py:188} INFO - [2026-08-06T13:43:59.419+0000] {dagbag.py:545} INFO - Filling up the DagBag from /opt/airflow/dags/feature_pipeline_dag.py
[2026-08-06T13:44:01.208+0000] {processor.py:840} INFO - DAG(s) 'feature_pipeline' retrieved from /opt/airflow/dags/feature_pipeline_dag.py
[2026-08-06T13:44:01.253+0000] {logging_mixin.py:188} INFO - [2026-08-06T13:44:01.252+0000] {dag.py:3089} INFO - Sync 1 DAGs
[2026-08-06T13:44:01.287+0000] {logging_mixin.py:188} INFO - [2026-08-06T13:44:01.286+0000] {dag.py:3947} INFO - Setting next_dagrun for feature_pipeline to 2026-08-06 13:00:00+00:00, run_after=2026-08-06 14:00:00+00:00
[2026-08-06T13:44:01.318+0000] {processor.py:183} INFO - Processing /opt/airflow/dags/feature_pipeline_dag.py took 1.924 seconds
[2026-08-06T13:44:31.561+0000] {processor.py:161} INFO - Started process (PID=328) to work on /opt/airflow/dags/feature_pipeline_dag.py
[2026-08-06T13:44:31.563+0000] {processor.py:830} INFO - Processing file /opt/airflow/dags/feature_pipeline_dag.py for tasks to queue
[2026-08-06T13:44:31.568+0000] {logging_mixin.py:188} INFO - [2026-08-06T13:44:31.567+0000] {dagbag.py:545} INFO - Filling up the DagBag from /opt/airflow/dags/feature_pipeline_dag.py
[2026-08-06T13:44:32.063+0000] {processor.py:840} INFO - DAG(s) 'feature_pipeline' retrieved from /opt/airflow/dags/feature_pipeline_dag.py
[2026-08-06T13:44:32.124+0000] {logging_mixin.py:188} INFO - [2026-08-06T13:44:32.123+0000] {dag.py:3089} INFO - Sync 1 DAGs
[2026-08-06T13:44:32.173+0000] {logging_mixin.py:188} INFO - [2026-08-06T13:44:32.172+0000] {dag.py:3947} INFO - Setting next_dagrun for feature_pipeline to 2026-08-06 13:00:00+00:00, run_after=2026-08-06 14:00:00+00:00
[2026-08-06T13:44:32.212+0000] {processor.py:183} INFO - Processing /opt/airflow/dags/feature_pipeline_dag.py took 1.566 seconds
[2026-08-06T13:45:03.217+0000] {processor.py:161} INFO - Started process (PID=337) to work on /opt/airflow/dags/feature_pipeline_dag.py
[2026-08-06T13:45:03.221+0000] {processor.py:830} INFO - Processing file /opt/airflow/dags/feature_pipeline_dag.py for tasks to queue
[2026-08-06T13:45:03.226+0000] {logging_mixin.py:188} INFO - [2026-08-06T13:45:03.225+0000] {dagbag.py:545} INFO - Filling up the DagBag from /opt/airflow/dags/feature_pipeline_dag.py
[2026-08-06T13:45:04.648+0000] {processor.py:840} INFO - DAG(s) 'feature_pipeline' retrieved from /opt/airflow/dags/feature_pipeline_dag.py
[2026-08-06T13:45:04.710+0000] {logging_mixin.py:188} INFO - [2026-08-06T13:45:04.709+0000] {dag.py:3089} INFO - Sync 1 DAGs
[2026-08-06T13:45:05.243+0000] {logging_mixin.py:188} INFO - [2026-08-06T13:45:05.242+0000] {dag.py:3947} INFO - Setting next_dagrun for feature_pipeline to 2026-08-06 13:00:00+00:00, run_after=2026-08-06 14:00:00+00:00
[2026-08-06T13:45:05.305+0000] {processor.py:183} INFO - Processing /opt/airflow/dags/feature_pipeline_dag.py took 2.111 seconds
[2026-08-06T13:45:36.253+0000] {processor.py:161} INFO - Started process (PID=349) to work on /opt/airflow/dags/feature_pipeline_dag.py
[2026-08-06T13:45:36.255+0000] {processor.py:830} INFO - Processing file /opt/airflow/dags/feature_pipeline_dag.py for tasks to queue
[2026-08-06T13:45:36.260+0000] {logging_mixin.py:188} INFO - [2026-08-06T13:45:36.259+0000] {dagbag.py:545} INFO - Filling up the DagBag from /opt/airflow/dags/feature_pipeline_dag.py
[2026-08-06T13:45:37.652+0000] {processor.py:840} INFO - DAG(s) 'feature_pipeline' retrieved from /opt/airflow/dags/feature_pipeline_dag.py
[2026-08-06T13:45:37.715+0000] {logging_mixin.py:188} INFO - [2026-08-06T13:45:37.712+0000] {dag.py:3089} INFO - Sync 1 DAGs
[2026-08-06T13:45:38.226+0000] {logging_mixin.py:188} INFO - [2026-08-06T13:45:38.226+0000] {dag.py:3947} INFO - Setting next_dagrun for feature_pipeline to 2026-08-06 13:00:00+00:00, run_after=2026-08-06 14:00:00+00:00
[2026-08-06T13:45:38.266+0000] {processor.py:183} INFO - Processing /opt/airflow/dags/feature_pipeline_dag.py took 2.035 seconds
[2026-08-06T13:46:09.144+0000] {processor.py:161} INFO - Started process (PID=361) to work on /opt/airflow/dags/feature_pipeline_dag.py
[2026-08-06T13:46:09.146+0000] {processor.py:830} INFO - Processing file /opt/airflow/dags/feature_pipeline_dag.py for tasks to queue
[2026-08-06T13:46:09.153+0000] {logging_mixin.py:188} INFO - [2026-08-06T13:46:09.153+0000] {dagbag.py:545} INFO - Filling up the DagBag from /opt/airflow/dags/feature_pipeline_dag.py
[2026-08-06T13:46:10.610+0000] {processor.py:840} INFO - DAG(s) 'feature_pipeline' retrieved from /opt/airflow/dags/feature_pipeline_dag.py
[2026-08-06T13:46:11.003+0000] {logging_mixin.py:188} INFO - [2026-08-06T13:46:11.002+0000] {dag.py:3089} INFO - Sync 1 DAGs
[2026-08-06T13:46:11.052+0000] {logging_mixin.py:188} INFO - [2026-08-06T13:46:11.052+0000] {dag.py:3947} INFO - Setting next_dagrun for feature_pipeline to 2026-08-06 13:00:00+00:00, run_after=2026-08-06 14:00:00+00:00
[2026-08-06T13:46:11.089+0000] {processor.py:183} INFO - Processing /opt/airflow/dags/feature_pipeline_dag.py took 1.964 seconds
[2026-08-06T13:46:42.169+0000] {processor.py:161} INFO - Started process (PID=373) to work on /opt/airflow/dags/feature_pipeline_dag.py
[2026-08-06T13:46:42.172+0000] {processor.py:830} INFO - Processing file /opt/airflow/dags/feature_pipeline_dag.py for tasks to queue
[2026-08-06T13:46:42.177+0000] {logging_mixin.py:188} INFO - [2026-08-06T13:46:42.176+0000] {dagbag.py:545} INFO - Filling up the DagBag from /opt/airflow/dags/feature_pipeline_dag.py
[2026-08-06T13:46:43.533+0000] {processor.py:840} INFO - DAG(s) 'feature_pipeline' retrieved from /opt/airflow/dags/feature_pipeline_dag.py
[2026-08-06T13:46:43.944+0000] {logging_mixin.py:188} INFO - [2026-08-06T13:46:43.943+0000] {dag.py:3089} INFO - Sync 1 DAGs
[2026-08-06T13:46:43.992+0000] {logging_mixin.py:188} INFO - [2026-08-06T13:46:43.991+0000] {dag.py:3947} INFO - Setting next_dagrun for feature_pipeline to 2026-08-06 13:00:00+00:00, run_after=2026-08-06 14:00:00+00:00
[2026-08-06T13:46:44.026+0000] {processor.py:183} INFO - Processing /opt/airflow/dags/feature_pipeline_dag.py took 1.876 seconds
[2026-08-06T13:47:14.845+0000] {processor.py:161} INFO - Started process (PID=385) to work on /opt/airflow/dags/feature_pipeline_dag.py
[2026-08-06T13:47:14.848+0000] {processor.py:830} INFO - Processing file /opt/airflow/dags/feature_pipeline_dag.py for tasks to queue
[2026-08-06T13:47:14.853+0000] {logging_mixin.py:188} INFO - [2026-08-06T13:47:14.853+0000] {dagbag.py:545} INFO - Filling up the DagBag from /opt/airflow/dags/feature_pipeline_dag.py
[2026-08-06T13:47:16.368+0000] {processor.py:840} INFO - DAG(s) 'feature_pipeline' retrieved from /opt/airflow/dags/feature_pipeline_dag.py
[2026-08-06T13:47:16.434+0000] {logging_mixin.py:188} INFO - [2026-08-06T13:47:16.433+0000] {dag.py:3089} INFO - Sync 1 DAGs
[2026-08-06T13:47:16.484+0000] {logging_mixin.py:188} INFO - [2026-08-06T13:47:16.484+0000] {dag.py:3947} INFO - Setting next_dagrun for feature_pipeline to 2026-08-06 13:00:00+00:00, run_after=2026-08-06 14:00:00+00:00
[2026-08-06T13:47:16.531+0000] {processor.py:183} INFO - Processing /opt/airflow/dags/feature_pipeline_dag.py took 1.710 seconds
[2026-08-06T15:13:24.864+0000] {processor.py:161} INFO - Started process (PID=397) to work on /opt/airflow/dags/feature_pipeline_dag.py
[2026-08-06T15:13:24.867+0000] {processor.py:830} INFO - Processing file /opt/airflow/dags/feature_pipeline_dag.py for tasks to queue
[2026-08-06T15:13:24.872+0000] {logging_mixin.py:188} INFO - [2026-08-06T15:13:24.871+0000] {dagbag.py:545} INFO - Filling up the DagBag from /opt/airflow/dags/feature_pipeline_dag.py
[2026-08-06T15:13:27.967+0000] {processor.py:840} INFO - DAG(s) 'feature_pipeline' retrieved from /opt/airflow/dags/feature_pipeline_dag.py
[2026-08-06T15:13:28.057+0000] {logging_mixin.py:188} INFO - [2026-08-06T15:13:28.056+0000] {dag.py:3089} INFO - Sync 1 DAGs
[2026-08-06T15:13:36.013+0000] {logging_mixin.py:188} INFO - [2026-08-06T15:13:36.012+0000] {dag.py:3947} INFO - Setting next_dagrun for feature_pipeline to 2026-08-06 14:00:00+00:00, run_after=2026-08-06 15:00:00+00:00
[2026-08-06T15:13:36.083+0000] {processor.py:183} INFO - Processing /opt/airflow/dags/feature_pipeline_dag.py took 11.540 seconds
[2026-08-06T15:14:06.677+0000] {processor.py:161} INFO - Started process (PID=418) to work on /opt/airflow/dags/feature_pipeline_dag.py
[2026-08-06T15:14:06.811+0000] {processor.py:830} INFO - Processing file /opt/airflow/dags/feature_pipeline_dag.py for tasks to queue
[2026-08-06T15:14:07.085+0000] {logging_mixin.py:188} INFO - [2026-08-06T15:14:07.084+0000] {dagbag.py:545} INFO - Filling up the DagBag from /opt/airflow/dags/feature_pipeline_dag.py
[2026-08-06T15:14:19.069+0000] {processor.py:840} INFO - DAG(s) 'feature_pipeline' retrieved from /opt/airflow/dags/feature_pipeline_dag.py
[2026-08-06T15:14:19.117+0000] {logging_mixin.py:188} INFO - [2026-08-06T15:14:19.116+0000] {dag.py:3089} INFO - Sync 1 DAGs
[2026-08-06T15:14:19.421+0000] {logging_mixin.py:188} INFO - [2026-08-06T15:14:19.421+0000] {dag.py:3947} INFO - Setting next_dagrun for feature_pipeline to 2026-08-06 15:00:00+00:00, run_after=2026-08-06 16:00:00+00:00
[2026-08-06T15:14:19.452+0000] {processor.py:183} INFO - Processing /opt/airflow/dags/feature_pipeline_dag.py took 12.876 seconds
[2026-08-06T15:14:50.156+0000] {processor.py:161} INFO - Started process (PID=467) to work on /opt/airflow/dags/feature_pipeline_dag.py
[2026-08-06T15:14:50.266+0000] {processor.py:830} INFO - Processing file /opt/airflow/dags/feature_pipeline_dag.py for tasks to queue
[2026-08-06T15:14:50.508+0000] {logging_mixin.py:188} INFO - [2026-08-06T15:14:50.357+0000] {dagbag.py:545} INFO - Filling up the DagBag from /opt/airflow/dags/feature_pipeline_dag.py
[2026-08-06T15:14:56.711+0000] {processor.py:840} INFO - DAG(s) 'feature_pipeline' retrieved from /opt/airflow/dags/feature_pipeline_dag.py
[2026-08-06T15:14:56.777+0000] {logging_mixin.py:188} INFO - [2026-08-06T15:14:56.774+0000] {dag.py:3089} INFO - Sync 1 DAGs
[2026-08-06T15:14:56.515+0000] {logging_mixin.py:188} INFO - [2026-08-06T15:14:56.514+0000] {dag.py:3947} INFO - Setting next_dagrun for feature_pipeline to 2026-08-06 15:00:00+00:00, run_after=2026-08-06 16:00:00+00:00
[2026-08-06T15:14:56.639+0000] {processor.py:183} INFO - Processing /opt/airflow/dags/feature_pipeline_dag.py took 7.676 seconds
[2026-08-06T15:15:27.565+0000] {processor.py:161} INFO - Started process (PID=531) to work on /opt/airflow/dags/feature_pipeline_dag.py
[2026-08-06T15:15:27.569+0000] {processor.py:830} INFO - Processing file /opt/airflow/dags/feature_pipeline_dag.py for tasks to queue
[2026-08-06T15:15:27.574+0000] {logging_mixin.py:188} INFO - [2026-08-06T15:15:27.573+0000] {dagbag.py:545} INFO - Filling up the DagBag from /opt/airflow/dags/feature_pipeline_dag.py
[2026-08-06T15:15:29.880+0000] {processor.py:840} INFO - DAG(s) 'feature_pipeline' retrieved from /opt/airflow/dags/feature_pipeline_dag.py
[2026-08-06T15:15:30.254+0000] {logging_mixin.py:188} INFO - [2026-08-06T15:15:30.253+0000] {dag.py:3089} INFO - Sync 1 DAGs
[2026-08-06T15:15:30.302+0000] {logging_mixin.py:188} INFO - [2026-08-06T15:15:30.301+0000] {dag.py:3947} INFO - Setting next_dagrun for feature_pipeline to 2026-08-06 15:00:00+00:00, run_after=2026-08-06 16:00:00+00:00
[2026-08-06T15:15:30.339+0000] {processor.py:183} INFO - Processing /opt/airflow/dags/feature_pipeline_dag.py took 2.795 seconds
[2026-08-06T15:16:01.404+0000] {processor.py:161} INFO - Started process (PID=543) to work on /opt/airflow/dags/feature_pipeline_dag.py
[2026-08-06T15:16:01.406+0000] {processor.py:830} INFO - Processing file /opt/airflow/dags/feature_pipeline_dag.py for tasks to queue
[2026-08-06T15:16:01.412+0000] {logging_mixin.py:188} INFO - [2026-08-06T15:16:01.411+0000] {dagbag.py:545} INFO - Filling up the DagBag from /opt/airflow/dags/feature_pipeline_dag.py
[2026-08-06T15:16:03.852+0000] {processor.py:840} INFO - DAG(s) 'feature_pipeline' retrieved from /opt/airflow/dags/feature_pipeline_dag.py
[2026-08-06T15:16:03.904+0000] {logging_mixin.py:188} INFO - [2026-08-06T15:16:03.903+0000] {dag.py:3089} INFO - Sync 1 DAGs
[2026-08-06T15:16:03.945+0000] {logging_mixin.py:188} INFO - [2026-08-06T15:16:03.945+0000] {dag.py:3947} INFO - Setting next_dagrun for feature_pipeline to 2026-08-06 15:00:00+00:00, run_after=2026-08-06 16:00:00+00:00
[2026-08-06T15:16:03.984+0000] {processor.py:183} INFO - Processing /opt/airflow/dags/feature_pipeline_dag.py took 2.601 seconds
[2026-08-06T15:16:34.895+0000] {processor.py:161} INFO - Started process (PID=555) to work on /opt/airflow/dags/feature_pipeline_dag.py
[2026-08-06T15:16:34.898+0000] {processor.py:830} INFO - Processing file /opt/airflow/dags/feature_pipeline_dag.py for tasks to queue
[2026-08-06T15:16:34.908+0000] {logging_mixin.py:188} INFO - [2026-08-06T15:16:34.907+0000] {dagbag.py:545} INFO - Filling up the DagBag from /opt/airflow/dags/feature_pipeline_dag.py
[2026-08-06T15:16:36.446+0000] {processor.py:840} INFO - DAG(s) 'feature_pipeline' retrieved from /opt/airflow/dags/feature_pipeline_dag.py
[2026-08-06T15:16:36.542+0000] {logging_mixin.py:188} INFO - [2026-08-06T15:16:36.541+0000] {dag.py:3089} INFO - Sync 1 DAGs
[2026-08-06T15:16:36.614+0000] {logging_mixin.py:188} INFO - [2026-08-06T15:16:36.613+0000] {dag.py:3947} INFO - Setting next_dagrun for feature_pipeline to 2026-08-06 15:00:00+00:00, run_after=2026-08-06 16:00:00+00:00
[2026-08-06T15:16:36.664+0000] {processor.py:183} INFO - Processing /opt/airflow/dags/feature_pipeline_dag.py took 1.791 seconds
[2026-08-06T15:17:07.698+0000] {processor.py:161} INFO - Started process (PID=567) to work on /opt/airflow/dags/feature_pipeline_dag.py
[2026-08-06T15:17:07.701+0000] {processor.py:830} INFO - Processing file /opt/airflow/dags/feature_pipeline_dag.py for tasks to queue
[2026-08-06T15:17:07.706+0000] {logging_mixin.py:188} INFO - [2026-08-06T15:17:07.705+0000] {dagbag.py:545} INFO - Filling up the DagBag from /opt/airflow/dags/feature_pipeline_dag.py
[2026-08-06T15:17:09.231+0000] {processor.py:840} INFO - DAG(s) 'feature_pipeline' retrieved from /opt/airflow/dags/feature_pipeline_dag.py
[2026-08-06T15:17:09.298+0000] {logging_mixin.py:188} INFO - [2026-08-06T15:17:09.297+0000] {dag.py:3089} INFO - Sync 1 DAGs
[2026-08-06T15:17:09.676+0000] {logging_mixin.py:188} INFO - [2026-08-06T15:17:09.676+0000] {dag.py:3947} INFO - Setting next_dagrun for feature_pipeline to 2026-08-06 15:00:00+00:00, run_after=2026-08-06 16:00:00+00:00
[2026-08-06T15:17:09.713+0000] {processor.py:183} INFO - Processing /opt/airflow/dags/feature_pipeline_dag.py took 2.039 seconds
[2026-08-06T15:17:40.672+0000] {processor.py:161} INFO - Started process (PID=579) to work on /opt/airflow/dags/feature_pipeline_dag.py
[2026-08-06T15:17:40.675+0000] {processor.py:830} INFO - Processing file /opt/airflow/dags/feature_pipeline_dag.py for tasks to queue
[2026-08-06T15:17:40.682+0000] {logging_mixin.py:188} INFO - [2026-08-06T15:17:40.680+0000] {dagbag.py:545} INFO - Filling up the DagBag from /opt/airflow/dags/feature_pipeline_dag.py
[2026-08-06T15:17:42.177+0000] {processor.py:840} INFO - DAG(s) 'feature_pipeline' retrieved from /opt/airflow/dags/feature_pipeline_dag.py
[2026-08-06T15:17:42.245+0000] {logging_mixin.py:188} INFO - [2026-08-06T15:17:42.243+0000] {dag.py:3089} INFO - Sync 1 DAGs
[2026-08-06T15:17:42.677+0000] {logging_mixin.py:188} INFO - [2026-08-06T15:17:42.676+0000] {dag.py:3947} INFO - Setting next_dagrun for feature_pipeline to 2026-08-06 15:00:00+00:00, run_after=2026-08-06 16:00:00+00:00
[2026-08-06T15:17:42.717+0000] {processor.py:183} INFO - Processing /opt/airflow/dags/feature_pipeline_dag.py took 2.068 seconds
[2026-08-06T15:18:13.075+0000] {processor.py:161} INFO - Started process (PID=591) to work on /opt/airflow/dags/feature_pipeline_dag.py
[2026-08-06T15:18:13.077+0000] {processor.py:830} INFO - Processing file /opt/airflow/dags/feature_pipeline_dag.py for tasks to queue
[2026-08-06T15:18:13.082+0000] {logging_mixin.py:188} INFO - [2026-08-06T15:18:13.081+0000] {dagbag.py:545} INFO - Filling up the DagBag from /opt/airflow/dags/feature_pipeline_dag.py
[2026-08-06T15:18:14.734+0000] {processor.py:840} INFO - DAG(s) 'feature_pipeline' retrieved from /opt/airflow/dags/feature_pipeline_dag.py
[2026-08-06T15:18:15.212+0000] {logging_mixin.py:188} INFO - [2026-08-06T15:18:15.211+0000] {dag.py:3089} INFO - Sync 1 DAGs
[2026-08-06T15:18:15.275+0000] {logging_mixin.py:188} INFO - [2026-08-06T15:18:15.275+0000] {dag.py:3947} INFO - Setting next_dagrun for feature_pipeline to 2026-08-06 15:00:00+00:00, run_after=2026-08-06 16:00:00+00:00
[2026-08-06T15:18:15.318+0000] {processor.py:183} INFO - Processing /opt/airflow/dags/feature_pipeline_dag.py took 2.263 seconds
[2026-08-06T15:18:45.679+0000] {processor.py:161} INFO - Started process (PID=609) to work on /opt/airflow/dags/feature_pipeline_dag.py
[2026-08-06T15:18:45.682+0000] {processor.py:830} INFO - Processing file /opt/airflow/dags/feature_pipeline_dag.py for tasks to queue
[2026-08-06T15:18:45.690+0000] {logging_mixin.py:188} INFO - [2026-08-06T15:18:45.689+0000] {dagbag.py:545} INFO - Filling up the DagBag from /opt/airflow/dags/feature_pipeline_dag.py
[2026-08-06T15:18:47.319+0000] {processor.py:840} INFO - DAG(s) 'feature_pipeline' retrieved from /opt/airflow/dags/feature_pipeline_dag.py
[2026-08-06T15:18:47.968+0000] {logging_mixin.py:188} INFO - [2026-08-06T15:18:47.967+0000] {dag.py:3089} INFO - Sync 1 DAGs
[2026-08-06T15:18:48.025+0000] {logging_mixin.py:188} INFO - [2026-08-06T15:18:48.024+0000] {dag.py:3947} INFO - Setting next_dagrun for feature_pipeline to 2026-08-06 15:00:00+00:00, run_after=2026-08-06 16:00:00+00:00
[2026-08-06T15:18:48.067+0000] {processor.py:183} INFO - Processing /opt/airflow/dags/feature_pipeline_dag.py took 2.411 seconds
[2026-08-06T15:19:18.323+0000] {processor.py:161} INFO - Started process (PID=640) to work on /opt/airflow/dags/feature_pipeline_dag.py
[2026-08-06T15:19:18.325+0000] {processor.py:830} INFO - Processing file /opt/airflow/dags/feature_pipeline_dag.py for tasks to queue
[2026-08-06T15:19:18.331+0000] {logging_mixin.py:188} INFO - [2026-08-06T15:19:18.330+0000] {dagbag.py:545} INFO - Filling up the DagBag from /opt/airflow/dags/feature_pipeline_dag.py
[2026-08-06T15:19:19.265+0000] {processor.py:840} INFO - DAG(s) 'feature_pipeline' retrieved from /opt/airflow/dags/feature_pipeline_dag.py
[2026-08-06T15:19:19.330+0000] {logging_mixin.py:188} INFO - [2026-08-06T15:19:19.329+0000] {dag.py:3089} INFO - Sync 1 DAGs
[2026-08-06T15:19:19.382+0000] {logging_mixin.py:188} INFO - [2026-08-06T15:19:19.381+0000] {dag.py:3947} INFO - Setting next_dagrun for feature_pipeline to 2026-08-06 15:00:00+00:00, run_after=2026-08-06 16:00:00+00:00
[2026-08-06T15:19:19.423+0000] {processor.py:183} INFO - Processing /opt/airflow/dags/feature_pipeline_dag.py took 1.788 seconds
[2026-08-06T15:19:50.326+0000] {processor.py:161} INFO - Started process (PID=676) to work on /opt/airflow/dags/feature_pipeline_dag.py
[2026-08-06T15:19:50.330+0000] {processor.py:830} INFO - Processing file /opt/airflow/dags/feature_pipeline_dag.py for tasks to queue
[2026-08-06T15:19:50.336+0000] {logging_mixin.py:188} INFO - [2026-08-06T15:19:50.335+0000] {dagbag.py:545} INFO - Filling up the DagBag from /opt/airflow/dags/feature_pipeline_dag.py
[2026-08-06T15:19:51.891+0000] {processor.py:840} INFO - DAG(s) 'feature_pipeline' retrieved from /opt/airflow/dags/feature_pipeline_dag.py
[2026-08-06T15:19:51.949+0000] {logging_mixin.py:188} INFO - [2026-08-06T15:19:51.948+0000] {dag.py:3089} INFO - Sync 1 DAGs
[2026-08-06T15:19:52.003+0000] {logging_mixin.py:188} INFO - [2026-08-06T15:19:52.003+0000] {dag.py:3947} INFO - Setting next_dagrun for feature_pipeline to 2026-08-06 15:00:00+00:00, run_after=2026-08-06 16:00:00+00:00
[2026-08-06T15:19:52.317+0000] {processor.py:183} INFO - Processing /opt/airflow/dags/feature_pipeline_dag.py took 2.014 seconds
[2026-08-06T15:20:23.101+0000] {processor.py:161} INFO - Started process (PID=688) to work on /opt/airflow/dags/feature_pipeline_dag.py
[2026-08-06T15:20:23.104+0000] {processor.py:830} INFO - Processing file /opt/airflow/dags/feature_pipeline_dag.py for tasks to queue
[2026-08-06T15:20:23.109+0000] {logging_mixin.py:188} INFO - [2026-08-06T15:20:23.108+0000] {dagbag.py:545} INFO - Filling up the DagBag from /opt/airflow/dags/feature_pipeline_dag.py
[2026-08-06T15:20:24.577+0000] {processor.py:840} INFO - DAG(s) 'feature_pipeline' retrieved from /opt/airflow/dags/feature_pipeline_dag.py
[2026-08-06T15:20:24.641+0000] {logging_mixin.py:188} INFO - [2026-08-06T15:20:24.639+0000] {dag.py:3089} INFO - Sync 1 DAGs
[2026-08-06T15:20:25.041+0000] {logging_mixin.py:188} INFO - [2026-08-06T15:20:25.041+0000] {dag.py:3947} INFO - Setting next_dagrun for feature_pipeline to 2026-08-06 15:00:00+00:00, run_after=2026-08-06 16:00:00+00:00
[2026-08-06T15:20:25.073+0000] {processor.py:183} INFO - Processing /opt/airflow/dags/feature_pipeline_dag.py took 1.993 seconds
[2026-08-06T15:20:55.420+0000] {processor.py:161} INFO - Started process (PID=700) to work on /opt/airflow/dags/feature_pipeline_dag.py
[2026-08-06T15:20:55.423+0000] {processor.py:830} INFO - Processing file /opt/airflow/dags/feature_pipeline_dag.py for tasks to queue
[2026-08-06T15:20:55.431+0000] {logging_mixin.py:188} INFO - [2026-08-06T15:20:55.430+0000] {dagbag.py:545} INFO - Filling up the DagBag from /opt/airflow/dags/feature_pipeline_dag.py
[2026-08-06T15:20:56.959+0000] {processor.py:840} INFO - DAG(s) 'feature_pipeline' retrieved from /opt/airflow/dags/feature_pipeline_dag.py
[2026-08-06T15:20:57.027+0000] {logging_mixin.py:188} INFO - [2026-08-06T15:20:57.023+0000] {dag.py:3089} INFO - Sync 1 DAGs
[2026-08-06T15:20:57.497+0000] {logging_mixin.py:188} INFO - [2026-08-06T15:20:57.496+0000] {dag.py:3947} INFO - Setting next_dagrun for feature_pipeline to 2026-08-06 15:00:00+00:00, run_after=2026-08-06 16:00:00+00:00
[2026-08-06T15:20:57.537+0000] {processor.py:183} INFO - Processing /opt/airflow/dags/feature_pipeline_dag.py took 2.138 seconds
[2026-08-06T15:21:28.031+0000] {processor.py:161} INFO - Started process (PID=712) to work on /opt/airflow/dags/feature_pipeline_dag.py
[2026-08-06T15:21:28.034+0000] {processor.py:830} INFO - Processing file /opt/airflow/dags/feature_pipeline_dag.py for tasks to queue
[2026-08-06T15:21:28.039+0000] {logging_mixin.py:188} INFO - [2026-08-06T15:21:28.038+0000] {dagbag.py:545} INFO - Filling up the DagBag from /opt/airflow/dags/feature_pipeline_dag.py
[2026-08-06T15:21:29.501+0000] {processor.py:840} INFO - DAG(s) 'feature_pipeline' retrieved from /opt/airflow/dags/feature_pipeline_dag.py
[2026-08-06T15:21:29.939+0000] {logging_mixin.py:188} INFO - [2026-08-06T15:21:29.938+0000] {dag.py:3089} INFO - Sync 1 DAGs
[2026-08-06T15:21:29.988+0000] {logging_mixin.py:188} INFO - [2026-08-06T15:21:29.988+0000] {dag.py:3947} INFO - Setting next_dagrun for feature_pipeline to 2026-08-06 15:00:00+00:00, run_after=2026-08-06 16:00:00+00:00
[2026-08-06T15:21:30.026+0000] {processor.py:183} INFO - Processing /opt/airflow/dags/feature_pipeline_dag.py took 2.015 seconds
[2026-08-06T15:22:00.235+0000] {processor.py:161} INFO - Started process (PID=724) to work on /opt/airflow/dags/feature_pipeline_dag.py
[2026-08-06T15:22:00.238+0000] {processor.py:830} INFO - Processing file /opt/airflow/dags/feature_pipeline_dag.py for tasks to queue
[2026-08-06T15:22:00.243+0000] {logging_mixin.py:188} INFO - [2026-08-06T15:22:00.242+0000] {dagbag.py:545} INFO - Filling up the DagBag from /opt/airflow/dags/feature_pipeline_dag.py
[2026-08-06T15:22:02.165+0000] {processor.py:840} INFO - DAG(s) 'feature_pipeline' retrieved from /opt/airflow/dags/feature_pipeline_dag.py
[2026-08-06T15:22:02.228+0000] {logging_mixin.py:188} INFO - [2026-08-06T15:22:02.227+0000] {dag.py:3089} INFO - Sync 1 DAGs
[2026-08-06T15:22:02.275+0000] {logging_mixin.py:188} INFO - [2026-08-06T15:22:02.275+0000] {dag.py:3947} INFO - Setting next_dagrun for feature_pipeline to 2026-08-06 15:00:00+00:00, run_after=2026-08-06 16:00:00+00:00
[2026-08-06T15:22:02.318+0000] {processor.py:183} INFO - Processing /opt/airflow/dags/feature_pipeline_dag.py took 2.107 seconds
[2026-08-06T15:22:32.830+0000] {processor.py:161} INFO - Started process (PID=736) to work on /opt/airflow/dags/feature_pipeline_dag.py
[2026-08-06T15:22:32.833+0000] {processor.py:830} INFO - Processing file /opt/airflow/dags/feature_pipeline_dag.py for tasks to queue
[2026-08-06T15:22:32.839+0000] {logging_mixin.py:188} INFO - [2026-08-06T15:22:32.838+0000] {dagbag.py:545} INFO - Filling up the DagBag from /opt/airflow/dags/feature_pipeline_dag.py
[2026-08-06T15:22:34.394+0000] {processor.py:840} INFO - DAG(s) 'feature_pipeline' retrieved from /opt/airflow/dags/feature_pipeline_dag.py
[2026-08-06T15:22:34.457+0000] {logging_mixin.py:188} INFO - [2026-08-06T15:22:34.456+0000] {dag.py:3089} INFO - Sync 1 DAGs
[2026-08-06T15:22:34.508+0000] {logging_mixin.py:188} INFO - [2026-08-06T15:22:34.508+0000] {dag.py:3947} INFO - Setting next_dagrun for feature_pipeline to 2026-08-06 15:00:00+00:00, run_after=2026-08-06 16:00:00+00:00
[2026-08-06T15:22:34.550+0000] {processor.py:183} INFO - Processing /opt/airflow/dags/feature_pipeline_dag.py took 1.745 seconds
[2026-08-06T15:23:05.075+0000] {processor.py:161} INFO - Started process (PID=748) to work on /opt/airflow/dags/feature_pipeline_dag.py
[2026-08-06T15:23:05.077+0000] {processor.py:830} INFO - Processing file /opt/airflow/dags/feature_pipeline_dag.py for tasks to queue
[2026-08-06T15:23:05.083+0000] {logging_mixin.py:188} INFO - [2026-08-06T15:23:05.082+0000] {dagbag.py:545} INFO - Filling up the DagBag from /opt/airflow/dags/feature_pipeline_dag.py
[2026-08-06T15:23:06.628+0000] {processor.py:840} INFO - DAG(s) 'feature_pipeline' retrieved from /opt/airflow/dags/feature_pipeline_dag.py
[2026-08-06T15:23:06.691+0000] {logging_mixin.py:188} INFO - [2026-08-06T15:23:06.690+0000] {dag.py:3089} INFO - Sync 1 DAGs
[2026-08-06T15:23:07.144+0000] {logging_mixin.py:188} INFO - [2026-08-06T15:23:07.143+0000] {dag.py:3947} INFO - Setting next_dagrun for feature_pipeline to 2026-08-06 15:00:00+00:00, run_after=2026-08-06 16:00:00+00:00
[2026-08-06T15:23:07.181+0000] {processor.py:183} INFO - Processing /opt/airflow/dags/feature_pipeline_dag.py took 2.127 seconds
[2026-08-06T15:23:37.511+0000] {processor.py:161} INFO - Started process (PID=760) to work on /opt/airflow/dags/feature_pipeline_dag.py
[2026-08-06T15:23:37.513+0000] {processor.py:830} INFO - Processing file /opt/airflow/dags/feature_pipeline_dag.py for tasks to queue
[2026-08-06T15:23:37.518+0000] {logging_mixin.py:188} INFO - [2026-08-06T15:23:37.517+0000] {dagbag.py:545} INFO - Filling up the DagBag from /opt/airflow/dags/feature_pipeline_dag.py
[2026-08-06T15:23:38.327+0000] {processor.py:840} INFO - DAG(s) 'feature_pipeline' retrieved from /opt/airflow/dags/feature_pipeline_dag.py
[2026-08-06T15:23:38.397+0000] {logging_mixin.py:188} INFO - [2026-08-06T15:23:38.396+0000] {dag.py:3089} INFO - Sync 1 DAGs
[2026-08-06T15:23:38.292+0000] {logging_mixin.py:188} INFO - [2026-08-06T15:23:38.291+0000] {dag.py:3947} INFO - Setting next_dagrun for feature_pipeline to 2026-08-06 15:00:00+00:00, run_after=2026-08-06 16:00:00+00:00
[2026-08-06T15:23:38.331+0000] {processor.py:183} INFO - Processing /opt/airflow/dags/feature_pipeline_dag.py took 2.208 seconds
[2026-08-06T15:24:08.780+0000] {processor.py:161} INFO - Started process (PID=772) to work on /opt/airflow/dags/feature_pipeline_dag.py
[2026-08-06T15:24:08.783+0000] {processor.py:830} INFO - Processing file /opt/airflow/dags/feature_pipeline_dag.py for tasks to queue
[2026-08-06T15:24:08.788+0000] {logging_mixin.py:188} INFO - [2026-08-06T15:24:08.787+0000] {dagbag.py:545} INFO - Filling up the DagBag from /opt/airflow/dags/feature_pipeline_dag.py
[2026-08-06T15:24:10.503+0000] {processor.py:840} INFO - DAG(s) 'feature_pipeline' retrieved from /opt/airflow/dags/feature_pipeline_dag.py
[2026-08-06T15:24:10.924+0000] {logging_mixin.py:188} INFO - [2026-08-06T15:24:10.923+0000] {dag.py:3089} INFO - Sync 1 DAGs
[2026-08-06T15:24:10.965+0000] {logging_mixin.py:188} INFO - [2026-08-06T15:24:10.965+0000] {dag.py:3947} INFO - Setting next_dagrun for feature_pipeline to 2026-08-06 15:00:00+00:00, run_after=2026-08-06 16:00:00+00:00
[2026-08-06T15:24:11.009+0000] {processor.py:183} INFO - Processing /opt/airflow/dags/feature_pipeline_dag.py took 2.251 seconds
[2026-08-06T15:24:41.352+0000] {processor.py:161} INFO - Started process (PID=784) to work on /opt/airflow/dags/feature_pipeline_dag.py
[2026-08-06T15:24:41.354+0000] {processor.py:830} INFO - Processing file /opt/airflow/dags/feature_pipeline_dag.py for tasks to queue
[2026-08-06T15:24:41.360+0000] {logging_mixin.py:188} INFO - [2026-08-06T15:24:41.360+0000] {dagbag.py:545} INFO - Filling up the DagBag from /opt/airflow/dags/feature_pipeline_dag.py
[2026-08-06T15:24:42.844+0000] {processor.py:840} INFO - DAG(s) 'feature_pipeline' retrieved from /opt/airflow/dags/feature_pipeline_dag.py
[2026-08-06T15:24:43.250+0000] {logging_mixin.py:188} INFO - [2026-08-06T15:24:43.249+0000] {dag.py:3089} INFO - Sync 1 DAGs
[2026-08-06T15:24:43.291+0000] {logging_mixin.py:188} INFO - [2026-08-06T15:24:43.291+0000] {dag.py:3947} INFO - Setting next_dagrun for feature_pipeline to 2026-08-06 15:00:00+00:00, run_after=2026-08-06 16:00:00+00:00
[2026-08-06T15:24:43.334+0000] {processor.py:183} INFO - Processing /opt/airflow/dags/feature_pipeline_dag.py took 2.004 seconds
[2026-08-06T15:25:13.847+0000] {processor.py:161} INFO - Started process (PID=796) to work on /opt/airflow/dags/feature_pipeline_dag.py
[2026-08-06T15:25:13.849+0000] {processor.py:830} INFO - Processing file /opt/airflow/dags/feature_pipeline_dag.py for tasks to queue
[2026-08-06T15:25:13.854+0000] {logging_mixin.py:188} INFO - [2026-08-06T15:25:13.853+0000] {dagbag.py:545} INFO - Filling up the DagBag from /opt/airflow/dags/feature_pipeline_dag.py
[2026-08-06T15:25:15.751+0000] {processor.py:840} INFO - DAG(s) 'feature_pipeline' retrieved from /opt/airflow/dags/feature_pipeline_dag.py
[2026-08-06T15:25:16.095+0000] {logging_mixin.py:188} INFO - [2026-08-06T15:25:16.095+0000] {dag.py:3089} INFO - Sync 1 DAGs
[2026-08-06T15:25:16.133+0000] {logging_mixin.py:188} INFO - [2026-08-06T15:25:16.132+0000] {dag.py:3947} INFO - Setting next_dagrun for feature_pipeline to 2026-08-06 15:00:00+00:00, run_after=2026-08-06 16:00:00+00:00
[2026-08-06T15:25:16.179+0000] {processor.py:183} INFO - Processing /opt/airflow/dags/feature_pipeline_dag.py took 2.352 seconds
[2026-08-06T15:25:46.451+0000] {processor.py:161} INFO - Started process (PID=808) to work on /opt/airflow/dags/feature_pipeline_dag.py
[2026-08-06T15:25:46.454+0000] {processor.py:830} INFO - Processing file /opt/airflow/dags/feature_pipeline_dag.py for tasks to queue
[2026-08-06T15:25:46.459+0000] {logging_mixin.py:188} INFO - [2026-08-06T15:25:46.458+0000] {dagbag.py:545} INFO - Filling up the DagBag from /opt/airflow/dags/feature_pipeline_dag.py
[2026-08-06T15:25:47.980+0000] {processor.py:840} INFO - DAG(s) 'feature_pipeline' retrieved from /opt/airflow/dags/feature_pipeline_dag.py
[2026-08-06T15:25:48.048+0000] {logging_mixin.py:188} INFO - [2026-08-06T15:25:48.047+0000] {dag.py:3089} INFO - Sync 1 DAGs
[2026-08-06T15:25:48.102+0000] {logging_mixin.py:188} INFO - [2026-08-06T15:25:48.102+0000] {dag.py:3947} INFO - Setting next_dagrun for feature_pipeline to 2026-08-06 15:00:00+00:00, run_after=2026-08-06 16:00:00+00:00
[2026-08-06T15:25:48.564+0000] {processor.py:183} INFO - Processing /opt/airflow/dags/feature_pipeline_dag.py took 2.133 seconds
[2026-08-06T15:26:18.876+0000] {processor.py:161} INFO - Started process (PID=820) to work on /opt/airflow/dags/feature_pipeline_dag.py
[2026-08-06T15:26:18.879+0000] {processor.py:830} INFO - Processing file /opt/airflow/dags/feature_pipeline_dag.py for tasks to queue
[2026-08-06T15:26:18.884+0000] {logging_mixin.py:188} INFO - [2026-08-06T15:26:18.883+0000] {dagbag.py:545} INFO - Filling up the DagBag from /opt/airflow/dags/feature_pipeline_dag.py
[2026-08-06T15:26:20.377+0000] {processor.py:840} INFO - DAG(s) 'feature_pipeline' retrieved from /opt/airflow/dags/feature_pipeline_dag.py
[2026-08-06T15:26:20.445+0000] {logging_mixin.py:188} INFO - [2026-08-06T15:26:20.444+0000] {dag.py:3089} INFO - Sync 1 DAGs
[2026-08-06T15:26:20.941+0000] {logging_mixin.py:188} INFO - [2026-08-06T15:26:20.940+0000] {dag.py:3947} INFO - Setting next_dagrun for feature_pipeline to 2026-08-06 15:00:00+00:00, run_after=2026-08-06 16:00:00+00:00
[2026-08-06T15:26:20.982+0000] {processor.py:183} INFO - Processing /opt/airflow/dags/feature_pipeline_dag.py took 2.127 seconds
[2026-08-06T15:26:51.488+0000] {processor.py:161} INFO - Started process (PID=832) to work on /opt/airflow/dags/feature_pipeline_dag.py
[2026-08-06T15:26:51.491+0000] {processor.py:830} INFO - Processing file /opt/airflow/dags/feature_pipeline_dag.py for tasks to queue
[2026-08-06T15:26:51.500+0000] {logging_mixin.py:188} INFO - [2026-08-06T15:26:51.499+0000] {dagbag.py:545} INFO - Filling up the DagBag from /opt/airflow/dags/feature_pipeline_dag.py
[2026-08-06T15:26:53.344+0000] {processor.py:840} INFO - DAG(s) 'feature_pipeline' retrieved from /opt/airflow/dags/feature_pipeline_dag.py
[2026-08-06T15:26:53.803+0000] {logging_mixin.py:188} INFO - [2026-08-06T15:26:53.416+0000] {dag.py:3089} INFO - Sync 1 DAGs
[2026-08-06T15:26:53.850+0000] {logging_mixin.py:188} INFO - [2026-08-06T15:26:53.850+0000] {dag.py:3947} INFO - Setting next_dagrun for feature_pipeline to 2026-08-06 15:00:00+00:00, run_after=2026-08-06 16:00:00+00:00
[2026-08-06T15:26:53.898+0000] {processor.py:183} INFO - Processing /opt/airflow/dags/feature_pipeline_dag.py took 2.437 seconds
[2026-08-06T15:27:24.456+0000] {processor.py:161} INFO - Started process (PID=850) to work on /opt/airflow/dags/feature_pipeline_dag.py
[2026-08-06T15:27:24.472+0000] {processor.py:830} INFO - Processing file /opt/airflow/dags/feature_pipeline_dag.py for tasks to queue
[2026-08-06T15:27:24.602+0000] {logging_mixin.py:188} INFO - [2026-08-06T15:27:24.577+0000] {dagbag.py:545} INFO - Filling up the DagBag from /opt/airflow/dags/feature_pipeline_dag.py
[2026-08-06T15:27:36.424+0000] {processor.py:840} INFO - DAG(s) 'feature_pipeline' retrieved from /opt/airflow/dags/feature_pipeline_dag.py
[2026-08-06T15:27:36.808+0000] {logging_mixin.py:188} INFO - [2026-08-06T15:27:36.807+0000] {dag.py:3089} INFO - Sync 1 DAGs
[2026-08-06T15:27:36.846+0000] {logging_mixin.py:188} INFO - [2026-08-06T15:27:36.845+0000] {dag.py:3947} INFO - Setting next_dagrun for feature_pipeline to 2026-08-06 15:00:00+00:00, run_after=2026-08-06 16:00:00+00:00
[2026-08-06T15:27:36.885+0000] {processor.py:183} INFO - Processing /opt/airflow/dags/feature_pipeline_dag.py took 13.897 seconds
[2026-08-06T15:28:07.105+0000] {processor.py:161} INFO - Started process (PID=905) to work on /opt/airflow/dags/feature_pipeline_dag.py
[2026-08-06T15:28:07.109+0000] {processor.py:830} INFO - Processing file /opt/airflow/dags/feature_pipeline_dag.py for tasks to queue
[2026-08-06T15:28:07.115+0000] {logging_mixin.py:188} INFO - [2026-08-06T15:28:07.114+0000] {dagbag.py:545} INFO - Filling up the DagBag from /opt/airflow/dags/feature_pipeline_dag.py
[2026-08-06T15:28:10.685+0000] {processor.py:840} INFO - DAG(s) 'feature_pipeline' retrieved from /opt/airflow/dags/feature_pipeline_dag.py
[2026-08-06T15:28:10.741+0000] {logging_mixin.py:188} INFO - [2026-08-06T15:28:10.741+0000] {dag.py:3089} INFO - Sync 1 DAGs
[2026-08-06T15:28:10.785+0000] {logging_mixin.py:188} INFO - [2026-08-06T15:28:10.785+0000] {dag.py:3947} INFO - Setting next_dagrun for feature_pipeline to 2026-08-06 15:00:00+00:00, run_after=2026-08-06 16:00:00+00:00
[2026-08-06T15:28:10.827+0000] {processor.py:183} INFO - Processing /opt/airflow/dags/feature_pipeline_dag.py took 3.745 seconds
[2026-08-06T15:28:41.224+0000] {processor.py:161} INFO - Started process (PID=917) to work on /opt/airflow/dags/feature_pipeline_dag.py
[2026-08-06T15:28:41.227+0000] {processor.py:830} INFO - Processing file /opt/airflow/dags/feature_pipeline_dag.py for tasks to queue
[2026-08-06T15:28:41.232+0000] {logging_mixin.py:188} INFO - [2026-08-06T15:28:41.231+0000] {dagbag.py:545} INFO - Filling up the DagBag from /opt/airflow/dags/feature_pipeline_dag.py
[2026-08-06T15:28:43.064+0000] {processor.py:840} INFO - DAG(s) 'feature_pipeline' retrieved from /opt/airflow/dags/feature_pipeline_dag.py
[2026-08-06T15:28:43.138+0000] {logging_mixin.py:188} INFO - [2026-08-06T15:28:43.137+0000] {dag.py:3089} INFO - Sync 1 DAGs
[2026-08-06T15:28:43.494+0000] {logging_mixin.py:188} INFO - [2026-08-06T15:28:43.493+0000] {dag.py:3947} INFO - Setting next_dagrun for feature_pipeline to 2026-08-06 15:00:00+00:00, run_after=2026-08-06 16:00:00+00:00
[2026-08-06T15:28:43.530+0000] {processor.py:183} INFO - Processing /opt/airflow/dags/feature_pipeline_dag.py took 2.332 seconds
[2026-08-06T15:29:13.951+0000] {processor.py:161} INFO - Started process (PID=929) to work on /opt/airflow/dags/feature_pipeline_dag.py
[2026-08-06T15:29:13.954+0000] {processor.py:830} INFO - Processing file /opt/airflow/dags/feature_pipeline_dag.py for tasks to queue
[2026-08-06T15:29:13.961+0000] {logging_mixin.py:188} INFO - [2026-08-06T15:29:13.960+0000] {dagbag.py:545} INFO - Filling up the DagBag from /opt/airflow/dags/feature_pipeline_dag.py
[2026-08-06T15:29:15.383+0000] {processor.py:840} INFO - DAG(s) 'feature_pipeline' retrieved from /opt/airflow/dags/feature_pipeline_dag.py
[2026-08-06T15:29:15.440+0000] {logging_mixin.py:188} INFO - [2026-08-06T15:29:15.439+0000] {dag.py:3089} INFO - Sync 1 DAGs
[2026-08-06T15:29:15.751+0000] {logging_mixin.py:188} INFO - [2026-08-06T15:29:15.751+0000] {dag.py:3947} INFO - Setting next_dagrun for feature_pipeline to 2026-08-06 15:00:00+00:00, run_after=2026-08-06 16:00:00+00:00
[2026-08-06T15:29:15.788+0000] {processor.py:183} INFO - Processing /opt/airflow/dags/feature_pipeline_dag.py took 1.858 seconds
[2026-08-06T15:29:46.195+0000] {processor.py:161} INFO - Started process (PID=941) to work on /opt/airflow/dags/feature_pipeline_dag.py
[2026-08-06T15:29:46.198+0000] {processor.py:830} INFO - Processing file /opt/airflow/dags/feature_pipeline_dag.py for tasks to queue
[2026-08-06T15:29:46.204+0000] {logging_mixin.py:188} INFO - [2026-08-06T15:29:46.203+0000] {dagbag.py:545} INFO - Filling up the DagBag from /opt/airflow/dags/feature_pipeline_dag.py
[2026-08-06T15:29:47.682+0000] {processor.py:840} INFO - DAG(s) 'feature_pipeline' retrieved from /opt/airflow/dags/feature_pipeline_dag.py
[2026-08-06T15:29:48.085+0000] {logging_mixin.py:188} INFO - [2026-08-06T15:29:47.738+0000] {dag.py:3089} INFO - Sync 1 DAGs
[2026-08-06T15:29:48.128+0000] {logging_mixin.py:188} INFO - [2026-08-06T15:29:48.127+0000] {dag.py:3947} INFO - Setting next_dagrun for feature_pipeline to 2026-08-06 15:00:00+00:00, run_after=2026-08-06 16:00:00+00:00
[2026-08-06T15:29:48.184+0000] {processor.py:183} INFO - Processing /opt/airflow/dags/feature_pipeline_dag.py took 2.011 seconds
[2026-08-06T15:30:18.623+0000] {processor.py:161} INFO - Started process (PID=953) to work on /opt/airflow/dags/feature_pipeline_dag.py
[2026-08-06T15:30:18.626+0000] {processor.py:830} INFO - Processing file /opt/airflow/dags/feature_pipeline_dag.py for tasks to queue
[2026-08-06T15:30:18.632+0000] {logging_mixin.py:188} INFO - [2026-08-06T15:30:18.631+0000] {dagbag.py:545} INFO - Filling up the DagBag from /opt/airflow/dags/feature_pipeline_dag.py
[2026-08-06T15:30:19.428+0000] {processor.py:840} INFO - DAG(s) 'feature_pipeline' retrieved from /opt/airflow/dags/feature_pipeline_dag.py
[2026-08-06T15:30:19.209+0000] {logging_mixin.py:188} INFO - [2026-08-06T15:30:19.208+0000] {dag.py:3089} INFO - Sync 1 DAGs
[2026-08-06T15:30:19.248+0000] {logging_mixin.py:188} INFO - [2026-08-06T15:30:19.247+0000] {dag.py:3947} INFO - Setting next_dagrun for feature_pipeline to 2026-08-06 15:00:00+00:00, run_after=2026-08-06 16:00:00+00:00
[2026-08-06T15:30:19.285+0000] {processor.py:183} INFO - Processing /opt/airflow/dags/feature_pipeline_dag.py took 1.984 seconds
[2026-08-06T15:30:49.910+0000] {processor.py:161} INFO - Started process (PID=965) to work on /opt/airflow/dags/feature_pipeline_dag.py
[2026-08-06T15:30:49.924+0000] {processor.py:830} INFO - Processing file /opt/airflow/dags/feature_pipeline_dag.py for tasks to queue
[2026-08-06T15:30:49.931+0000] {logging_mixin.py:188} INFO - [2026-08-06T15:30:49.930+0000] {dagbag.py:545} INFO - Filling up the DagBag from /opt/airflow/dags/feature_pipeline_dag.py
[2026-08-06T15:30:52.171+0000] {processor.py:840} INFO - DAG(s) 'feature_pipeline' retrieved from /opt/airflow/dags/feature_pipeline_dag.py
[2026-08-06T15:30:52.254+0000] {logging_mixin.py:188} INFO - [2026-08-06T15:30:52.252+0000] {dag.py:3089} INFO - Sync 1 DAGs
[2026-08-06T15:30:52.382+0000] {logging_mixin.py:188} INFO - [2026-08-06T15:30:52.381+0000] {dag.py:3947} INFO - Setting next_dagrun for feature_pipeline to 2026-08-06 15:00:00+00:00, run_after=2026-08-06 16:00:00+00:00
[2026-08-06T15:30:52.434+0000] {processor.py:183} INFO - Processing /opt/airflow/dags/feature_pipeline_dag.py took 2.567 seconds
[2026-08-06T15:31:22.978+0000] {processor.py:161} INFO - Started process (PID=977) to work on /opt/airflow/dags/feature_pipeline_dag.py
[2026-08-06T15:31:22.981+0000] {processor.py:830} INFO - Processing file /opt/airflow/dags/feature_pipeline_dag.py for tasks to queue
[2026-08-06T15:31:22.987+0000] {logging_mixin.py:188} INFO - [2026-08-06T15:31:22.986+0000] {dagbag.py:545} INFO - Filling up the DagBag from /opt/airflow/dags/feature_pipeline_dag.py
[2026-08-06T15:31:24.499+0000] {processor.py:840} INFO - DAG(s) 'feature_pipeline' retrieved from /opt/airflow/dags/feature_pipeline_dag.py
[2026-08-06T15:31:24.562+0000] {logging_mixin.py:188} INFO - [2026-08-06T15:31:24.561+0000] {dag.py:3089} INFO - Sync 1 DAGs
[2026-08-06T15:31:24.612+0000] {logging_mixin.py:188} INFO - [2026-08-06T15:31:24.612+0000] {dag.py:3947} INFO - Setting next_dagrun for feature_pipeline to 2026-08-06 15:00:00+00:00, run_after=2026-08-06 16:00:00+00:00
[2026-08-06T15:31:24.937+0000] {processor.py:183} INFO - Processing /opt/airflow/dags/feature_pipeline_dag.py took 1.979 seconds
[2026-08-06T15:31:55.328+0000] {processor.py:161} INFO - Started process (PID=989) to work on /opt/airflow/dags/feature_pipeline_dag.py
[2026-08-06T15:31:55.330+0000] {processor.py:830} INFO - Processing file /opt/airflow/dags/feature_pipeline_dag.py for tasks to queue
[2026-08-06T15:31:55.337+0000] {logging_mixin.py:188} INFO - [2026-08-06T15:31:55.335+0000] {dagbag.py:545} INFO - Filling up the DagBag from /opt/airflow/dags/feature_pipeline_dag.py
[2026-08-06T15:31:56.954+0000] {processor.py:840} INFO - DAG(s) 'feature_pipeline' retrieved from /opt/airflow/dags/feature_pipeline_dag.py
[2026-08-06T15:31:57.024+0000] {logging_mixin.py:188} INFO - [2026-08-06T15:31:57.023+0000] {dag.py:3089} INFO - Sync 1 DAGs
[2026-08-06T15:31:57.449+0000] {logging_mixin.py:188} INFO - [2026-08-06T15:31:57.449+0000] {dag.py:3947} INFO - Setting next_dagrun for feature_pipeline to 2026-08-06 15:00:00+00:00, run_after=2026-08-06 16:00:00+00:00
[2026-08-06T15:31:57.485+0000] {processor.py:183} INFO - Processing /opt/airflow/dags/feature_pipeline_dag.py took 2.179 seconds
[2026-08-06T15:32:27.806+0000] {processor.py:161} INFO - Started process (PID=1001) to work on /opt/airflow/dags/feature_pipeline_dag.py
[2026-08-06T15:32:27.809+0000] {processor.py:830} INFO - Processing file /opt/airflow/dags/feature_pipeline_dag.py for tasks to queue
[2026-08-06T15:32:27.814+0000] {logging_mixin.py:188} INFO - [2026-08-06T15:32:27.813+0000] {dagbag.py:545} INFO - Filling up the DagBag from /opt/airflow/dags/feature_pipeline_dag.py
[2026-08-06T15:32:29.371+0000] {processor.py:840} INFO - DAG(s) 'feature_pipeline' retrieved from /opt/airflow/dags/feature_pipeline_dag.py
[2026-08-06T15:32:29.767+0000] {logging_mixin.py:188} INFO - [2026-08-06T15:32:29.437+0000] {dag.py:3089} INFO - Sync 1 DAGs
[2026-08-06T15:32:29.813+0000] {logging_mixin.py:188} INFO - [2026-08-06T15:32:29.813+0000] {dag.py:3947} INFO - Setting next_dagrun for feature_pipeline to 2026-08-06 15:00:00+00:00, run_after=2026-08-06 16:00:00+00:00
[2026-08-06T15:32:29.850+0000] {processor.py:183} INFO - Processing /opt/airflow/dags/feature_pipeline_dag.py took 2.064 seconds
[2026-08-06T15:33:00.276+0000] {processor.py:161} INFO - Started process (PID=1013) to work on /opt/airflow/dags/feature_pipeline_dag.py
[2026-08-06T15:33:00.279+0000] {processor.py:830} INFO - Processing file /opt/airflow/dags/feature_pipeline_dag.py for tasks to queue
[2026-08-06T15:33:00.284+0000] {logging_mixin.py:188} INFO - [2026-08-06T15:33:00.283+0000] {dagbag.py:545} INFO - Filling up the DagBag from /opt/airflow/dags/feature_pipeline_dag.py
[2026-08-06T15:33:01.907+0000] {processor.py:840} INFO - DAG(s) 'feature_pipeline' retrieved from /opt/airflow/dags/feature_pipeline_dag.py
[2026-08-06T15:33:02.289+0000] {logging_mixin.py:188} INFO - [2026-08-06T15:33:02.286+0000] {dag.py:3089} INFO - Sync 1 DAGs
[2026-08-06T15:33:02.331+0000] {logging_mixin.py:188} INFO - [2026-08-06T15:33:02.330+0000] {dag.py:3947} INFO - Setting next_dagrun for feature_pipeline to 2026-08-06 15:00:00+00:00, run_after=2026-08-06 16:00:00+00:00
[2026-08-06T15:33:02.375+0000] {processor.py:183} INFO - Processing /opt/airflow/dags/feature_pipeline_dag.py took 2.123 seconds
[2026-08-06T17:08:05.686+0000] {processor.py:161} INFO - Started process (PID=1025) to work on /opt/airflow/dags/feature_pipeline_dag.py
[2026-08-06T17:08:05.703+0000] {processor.py:830} INFO - Processing file /opt/airflow/dags/feature_pipeline_dag.py for tasks to queue
[2026-08-06T17:08:05.716+0000] {logging_mixin.py:188} INFO - [2026-08-06T17:08:05.714+0000] {dagbag.py:545} INFO - Filling up the DagBag from /opt/airflow/dags/feature_pipeline_dag.py
[2026-08-06T17:08:10.320+0000] {processor.py:840} INFO - DAG(s) 'feature_pipeline' retrieved from /opt/airflow/dags/feature_pipeline_dag.py
[2026-08-06T17:08:10.546+0000] {logging_mixin.py:188} INFO - [2026-08-06T17:08:10.544+0000] {dag.py:3089} INFO - Sync 1 DAGs
[2026-08-06T17:08:10.783+0000] {logging_mixin.py:188} INFO - [2026-08-06T17:08:10.783+0000] {dag.py:3947} INFO - Setting next_dagrun for feature_pipeline to 2026-08-06 16:00:00+00:00, run_after=2026-08-06 17:00:00+00:00
[2026-08-06T17:08:10.852+0000] {processor.py:183} INFO - Processing /opt/airflow/dags/feature_pipeline_dag.py took 6.871 seconds
[2026-08-06T17:08:41.490+0000] {processor.py:161} INFO - Started process (PID=1043) to work on /opt/airflow/dags/feature_pipeline_dag.py
[2026-08-06T17:08:41.541+0000] {processor.py:830} INFO - Processing file /opt/airflow/dags/feature_pipeline_dag.py for tasks to queue
[2026-08-06T17:08:41.570+0000] {logging_mixin.py:188} INFO - [2026-08-06T17:08:41.566+0000] {dagbag.py:545} INFO - Filling up the DagBag from /opt/airflow/dags/feature_pipeline_dag.py
[2026-08-06T17:08:43.920+0000] {processor.py:840} INFO - DAG(s) 'feature_pipeline' retrieved from /opt/airflow/dags/feature_pipeline_dag.py
[2026-08-06T17:08:44.044+0000] {logging_mixin.py:188} INFO - [2026-08-06T17:08:44.042+0000] {dag.py:3089} INFO - Sync 1 DAGs
[2026-08-06T17:08:44.138+0000] {logging_mixin.py:188} INFO - [2026-08-06T17:08:44.137+0000] {dag.py:3947} INFO - Setting next_dagrun for feature_pipeline to 2026-08-06 17:00:00+00:00, run_after=2026-08-06 18:00:00+00:00
[2026-08-06T17:08:44.679+0000] {processor.py:183} INFO - Processing /opt/airflow/dags/feature_pipeline_dag.py took 3.358 seconds
[2026-08-06T17:09:15.714+0000] {processor.py:161} INFO - Started process (PID=1101) to work on /opt/airflow/dags/feature_pipeline_dag.py
[2026-08-06T17:09:15.774+0000] {processor.py:830} INFO - Processing file /opt/airflow/dags/feature_pipeline_dag.py for tasks to queue
[2026-08-06T17:09:15.951+0000] {logging_mixin.py:188} INFO - [2026-08-06T17:09:15.941+0000] {dagbag.py:545} INFO - Filling up the DagBag from /opt/airflow/dags/feature_pipeline_dag.py
[2026-08-06T17:09:21.977+0000] {processor.py:840} INFO - DAG(s) 'feature_pipeline' retrieved from /opt/airflow/dags/feature_pipeline_dag.py
[2026-08-06T17:09:22.032+0000] {logging_mixin.py:188} INFO - [2026-08-06T17:09:22.031+0000] {dag.py:3089} INFO - Sync 1 DAGs
[2026-08-06T17:09:22.352+0000] {logging_mixin.py:188} INFO - [2026-08-06T17:09:22.352+0000] {dag.py:3947} INFO - Setting next_dagrun for feature_pipeline to 2026-08-06 17:00:00+00:00, run_after=2026-08-06 18:00:00+00:00
[2026-08-06T17:09:22.382+0000] {processor.py:183} INFO - Processing /opt/airflow/dags/feature_pipeline_dag.py took 6.911 seconds
[2026-08-06T17:09:52.635+0000] {processor.py:161} INFO - Started process (PID=1162) to work on /opt/airflow/dags/feature_pipeline_dag.py
[2026-08-06T17:09:52.638+0000] {processor.py:830} INFO - Processing file /opt/airflow/dags/feature_pipeline_dag.py for tasks to queue
[2026-08-06T17:09:52.643+0000] {logging_mixin.py:188} INFO - [2026-08-06T17:09:52.642+0000] {dagbag.py:545} INFO - Filling up the DagBag from /opt/airflow/dags/feature_pipeline_dag.py
[2026-08-06T17:09:54.193+0000] {processor.py:840} INFO - DAG(s) 'feature_pipeline' retrieved from /opt/airflow/dags/feature_pipeline_dag.py
[2026-08-06T17:09:54.633+0000] {logging_mixin.py:188} INFO - [2026-08-06T17:09:54.257+0000] {dag.py:3089} INFO - Sync 1 DAGs
[2026-08-06T17:09:54.700+0000] {logging_mixin.py:188} INFO - [2026-08-06T17:09:54.700+0000] {dag.py:3947} INFO - Setting next_dagrun for feature_pipeline to 2026-08-06 17:00:00+00:00, run_after=2026-08-06 18:00:00+00:00
[2026-08-06T17:09:54.810+0000] {processor.py:183} INFO - Processing /opt/airflow/dags/feature_pipeline_dag.py took 2.196 seconds
[2026-08-06T17:10:25.047+0000] {processor.py:161} INFO - Started process (PID=1174) to work on /opt/airflow/dags/feature_pipeline_dag.py
[2026-08-06T17:10:25.050+0000] {processor.py:830} INFO - Processing file /opt/airflow/dags/feature_pipeline_dag.py for tasks to queue
[2026-08-06T17:10:25.056+0000] {logging_mixin.py:188} INFO - [2026-08-06T17:10:25.055+0000] {dagbag.py:545} INFO - Filling up the DagBag from /opt/airflow/dags/feature_pipeline_dag.py
[2026-08-06T17:10:26.795+0000] {processor.py:840} INFO - DAG(s) 'feature_pipeline' retrieved from /opt/airflow/dags/feature_pipeline_dag.py
[2026-08-06T17:10:27.304+0000] {logging_mixin.py:188} INFO - [2026-08-06T17:10:27.303+0000] {dag.py:3089} INFO - Sync 1 DAGs
[2026-08-06T17:10:27.341+0000] {logging_mixin.py:188} INFO - [2026-08-06T17:10:27.341+0000] {dag.py:3947} INFO - Setting next_dagrun for feature_pipeline to 2026-08-06 17:00:00+00:00, run_after=2026-08-06 18:00:00+00:00
[2026-08-06T17:10:27.378+0000] {processor.py:183} INFO - Processing /opt/airflow/dags/feature_pipeline_dag.py took 2.363 seconds
[2026-08-06T17:10:57.990+0000] {processor.py:161} INFO - Started process (PID=1186) to work on /opt/airflow/dags/feature_pipeline_dag.py
[2026-08-06T17:10:57.992+0000] {processor.py:830} INFO - Processing file /opt/airflow/dags/feature_pipeline_dag.py for tasks to queue
[2026-08-06T17:10:57.998+0000] {logging_mixin.py:188} INFO - [2026-08-06T17:10:57.997+0000] {dagbag.py:545} INFO - Filling up the DagBag from /opt/airflow/dags/feature_pipeline_dag.py
[2026-08-06T17:10:59.945+0000] {processor.py:840} INFO - DAG(s) 'feature_pipeline' retrieved from /opt/airflow/dags/feature_pipeline_dag.py
[2026-08-06T17:10:59.995+0000] {logging_mixin.py:188} INFO - [2026-08-06T17:10:59.994+0000] {dag.py:3089} INFO - Sync 1 DAGs
[2026-08-06T17:11:00.041+0000] {logging_mixin.py:188} INFO - [2026-08-06T17:11:00.040+0000] {dag.py:3947} INFO - Setting next_dagrun for feature_pipeline to 2026-08-06 17:00:00+00:00, run_after=2026-08-06 18:00:00+00:00
[2026-08-06T17:11:00.076+0000] {processor.py:183} INFO - Processing /opt/airflow/dags/feature_pipeline_dag.py took 2.107 seconds
[2026-08-06T17:11:30.434+0000] {processor.py:161} INFO - Started process (PID=1199) to work on /opt/airflow/dags/feature_pipeline_dag.py
[2026-08-06T17:11:30.436+0000] {processor.py:830} INFO - Processing file /opt/airflow/dags/feature_pipeline_dag.py for tasks to queue
[2026-08-06T17:11:30.441+0000] {logging_mixin.py:188} INFO - [2026-08-06T17:11:30.440+0000] {dagbag.py:545} INFO - Filling up the DagBag from /opt/airflow/dags/feature_pipeline_dag.py
[2026-08-06T17:11:31.771+0000] {processor.py:840} INFO - DAG(s) 'feature_pipeline' retrieved from /opt/airflow/dags/feature_pipeline_dag.py
[2026-08-06T17:11:31.818+0000] {logging_mixin.py:188} INFO - [2026-08-06T17:11:31.817+0000] {dag.py:3089} INFO - Sync 1 DAGs
[2026-08-06T17:11:31.854+0000] {logging_mixin.py:188} INFO - [2026-08-06T17:11:31.853+0000] {dag.py:3947} INFO - Setting next_dagrun for feature_pipeline to 2026-08-06 17:00:00+00:00, run_after=2026-08-06 18:00:00+00:00
[2026-08-06T17:11:31.893+0000] {processor.py:183} INFO - Processing /opt/airflow/dags/feature_pipeline_dag.py took 1.845 seconds
[2026-08-06T17:12:02.415+0000] {processor.py:161} INFO - Started process (PID=1213) to work on /opt/airflow/dags/feature_pipeline_dag.py
[2026-08-06T17:12:02.418+0000] {processor.py:830} INFO - Processing file /opt/airflow/dags/feature_pipeline_dag.py for tasks to queue
[2026-08-06T17:12:02.423+0000] {logging_mixin.py:188} INFO - [2026-08-06T17:12:02.422+0000] {dagbag.py:545} INFO - Filling up the DagBag from /opt/airflow/dags/feature_pipeline_dag.py
[2026-08-06T17:12:03.692+0000] {processor.py:840} INFO - DAG(s) 'feature_pipeline' retrieved from /opt/airflow/dags/feature_pipeline_dag.py
[2026-08-06T17:12:03.745+0000] {logging_mixin.py:188} INFO - [2026-08-06T17:12:03.745+0000] {dag.py:3089} INFO - Sync 1 DAGs
[2026-08-06T17:12:04.071+0000] {logging_mixin.py:188} INFO - [2026-08-06T17:12:04.070+0000] {dag.py:3947} INFO - Setting next_dagrun for feature_pipeline to 2026-08-06 17:00:00+00:00, run_after=2026-08-06 18:00:00+00:00
[2026-08-06T17:12:04.118+0000] {processor.py:183} INFO - Processing /opt/airflow/dags/feature_pipeline_dag.py took 1.721 seconds
[2026-08-06T17:12:34.399+0000] {processor.py:161} INFO - Started process (PID=1223) to work on /opt/airflow/dags/feature_pipeline_dag.py
[2026-08-06T17:12:34.402+0000] {processor.py:830} INFO - Processing file /opt/airflow/dags/feature_pipeline_dag.py for tasks to queue
[2026-08-06T17:12:34.407+0000] {logging_mixin.py:188} INFO - [2026-08-06T17:12:34.406+0000] {dagbag.py:545} INFO - Filling up the DagBag from /opt/airflow/dags/feature_pipeline_dag.py
[2026-08-06T17:12:35.774+0000] {processor.py:840} INFO - DAG(s) 'feature_pipeline' retrieved from /opt/airflow/dags/feature_pipeline_dag.py
[2026-08-06T17:12:35.831+0000] {logging_mixin.py:188} INFO - [2026-08-06T17:12:35.829+0000] {dag.py:3089} INFO - Sync 1 DAGs
[2026-08-06T17:12:36.121+0000] {logging_mixin.py:188} INFO - [2026-08-06T17:12:36.120+0000] {dag.py:3947} INFO - Setting next_dagrun for feature_pipeline to 2026-08-06 17:00:00+00:00, run_after=2026-08-06 18:00:00+00:00
[2026-08-06T17:12:36.154+0000] {processor.py:183} INFO - Processing /opt/airflow/dags/feature_pipeline_dag.py took 1.773 seconds
[2026-08-06T17:13:06.617+0000] {processor.py:161} INFO - Started process (PID=1237) to work on /opt/airflow/dags/feature_pipeline_dag.py
[2026-08-06T17:13:06.619+0000] {processor.py:830} INFO - Processing file /opt/airflow/dags/feature_pipeline_dag.py for tasks to queue
[2026-08-06T17:13:06.623+0000] {logging_mixin.py:188} INFO - [2026-08-06T17:13:06.623+0000] {dagbag.py:545} INFO - Filling up the DagBag from /opt/airflow/dags/feature_pipeline_dag.py
[2026-08-06T17:13:08.277+0000] {processor.py:840} INFO - DAG(s) 'feature_pipeline' retrieved from /opt/airflow/dags/feature_pipeline_dag.py
[2026-08-06T17:13:08.326+0000] {logging_mixin.py:188} INFO - [2026-08-06T17:13:08.326+0000] {dag.py:3089} INFO - Sync 1 DAGs
[2026-08-06T17:13:08.364+0000] {logging_mixin.py:188} INFO - [2026-08-06T17:13:08.363+0000] {dag.py:3947} INFO - Setting next_dagrun for feature_pipeline to 2026-08-06 17:00:00+00:00, run_after=2026-08-06 18:00:00+00:00
[2026-08-06T17:13:08.399+0000] {processor.py:183} INFO - Processing /opt/airflow/dags/feature_pipeline_dag.py took 1.800 seconds
[2026-08-06T17:13:39.424+0000] {processor.py:161} INFO - Started process (PID=1249) to work on /opt/airflow/dags/feature_pipeline_dag.py
[2026-08-06T17:13:39.427+0000] {processor.py:830} INFO - Processing file /opt/airflow/dags/feature_pipeline_dag.py for tasks to queue
[2026-08-06T17:13:39.433+0000] {logging_mixin.py:188} INFO - [2026-08-06T17:13:39.432+0000] {dagbag.py:545} INFO - Filling up the DagBag from /opt/airflow/dags/feature_pipeline_dag.py
[2026-08-06T17:13:40.853+0000] {processor.py:840} INFO - DAG(s) 'feature_pipeline' retrieved from /opt/airflow/dags/feature_pipeline_dag.py
[2026-08-06T17:13:41.234+0000] {logging_mixin.py:188} INFO - [2026-08-06T17:13:41.233+0000] {dag.py:3089} INFO - Sync 1 DAGs
[2026-08-06T17:13:41.273+0000] {logging_mixin.py:188} INFO - [2026-08-06T17:13:41.273+0000] {dag.py:3947} INFO - Setting next_dagrun for feature_pipeline to 2026-08-06 17:00:00+00:00, run_after=2026-08-06 18:00:00+00:00
[2026-08-06T17:13:41.309+0000] {processor.py:183} INFO - Processing /opt/airflow/dags/feature_pipeline_dag.py took 1.905 seconds
[2026-08-06T17:14:11.711+0000] {processor.py:161} INFO - Started process (PID=1261) to work on /opt/airflow/dags/feature_pipeline_dag.py
[2026-08-06T17:14:11.714+0000] {processor.py:830} INFO - Processing file /opt/airflow/dags/feature_pipeline_dag.py for tasks to queue
[2026-08-06T17:14:11.720+0000] {logging_mixin.py:188} INFO - [2026-08-06T17:14:11.719+0000] {dagbag.py:545} INFO - Filling up the DagBag from /opt/airflow/dags/feature_pipeline_dag.py
[2026-08-06T17:14:13.376+0000] {processor.py:840} INFO - DAG(s) 'feature_pipeline' retrieved from /opt/airflow/dags/feature_pipeline_dag.py
[2026-08-06T17:14:13.421+0000] {logging_mixin.py:188} INFO - [2026-08-06T17:14:13.420+0000] {dag.py:3089} INFO - Sync 1 DAGs
[2026-08-06T17:14:13.463+0000] {logging_mixin.py:188} INFO - [2026-08-06T17:14:13.463+0000] {dag.py:3947} INFO - Setting next_dagrun for feature_pipeline to 2026-08-06 17:00:00+00:00, run_after=2026-08-06 18:00:00+00:00
[2026-08-06T17:14:13.500+0000] {processor.py:183} INFO - Processing /opt/airflow/dags/feature_pipeline_dag.py took 1.806 seconds
[2026-08-06T17:14:43.695+0000] {processor.py:161} INFO - Started process (PID=1273) to work on /opt/airflow/dags/feature_pipeline_dag.py
[2026-08-06T17:14:43.698+0000] {processor.py:830} INFO - Processing file /opt/airflow/dags/feature_pipeline_dag.py for tasks to queue
[2026-08-06T17:14:43.703+0000] {logging_mixin.py:188} INFO - [2026-08-06T17:14:43.702+0000] {dagbag.py:545} INFO - Filling up the DagBag from /opt/airflow/dags/feature_pipeline_dag.py
[2026-08-06T17:14:45.168+0000] {processor.py:840} INFO - DAG(s) 'feature_pipeline' retrieved from /opt/airflow/dags/feature_pipeline_dag.py
[2026-08-06T17:14:45.242+0000] {logging_mixin.py:188} INFO - [2026-08-06T17:14:45.237+0000] {dag.py:3089} INFO - Sync 1 DAGs
[2026-08-06T17:14:45.558+0000] {logging_mixin.py:188} INFO - [2026-08-06T17:14:45.557+0000] {dag.py:3947} INFO - Setting next_dagrun for feature_pipeline to 2026-08-06 17:00:00+00:00, run_after=2026-08-06 18:00:00+00:00
[2026-08-06T17:14:45.591+0000] {processor.py:183} INFO - Processing /opt/airflow/dags/feature_pipeline_dag.py took 1.915 seconds
[2026-08-06T17:15:15.892+0000] {processor.py:161} INFO - Started process (PID=1283) to work on /opt/airflow/dags/feature_pipeline_dag.py
[2026-08-06T17:15:15.894+0000] {processor.py:830} INFO - Processing file /opt/airflow/dags/feature_pipeline_dag.py for tasks to queue
[2026-08-06T17:15:15.900+0000] {logging_mixin.py:188} INFO - [2026-08-06T17:15:15.900+0000] {dagbag.py:545} INFO - Filling up the DagBag from /opt/airflow/dags/feature_pipeline_dag.py
[2026-08-06T17:15:17.390+0000] {processor.py:840} INFO - DAG(s) 'feature_pipeline' retrieved from /opt/airflow/dags/feature_pipeline_dag.py
[2026-08-06T17:15:17.466+0000] {logging_mixin.py:188} INFO - [2026-08-06T17:15:17.465+0000] {dag.py:3089} INFO - Sync 1 DAGs
[2026-08-06T17:15:17.775+0000] {logging_mixin.py:188} INFO - [2026-08-06T17:15:17.775+0000] {dag.py:3947} INFO - Setting next_dagrun for feature_pipeline to 2026-08-06 17:00:00+00:00, run_after=2026-08-06 18:00:00+00:00
[2026-08-06T17:15:17.816+0000] {processor.py:183} INFO - Processing /opt/airflow/dags/feature_pipeline_dag.py took 1.940 seconds
[2026-08-06T17:15:48.171+0000] {processor.py:161} INFO - Started process (PID=1295) to work on /opt/airflow/dags/feature_pipeline_dag.py
[2026-08-06T17:15:48.173+0000] {processor.py:830} INFO - Processing file /opt/airflow/dags/feature_pipeline_dag.py for tasks to queue
[2026-08-06T17:15:48.179+0000] {logging_mixin.py:188} INFO - [2026-08-06T17:15:48.178+0000] {dagbag.py:545} INFO - Filling up the DagBag from /opt/airflow/dags/feature_pipeline_dag.py
[2026-08-06T17:15:49.401+0000] {processor.py:840} INFO - DAG(s) 'feature_pipeline' retrieved from /opt/airflow/dags/feature_pipeline_dag.py
[2026-08-06T17:15:49.715+0000] {logging_mixin.py:188} INFO - [2026-08-06T17:15:49.453+0000] {dag.py:3089} INFO - Sync 1 DAGs
[2026-08-06T17:15:48.504+0000] {logging_mixin.py:188} INFO - [2026-08-06T17:15:48.503+0000] {dag.py:3947} INFO - Setting next_dagrun for feature_pipeline to 2026-08-06 17:00:00+00:00, run_after=2026-08-06 18:00:00+00:00
[2026-08-06T17:15:48.540+0000] {processor.py:183} INFO - Processing /opt/airflow/dags/feature_pipeline_dag.py took 1.848 seconds
[2026-08-06T17:16:18.767+0000] {processor.py:161} INFO - Started process (PID=1303) to work on /opt/airflow/dags/feature_pipeline_dag.py
[2026-08-06T17:16:18.770+0000] {processor.py:830} INFO - Processing file /opt/airflow/dags/feature_pipeline_dag.py for tasks to queue
[2026-08-06T17:16:18.775+0000] {logging_mixin.py:188} INFO - [2026-08-06T17:16:18.774+0000] {dagbag.py:545} INFO - Filling up the DagBag from /opt/airflow/dags/feature_pipeline_dag.py
[2026-08-06T17:16:20.164+0000] {processor.py:840} INFO - DAG(s) 'feature_pipeline' retrieved from /opt/airflow/dags/feature_pipeline_dag.py
[2026-08-06T17:16:20.647+0000] {logging_mixin.py:188} INFO - [2026-08-06T17:16:20.645+0000] {dag.py:3089} INFO - Sync 1 DAGs
[2026-08-06T17:16:20.688+0000] {logging_mixin.py:188} INFO - [2026-08-06T17:16:20.687+0000] {dag.py:3947} INFO - Setting next_dagrun for feature_pipeline to 2026-08-06 17:00:00+00:00, run_after=2026-08-06 18:00:00+00:00
[2026-08-06T17:16:20.724+0000] {processor.py:183} INFO - Processing /opt/airflow/dags/feature_pipeline_dag.py took 1.974 seconds
[2026-08-06T17:16:51.136+0000] {processor.py:161} INFO - Started process (PID=1315) to work on /opt/airflow/dags/feature_pipeline_dag.py
[2026-08-06T17:16:51.139+0000] {processor.py:830} INFO - Processing file /opt/airflow/dags/feature_pipeline_dag.py for tasks to queue
[2026-08-06T17:16:51.144+0000] {logging_mixin.py:188} INFO - [2026-08-06T17:16:51.143+0000] {dagbag.py:545} INFO - Filling up the DagBag from /opt/airflow/dags/feature_pipeline_dag.py
[2026-08-06T17:16:53.170+0000] {processor.py:840} INFO - DAG(s) 'feature_pipeline' retrieved from /opt/airflow/dags/feature_pipeline_dag.py
[2026-08-06T17:16:53.220+0000] {logging_mixin.py:188} INFO - [2026-08-06T17:16:53.219+0000] {dag.py:3089} INFO - Sync 1 DAGs
[2026-08-06T17:16:53.261+0000] {logging_mixin.py:188} INFO - [2026-08-06T17:16:53.260+0000] {dag.py:3947} INFO - Setting next_dagrun for feature_pipeline to 2026-08-06 17:00:00+00:00, run_after=2026-08-06 18:00:00+00:00
[2026-08-06T17:16:53.300+0000] {processor.py:183} INFO - Processing /opt/airflow/dags/feature_pipeline_dag.py took 2.185 seconds
[2026-08-06T17:17:24.085+0000] {processor.py:161} INFO - Started process (PID=1327) to work on /opt/airflow/dags/feature_pipeline_dag.py
[2026-08-06T17:17:24.087+0000] {processor.py:830} INFO - Processing file /opt/airflow/dags/feature_pipeline_dag.py for tasks to queue
[2026-08-06T17:17:24.092+0000] {logging_mixin.py:188} INFO - [2026-08-06T17:17:24.092+0000] {dagbag.py:545} INFO - Filling up the DagBag from /opt/airflow/dags/feature_pipeline_dag.py
[2026-08-06T17:17:25.650+0000] {processor.py:840} INFO - DAG(s) 'feature_pipeline' retrieved from /opt/airflow/dags/feature_pipeline_dag.py
[2026-08-06T17:17:25.715+0000] {logging_mixin.py:188} INFO - [2026-08-06T17:17:25.714+0000] {dag.py:3089} INFO - Sync 1 DAGs
[2026-08-06T17:17:25.775+0000] {logging_mixin.py:188} INFO - [2026-08-06T17:17:25.774+0000] {dag.py:3947} INFO - Setting next_dagrun for feature_pipeline to 2026-08-06 17:00:00+00:00, run_after=2026-08-06 18:00:00+00:00
[2026-08-06T17:17:26.264+0000] {processor.py:183} INFO - Processing /opt/airflow/dags/feature_pipeline_dag.py took 2.197 seconds
[2026-08-06T17:17:57.265+0000] {processor.py:161} INFO - Started process (PID=1339) to work on /opt/airflow/dags/feature_pipeline_dag.py
[2026-08-06T17:17:57.268+0000] {processor.py:830} INFO - Processing file /opt/airflow/dags/feature_pipeline_dag.py for tasks to queue
[2026-08-06T17:17:57.278+0000] {logging_mixin.py:188} INFO - [2026-08-06T17:17:57.276+0000] {dagbag.py:545} INFO - Filling up the DagBag from /opt/airflow/dags/feature_pipeline_dag.py
[2026-08-06T17:17:59.470+0000] {processor.py:840} INFO - DAG(s) 'feature_pipeline' retrieved from /opt/airflow/dags/feature_pipeline_dag.py
[2026-08-06T17:17:59.532+0000] {logging_mixin.py:188} INFO - [2026-08-06T17:17:59.531+0000] {dag.py:3089} INFO - Sync 1 DAGs
[2026-08-06T17:17:59.941+0000] {logging_mixin.py:188} INFO - [2026-08-06T17:17:59.940+0000] {dag.py:3947} INFO - Setting next_dagrun for feature_pipeline to 2026-08-06 17:00:00+00:00, run_after=2026-08-06 18:00:00+00:00
[2026-08-06T17:17:59.976+0000] {processor.py:183} INFO - Processing /opt/airflow/dags/feature_pipeline_dag.py took 2.734 seconds
[2026-08-06T17:18:30.240+0000] {processor.py:161} INFO - Started process (PID=1351) to work on /opt/airflow/dags/feature_pipeline_dag.py
[2026-08-06T17:18:30.243+0000] {processor.py:830} INFO - Processing file /opt/airflow/dags/feature_pipeline_dag.py for tasks to queue
[2026-08-06T17:18:30.248+0000] {logging_mixin.py:188} INFO - [2026-08-06T17:18:30.247+0000] {dagbag.py:545} INFO - Filling up the DagBag from /opt/airflow/dags/feature_pipeline_dag.py
[2026-08-06T17:18:31.777+0000] {processor.py:840} INFO - DAG(s) 'feature_pipeline' retrieved from /opt/airflow/dags/feature_pipeline_dag.py
[2026-08-06T17:18:32.306+0000] {logging_mixin.py:188} INFO - [2026-08-06T17:18:31.860+0000] {dag.py:3089} INFO - Sync 1 DAGs
[2026-08-06T17:18:32.349+0000] {logging_mixin.py:188} INFO - [2026-08-06T17:18:32.349+0000] {dag.py:3947} INFO - Setting next_dagrun for feature_pipeline to 2026-08-06 17:00:00+00:00, run_after=2026-08-06 18:00:00+00:00
[2026-08-06T17:18:32.389+0000] {processor.py:183} INFO - Processing /opt/airflow/dags/feature_pipeline_dag.py took 2.180 seconds
[2026-08-06T20:18:52.543+0000] {processor.py:161} INFO - Started process (PID=1363) to work on /opt/airflow/dags/feature_pipeline_dag.py
[2026-08-06T20:18:52.546+0000] {processor.py:830} INFO - Processing file /opt/airflow/dags/feature_pipeline_dag.py for tasks to queue
[2026-08-06T20:18:52.555+0000] {logging_mixin.py:188} INFO - [2026-08-06T20:18:52.553+0000] {dagbag.py:545} INFO - Filling up the DagBag from /opt/airflow/dags/feature_pipeline_dag.py
[2026-08-06T20:18:54.212+0000] {processor.py:840} INFO - DAG(s) 'feature_pipeline' retrieved from /opt/airflow/dags/feature_pipeline_dag.py
[2026-08-06T20:18:54.371+0000] {logging_mixin.py:188} INFO - [2026-08-06T20:18:54.370+0000] {dag.py:3089} INFO - Sync 1 DAGs
[2026-08-06T20:18:55.457+0000] {logging_mixin.py:188} INFO - [2026-08-06T20:18:55.456+0000] {dag.py:3947} INFO - Setting next_dagrun for feature_pipeline to 2026-08-06 20:00:00+00:00, run_after=2026-08-06 21:00:00+00:00
[2026-08-06T20:18:57.326+0000] {processor.py:183} INFO - Processing /opt/airflow/dags/feature_pipeline_dag.py took 6.410 seconds
