[2026-08-06T13:08:28.303+0000] {processor.py:161} INFO - Started process (PID=170) to work on /opt/airflow/dags/training_pipeline_dag.py
[2026-08-06T13:08:28.307+0000] {processor.py:830} INFO - Processing file /opt/airflow/dags/training_pipeline_dag.py for tasks to queue
[2026-08-06T13:08:28.317+0000] {logging_mixin.py:188} INFO - [2026-08-06T13:08:28.315+0000] {dagbag.py:545} INFO - Filling up the DagBag from /opt/airflow/dags/training_pipeline_dag.py
[2026-08-06T13:08:50.149+0000] {processor.py:840} INFO - DAG(s) 'training_pipeline' retrieved from /opt/airflow/dags/training_pipeline_dag.py
[2026-08-06T13:08:50.092+0000] {logging_mixin.py:188} INFO - [2026-08-06T13:08:50.090+0000] {dag.py:3089} INFO - Sync 1 DAGs
[2026-08-06T13:08:48.649+0000] {logging_mixin.py:188} INFO - [2026-08-06T13:08:48.648+0000] {dag.py:3947} INFO - Setting next_dagrun for training_pipeline to 2026-08-06 00:00:00+00:00, run_after=2026-08-07 00:00:00+00:00
[2026-08-06T13:08:48.837+0000] {processor.py:183} INFO - Processing /opt/airflow/dags/training_pipeline_dag.py took 22.534 seconds
[2026-08-06T13:09:19.658+0000] {processor.py:161} INFO - Started process (PID=226) to work on /opt/airflow/dags/training_pipeline_dag.py
[2026-08-06T13:09:18.673+0000] {processor.py:830} INFO - Processing file /opt/airflow/dags/training_pipeline_dag.py for tasks to queue
[2026-08-06T13:09:19.000+0000] {logging_mixin.py:188} INFO - [2026-08-06T13:09:18.998+0000] {dagbag.py:545} INFO - Filling up the DagBag from /opt/airflow/dags/training_pipeline_dag.py
[2026-08-06T13:09:52.038+0000] {logging_mixin.py:188} INFO - [2026-08-06T13:09:52.037+0000] {timeout.py:68} ERROR - Process timed out, PID: 226
[2026-08-06T13:09:52.039+0000] {logging_mixin.py:188} WARNING - Exception ignored in: <bound method _MultipleClassMarker._remove_item of <sqlalchemy.orm.clsregistry._MultipleClassMarker object at 0x7b1edd551940>>
[2026-08-06T13:09:52.044+0000] {logging_mixin.py:188} WARNING - Traceback (most recent call last):
[2026-08-06T13:09:52.045+0000] {logging_mixin.py:188} WARNING -   File "/home/airflow/.local/lib/python3.11/site-packages/sqlalchemy/orm/clsregistry.py", line 157, in _remove_item
[2026-08-06T13:09:52.056+0000] {logging_mixin.py:188} WARNING -     def _remove_item(self, ref):
[2026-08-06T13:09:52.059+0000] {logging_mixin.py:188} WARNING -   File "/home/airflow/.local/lib/python3.11/site-packages/airflow/utils/timeout.py", line 69, in handle_timeout
[2026-08-06T13:09:52.060+0000] {logging_mixin.py:188} WARNING -     raise AirflowTaskTimeout(self.error_message)
[2026-08-06T13:09:52.062+0000] {logging_mixin.py:188} WARNING - airflow.exceptions.AirflowTaskTimeout: DagBag import timeout for /opt/airflow/dags/training_pipeline_dag.py after 30.0s.
Please take a look at these docs to improve your DAG import time:
* https://airflow.apache.org/docs/apache-airflow/2.9.3/best-practices.html#top-level-python-code
* https://airflow.apache.org/docs/apache-airflow/2.9.3/best-practices.html#reducing-dag-complexity, PID: 226
[2026-08-06T13:09:59.020+0000] {processor.py:840} INFO - DAG(s) 'training_pipeline' retrieved from /opt/airflow/dags/training_pipeline_dag.py
[2026-08-06T13:09:59.146+0000] {logging_mixin.py:188} INFO - [2026-08-06T13:09:59.145+0000] {dag.py:3089} INFO - Sync 1 DAGs
[2026-08-06T13:09:59.200+0000] {logging_mixin.py:188} INFO - [2026-08-06T13:09:59.199+0000] {dag.py:3947} INFO - Setting next_dagrun for training_pipeline to 2026-08-06 00:00:00+00:00, run_after=2026-08-07 00:00:00+00:00
[2026-08-06T13:09:59.251+0000] {processor.py:183} INFO - Processing /opt/airflow/dags/training_pipeline_dag.py took 42.073 seconds
[2026-08-06T13:10:29.795+0000] {processor.py:161} INFO - Started process (PID=391) to work on /opt/airflow/dags/training_pipeline_dag.py
[2026-08-06T13:10:29.798+0000] {processor.py:830} INFO - Processing file /opt/airflow/dags/training_pipeline_dag.py for tasks to queue
[2026-08-06T13:10:29.805+0000] {logging_mixin.py:188} INFO - [2026-08-06T13:10:29.804+0000] {dagbag.py:545} INFO - Filling up the DagBag from /opt/airflow/dags/training_pipeline_dag.py
[2026-08-06T13:10:31.894+0000] {processor.py:840} INFO - DAG(s) 'training_pipeline' retrieved from /opt/airflow/dags/training_pipeline_dag.py
[2026-08-06T13:10:31.957+0000] {logging_mixin.py:188} INFO - [2026-08-06T13:10:31.956+0000] {dag.py:3089} INFO - Sync 1 DAGs
[2026-08-06T13:10:32.001+0000] {logging_mixin.py:188} INFO - [2026-08-06T13:10:32.000+0000] {dag.py:3947} INFO - Setting next_dagrun for training_pipeline to 2026-08-06 00:00:00+00:00, run_after=2026-08-07 00:00:00+00:00
[2026-08-06T13:10:32.046+0000] {processor.py:183} INFO - Processing /opt/airflow/dags/training_pipeline_dag.py took 2.270 seconds
[2026-08-06T13:11:03.033+0000] {processor.py:161} INFO - Started process (PID=405) to work on /opt/airflow/dags/training_pipeline_dag.py
[2026-08-06T13:11:03.051+0000] {processor.py:830} INFO - Processing file /opt/airflow/dags/training_pipeline_dag.py for tasks to queue
[2026-08-06T13:11:03.104+0000] {logging_mixin.py:188} INFO - [2026-08-06T13:11:03.097+0000] {dagbag.py:545} INFO - Filling up the DagBag from /opt/airflow/dags/training_pipeline_dag.py
[2026-08-06T13:11:08.326+0000] {processor.py:840} INFO - DAG(s) 'training_pipeline' retrieved from /opt/airflow/dags/training_pipeline_dag.py
[2026-08-06T13:11:08.389+0000] {logging_mixin.py:188} INFO - [2026-08-06T13:11:08.387+0000] {dag.py:3089} INFO - Sync 1 DAGs
[2026-08-06T13:11:08.451+0000] {logging_mixin.py:188} INFO - [2026-08-06T13:11:08.451+0000] {dag.py:3947} INFO - Setting next_dagrun for training_pipeline to 2026-08-06 00:00:00+00:00, run_after=2026-08-07 00:00:00+00:00
[2026-08-06T13:11:08.509+0000] {processor.py:183} INFO - Processing /opt/airflow/dags/training_pipeline_dag.py took 5.547 seconds
[2026-08-06T13:11:39.479+0000] {processor.py:161} INFO - Started process (PID=417) to work on /opt/airflow/dags/training_pipeline_dag.py
[2026-08-06T13:11:39.482+0000] {processor.py:830} INFO - Processing file /opt/airflow/dags/training_pipeline_dag.py for tasks to queue
[2026-08-06T13:11:39.486+0000] {logging_mixin.py:188} INFO - [2026-08-06T13:11:39.485+0000] {dagbag.py:545} INFO - Filling up the DagBag from /opt/airflow/dags/training_pipeline_dag.py
[2026-08-06T13:11:41.473+0000] {processor.py:840} INFO - DAG(s) 'training_pipeline' retrieved from /opt/airflow/dags/training_pipeline_dag.py
[2026-08-06T13:11:41.523+0000] {logging_mixin.py:188} INFO - [2026-08-06T13:11:41.522+0000] {dag.py:3089} INFO - Sync 1 DAGs
[2026-08-06T13:11:39.776+0000] {logging_mixin.py:188} INFO - [2026-08-06T13:11:39.775+0000] {dag.py:3947} INFO - Setting next_dagrun for training_pipeline to 2026-08-06 00:00:00+00:00, run_after=2026-08-07 00:00:00+00:00
[2026-08-06T13:11:39.819+0000] {processor.py:183} INFO - Processing /opt/airflow/dags/training_pipeline_dag.py took 2.374 seconds
[2026-08-06T13:12:10.166+0000] {processor.py:161} INFO - Started process (PID=429) to work on /opt/airflow/dags/training_pipeline_dag.py
[2026-08-06T13:12:10.169+0000] {processor.py:830} INFO - Processing file /opt/airflow/dags/training_pipeline_dag.py for tasks to queue
[2026-08-06T13:12:10.174+0000] {logging_mixin.py:188} INFO - [2026-08-06T13:12:10.173+0000] {dagbag.py:545} INFO - Filling up the DagBag from /opt/airflow/dags/training_pipeline_dag.py
[2026-08-06T13:12:11.998+0000] {processor.py:840} INFO - DAG(s) 'training_pipeline' retrieved from /opt/airflow/dags/training_pipeline_dag.py
[2026-08-06T13:12:12.266+0000] {logging_mixin.py:188} INFO - [2026-08-06T13:12:12.059+0000] {dag.py:3089} INFO - Sync 1 DAGs
[2026-08-06T13:12:12.311+0000] {logging_mixin.py:188} INFO - [2026-08-06T13:12:12.311+0000] {dag.py:3947} INFO - Setting next_dagrun for training_pipeline to 2026-08-06 00:00:00+00:00, run_after=2026-08-07 00:00:00+00:00
[2026-08-06T13:12:12.351+0000] {processor.py:183} INFO - Processing /opt/airflow/dags/training_pipeline_dag.py took 2.203 seconds
[2026-08-06T13:12:42.608+0000] {processor.py:161} INFO - Started process (PID=441) to work on /opt/airflow/dags/training_pipeline_dag.py
[2026-08-06T13:12:42.610+0000] {processor.py:830} INFO - Processing file /opt/airflow/dags/training_pipeline_dag.py for tasks to queue
[2026-08-06T13:12:42.614+0000] {logging_mixin.py:188} INFO - [2026-08-06T13:12:42.614+0000] {dagbag.py:545} INFO - Filling up the DagBag from /opt/airflow/dags/training_pipeline_dag.py
[2026-08-06T13:12:43.908+0000] {processor.py:840} INFO - DAG(s) 'training_pipeline' retrieved from /opt/airflow/dags/training_pipeline_dag.py
[2026-08-06T13:12:44.284+0000] {logging_mixin.py:188} INFO - [2026-08-06T13:12:44.283+0000] {dag.py:3089} INFO - Sync 1 DAGs
[2026-08-06T13:12:44.324+0000] {logging_mixin.py:188} INFO - [2026-08-06T13:12:44.324+0000] {dag.py:3947} INFO - Setting next_dagrun for training_pipeline to 2026-08-06 00:00:00+00:00, run_after=2026-08-07 00:00:00+00:00
[2026-08-06T13:12:44.364+0000] {processor.py:183} INFO - Processing /opt/airflow/dags/training_pipeline_dag.py took 1.770 seconds
[2026-08-06T13:13:14.880+0000] {processor.py:161} INFO - Started process (PID=453) to work on /opt/airflow/dags/training_pipeline_dag.py
[2026-08-06T13:13:14.883+0000] {processor.py:830} INFO - Processing file /opt/airflow/dags/training_pipeline_dag.py for tasks to queue
[2026-08-06T13:13:14.888+0000] {logging_mixin.py:188} INFO - [2026-08-06T13:13:14.887+0000] {dagbag.py:545} INFO - Filling up the DagBag from /opt/airflow/dags/training_pipeline_dag.py
[2026-08-06T13:13:17.369+0000] {processor.py:840} INFO - DAG(s) 'training_pipeline' retrieved from /opt/airflow/dags/training_pipeline_dag.py
[2026-08-06T13:13:17.416+0000] {logging_mixin.py:188} INFO - [2026-08-06T13:13:17.415+0000] {dag.py:3089} INFO - Sync 1 DAGs
[2026-08-06T13:13:17.453+0000] {logging_mixin.py:188} INFO - [2026-08-06T13:13:17.452+0000] {dag.py:3947} INFO - Setting next_dagrun for training_pipeline to 2026-08-06 00:00:00+00:00, run_after=2026-08-07 00:00:00+00:00
[2026-08-06T13:13:17.490+0000] {processor.py:183} INFO - Processing /opt/airflow/dags/training_pipeline_dag.py took 2.627 seconds
[2026-08-06T13:13:48.546+0000] {processor.py:161} INFO - Started process (PID=465) to work on /opt/airflow/dags/training_pipeline_dag.py
[2026-08-06T13:13:48.549+0000] {processor.py:830} INFO - Processing file /opt/airflow/dags/training_pipeline_dag.py for tasks to queue
[2026-08-06T13:13:48.554+0000] {logging_mixin.py:188} INFO - [2026-08-06T13:13:48.553+0000] {dagbag.py:545} INFO - Filling up the DagBag from /opt/airflow/dags/training_pipeline_dag.py
[2026-08-06T13:13:49.797+0000] {processor.py:840} INFO - DAG(s) 'training_pipeline' retrieved from /opt/airflow/dags/training_pipeline_dag.py
[2026-08-06T13:13:49.859+0000] {logging_mixin.py:188} INFO - [2026-08-06T13:13:49.859+0000] {dag.py:3089} INFO - Sync 1 DAGs
[2026-08-06T13:13:49.903+0000] {logging_mixin.py:188} INFO - [2026-08-06T13:13:49.903+0000] {dag.py:3947} INFO - Setting next_dagrun for training_pipeline to 2026-08-06 00:00:00+00:00, run_after=2026-08-07 00:00:00+00:00
[2026-08-06T13:13:50.212+0000] {processor.py:183} INFO - Processing /opt/airflow/dags/training_pipeline_dag.py took 1.686 seconds
[2026-08-06T13:14:20.418+0000] {processor.py:161} INFO - Started process (PID=477) to work on /opt/airflow/dags/training_pipeline_dag.py
[2026-08-06T13:14:20.421+0000] {processor.py:830} INFO - Processing file /opt/airflow/dags/training_pipeline_dag.py for tasks to queue
[2026-08-06T13:14:20.426+0000] {logging_mixin.py:188} INFO - [2026-08-06T13:14:20.425+0000] {dagbag.py:545} INFO - Filling up the DagBag from /opt/airflow/dags/training_pipeline_dag.py
[2026-08-06T13:14:22.021+0000] {processor.py:840} INFO - DAG(s) 'training_pipeline' retrieved from /opt/airflow/dags/training_pipeline_dag.py
[2026-08-06T13:14:22.068+0000] {logging_mixin.py:188} INFO - [2026-08-06T13:14:22.067+0000] {dag.py:3089} INFO - Sync 1 DAGs
[2026-08-06T13:14:22.108+0000] {logging_mixin.py:188} INFO - [2026-08-06T13:14:22.108+0000] {dag.py:3947} INFO - Setting next_dagrun for training_pipeline to 2026-08-06 00:00:00+00:00, run_after=2026-08-07 00:00:00+00:00
[2026-08-06T13:14:22.143+0000] {processor.py:183} INFO - Processing /opt/airflow/dags/training_pipeline_dag.py took 1.742 seconds
[2026-08-06T13:14:52.343+0000] {processor.py:161} INFO - Started process (PID=489) to work on /opt/airflow/dags/training_pipeline_dag.py
[2026-08-06T13:14:52.346+0000] {processor.py:830} INFO - Processing file /opt/airflow/dags/training_pipeline_dag.py for tasks to queue
[2026-08-06T13:14:52.354+0000] {logging_mixin.py:188} INFO - [2026-08-06T13:14:52.353+0000] {dagbag.py:545} INFO - Filling up the DagBag from /opt/airflow/dags/training_pipeline_dag.py
[2026-08-06T13:14:55.487+0000] {processor.py:840} INFO - DAG(s) 'training_pipeline' retrieved from /opt/airflow/dags/training_pipeline_dag.py
[2026-08-06T13:14:56.288+0000] {logging_mixin.py:188} INFO - [2026-08-06T13:14:55.677+0000] {dag.py:3089} INFO - Sync 1 DAGs
[2026-08-06T13:14:56.337+0000] {logging_mixin.py:188} INFO - [2026-08-06T13:14:56.336+0000] {dag.py:3947} INFO - Setting next_dagrun for training_pipeline to 2026-08-06 00:00:00+00:00, run_after=2026-08-07 00:00:00+00:00
[2026-08-06T13:14:56.386+0000] {processor.py:183} INFO - Processing /opt/airflow/dags/training_pipeline_dag.py took 4.063 seconds
[2026-08-06T13:15:27.495+0000] {processor.py:161} INFO - Started process (PID=501) to work on /opt/airflow/dags/training_pipeline_dag.py
[2026-08-06T13:15:27.498+0000] {processor.py:830} INFO - Processing file /opt/airflow/dags/training_pipeline_dag.py for tasks to queue
[2026-08-06T13:15:27.503+0000] {logging_mixin.py:188} INFO - [2026-08-06T13:15:27.502+0000] {dagbag.py:545} INFO - Filling up the DagBag from /opt/airflow/dags/training_pipeline_dag.py
[2026-08-06T13:15:27.139+0000] {processor.py:840} INFO - DAG(s) 'training_pipeline' retrieved from /opt/airflow/dags/training_pipeline_dag.py
[2026-08-06T13:15:27.504+0000] {logging_mixin.py:188} INFO - [2026-08-06T13:15:27.503+0000] {dag.py:3089} INFO - Sync 1 DAGs
[2026-08-06T13:15:27.544+0000] {logging_mixin.py:188} INFO - [2026-08-06T13:15:27.543+0000] {dag.py:3947} INFO - Setting next_dagrun for training_pipeline to 2026-08-06 00:00:00+00:00, run_after=2026-08-07 00:00:00+00:00
[2026-08-06T13:15:27.580+0000] {processor.py:183} INFO - Processing /opt/airflow/dags/training_pipeline_dag.py took 1.802 seconds
[2026-08-06T13:15:57.777+0000] {processor.py:161} INFO - Started process (PID=513) to work on /opt/airflow/dags/training_pipeline_dag.py
[2026-08-06T13:15:57.780+0000] {processor.py:830} INFO - Processing file /opt/airflow/dags/training_pipeline_dag.py for tasks to queue
[2026-08-06T13:15:57.785+0000] {logging_mixin.py:188} INFO - [2026-08-06T13:15:57.785+0000] {dagbag.py:545} INFO - Filling up the DagBag from /opt/airflow/dags/training_pipeline_dag.py
[2026-08-06T13:15:59.572+0000] {processor.py:840} INFO - DAG(s) 'training_pipeline' retrieved from /opt/airflow/dags/training_pipeline_dag.py
[2026-08-06T13:15:59.621+0000] {logging_mixin.py:188} INFO - [2026-08-06T13:15:59.620+0000] {dag.py:3089} INFO - Sync 1 DAGs
[2026-08-06T13:15:59.658+0000] {logging_mixin.py:188} INFO - [2026-08-06T13:15:59.658+0000] {dag.py:3947} INFO - Setting next_dagrun for training_pipeline to 2026-08-06 00:00:00+00:00, run_after=2026-08-07 00:00:00+00:00
[2026-08-06T13:15:59.695+0000] {processor.py:183} INFO - Processing /opt/airflow/dags/training_pipeline_dag.py took 1.937 seconds
[2026-08-06T13:16:29.954+0000] {processor.py:161} INFO - Started process (PID=525) to work on /opt/airflow/dags/training_pipeline_dag.py
[2026-08-06T13:16:29.957+0000] {processor.py:830} INFO - Processing file /opt/airflow/dags/training_pipeline_dag.py for tasks to queue
[2026-08-06T13:16:29.964+0000] {logging_mixin.py:188} INFO - [2026-08-06T13:16:29.963+0000] {dagbag.py:545} INFO - Filling up the DagBag from /opt/airflow/dags/training_pipeline_dag.py
[2026-08-06T13:16:31.752+0000] {processor.py:840} INFO - DAG(s) 'training_pipeline' retrieved from /opt/airflow/dags/training_pipeline_dag.py
[2026-08-06T13:16:31.797+0000] {logging_mixin.py:188} INFO - [2026-08-06T13:16:31.796+0000] {dag.py:3089} INFO - Sync 1 DAGs
[2026-08-06T13:16:31.834+0000] {logging_mixin.py:188} INFO - [2026-08-06T13:16:31.834+0000] {dag.py:3947} INFO - Setting next_dagrun for training_pipeline to 2026-08-06 00:00:00+00:00, run_after=2026-08-07 00:00:00+00:00
[2026-08-06T13:16:31.873+0000] {processor.py:183} INFO - Processing /opt/airflow/dags/training_pipeline_dag.py took 1.940 seconds
[2026-08-06T13:17:02.208+0000] {processor.py:161} INFO - Started process (PID=537) to work on /opt/airflow/dags/training_pipeline_dag.py
[2026-08-06T13:17:02.211+0000] {processor.py:830} INFO - Processing file /opt/airflow/dags/training_pipeline_dag.py for tasks to queue
[2026-08-06T13:17:02.217+0000] {logging_mixin.py:188} INFO - [2026-08-06T13:17:02.216+0000] {dagbag.py:545} INFO - Filling up the DagBag from /opt/airflow/dags/training_pipeline_dag.py
[2026-08-06T13:17:04.152+0000] {processor.py:840} INFO - DAG(s) 'training_pipeline' retrieved from /opt/airflow/dags/training_pipeline_dag.py
[2026-08-06T13:17:04.214+0000] {logging_mixin.py:188} INFO - [2026-08-06T13:17:04.213+0000] {dag.py:3089} INFO - Sync 1 DAGs
[2026-08-06T13:17:04.261+0000] {logging_mixin.py:188} INFO - [2026-08-06T13:17:04.260+0000] {dag.py:3947} INFO - Setting next_dagrun for training_pipeline to 2026-08-06 00:00:00+00:00, run_after=2026-08-07 00:00:00+00:00
[2026-08-06T13:17:04.304+0000] {processor.py:183} INFO - Processing /opt/airflow/dags/training_pipeline_dag.py took 2.115 seconds
[2026-08-06T13:17:34.813+0000] {processor.py:161} INFO - Started process (PID=549) to work on /opt/airflow/dags/training_pipeline_dag.py
[2026-08-06T13:17:34.816+0000] {processor.py:830} INFO - Processing file /opt/airflow/dags/training_pipeline_dag.py for tasks to queue
[2026-08-06T13:17:34.820+0000] {logging_mixin.py:188} INFO - [2026-08-06T13:17:34.819+0000] {dagbag.py:545} INFO - Filling up the DagBag from /opt/airflow/dags/training_pipeline_dag.py
[2026-08-06T13:17:36.261+0000] {processor.py:840} INFO - DAG(s) 'training_pipeline' retrieved from /opt/airflow/dags/training_pipeline_dag.py
[2026-08-06T13:17:36.331+0000] {logging_mixin.py:188} INFO - [2026-08-06T13:17:36.328+0000] {dag.py:3089} INFO - Sync 1 DAGs
[2026-08-06T13:17:36.693+0000] {logging_mixin.py:188} INFO - [2026-08-06T13:17:36.693+0000] {dag.py:3947} INFO - Setting next_dagrun for training_pipeline to 2026-08-06 00:00:00+00:00, run_after=2026-08-07 00:00:00+00:00
[2026-08-06T13:17:36.737+0000] {processor.py:183} INFO - Processing /opt/airflow/dags/training_pipeline_dag.py took 1.942 seconds
[2026-08-06T13:18:07.669+0000] {processor.py:161} INFO - Started process (PID=561) to work on /opt/airflow/dags/training_pipeline_dag.py
[2026-08-06T13:18:07.672+0000] {processor.py:830} INFO - Processing file /opt/airflow/dags/training_pipeline_dag.py for tasks to queue
[2026-08-06T13:18:07.681+0000] {logging_mixin.py:188} INFO - [2026-08-06T13:18:07.680+0000] {dagbag.py:545} INFO - Filling up the DagBag from /opt/airflow/dags/training_pipeline_dag.py
[2026-08-06T13:18:10.174+0000] {processor.py:840} INFO - DAG(s) 'training_pipeline' retrieved from /opt/airflow/dags/training_pipeline_dag.py
[2026-08-06T13:18:10.686+0000] {logging_mixin.py:188} INFO - [2026-08-06T13:18:10.685+0000] {dag.py:3089} INFO - Sync 1 DAGs
[2026-08-06T13:18:10.735+0000] {logging_mixin.py:188} INFO - [2026-08-06T13:18:10.734+0000] {dag.py:3947} INFO - Setting next_dagrun for training_pipeline to 2026-08-06 00:00:00+00:00, run_after=2026-08-07 00:00:00+00:00
[2026-08-06T13:18:10.781+0000] {processor.py:183} INFO - Processing /opt/airflow/dags/training_pipeline_dag.py took 3.129 seconds
[2026-08-06T13:18:41.488+0000] {processor.py:161} INFO - Started process (PID=573) to work on /opt/airflow/dags/training_pipeline_dag.py
[2026-08-06T13:18:41.491+0000] {processor.py:830} INFO - Processing file /opt/airflow/dags/training_pipeline_dag.py for tasks to queue
[2026-08-06T13:18:41.497+0000] {logging_mixin.py:188} INFO - [2026-08-06T13:18:41.496+0000] {dagbag.py:545} INFO - Filling up the DagBag from /opt/airflow/dags/training_pipeline_dag.py
[2026-08-06T13:18:43.684+0000] {processor.py:840} INFO - DAG(s) 'training_pipeline' retrieved from /opt/airflow/dags/training_pipeline_dag.py
[2026-08-06T13:18:44.650+0000] {logging_mixin.py:188} INFO - [2026-08-06T13:18:44.649+0000] {dag.py:3089} INFO - Sync 1 DAGs
[2026-08-06T13:18:44.715+0000] {logging_mixin.py:188} INFO - [2026-08-06T13:18:44.714+0000] {dag.py:3947} INFO - Setting next_dagrun for training_pipeline to 2026-08-06 00:00:00+00:00, run_after=2026-08-07 00:00:00+00:00
[2026-08-06T13:18:44.760+0000] {processor.py:183} INFO - Processing /opt/airflow/dags/training_pipeline_dag.py took 3.316 seconds
[2026-08-06T13:19:15.893+0000] {processor.py:161} INFO - Started process (PID=585) to work on /opt/airflow/dags/training_pipeline_dag.py
[2026-08-06T13:19:15.896+0000] {processor.py:830} INFO - Processing file /opt/airflow/dags/training_pipeline_dag.py for tasks to queue
[2026-08-06T13:19:15.900+0000] {logging_mixin.py:188} INFO - [2026-08-06T13:19:15.899+0000] {dagbag.py:545} INFO - Filling up the DagBag from /opt/airflow/dags/training_pipeline_dag.py
[2026-08-06T13:19:18.997+0000] {processor.py:840} INFO - DAG(s) 'training_pipeline' retrieved from /opt/airflow/dags/training_pipeline_dag.py
[2026-08-06T13:19:19.124+0000] {logging_mixin.py:188} INFO - [2026-08-06T13:19:19.123+0000] {dag.py:3089} INFO - Sync 1 DAGs
[2026-08-06T13:19:19.173+0000] {logging_mixin.py:188} INFO - [2026-08-06T13:19:19.173+0000] {dag.py:3947} INFO - Setting next_dagrun for training_pipeline to 2026-08-06 00:00:00+00:00, run_after=2026-08-07 00:00:00+00:00
[2026-08-06T13:19:19.244+0000] {processor.py:183} INFO - Processing /opt/airflow/dags/training_pipeline_dag.py took 3.370 seconds
[2026-08-06T13:19:49.717+0000] {processor.py:161} INFO - Started process (PID=597) to work on /opt/airflow/dags/training_pipeline_dag.py
[2026-08-06T13:19:49.720+0000] {processor.py:830} INFO - Processing file /opt/airflow/dags/training_pipeline_dag.py for tasks to queue
[2026-08-06T13:19:49.726+0000] {logging_mixin.py:188} INFO - [2026-08-06T13:19:49.725+0000] {dagbag.py:545} INFO - Filling up the DagBag from /opt/airflow/dags/training_pipeline_dag.py
[2026-08-06T13:19:53.535+0000] {processor.py:840} INFO - DAG(s) 'training_pipeline' retrieved from /opt/airflow/dags/training_pipeline_dag.py
[2026-08-06T13:19:53.602+0000] {logging_mixin.py:188} INFO - [2026-08-06T13:19:53.601+0000] {dag.py:3089} INFO - Sync 1 DAGs
[2026-08-06T13:19:53.660+0000] {logging_mixin.py:188} INFO - [2026-08-06T13:19:53.659+0000] {dag.py:3947} INFO - Setting next_dagrun for training_pipeline to 2026-08-06 00:00:00+00:00, run_after=2026-08-07 00:00:00+00:00
[2026-08-06T13:19:53.713+0000] {processor.py:183} INFO - Processing /opt/airflow/dags/training_pipeline_dag.py took 4.018 seconds
[2026-08-06T13:20:25.602+0000] {processor.py:161} INFO - Started process (PID=609) to work on /opt/airflow/dags/training_pipeline_dag.py
[2026-08-06T13:20:25.605+0000] {processor.py:830} INFO - Processing file /opt/airflow/dags/training_pipeline_dag.py for tasks to queue
[2026-08-06T13:20:25.610+0000] {logging_mixin.py:188} INFO - [2026-08-06T13:20:25.609+0000] {dagbag.py:545} INFO - Filling up the DagBag from /opt/airflow/dags/training_pipeline_dag.py
[2026-08-06T13:20:37.963+0000] {processor.py:840} INFO - DAG(s) 'training_pipeline' retrieved from /opt/airflow/dags/training_pipeline_dag.py
[2026-08-06T13:20:38.028+0000] {logging_mixin.py:188} INFO - [2026-08-06T13:20:38.027+0000] {dag.py:3089} INFO - Sync 1 DAGs
[2026-08-06T13:20:38.067+0000] {logging_mixin.py:188} INFO - [2026-08-06T13:20:38.066+0000] {dag.py:3947} INFO - Setting next_dagrun for training_pipeline to 2026-08-06 00:00:00+00:00, run_after=2026-08-07 00:00:00+00:00
[2026-08-06T13:20:38.241+0000] {processor.py:183} INFO - Processing /opt/airflow/dags/training_pipeline_dag.py took 12.658 seconds
[2026-08-06T13:21:08.481+0000] {processor.py:161} INFO - Started process (PID=621) to work on /opt/airflow/dags/training_pipeline_dag.py
[2026-08-06T13:21:08.485+0000] {processor.py:830} INFO - Processing file /opt/airflow/dags/training_pipeline_dag.py for tasks to queue
[2026-08-06T13:21:08.491+0000] {logging_mixin.py:188} INFO - [2026-08-06T13:21:08.491+0000] {dagbag.py:545} INFO - Filling up the DagBag from /opt/airflow/dags/training_pipeline_dag.py
[2026-08-06T13:21:10.924+0000] {processor.py:840} INFO - DAG(s) 'training_pipeline' retrieved from /opt/airflow/dags/training_pipeline_dag.py
[2026-08-06T13:21:11.924+0000] {logging_mixin.py:188} INFO - [2026-08-06T13:21:11.923+0000] {dag.py:3089} INFO - Sync 1 DAGs
[2026-08-06T13:21:11.965+0000] {logging_mixin.py:188} INFO - [2026-08-06T13:21:11.965+0000] {dag.py:3947} INFO - Setting next_dagrun for training_pipeline to 2026-08-06 00:00:00+00:00, run_after=2026-08-07 00:00:00+00:00
[2026-08-06T13:21:12.012+0000] {processor.py:183} INFO - Processing /opt/airflow/dags/training_pipeline_dag.py took 3.592 seconds
[2026-08-06T13:21:42.226+0000] {processor.py:161} INFO - Started process (PID=633) to work on /opt/airflow/dags/training_pipeline_dag.py
[2026-08-06T13:21:42.230+0000] {processor.py:830} INFO - Processing file /opt/airflow/dags/training_pipeline_dag.py for tasks to queue
[2026-08-06T13:21:42.234+0000] {logging_mixin.py:188} INFO - [2026-08-06T13:21:42.234+0000] {dagbag.py:545} INFO - Filling up the DagBag from /opt/airflow/dags/training_pipeline_dag.py
[2026-08-06T13:21:47.842+0000] {processor.py:840} INFO - DAG(s) 'training_pipeline' retrieved from /opt/airflow/dags/training_pipeline_dag.py
[2026-08-06T13:21:48.793+0000] {logging_mixin.py:188} INFO - [2026-08-06T13:21:48.792+0000] {dag.py:3089} INFO - Sync 1 DAGs
[2026-08-06T13:21:48.837+0000] {logging_mixin.py:188} INFO - [2026-08-06T13:21:48.837+0000] {dag.py:3947} INFO - Setting next_dagrun for training_pipeline to 2026-08-06 00:00:00+00:00, run_after=2026-08-07 00:00:00+00:00
[2026-08-06T13:21:48.877+0000] {processor.py:183} INFO - Processing /opt/airflow/dags/training_pipeline_dag.py took 6.669 seconds
[2026-08-06T13:22:23.943+0000] {processor.py:161} INFO - Started process (PID=645) to work on /opt/airflow/dags/training_pipeline_dag.py
[2026-08-06T13:22:23.948+0000] {processor.py:830} INFO - Processing file /opt/airflow/dags/training_pipeline_dag.py for tasks to queue
[2026-08-06T13:22:23.952+0000] {logging_mixin.py:188} INFO - [2026-08-06T13:22:23.952+0000] {dagbag.py:545} INFO - Filling up the DagBag from /opt/airflow/dags/training_pipeline_dag.py
[2026-08-06T13:22:26.732+0000] {processor.py:840} INFO - DAG(s) 'training_pipeline' retrieved from /opt/airflow/dags/training_pipeline_dag.py
[2026-08-06T13:22:26.785+0000] {logging_mixin.py:188} INFO - [2026-08-06T13:22:26.784+0000] {dag.py:3089} INFO - Sync 1 DAGs
[2026-08-06T13:22:26.827+0000] {logging_mixin.py:188} INFO - [2026-08-06T13:22:26.826+0000] {dag.py:3947} INFO - Setting next_dagrun for training_pipeline to 2026-08-06 00:00:00+00:00, run_after=2026-08-07 00:00:00+00:00
[2026-08-06T13:22:26.872+0000] {processor.py:183} INFO - Processing /opt/airflow/dags/training_pipeline_dag.py took 2.948 seconds
[2026-08-06T13:22:57.282+0000] {processor.py:161} INFO - Started process (PID=657) to work on /opt/airflow/dags/training_pipeline_dag.py
[2026-08-06T13:22:57.289+0000] {processor.py:830} INFO - Processing file /opt/airflow/dags/training_pipeline_dag.py for tasks to queue
[2026-08-06T13:22:57.295+0000] {logging_mixin.py:188} INFO - [2026-08-06T13:22:57.294+0000] {dagbag.py:545} INFO - Filling up the DagBag from /opt/airflow/dags/training_pipeline_dag.py
[2026-08-06T13:22:59.444+0000] {processor.py:840} INFO - DAG(s) 'training_pipeline' retrieved from /opt/airflow/dags/training_pipeline_dag.py
[2026-08-06T13:22:59.533+0000] {logging_mixin.py:188} INFO - [2026-08-06T13:22:59.532+0000] {dag.py:3089} INFO - Sync 1 DAGs
[2026-08-06T13:22:59.592+0000] {logging_mixin.py:188} INFO - [2026-08-06T13:22:59.592+0000] {dag.py:3947} INFO - Setting next_dagrun for training_pipeline to 2026-08-06 00:00:00+00:00, run_after=2026-08-07 00:00:00+00:00
[2026-08-06T13:22:59.638+0000] {processor.py:183} INFO - Processing /opt/airflow/dags/training_pipeline_dag.py took 2.380 seconds
[2026-08-06T13:23:29.893+0000] {processor.py:161} INFO - Started process (PID=669) to work on /opt/airflow/dags/training_pipeline_dag.py
[2026-08-06T13:23:29.895+0000] {processor.py:830} INFO - Processing file /opt/airflow/dags/training_pipeline_dag.py for tasks to queue
[2026-08-06T13:23:29.900+0000] {logging_mixin.py:188} INFO - [2026-08-06T13:23:29.899+0000] {dagbag.py:545} INFO - Filling up the DagBag from /opt/airflow/dags/training_pipeline_dag.py
[2026-08-06T13:23:31.725+0000] {processor.py:840} INFO - DAG(s) 'training_pipeline' retrieved from /opt/airflow/dags/training_pipeline_dag.py
[2026-08-06T13:23:31.453+0000] {logging_mixin.py:188} INFO - [2026-08-06T13:23:31.452+0000] {dag.py:3089} INFO - Sync 1 DAGs
[2026-08-06T13:23:31.499+0000] {logging_mixin.py:188} INFO - [2026-08-06T13:23:31.499+0000] {dag.py:3947} INFO - Setting next_dagrun for training_pipeline to 2026-08-06 00:00:00+00:00, run_after=2026-08-07 00:00:00+00:00
[2026-08-06T13:23:31.540+0000] {processor.py:183} INFO - Processing /opt/airflow/dags/training_pipeline_dag.py took 1.998 seconds
[2026-08-06T13:24:00.447+0000] {processor.py:161} INFO - Started process (PID=681) to work on /opt/airflow/dags/training_pipeline_dag.py
[2026-08-06T13:24:00.449+0000] {processor.py:830} INFO - Processing file /opt/airflow/dags/training_pipeline_dag.py for tasks to queue
[2026-08-06T13:24:00.454+0000] {logging_mixin.py:188} INFO - [2026-08-06T13:24:00.453+0000] {dagbag.py:545} INFO - Filling up the DagBag from /opt/airflow/dags/training_pipeline_dag.py
[2026-08-06T13:24:02.056+0000] {processor.py:840} INFO - DAG(s) 'training_pipeline' retrieved from /opt/airflow/dags/training_pipeline_dag.py
[2026-08-06T13:24:02.548+0000] {logging_mixin.py:188} INFO - [2026-08-06T13:24:02.547+0000] {dag.py:3089} INFO - Sync 1 DAGs
[2026-08-06T13:24:02.591+0000] {logging_mixin.py:188} INFO - [2026-08-06T13:24:02.590+0000] {dag.py:3947} INFO - Setting next_dagrun for training_pipeline to 2026-08-06 00:00:00+00:00, run_after=2026-08-07 00:00:00+00:00
[2026-08-06T13:24:02.631+0000] {processor.py:183} INFO - Processing /opt/airflow/dags/training_pipeline_dag.py took 2.205 seconds
[2026-08-06T13:24:33.278+0000] {processor.py:161} INFO - Started process (PID=693) to work on /opt/airflow/dags/training_pipeline_dag.py
[2026-08-06T13:24:33.281+0000] {processor.py:830} INFO - Processing file /opt/airflow/dags/training_pipeline_dag.py for tasks to queue
[2026-08-06T13:24:33.286+0000] {logging_mixin.py:188} INFO - [2026-08-06T13:24:33.285+0000] {dagbag.py:545} INFO - Filling up the DagBag from /opt/airflow/dags/training_pipeline_dag.py
[2026-08-06T13:24:34.695+0000] {processor.py:840} INFO - DAG(s) 'training_pipeline' retrieved from /opt/airflow/dags/training_pipeline_dag.py
[2026-08-06T13:24:35.173+0000] {logging_mixin.py:188} INFO - [2026-08-06T13:24:35.172+0000] {dag.py:3089} INFO - Sync 1 DAGs
[2026-08-06T13:24:35.213+0000] {logging_mixin.py:188} INFO - [2026-08-06T13:24:35.212+0000] {dag.py:3947} INFO - Setting next_dagrun for training_pipeline to 2026-08-06 00:00:00+00:00, run_after=2026-08-07 00:00:00+00:00
[2026-08-06T13:24:35.252+0000] {processor.py:183} INFO - Processing /opt/airflow/dags/training_pipeline_dag.py took 1.991 seconds
[2026-08-06T13:25:05.901+0000] {processor.py:161} INFO - Started process (PID=705) to work on /opt/airflow/dags/training_pipeline_dag.py
[2026-08-06T13:25:05.904+0000] {processor.py:830} INFO - Processing file /opt/airflow/dags/training_pipeline_dag.py for tasks to queue
[2026-08-06T13:25:05.912+0000] {logging_mixin.py:188} INFO - [2026-08-06T13:25:05.911+0000] {dagbag.py:545} INFO - Filling up the DagBag from /opt/airflow/dags/training_pipeline_dag.py
[2026-08-06T13:25:07.929+0000] {processor.py:840} INFO - DAG(s) 'training_pipeline' retrieved from /opt/airflow/dags/training_pipeline_dag.py
[2026-08-06T13:25:07.987+0000] {logging_mixin.py:188} INFO - [2026-08-06T13:25:07.986+0000] {dag.py:3089} INFO - Sync 1 DAGs
[2026-08-06T13:25:08.034+0000] {logging_mixin.py:188} INFO - [2026-08-06T13:25:08.033+0000] {dag.py:3947} INFO - Setting next_dagrun for training_pipeline to 2026-08-06 00:00:00+00:00, run_after=2026-08-07 00:00:00+00:00
[2026-08-06T13:25:08.081+0000] {processor.py:183} INFO - Processing /opt/airflow/dags/training_pipeline_dag.py took 2.201 seconds
[2026-08-06T13:25:38.673+0000] {processor.py:161} INFO - Started process (PID=717) to work on /opt/airflow/dags/training_pipeline_dag.py
[2026-08-06T13:25:38.677+0000] {processor.py:830} INFO - Processing file /opt/airflow/dags/training_pipeline_dag.py for tasks to queue
[2026-08-06T13:25:38.683+0000] {logging_mixin.py:188} INFO - [2026-08-06T13:25:38.682+0000] {dagbag.py:545} INFO - Filling up the DagBag from /opt/airflow/dags/training_pipeline_dag.py
[2026-08-06T13:25:40.698+0000] {processor.py:840} INFO - DAG(s) 'training_pipeline' retrieved from /opt/airflow/dags/training_pipeline_dag.py
[2026-08-06T13:25:40.749+0000] {logging_mixin.py:188} INFO - [2026-08-06T13:25:40.748+0000] {dag.py:3089} INFO - Sync 1 DAGs
[2026-08-06T13:25:40.791+0000] {logging_mixin.py:188} INFO - [2026-08-06T13:25:40.791+0000] {dag.py:3947} INFO - Setting next_dagrun for training_pipeline to 2026-08-06 00:00:00+00:00, run_after=2026-08-07 00:00:00+00:00
[2026-08-06T13:25:40.837+0000] {processor.py:183} INFO - Processing /opt/airflow/dags/training_pipeline_dag.py took 2.184 seconds
[2026-08-06T13:26:11.502+0000] {processor.py:161} INFO - Started process (PID=729) to work on /opt/airflow/dags/training_pipeline_dag.py
[2026-08-06T13:26:11.505+0000] {processor.py:830} INFO - Processing file /opt/airflow/dags/training_pipeline_dag.py for tasks to queue
[2026-08-06T13:26:11.510+0000] {logging_mixin.py:188} INFO - [2026-08-06T13:26:11.509+0000] {dagbag.py:545} INFO - Filling up the DagBag from /opt/airflow/dags/training_pipeline_dag.py
[2026-08-06T13:26:13.529+0000] {processor.py:840} INFO - DAG(s) 'training_pipeline' retrieved from /opt/airflow/dags/training_pipeline_dag.py
[2026-08-06T13:26:13.580+0000] {logging_mixin.py:188} INFO - [2026-08-06T13:26:13.579+0000] {dag.py:3089} INFO - Sync 1 DAGs
[2026-08-06T13:26:13.624+0000] {logging_mixin.py:188} INFO - [2026-08-06T13:26:13.623+0000] {dag.py:3947} INFO - Setting next_dagrun for training_pipeline to 2026-08-06 00:00:00+00:00, run_after=2026-08-07 00:00:00+00:00
[2026-08-06T13:26:13.668+0000] {processor.py:183} INFO - Processing /opt/airflow/dags/training_pipeline_dag.py took 2.184 seconds
[2026-08-06T13:26:44.205+0000] {processor.py:161} INFO - Started process (PID=741) to work on /opt/airflow/dags/training_pipeline_dag.py
[2026-08-06T13:26:44.220+0000] {processor.py:830} INFO - Processing file /opt/airflow/dags/training_pipeline_dag.py for tasks to queue
[2026-08-06T13:26:44.225+0000] {logging_mixin.py:188} INFO - [2026-08-06T13:26:44.224+0000] {dagbag.py:545} INFO - Filling up the DagBag from /opt/airflow/dags/training_pipeline_dag.py
[2026-08-06T13:26:47.212+0000] {processor.py:840} INFO - DAG(s) 'training_pipeline' retrieved from /opt/airflow/dags/training_pipeline_dag.py
[2026-08-06T13:26:47.369+0000] {logging_mixin.py:188} INFO - [2026-08-06T13:26:47.365+0000] {dag.py:3089} INFO - Sync 1 DAGs
[2026-08-06T13:26:46.231+0000] {logging_mixin.py:188} INFO - [2026-08-06T13:26:46.230+0000] {dag.py:3947} INFO - Setting next_dagrun for training_pipeline to 2026-08-06 00:00:00+00:00, run_after=2026-08-07 00:00:00+00:00
[2026-08-06T13:26:46.276+0000] {processor.py:183} INFO - Processing /opt/airflow/dags/training_pipeline_dag.py took 4.301 seconds
[2026-08-06T13:27:16.512+0000] {processor.py:161} INFO - Started process (PID=753) to work on /opt/airflow/dags/training_pipeline_dag.py
[2026-08-06T13:27:16.516+0000] {processor.py:830} INFO - Processing file /opt/airflow/dags/training_pipeline_dag.py for tasks to queue
[2026-08-06T13:27:16.521+0000] {logging_mixin.py:188} INFO - [2026-08-06T13:27:16.520+0000] {dagbag.py:545} INFO - Filling up the DagBag from /opt/airflow/dags/training_pipeline_dag.py
[2026-08-06T13:27:18.049+0000] {processor.py:840} INFO - DAG(s) 'training_pipeline' retrieved from /opt/airflow/dags/training_pipeline_dag.py
[2026-08-06T13:27:18.434+0000] {logging_mixin.py:188} INFO - [2026-08-06T13:27:18.433+0000] {dag.py:3089} INFO - Sync 1 DAGs
[2026-08-06T13:27:18.482+0000] {logging_mixin.py:188} INFO - [2026-08-06T13:27:18.482+0000] {dag.py:3947} INFO - Setting next_dagrun for training_pipeline to 2026-08-06 00:00:00+00:00, run_after=2026-08-07 00:00:00+00:00
[2026-08-06T13:27:18.526+0000] {processor.py:183} INFO - Processing /opt/airflow/dags/training_pipeline_dag.py took 2.039 seconds
[2026-08-06T13:27:49.289+0000] {processor.py:161} INFO - Started process (PID=763) to work on /opt/airflow/dags/training_pipeline_dag.py
[2026-08-06T13:27:49.293+0000] {processor.py:830} INFO - Processing file /opt/airflow/dags/training_pipeline_dag.py for tasks to queue
[2026-08-06T13:27:49.300+0000] {logging_mixin.py:188} INFO - [2026-08-06T13:27:49.299+0000] {dagbag.py:545} INFO - Filling up the DagBag from /opt/airflow/dags/training_pipeline_dag.py
[2026-08-06T13:27:52.896+0000] {processor.py:840} INFO - DAG(s) 'training_pipeline' retrieved from /opt/airflow/dags/training_pipeline_dag.py
[2026-08-06T13:27:53.039+0000] {logging_mixin.py:188} INFO - [2026-08-06T13:27:53.038+0000] {dag.py:3089} INFO - Sync 1 DAGs
[2026-08-06T13:27:53.077+0000] {logging_mixin.py:188} INFO - [2026-08-06T13:27:53.077+0000] {dag.py:3947} INFO - Setting next_dagrun for training_pipeline to 2026-08-06 00:00:00+00:00, run_after=2026-08-07 00:00:00+00:00
[2026-08-06T13:27:53.998+0000] {processor.py:183} INFO - Processing /opt/airflow/dags/training_pipeline_dag.py took 4.736 seconds
[2026-08-06T13:28:24.829+0000] {processor.py:161} INFO - Started process (PID=775) to work on /opt/airflow/dags/training_pipeline_dag.py
[2026-08-06T13:28:24.832+0000] {processor.py:830} INFO - Processing file /opt/airflow/dags/training_pipeline_dag.py for tasks to queue
[2026-08-06T13:28:24.838+0000] {logging_mixin.py:188} INFO - [2026-08-06T13:28:24.837+0000] {dagbag.py:545} INFO - Filling up the DagBag from /opt/airflow/dags/training_pipeline_dag.py
[2026-08-06T13:28:29.204+0000] {processor.py:840} INFO - DAG(s) 'training_pipeline' retrieved from /opt/airflow/dags/training_pipeline_dag.py
[2026-08-06T13:28:29.289+0000] {logging_mixin.py:188} INFO - [2026-08-06T13:28:29.288+0000] {dag.py:3089} INFO - Sync 1 DAGs
[2026-08-06T13:28:29.364+0000] {logging_mixin.py:188} INFO - [2026-08-06T13:28:29.363+0000] {dag.py:3947} INFO - Setting next_dagrun for training_pipeline to 2026-08-06 00:00:00+00:00, run_after=2026-08-07 00:00:00+00:00
[2026-08-06T13:28:29.453+0000] {processor.py:183} INFO - Processing /opt/airflow/dags/training_pipeline_dag.py took 4.648 seconds
[2026-08-06T13:29:00.293+0000] {processor.py:161} INFO - Started process (PID=786) to work on /opt/airflow/dags/training_pipeline_dag.py
[2026-08-06T13:29:00.297+0000] {processor.py:830} INFO - Processing file /opt/airflow/dags/training_pipeline_dag.py for tasks to queue
[2026-08-06T13:29:00.308+0000] {logging_mixin.py:188} INFO - [2026-08-06T13:29:00.307+0000] {dagbag.py:545} INFO - Filling up the DagBag from /opt/airflow/dags/training_pipeline_dag.py
[2026-08-06T13:29:09.857+0000] {processor.py:840} INFO - DAG(s) 'training_pipeline' retrieved from /opt/airflow/dags/training_pipeline_dag.py
[2026-08-06T13:29:09.965+0000] {logging_mixin.py:188} INFO - [2026-08-06T13:29:09.964+0000] {dag.py:3089} INFO - Sync 1 DAGs
[2026-08-06T13:29:10.031+0000] {logging_mixin.py:188} INFO - [2026-08-06T13:29:10.031+0000] {dag.py:3947} INFO - Setting next_dagrun for training_pipeline to 2026-08-06 00:00:00+00:00, run_after=2026-08-07 00:00:00+00:00
[2026-08-06T13:29:10.074+0000] {processor.py:183} INFO - Processing /opt/airflow/dags/training_pipeline_dag.py took 12.066 seconds
[2026-08-06T13:29:40.566+0000] {processor.py:161} INFO - Started process (PID=798) to work on /opt/airflow/dags/training_pipeline_dag.py
[2026-08-06T13:29:40.575+0000] {processor.py:830} INFO - Processing file /opt/airflow/dags/training_pipeline_dag.py for tasks to queue
[2026-08-06T13:29:40.587+0000] {logging_mixin.py:188} INFO - [2026-08-06T13:29:40.585+0000] {dagbag.py:545} INFO - Filling up the DagBag from /opt/airflow/dags/training_pipeline_dag.py
[2026-08-06T13:29:52.934+0000] {processor.py:840} INFO - DAG(s) 'training_pipeline' retrieved from /opt/airflow/dags/training_pipeline_dag.py
[2026-08-06T13:29:56.634+0000] {logging_mixin.py:188} INFO - [2026-08-06T13:29:53.156+0000] {dag.py:3089} INFO - Sync 1 DAGs
[2026-08-06T13:29:56.699+0000] {logging_mixin.py:188} INFO - [2026-08-06T13:29:56.699+0000] {dag.py:3947} INFO - Setting next_dagrun for training_pipeline to 2026-08-06 00:00:00+00:00, run_after=2026-08-07 00:00:00+00:00
[2026-08-06T13:29:56.798+0000] {processor.py:183} INFO - Processing /opt/airflow/dags/training_pipeline_dag.py took 16.279 seconds
[2026-08-06T13:30:29.065+0000] {processor.py:161} INFO - Started process (PID=808) to work on /opt/airflow/dags/training_pipeline_dag.py
[2026-08-06T13:30:29.092+0000] {processor.py:830} INFO - Processing file /opt/airflow/dags/training_pipeline_dag.py for tasks to queue
[2026-08-06T13:30:29.372+0000] {logging_mixin.py:188} INFO - [2026-08-06T13:30:29.268+0000] {dagbag.py:545} INFO - Filling up the DagBag from /opt/airflow/dags/training_pipeline_dag.py
[2026-08-06T13:31:48.952+0000] {processor.py:161} INFO - Started process (PID=818) to work on /opt/airflow/dags/training_pipeline_dag.py
[2026-08-06T13:31:48.996+0000] {processor.py:830} INFO - Processing file /opt/airflow/dags/training_pipeline_dag.py for tasks to queue
[2026-08-06T13:31:49.050+0000] {logging_mixin.py:188} INFO - [2026-08-06T13:31:49.025+0000] {dagbag.py:545} INFO - Filling up the DagBag from /opt/airflow/dags/training_pipeline_dag.py
[2026-08-06T13:31:55.406+0000] {processor.py:840} INFO - DAG(s) 'training_pipeline' retrieved from /opt/airflow/dags/training_pipeline_dag.py
[2026-08-06T13:31:56.510+0000] {logging_mixin.py:188} INFO - [2026-08-06T13:31:56.509+0000] {dag.py:3089} INFO - Sync 1 DAGs
[2026-08-06T13:31:56.588+0000] {logging_mixin.py:188} INFO - [2026-08-06T13:31:56.587+0000] {dag.py:3947} INFO - Setting next_dagrun for training_pipeline to 2026-08-06 00:00:00+00:00, run_after=2026-08-07 00:00:00+00:00
[2026-08-06T13:31:56.730+0000] {processor.py:183} INFO - Processing /opt/airflow/dags/training_pipeline_dag.py took 10.433 seconds
[2026-08-06T13:32:30.301+0000] {processor.py:161} INFO - Started process (PID=830) to work on /opt/airflow/dags/training_pipeline_dag.py
[2026-08-06T13:32:30.392+0000] {processor.py:830} INFO - Processing file /opt/airflow/dags/training_pipeline_dag.py for tasks to queue
[2026-08-06T13:32:30.412+0000] {logging_mixin.py:188} INFO - [2026-08-06T13:32:30.397+0000] {dagbag.py:545} INFO - Filling up the DagBag from /opt/airflow/dags/training_pipeline_dag.py
[2026-08-06T13:32:33.913+0000] {processor.py:840} INFO - DAG(s) 'training_pipeline' retrieved from /opt/airflow/dags/training_pipeline_dag.py
[2026-08-06T13:32:33.970+0000] {logging_mixin.py:188} INFO - [2026-08-06T13:32:33.969+0000] {dag.py:3089} INFO - Sync 1 DAGs
[2026-08-06T13:32:34.011+0000] {logging_mixin.py:188} INFO - [2026-08-06T13:32:34.010+0000] {dag.py:3947} INFO - Setting next_dagrun for training_pipeline to 2026-08-06 00:00:00+00:00, run_after=2026-08-07 00:00:00+00:00
[2026-08-06T13:32:34.052+0000] {processor.py:183} INFO - Processing /opt/airflow/dags/training_pipeline_dag.py took 4.596 seconds
[2026-08-06T13:33:04.472+0000] {processor.py:161} INFO - Started process (PID=842) to work on /opt/airflow/dags/training_pipeline_dag.py
[2026-08-06T13:33:04.476+0000] {processor.py:830} INFO - Processing file /opt/airflow/dags/training_pipeline_dag.py for tasks to queue
[2026-08-06T13:33:04.478+0000] {logging_mixin.py:188} INFO - [2026-08-06T13:33:04.478+0000] {dagbag.py:545} INFO - Filling up the DagBag from /opt/airflow/dags/training_pipeline_dag.py
[2026-08-06T13:33:06.011+0000] {processor.py:840} INFO - DAG(s) 'training_pipeline' retrieved from /opt/airflow/dags/training_pipeline_dag.py
[2026-08-06T13:33:06.496+0000] {logging_mixin.py:188} INFO - [2026-08-06T13:33:06.495+0000] {dag.py:3089} INFO - Sync 1 DAGs
[2026-08-06T13:33:06.555+0000] {logging_mixin.py:188} INFO - [2026-08-06T13:33:06.555+0000] {dag.py:3947} INFO - Setting next_dagrun for training_pipeline to 2026-08-06 00:00:00+00:00, run_after=2026-08-07 00:00:00+00:00
[2026-08-06T13:33:06.615+0000] {processor.py:183} INFO - Processing /opt/airflow/dags/training_pipeline_dag.py took 2.165 seconds
[2026-08-06T13:33:37.808+0000] {processor.py:161} INFO - Started process (PID=854) to work on /opt/airflow/dags/training_pipeline_dag.py
[2026-08-06T13:33:37.813+0000] {processor.py:830} INFO - Processing file /opt/airflow/dags/training_pipeline_dag.py for tasks to queue
[2026-08-06T13:33:37.817+0000] {logging_mixin.py:188} INFO - [2026-08-06T13:33:37.815+0000] {dagbag.py:545} INFO - Filling up the DagBag from /opt/airflow/dags/training_pipeline_dag.py
[2026-08-06T13:33:40.189+0000] {processor.py:840} INFO - DAG(s) 'training_pipeline' retrieved from /opt/airflow/dags/training_pipeline_dag.py
[2026-08-06T13:33:40.253+0000] {logging_mixin.py:188} INFO - [2026-08-06T13:33:40.252+0000] {dag.py:3089} INFO - Sync 1 DAGs
[2026-08-06T13:33:40.298+0000] {logging_mixin.py:188} INFO - [2026-08-06T13:33:40.297+0000] {dag.py:3947} INFO - Setting next_dagrun for training_pipeline to 2026-08-06 00:00:00+00:00, run_after=2026-08-07 00:00:00+00:00
[2026-08-06T13:33:40.339+0000] {processor.py:183} INFO - Processing /opt/airflow/dags/training_pipeline_dag.py took 2.573 seconds
[2026-08-06T13:34:11.009+0000] {processor.py:161} INFO - Started process (PID=866) to work on /opt/airflow/dags/training_pipeline_dag.py
[2026-08-06T13:34:11.011+0000] {processor.py:830} INFO - Processing file /opt/airflow/dags/training_pipeline_dag.py for tasks to queue
[2026-08-06T13:34:11.014+0000] {logging_mixin.py:188} INFO - [2026-08-06T13:34:11.013+0000] {dagbag.py:545} INFO - Filling up the DagBag from /opt/airflow/dags/training_pipeline_dag.py
[2026-08-06T13:34:13.225+0000] {processor.py:840} INFO - DAG(s) 'training_pipeline' retrieved from /opt/airflow/dags/training_pipeline_dag.py
[2026-08-06T13:34:13.285+0000] {logging_mixin.py:188} INFO - [2026-08-06T13:34:13.284+0000] {dag.py:3089} INFO - Sync 1 DAGs
[2026-08-06T13:34:13.332+0000] {logging_mixin.py:188} INFO - [2026-08-06T13:34:13.331+0000] {dag.py:3947} INFO - Setting next_dagrun for training_pipeline to 2026-08-06 00:00:00+00:00, run_after=2026-08-07 00:00:00+00:00
[2026-08-06T13:34:13.372+0000] {processor.py:183} INFO - Processing /opt/airflow/dags/training_pipeline_dag.py took 2.390 seconds
[2026-08-06T13:34:44.381+0000] {processor.py:161} INFO - Started process (PID=878) to work on /opt/airflow/dags/training_pipeline_dag.py
[2026-08-06T13:34:44.384+0000] {processor.py:830} INFO - Processing file /opt/airflow/dags/training_pipeline_dag.py for tasks to queue
[2026-08-06T13:34:44.387+0000] {logging_mixin.py:188} INFO - [2026-08-06T13:34:44.386+0000] {dagbag.py:545} INFO - Filling up the DagBag from /opt/airflow/dags/training_pipeline_dag.py
[2026-08-06T13:34:44.121+0000] {processor.py:840} INFO - DAG(s) 'training_pipeline' retrieved from /opt/airflow/dags/training_pipeline_dag.py
[2026-08-06T13:34:44.186+0000] {logging_mixin.py:188} INFO - [2026-08-06T13:34:44.184+0000] {dag.py:3089} INFO - Sync 1 DAGs
[2026-08-06T13:34:44.239+0000] {logging_mixin.py:188} INFO - [2026-08-06T13:34:44.238+0000] {dag.py:3947} INFO - Setting next_dagrun for training_pipeline to 2026-08-06 00:00:00+00:00, run_after=2026-08-07 00:00:00+00:00
[2026-08-06T13:34:44.281+0000] {processor.py:183} INFO - Processing /opt/airflow/dags/training_pipeline_dag.py took 2.170 seconds
[2026-08-06T13:35:14.677+0000] {processor.py:161} INFO - Started process (PID=890) to work on /opt/airflow/dags/training_pipeline_dag.py
[2026-08-06T13:35:14.681+0000] {processor.py:830} INFO - Processing file /opt/airflow/dags/training_pipeline_dag.py for tasks to queue
[2026-08-06T13:35:14.683+0000] {logging_mixin.py:188} INFO - [2026-08-06T13:35:14.682+0000] {dagbag.py:545} INFO - Filling up the DagBag from /opt/airflow/dags/training_pipeline_dag.py
[2026-08-06T13:35:16.701+0000] {processor.py:840} INFO - DAG(s) 'training_pipeline' retrieved from /opt/airflow/dags/training_pipeline_dag.py
[2026-08-06T13:35:16.749+0000] {logging_mixin.py:188} INFO - [2026-08-06T13:35:16.748+0000] {dag.py:3089} INFO - Sync 1 DAGs
[2026-08-06T13:35:16.789+0000] {logging_mixin.py:188} INFO - [2026-08-06T13:35:16.788+0000] {dag.py:3947} INFO - Setting next_dagrun for training_pipeline to 2026-08-06 00:00:00+00:00, run_after=2026-08-07 00:00:00+00:00
[2026-08-06T13:35:16.827+0000] {processor.py:183} INFO - Processing /opt/airflow/dags/training_pipeline_dag.py took 2.175 seconds
[2026-08-06T13:36:39.225+0000] {processor.py:161} INFO - Started process (PID=172) to work on /opt/airflow/dags/training_pipeline_dag.py
[2026-08-06T13:36:39.228+0000] {processor.py:830} INFO - Processing file /opt/airflow/dags/training_pipeline_dag.py for tasks to queue
[2026-08-06T13:36:39.232+0000] {logging_mixin.py:188} INFO - [2026-08-06T13:36:39.231+0000] {dagbag.py:545} INFO - Filling up the DagBag from /opt/airflow/dags/training_pipeline_dag.py
[2026-08-06T13:37:07.792+0000] {logging_mixin.py:188} INFO - [2026-08-06T13:37:07.790+0000] {timeout.py:68} ERROR - Process timed out, PID: 172
[2026-08-06T13:37:39.060+0000] {processor.py:161} INFO - Started process (PID=184) to work on /opt/airflow/dags/training_pipeline_dag.py
[2026-08-06T13:37:39.159+0000] {processor.py:830} INFO - Processing file /opt/airflow/dags/training_pipeline_dag.py for tasks to queue
[2026-08-06T13:37:39.402+0000] {logging_mixin.py:188} INFO - [2026-08-06T13:37:39.373+0000] {dagbag.py:545} INFO - Filling up the DagBag from /opt/airflow/dags/training_pipeline_dag.py
[2026-08-06T13:37:50.080+0000] {processor.py:840} INFO - DAG(s) 'training_pipeline' retrieved from /opt/airflow/dags/training_pipeline_dag.py
[2026-08-06T13:37:51.720+0000] {logging_mixin.py:188} INFO - [2026-08-06T13:37:51.718+0000] {dag.py:3089} INFO - Sync 1 DAGs
[2026-08-06T13:37:51.779+0000] {logging_mixin.py:188} INFO - [2026-08-06T13:37:51.778+0000] {dag.py:3947} INFO - Setting next_dagrun for training_pipeline to 2026-08-06 00:00:00+00:00, run_after=2026-08-07 00:00:00+00:00
[2026-08-06T13:37:51.839+0000] {processor.py:183} INFO - Processing /opt/airflow/dags/training_pipeline_dag.py took 12.864 seconds
[2026-08-06T13:38:23.267+0000] {processor.py:161} INFO - Started process (PID=196) to work on /opt/airflow/dags/training_pipeline_dag.py
[2026-08-06T13:38:23.270+0000] {processor.py:830} INFO - Processing file /opt/airflow/dags/training_pipeline_dag.py for tasks to queue
[2026-08-06T13:38:23.276+0000] {logging_mixin.py:188} INFO - [2026-08-06T13:38:23.275+0000] {dagbag.py:545} INFO - Filling up the DagBag from /opt/airflow/dags/training_pipeline_dag.py
[2026-08-06T13:38:31.006+0000] {processor.py:840} INFO - DAG(s) 'training_pipeline' retrieved from /opt/airflow/dags/training_pipeline_dag.py
[2026-08-06T13:38:31.332+0000] {logging_mixin.py:188} INFO - [2026-08-06T13:38:31.331+0000] {dag.py:3089} INFO - Sync 1 DAGs
[2026-08-06T13:38:31.766+0000] {logging_mixin.py:188} INFO - [2026-08-06T13:38:31.764+0000] {dag.py:3947} INFO - Setting next_dagrun for training_pipeline to 2026-08-06 00:00:00+00:00, run_after=2026-08-07 00:00:00+00:00
[2026-08-06T13:38:31.900+0000] {processor.py:183} INFO - Processing /opt/airflow/dags/training_pipeline_dag.py took 10.957 seconds
[2026-08-06T13:39:02.562+0000] {processor.py:161} INFO - Started process (PID=208) to work on /opt/airflow/dags/training_pipeline_dag.py
[2026-08-06T13:39:02.565+0000] {processor.py:830} INFO - Processing file /opt/airflow/dags/training_pipeline_dag.py for tasks to queue
[2026-08-06T13:39:02.580+0000] {logging_mixin.py:188} INFO - [2026-08-06T13:39:02.571+0000] {dagbag.py:545} INFO - Filling up the DagBag from /opt/airflow/dags/training_pipeline_dag.py
[2026-08-06T13:39:06.938+0000] {processor.py:840} INFO - DAG(s) 'training_pipeline' retrieved from /opt/airflow/dags/training_pipeline_dag.py
[2026-08-06T13:39:07.266+0000] {logging_mixin.py:188} INFO - [2026-08-06T13:39:07.042+0000] {dag.py:3089} INFO - Sync 1 DAGs
[2026-08-06T13:39:07.344+0000] {logging_mixin.py:188} INFO - [2026-08-06T13:39:07.343+0000] {dag.py:3947} INFO - Setting next_dagrun for training_pipeline to 2026-08-06 00:00:00+00:00, run_after=2026-08-07 00:00:00+00:00
[2026-08-06T13:39:07.418+0000] {processor.py:183} INFO - Processing /opt/airflow/dags/training_pipeline_dag.py took 4.871 seconds
[2026-08-06T13:39:37.693+0000] {processor.py:161} INFO - Started process (PID=220) to work on /opt/airflow/dags/training_pipeline_dag.py
[2026-08-06T13:39:37.695+0000] {processor.py:830} INFO - Processing file /opt/airflow/dags/training_pipeline_dag.py for tasks to queue
[2026-08-06T13:39:37.701+0000] {logging_mixin.py:188} INFO - [2026-08-06T13:39:37.700+0000] {dagbag.py:545} INFO - Filling up the DagBag from /opt/airflow/dags/training_pipeline_dag.py
[2026-08-06T13:39:39.587+0000] {processor.py:840} INFO - DAG(s) 'training_pipeline' retrieved from /opt/airflow/dags/training_pipeline_dag.py
[2026-08-06T13:39:40.157+0000] {logging_mixin.py:188} INFO - [2026-08-06T13:39:40.156+0000] {dag.py:3089} INFO - Sync 1 DAGs
[2026-08-06T13:39:40.258+0000] {logging_mixin.py:188} INFO - [2026-08-06T13:39:40.257+0000] {dag.py:3947} INFO - Setting next_dagrun for training_pipeline to 2026-08-06 00:00:00+00:00, run_after=2026-08-07 00:00:00+00:00
[2026-08-06T13:39:40.322+0000] {processor.py:183} INFO - Processing /opt/airflow/dags/training_pipeline_dag.py took 2.647 seconds
[2026-08-06T13:40:10.866+0000] {processor.py:161} INFO - Started process (PID=232) to work on /opt/airflow/dags/training_pipeline_dag.py
[2026-08-06T13:40:10.869+0000] {processor.py:830} INFO - Processing file /opt/airflow/dags/training_pipeline_dag.py for tasks to queue
[2026-08-06T13:40:10.874+0000] {logging_mixin.py:188} INFO - [2026-08-06T13:40:10.873+0000] {dagbag.py:545} INFO - Filling up the DagBag from /opt/airflow/dags/training_pipeline_dag.py
[2026-08-06T13:40:13.035+0000] {processor.py:840} INFO - DAG(s) 'training_pipeline' retrieved from /opt/airflow/dags/training_pipeline_dag.py
[2026-08-06T13:40:13.523+0000] {logging_mixin.py:188} INFO - [2026-08-06T13:40:13.522+0000] {dag.py:3089} INFO - Sync 1 DAGs
[2026-08-06T13:40:13.713+0000] {logging_mixin.py:188} INFO - [2026-08-06T13:40:13.713+0000] {dag.py:3947} INFO - Setting next_dagrun for training_pipeline to 2026-08-06 00:00:00+00:00, run_after=2026-08-07 00:00:00+00:00
[2026-08-06T13:40:13.832+0000] {processor.py:183} INFO - Processing /opt/airflow/dags/training_pipeline_dag.py took 2.987 seconds
[2026-08-06T13:40:44.443+0000] {processor.py:161} INFO - Started process (PID=244) to work on /opt/airflow/dags/training_pipeline_dag.py
[2026-08-06T13:40:44.445+0000] {processor.py:830} INFO - Processing file /opt/airflow/dags/training_pipeline_dag.py for tasks to queue
[2026-08-06T13:40:44.450+0000] {logging_mixin.py:188} INFO - [2026-08-06T13:40:44.449+0000] {dagbag.py:545} INFO - Filling up the DagBag from /opt/airflow/dags/training_pipeline_dag.py
[2026-08-06T13:40:43.736+0000] {processor.py:840} INFO - DAG(s) 'training_pipeline' retrieved from /opt/airflow/dags/training_pipeline_dag.py
[2026-08-06T13:40:43.816+0000] {logging_mixin.py:188} INFO - [2026-08-06T13:40:43.815+0000] {dag.py:3089} INFO - Sync 1 DAGs
[2026-08-06T13:40:43.873+0000] {logging_mixin.py:188} INFO - [2026-08-06T13:40:43.873+0000] {dag.py:3947} INFO - Setting next_dagrun for training_pipeline to 2026-08-06 00:00:00+00:00, run_after=2026-08-07 00:00:00+00:00
[2026-08-06T13:40:44.999+0000] {processor.py:183} INFO - Processing /opt/airflow/dags/training_pipeline_dag.py took 3.012 seconds
[2026-08-06T13:41:15.267+0000] {processor.py:161} INFO - Started process (PID=256) to work on /opt/airflow/dags/training_pipeline_dag.py
[2026-08-06T13:41:15.269+0000] {processor.py:830} INFO - Processing file /opt/airflow/dags/training_pipeline_dag.py for tasks to queue
[2026-08-06T13:41:15.274+0000] {logging_mixin.py:188} INFO - [2026-08-06T13:41:15.273+0000] {dagbag.py:545} INFO - Filling up the DagBag from /opt/airflow/dags/training_pipeline_dag.py
[2026-08-06T13:41:17.094+0000] {processor.py:840} INFO - DAG(s) 'training_pipeline' retrieved from /opt/airflow/dags/training_pipeline_dag.py
[2026-08-06T13:41:17.144+0000] {logging_mixin.py:188} INFO - [2026-08-06T13:41:17.143+0000] {dag.py:3089} INFO - Sync 1 DAGs
[2026-08-06T13:41:17.184+0000] {logging_mixin.py:188} INFO - [2026-08-06T13:41:17.184+0000] {dag.py:3947} INFO - Setting next_dagrun for training_pipeline to 2026-08-06 00:00:00+00:00, run_after=2026-08-07 00:00:00+00:00
[2026-08-06T13:41:17.221+0000] {processor.py:183} INFO - Processing /opt/airflow/dags/training_pipeline_dag.py took 1.994 seconds
[2026-08-06T13:41:47.635+0000] {processor.py:161} INFO - Started process (PID=268) to work on /opt/airflow/dags/training_pipeline_dag.py
[2026-08-06T13:41:47.638+0000] {processor.py:830} INFO - Processing file /opt/airflow/dags/training_pipeline_dag.py for tasks to queue
[2026-08-06T13:41:47.645+0000] {logging_mixin.py:188} INFO - [2026-08-06T13:41:47.644+0000] {dagbag.py:545} INFO - Filling up the DagBag from /opt/airflow/dags/training_pipeline_dag.py
[2026-08-06T13:41:49.261+0000] {processor.py:840} INFO - DAG(s) 'training_pipeline' retrieved from /opt/airflow/dags/training_pipeline_dag.py
[2026-08-06T13:41:49.704+0000] {logging_mixin.py:188} INFO - [2026-08-06T13:41:49.332+0000] {dag.py:3089} INFO - Sync 1 DAGs
[2026-08-06T13:41:49.848+0000] {logging_mixin.py:188} INFO - [2026-08-06T13:41:49.848+0000] {dag.py:3947} INFO - Setting next_dagrun for training_pipeline to 2026-08-06 00:00:00+00:00, run_after=2026-08-07 00:00:00+00:00
[2026-08-06T13:41:49.954+0000] {processor.py:183} INFO - Processing /opt/airflow/dags/training_pipeline_dag.py took 2.343 seconds
[2026-08-06T13:42:20.304+0000] {processor.py:161} INFO - Started process (PID=277) to work on /opt/airflow/dags/training_pipeline_dag.py
[2026-08-06T13:42:20.308+0000] {processor.py:830} INFO - Processing file /opt/airflow/dags/training_pipeline_dag.py for tasks to queue
[2026-08-06T13:42:20.315+0000] {logging_mixin.py:188} INFO - [2026-08-06T13:42:20.314+0000] {dagbag.py:545} INFO - Filling up the DagBag from /opt/airflow/dags/training_pipeline_dag.py
[2026-08-06T13:42:22.152+0000] {processor.py:840} INFO - DAG(s) 'training_pipeline' retrieved from /opt/airflow/dags/training_pipeline_dag.py
[2026-08-06T13:42:22.694+0000] {logging_mixin.py:188} INFO - [2026-08-06T13:42:22.694+0000] {dag.py:3089} INFO - Sync 1 DAGs
[2026-08-06T13:42:22.746+0000] {logging_mixin.py:188} INFO - [2026-08-06T13:42:22.746+0000] {dag.py:3947} INFO - Setting next_dagrun for training_pipeline to 2026-08-06 00:00:00+00:00, run_after=2026-08-07 00:00:00+00:00
[2026-08-06T13:42:22.794+0000] {processor.py:183} INFO - Processing /opt/airflow/dags/training_pipeline_dag.py took 2.512 seconds
[2026-08-06T13:42:53.389+0000] {processor.py:161} INFO - Started process (PID=289) to work on /opt/airflow/dags/training_pipeline_dag.py
[2026-08-06T13:42:53.391+0000] {processor.py:830} INFO - Processing file /opt/airflow/dags/training_pipeline_dag.py for tasks to queue
[2026-08-06T13:42:53.396+0000] {logging_mixin.py:188} INFO - [2026-08-06T13:42:53.395+0000] {dagbag.py:545} INFO - Filling up the DagBag from /opt/airflow/dags/training_pipeline_dag.py
[2026-08-06T13:42:55.254+0000] {processor.py:840} INFO - DAG(s) 'training_pipeline' retrieved from /opt/airflow/dags/training_pipeline_dag.py
[2026-08-06T13:42:55.322+0000] {logging_mixin.py:188} INFO - [2026-08-06T13:42:55.322+0000] {dag.py:3089} INFO - Sync 1 DAGs
[2026-08-06T13:42:55.367+0000] {logging_mixin.py:188} INFO - [2026-08-06T13:42:55.366+0000] {dag.py:3947} INFO - Setting next_dagrun for training_pipeline to 2026-08-06 00:00:00+00:00, run_after=2026-08-07 00:00:00+00:00
[2026-08-06T13:42:55.408+0000] {processor.py:183} INFO - Processing /opt/airflow/dags/training_pipeline_dag.py took 2.041 seconds
[2026-08-06T13:43:25.681+0000] {processor.py:161} INFO - Started process (PID=301) to work on /opt/airflow/dags/training_pipeline_dag.py
[2026-08-06T13:43:25.684+0000] {processor.py:830} INFO - Processing file /opt/airflow/dags/training_pipeline_dag.py for tasks to queue
[2026-08-06T13:43:25.689+0000] {logging_mixin.py:188} INFO - [2026-08-06T13:43:25.688+0000] {dagbag.py:545} INFO - Filling up the DagBag from /opt/airflow/dags/training_pipeline_dag.py
[2026-08-06T13:43:28.231+0000] {processor.py:840} INFO - DAG(s) 'training_pipeline' retrieved from /opt/airflow/dags/training_pipeline_dag.py
[2026-08-06T13:43:28.292+0000] {logging_mixin.py:188} INFO - [2026-08-06T13:43:28.290+0000] {dag.py:3089} INFO - Sync 1 DAGs
[2026-08-06T13:43:28.349+0000] {logging_mixin.py:188} INFO - [2026-08-06T13:43:28.348+0000] {dag.py:3947} INFO - Setting next_dagrun for training_pipeline to 2026-08-06 00:00:00+00:00, run_after=2026-08-07 00:00:00+00:00
[2026-08-06T13:43:28.422+0000] {processor.py:183} INFO - Processing /opt/airflow/dags/training_pipeline_dag.py took 2.758 seconds
[2026-08-06T13:43:58.672+0000] {processor.py:161} INFO - Started process (PID=313) to work on /opt/airflow/dags/training_pipeline_dag.py
[2026-08-06T13:43:58.675+0000] {processor.py:830} INFO - Processing file /opt/airflow/dags/training_pipeline_dag.py for tasks to queue
[2026-08-06T13:43:58.684+0000] {logging_mixin.py:188} INFO - [2026-08-06T13:43:58.683+0000] {dagbag.py:545} INFO - Filling up the DagBag from /opt/airflow/dags/training_pipeline_dag.py
[2026-08-06T13:44:00.519+0000] {processor.py:840} INFO - DAG(s) 'training_pipeline' retrieved from /opt/airflow/dags/training_pipeline_dag.py
[2026-08-06T13:44:00.570+0000] {logging_mixin.py:188} INFO - [2026-08-06T13:44:00.569+0000] {dag.py:3089} INFO - Sync 1 DAGs
[2026-08-06T13:44:00.609+0000] {logging_mixin.py:188} INFO - [2026-08-06T13:44:00.608+0000] {dag.py:3947} INFO - Setting next_dagrun for training_pipeline to 2026-08-06 00:00:00+00:00, run_after=2026-08-07 00:00:00+00:00
[2026-08-06T13:44:00.643+0000] {processor.py:183} INFO - Processing /opt/airflow/dags/training_pipeline_dag.py took 1.993 seconds
[2026-08-06T13:44:31.283+0000] {processor.py:161} INFO - Started process (PID=325) to work on /opt/airflow/dags/training_pipeline_dag.py
[2026-08-06T13:44:31.285+0000] {processor.py:830} INFO - Processing file /opt/airflow/dags/training_pipeline_dag.py for tasks to queue
[2026-08-06T13:44:31.289+0000] {logging_mixin.py:188} INFO - [2026-08-06T13:44:31.288+0000] {dagbag.py:545} INFO - Filling up the DagBag from /opt/airflow/dags/training_pipeline_dag.py
[2026-08-06T13:44:32.103+0000] {processor.py:840} INFO - DAG(s) 'training_pipeline' retrieved from /opt/airflow/dags/training_pipeline_dag.py
[2026-08-06T13:44:32.150+0000] {logging_mixin.py:188} INFO - [2026-08-06T13:44:32.149+0000] {dag.py:3089} INFO - Sync 1 DAGs
[2026-08-06T13:44:32.193+0000] {logging_mixin.py:188} INFO - [2026-08-06T13:44:32.193+0000] {dag.py:3947} INFO - Setting next_dagrun for training_pipeline to 2026-08-06 00:00:00+00:00, run_after=2026-08-07 00:00:00+00:00
[2026-08-06T13:44:32.230+0000] {processor.py:183} INFO - Processing /opt/airflow/dags/training_pipeline_dag.py took 1.861 seconds
[2026-08-06T13:45:03.239+0000] {processor.py:161} INFO - Started process (PID=340) to work on /opt/airflow/dags/training_pipeline_dag.py
[2026-08-06T13:45:03.242+0000] {processor.py:830} INFO - Processing file /opt/airflow/dags/training_pipeline_dag.py for tasks to queue
[2026-08-06T13:45:03.248+0000] {logging_mixin.py:188} INFO - [2026-08-06T13:45:03.247+0000] {dagbag.py:545} INFO - Filling up the DagBag from /opt/airflow/dags/training_pipeline_dag.py
[2026-08-06T13:45:04.581+0000] {processor.py:840} INFO - DAG(s) 'training_pipeline' retrieved from /opt/airflow/dags/training_pipeline_dag.py
[2026-08-06T13:45:05.178+0000] {logging_mixin.py:188} INFO - [2026-08-06T13:45:05.177+0000] {dag.py:3089} INFO - Sync 1 DAGs
[2026-08-06T13:45:05.301+0000] {logging_mixin.py:188} INFO - [2026-08-06T13:45:05.300+0000] {dag.py:3947} INFO - Setting next_dagrun for training_pipeline to 2026-08-06 00:00:00+00:00, run_after=2026-08-07 00:00:00+00:00
[2026-08-06T13:45:05.357+0000] {processor.py:183} INFO - Processing /opt/airflow/dags/training_pipeline_dag.py took 2.136 seconds
[2026-08-06T13:45:36.276+0000] {processor.py:161} INFO - Started process (PID=352) to work on /opt/airflow/dags/training_pipeline_dag.py
[2026-08-06T13:45:36.278+0000] {processor.py:830} INFO - Processing file /opt/airflow/dags/training_pipeline_dag.py for tasks to queue
[2026-08-06T13:45:36.282+0000] {logging_mixin.py:188} INFO - [2026-08-06T13:45:36.281+0000] {dagbag.py:545} INFO - Filling up the DagBag from /opt/airflow/dags/training_pipeline_dag.py
[2026-08-06T13:45:37.600+0000] {processor.py:840} INFO - DAG(s) 'training_pipeline' retrieved from /opt/airflow/dags/training_pipeline_dag.py
[2026-08-06T13:45:38.030+0000] {logging_mixin.py:188} INFO - [2026-08-06T13:45:38.029+0000] {dag.py:3089} INFO - Sync 1 DAGs
[2026-08-06T13:45:38.167+0000] {logging_mixin.py:188} INFO - [2026-08-06T13:45:38.166+0000] {dag.py:3947} INFO - Setting next_dagrun for training_pipeline to 2026-08-06 00:00:00+00:00, run_after=2026-08-07 00:00:00+00:00
[2026-08-06T13:45:38.209+0000] {processor.py:183} INFO - Processing /opt/airflow/dags/training_pipeline_dag.py took 1.951 seconds
[2026-08-06T13:46:09.169+0000] {processor.py:161} INFO - Started process (PID=364) to work on /opt/airflow/dags/training_pipeline_dag.py
[2026-08-06T13:46:09.177+0000] {processor.py:830} INFO - Processing file /opt/airflow/dags/training_pipeline_dag.py for tasks to queue
[2026-08-06T13:46:09.188+0000] {logging_mixin.py:188} INFO - [2026-08-06T13:46:09.187+0000] {dagbag.py:545} INFO - Filling up the DagBag from /opt/airflow/dags/training_pipeline_dag.py
[2026-08-06T13:46:10.904+0000] {processor.py:840} INFO - DAG(s) 'training_pipeline' retrieved from /opt/airflow/dags/training_pipeline_dag.py
[2026-08-06T13:46:10.961+0000] {logging_mixin.py:188} INFO - [2026-08-06T13:46:10.960+0000] {dag.py:3089} INFO - Sync 1 DAGs
[2026-08-06T13:46:11.013+0000] {logging_mixin.py:188} INFO - [2026-08-06T13:46:11.012+0000] {dag.py:3947} INFO - Setting next_dagrun for training_pipeline to 2026-08-06 00:00:00+00:00, run_after=2026-08-07 00:00:00+00:00
[2026-08-06T13:46:11.046+0000] {processor.py:183} INFO - Processing /opt/airflow/dags/training_pipeline_dag.py took 1.901 seconds
[2026-08-06T13:46:42.197+0000] {processor.py:161} INFO - Started process (PID=376) to work on /opt/airflow/dags/training_pipeline_dag.py
[2026-08-06T13:46:42.200+0000] {processor.py:830} INFO - Processing file /opt/airflow/dags/training_pipeline_dag.py for tasks to queue
[2026-08-06T13:46:42.204+0000] {logging_mixin.py:188} INFO - [2026-08-06T13:46:42.203+0000] {dagbag.py:545} INFO - Filling up the DagBag from /opt/airflow/dags/training_pipeline_dag.py
[2026-08-06T13:46:43.852+0000] {processor.py:840} INFO - DAG(s) 'training_pipeline' retrieved from /opt/airflow/dags/training_pipeline_dag.py
[2026-08-06T13:46:43.900+0000] {logging_mixin.py:188} INFO - [2026-08-06T13:46:43.900+0000] {dag.py:3089} INFO - Sync 1 DAGs
[2026-08-06T13:46:43.936+0000] {logging_mixin.py:188} INFO - [2026-08-06T13:46:43.935+0000] {dag.py:3947} INFO - Setting next_dagrun for training_pipeline to 2026-08-06 00:00:00+00:00, run_after=2026-08-07 00:00:00+00:00
[2026-08-06T13:46:43.975+0000] {processor.py:183} INFO - Processing /opt/airflow/dags/training_pipeline_dag.py took 1.794 seconds
[2026-08-06T13:47:14.871+0000] {processor.py:161} INFO - Started process (PID=388) to work on /opt/airflow/dags/training_pipeline_dag.py
[2026-08-06T13:47:14.874+0000] {processor.py:830} INFO - Processing file /opt/airflow/dags/training_pipeline_dag.py for tasks to queue
[2026-08-06T13:47:14.878+0000] {logging_mixin.py:188} INFO - [2026-08-06T13:47:14.877+0000] {dagbag.py:545} INFO - Filling up the DagBag from /opt/airflow/dags/training_pipeline_dag.py
[2026-08-06T13:47:16.718+0000] {processor.py:840} INFO - DAG(s) 'training_pipeline' retrieved from /opt/airflow/dags/training_pipeline_dag.py
[2026-08-06T13:47:16.767+0000] {logging_mixin.py:188} INFO - [2026-08-06T13:47:16.767+0000] {dag.py:3089} INFO - Sync 1 DAGs
[2026-08-06T13:47:16.804+0000] {logging_mixin.py:188} INFO - [2026-08-06T13:47:16.804+0000] {dag.py:3947} INFO - Setting next_dagrun for training_pipeline to 2026-08-06 00:00:00+00:00, run_after=2026-08-07 00:00:00+00:00
[2026-08-06T13:47:16.838+0000] {processor.py:183} INFO - Processing /opt/airflow/dags/training_pipeline_dag.py took 1.982 seconds
[2026-08-06T15:13:24.890+0000] {processor.py:161} INFO - Started process (PID=400) to work on /opt/airflow/dags/training_pipeline_dag.py
[2026-08-06T15:13:24.893+0000] {processor.py:830} INFO - Processing file /opt/airflow/dags/training_pipeline_dag.py for tasks to queue
[2026-08-06T15:13:24.898+0000] {logging_mixin.py:188} INFO - [2026-08-06T15:13:24.897+0000] {dagbag.py:545} INFO - Filling up the DagBag from /opt/airflow/dags/training_pipeline_dag.py
[2026-08-06T15:13:28.069+0000] {processor.py:840} INFO - DAG(s) 'training_pipeline' retrieved from /opt/airflow/dags/training_pipeline_dag.py
[2026-08-06T15:13:28.112+0000] {logging_mixin.py:188} INFO - [2026-08-06T15:13:28.111+0000] {dag.py:3089} INFO - Sync 1 DAGs
[2026-08-06T15:13:28.148+0000] {logging_mixin.py:188} INFO - [2026-08-06T15:13:28.147+0000] {dag.py:3947} INFO - Setting next_dagrun for training_pipeline to 2026-08-06 00:00:00+00:00, run_after=2026-08-07 00:00:00+00:00
[2026-08-06T15:13:28.208+0000] {processor.py:183} INFO - Processing /opt/airflow/dags/training_pipeline_dag.py took 3.339 seconds
[2026-08-06T15:14:00.863+0000] {processor.py:161} INFO - Started process (PID=415) to work on /opt/airflow/dags/training_pipeline_dag.py
[2026-08-06T15:14:00.936+0000] {processor.py:830} INFO - Processing file /opt/airflow/dags/training_pipeline_dag.py for tasks to queue
[2026-08-06T15:14:01.142+0000] {logging_mixin.py:188} INFO - [2026-08-06T15:14:01.105+0000] {dagbag.py:545} INFO - Filling up the DagBag from /opt/airflow/dags/training_pipeline_dag.py
[2026-08-06T15:14:17.096+0000] {processor.py:840} INFO - DAG(s) 'training_pipeline' retrieved from /opt/airflow/dags/training_pipeline_dag.py
[2026-08-06T15:14:19.309+0000] {logging_mixin.py:188} INFO - [2026-08-06T15:14:17.702+0000] {dag.py:3089} INFO - Sync 1 DAGs
[2026-08-06T15:14:19.337+0000] {logging_mixin.py:188} INFO - [2026-08-06T15:14:19.337+0000] {dag.py:3947} INFO - Setting next_dagrun for training_pipeline to 2026-08-06 00:00:00+00:00, run_after=2026-08-07 00:00:00+00:00
[2026-08-06T15:14:19.388+0000] {processor.py:183} INFO - Processing /opt/airflow/dags/training_pipeline_dag.py took 19.535 seconds
[2026-08-06T15:14:50.838+0000] {processor.py:161} INFO - Started process (PID=470) to work on /opt/airflow/dags/training_pipeline_dag.py
[2026-08-06T15:14:50.923+0000] {processor.py:830} INFO - Processing file /opt/airflow/dags/training_pipeline_dag.py for tasks to queue
[2026-08-06T15:14:50.988+0000] {logging_mixin.py:188} INFO - [2026-08-06T15:14:50.974+0000] {dagbag.py:545} INFO - Filling up the DagBag from /opt/airflow/dags/training_pipeline_dag.py
[2026-08-06T15:14:56.815+0000] {processor.py:840} INFO - DAG(s) 'training_pipeline' retrieved from /opt/airflow/dags/training_pipeline_dag.py
[2026-08-06T15:14:56.712+0000] {logging_mixin.py:188} INFO - [2026-08-06T15:14:56.711+0000] {dag.py:3089} INFO - Sync 1 DAGs
[2026-08-06T15:14:56.764+0000] {logging_mixin.py:188} INFO - [2026-08-06T15:14:56.764+0000] {dag.py:3947} INFO - Setting next_dagrun for training_pipeline to 2026-08-06 00:00:00+00:00, run_after=2026-08-07 00:00:00+00:00
[2026-08-06T15:14:56.815+0000] {processor.py:183} INFO - Processing /opt/airflow/dags/training_pipeline_dag.py took 7.310 seconds
[2026-08-06T15:15:27.586+0000] {processor.py:161} INFO - Started process (PID=534) to work on /opt/airflow/dags/training_pipeline_dag.py
[2026-08-06T15:15:27.593+0000] {processor.py:830} INFO - Processing file /opt/airflow/dags/training_pipeline_dag.py for tasks to queue
[2026-08-06T15:15:27.598+0000] {logging_mixin.py:188} INFO - [2026-08-06T15:15:27.597+0000] {dagbag.py:545} INFO - Filling up the DagBag from /opt/airflow/dags/training_pipeline_dag.py
[2026-08-06T15:15:30.131+0000] {processor.py:840} INFO - DAG(s) 'training_pipeline' retrieved from /opt/airflow/dags/training_pipeline_dag.py
[2026-08-06T15:15:30.183+0000] {logging_mixin.py:188} INFO - [2026-08-06T15:15:30.182+0000] {dag.py:3089} INFO - Sync 1 DAGs
[2026-08-06T15:15:30.224+0000] {logging_mixin.py:188} INFO - [2026-08-06T15:15:30.223+0000] {dag.py:3947} INFO - Setting next_dagrun for training_pipeline to 2026-08-06 00:00:00+00:00, run_after=2026-08-07 00:00:00+00:00
[2026-08-06T15:15:30.266+0000] {processor.py:183} INFO - Processing /opt/airflow/dags/training_pipeline_dag.py took 2.696 seconds
[2026-08-06T15:16:01.459+0000] {processor.py:161} INFO - Started process (PID=546) to work on /opt/airflow/dags/training_pipeline_dag.py
[2026-08-06T15:16:01.461+0000] {processor.py:830} INFO - Processing file /opt/airflow/dags/training_pipeline_dag.py for tasks to queue
[2026-08-06T15:16:01.467+0000] {logging_mixin.py:188} INFO - [2026-08-06T15:16:01.466+0000] {dagbag.py:545} INFO - Filling up the DagBag from /opt/airflow/dags/training_pipeline_dag.py
[2026-08-06T15:16:03.820+0000] {processor.py:840} INFO - DAG(s) 'training_pipeline' retrieved from /opt/airflow/dags/training_pipeline_dag.py
[2026-08-06T15:16:03.870+0000] {logging_mixin.py:188} INFO - [2026-08-06T15:16:03.869+0000] {dag.py:3089} INFO - Sync 1 DAGs
[2026-08-06T15:16:03.914+0000] {logging_mixin.py:188} INFO - [2026-08-06T15:16:03.913+0000] {dag.py:3947} INFO - Setting next_dagrun for training_pipeline to 2026-08-06 00:00:00+00:00, run_after=2026-08-07 00:00:00+00:00
[2026-08-06T15:16:03.955+0000] {processor.py:183} INFO - Processing /opt/airflow/dags/training_pipeline_dag.py took 2.536 seconds
[2026-08-06T15:16:34.916+0000] {processor.py:161} INFO - Started process (PID=558) to work on /opt/airflow/dags/training_pipeline_dag.py
[2026-08-06T15:16:34.919+0000] {processor.py:830} INFO - Processing file /opt/airflow/dags/training_pipeline_dag.py for tasks to queue
[2026-08-06T15:16:34.928+0000] {logging_mixin.py:188} INFO - [2026-08-06T15:16:34.927+0000] {dagbag.py:545} INFO - Filling up the DagBag from /opt/airflow/dags/training_pipeline_dag.py
[2026-08-06T15:16:36.706+0000] {processor.py:840} INFO - DAG(s) 'training_pipeline' retrieved from /opt/airflow/dags/training_pipeline_dag.py
[2026-08-06T15:16:36.755+0000] {logging_mixin.py:188} INFO - [2026-08-06T15:16:36.754+0000] {dag.py:3089} INFO - Sync 1 DAGs
[2026-08-06T15:16:36.793+0000] {logging_mixin.py:188} INFO - [2026-08-06T15:16:36.793+0000] {dag.py:3947} INFO - Setting next_dagrun for training_pipeline to 2026-08-06 00:00:00+00:00, run_after=2026-08-07 00:00:00+00:00
[2026-08-06T15:16:36.831+0000] {processor.py:183} INFO - Processing /opt/airflow/dags/training_pipeline_dag.py took 1.930 seconds
[2026-08-06T15:17:07.719+0000] {processor.py:161} INFO - Started process (PID=570) to work on /opt/airflow/dags/training_pipeline_dag.py
[2026-08-06T15:17:07.722+0000] {processor.py:830} INFO - Processing file /opt/airflow/dags/training_pipeline_dag.py for tasks to queue
[2026-08-06T15:17:07.727+0000] {logging_mixin.py:188} INFO - [2026-08-06T15:17:07.726+0000] {dagbag.py:545} INFO - Filling up the DagBag from /opt/airflow/dags/training_pipeline_dag.py
[2026-08-06T15:17:09.146+0000] {processor.py:840} INFO - DAG(s) 'training_pipeline' retrieved from /opt/airflow/dags/training_pipeline_dag.py
[2026-08-06T15:17:09.530+0000] {logging_mixin.py:188} INFO - [2026-08-06T15:17:09.204+0000] {dag.py:3089} INFO - Sync 1 DAGs
[2026-08-06T15:17:09.576+0000] {logging_mixin.py:188} INFO - [2026-08-06T15:17:09.575+0000] {dag.py:3947} INFO - Setting next_dagrun for training_pipeline to 2026-08-06 00:00:00+00:00, run_after=2026-08-07 00:00:00+00:00
[2026-08-06T15:17:09.614+0000] {processor.py:183} INFO - Processing /opt/airflow/dags/training_pipeline_dag.py took 1.915 seconds
[2026-08-06T15:17:40.697+0000] {processor.py:161} INFO - Started process (PID=582) to work on /opt/airflow/dags/training_pipeline_dag.py
[2026-08-06T15:17:40.700+0000] {processor.py:830} INFO - Processing file /opt/airflow/dags/training_pipeline_dag.py for tasks to queue
[2026-08-06T15:17:40.707+0000] {logging_mixin.py:188} INFO - [2026-08-06T15:17:40.706+0000] {dagbag.py:545} INFO - Filling up the DagBag from /opt/airflow/dags/training_pipeline_dag.py
[2026-08-06T15:17:42.103+0000] {processor.py:840} INFO - DAG(s) 'training_pipeline' retrieved from /opt/airflow/dags/training_pipeline_dag.py
[2026-08-06T15:17:42.508+0000] {logging_mixin.py:188} INFO - [2026-08-06T15:17:42.507+0000] {dag.py:3089} INFO - Sync 1 DAGs
[2026-08-06T15:17:42.551+0000] {logging_mixin.py:188} INFO - [2026-08-06T15:17:42.551+0000] {dag.py:3947} INFO - Setting next_dagrun for training_pipeline to 2026-08-06 00:00:00+00:00, run_after=2026-08-07 00:00:00+00:00
[2026-08-06T15:17:42.590+0000] {processor.py:183} INFO - Processing /opt/airflow/dags/training_pipeline_dag.py took 1.914 seconds
[2026-08-06T15:18:13.093+0000] {processor.py:161} INFO - Started process (PID=594) to work on /opt/airflow/dags/training_pipeline_dag.py
[2026-08-06T15:18:13.096+0000] {processor.py:830} INFO - Processing file /opt/airflow/dags/training_pipeline_dag.py for tasks to queue
[2026-08-06T15:18:13.103+0000] {logging_mixin.py:188} INFO - [2026-08-06T15:18:13.102+0000] {dagbag.py:545} INFO - Filling up the DagBag from /opt/airflow/dags/training_pipeline_dag.py
[2026-08-06T15:18:14.971+0000] {processor.py:840} INFO - DAG(s) 'training_pipeline' retrieved from /opt/airflow/dags/training_pipeline_dag.py
[2026-08-06T15:18:15.031+0000] {logging_mixin.py:188} INFO - [2026-08-06T15:18:15.030+0000] {dag.py:3089} INFO - Sync 1 DAGs
[2026-08-06T15:18:15.079+0000] {logging_mixin.py:188} INFO - [2026-08-06T15:18:15.079+0000] {dag.py:3947} INFO - Setting next_dagrun for training_pipeline to 2026-08-06 00:00:00+00:00, run_after=2026-08-07 00:00:00+00:00
[2026-08-06T15:18:15.125+0000] {processor.py:183} INFO - Processing /opt/airflow/dags/training_pipeline_dag.py took 2.048 seconds
[2026-08-06T15:18:45.696+0000] {processor.py:161} INFO - Started process (PID=612) to work on /opt/airflow/dags/training_pipeline_dag.py
[2026-08-06T15:18:45.699+0000] {processor.py:830} INFO - Processing file /opt/airflow/dags/training_pipeline_dag.py for tasks to queue
[2026-08-06T15:18:45.706+0000] {logging_mixin.py:188} INFO - [2026-08-06T15:18:45.705+0000] {dagbag.py:545} INFO - Filling up the DagBag from /opt/airflow/dags/training_pipeline_dag.py
[2026-08-06T15:18:47.952+0000] {processor.py:840} INFO - DAG(s) 'training_pipeline' retrieved from /opt/airflow/dags/training_pipeline_dag.py
[2026-08-06T15:18:48.011+0000] {logging_mixin.py:188} INFO - [2026-08-06T15:18:48.010+0000] {dag.py:3089} INFO - Sync 1 DAGs
[2026-08-06T15:18:48.056+0000] {logging_mixin.py:188} INFO - [2026-08-06T15:18:48.056+0000] {dag.py:3947} INFO - Setting next_dagrun for training_pipeline to 2026-08-06 00:00:00+00:00, run_after=2026-08-07 00:00:00+00:00
[2026-08-06T15:18:48.097+0000] {processor.py:183} INFO - Processing /opt/airflow/dags/training_pipeline_dag.py took 2.419 seconds
[2026-08-06T15:19:18.350+0000] {processor.py:161} INFO - Started process (PID=643) to work on /opt/airflow/dags/training_pipeline_dag.py
[2026-08-06T15:19:18.353+0000] {processor.py:830} INFO - Processing file /opt/airflow/dags/training_pipeline_dag.py for tasks to queue
[2026-08-06T15:19:18.360+0000] {logging_mixin.py:188} INFO - [2026-08-06T15:19:18.359+0000] {dagbag.py:545} INFO - Filling up the DagBag from /opt/airflow/dags/training_pipeline_dag.py
[2026-08-06T15:19:19.505+0000] {processor.py:840} INFO - DAG(s) 'training_pipeline' retrieved from /opt/airflow/dags/training_pipeline_dag.py
[2026-08-06T15:19:19.555+0000] {logging_mixin.py:188} INFO - [2026-08-06T15:19:19.554+0000] {dag.py:3089} INFO - Sync 1 DAGs
[2026-08-06T15:19:19.594+0000] {logging_mixin.py:188} INFO - [2026-08-06T15:19:19.594+0000] {dag.py:3947} INFO - Setting next_dagrun for training_pipeline to 2026-08-06 00:00:00+00:00, run_after=2026-08-07 00:00:00+00:00
[2026-08-06T15:19:19.631+0000] {processor.py:183} INFO - Processing /opt/airflow/dags/training_pipeline_dag.py took 1.968 seconds
[2026-08-06T15:19:50.354+0000] {processor.py:161} INFO - Started process (PID=679) to work on /opt/airflow/dags/training_pipeline_dag.py
[2026-08-06T15:19:50.357+0000] {processor.py:830} INFO - Processing file /opt/airflow/dags/training_pipeline_dag.py for tasks to queue
[2026-08-06T15:19:50.363+0000] {logging_mixin.py:188} INFO - [2026-08-06T15:19:50.362+0000] {dagbag.py:545} INFO - Filling up the DagBag from /opt/airflow/dags/training_pipeline_dag.py
[2026-08-06T15:19:51.844+0000] {processor.py:840} INFO - DAG(s) 'training_pipeline' retrieved from /opt/airflow/dags/training_pipeline_dag.py
[2026-08-06T15:19:51.913+0000] {logging_mixin.py:188} INFO - [2026-08-06T15:19:51.909+0000] {dag.py:3089} INFO - Sync 1 DAGs
[2026-08-06T15:19:52.284+0000] {logging_mixin.py:188} INFO - [2026-08-06T15:19:52.283+0000] {dag.py:3947} INFO - Setting next_dagrun for training_pipeline to 2026-08-06 00:00:00+00:00, run_after=2026-08-07 00:00:00+00:00
[2026-08-06T15:19:52.320+0000] {processor.py:183} INFO - Processing /opt/airflow/dags/training_pipeline_dag.py took 1.986 seconds
[2026-08-06T15:20:23.122+0000] {processor.py:161} INFO - Started process (PID=691) to work on /opt/airflow/dags/training_pipeline_dag.py
[2026-08-06T15:20:23.125+0000] {processor.py:830} INFO - Processing file /opt/airflow/dags/training_pipeline_dag.py for tasks to queue
[2026-08-06T15:20:23.130+0000] {logging_mixin.py:188} INFO - [2026-08-06T15:20:23.129+0000] {dagbag.py:545} INFO - Filling up the DagBag from /opt/airflow/dags/training_pipeline_dag.py
[2026-08-06T15:20:24.489+0000] {processor.py:840} INFO - DAG(s) 'training_pipeline' retrieved from /opt/airflow/dags/training_pipeline_dag.py
[2026-08-06T15:20:24.963+0000] {logging_mixin.py:188} INFO - [2026-08-06T15:20:24.962+0000] {dag.py:3089} INFO - Sync 1 DAGs
[2026-08-06T15:20:25.001+0000] {logging_mixin.py:188} INFO - [2026-08-06T15:20:25.000+0000] {dag.py:3947} INFO - Setting next_dagrun for training_pipeline to 2026-08-06 00:00:00+00:00, run_after=2026-08-07 00:00:00+00:00
[2026-08-06T15:20:25.034+0000] {processor.py:183} INFO - Processing /opt/airflow/dags/training_pipeline_dag.py took 1.930 seconds
[2026-08-06T15:20:55.443+0000] {processor.py:161} INFO - Started process (PID=703) to work on /opt/airflow/dags/training_pipeline_dag.py
[2026-08-06T15:20:55.447+0000] {processor.py:830} INFO - Processing file /opt/airflow/dags/training_pipeline_dag.py for tasks to queue
[2026-08-06T15:20:55.466+0000] {logging_mixin.py:188} INFO - [2026-08-06T15:20:55.465+0000] {dagbag.py:545} INFO - Filling up the DagBag from /opt/airflow/dags/training_pipeline_dag.py
[2026-08-06T15:20:56.916+0000] {processor.py:840} INFO - DAG(s) 'training_pipeline' retrieved from /opt/airflow/dags/training_pipeline_dag.py
[2026-08-06T15:20:57.342+0000] {logging_mixin.py:188} INFO - [2026-08-06T15:20:57.342+0000] {dag.py:3089} INFO - Sync 1 DAGs
[2026-08-06T15:20:57.386+0000] {logging_mixin.py:188} INFO - [2026-08-06T15:20:57.385+0000] {dag.py:3947} INFO - Setting next_dagrun for training_pipeline to 2026-08-06 00:00:00+00:00, run_after=2026-08-07 00:00:00+00:00
[2026-08-06T15:20:57.424+0000] {processor.py:183} INFO - Processing /opt/airflow/dags/training_pipeline_dag.py took 1.999 seconds
[2026-08-06T15:21:28.058+0000] {processor.py:161} INFO - Started process (PID=715) to work on /opt/airflow/dags/training_pipeline_dag.py
[2026-08-06T15:21:28.061+0000] {processor.py:830} INFO - Processing file /opt/airflow/dags/training_pipeline_dag.py for tasks to queue
[2026-08-06T15:21:28.066+0000] {logging_mixin.py:188} INFO - [2026-08-06T15:21:28.065+0000] {dagbag.py:545} INFO - Filling up the DagBag from /opt/airflow/dags/training_pipeline_dag.py
[2026-08-06T15:21:29.867+0000] {processor.py:840} INFO - DAG(s) 'training_pipeline' retrieved from /opt/airflow/dags/training_pipeline_dag.py
[2026-08-06T15:21:29.918+0000] {logging_mixin.py:188} INFO - [2026-08-06T15:21:29.917+0000] {dag.py:3089} INFO - Sync 1 DAGs
[2026-08-06T15:21:29.968+0000] {logging_mixin.py:188} INFO - [2026-08-06T15:21:29.968+0000] {dag.py:3947} INFO - Setting next_dagrun for training_pipeline to 2026-08-06 00:00:00+00:00, run_after=2026-08-07 00:00:00+00:00
[2026-08-06T15:21:30.008+0000] {processor.py:183} INFO - Processing /opt/airflow/dags/training_pipeline_dag.py took 1.967 seconds
[2026-08-06T15:22:00.264+0000] {processor.py:161} INFO - Started process (PID=727) to work on /opt/airflow/dags/training_pipeline_dag.py
[2026-08-06T15:22:00.267+0000] {processor.py:830} INFO - Processing file /opt/airflow/dags/training_pipeline_dag.py for tasks to queue
[2026-08-06T15:22:00.273+0000] {logging_mixin.py:188} INFO - [2026-08-06T15:22:00.272+0000] {dagbag.py:545} INFO - Filling up the DagBag from /opt/airflow/dags/training_pipeline_dag.py
[2026-08-06T15:22:02.061+0000] {processor.py:840} INFO - DAG(s) 'training_pipeline' retrieved from /opt/airflow/dags/training_pipeline_dag.py
[2026-08-06T15:22:02.120+0000] {logging_mixin.py:188} INFO - [2026-08-06T15:22:02.119+0000] {dag.py:3089} INFO - Sync 1 DAGs
[2026-08-06T15:22:02.178+0000] {logging_mixin.py:188} INFO - [2026-08-06T15:22:02.177+0000] {dag.py:3947} INFO - Setting next_dagrun for training_pipeline to 2026-08-06 00:00:00+00:00, run_after=2026-08-07 00:00:00+00:00
[2026-08-06T15:22:02.220+0000] {processor.py:183} INFO - Processing /opt/airflow/dags/training_pipeline_dag.py took 1.979 seconds
[2026-08-06T15:22:32.854+0000] {processor.py:161} INFO - Started process (PID=739) to work on /opt/airflow/dags/training_pipeline_dag.py
[2026-08-06T15:22:32.856+0000] {processor.py:830} INFO - Processing file /opt/airflow/dags/training_pipeline_dag.py for tasks to queue
[2026-08-06T15:22:32.861+0000] {logging_mixin.py:188} INFO - [2026-08-06T15:22:32.860+0000] {dagbag.py:545} INFO - Filling up the DagBag from /opt/airflow/dags/training_pipeline_dag.py
[2026-08-06T15:22:34.638+0000] {processor.py:840} INFO - DAG(s) 'training_pipeline' retrieved from /opt/airflow/dags/training_pipeline_dag.py
[2026-08-06T15:22:34.688+0000] {logging_mixin.py:188} INFO - [2026-08-06T15:22:34.687+0000] {dag.py:3089} INFO - Sync 1 DAGs
[2026-08-06T15:22:34.728+0000] {logging_mixin.py:188} INFO - [2026-08-06T15:22:34.728+0000] {dag.py:3947} INFO - Setting next_dagrun for training_pipeline to 2026-08-06 00:00:00+00:00, run_after=2026-08-07 00:00:00+00:00
[2026-08-06T15:22:34.765+0000] {processor.py:183} INFO - Processing /opt/airflow/dags/training_pipeline_dag.py took 1.929 seconds
[2026-08-06T15:23:05.094+0000] {processor.py:161} INFO - Started process (PID=751) to work on /opt/airflow/dags/training_pipeline_dag.py
[2026-08-06T15:23:05.097+0000] {processor.py:830} INFO - Processing file /opt/airflow/dags/training_pipeline_dag.py for tasks to queue
[2026-08-06T15:23:05.103+0000] {logging_mixin.py:188} INFO - [2026-08-06T15:23:05.102+0000] {dagbag.py:545} INFO - Filling up the DagBag from /opt/airflow/dags/training_pipeline_dag.py
[2026-08-06T15:23:06.525+0000] {processor.py:840} INFO - DAG(s) 'training_pipeline' retrieved from /opt/airflow/dags/training_pipeline_dag.py
[2026-08-06T15:23:06.962+0000] {logging_mixin.py:188} INFO - [2026-08-06T15:23:06.589+0000] {dag.py:3089} INFO - Sync 1 DAGs
[2026-08-06T15:23:07.009+0000] {logging_mixin.py:188} INFO - [2026-08-06T15:23:07.008+0000] {dag.py:3947} INFO - Setting next_dagrun for training_pipeline to 2026-08-06 00:00:00+00:00, run_after=2026-08-07 00:00:00+00:00
[2026-08-06T15:23:07.049+0000] {processor.py:183} INFO - Processing /opt/airflow/dags/training_pipeline_dag.py took 1.971 seconds
[2026-08-06T15:23:37.538+0000] {processor.py:161} INFO - Started process (PID=763) to work on /opt/airflow/dags/training_pipeline_dag.py
[2026-08-06T15:23:37.542+0000] {processor.py:830} INFO - Processing file /opt/airflow/dags/training_pipeline_dag.py for tasks to queue
[2026-08-06T15:23:37.547+0000] {logging_mixin.py:188} INFO - [2026-08-06T15:23:37.546+0000] {dagbag.py:545} INFO - Filling up the DagBag from /opt/airflow/dags/training_pipeline_dag.py
[2026-08-06T15:23:38.227+0000] {processor.py:840} INFO - DAG(s) 'training_pipeline' retrieved from /opt/airflow/dags/training_pipeline_dag.py
[2026-08-06T15:23:38.148+0000] {logging_mixin.py:188} INFO - [2026-08-06T15:23:38.147+0000] {dag.py:3089} INFO - Sync 1 DAGs
[2026-08-06T15:23:38.194+0000] {logging_mixin.py:188} INFO - [2026-08-06T15:23:38.194+0000] {dag.py:3947} INFO - Setting next_dagrun for training_pipeline to 2026-08-06 00:00:00+00:00, run_after=2026-08-07 00:00:00+00:00
[2026-08-06T15:23:38.239+0000] {processor.py:183} INFO - Processing /opt/airflow/dags/training_pipeline_dag.py took 2.091 seconds
[2026-08-06T15:24:08.800+0000] {processor.py:161} INFO - Started process (PID=775) to work on /opt/airflow/dags/training_pipeline_dag.py
[2026-08-06T15:24:08.802+0000] {processor.py:830} INFO - Processing file /opt/airflow/dags/training_pipeline_dag.py for tasks to queue
[2026-08-06T15:24:08.807+0000] {logging_mixin.py:188} INFO - [2026-08-06T15:24:08.806+0000] {dagbag.py:545} INFO - Filling up the DagBag from /opt/airflow/dags/training_pipeline_dag.py
[2026-08-06T15:24:10.764+0000] {processor.py:840} INFO - DAG(s) 'training_pipeline' retrieved from /opt/airflow/dags/training_pipeline_dag.py
[2026-08-06T15:24:10.828+0000] {logging_mixin.py:188} INFO - [2026-08-06T15:24:10.827+0000] {dag.py:3089} INFO - Sync 1 DAGs
[2026-08-06T15:24:10.874+0000] {logging_mixin.py:188} INFO - [2026-08-06T15:24:10.874+0000] {dag.py:3947} INFO - Setting next_dagrun for training_pipeline to 2026-08-06 00:00:00+00:00, run_after=2026-08-07 00:00:00+00:00
[2026-08-06T15:24:10.916+0000] {processor.py:183} INFO - Processing /opt/airflow/dags/training_pipeline_dag.py took 2.133 seconds
[2026-08-06T15:24:41.370+0000] {processor.py:161} INFO - Started process (PID=787) to work on /opt/airflow/dags/training_pipeline_dag.py
[2026-08-06T15:24:41.372+0000] {processor.py:830} INFO - Processing file /opt/airflow/dags/training_pipeline_dag.py for tasks to queue
[2026-08-06T15:24:41.379+0000] {logging_mixin.py:188} INFO - [2026-08-06T15:24:41.378+0000] {dagbag.py:545} INFO - Filling up the DagBag from /opt/airflow/dags/training_pipeline_dag.py
[2026-08-06T15:24:43.208+0000] {processor.py:840} INFO - DAG(s) 'training_pipeline' retrieved from /opt/airflow/dags/training_pipeline_dag.py
[2026-08-06T15:24:43.239+0000] {logging_mixin.py:188} INFO - [2026-08-06T15:24:43.238+0000] {dag.py:3089} INFO - Sync 1 DAGs
[2026-08-06T15:24:43.283+0000] {logging_mixin.py:188} INFO - [2026-08-06T15:24:43.283+0000] {dag.py:3947} INFO - Setting next_dagrun for training_pipeline to 2026-08-06 00:00:00+00:00, run_after=2026-08-07 00:00:00+00:00
[2026-08-06T15:24:43.322+0000] {processor.py:183} INFO - Processing /opt/airflow/dags/training_pipeline_dag.py took 1.967 seconds
[2026-08-06T15:25:13.866+0000] {processor.py:161} INFO - Started process (PID=799) to work on /opt/airflow/dags/training_pipeline_dag.py
[2026-08-06T15:25:13.869+0000] {processor.py:830} INFO - Processing file /opt/airflow/dags/training_pipeline_dag.py for tasks to queue
[2026-08-06T15:25:13.875+0000] {logging_mixin.py:188} INFO - [2026-08-06T15:25:13.874+0000] {dagbag.py:545} INFO - Filling up the DagBag from /opt/airflow/dags/training_pipeline_dag.py
[2026-08-06T15:25:15.713+0000] {processor.py:840} INFO - DAG(s) 'training_pipeline' retrieved from /opt/airflow/dags/training_pipeline_dag.py
[2026-08-06T15:25:16.097+0000] {logging_mixin.py:188} INFO - [2026-08-06T15:25:16.096+0000] {dag.py:3089} INFO - Sync 1 DAGs
[2026-08-06T15:25:16.133+0000] {logging_mixin.py:188} INFO - [2026-08-06T15:25:16.133+0000] {dag.py:3947} INFO - Setting next_dagrun for training_pipeline to 2026-08-06 00:00:00+00:00, run_after=2026-08-07 00:00:00+00:00
[2026-08-06T15:25:16.170+0000] {processor.py:183} INFO - Processing /opt/airflow/dags/training_pipeline_dag.py took 2.320 seconds
[2026-08-06T15:25:46.478+0000] {processor.py:161} INFO - Started process (PID=811) to work on /opt/airflow/dags/training_pipeline_dag.py
[2026-08-06T15:25:46.481+0000] {processor.py:830} INFO - Processing file /opt/airflow/dags/training_pipeline_dag.py for tasks to queue
[2026-08-06T15:25:46.485+0000] {logging_mixin.py:188} INFO - [2026-08-06T15:25:46.484+0000] {dagbag.py:545} INFO - Filling up the DagBag from /opt/airflow/dags/training_pipeline_dag.py
[2026-08-06T15:25:48.339+0000] {processor.py:840} INFO - DAG(s) 'training_pipeline' retrieved from /opt/airflow/dags/training_pipeline_dag.py
[2026-08-06T15:25:48.399+0000] {logging_mixin.py:188} INFO - [2026-08-06T15:25:48.395+0000] {dag.py:3089} INFO - Sync 1 DAGs
[2026-08-06T15:25:48.449+0000] {logging_mixin.py:188} INFO - [2026-08-06T15:25:48.448+0000] {dag.py:3947} INFO - Setting next_dagrun for training_pipeline to 2026-08-06 00:00:00+00:00, run_after=2026-08-07 00:00:00+00:00
[2026-08-06T15:25:48.489+0000] {processor.py:183} INFO - Processing /opt/airflow/dags/training_pipeline_dag.py took 2.030 seconds
[2026-08-06T15:26:18.897+0000] {processor.py:161} INFO - Started process (PID=823) to work on /opt/airflow/dags/training_pipeline_dag.py
[2026-08-06T15:26:18.899+0000] {processor.py:830} INFO - Processing file /opt/airflow/dags/training_pipeline_dag.py for tasks to queue
[2026-08-06T15:26:18.905+0000] {logging_mixin.py:188} INFO - [2026-08-06T15:26:18.904+0000] {dagbag.py:545} INFO - Filling up the DagBag from /opt/airflow/dags/training_pipeline_dag.py
[2026-08-06T15:26:20.357+0000] {processor.py:840} INFO - DAG(s) 'training_pipeline' retrieved from /opt/airflow/dags/training_pipeline_dag.py
[2026-08-06T15:26:20.878+0000] {logging_mixin.py:188} INFO - [2026-08-06T15:26:20.876+0000] {dag.py:3089} INFO - Sync 1 DAGs
[2026-08-06T15:26:20.921+0000] {logging_mixin.py:188} INFO - [2026-08-06T15:26:20.921+0000] {dag.py:3947} INFO - Setting next_dagrun for training_pipeline to 2026-08-06 00:00:00+00:00, run_after=2026-08-07 00:00:00+00:00
[2026-08-06T15:26:20.961+0000] {processor.py:183} INFO - Processing /opt/airflow/dags/training_pipeline_dag.py took 2.081 seconds
[2026-08-06T15:26:51.510+0000] {processor.py:161} INFO - Started process (PID=835) to work on /opt/airflow/dags/training_pipeline_dag.py
[2026-08-06T15:26:51.513+0000] {processor.py:830} INFO - Processing file /opt/airflow/dags/training_pipeline_dag.py for tasks to queue
[2026-08-06T15:26:51.522+0000] {logging_mixin.py:188} INFO - [2026-08-06T15:26:51.521+0000] {dagbag.py:545} INFO - Filling up the DagBag from /opt/airflow/dags/training_pipeline_dag.py
[2026-08-06T15:26:53.768+0000] {processor.py:840} INFO - DAG(s) 'training_pipeline' retrieved from /opt/airflow/dags/training_pipeline_dag.py
[2026-08-06T15:26:53.824+0000] {logging_mixin.py:188} INFO - [2026-08-06T15:26:53.823+0000] {dag.py:3089} INFO - Sync 1 DAGs
[2026-08-06T15:26:53.873+0000] {logging_mixin.py:188} INFO - [2026-08-06T15:26:53.872+0000] {dag.py:3947} INFO - Setting next_dagrun for training_pipeline to 2026-08-06 00:00:00+00:00, run_after=2026-08-07 00:00:00+00:00
[2026-08-06T15:26:53.920+0000] {processor.py:183} INFO - Processing /opt/airflow/dags/training_pipeline_dag.py took 2.431 seconds
[2026-08-06T15:27:24.816+0000] {processor.py:161} INFO - Started process (PID=853) to work on /opt/airflow/dags/training_pipeline_dag.py
[2026-08-06T15:27:24.837+0000] {processor.py:830} INFO - Processing file /opt/airflow/dags/training_pipeline_dag.py for tasks to queue
[2026-08-06T15:27:24.883+0000] {logging_mixin.py:188} INFO - [2026-08-06T15:27:24.881+0000] {dagbag.py:545} INFO - Filling up the DagBag from /opt/airflow/dags/training_pipeline_dag.py
[2026-08-06T15:27:36.424+0000] {processor.py:840} INFO - DAG(s) 'training_pipeline' retrieved from /opt/airflow/dags/training_pipeline_dag.py
[2026-08-06T15:27:36.501+0000] {logging_mixin.py:188} INFO - [2026-08-06T15:27:36.496+0000] {dag.py:3089} INFO - Sync 1 DAGs
[2026-08-06T15:27:36.545+0000] {logging_mixin.py:188} INFO - [2026-08-06T15:27:36.545+0000] {dag.py:3947} INFO - Setting next_dagrun for training_pipeline to 2026-08-06 00:00:00+00:00, run_after=2026-08-07 00:00:00+00:00
[2026-08-06T15:27:36.590+0000] {processor.py:183} INFO - Processing /opt/airflow/dags/training_pipeline_dag.py took 13.348 seconds
[2026-08-06T15:28:06.865+0000] {processor.py:161} INFO - Started process (PID=902) to work on /opt/airflow/dags/training_pipeline_dag.py
[2026-08-06T15:28:06.869+0000] {processor.py:830} INFO - Processing file /opt/airflow/dags/training_pipeline_dag.py for tasks to queue
[2026-08-06T15:28:06.877+0000] {logging_mixin.py:188} INFO - [2026-08-06T15:28:06.876+0000] {dagbag.py:545} INFO - Filling up the DagBag from /opt/airflow/dags/training_pipeline_dag.py
[2026-08-06T15:28:10.543+0000] {processor.py:840} INFO - DAG(s) 'training_pipeline' retrieved from /opt/airflow/dags/training_pipeline_dag.py
[2026-08-06T15:28:10.593+0000] {logging_mixin.py:188} INFO - [2026-08-06T15:28:10.593+0000] {dag.py:3089} INFO - Sync 1 DAGs
[2026-08-06T15:28:10.639+0000] {logging_mixin.py:188} INFO - [2026-08-06T15:28:10.638+0000] {dag.py:3947} INFO - Setting next_dagrun for training_pipeline to 2026-08-06 00:00:00+00:00, run_after=2026-08-07 00:00:00+00:00
[2026-08-06T15:28:10.678+0000] {processor.py:183} INFO - Processing /opt/airflow/dags/training_pipeline_dag.py took 3.846 seconds
[2026-08-06T15:28:41.249+0000] {processor.py:161} INFO - Started process (PID=920) to work on /opt/airflow/dags/training_pipeline_dag.py
[2026-08-06T15:28:41.253+0000] {processor.py:830} INFO - Processing file /opt/airflow/dags/training_pipeline_dag.py for tasks to queue
[2026-08-06T15:28:41.259+0000] {logging_mixin.py:188} INFO - [2026-08-06T15:28:41.258+0000] {dagbag.py:545} INFO - Filling up the DagBag from /opt/airflow/dags/training_pipeline_dag.py
[2026-08-06T15:28:43.315+0000] {processor.py:840} INFO - DAG(s) 'training_pipeline' retrieved from /opt/airflow/dags/training_pipeline_dag.py
[2026-08-06T15:28:43.367+0000] {logging_mixin.py:188} INFO - [2026-08-06T15:28:43.364+0000] {dag.py:3089} INFO - Sync 1 DAGs
[2026-08-06T15:28:43.407+0000] {logging_mixin.py:188} INFO - [2026-08-06T15:28:43.406+0000] {dag.py:3947} INFO - Setting next_dagrun for training_pipeline to 2026-08-06 00:00:00+00:00, run_after=2026-08-07 00:00:00+00:00
[2026-08-06T15:28:43.453+0000] {processor.py:183} INFO - Processing /opt/airflow/dags/training_pipeline_dag.py took 2.225 seconds
[2026-08-06T15:29:13.977+0000] {processor.py:161} INFO - Started process (PID=932) to work on /opt/airflow/dags/training_pipeline_dag.py
[2026-08-06T15:29:13.980+0000] {processor.py:830} INFO - Processing file /opt/airflow/dags/training_pipeline_dag.py for tasks to queue
[2026-08-06T15:29:13.988+0000] {logging_mixin.py:188} INFO - [2026-08-06T15:29:13.987+0000] {dagbag.py:545} INFO - Filling up the DagBag from /opt/airflow/dags/training_pipeline_dag.py
[2026-08-06T15:29:15.348+0000] {processor.py:840} INFO - DAG(s) 'training_pipeline' retrieved from /opt/airflow/dags/training_pipeline_dag.py
[2026-08-06T15:29:15.692+0000] {logging_mixin.py:188} INFO - [2026-08-06T15:29:15.691+0000] {dag.py:3089} INFO - Sync 1 DAGs
[2026-08-06T15:29:15.733+0000] {logging_mixin.py:188} INFO - [2026-08-06T15:29:15.732+0000] {dag.py:3947} INFO - Setting next_dagrun for training_pipeline to 2026-08-06 00:00:00+00:00, run_after=2026-08-07 00:00:00+00:00
[2026-08-06T15:29:15.775+0000] {processor.py:183} INFO - Processing /opt/airflow/dags/training_pipeline_dag.py took 1.814 seconds
[2026-08-06T15:29:46.219+0000] {processor.py:161} INFO - Started process (PID=944) to work on /opt/airflow/dags/training_pipeline_dag.py
[2026-08-06T15:29:46.221+0000] {processor.py:830} INFO - Processing file /opt/airflow/dags/training_pipeline_dag.py for tasks to queue
[2026-08-06T15:29:46.226+0000] {logging_mixin.py:188} INFO - [2026-08-06T15:29:46.225+0000] {dagbag.py:545} INFO - Filling up the DagBag from /opt/airflow/dags/training_pipeline_dag.py
[2026-08-06T15:29:48.062+0000] {processor.py:840} INFO - DAG(s) 'training_pipeline' retrieved from /opt/airflow/dags/training_pipeline_dag.py
[2026-08-06T15:29:48.113+0000] {logging_mixin.py:188} INFO - [2026-08-06T15:29:48.112+0000] {dag.py:3089} INFO - Sync 1 DAGs
[2026-08-06T15:29:48.160+0000] {logging_mixin.py:188} INFO - [2026-08-06T15:29:48.160+0000] {dag.py:3947} INFO - Setting next_dagrun for training_pipeline to 2026-08-06 00:00:00+00:00, run_after=2026-08-07 00:00:00+00:00
[2026-08-06T15:29:48.199+0000] {processor.py:183} INFO - Processing /opt/airflow/dags/training_pipeline_dag.py took 1.999 seconds
[2026-08-06T15:30:18.635+0000] {processor.py:161} INFO - Started process (PID=956) to work on /opt/airflow/dags/training_pipeline_dag.py
[2026-08-06T15:30:18.640+0000] {processor.py:830} INFO - Processing file /opt/airflow/dags/training_pipeline_dag.py for tasks to queue
[2026-08-06T15:30:18.646+0000] {logging_mixin.py:188} INFO - [2026-08-06T15:30:18.645+0000] {dagbag.py:545} INFO - Filling up the DagBag from /opt/airflow/dags/training_pipeline_dag.py
[2026-08-06T15:30:19.185+0000] {processor.py:840} INFO - DAG(s) 'training_pipeline' retrieved from /opt/airflow/dags/training_pipeline_dag.py
[2026-08-06T15:30:19.234+0000] {logging_mixin.py:188} INFO - [2026-08-06T15:30:19.233+0000] {dag.py:3089} INFO - Sync 1 DAGs
[2026-08-06T15:30:19.275+0000] {logging_mixin.py:188} INFO - [2026-08-06T15:30:19.274+0000] {dag.py:3947} INFO - Setting next_dagrun for training_pipeline to 2026-08-06 00:00:00+00:00, run_after=2026-08-07 00:00:00+00:00
[2026-08-06T15:30:19.321+0000] {processor.py:183} INFO - Processing /opt/airflow/dags/training_pipeline_dag.py took 2.008 seconds
[2026-08-06T15:30:49.984+0000] {processor.py:161} INFO - Started process (PID=968) to work on /opt/airflow/dags/training_pipeline_dag.py
[2026-08-06T15:30:49.997+0000] {processor.py:830} INFO - Processing file /opt/airflow/dags/training_pipeline_dag.py for tasks to queue
[2026-08-06T15:30:50.026+0000] {logging_mixin.py:188} INFO - [2026-08-06T15:30:50.025+0000] {dagbag.py:545} INFO - Filling up the DagBag from /opt/airflow/dags/training_pipeline_dag.py
[2026-08-06T15:30:52.236+0000] {processor.py:840} INFO - DAG(s) 'training_pipeline' retrieved from /opt/airflow/dags/training_pipeline_dag.py
[2026-08-06T15:30:52.382+0000] {logging_mixin.py:188} INFO - [2026-08-06T15:30:52.381+0000] {dag.py:3089} INFO - Sync 1 DAGs
[2026-08-06T15:30:52.465+0000] {logging_mixin.py:188} INFO - [2026-08-06T15:30:52.464+0000] {dag.py:3947} INFO - Setting next_dagrun for training_pipeline to 2026-08-06 00:00:00+00:00, run_after=2026-08-07 00:00:00+00:00
[2026-08-06T15:30:52.503+0000] {processor.py:183} INFO - Processing /opt/airflow/dags/training_pipeline_dag.py took 2.592 seconds
[2026-08-06T15:31:22.996+0000] {processor.py:161} INFO - Started process (PID=980) to work on /opt/airflow/dags/training_pipeline_dag.py
[2026-08-06T15:31:22.998+0000] {processor.py:830} INFO - Processing file /opt/airflow/dags/training_pipeline_dag.py for tasks to queue
[2026-08-06T15:31:23.004+0000] {logging_mixin.py:188} INFO - [2026-08-06T15:31:23.004+0000] {dagbag.py:545} INFO - Filling up the DagBag from /opt/airflow/dags/training_pipeline_dag.py
[2026-08-06T15:31:24.748+0000] {processor.py:840} INFO - DAG(s) 'training_pipeline' retrieved from /opt/airflow/dags/training_pipeline_dag.py
[2026-08-06T15:31:24.795+0000] {logging_mixin.py:188} INFO - [2026-08-06T15:31:24.794+0000] {dag.py:3089} INFO - Sync 1 DAGs
[2026-08-06T15:31:24.839+0000] {logging_mixin.py:188} INFO - [2026-08-06T15:31:24.839+0000] {dag.py:3947} INFO - Setting next_dagrun for training_pipeline to 2026-08-06 00:00:00+00:00, run_after=2026-08-07 00:00:00+00:00
[2026-08-06T15:31:24.881+0000] {processor.py:183} INFO - Processing /opt/airflow/dags/training_pipeline_dag.py took 1.901 seconds
[2026-08-06T15:31:55.348+0000] {processor.py:161} INFO - Started process (PID=992) to work on /opt/airflow/dags/training_pipeline_dag.py
[2026-08-06T15:31:55.350+0000] {processor.py:830} INFO - Processing file /opt/airflow/dags/training_pipeline_dag.py for tasks to queue
[2026-08-06T15:31:55.356+0000] {logging_mixin.py:188} INFO - [2026-08-06T15:31:55.355+0000] {dagbag.py:545} INFO - Filling up the DagBag from /opt/airflow/dags/training_pipeline_dag.py
[2026-08-06T15:31:56.883+0000] {processor.py:840} INFO - DAG(s) 'training_pipeline' retrieved from /opt/airflow/dags/training_pipeline_dag.py
[2026-08-06T15:31:57.284+0000] {logging_mixin.py:188} INFO - [2026-08-06T15:31:57.283+0000] {dag.py:3089} INFO - Sync 1 DAGs
[2026-08-06T15:31:57.324+0000] {logging_mixin.py:188} INFO - [2026-08-06T15:31:57.323+0000] {dag.py:3947} INFO - Setting next_dagrun for training_pipeline to 2026-08-06 00:00:00+00:00, run_after=2026-08-07 00:00:00+00:00
[2026-08-06T15:31:57.361+0000] {processor.py:183} INFO - Processing /opt/airflow/dags/training_pipeline_dag.py took 2.034 seconds
[2026-08-06T15:32:27.834+0000] {processor.py:161} INFO - Started process (PID=1004) to work on /opt/airflow/dags/training_pipeline_dag.py
[2026-08-06T15:32:27.837+0000] {processor.py:830} INFO - Processing file /opt/airflow/dags/training_pipeline_dag.py for tasks to queue
[2026-08-06T15:32:27.842+0000] {logging_mixin.py:188} INFO - [2026-08-06T15:32:27.841+0000] {dagbag.py:545} INFO - Filling up the DagBag from /opt/airflow/dags/training_pipeline_dag.py
[2026-08-06T15:32:29.646+0000] {processor.py:840} INFO - DAG(s) 'training_pipeline' retrieved from /opt/airflow/dags/training_pipeline_dag.py
[2026-08-06T15:32:29.699+0000] {logging_mixin.py:188} INFO - [2026-08-06T15:32:29.698+0000] {dag.py:3089} INFO - Sync 1 DAGs
[2026-08-06T15:32:29.741+0000] {logging_mixin.py:188} INFO - [2026-08-06T15:32:29.741+0000] {dag.py:3947} INFO - Setting next_dagrun for training_pipeline to 2026-08-06 00:00:00+00:00, run_after=2026-08-07 00:00:00+00:00
[2026-08-06T15:32:29.781+0000] {processor.py:183} INFO - Processing /opt/airflow/dags/training_pipeline_dag.py took 1.964 seconds
[2026-08-06T15:33:00.288+0000] {processor.py:161} INFO - Started process (PID=1016) to work on /opt/airflow/dags/training_pipeline_dag.py
[2026-08-06T15:33:00.290+0000] {processor.py:830} INFO - Processing file /opt/airflow/dags/training_pipeline_dag.py for tasks to queue
[2026-08-06T15:33:00.297+0000] {logging_mixin.py:188} INFO - [2026-08-06T15:33:00.296+0000] {dagbag.py:545} INFO - Filling up the DagBag from /opt/airflow/dags/training_pipeline_dag.py
[2026-08-06T15:33:02.149+0000] {processor.py:840} INFO - DAG(s) 'training_pipeline' retrieved from /opt/airflow/dags/training_pipeline_dag.py
[2026-08-06T15:33:02.199+0000] {logging_mixin.py:188} INFO - [2026-08-06T15:33:02.198+0000] {dag.py:3089} INFO - Sync 1 DAGs
[2026-08-06T15:33:02.241+0000] {logging_mixin.py:188} INFO - [2026-08-06T15:33:02.241+0000] {dag.py:3947} INFO - Setting next_dagrun for training_pipeline to 2026-08-06 00:00:00+00:00, run_after=2026-08-07 00:00:00+00:00
[2026-08-06T15:33:02.281+0000] {processor.py:183} INFO - Processing /opt/airflow/dags/training_pipeline_dag.py took 2.010 seconds
[2026-08-06T17:08:05.751+0000] {processor.py:161} INFO - Started process (PID=1028) to work on /opt/airflow/dags/training_pipeline_dag.py
[2026-08-06T17:08:05.764+0000] {processor.py:830} INFO - Processing file /opt/airflow/dags/training_pipeline_dag.py for tasks to queue
[2026-08-06T17:08:05.777+0000] {logging_mixin.py:188} INFO - [2026-08-06T17:08:05.776+0000] {dagbag.py:545} INFO - Filling up the DagBag from /opt/airflow/dags/training_pipeline_dag.py
[2026-08-06T17:08:10.490+0000] {processor.py:840} INFO - DAG(s) 'training_pipeline' retrieved from /opt/airflow/dags/training_pipeline_dag.py
[2026-08-06T17:08:10.633+0000] {logging_mixin.py:188} INFO - [2026-08-06T17:08:10.632+0000] {dag.py:3089} INFO - Sync 1 DAGs
[2026-08-06T17:08:10.717+0000] {logging_mixin.py:188} INFO - [2026-08-06T17:08:10.716+0000] {dag.py:3947} INFO - Setting next_dagrun for training_pipeline to 2026-08-06 00:00:00+00:00, run_after=2026-08-07 00:00:00+00:00
[2026-08-06T17:08:10.797+0000] {processor.py:183} INFO - Processing /opt/airflow/dags/training_pipeline_dag.py took 6.765 seconds
[2026-08-06T17:08:41.489+0000] {processor.py:161} INFO - Started process (PID=1046) to work on /opt/airflow/dags/training_pipeline_dag.py
[2026-08-06T17:08:41.518+0000] {processor.py:830} INFO - Processing file /opt/airflow/dags/training_pipeline_dag.py for tasks to queue
[2026-08-06T17:08:41.551+0000] {logging_mixin.py:188} INFO - [2026-08-06T17:08:41.548+0000] {dagbag.py:545} INFO - Filling up the DagBag from /opt/airflow/dags/training_pipeline_dag.py
[2026-08-06T17:08:43.866+0000] {processor.py:840} INFO - DAG(s) 'training_pipeline' retrieved from /opt/airflow/dags/training_pipeline_dag.py
[2026-08-06T17:08:43.926+0000] {logging_mixin.py:188} INFO - [2026-08-06T17:08:43.925+0000] {dag.py:3089} INFO - Sync 1 DAGs
[2026-08-06T17:08:43.998+0000] {logging_mixin.py:188} INFO - [2026-08-06T17:08:43.997+0000] {dag.py:3947} INFO - Setting next_dagrun for training_pipeline to 2026-08-06 00:00:00+00:00, run_after=2026-08-07 00:00:00+00:00
[2026-08-06T17:08:44.083+0000] {processor.py:183} INFO - Processing /opt/airflow/dags/training_pipeline_dag.py took 2.759 seconds
[2026-08-06T17:09:14.359+0000] {processor.py:161} INFO - Started process (PID=1098) to work on /opt/airflow/dags/training_pipeline_dag.py
[2026-08-06T17:09:14.373+0000] {processor.py:830} INFO - Processing file /opt/airflow/dags/training_pipeline_dag.py for tasks to queue
[2026-08-06T17:09:14.414+0000] {logging_mixin.py:188} INFO - [2026-08-06T17:09:14.406+0000] {dagbag.py:545} INFO - Filling up the DagBag from /opt/airflow/dags/training_pipeline_dag.py
[2026-08-06T17:09:21.547+0000] {processor.py:840} INFO - DAG(s) 'training_pipeline' retrieved from /opt/airflow/dags/training_pipeline_dag.py
[2026-08-06T17:09:21.590+0000] {logging_mixin.py:188} INFO - [2026-08-06T17:09:21.589+0000] {dag.py:3089} INFO - Sync 1 DAGs
[2026-08-06T17:09:21.625+0000] {logging_mixin.py:188} INFO - [2026-08-06T17:09:21.624+0000] {dag.py:3947} INFO - Setting next_dagrun for training_pipeline to 2026-08-06 00:00:00+00:00, run_after=2026-08-07 00:00:00+00:00
[2026-08-06T17:09:21.666+0000] {processor.py:183} INFO - Processing /opt/airflow/dags/training_pipeline_dag.py took 7.333 seconds
[2026-08-06T17:09:52.600+0000] {processor.py:161} INFO - Started process (PID=1159) to work on /opt/airflow/dags/training_pipeline_dag.py
[2026-08-06T17:09:52.603+0000] {processor.py:830} INFO - Processing file /opt/airflow/dags/training_pipeline_dag.py for tasks to queue
[2026-08-06T17:09:52.621+0000] {logging_mixin.py:188} INFO - [2026-08-06T17:09:52.619+0000] {dagbag.py:545} INFO - Filling up the DagBag from /opt/airflow/dags/training_pipeline_dag.py
[2026-08-06T17:09:54.382+0000] {processor.py:840} INFO - DAG(s) 'training_pipeline' retrieved from /opt/airflow/dags/training_pipeline_dag.py
[2026-08-06T17:09:54.438+0000] {logging_mixin.py:188} INFO - [2026-08-06T17:09:54.437+0000] {dag.py:3089} INFO - Sync 1 DAGs
[2026-08-06T17:09:54.491+0000] {logging_mixin.py:188} INFO - [2026-08-06T17:09:54.491+0000] {dag.py:3947} INFO - Setting next_dagrun for training_pipeline to 2026-08-06 00:00:00+00:00, run_after=2026-08-07 00:00:00+00:00
[2026-08-06T17:09:54.535+0000] {processor.py:183} INFO - Processing /opt/airflow/dags/training_pipeline_dag.py took 2.009 seconds
[2026-08-06T17:10:24.841+0000] {processor.py:161} INFO - Started process (PID=1171) to work on /opt/airflow/dags/training_pipeline_dag.py
[2026-08-06T17:10:24.844+0000] {processor.py:830} INFO - Processing file /opt/airflow/dags/training_pipeline_dag.py for tasks to queue
[2026-08-06T17:10:24.851+0000] {logging_mixin.py:188} INFO - [2026-08-06T17:10:24.849+0000] {dagbag.py:545} INFO - Filling up the DagBag from /opt/airflow/dags/training_pipeline_dag.py
[2026-08-06T17:10:26.709+0000] {processor.py:840} INFO - DAG(s) 'training_pipeline' retrieved from /opt/airflow/dags/training_pipeline_dag.py
[2026-08-06T17:10:26.779+0000] {logging_mixin.py:188} INFO - [2026-08-06T17:10:26.778+0000] {dag.py:3089} INFO - Sync 1 DAGs
[2026-08-06T17:10:26.831+0000] {logging_mixin.py:188} INFO - [2026-08-06T17:10:26.831+0000] {dag.py:3947} INFO - Setting next_dagrun for training_pipeline to 2026-08-06 00:00:00+00:00, run_after=2026-08-07 00:00:00+00:00
[2026-08-06T17:10:26.871+0000] {processor.py:183} INFO - Processing /opt/airflow/dags/training_pipeline_dag.py took 2.051 seconds
[2026-08-06T17:10:57.374+0000] {processor.py:161} INFO - Started process (PID=1183) to work on /opt/airflow/dags/training_pipeline_dag.py
[2026-08-06T17:10:57.377+0000] {processor.py:830} INFO - Processing file /opt/airflow/dags/training_pipeline_dag.py for tasks to queue
[2026-08-06T17:10:57.382+0000] {logging_mixin.py:188} INFO - [2026-08-06T17:10:57.382+0000] {dagbag.py:545} INFO - Filling up the DagBag from /opt/airflow/dags/training_pipeline_dag.py
[2026-08-06T17:10:59.243+0000] {processor.py:840} INFO - DAG(s) 'training_pipeline' retrieved from /opt/airflow/dags/training_pipeline_dag.py
[2026-08-06T17:10:59.303+0000] {logging_mixin.py:188} INFO - [2026-08-06T17:10:59.302+0000] {dag.py:3089} INFO - Sync 1 DAGs
[2026-08-06T17:10:59.359+0000] {logging_mixin.py:188} INFO - [2026-08-06T17:10:59.359+0000] {dag.py:3947} INFO - Setting next_dagrun for training_pipeline to 2026-08-06 00:00:00+00:00, run_after=2026-08-07 00:00:00+00:00
[2026-08-06T17:10:59.400+0000] {processor.py:183} INFO - Processing /opt/airflow/dags/training_pipeline_dag.py took 2.047 seconds
[2026-08-06T17:11:29.642+0000] {processor.py:161} INFO - Started process (PID=1195) to work on /opt/airflow/dags/training_pipeline_dag.py
[2026-08-06T17:11:29.645+0000] {processor.py:830} INFO - Processing file /opt/airflow/dags/training_pipeline_dag.py for tasks to queue
[2026-08-06T17:11:29.651+0000] {logging_mixin.py:188} INFO - [2026-08-06T17:11:29.650+0000] {dagbag.py:545} INFO - Filling up the DagBag from /opt/airflow/dags/training_pipeline_dag.py
[2026-08-06T17:11:31.352+0000] {processor.py:840} INFO - DAG(s) 'training_pipeline' retrieved from /opt/airflow/dags/training_pipeline_dag.py
[2026-08-06T17:11:31.412+0000] {logging_mixin.py:188} INFO - [2026-08-06T17:11:31.411+0000] {dag.py:3089} INFO - Sync 1 DAGs
[2026-08-06T17:11:31.459+0000] {logging_mixin.py:188} INFO - [2026-08-06T17:11:31.459+0000] {dag.py:3947} INFO - Setting next_dagrun for training_pipeline to 2026-08-06 00:00:00+00:00, run_after=2026-08-07 00:00:00+00:00
[2026-08-06T17:11:31.494+0000] {processor.py:183} INFO - Processing /opt/airflow/dags/training_pipeline_dag.py took 1.876 seconds
[2026-08-06T17:12:00.486+0000] {processor.py:161} INFO - Started process (PID=1207) to work on /opt/airflow/dags/training_pipeline_dag.py
[2026-08-06T17:12:00.491+0000] {processor.py:830} INFO - Processing file /opt/airflow/dags/training_pipeline_dag.py for tasks to queue
[2026-08-06T17:12:00.500+0000] {logging_mixin.py:188} INFO - [2026-08-06T17:12:00.499+0000] {dagbag.py:545} INFO - Filling up the DagBag from /opt/airflow/dags/training_pipeline_dag.py
[2026-08-06T17:12:02.109+0000] {processor.py:840} INFO - DAG(s) 'training_pipeline' retrieved from /opt/airflow/dags/training_pipeline_dag.py
[2026-08-06T17:12:02.165+0000] {logging_mixin.py:188} INFO - [2026-08-06T17:12:02.164+0000] {dag.py:3089} INFO - Sync 1 DAGs
[2026-08-06T17:12:02.204+0000] {logging_mixin.py:188} INFO - [2026-08-06T17:12:02.203+0000] {dag.py:3947} INFO - Setting next_dagrun for training_pipeline to 2026-08-06 00:00:00+00:00, run_after=2026-08-07 00:00:00+00:00
[2026-08-06T17:12:02.240+0000] {processor.py:183} INFO - Processing /opt/airflow/dags/training_pipeline_dag.py took 1.777 seconds
[2026-08-06T17:12:32.513+0000] {processor.py:161} INFO - Started process (PID=1219) to work on /opt/airflow/dags/training_pipeline_dag.py
[2026-08-06T17:12:32.516+0000] {processor.py:830} INFO - Processing file /opt/airflow/dags/training_pipeline_dag.py for tasks to queue
[2026-08-06T17:12:32.522+0000] {logging_mixin.py:188} INFO - [2026-08-06T17:12:32.521+0000] {dagbag.py:545} INFO - Filling up the DagBag from /opt/airflow/dags/training_pipeline_dag.py
[2026-08-06T17:12:33.795+0000] {processor.py:840} INFO - DAG(s) 'training_pipeline' retrieved from /opt/airflow/dags/training_pipeline_dag.py
[2026-08-06T17:12:34.267+0000] {logging_mixin.py:188} INFO - [2026-08-06T17:12:34.265+0000] {dag.py:3089} INFO - Sync 1 DAGs
[2026-08-06T17:12:34.323+0000] {logging_mixin.py:188} INFO - [2026-08-06T17:12:34.322+0000] {dag.py:3947} INFO - Setting next_dagrun for training_pipeline to 2026-08-06 00:00:00+00:00, run_after=2026-08-07 00:00:00+00:00
[2026-08-06T17:12:34.364+0000] {processor.py:183} INFO - Processing /opt/airflow/dags/training_pipeline_dag.py took 1.873 seconds
[2026-08-06T17:13:04.561+0000] {processor.py:161} INFO - Started process (PID=1231) to work on /opt/airflow/dags/training_pipeline_dag.py
[2026-08-06T17:13:04.564+0000] {processor.py:830} INFO - Processing file /opt/airflow/dags/training_pipeline_dag.py for tasks to queue
[2026-08-06T17:13:04.572+0000] {logging_mixin.py:188} INFO - [2026-08-06T17:13:04.571+0000] {dagbag.py:545} INFO - Filling up the DagBag from /opt/airflow/dags/training_pipeline_dag.py
[2026-08-06T17:13:06.328+0000] {processor.py:840} INFO - DAG(s) 'training_pipeline' retrieved from /opt/airflow/dags/training_pipeline_dag.py
[2026-08-06T17:13:06.382+0000] {logging_mixin.py:188} INFO - [2026-08-06T17:13:06.382+0000] {dag.py:3089} INFO - Sync 1 DAGs
[2026-08-06T17:13:06.425+0000] {logging_mixin.py:188} INFO - [2026-08-06T17:13:06.425+0000] {dag.py:3947} INFO - Setting next_dagrun for training_pipeline to 2026-08-06 00:00:00+00:00, run_after=2026-08-07 00:00:00+00:00
[2026-08-06T17:13:06.458+0000] {processor.py:183} INFO - Processing /opt/airflow/dags/training_pipeline_dag.py took 1.913 seconds
[2026-08-06T17:13:37.468+0000] {processor.py:161} INFO - Started process (PID=1243) to work on /opt/airflow/dags/training_pipeline_dag.py
[2026-08-06T17:13:37.471+0000] {processor.py:830} INFO - Processing file /opt/airflow/dags/training_pipeline_dag.py for tasks to queue
[2026-08-06T17:13:37.477+0000] {logging_mixin.py:188} INFO - [2026-08-06T17:13:37.476+0000] {dagbag.py:545} INFO - Filling up the DagBag from /opt/airflow/dags/training_pipeline_dag.py
[2026-08-06T17:13:39.096+0000] {processor.py:840} INFO - DAG(s) 'training_pipeline' retrieved from /opt/airflow/dags/training_pipeline_dag.py
[2026-08-06T17:13:39.150+0000] {logging_mixin.py:188} INFO - [2026-08-06T17:13:39.149+0000] {dag.py:3089} INFO - Sync 1 DAGs
[2026-08-06T17:13:39.195+0000] {logging_mixin.py:188} INFO - [2026-08-06T17:13:39.195+0000] {dag.py:3947} INFO - Setting next_dagrun for training_pipeline to 2026-08-06 00:00:00+00:00, run_after=2026-08-07 00:00:00+00:00
[2026-08-06T17:13:39.236+0000] {processor.py:183} INFO - Processing /opt/airflow/dags/training_pipeline_dag.py took 1.784 seconds
[2026-08-06T17:14:09.653+0000] {processor.py:161} INFO - Started process (PID=1255) to work on /opt/airflow/dags/training_pipeline_dag.py
[2026-08-06T17:14:09.656+0000] {processor.py:830} INFO - Processing file /opt/airflow/dags/training_pipeline_dag.py for tasks to queue
[2026-08-06T17:14:09.661+0000] {logging_mixin.py:188} INFO - [2026-08-06T17:14:09.660+0000] {dagbag.py:545} INFO - Filling up the DagBag from /opt/airflow/dags/training_pipeline_dag.py
[2026-08-06T17:14:11.413+0000] {processor.py:840} INFO - DAG(s) 'training_pipeline' retrieved from /opt/airflow/dags/training_pipeline_dag.py
[2026-08-06T17:14:11.461+0000] {logging_mixin.py:188} INFO - [2026-08-06T17:14:11.460+0000] {dag.py:3089} INFO - Sync 1 DAGs
[2026-08-06T17:14:11.499+0000] {logging_mixin.py:188} INFO - [2026-08-06T17:14:11.498+0000] {dag.py:3947} INFO - Setting next_dagrun for training_pipeline to 2026-08-06 00:00:00+00:00, run_after=2026-08-07 00:00:00+00:00
[2026-08-06T17:14:11.534+0000] {processor.py:183} INFO - Processing /opt/airflow/dags/training_pipeline_dag.py took 1.898 seconds
[2026-08-06T17:14:41.746+0000] {processor.py:161} INFO - Started process (PID=1267) to work on /opt/airflow/dags/training_pipeline_dag.py
[2026-08-06T17:14:41.749+0000] {processor.py:830} INFO - Processing file /opt/airflow/dags/training_pipeline_dag.py for tasks to queue
[2026-08-06T17:14:41.754+0000] {logging_mixin.py:188} INFO - [2026-08-06T17:14:41.753+0000] {dagbag.py:545} INFO - Filling up the DagBag from /opt/airflow/dags/training_pipeline_dag.py
[2026-08-06T17:14:43.402+0000] {processor.py:840} INFO - DAG(s) 'training_pipeline' retrieved from /opt/airflow/dags/training_pipeline_dag.py
[2026-08-06T17:14:43.452+0000] {logging_mixin.py:188} INFO - [2026-08-06T17:14:43.449+0000] {dag.py:3089} INFO - Sync 1 DAGs
[2026-08-06T17:14:43.487+0000] {logging_mixin.py:188} INFO - [2026-08-06T17:14:43.486+0000] {dag.py:3947} INFO - Setting next_dagrun for training_pipeline to 2026-08-06 00:00:00+00:00, run_after=2026-08-07 00:00:00+00:00
[2026-08-06T17:14:43.522+0000] {processor.py:183} INFO - Processing /opt/airflow/dags/training_pipeline_dag.py took 1.793 seconds
[2026-08-06T17:15:13.833+0000] {processor.py:161} INFO - Started process (PID=1279) to work on /opt/airflow/dags/training_pipeline_dag.py
[2026-08-06T17:15:13.835+0000] {processor.py:830} INFO - Processing file /opt/airflow/dags/training_pipeline_dag.py for tasks to queue
[2026-08-06T17:15:13.842+0000] {logging_mixin.py:188} INFO - [2026-08-06T17:15:13.841+0000] {dagbag.py:545} INFO - Filling up the DagBag from /opt/airflow/dags/training_pipeline_dag.py
[2026-08-06T17:15:15.355+0000] {processor.py:840} INFO - DAG(s) 'training_pipeline' retrieved from /opt/airflow/dags/training_pipeline_dag.py
[2026-08-06T17:15:15.908+0000] {logging_mixin.py:188} INFO - [2026-08-06T17:15:15.907+0000] {dag.py:3089} INFO - Sync 1 DAGs
[2026-08-06T17:15:15.950+0000] {logging_mixin.py:188} INFO - [2026-08-06T17:15:15.949+0000] {dag.py:3947} INFO - Setting next_dagrun for training_pipeline to 2026-08-06 00:00:00+00:00, run_after=2026-08-07 00:00:00+00:00
[2026-08-06T17:15:15.988+0000] {processor.py:183} INFO - Processing /opt/airflow/dags/training_pipeline_dag.py took 2.175 seconds
[2026-08-06T17:15:47.134+0000] {processor.py:161} INFO - Started process (PID=1291) to work on /opt/airflow/dags/training_pipeline_dag.py
[2026-08-06T17:15:47.137+0000] {processor.py:830} INFO - Processing file /opt/airflow/dags/training_pipeline_dag.py for tasks to queue
[2026-08-06T17:15:47.142+0000] {logging_mixin.py:188} INFO - [2026-08-06T17:15:47.141+0000] {dagbag.py:545} INFO - Filling up the DagBag from /opt/airflow/dags/training_pipeline_dag.py
[2026-08-06T17:15:48.653+0000] {processor.py:840} INFO - DAG(s) 'training_pipeline' retrieved from /opt/airflow/dags/training_pipeline_dag.py
[2026-08-06T17:15:48.706+0000] {logging_mixin.py:188} INFO - [2026-08-06T17:15:48.705+0000] {dag.py:3089} INFO - Sync 1 DAGs
[2026-08-06T17:15:48.765+0000] {logging_mixin.py:188} INFO - [2026-08-06T17:15:48.765+0000] {dag.py:3947} INFO - Setting next_dagrun for training_pipeline to 2026-08-06 00:00:00+00:00, run_after=2026-08-07 00:00:00+00:00
[2026-08-06T17:15:48.808+0000] {processor.py:183} INFO - Processing /opt/airflow/dags/training_pipeline_dag.py took 1.907 seconds
[2026-08-06T17:16:19.819+0000] {processor.py:161} INFO - Started process (PID=1307) to work on /opt/airflow/dags/training_pipeline_dag.py
[2026-08-06T17:16:19.821+0000] {processor.py:830} INFO - Processing file /opt/airflow/dags/training_pipeline_dag.py for tasks to queue
[2026-08-06T17:16:19.826+0000] {logging_mixin.py:188} INFO - [2026-08-06T17:16:19.825+0000] {dagbag.py:545} INFO - Filling up the DagBag from /opt/airflow/dags/training_pipeline_dag.py
[2026-08-06T17:16:21.514+0000] {processor.py:840} INFO - DAG(s) 'training_pipeline' retrieved from /opt/airflow/dags/training_pipeline_dag.py
[2026-08-06T17:16:21.558+0000] {logging_mixin.py:188} INFO - [2026-08-06T17:16:21.558+0000] {dag.py:3089} INFO - Sync 1 DAGs
[2026-08-06T17:16:21.597+0000] {logging_mixin.py:188} INFO - [2026-08-06T17:16:21.596+0000] {dag.py:3947} INFO - Setting next_dagrun for training_pipeline to 2026-08-06 00:00:00+00:00, run_after=2026-08-07 00:00:00+00:00
[2026-08-06T17:16:21.635+0000] {processor.py:183} INFO - Processing /opt/airflow/dags/training_pipeline_dag.py took 1.833 seconds
[2026-08-06T17:16:52.186+0000] {processor.py:161} INFO - Started process (PID=1319) to work on /opt/airflow/dags/training_pipeline_dag.py
[2026-08-06T17:16:52.188+0000] {processor.py:830} INFO - Processing file /opt/airflow/dags/training_pipeline_dag.py for tasks to queue
[2026-08-06T17:16:52.193+0000] {logging_mixin.py:188} INFO - [2026-08-06T17:16:52.192+0000] {dagbag.py:545} INFO - Filling up the DagBag from /opt/airflow/dags/training_pipeline_dag.py
[2026-08-06T17:16:53.921+0000] {processor.py:840} INFO - DAG(s) 'training_pipeline' retrieved from /opt/airflow/dags/training_pipeline_dag.py
[2026-08-06T17:16:53.967+0000] {logging_mixin.py:188} INFO - [2026-08-06T17:16:53.966+0000] {dag.py:3089} INFO - Sync 1 DAGs
[2026-08-06T17:16:54.012+0000] {logging_mixin.py:188} INFO - [2026-08-06T17:16:54.012+0000] {dag.py:3947} INFO - Setting next_dagrun for training_pipeline to 2026-08-06 00:00:00+00:00, run_after=2026-08-07 00:00:00+00:00
[2026-08-06T17:16:54.046+0000] {processor.py:183} INFO - Processing /opt/airflow/dags/training_pipeline_dag.py took 1.878 seconds
[2026-08-06T17:17:25.128+0000] {processor.py:161} INFO - Started process (PID=1331) to work on /opt/airflow/dags/training_pipeline_dag.py
[2026-08-06T17:17:25.130+0000] {processor.py:830} INFO - Processing file /opt/airflow/dags/training_pipeline_dag.py for tasks to queue
[2026-08-06T17:17:25.136+0000] {logging_mixin.py:188} INFO - [2026-08-06T17:17:25.135+0000] {dagbag.py:545} INFO - Filling up the DagBag from /opt/airflow/dags/training_pipeline_dag.py
[2026-08-06T17:17:26.958+0000] {processor.py:840} INFO - DAG(s) 'training_pipeline' retrieved from /opt/airflow/dags/training_pipeline_dag.py
[2026-08-06T17:17:27.005+0000] {logging_mixin.py:188} INFO - [2026-08-06T17:17:27.004+0000] {dag.py:3089} INFO - Sync 1 DAGs
[2026-08-06T17:17:27.043+0000] {logging_mixin.py:188} INFO - [2026-08-06T17:17:27.043+0000] {dag.py:3947} INFO - Setting next_dagrun for training_pipeline to 2026-08-06 00:00:00+00:00, run_after=2026-08-07 00:00:00+00:00
[2026-08-06T17:17:27.080+0000] {processor.py:183} INFO - Processing /opt/airflow/dags/training_pipeline_dag.py took 1.973 seconds
[2026-08-06T17:17:57.348+0000] {processor.py:161} INFO - Started process (PID=1342) to work on /opt/airflow/dags/training_pipeline_dag.py
[2026-08-06T17:17:57.352+0000] {processor.py:830} INFO - Processing file /opt/airflow/dags/training_pipeline_dag.py for tasks to queue
[2026-08-06T17:17:57.360+0000] {logging_mixin.py:188} INFO - [2026-08-06T17:17:57.359+0000] {dagbag.py:545} INFO - Filling up the DagBag from /opt/airflow/dags/training_pipeline_dag.py
[2026-08-06T17:17:59.771+0000] {processor.py:840} INFO - DAG(s) 'training_pipeline' retrieved from /opt/airflow/dags/training_pipeline_dag.py
[2026-08-06T17:17:59.823+0000] {logging_mixin.py:188} INFO - [2026-08-06T17:17:59.822+0000] {dag.py:3089} INFO - Sync 1 DAGs
[2026-08-06T17:17:59.861+0000] {logging_mixin.py:188} INFO - [2026-08-06T17:17:59.861+0000] {dag.py:3947} INFO - Setting next_dagrun for training_pipeline to 2026-08-06 00:00:00+00:00, run_after=2026-08-07 00:00:00+00:00
[2026-08-06T17:17:59.896+0000] {processor.py:183} INFO - Processing /opt/airflow/dags/training_pipeline_dag.py took 2.583 seconds
[2026-08-06T17:18:30.261+0000] {processor.py:161} INFO - Started process (PID=1354) to work on /opt/airflow/dags/training_pipeline_dag.py
[2026-08-06T17:18:30.264+0000] {processor.py:830} INFO - Processing file /opt/airflow/dags/training_pipeline_dag.py for tasks to queue
[2026-08-06T17:18:30.269+0000] {logging_mixin.py:188} INFO - [2026-08-06T17:18:30.268+0000] {dagbag.py:545} INFO - Filling up the DagBag from /opt/airflow/dags/training_pipeline_dag.py
[2026-08-06T17:18:32.222+0000] {processor.py:840} INFO - DAG(s) 'training_pipeline' retrieved from /opt/airflow/dags/training_pipeline_dag.py
[2026-08-06T17:18:32.271+0000] {logging_mixin.py:188} INFO - [2026-08-06T17:18:32.270+0000] {dag.py:3089} INFO - Sync 1 DAGs
[2026-08-06T17:18:32.310+0000] {logging_mixin.py:188} INFO - [2026-08-06T17:18:32.309+0000] {dag.py:3947} INFO - Setting next_dagrun for training_pipeline to 2026-08-06 00:00:00+00:00, run_after=2026-08-07 00:00:00+00:00
[2026-08-06T17:18:32.348+0000] {processor.py:183} INFO - Processing /opt/airflow/dags/training_pipeline_dag.py took 2.106 seconds
[2026-08-06T20:18:52.564+0000] {processor.py:161} INFO - Started process (PID=1366) to work on /opt/airflow/dags/training_pipeline_dag.py
[2026-08-06T20:18:52.567+0000] {processor.py:830} INFO - Processing file /opt/airflow/dags/training_pipeline_dag.py for tasks to queue
[2026-08-06T20:18:52.574+0000] {logging_mixin.py:188} INFO - [2026-08-06T20:18:52.573+0000] {dagbag.py:545} INFO - Filling up the DagBag from /opt/airflow/dags/training_pipeline_dag.py
[2026-08-06T20:18:54.034+0000] {processor.py:840} INFO - DAG(s) 'training_pipeline' retrieved from /opt/airflow/dags/training_pipeline_dag.py
[2026-08-06T20:18:54.114+0000] {logging_mixin.py:188} INFO - [2026-08-06T20:18:54.113+0000] {dag.py:3089} INFO - Sync 1 DAGs
[2026-08-06T20:18:54.244+0000] {logging_mixin.py:188} INFO - [2026-08-06T20:18:54.244+0000] {dag.py:3947} INFO - Setting next_dagrun for training_pipeline to 2026-08-06 00:00:00+00:00, run_after=2026-08-07 00:00:00+00:00
[2026-08-06T20:18:55.653+0000] {processor.py:183} INFO - Processing /opt/airflow/dags/training_pipeline_dag.py took 4.704 seconds
