[2026-08-29T16:56:01.478+0000] {processor.py:161} INFO - Started process (PID=179) to work on /opt/airflow/dags/feature_pipeline_dag.py
[2026-08-29T16:56:01.482+0000] {processor.py:830} INFO - Processing file /opt/airflow/dags/feature_pipeline_dag.py for tasks to queue
[2026-08-29T16:56:01.488+0000] {logging_mixin.py:188} INFO - [2026-08-29T16:56:01.487+0000] {dagbag.py:545} INFO - Filling up the DagBag from /opt/airflow/dags/feature_pipeline_dag.py
[2026-08-29T16:56:09.100+0000] {processor.py:840} INFO - DAG(s) 'feature_pipeline' retrieved from /opt/airflow/dags/feature_pipeline_dag.py
[2026-08-29T16:56:09.952+0000] {logging_mixin.py:188} INFO - [2026-08-29T16:56:09.951+0000] {dag.py:3089} INFO - Sync 1 DAGs
[2026-08-29T16:56:10.074+0000] {logging_mixin.py:188} INFO - [2026-08-29T16:56:10.074+0000] {dag.py:3947} INFO - Setting next_dagrun for feature_pipeline to 2026-08-29 15:00:00+00:00, run_after=2026-08-29 16:00:00+00:00
[2026-08-29T16:56:10.447+0000] {processor.py:183} INFO - Processing /opt/airflow/dags/feature_pipeline_dag.py took 8.993 seconds
[2026-08-29T16:56:46.769+0000] {processor.py:161} INFO - Started process (PID=231) to work on /opt/airflow/dags/feature_pipeline_dag.py
[2026-08-29T16:56:46.815+0000] {processor.py:830} INFO - Processing file /opt/airflow/dags/feature_pipeline_dag.py for tasks to queue
[2026-08-29T16:56:47.633+0000] {logging_mixin.py:188} INFO - [2026-08-29T16:56:47.632+0000] {dagbag.py:545} INFO - Filling up the DagBag from /opt/airflow/dags/feature_pipeline_dag.py
[2026-08-29T16:58:12.531+0000] {processor.py:161} INFO - Started process (PID=255) to work on /opt/airflow/dags/feature_pipeline_dag.py
[2026-08-29T16:58:12.625+0000] {processor.py:830} INFO - Processing file /opt/airflow/dags/feature_pipeline_dag.py for tasks to queue
[2026-08-29T16:58:12.917+0000] {logging_mixin.py:188} INFO - [2026-08-29T16:58:12.915+0000] {dagbag.py:545} INFO - Filling up the DagBag from /opt/airflow/dags/feature_pipeline_dag.py
[2026-08-29T17:02:26.680+0000] {processor.py:161} INFO - Started process (PID=283) to work on /opt/airflow/dags/feature_pipeline_dag.py
[2026-08-29T17:02:26.728+0000] {processor.py:830} INFO - Processing file /opt/airflow/dags/feature_pipeline_dag.py for tasks to queue
[2026-08-29T17:02:27.383+0000] {logging_mixin.py:188} INFO - [2026-08-29T17:02:26.951+0000] {dagbag.py:545} INFO - Filling up the DagBag from /opt/airflow/dags/feature_pipeline_dag.py
[2026-08-29T17:17:21.052+0000] {processor.py:161} INFO - Started process (PID=311) to work on /opt/airflow/dags/feature_pipeline_dag.py
[2026-08-29T17:17:21.055+0000] {processor.py:830} INFO - Processing file /opt/airflow/dags/feature_pipeline_dag.py for tasks to queue
[2026-08-29T17:17:21.059+0000] {logging_mixin.py:188} INFO - [2026-08-29T17:17:21.058+0000] {dagbag.py:545} INFO - Filling up the DagBag from /opt/airflow/dags/feature_pipeline_dag.py
[2026-08-29T17:17:24.007+0000] {processor.py:840} INFO - DAG(s) 'feature_pipeline' retrieved from /opt/airflow/dags/feature_pipeline_dag.py
[2026-08-29T17:17:25.039+0000] {logging_mixin.py:188} INFO - [2026-08-29T17:17:25.037+0000] {dag.py:3089} INFO - Sync 1 DAGs
[2026-08-29T17:17:25.275+0000] {logging_mixin.py:188} INFO - [2026-08-29T17:17:25.273+0000] {dag.py:3947} INFO - Setting next_dagrun for feature_pipeline to 2026-08-29 16:00:00+00:00, run_after=2026-08-29 17:00:00+00:00
[2026-08-29T17:17:25.493+0000] {processor.py:183} INFO - Processing /opt/airflow/dags/feature_pipeline_dag.py took 4.461 seconds
[2026-08-29T17:18:05.738+0000] {processor.py:161} INFO - Started process (PID=356) to work on /opt/airflow/dags/feature_pipeline_dag.py
[2026-08-29T17:18:05.740+0000] {processor.py:830} INFO - Processing file /opt/airflow/dags/feature_pipeline_dag.py for tasks to queue
[2026-08-29T17:18:05.743+0000] {logging_mixin.py:188} INFO - [2026-08-29T17:18:05.742+0000] {dagbag.py:545} INFO - Filling up the DagBag from /opt/airflow/dags/feature_pipeline_dag.py
[2026-08-29T17:18:08.098+0000] {processor.py:840} INFO - DAG(s) 'feature_pipeline' retrieved from /opt/airflow/dags/feature_pipeline_dag.py
[2026-08-29T17:18:08.204+0000] {logging_mixin.py:188} INFO - [2026-08-29T17:18:08.202+0000] {dag.py:3089} INFO - Sync 1 DAGs
[2026-08-29T17:18:08.288+0000] {logging_mixin.py:188} INFO - [2026-08-29T17:18:08.287+0000] {dag.py:3947} INFO - Setting next_dagrun for feature_pipeline to 2026-08-29 17:00:00+00:00, run_after=2026-08-29 18:00:00+00:00
[2026-08-29T17:18:08.346+0000] {processor.py:183} INFO - Processing /opt/airflow/dags/feature_pipeline_dag.py took 2.626 seconds
[2026-08-29T17:18:40.178+0000] {processor.py:161} INFO - Started process (PID=428) to work on /opt/airflow/dags/feature_pipeline_dag.py
[2026-08-29T17:18:40.235+0000] {processor.py:830} INFO - Processing file /opt/airflow/dags/feature_pipeline_dag.py for tasks to queue
[2026-08-29T17:18:40.253+0000] {logging_mixin.py:188} INFO - [2026-08-29T17:18:40.245+0000] {dagbag.py:545} INFO - Filling up the DagBag from /opt/airflow/dags/feature_pipeline_dag.py
[2026-08-29T17:18:52.264+0000] {processor.py:840} INFO - DAG(s) 'feature_pipeline' retrieved from /opt/airflow/dags/feature_pipeline_dag.py
[2026-08-29T17:18:52.345+0000] {logging_mixin.py:188} INFO - [2026-08-29T17:18:52.344+0000] {dag.py:3089} INFO - Sync 1 DAGs
[2026-08-29T17:18:52.426+0000] {logging_mixin.py:188} INFO - [2026-08-29T17:18:52.426+0000] {dag.py:3947} INFO - Setting next_dagrun for feature_pipeline to 2026-08-29 17:00:00+00:00, run_after=2026-08-29 18:00:00+00:00
[2026-08-29T17:18:52.466+0000] {processor.py:183} INFO - Processing /opt/airflow/dags/feature_pipeline_dag.py took 12.643 seconds
[2026-08-29T17:19:22.683+0000] {processor.py:161} INFO - Started process (PID=458) to work on /opt/airflow/dags/feature_pipeline_dag.py
[2026-08-29T17:19:22.686+0000] {processor.py:830} INFO - Processing file /opt/airflow/dags/feature_pipeline_dag.py for tasks to queue
[2026-08-29T17:19:22.689+0000] {logging_mixin.py:188} INFO - [2026-08-29T17:19:22.687+0000] {dagbag.py:545} INFO - Filling up the DagBag from /opt/airflow/dags/feature_pipeline_dag.py
[2026-08-29T17:19:25.571+0000] {processor.py:840} INFO - DAG(s) 'feature_pipeline' retrieved from /opt/airflow/dags/feature_pipeline_dag.py
[2026-08-29T17:19:25.621+0000] {logging_mixin.py:188} INFO - [2026-08-29T17:19:25.620+0000] {dag.py:3089} INFO - Sync 1 DAGs
[2026-08-29T17:19:25.658+0000] {logging_mixin.py:188} INFO - [2026-08-29T17:19:25.658+0000] {dag.py:3947} INFO - Setting next_dagrun for feature_pipeline to 2026-08-29 17:00:00+00:00, run_after=2026-08-29 18:00:00+00:00
[2026-08-29T17:19:25.699+0000] {processor.py:183} INFO - Processing /opt/airflow/dags/feature_pipeline_dag.py took 3.032 seconds
[2026-08-29T17:19:55.932+0000] {processor.py:161} INFO - Started process (PID=488) to work on /opt/airflow/dags/feature_pipeline_dag.py
[2026-08-29T17:19:55.935+0000] {processor.py:830} INFO - Processing file /opt/airflow/dags/feature_pipeline_dag.py for tasks to queue
[2026-08-29T17:19:55.937+0000] {logging_mixin.py:188} INFO - [2026-08-29T17:19:55.936+0000] {dagbag.py:545} INFO - Filling up the DagBag from /opt/airflow/dags/feature_pipeline_dag.py
[2026-08-29T17:19:57.917+0000] {processor.py:840} INFO - DAG(s) 'feature_pipeline' retrieved from /opt/airflow/dags/feature_pipeline_dag.py
[2026-08-29T17:19:57.969+0000] {logging_mixin.py:188} INFO - [2026-08-29T17:19:57.968+0000] {dag.py:3089} INFO - Sync 1 DAGs
[2026-08-29T17:19:58.001+0000] {logging_mixin.py:188} INFO - [2026-08-29T17:19:58.001+0000] {dag.py:3947} INFO - Setting next_dagrun for feature_pipeline to 2026-08-29 17:00:00+00:00, run_after=2026-08-29 18:00:00+00:00
[2026-08-29T17:19:58.036+0000] {processor.py:183} INFO - Processing /opt/airflow/dags/feature_pipeline_dag.py took 2.125 seconds
[2026-08-29T17:20:28.562+0000] {processor.py:161} INFO - Started process (PID=518) to work on /opt/airflow/dags/feature_pipeline_dag.py
[2026-08-29T17:20:28.566+0000] {processor.py:830} INFO - Processing file /opt/airflow/dags/feature_pipeline_dag.py for tasks to queue
[2026-08-29T17:20:28.569+0000] {logging_mixin.py:188} INFO - [2026-08-29T17:20:28.568+0000] {dagbag.py:545} INFO - Filling up the DagBag from /opt/airflow/dags/feature_pipeline_dag.py
[2026-08-29T17:20:33.212+0000] {processor.py:840} INFO - DAG(s) 'feature_pipeline' retrieved from /opt/airflow/dags/feature_pipeline_dag.py
[2026-08-29T17:20:33.283+0000] {logging_mixin.py:188} INFO - [2026-08-29T17:20:33.282+0000] {dag.py:3089} INFO - Sync 1 DAGs
[2026-08-29T17:20:33.323+0000] {logging_mixin.py:188} INFO - [2026-08-29T17:20:33.323+0000] {dag.py:3947} INFO - Setting next_dagrun for feature_pipeline to 2026-08-29 17:00:00+00:00, run_after=2026-08-29 18:00:00+00:00
[2026-08-29T17:20:33.387+0000] {processor.py:183} INFO - Processing /opt/airflow/dags/feature_pipeline_dag.py took 4.859 seconds
[2026-08-29T17:31:31.266+0000] {processor.py:161} INFO - Started process (PID=567) to work on /opt/airflow/dags/feature_pipeline_dag.py
[2026-08-29T17:31:31.268+0000] {processor.py:830} INFO - Processing file /opt/airflow/dags/feature_pipeline_dag.py for tasks to queue
[2026-08-29T17:31:31.270+0000] {logging_mixin.py:188} INFO - [2026-08-29T17:31:31.269+0000] {dagbag.py:545} INFO - Filling up the DagBag from /opt/airflow/dags/feature_pipeline_dag.py
[2026-08-29T17:31:34.592+0000] {processor.py:840} INFO - DAG(s) 'feature_pipeline' retrieved from /opt/airflow/dags/feature_pipeline_dag.py
[2026-08-29T17:31:34.637+0000] {logging_mixin.py:188} INFO - [2026-08-29T17:31:34.637+0000] {dag.py:3089} INFO - Sync 1 DAGs
[2026-08-29T17:31:34.676+0000] {logging_mixin.py:188} INFO - [2026-08-29T17:31:34.676+0000] {dag.py:3947} INFO - Setting next_dagrun for feature_pipeline to 2026-08-29 17:00:00+00:00, run_after=2026-08-29 18:00:00+00:00
[2026-08-29T17:31:34.848+0000] {processor.py:183} INFO - Processing /opt/airflow/dags/feature_pipeline_dag.py took 4.176 seconds
[2026-08-29T17:32:05.252+0000] {processor.py:161} INFO - Started process (PID=585) to work on /opt/airflow/dags/feature_pipeline_dag.py
[2026-08-29T17:32:05.274+0000] {processor.py:830} INFO - Processing file /opt/airflow/dags/feature_pipeline_dag.py for tasks to queue
[2026-08-29T17:32:05.277+0000] {logging_mixin.py:188} INFO - [2026-08-29T17:32:05.276+0000] {dagbag.py:545} INFO - Filling up the DagBag from /opt/airflow/dags/feature_pipeline_dag.py
[2026-08-29T17:32:07.261+0000] {processor.py:840} INFO - DAG(s) 'feature_pipeline' retrieved from /opt/airflow/dags/feature_pipeline_dag.py
[2026-08-29T17:32:07.302+0000] {logging_mixin.py:188} INFO - [2026-08-29T17:32:07.301+0000] {dag.py:3089} INFO - Sync 1 DAGs
[2026-08-29T17:32:08.895+0000] {logging_mixin.py:188} INFO - [2026-08-29T17:32:08.873+0000] {dag.py:3947} INFO - Setting next_dagrun for feature_pipeline to 2026-08-29 17:00:00+00:00, run_after=2026-08-29 18:00:00+00:00
[2026-08-29T17:32:10.005+0000] {processor.py:183} INFO - Processing /opt/airflow/dags/feature_pipeline_dag.py took 4.768 seconds
[2026-08-29T17:32:43.751+0000] {processor.py:161} INFO - Started process (PID=611) to work on /opt/airflow/dags/feature_pipeline_dag.py
[2026-08-29T17:32:43.843+0000] {processor.py:830} INFO - Processing file /opt/airflow/dags/feature_pipeline_dag.py for tasks to queue
[2026-08-29T17:32:43.940+0000] {logging_mixin.py:188} INFO - [2026-08-29T17:32:43.865+0000] {dagbag.py:545} INFO - Filling up the DagBag from /opt/airflow/dags/feature_pipeline_dag.py
[2026-08-29T17:33:10.041+0000] {processor.py:840} INFO - DAG(s) 'feature_pipeline' retrieved from /opt/airflow/dags/feature_pipeline_dag.py
[2026-08-29T17:33:10.176+0000] {logging_mixin.py:188} INFO - [2026-08-29T17:33:10.174+0000] {dag.py:3089} INFO - Sync 1 DAGs
[2026-08-29T17:33:10.221+0000] {logging_mixin.py:188} INFO - [2026-08-29T17:33:10.221+0000] {dag.py:3947} INFO - Setting next_dagrun for feature_pipeline to 2026-08-29 17:00:00+00:00, run_after=2026-08-29 18:00:00+00:00
[2026-08-29T17:33:10.401+0000] {processor.py:183} INFO - Processing /opt/airflow/dags/feature_pipeline_dag.py took 31.022 seconds
[2026-08-29T17:33:40.906+0000] {processor.py:161} INFO - Started process (PID=660) to work on /opt/airflow/dags/feature_pipeline_dag.py
[2026-08-29T17:33:40.909+0000] {processor.py:830} INFO - Processing file /opt/airflow/dags/feature_pipeline_dag.py for tasks to queue
[2026-08-29T17:33:40.912+0000] {logging_mixin.py:188} INFO - [2026-08-29T17:33:40.911+0000] {dagbag.py:545} INFO - Filling up the DagBag from /opt/airflow/dags/feature_pipeline_dag.py
[2026-08-29T17:33:42.745+0000] {processor.py:840} INFO - DAG(s) 'feature_pipeline' retrieved from /opt/airflow/dags/feature_pipeline_dag.py
[2026-08-29T17:33:42.800+0000] {logging_mixin.py:188} INFO - [2026-08-29T17:33:42.800+0000] {dag.py:3089} INFO - Sync 1 DAGs
[2026-08-29T17:33:42.838+0000] {logging_mixin.py:188} INFO - [2026-08-29T17:33:42.837+0000] {dag.py:3947} INFO - Setting next_dagrun for feature_pipeline to 2026-08-29 17:00:00+00:00, run_after=2026-08-29 18:00:00+00:00
[2026-08-29T17:33:42.878+0000] {processor.py:183} INFO - Processing /opt/airflow/dags/feature_pipeline_dag.py took 1.989 seconds
[2026-08-29T17:34:13.598+0000] {processor.py:161} INFO - Started process (PID=720) to work on /opt/airflow/dags/feature_pipeline_dag.py
[2026-08-29T17:34:13.601+0000] {processor.py:830} INFO - Processing file /opt/airflow/dags/feature_pipeline_dag.py for tasks to queue
[2026-08-29T17:34:13.604+0000] {logging_mixin.py:188} INFO - [2026-08-29T17:34:13.603+0000] {dagbag.py:545} INFO - Filling up the DagBag from /opt/airflow/dags/feature_pipeline_dag.py
[2026-08-29T17:34:15.354+0000] {processor.py:840} INFO - DAG(s) 'feature_pipeline' retrieved from /opt/airflow/dags/feature_pipeline_dag.py
[2026-08-29T17:34:15.401+0000] {logging_mixin.py:188} INFO - [2026-08-29T17:34:15.401+0000] {dag.py:3089} INFO - Sync 1 DAGs
[2026-08-29T17:34:15.435+0000] {logging_mixin.py:188} INFO - [2026-08-29T17:34:15.435+0000] {dag.py:3947} INFO - Setting next_dagrun for feature_pipeline to 2026-08-29 17:00:00+00:00, run_after=2026-08-29 18:00:00+00:00
[2026-08-29T17:34:15.471+0000] {processor.py:183} INFO - Processing /opt/airflow/dags/feature_pipeline_dag.py took 1.890 seconds
[2026-08-29T17:34:45.850+0000] {processor.py:161} INFO - Started process (PID=750) to work on /opt/airflow/dags/feature_pipeline_dag.py
[2026-08-29T17:34:45.853+0000] {processor.py:830} INFO - Processing file /opt/airflow/dags/feature_pipeline_dag.py for tasks to queue
[2026-08-29T17:34:45.855+0000] {logging_mixin.py:188} INFO - [2026-08-29T17:34:45.854+0000] {dagbag.py:545} INFO - Filling up the DagBag from /opt/airflow/dags/feature_pipeline_dag.py
[2026-08-29T17:34:49.442+0000] {processor.py:840} INFO - DAG(s) 'feature_pipeline' retrieved from /opt/airflow/dags/feature_pipeline_dag.py
[2026-08-29T17:34:49.985+0000] {logging_mixin.py:188} INFO - [2026-08-29T17:34:49.984+0000] {dag.py:3089} INFO - Sync 1 DAGs
[2026-08-29T17:34:50.103+0000] {logging_mixin.py:188} INFO - [2026-08-29T17:34:50.102+0000] {dag.py:3947} INFO - Setting next_dagrun for feature_pipeline to 2026-08-29 17:00:00+00:00, run_after=2026-08-29 18:00:00+00:00
[2026-08-29T17:34:50.150+0000] {processor.py:183} INFO - Processing /opt/airflow/dags/feature_pipeline_dag.py took 4.387 seconds
[2026-08-29T17:35:20.557+0000] {processor.py:161} INFO - Started process (PID=784) to work on /opt/airflow/dags/feature_pipeline_dag.py
[2026-08-29T17:35:20.560+0000] {processor.py:830} INFO - Processing file /opt/airflow/dags/feature_pipeline_dag.py for tasks to queue
[2026-08-29T17:35:20.564+0000] {logging_mixin.py:188} INFO - [2026-08-29T17:35:20.562+0000] {dagbag.py:545} INFO - Filling up the DagBag from /opt/airflow/dags/feature_pipeline_dag.py
[2026-08-29T17:35:22.432+0000] {processor.py:840} INFO - DAG(s) 'feature_pipeline' retrieved from /opt/airflow/dags/feature_pipeline_dag.py
[2026-08-29T17:35:22.489+0000] {logging_mixin.py:188} INFO - [2026-08-29T17:35:22.488+0000] {dag.py:3089} INFO - Sync 1 DAGs
[2026-08-29T17:35:22.524+0000] {logging_mixin.py:188} INFO - [2026-08-29T17:35:22.524+0000] {dag.py:3947} INFO - Setting next_dagrun for feature_pipeline to 2026-08-29 17:00:00+00:00, run_after=2026-08-29 18:00:00+00:00
[2026-08-29T17:35:22.560+0000] {processor.py:183} INFO - Processing /opt/airflow/dags/feature_pipeline_dag.py took 2.026 seconds
[2026-08-29T17:35:53.063+0000] {processor.py:161} INFO - Started process (PID=814) to work on /opt/airflow/dags/feature_pipeline_dag.py
[2026-08-29T17:35:53.066+0000] {processor.py:830} INFO - Processing file /opt/airflow/dags/feature_pipeline_dag.py for tasks to queue
[2026-08-29T17:35:53.069+0000] {logging_mixin.py:188} INFO - [2026-08-29T17:35:53.068+0000] {dagbag.py:545} INFO - Filling up the DagBag from /opt/airflow/dags/feature_pipeline_dag.py
[2026-08-29T17:35:55.002+0000] {processor.py:840} INFO - DAG(s) 'feature_pipeline' retrieved from /opt/airflow/dags/feature_pipeline_dag.py
[2026-08-29T17:35:55.056+0000] {logging_mixin.py:188} INFO - [2026-08-29T17:35:55.056+0000] {dag.py:3089} INFO - Sync 1 DAGs
[2026-08-29T17:35:55.093+0000] {logging_mixin.py:188} INFO - [2026-08-29T17:35:55.093+0000] {dag.py:3947} INFO - Setting next_dagrun for feature_pipeline to 2026-08-29 17:00:00+00:00, run_after=2026-08-29 18:00:00+00:00
[2026-08-29T17:35:55.129+0000] {processor.py:183} INFO - Processing /opt/airflow/dags/feature_pipeline_dag.py took 2.085 seconds
[2026-08-29T17:36:25.526+0000] {processor.py:161} INFO - Started process (PID=844) to work on /opt/airflow/dags/feature_pipeline_dag.py
[2026-08-29T17:36:25.529+0000] {processor.py:830} INFO - Processing file /opt/airflow/dags/feature_pipeline_dag.py for tasks to queue
[2026-08-29T17:36:25.533+0000] {logging_mixin.py:188} INFO - [2026-08-29T17:36:25.532+0000] {dagbag.py:545} INFO - Filling up the DagBag from /opt/airflow/dags/feature_pipeline_dag.py
[2026-08-29T17:36:27.380+0000] {processor.py:840} INFO - DAG(s) 'feature_pipeline' retrieved from /opt/airflow/dags/feature_pipeline_dag.py
[2026-08-29T17:36:27.442+0000] {logging_mixin.py:188} INFO - [2026-08-29T17:36:27.441+0000] {dag.py:3089} INFO - Sync 1 DAGs
[2026-08-29T17:36:27.479+0000] {logging_mixin.py:188} INFO - [2026-08-29T17:36:27.478+0000] {dag.py:3947} INFO - Setting next_dagrun for feature_pipeline to 2026-08-29 17:00:00+00:00, run_after=2026-08-29 18:00:00+00:00
[2026-08-29T17:36:27.511+0000] {processor.py:183} INFO - Processing /opt/airflow/dags/feature_pipeline_dag.py took 2.008 seconds
[2026-08-29T17:36:58.519+0000] {processor.py:161} INFO - Started process (PID=874) to work on /opt/airflow/dags/feature_pipeline_dag.py
[2026-08-29T17:36:58.522+0000] {processor.py:830} INFO - Processing file /opt/airflow/dags/feature_pipeline_dag.py for tasks to queue
[2026-08-29T17:36:58.525+0000] {logging_mixin.py:188} INFO - [2026-08-29T17:36:58.524+0000] {dagbag.py:545} INFO - Filling up the DagBag from /opt/airflow/dags/feature_pipeline_dag.py
[2026-08-29T17:37:00.363+0000] {processor.py:840} INFO - DAG(s) 'feature_pipeline' retrieved from /opt/airflow/dags/feature_pipeline_dag.py
[2026-08-29T17:37:00.408+0000] {logging_mixin.py:188} INFO - [2026-08-29T17:37:00.408+0000] {dag.py:3089} INFO - Sync 1 DAGs
[2026-08-29T17:37:00.440+0000] {logging_mixin.py:188} INFO - [2026-08-29T17:37:00.439+0000] {dag.py:3947} INFO - Setting next_dagrun for feature_pipeline to 2026-08-29 17:00:00+00:00, run_after=2026-08-29 18:00:00+00:00
[2026-08-29T17:37:00.474+0000] {processor.py:183} INFO - Processing /opt/airflow/dags/feature_pipeline_dag.py took 1.976 seconds
[2026-08-29T17:37:31.449+0000] {processor.py:161} INFO - Started process (PID=904) to work on /opt/airflow/dags/feature_pipeline_dag.py
[2026-08-29T17:37:31.452+0000] {processor.py:830} INFO - Processing file /opt/airflow/dags/feature_pipeline_dag.py for tasks to queue
[2026-08-29T17:37:31.455+0000] {logging_mixin.py:188} INFO - [2026-08-29T17:37:31.454+0000] {dagbag.py:545} INFO - Filling up the DagBag from /opt/airflow/dags/feature_pipeline_dag.py
[2026-08-29T17:37:33.401+0000] {processor.py:840} INFO - DAG(s) 'feature_pipeline' retrieved from /opt/airflow/dags/feature_pipeline_dag.py
[2026-08-29T17:37:33.451+0000] {logging_mixin.py:188} INFO - [2026-08-29T17:37:33.451+0000] {dag.py:3089} INFO - Sync 1 DAGs
[2026-08-29T17:37:33.485+0000] {logging_mixin.py:188} INFO - [2026-08-29T17:37:33.485+0000] {dag.py:3947} INFO - Setting next_dagrun for feature_pipeline to 2026-08-29 17:00:00+00:00, run_after=2026-08-29 18:00:00+00:00
[2026-08-29T17:37:33.522+0000] {processor.py:183} INFO - Processing /opt/airflow/dags/feature_pipeline_dag.py took 2.093 seconds
[2026-08-29T17:38:04.508+0000] {processor.py:161} INFO - Started process (PID=934) to work on /opt/airflow/dags/feature_pipeline_dag.py
[2026-08-29T17:38:04.512+0000] {processor.py:830} INFO - Processing file /opt/airflow/dags/feature_pipeline_dag.py for tasks to queue
[2026-08-29T17:38:04.516+0000] {logging_mixin.py:188} INFO - [2026-08-29T17:38:04.514+0000] {dagbag.py:545} INFO - Filling up the DagBag from /opt/airflow/dags/feature_pipeline_dag.py
[2026-08-29T17:38:04.206+0000] {processor.py:840} INFO - DAG(s) 'feature_pipeline' retrieved from /opt/airflow/dags/feature_pipeline_dag.py
[2026-08-29T17:38:04.255+0000] {logging_mixin.py:188} INFO - [2026-08-29T17:38:04.254+0000] {dag.py:3089} INFO - Sync 1 DAGs
[2026-08-29T17:38:04.292+0000] {logging_mixin.py:188} INFO - [2026-08-29T17:38:04.291+0000] {dag.py:3947} INFO - Setting next_dagrun for feature_pipeline to 2026-08-29 17:00:00+00:00, run_after=2026-08-29 18:00:00+00:00
[2026-08-29T17:38:04.328+0000] {processor.py:183} INFO - Processing /opt/airflow/dags/feature_pipeline_dag.py took 2.012 seconds
[2026-08-29T17:38:34.856+0000] {processor.py:161} INFO - Started process (PID=964) to work on /opt/airflow/dags/feature_pipeline_dag.py
[2026-08-29T17:38:34.859+0000] {processor.py:830} INFO - Processing file /opt/airflow/dags/feature_pipeline_dag.py for tasks to queue
[2026-08-29T17:38:34.862+0000] {logging_mixin.py:188} INFO - [2026-08-29T17:38:34.861+0000] {dagbag.py:545} INFO - Filling up the DagBag from /opt/airflow/dags/feature_pipeline_dag.py
[2026-08-29T17:38:36.625+0000] {processor.py:840} INFO - DAG(s) 'feature_pipeline' retrieved from /opt/airflow/dags/feature_pipeline_dag.py
[2026-08-29T17:38:36.678+0000] {logging_mixin.py:188} INFO - [2026-08-29T17:38:36.677+0000] {dag.py:3089} INFO - Sync 1 DAGs
[2026-08-29T17:38:36.710+0000] {logging_mixin.py:188} INFO - [2026-08-29T17:38:36.710+0000] {dag.py:3947} INFO - Setting next_dagrun for feature_pipeline to 2026-08-29 17:00:00+00:00, run_after=2026-08-29 18:00:00+00:00
[2026-08-29T17:38:36.744+0000] {processor.py:183} INFO - Processing /opt/airflow/dags/feature_pipeline_dag.py took 1.913 seconds
[2026-08-29T17:39:07.476+0000] {processor.py:161} INFO - Started process (PID=994) to work on /opt/airflow/dags/feature_pipeline_dag.py
[2026-08-29T17:39:07.479+0000] {processor.py:830} INFO - Processing file /opt/airflow/dags/feature_pipeline_dag.py for tasks to queue
[2026-08-29T17:39:07.482+0000] {logging_mixin.py:188} INFO - [2026-08-29T17:39:07.480+0000] {dagbag.py:545} INFO - Filling up the DagBag from /opt/airflow/dags/feature_pipeline_dag.py
[2026-08-29T17:39:09.336+0000] {processor.py:840} INFO - DAG(s) 'feature_pipeline' retrieved from /opt/airflow/dags/feature_pipeline_dag.py
[2026-08-29T17:39:09.387+0000] {logging_mixin.py:188} INFO - [2026-08-29T17:39:09.386+0000] {dag.py:3089} INFO - Sync 1 DAGs
[2026-08-29T17:39:09.420+0000] {logging_mixin.py:188} INFO - [2026-08-29T17:39:09.419+0000] {dag.py:3947} INFO - Setting next_dagrun for feature_pipeline to 2026-08-29 17:00:00+00:00, run_after=2026-08-29 18:00:00+00:00
[2026-08-29T17:39:09.454+0000] {processor.py:183} INFO - Processing /opt/airflow/dags/feature_pipeline_dag.py took 1.995 seconds
[2026-08-29T17:39:40.305+0000] {processor.py:161} INFO - Started process (PID=1024) to work on /opt/airflow/dags/feature_pipeline_dag.py
[2026-08-29T17:39:40.308+0000] {processor.py:830} INFO - Processing file /opt/airflow/dags/feature_pipeline_dag.py for tasks to queue
[2026-08-29T17:39:40.311+0000] {logging_mixin.py:188} INFO - [2026-08-29T17:39:40.310+0000] {dagbag.py:545} INFO - Filling up the DagBag from /opt/airflow/dags/feature_pipeline_dag.py
[2026-08-29T17:39:42.347+0000] {processor.py:840} INFO - DAG(s) 'feature_pipeline' retrieved from /opt/airflow/dags/feature_pipeline_dag.py
[2026-08-29T17:39:42.399+0000] {logging_mixin.py:188} INFO - [2026-08-29T17:39:42.398+0000] {dag.py:3089} INFO - Sync 1 DAGs
[2026-08-29T17:39:42.433+0000] {logging_mixin.py:188} INFO - [2026-08-29T17:39:42.433+0000] {dag.py:3947} INFO - Setting next_dagrun for feature_pipeline to 2026-08-29 17:00:00+00:00, run_after=2026-08-29 18:00:00+00:00
[2026-08-29T17:39:42.470+0000] {processor.py:183} INFO - Processing /opt/airflow/dags/feature_pipeline_dag.py took 2.186 seconds
[2026-08-29T17:40:13.407+0000] {processor.py:161} INFO - Started process (PID=1054) to work on /opt/airflow/dags/feature_pipeline_dag.py
[2026-08-29T17:40:13.410+0000] {processor.py:830} INFO - Processing file /opt/airflow/dags/feature_pipeline_dag.py for tasks to queue
[2026-08-29T17:40:13.413+0000] {logging_mixin.py:188} INFO - [2026-08-29T17:40:13.412+0000] {dagbag.py:545} INFO - Filling up the DagBag from /opt/airflow/dags/feature_pipeline_dag.py
[2026-08-29T17:40:15.298+0000] {processor.py:840} INFO - DAG(s) 'feature_pipeline' retrieved from /opt/airflow/dags/feature_pipeline_dag.py
[2026-08-29T17:40:15.344+0000] {logging_mixin.py:188} INFO - [2026-08-29T17:40:15.344+0000] {dag.py:3089} INFO - Sync 1 DAGs
[2026-08-29T17:40:15.380+0000] {logging_mixin.py:188} INFO - [2026-08-29T17:40:15.380+0000] {dag.py:3947} INFO - Setting next_dagrun for feature_pipeline to 2026-08-29 17:00:00+00:00, run_after=2026-08-29 18:00:00+00:00
[2026-08-29T17:40:15.418+0000] {processor.py:183} INFO - Processing /opt/airflow/dags/feature_pipeline_dag.py took 2.035 seconds
[2026-08-29T17:40:46.272+0000] {processor.py:161} INFO - Started process (PID=1084) to work on /opt/airflow/dags/feature_pipeline_dag.py
[2026-08-29T17:40:46.275+0000] {processor.py:830} INFO - Processing file /opt/airflow/dags/feature_pipeline_dag.py for tasks to queue
[2026-08-29T17:40:46.277+0000] {logging_mixin.py:188} INFO - [2026-08-29T17:40:46.276+0000] {dagbag.py:545} INFO - Filling up the DagBag from /opt/airflow/dags/feature_pipeline_dag.py
[2026-08-29T17:40:48.130+0000] {processor.py:840} INFO - DAG(s) 'feature_pipeline' retrieved from /opt/airflow/dags/feature_pipeline_dag.py
[2026-08-29T17:40:48.176+0000] {logging_mixin.py:188} INFO - [2026-08-29T17:40:48.175+0000] {dag.py:3089} INFO - Sync 1 DAGs
[2026-08-29T17:40:48.209+0000] {logging_mixin.py:188} INFO - [2026-08-29T17:40:48.208+0000] {dag.py:3947} INFO - Setting next_dagrun for feature_pipeline to 2026-08-29 17:00:00+00:00, run_after=2026-08-29 18:00:00+00:00
[2026-08-29T17:40:48.242+0000] {processor.py:183} INFO - Processing /opt/airflow/dags/feature_pipeline_dag.py took 1.985 seconds
[2026-08-29T17:41:17.681+0000] {processor.py:161} INFO - Started process (PID=1116) to work on /opt/airflow/dags/feature_pipeline_dag.py
[2026-08-29T17:41:17.684+0000] {processor.py:830} INFO - Processing file /opt/airflow/dags/feature_pipeline_dag.py for tasks to queue
[2026-08-29T17:41:17.686+0000] {logging_mixin.py:188} INFO - [2026-08-29T17:41:17.685+0000] {dagbag.py:545} INFO - Filling up the DagBag from /opt/airflow/dags/feature_pipeline_dag.py
[2026-08-29T17:41:19.348+0000] {processor.py:840} INFO - DAG(s) 'feature_pipeline' retrieved from /opt/airflow/dags/feature_pipeline_dag.py
[2026-08-29T17:41:19.401+0000] {logging_mixin.py:188} INFO - [2026-08-29T17:41:19.401+0000] {dag.py:3089} INFO - Sync 1 DAGs
[2026-08-29T17:41:19.437+0000] {logging_mixin.py:188} INFO - [2026-08-29T17:41:19.436+0000] {dag.py:3947} INFO - Setting next_dagrun for feature_pipeline to 2026-08-29 17:00:00+00:00, run_after=2026-08-29 18:00:00+00:00
[2026-08-29T17:41:19.470+0000] {processor.py:183} INFO - Processing /opt/airflow/dags/feature_pipeline_dag.py took 1.804 seconds
[2026-08-29T19:44:18.362+0000] {processor.py:161} INFO - Started process (PID=1146) to work on /opt/airflow/dags/feature_pipeline_dag.py
[2026-08-29T19:44:18.383+0000] {processor.py:830} INFO - Processing file /opt/airflow/dags/feature_pipeline_dag.py for tasks to queue
[2026-08-29T19:44:18.416+0000] {logging_mixin.py:188} INFO - [2026-08-29T19:44:18.394+0000] {dagbag.py:545} INFO - Filling up the DagBag from /opt/airflow/dags/feature_pipeline_dag.py
[2026-08-29T19:44:23.093+0000] {processor.py:840} INFO - DAG(s) 'feature_pipeline' retrieved from /opt/airflow/dags/feature_pipeline_dag.py
[2026-08-29T19:44:23.171+0000] {logging_mixin.py:188} INFO - [2026-08-29T19:44:23.171+0000] {dag.py:3089} INFO - Sync 1 DAGs
[2026-08-29T19:44:23.228+0000] {logging_mixin.py:188} INFO - [2026-08-29T19:44:23.227+0000] {dag.py:3947} INFO - Setting next_dagrun for feature_pipeline to 2026-08-29 19:00:00+00:00, run_after=2026-08-29 20:00:00+00:00
[2026-08-29T19:44:23.281+0000] {processor.py:183} INFO - Processing /opt/airflow/dags/feature_pipeline_dag.py took 5.027 seconds
[2026-08-29T19:44:53.673+0000] {processor.py:161} INFO - Started process (PID=1167) to work on /opt/airflow/dags/feature_pipeline_dag.py
[2026-08-29T19:44:53.710+0000] {processor.py:830} INFO - Processing file /opt/airflow/dags/feature_pipeline_dag.py for tasks to queue
[2026-08-29T19:44:53.712+0000] {logging_mixin.py:188} INFO - [2026-08-29T19:44:53.711+0000] {dagbag.py:545} INFO - Filling up the DagBag from /opt/airflow/dags/feature_pipeline_dag.py
[2026-08-29T19:44:55.115+0000] {processor.py:840} INFO - DAG(s) 'feature_pipeline' retrieved from /opt/airflow/dags/feature_pipeline_dag.py
[2026-08-29T19:44:55.155+0000] {logging_mixin.py:188} INFO - [2026-08-29T19:44:55.154+0000] {dag.py:3089} INFO - Sync 1 DAGs
[2026-08-29T19:44:55.186+0000] {logging_mixin.py:188} INFO - [2026-08-29T19:44:55.186+0000] {dag.py:3947} INFO - Setting next_dagrun for feature_pipeline to 2026-08-29 19:00:00+00:00, run_after=2026-08-29 20:00:00+00:00
[2026-08-29T19:44:55.246+0000] {processor.py:183} INFO - Processing /opt/airflow/dags/feature_pipeline_dag.py took 1.588 seconds
[2026-08-29T19:45:26.194+0000] {processor.py:161} INFO - Started process (PID=1194) to work on /opt/airflow/dags/feature_pipeline_dag.py
[2026-08-29T19:45:26.197+0000] {processor.py:830} INFO - Processing file /opt/airflow/dags/feature_pipeline_dag.py for tasks to queue
[2026-08-29T19:45:26.199+0000] {logging_mixin.py:188} INFO - [2026-08-29T19:45:26.198+0000] {dagbag.py:545} INFO - Filling up the DagBag from /opt/airflow/dags/feature_pipeline_dag.py
[2026-08-29T19:45:27.681+0000] {processor.py:840} INFO - DAG(s) 'feature_pipeline' retrieved from /opt/airflow/dags/feature_pipeline_dag.py
[2026-08-29T19:45:27.721+0000] {logging_mixin.py:188} INFO - [2026-08-29T19:45:27.720+0000] {dag.py:3089} INFO - Sync 1 DAGs
[2026-08-29T19:45:27.748+0000] {logging_mixin.py:188} INFO - [2026-08-29T19:45:27.747+0000] {dag.py:3947} INFO - Setting next_dagrun for feature_pipeline to 2026-08-29 19:00:00+00:00, run_after=2026-08-29 20:00:00+00:00
[2026-08-29T19:45:27.778+0000] {processor.py:183} INFO - Processing /opt/airflow/dags/feature_pipeline_dag.py took 1.596 seconds
[2026-08-29T19:45:58.330+0000] {processor.py:161} INFO - Started process (PID=1224) to work on /opt/airflow/dags/feature_pipeline_dag.py
[2026-08-29T19:45:58.333+0000] {processor.py:830} INFO - Processing file /opt/airflow/dags/feature_pipeline_dag.py for tasks to queue
[2026-08-29T19:45:58.336+0000] {logging_mixin.py:188} INFO - [2026-08-29T19:45:58.335+0000] {dagbag.py:545} INFO - Filling up the DagBag from /opt/airflow/dags/feature_pipeline_dag.py
[2026-08-29T19:46:00.843+0000] {processor.py:840} INFO - DAG(s) 'feature_pipeline' retrieved from /opt/airflow/dags/feature_pipeline_dag.py
[2026-08-29T19:46:00.896+0000] {logging_mixin.py:188} INFO - [2026-08-29T19:46:00.896+0000] {dag.py:3089} INFO - Sync 1 DAGs
[2026-08-29T19:46:00.932+0000] {logging_mixin.py:188} INFO - [2026-08-29T19:46:00.932+0000] {dag.py:3947} INFO - Setting next_dagrun for feature_pipeline to 2026-08-29 19:00:00+00:00, run_after=2026-08-29 20:00:00+00:00
[2026-08-29T19:46:00.968+0000] {processor.py:183} INFO - Processing /opt/airflow/dags/feature_pipeline_dag.py took 2.658 seconds
[2026-08-29T19:46:31.226+0000] {processor.py:161} INFO - Started process (PID=1254) to work on /opt/airflow/dags/feature_pipeline_dag.py
[2026-08-29T19:46:31.229+0000] {processor.py:830} INFO - Processing file /opt/airflow/dags/feature_pipeline_dag.py for tasks to queue
[2026-08-29T19:46:31.232+0000] {logging_mixin.py:188} INFO - [2026-08-29T19:46:31.231+0000] {dagbag.py:545} INFO - Filling up the DagBag from /opt/airflow/dags/feature_pipeline_dag.py
[2026-08-29T19:46:36.022+0000] {processor.py:840} INFO - DAG(s) 'feature_pipeline' retrieved from /opt/airflow/dags/feature_pipeline_dag.py
[2026-08-29T19:46:36.085+0000] {logging_mixin.py:188} INFO - [2026-08-29T19:46:36.084+0000] {dag.py:3089} INFO - Sync 1 DAGs
[2026-08-29T19:46:36.127+0000] {logging_mixin.py:188} INFO - [2026-08-29T19:46:36.126+0000] {dag.py:3947} INFO - Setting next_dagrun for feature_pipeline to 2026-08-29 19:00:00+00:00, run_after=2026-08-29 20:00:00+00:00
[2026-08-29T19:46:36.169+0000] {processor.py:183} INFO - Processing /opt/airflow/dags/feature_pipeline_dag.py took 2.076 seconds
[2026-08-29T19:47:07.168+0000] {processor.py:161} INFO - Started process (PID=1284) to work on /opt/airflow/dags/feature_pipeline_dag.py
[2026-08-29T19:47:07.170+0000] {processor.py:830} INFO - Processing file /opt/airflow/dags/feature_pipeline_dag.py for tasks to queue
[2026-08-29T19:47:07.172+0000] {logging_mixin.py:188} INFO - [2026-08-29T19:47:07.172+0000] {dagbag.py:545} INFO - Filling up the DagBag from /opt/airflow/dags/feature_pipeline_dag.py
[2026-08-29T19:47:08.940+0000] {processor.py:840} INFO - DAG(s) 'feature_pipeline' retrieved from /opt/airflow/dags/feature_pipeline_dag.py
[2026-08-29T19:47:08.991+0000] {logging_mixin.py:188} INFO - [2026-08-29T19:47:08.990+0000] {dag.py:3089} INFO - Sync 1 DAGs
[2026-08-29T19:47:09.027+0000] {logging_mixin.py:188} INFO - [2026-08-29T19:47:09.027+0000] {dag.py:3947} INFO - Setting next_dagrun for feature_pipeline to 2026-08-29 19:00:00+00:00, run_after=2026-08-29 20:00:00+00:00
[2026-08-29T19:47:09.062+0000] {processor.py:183} INFO - Processing /opt/airflow/dags/feature_pipeline_dag.py took 1.910 seconds
[2026-08-29T19:47:40.783+0000] {processor.py:161} INFO - Started process (PID=1311) to work on /opt/airflow/dags/feature_pipeline_dag.py
[2026-08-29T19:47:40.788+0000] {processor.py:830} INFO - Processing file /opt/airflow/dags/feature_pipeline_dag.py for tasks to queue
[2026-08-29T19:47:40.792+0000] {logging_mixin.py:188} INFO - [2026-08-29T19:47:40.790+0000] {dagbag.py:545} INFO - Filling up the DagBag from /opt/airflow/dags/feature_pipeline_dag.py
[2026-08-29T19:47:43.573+0000] {processor.py:840} INFO - DAG(s) 'feature_pipeline' retrieved from /opt/airflow/dags/feature_pipeline_dag.py
[2026-08-29T19:47:43.637+0000] {logging_mixin.py:188} INFO - [2026-08-29T19:47:43.637+0000] {dag.py:3089} INFO - Sync 1 DAGs
[2026-08-29T19:47:43.668+0000] {logging_mixin.py:188} INFO - [2026-08-29T19:47:43.668+0000] {dag.py:3947} INFO - Setting next_dagrun for feature_pipeline to 2026-08-29 19:00:00+00:00, run_after=2026-08-29 20:00:00+00:00
[2026-08-29T19:47:43.700+0000] {processor.py:183} INFO - Processing /opt/airflow/dags/feature_pipeline_dag.py took 2.937 seconds
[2026-08-29T19:48:13.969+0000] {processor.py:161} INFO - Started process (PID=1341) to work on /opt/airflow/dags/feature_pipeline_dag.py
[2026-08-29T19:48:13.972+0000] {processor.py:830} INFO - Processing file /opt/airflow/dags/feature_pipeline_dag.py for tasks to queue
[2026-08-29T19:48:13.973+0000] {logging_mixin.py:188} INFO - [2026-08-29T19:48:13.973+0000] {dagbag.py:545} INFO - Filling up the DagBag from /opt/airflow/dags/feature_pipeline_dag.py
[2026-08-29T19:48:15.594+0000] {processor.py:840} INFO - DAG(s) 'feature_pipeline' retrieved from /opt/airflow/dags/feature_pipeline_dag.py
[2026-08-29T19:48:15.644+0000] {logging_mixin.py:188} INFO - [2026-08-29T19:48:15.643+0000] {dag.py:3089} INFO - Sync 1 DAGs
[2026-08-29T19:48:15.673+0000] {logging_mixin.py:188} INFO - [2026-08-29T19:48:15.672+0000] {dag.py:3947} INFO - Setting next_dagrun for feature_pipeline to 2026-08-29 19:00:00+00:00, run_after=2026-08-29 20:00:00+00:00
[2026-08-29T19:48:15.699+0000] {processor.py:183} INFO - Processing /opt/airflow/dags/feature_pipeline_dag.py took 1.744 seconds
[2026-08-29T19:48:45.958+0000] {processor.py:161} INFO - Started process (PID=1371) to work on /opt/airflow/dags/feature_pipeline_dag.py
[2026-08-29T19:48:45.960+0000] {processor.py:830} INFO - Processing file /opt/airflow/dags/feature_pipeline_dag.py for tasks to queue
[2026-08-29T19:48:45.962+0000] {logging_mixin.py:188} INFO - [2026-08-29T19:48:45.962+0000] {dagbag.py:545} INFO - Filling up the DagBag from /opt/airflow/dags/feature_pipeline_dag.py
[2026-08-29T19:48:47.662+0000] {processor.py:840} INFO - DAG(s) 'feature_pipeline' retrieved from /opt/airflow/dags/feature_pipeline_dag.py
[2026-08-29T19:48:47.709+0000] {logging_mixin.py:188} INFO - [2026-08-29T19:48:47.708+0000] {dag.py:3089} INFO - Sync 1 DAGs
[2026-08-29T19:48:47.737+0000] {logging_mixin.py:188} INFO - [2026-08-29T19:48:47.737+0000] {dag.py:3947} INFO - Setting next_dagrun for feature_pipeline to 2026-08-29 19:00:00+00:00, run_after=2026-08-29 20:00:00+00:00
[2026-08-29T19:48:47.770+0000] {processor.py:183} INFO - Processing /opt/airflow/dags/feature_pipeline_dag.py took 1.827 seconds
[2026-08-29T19:49:18.456+0000] {processor.py:161} INFO - Started process (PID=1401) to work on /opt/airflow/dags/feature_pipeline_dag.py
[2026-08-29T19:49:18.458+0000] {processor.py:830} INFO - Processing file /opt/airflow/dags/feature_pipeline_dag.py for tasks to queue
[2026-08-29T19:49:18.461+0000] {logging_mixin.py:188} INFO - [2026-08-29T19:49:18.460+0000] {dagbag.py:545} INFO - Filling up the DagBag from /opt/airflow/dags/feature_pipeline_dag.py
[2026-08-29T19:49:20.380+0000] {processor.py:840} INFO - DAG(s) 'feature_pipeline' retrieved from /opt/airflow/dags/feature_pipeline_dag.py
[2026-08-29T19:49:20.427+0000] {logging_mixin.py:188} INFO - [2026-08-29T19:49:20.426+0000] {dag.py:3089} INFO - Sync 1 DAGs
[2026-08-29T19:49:20.460+0000] {logging_mixin.py:188} INFO - [2026-08-29T19:49:20.459+0000] {dag.py:3947} INFO - Setting next_dagrun for feature_pipeline to 2026-08-29 19:00:00+00:00, run_after=2026-08-29 20:00:00+00:00
[2026-08-29T19:49:20.490+0000] {processor.py:183} INFO - Processing /opt/airflow/dags/feature_pipeline_dag.py took 2.049 seconds
[2026-08-29T19:49:51.355+0000] {processor.py:161} INFO - Started process (PID=1432) to work on /opt/airflow/dags/feature_pipeline_dag.py
[2026-08-29T19:49:51.358+0000] {processor.py:830} INFO - Processing file /opt/airflow/dags/feature_pipeline_dag.py for tasks to queue
[2026-08-29T19:49:51.361+0000] {logging_mixin.py:188} INFO - [2026-08-29T19:49:51.360+0000] {dagbag.py:545} INFO - Filling up the DagBag from /opt/airflow/dags/feature_pipeline_dag.py
[2026-08-29T19:49:53.304+0000] {processor.py:840} INFO - DAG(s) 'feature_pipeline' retrieved from /opt/airflow/dags/feature_pipeline_dag.py
[2026-08-29T19:49:53.356+0000] {logging_mixin.py:188} INFO - [2026-08-29T19:49:53.356+0000] {dag.py:3089} INFO - Sync 1 DAGs
[2026-08-29T19:49:53.396+0000] {logging_mixin.py:188} INFO - [2026-08-29T19:49:53.396+0000] {dag.py:3947} INFO - Setting next_dagrun for feature_pipeline to 2026-08-29 19:00:00+00:00, run_after=2026-08-29 20:00:00+00:00
[2026-08-29T19:49:53.433+0000] {processor.py:183} INFO - Processing /opt/airflow/dags/feature_pipeline_dag.py took 2.100 seconds
[2026-08-29T19:50:23.969+0000] {processor.py:161} INFO - Started process (PID=1461) to work on /opt/airflow/dags/feature_pipeline_dag.py
[2026-08-29T19:50:23.972+0000] {processor.py:830} INFO - Processing file /opt/airflow/dags/feature_pipeline_dag.py for tasks to queue
[2026-08-29T19:50:23.975+0000] {logging_mixin.py:188} INFO - [2026-08-29T19:50:23.974+0000] {dagbag.py:545} INFO - Filling up the DagBag from /opt/airflow/dags/feature_pipeline_dag.py
[2026-08-29T19:50:25.853+0000] {processor.py:840} INFO - DAG(s) 'feature_pipeline' retrieved from /opt/airflow/dags/feature_pipeline_dag.py
[2026-08-29T19:50:25.911+0000] {logging_mixin.py:188} INFO - [2026-08-29T19:50:25.911+0000] {dag.py:3089} INFO - Sync 1 DAGs
[2026-08-29T19:50:25.950+0000] {logging_mixin.py:188} INFO - [2026-08-29T19:50:25.950+0000] {dag.py:3947} INFO - Setting next_dagrun for feature_pipeline to 2026-08-29 19:00:00+00:00, run_after=2026-08-29 20:00:00+00:00
[2026-08-29T19:50:25.989+0000] {processor.py:183} INFO - Processing /opt/airflow/dags/feature_pipeline_dag.py took 2.039 seconds
[2026-08-29T19:50:57.039+0000] {processor.py:161} INFO - Started process (PID=1491) to work on /opt/airflow/dags/feature_pipeline_dag.py
[2026-08-29T19:50:57.042+0000] {processor.py:830} INFO - Processing file /opt/airflow/dags/feature_pipeline_dag.py for tasks to queue
[2026-08-29T19:50:57.045+0000] {logging_mixin.py:188} INFO - [2026-08-29T19:50:57.044+0000] {dagbag.py:545} INFO - Filling up the DagBag from /opt/airflow/dags/feature_pipeline_dag.py
[2026-08-29T19:50:59.040+0000] {processor.py:840} INFO - DAG(s) 'feature_pipeline' retrieved from /opt/airflow/dags/feature_pipeline_dag.py
[2026-08-29T19:50:59.098+0000] {logging_mixin.py:188} INFO - [2026-08-29T19:50:59.098+0000] {dag.py:3089} INFO - Sync 1 DAGs
[2026-08-29T19:50:59.136+0000] {logging_mixin.py:188} INFO - [2026-08-29T19:50:59.136+0000] {dag.py:3947} INFO - Setting next_dagrun for feature_pipeline to 2026-08-29 19:00:00+00:00, run_after=2026-08-29 20:00:00+00:00
[2026-08-29T19:50:59.172+0000] {processor.py:183} INFO - Processing /opt/airflow/dags/feature_pipeline_dag.py took 2.151 seconds
[2026-08-29T19:51:30.878+0000] {processor.py:161} INFO - Started process (PID=1521) to work on /opt/airflow/dags/feature_pipeline_dag.py
[2026-08-29T19:51:30.881+0000] {processor.py:830} INFO - Processing file /opt/airflow/dags/feature_pipeline_dag.py for tasks to queue
[2026-08-29T19:51:30.883+0000] {logging_mixin.py:188} INFO - [2026-08-29T19:51:30.882+0000] {dagbag.py:545} INFO - Filling up the DagBag from /opt/airflow/dags/feature_pipeline_dag.py
[2026-08-29T19:51:30.191+0000] {processor.py:840} INFO - DAG(s) 'feature_pipeline' retrieved from /opt/airflow/dags/feature_pipeline_dag.py
[2026-08-29T19:51:30.266+0000] {logging_mixin.py:188} INFO - [2026-08-29T19:51:30.265+0000] {dag.py:3089} INFO - Sync 1 DAGs
[2026-08-29T19:51:30.306+0000] {logging_mixin.py:188} INFO - [2026-08-29T19:51:30.305+0000] {dag.py:3947} INFO - Setting next_dagrun for feature_pipeline to 2026-08-29 19:00:00+00:00, run_after=2026-08-29 20:00:00+00:00
[2026-08-29T19:51:30.347+0000] {processor.py:183} INFO - Processing /opt/airflow/dags/feature_pipeline_dag.py took 2.160 seconds
[2026-08-29T19:52:00.954+0000] {processor.py:161} INFO - Started process (PID=1551) to work on /opt/airflow/dags/feature_pipeline_dag.py
[2026-08-29T19:52:00.957+0000] {processor.py:830} INFO - Processing file /opt/airflow/dags/feature_pipeline_dag.py for tasks to queue
[2026-08-29T19:52:00.959+0000] {logging_mixin.py:188} INFO - [2026-08-29T19:52:00.958+0000] {dagbag.py:545} INFO - Filling up the DagBag from /opt/airflow/dags/feature_pipeline_dag.py
[2026-08-29T19:52:02.991+0000] {processor.py:840} INFO - DAG(s) 'feature_pipeline' retrieved from /opt/airflow/dags/feature_pipeline_dag.py
[2026-08-29T19:52:03.072+0000] {logging_mixin.py:188} INFO - [2026-08-29T19:52:03.071+0000] {dag.py:3089} INFO - Sync 1 DAGs
[2026-08-29T19:52:03.143+0000] {logging_mixin.py:188} INFO - [2026-08-29T19:52:03.142+0000] {dag.py:3947} INFO - Setting next_dagrun for feature_pipeline to 2026-08-29 19:00:00+00:00, run_after=2026-08-29 20:00:00+00:00
[2026-08-29T19:52:03.184+0000] {processor.py:183} INFO - Processing /opt/airflow/dags/feature_pipeline_dag.py took 2.247 seconds
[2026-08-29T19:52:33.555+0000] {processor.py:161} INFO - Started process (PID=1581) to work on /opt/airflow/dags/feature_pipeline_dag.py
[2026-08-29T19:52:33.558+0000] {processor.py:830} INFO - Processing file /opt/airflow/dags/feature_pipeline_dag.py for tasks to queue
[2026-08-29T19:52:33.560+0000] {logging_mixin.py:188} INFO - [2026-08-29T19:52:33.560+0000] {dagbag.py:545} INFO - Filling up the DagBag from /opt/airflow/dags/feature_pipeline_dag.py
[2026-08-29T19:52:35.434+0000] {processor.py:840} INFO - DAG(s) 'feature_pipeline' retrieved from /opt/airflow/dags/feature_pipeline_dag.py
[2026-08-29T19:52:35.485+0000] {logging_mixin.py:188} INFO - [2026-08-29T19:52:35.484+0000] {dag.py:3089} INFO - Sync 1 DAGs
[2026-08-29T19:52:35.516+0000] {logging_mixin.py:188} INFO - [2026-08-29T19:52:35.515+0000] {dag.py:3947} INFO - Setting next_dagrun for feature_pipeline to 2026-08-29 19:00:00+00:00, run_after=2026-08-29 20:00:00+00:00
[2026-08-29T19:52:35.552+0000] {processor.py:183} INFO - Processing /opt/airflow/dags/feature_pipeline_dag.py took 2.016 seconds
[2026-08-29T19:53:06.145+0000] {processor.py:161} INFO - Started process (PID=1611) to work on /opt/airflow/dags/feature_pipeline_dag.py
[2026-08-29T19:53:06.148+0000] {processor.py:830} INFO - Processing file /opt/airflow/dags/feature_pipeline_dag.py for tasks to queue
[2026-08-29T19:53:06.152+0000] {logging_mixin.py:188} INFO - [2026-08-29T19:53:06.150+0000] {dagbag.py:545} INFO - Filling up the DagBag from /opt/airflow/dags/feature_pipeline_dag.py
[2026-08-29T19:53:07.969+0000] {processor.py:840} INFO - DAG(s) 'feature_pipeline' retrieved from /opt/airflow/dags/feature_pipeline_dag.py
[2026-08-29T19:53:08.019+0000] {logging_mixin.py:188} INFO - [2026-08-29T19:53:08.018+0000] {dag.py:3089} INFO - Sync 1 DAGs
[2026-08-29T19:53:08.053+0000] {logging_mixin.py:188} INFO - [2026-08-29T19:53:08.053+0000] {dag.py:3947} INFO - Setting next_dagrun for feature_pipeline to 2026-08-29 19:00:00+00:00, run_after=2026-08-29 20:00:00+00:00
[2026-08-29T19:53:08.084+0000] {processor.py:183} INFO - Processing /opt/airflow/dags/feature_pipeline_dag.py took 1.962 seconds
[2026-08-29T19:53:38.674+0000] {processor.py:161} INFO - Started process (PID=1641) to work on /opt/airflow/dags/feature_pipeline_dag.py
[2026-08-29T19:53:38.677+0000] {processor.py:830} INFO - Processing file /opt/airflow/dags/feature_pipeline_dag.py for tasks to queue
[2026-08-29T19:53:38.680+0000] {logging_mixin.py:188} INFO - [2026-08-29T19:53:38.679+0000] {dagbag.py:545} INFO - Filling up the DagBag from /opt/airflow/dags/feature_pipeline_dag.py
[2026-08-29T19:53:40.726+0000] {processor.py:840} INFO - DAG(s) 'feature_pipeline' retrieved from /opt/airflow/dags/feature_pipeline_dag.py
[2026-08-29T19:53:40.774+0000] {logging_mixin.py:188} INFO - [2026-08-29T19:53:40.773+0000] {dag.py:3089} INFO - Sync 1 DAGs
[2026-08-29T19:53:40.805+0000] {logging_mixin.py:188} INFO - [2026-08-29T19:53:40.804+0000] {dag.py:3947} INFO - Setting next_dagrun for feature_pipeline to 2026-08-29 19:00:00+00:00, run_after=2026-08-29 20:00:00+00:00
[2026-08-29T19:53:40.837+0000] {processor.py:183} INFO - Processing /opt/airflow/dags/feature_pipeline_dag.py took 2.179 seconds
[2026-08-29T19:54:11.530+0000] {processor.py:161} INFO - Started process (PID=1672) to work on /opt/airflow/dags/feature_pipeline_dag.py
[2026-08-29T19:54:11.532+0000] {processor.py:830} INFO - Processing file /opt/airflow/dags/feature_pipeline_dag.py for tasks to queue
[2026-08-29T19:54:11.535+0000] {logging_mixin.py:188} INFO - [2026-08-29T19:54:11.534+0000] {dagbag.py:545} INFO - Filling up the DagBag from /opt/airflow/dags/feature_pipeline_dag.py
[2026-08-29T19:54:13.181+0000] {processor.py:840} INFO - DAG(s) 'feature_pipeline' retrieved from /opt/airflow/dags/feature_pipeline_dag.py
[2026-08-29T19:54:13.223+0000] {logging_mixin.py:188} INFO - [2026-08-29T19:54:13.222+0000] {dag.py:3089} INFO - Sync 1 DAGs
[2026-08-29T19:54:13.252+0000] {logging_mixin.py:188} INFO - [2026-08-29T19:54:13.251+0000] {dag.py:3947} INFO - Setting next_dagrun for feature_pipeline to 2026-08-29 19:00:00+00:00, run_after=2026-08-29 20:00:00+00:00
[2026-08-29T19:54:13.282+0000] {processor.py:183} INFO - Processing /opt/airflow/dags/feature_pipeline_dag.py took 1.768 seconds
[2026-08-29T19:54:43.665+0000] {processor.py:161} INFO - Started process (PID=1701) to work on /opt/airflow/dags/feature_pipeline_dag.py
[2026-08-29T19:54:43.668+0000] {processor.py:830} INFO - Processing file /opt/airflow/dags/feature_pipeline_dag.py for tasks to queue
[2026-08-29T19:54:43.670+0000] {logging_mixin.py:188} INFO - [2026-08-29T19:54:43.670+0000] {dagbag.py:545} INFO - Filling up the DagBag from /opt/airflow/dags/feature_pipeline_dag.py
[2026-08-29T19:54:45.598+0000] {processor.py:840} INFO - DAG(s) 'feature_pipeline' retrieved from /opt/airflow/dags/feature_pipeline_dag.py
[2026-08-29T19:54:45.649+0000] {logging_mixin.py:188} INFO - [2026-08-29T19:54:45.649+0000] {dag.py:3089} INFO - Sync 1 DAGs
[2026-08-29T19:54:45.693+0000] {logging_mixin.py:188} INFO - [2026-08-29T19:54:45.692+0000] {dag.py:3947} INFO - Setting next_dagrun for feature_pipeline to 2026-08-29 19:00:00+00:00, run_after=2026-08-29 20:00:00+00:00
[2026-08-29T19:54:45.728+0000] {processor.py:183} INFO - Processing /opt/airflow/dags/feature_pipeline_dag.py took 2.081 seconds
[2026-08-29T19:55:16.215+0000] {processor.py:161} INFO - Started process (PID=1731) to work on /opt/airflow/dags/feature_pipeline_dag.py
[2026-08-29T19:55:16.217+0000] {processor.py:830} INFO - Processing file /opt/airflow/dags/feature_pipeline_dag.py for tasks to queue
[2026-08-29T19:55:16.220+0000] {logging_mixin.py:188} INFO - [2026-08-29T19:55:16.219+0000] {dagbag.py:545} INFO - Filling up the DagBag from /opt/airflow/dags/feature_pipeline_dag.py
[2026-08-29T19:55:17.794+0000] {processor.py:840} INFO - DAG(s) 'feature_pipeline' retrieved from /opt/airflow/dags/feature_pipeline_dag.py
[2026-08-29T19:55:17.836+0000] {logging_mixin.py:188} INFO - [2026-08-29T19:55:17.836+0000] {dag.py:3089} INFO - Sync 1 DAGs
[2026-08-29T19:55:17.865+0000] {logging_mixin.py:188} INFO - [2026-08-29T19:55:17.865+0000] {dag.py:3947} INFO - Setting next_dagrun for feature_pipeline to 2026-08-29 19:00:00+00:00, run_after=2026-08-29 20:00:00+00:00
[2026-08-29T19:55:17.894+0000] {processor.py:183} INFO - Processing /opt/airflow/dags/feature_pipeline_dag.py took 1.696 seconds
[2026-08-29T19:55:48.608+0000] {processor.py:161} INFO - Started process (PID=1761) to work on /opt/airflow/dags/feature_pipeline_dag.py
[2026-08-29T19:55:48.610+0000] {processor.py:830} INFO - Processing file /opt/airflow/dags/feature_pipeline_dag.py for tasks to queue
[2026-08-29T19:55:48.613+0000] {logging_mixin.py:188} INFO - [2026-08-29T19:55:48.612+0000] {dagbag.py:545} INFO - Filling up the DagBag from /opt/airflow/dags/feature_pipeline_dag.py
[2026-08-29T19:55:50.428+0000] {processor.py:840} INFO - DAG(s) 'feature_pipeline' retrieved from /opt/airflow/dags/feature_pipeline_dag.py
[2026-08-29T19:55:50.483+0000] {logging_mixin.py:188} INFO - [2026-08-29T19:55:50.483+0000] {dag.py:3089} INFO - Sync 1 DAGs
[2026-08-29T19:55:50.515+0000] {logging_mixin.py:188} INFO - [2026-08-29T19:55:50.515+0000] {dag.py:3947} INFO - Setting next_dagrun for feature_pipeline to 2026-08-29 19:00:00+00:00, run_after=2026-08-29 20:00:00+00:00
[2026-08-29T19:55:50.549+0000] {processor.py:183} INFO - Processing /opt/airflow/dags/feature_pipeline_dag.py took 1.958 seconds
[2026-08-29T19:56:22.802+0000] {processor.py:161} INFO - Started process (PID=1794) to work on /opt/airflow/dags/feature_pipeline_dag.py
[2026-08-29T19:56:22.805+0000] {processor.py:830} INFO - Processing file /opt/airflow/dags/feature_pipeline_dag.py for tasks to queue
[2026-08-29T19:56:22.807+0000] {logging_mixin.py:188} INFO - [2026-08-29T19:56:22.806+0000] {dagbag.py:545} INFO - Filling up the DagBag from /opt/airflow/dags/feature_pipeline_dag.py
[2026-08-29T19:56:24.272+0000] {processor.py:840} INFO - DAG(s) 'feature_pipeline' retrieved from /opt/airflow/dags/feature_pipeline_dag.py
[2026-08-29T19:56:24.313+0000] {logging_mixin.py:188} INFO - [2026-08-29T19:56:24.312+0000] {dag.py:3089} INFO - Sync 1 DAGs
[2026-08-29T19:56:24.340+0000] {logging_mixin.py:188} INFO - [2026-08-29T19:56:24.339+0000] {dag.py:3947} INFO - Setting next_dagrun for feature_pipeline to 2026-08-29 19:00:00+00:00, run_after=2026-08-29 20:00:00+00:00
[2026-08-29T19:56:24.370+0000] {processor.py:183} INFO - Processing /opt/airflow/dags/feature_pipeline_dag.py took 1.583 seconds
[2026-08-29T19:56:56.272+0000] {processor.py:161} INFO - Started process (PID=1822) to work on /opt/airflow/dags/feature_pipeline_dag.py
[2026-08-29T19:56:56.275+0000] {processor.py:830} INFO - Processing file /opt/airflow/dags/feature_pipeline_dag.py for tasks to queue
[2026-08-29T19:56:56.278+0000] {logging_mixin.py:188} INFO - [2026-08-29T19:56:56.277+0000] {dagbag.py:545} INFO - Filling up the DagBag from /opt/airflow/dags/feature_pipeline_dag.py
[2026-08-29T19:56:58.069+0000] {processor.py:840} INFO - DAG(s) 'feature_pipeline' retrieved from /opt/airflow/dags/feature_pipeline_dag.py
[2026-08-29T19:56:58.115+0000] {logging_mixin.py:188} INFO - [2026-08-29T19:56:58.115+0000] {dag.py:3089} INFO - Sync 1 DAGs
[2026-08-29T19:56:58.151+0000] {logging_mixin.py:188} INFO - [2026-08-29T19:56:58.151+0000] {dag.py:3947} INFO - Setting next_dagrun for feature_pipeline to 2026-08-29 19:00:00+00:00, run_after=2026-08-29 20:00:00+00:00
[2026-08-29T19:56:58.183+0000] {processor.py:183} INFO - Processing /opt/airflow/dags/feature_pipeline_dag.py took 1.930 seconds
[2026-08-29T19:57:28.655+0000] {processor.py:161} INFO - Started process (PID=1833) to work on /opt/airflow/dags/feature_pipeline_dag.py
[2026-08-29T19:57:28.658+0000] {processor.py:830} INFO - Processing file /opt/airflow/dags/feature_pipeline_dag.py for tasks to queue
[2026-08-29T19:57:28.660+0000] {logging_mixin.py:188} INFO - [2026-08-29T19:57:28.659+0000] {dagbag.py:545} INFO - Filling up the DagBag from /opt/airflow/dags/feature_pipeline_dag.py
[2026-08-29T19:57:30.638+0000] {processor.py:840} INFO - DAG(s) 'feature_pipeline' retrieved from /opt/airflow/dags/feature_pipeline_dag.py
[2026-08-29T19:57:30.690+0000] {logging_mixin.py:188} INFO - [2026-08-29T19:57:30.689+0000] {dag.py:3089} INFO - Sync 1 DAGs
[2026-08-29T19:57:30.723+0000] {logging_mixin.py:188} INFO - [2026-08-29T19:57:30.723+0000] {dag.py:3947} INFO - Setting next_dagrun for feature_pipeline to 2026-08-29 19:00:00+00:00, run_after=2026-08-29 20:00:00+00:00
[2026-08-29T19:57:30.761+0000] {processor.py:183} INFO - Processing /opt/airflow/dags/feature_pipeline_dag.py took 2.124 seconds
[2026-08-29T19:58:01.651+0000] {processor.py:161} INFO - Started process (PID=1860) to work on /opt/airflow/dags/feature_pipeline_dag.py
[2026-08-29T19:58:01.653+0000] {processor.py:830} INFO - Processing file /opt/airflow/dags/feature_pipeline_dag.py for tasks to queue
[2026-08-29T19:58:01.655+0000] {logging_mixin.py:188} INFO - [2026-08-29T19:58:01.654+0000] {dagbag.py:545} INFO - Filling up the DagBag from /opt/airflow/dags/feature_pipeline_dag.py
[2026-08-29T20:15:16.710+0000] {processor.py:840} INFO - DAG(s) 'feature_pipeline' retrieved from /opt/airflow/dags/feature_pipeline_dag.py
[2026-08-29T20:15:16.840+0000] {logging_mixin.py:188} INFO - [2026-08-29T20:15:16.839+0000] {dag.py:3089} INFO - Sync 1 DAGs
[2026-08-29T20:15:47.688+0000] {processor.py:161} INFO - Started process (PID=1891) to work on /opt/airflow/dags/feature_pipeline_dag.py
[2026-08-29T20:15:47.691+0000] {processor.py:830} INFO - Processing file /opt/airflow/dags/feature_pipeline_dag.py for tasks to queue
[2026-08-29T20:15:47.693+0000] {logging_mixin.py:188} INFO - [2026-08-29T20:15:47.693+0000] {dagbag.py:545} INFO - Filling up the DagBag from /opt/airflow/dags/feature_pipeline_dag.py
[2026-08-29T20:15:49.099+0000] {processor.py:840} INFO - DAG(s) 'feature_pipeline' retrieved from /opt/airflow/dags/feature_pipeline_dag.py
[2026-08-29T20:15:49.140+0000] {logging_mixin.py:188} INFO - [2026-08-29T20:15:49.139+0000] {dag.py:3089} INFO - Sync 1 DAGs
[2026-08-29T20:15:49.166+0000] {logging_mixin.py:188} INFO - [2026-08-29T20:15:49.165+0000] {dag.py:3947} INFO - Setting next_dagrun for feature_pipeline to 2026-08-29 20:00:00+00:00, run_after=2026-08-29 21:00:00+00:00
[2026-08-29T20:15:49.192+0000] {processor.py:183} INFO - Processing /opt/airflow/dags/feature_pipeline_dag.py took 1.518 seconds
[2026-08-29T20:16:19.549+0000] {processor.py:161} INFO - Started process (PID=1921) to work on /opt/airflow/dags/feature_pipeline_dag.py
[2026-08-29T20:16:19.551+0000] {processor.py:830} INFO - Processing file /opt/airflow/dags/feature_pipeline_dag.py for tasks to queue
[2026-08-29T20:16:19.553+0000] {logging_mixin.py:188} INFO - [2026-08-29T20:16:19.552+0000] {dagbag.py:545} INFO - Filling up the DagBag from /opt/airflow/dags/feature_pipeline_dag.py
[2026-08-29T20:16:21.100+0000] {processor.py:840} INFO - DAG(s) 'feature_pipeline' retrieved from /opt/airflow/dags/feature_pipeline_dag.py
[2026-08-29T20:16:21.154+0000] {logging_mixin.py:188} INFO - [2026-08-29T20:16:21.153+0000] {dag.py:3089} INFO - Sync 1 DAGs
[2026-08-29T20:16:21.192+0000] {logging_mixin.py:188} INFO - [2026-08-29T20:16:21.191+0000] {dag.py:3947} INFO - Setting next_dagrun for feature_pipeline to 2026-08-29 20:00:00+00:00, run_after=2026-08-29 21:00:00+00:00
[2026-08-29T20:16:21.226+0000] {processor.py:183} INFO - Processing /opt/airflow/dags/feature_pipeline_dag.py took 1.690 seconds
[2026-08-29T20:16:52.055+0000] {processor.py:161} INFO - Started process (PID=1951) to work on /opt/airflow/dags/feature_pipeline_dag.py
[2026-08-29T20:16:52.058+0000] {processor.py:830} INFO - Processing file /opt/airflow/dags/feature_pipeline_dag.py for tasks to queue
[2026-08-29T20:16:52.060+0000] {logging_mixin.py:188} INFO - [2026-08-29T20:16:52.059+0000] {dagbag.py:545} INFO - Filling up the DagBag from /opt/airflow/dags/feature_pipeline_dag.py
[2026-08-29T20:16:53.972+0000] {processor.py:840} INFO - DAG(s) 'feature_pipeline' retrieved from /opt/airflow/dags/feature_pipeline_dag.py
[2026-08-29T20:16:54.036+0000] {logging_mixin.py:188} INFO - [2026-08-29T20:16:54.035+0000] {dag.py:3089} INFO - Sync 1 DAGs
[2026-08-29T20:16:54.080+0000] {logging_mixin.py:188} INFO - [2026-08-29T20:16:54.079+0000] {dag.py:3947} INFO - Setting next_dagrun for feature_pipeline to 2026-08-29 20:00:00+00:00, run_after=2026-08-29 21:00:00+00:00
[2026-08-29T20:16:54.121+0000] {processor.py:183} INFO - Processing /opt/airflow/dags/feature_pipeline_dag.py took 2.085 seconds
[2026-08-29T20:17:25.054+0000] {processor.py:161} INFO - Started process (PID=1981) to work on /opt/airflow/dags/feature_pipeline_dag.py
[2026-08-29T20:17:25.056+0000] {processor.py:830} INFO - Processing file /opt/airflow/dags/feature_pipeline_dag.py for tasks to queue
[2026-08-29T20:17:25.059+0000] {logging_mixin.py:188} INFO - [2026-08-29T20:17:25.058+0000] {dagbag.py:545} INFO - Filling up the DagBag from /opt/airflow/dags/feature_pipeline_dag.py
[2026-08-29T20:17:27.003+0000] {processor.py:840} INFO - DAG(s) 'feature_pipeline' retrieved from /opt/airflow/dags/feature_pipeline_dag.py
[2026-08-29T20:17:27.057+0000] {logging_mixin.py:188} INFO - [2026-08-29T20:17:27.056+0000] {dag.py:3089} INFO - Sync 1 DAGs
[2026-08-29T20:17:27.097+0000] {logging_mixin.py:188} INFO - [2026-08-29T20:17:27.097+0000] {dag.py:3947} INFO - Setting next_dagrun for feature_pipeline to 2026-08-29 20:00:00+00:00, run_after=2026-08-29 21:00:00+00:00
[2026-08-29T20:17:27.138+0000] {processor.py:183} INFO - Processing /opt/airflow/dags/feature_pipeline_dag.py took 2.100 seconds
[2026-08-29T20:17:57.455+0000] {processor.py:161} INFO - Started process (PID=2011) to work on /opt/airflow/dags/feature_pipeline_dag.py
[2026-08-29T20:17:57.458+0000] {processor.py:830} INFO - Processing file /opt/airflow/dags/feature_pipeline_dag.py for tasks to queue
[2026-08-29T20:17:57.461+0000] {logging_mixin.py:188} INFO - [2026-08-29T20:17:57.460+0000] {dagbag.py:545} INFO - Filling up the DagBag from /opt/airflow/dags/feature_pipeline_dag.py
[2026-08-29T20:17:59.419+0000] {processor.py:840} INFO - DAG(s) 'feature_pipeline' retrieved from /opt/airflow/dags/feature_pipeline_dag.py
[2026-08-29T20:17:59.475+0000] {logging_mixin.py:188} INFO - [2026-08-29T20:17:59.474+0000] {dag.py:3089} INFO - Sync 1 DAGs
[2026-08-29T20:17:59.526+0000] {logging_mixin.py:188} INFO - [2026-08-29T20:17:59.526+0000] {dag.py:3947} INFO - Setting next_dagrun for feature_pipeline to 2026-08-29 20:00:00+00:00, run_after=2026-08-29 21:00:00+00:00
[2026-08-29T20:17:59.569+0000] {processor.py:183} INFO - Processing /opt/airflow/dags/feature_pipeline_dag.py took 2.130 seconds
[2026-08-29T20:18:30.605+0000] {processor.py:161} INFO - Started process (PID=2041) to work on /opt/airflow/dags/feature_pipeline_dag.py
[2026-08-29T20:18:30.607+0000] {processor.py:830} INFO - Processing file /opt/airflow/dags/feature_pipeline_dag.py for tasks to queue
[2026-08-29T20:18:30.610+0000] {logging_mixin.py:188} INFO - [2026-08-29T20:18:30.609+0000] {dagbag.py:545} INFO - Filling up the DagBag from /opt/airflow/dags/feature_pipeline_dag.py
[2026-08-29T20:18:31.806+0000] {processor.py:840} INFO - DAG(s) 'feature_pipeline' retrieved from /opt/airflow/dags/feature_pipeline_dag.py
[2026-08-29T20:18:31.862+0000] {logging_mixin.py:188} INFO - [2026-08-29T20:18:31.861+0000] {dag.py:3089} INFO - Sync 1 DAGs
[2026-08-29T20:18:31.899+0000] {logging_mixin.py:188} INFO - [2026-08-29T20:18:31.898+0000] {dag.py:3947} INFO - Setting next_dagrun for feature_pipeline to 2026-08-29 20:00:00+00:00, run_after=2026-08-29 21:00:00+00:00
[2026-08-29T20:18:31.938+0000] {processor.py:183} INFO - Processing /opt/airflow/dags/feature_pipeline_dag.py took 1.927 seconds
[2026-08-29T20:19:02.382+0000] {processor.py:161} INFO - Started process (PID=2071) to work on /opt/airflow/dags/feature_pipeline_dag.py
[2026-08-29T20:19:02.385+0000] {processor.py:830} INFO - Processing file /opt/airflow/dags/feature_pipeline_dag.py for tasks to queue
[2026-08-29T20:19:02.387+0000] {logging_mixin.py:188} INFO - [2026-08-29T20:19:02.386+0000] {dagbag.py:545} INFO - Filling up the DagBag from /opt/airflow/dags/feature_pipeline_dag.py
[2026-08-29T20:19:04.106+0000] {processor.py:840} INFO - DAG(s) 'feature_pipeline' retrieved from /opt/airflow/dags/feature_pipeline_dag.py
[2026-08-29T20:19:04.165+0000] {logging_mixin.py:188} INFO - [2026-08-29T20:19:04.164+0000] {dag.py:3089} INFO - Sync 1 DAGs
[2026-08-29T20:19:04.204+0000] {logging_mixin.py:188} INFO - [2026-08-29T20:19:04.204+0000] {dag.py:3947} INFO - Setting next_dagrun for feature_pipeline to 2026-08-29 20:00:00+00:00, run_after=2026-08-29 21:00:00+00:00
[2026-08-29T20:19:04.236+0000] {processor.py:183} INFO - Processing /opt/airflow/dags/feature_pipeline_dag.py took 1.870 seconds
[2026-08-29T20:19:34.870+0000] {processor.py:161} INFO - Started process (PID=2101) to work on /opt/airflow/dags/feature_pipeline_dag.py
[2026-08-29T20:19:34.872+0000] {processor.py:830} INFO - Processing file /opt/airflow/dags/feature_pipeline_dag.py for tasks to queue
[2026-08-29T20:19:34.874+0000] {logging_mixin.py:188} INFO - [2026-08-29T20:19:34.873+0000] {dagbag.py:545} INFO - Filling up the DagBag from /opt/airflow/dags/feature_pipeline_dag.py
[2026-08-29T20:19:36.535+0000] {processor.py:840} INFO - DAG(s) 'feature_pipeline' retrieved from /opt/airflow/dags/feature_pipeline_dag.py
[2026-08-29T20:19:36.582+0000] {logging_mixin.py:188} INFO - [2026-08-29T20:19:36.581+0000] {dag.py:3089} INFO - Sync 1 DAGs
[2026-08-29T20:19:36.614+0000] {logging_mixin.py:188} INFO - [2026-08-29T20:19:36.614+0000] {dag.py:3947} INFO - Setting next_dagrun for feature_pipeline to 2026-08-29 20:00:00+00:00, run_after=2026-08-29 21:00:00+00:00
[2026-08-29T20:19:36.647+0000] {processor.py:183} INFO - Processing /opt/airflow/dags/feature_pipeline_dag.py took 1.791 seconds
[2026-08-29T20:20:07.431+0000] {processor.py:161} INFO - Started process (PID=2131) to work on /opt/airflow/dags/feature_pipeline_dag.py
[2026-08-29T20:20:07.433+0000] {processor.py:830} INFO - Processing file /opt/airflow/dags/feature_pipeline_dag.py for tasks to queue
[2026-08-29T20:20:07.435+0000] {logging_mixin.py:188} INFO - [2026-08-29T20:20:07.434+0000] {dagbag.py:545} INFO - Filling up the DagBag from /opt/airflow/dags/feature_pipeline_dag.py
[2026-08-29T20:20:09.346+0000] {processor.py:840} INFO - DAG(s) 'feature_pipeline' retrieved from /opt/airflow/dags/feature_pipeline_dag.py
[2026-08-29T20:20:09.397+0000] {logging_mixin.py:188} INFO - [2026-08-29T20:20:09.396+0000] {dag.py:3089} INFO - Sync 1 DAGs
[2026-08-29T20:20:09.439+0000] {logging_mixin.py:188} INFO - [2026-08-29T20:20:09.438+0000] {dag.py:3947} INFO - Setting next_dagrun for feature_pipeline to 2026-08-29 20:00:00+00:00, run_after=2026-08-29 21:00:00+00:00
[2026-08-29T20:20:09.475+0000] {processor.py:183} INFO - Processing /opt/airflow/dags/feature_pipeline_dag.py took 2.059 seconds
[2026-08-29T20:20:40.150+0000] {processor.py:161} INFO - Started process (PID=2161) to work on /opt/airflow/dags/feature_pipeline_dag.py
[2026-08-29T20:20:40.153+0000] {processor.py:830} INFO - Processing file /opt/airflow/dags/feature_pipeline_dag.py for tasks to queue
[2026-08-29T20:20:40.155+0000] {logging_mixin.py:188} INFO - [2026-08-29T20:20:40.154+0000] {dagbag.py:545} INFO - Filling up the DagBag from /opt/airflow/dags/feature_pipeline_dag.py
[2026-08-29T20:20:41.809+0000] {processor.py:840} INFO - DAG(s) 'feature_pipeline' retrieved from /opt/airflow/dags/feature_pipeline_dag.py
[2026-08-29T20:20:41.851+0000] {logging_mixin.py:188} INFO - [2026-08-29T20:20:41.850+0000] {dag.py:3089} INFO - Sync 1 DAGs
[2026-08-29T20:20:41.879+0000] {logging_mixin.py:188} INFO - [2026-08-29T20:20:41.879+0000] {dag.py:3947} INFO - Setting next_dagrun for feature_pipeline to 2026-08-29 20:00:00+00:00, run_after=2026-08-29 21:00:00+00:00
[2026-08-29T20:20:41.911+0000] {processor.py:183} INFO - Processing /opt/airflow/dags/feature_pipeline_dag.py took 1.779 seconds
[2026-08-29T20:21:12.410+0000] {processor.py:161} INFO - Started process (PID=2191) to work on /opt/airflow/dags/feature_pipeline_dag.py
[2026-08-29T20:21:12.413+0000] {processor.py:830} INFO - Processing file /opt/airflow/dags/feature_pipeline_dag.py for tasks to queue
[2026-08-29T20:21:12.416+0000] {logging_mixin.py:188} INFO - [2026-08-29T20:21:12.415+0000] {dagbag.py:545} INFO - Filling up the DagBag from /opt/airflow/dags/feature_pipeline_dag.py
[2026-08-29T20:21:14.685+0000] {processor.py:840} INFO - DAG(s) 'feature_pipeline' retrieved from /opt/airflow/dags/feature_pipeline_dag.py
[2026-08-29T20:21:14.753+0000] {logging_mixin.py:188} INFO - [2026-08-29T20:21:14.752+0000] {dag.py:3089} INFO - Sync 1 DAGs
[2026-08-29T20:21:14.805+0000] {logging_mixin.py:188} INFO - [2026-08-29T20:21:14.805+0000] {dag.py:3947} INFO - Setting next_dagrun for feature_pipeline to 2026-08-29 20:00:00+00:00, run_after=2026-08-29 21:00:00+00:00
[2026-08-29T20:21:14.844+0000] {processor.py:183} INFO - Processing /opt/airflow/dags/feature_pipeline_dag.py took 2.455 seconds
[2026-08-29T20:21:45.358+0000] {processor.py:161} INFO - Started process (PID=2221) to work on /opt/airflow/dags/feature_pipeline_dag.py
[2026-08-29T20:21:45.360+0000] {processor.py:830} INFO - Processing file /opt/airflow/dags/feature_pipeline_dag.py for tasks to queue
[2026-08-29T20:21:45.363+0000] {logging_mixin.py:188} INFO - [2026-08-29T20:21:45.362+0000] {dagbag.py:545} INFO - Filling up the DagBag from /opt/airflow/dags/feature_pipeline_dag.py
[2026-08-29T20:21:47.328+0000] {processor.py:840} INFO - DAG(s) 'feature_pipeline' retrieved from /opt/airflow/dags/feature_pipeline_dag.py
[2026-08-29T20:21:47.396+0000] {logging_mixin.py:188} INFO - [2026-08-29T20:21:47.395+0000] {dag.py:3089} INFO - Sync 1 DAGs
[2026-08-29T20:21:47.444+0000] {logging_mixin.py:188} INFO - [2026-08-29T20:21:47.443+0000] {dag.py:3947} INFO - Setting next_dagrun for feature_pipeline to 2026-08-29 20:00:00+00:00, run_after=2026-08-29 21:00:00+00:00
[2026-08-29T20:21:47.480+0000] {processor.py:183} INFO - Processing /opt/airflow/dags/feature_pipeline_dag.py took 2.138 seconds
[2026-08-29T20:22:18.007+0000] {processor.py:161} INFO - Started process (PID=2251) to work on /opt/airflow/dags/feature_pipeline_dag.py
[2026-08-29T20:22:18.009+0000] {processor.py:830} INFO - Processing file /opt/airflow/dags/feature_pipeline_dag.py for tasks to queue
[2026-08-29T20:22:18.011+0000] {logging_mixin.py:188} INFO - [2026-08-29T20:22:18.010+0000] {dagbag.py:545} INFO - Filling up the DagBag from /opt/airflow/dags/feature_pipeline_dag.py
[2026-08-29T20:22:19.851+0000] {processor.py:840} INFO - DAG(s) 'feature_pipeline' retrieved from /opt/airflow/dags/feature_pipeline_dag.py
[2026-08-29T20:22:19.907+0000] {logging_mixin.py:188} INFO - [2026-08-29T20:22:19.907+0000] {dag.py:3089} INFO - Sync 1 DAGs
[2026-08-29T20:22:19.945+0000] {logging_mixin.py:188} INFO - [2026-08-29T20:22:19.945+0000] {dag.py:3947} INFO - Setting next_dagrun for feature_pipeline to 2026-08-29 20:00:00+00:00, run_after=2026-08-29 21:00:00+00:00
[2026-08-29T20:22:19.982+0000] {processor.py:183} INFO - Processing /opt/airflow/dags/feature_pipeline_dag.py took 1.992 seconds
[2026-08-29T20:22:50.789+0000] {processor.py:161} INFO - Started process (PID=2281) to work on /opt/airflow/dags/feature_pipeline_dag.py
[2026-08-29T20:22:50.791+0000] {processor.py:830} INFO - Processing file /opt/airflow/dags/feature_pipeline_dag.py for tasks to queue
[2026-08-29T20:22:50.794+0000] {logging_mixin.py:188} INFO - [2026-08-29T20:22:50.793+0000] {dagbag.py:545} INFO - Filling up the DagBag from /opt/airflow/dags/feature_pipeline_dag.py
[2026-08-29T20:22:53.578+0000] {processor.py:840} INFO - DAG(s) 'feature_pipeline' retrieved from /opt/airflow/dags/feature_pipeline_dag.py
[2026-08-29T20:22:53.630+0000] {logging_mixin.py:188} INFO - [2026-08-29T20:22:53.630+0000] {dag.py:3089} INFO - Sync 1 DAGs
[2026-08-29T20:22:53.665+0000] {logging_mixin.py:188} INFO - [2026-08-29T20:22:53.665+0000] {dag.py:3947} INFO - Setting next_dagrun for feature_pipeline to 2026-08-29 20:00:00+00:00, run_after=2026-08-29 21:00:00+00:00
[2026-08-29T20:22:53.698+0000] {processor.py:183} INFO - Processing /opt/airflow/dags/feature_pipeline_dag.py took 2.238 seconds
[2026-08-29T20:23:24.024+0000] {processor.py:161} INFO - Started process (PID=2311) to work on /opt/airflow/dags/feature_pipeline_dag.py
[2026-08-29T20:23:24.026+0000] {processor.py:830} INFO - Processing file /opt/airflow/dags/feature_pipeline_dag.py for tasks to queue
[2026-08-29T20:23:24.028+0000] {logging_mixin.py:188} INFO - [2026-08-29T20:23:24.028+0000] {dagbag.py:545} INFO - Filling up the DagBag from /opt/airflow/dags/feature_pipeline_dag.py
[2026-08-29T20:23:25.657+0000] {processor.py:840} INFO - DAG(s) 'feature_pipeline' retrieved from /opt/airflow/dags/feature_pipeline_dag.py
[2026-08-29T20:23:25.705+0000] {logging_mixin.py:188} INFO - [2026-08-29T20:23:25.705+0000] {dag.py:3089} INFO - Sync 1 DAGs
[2026-08-29T20:23:25.736+0000] {logging_mixin.py:188} INFO - [2026-08-29T20:23:25.735+0000] {dag.py:3947} INFO - Setting next_dagrun for feature_pipeline to 2026-08-29 20:00:00+00:00, run_after=2026-08-29 21:00:00+00:00
[2026-08-29T20:23:25.772+0000] {processor.py:183} INFO - Processing /opt/airflow/dags/feature_pipeline_dag.py took 1.764 seconds
[2026-08-29T20:23:56.663+0000] {processor.py:161} INFO - Started process (PID=2341) to work on /opt/airflow/dags/feature_pipeline_dag.py
[2026-08-29T20:23:56.666+0000] {processor.py:830} INFO - Processing file /opt/airflow/dags/feature_pipeline_dag.py for tasks to queue
[2026-08-29T20:23:56.669+0000] {logging_mixin.py:188} INFO - [2026-08-29T20:23:56.667+0000] {dagbag.py:545} INFO - Filling up the DagBag from /opt/airflow/dags/feature_pipeline_dag.py
[2026-08-29T20:23:58.429+0000] {processor.py:840} INFO - DAG(s) 'feature_pipeline' retrieved from /opt/airflow/dags/feature_pipeline_dag.py
[2026-08-29T20:23:58.478+0000] {logging_mixin.py:188} INFO - [2026-08-29T20:23:58.477+0000] {dag.py:3089} INFO - Sync 1 DAGs
[2026-08-29T20:23:58.514+0000] {logging_mixin.py:188} INFO - [2026-08-29T20:23:58.513+0000] {dag.py:3947} INFO - Setting next_dagrun for feature_pipeline to 2026-08-29 20:00:00+00:00, run_after=2026-08-29 21:00:00+00:00
[2026-08-29T20:23:58.558+0000] {processor.py:183} INFO - Processing /opt/airflow/dags/feature_pipeline_dag.py took 1.913 seconds
[2026-08-29T20:24:29.293+0000] {processor.py:161} INFO - Started process (PID=2358) to work on /opt/airflow/dags/feature_pipeline_dag.py
[2026-08-29T20:24:29.297+0000] {processor.py:830} INFO - Processing file /opt/airflow/dags/feature_pipeline_dag.py for tasks to queue
[2026-08-29T20:24:29.301+0000] {logging_mixin.py:188} INFO - [2026-08-29T20:24:29.298+0000] {dagbag.py:545} INFO - Filling up the DagBag from /opt/airflow/dags/feature_pipeline_dag.py
[2026-08-29T20:24:31.187+0000] {processor.py:840} INFO - DAG(s) 'feature_pipeline' retrieved from /opt/airflow/dags/feature_pipeline_dag.py
[2026-08-29T20:24:31.246+0000] {logging_mixin.py:188} INFO - [2026-08-29T20:24:31.245+0000] {dag.py:3089} INFO - Sync 1 DAGs
[2026-08-29T20:24:31.288+0000] {logging_mixin.py:188} INFO - [2026-08-29T20:24:31.288+0000] {dag.py:3947} INFO - Setting next_dagrun for feature_pipeline to 2026-08-29 20:00:00+00:00, run_after=2026-08-29 21:00:00+00:00
[2026-08-29T20:24:31.321+0000] {processor.py:183} INFO - Processing /opt/airflow/dags/feature_pipeline_dag.py took 2.052 seconds
[2026-08-29T20:25:01.932+0000] {processor.py:161} INFO - Started process (PID=2386) to work on /opt/airflow/dags/feature_pipeline_dag.py
[2026-08-29T20:25:01.934+0000] {processor.py:830} INFO - Processing file /opt/airflow/dags/feature_pipeline_dag.py for tasks to queue
[2026-08-29T20:25:01.936+0000] {logging_mixin.py:188} INFO - [2026-08-29T20:25:01.935+0000] {dagbag.py:545} INFO - Filling up the DagBag from /opt/airflow/dags/feature_pipeline_dag.py
[2026-08-29T20:25:04.098+0000] {processor.py:840} INFO - DAG(s) 'feature_pipeline' retrieved from /opt/airflow/dags/feature_pipeline_dag.py
[2026-08-29T20:25:04.165+0000] {logging_mixin.py:188} INFO - [2026-08-29T20:25:04.164+0000] {dag.py:3089} INFO - Sync 1 DAGs
[2026-08-29T20:25:04.208+0000] {logging_mixin.py:188} INFO - [2026-08-29T20:25:04.207+0000] {dag.py:3947} INFO - Setting next_dagrun for feature_pipeline to 2026-08-29 20:00:00+00:00, run_after=2026-08-29 21:00:00+00:00
[2026-08-29T20:25:04.253+0000] {processor.py:183} INFO - Processing /opt/airflow/dags/feature_pipeline_dag.py took 2.341 seconds
[2026-08-29T20:25:35.341+0000] {processor.py:161} INFO - Started process (PID=2413) to work on /opt/airflow/dags/feature_pipeline_dag.py
[2026-08-29T20:25:35.344+0000] {processor.py:830} INFO - Processing file /opt/airflow/dags/feature_pipeline_dag.py for tasks to queue
[2026-08-29T20:25:35.346+0000] {logging_mixin.py:188} INFO - [2026-08-29T20:25:35.346+0000] {dagbag.py:545} INFO - Filling up the DagBag from /opt/airflow/dags/feature_pipeline_dag.py
[2026-08-29T20:25:37.316+0000] {processor.py:840} INFO - DAG(s) 'feature_pipeline' retrieved from /opt/airflow/dags/feature_pipeline_dag.py
[2026-08-29T20:25:37.383+0000] {logging_mixin.py:188} INFO - [2026-08-29T20:25:37.382+0000] {dag.py:3089} INFO - Sync 1 DAGs
[2026-08-29T20:25:37.427+0000] {logging_mixin.py:188} INFO - [2026-08-29T20:25:37.426+0000] {dag.py:3947} INFO - Setting next_dagrun for feature_pipeline to 2026-08-29 20:00:00+00:00, run_after=2026-08-29 21:00:00+00:00
[2026-08-29T20:25:37.464+0000] {processor.py:183} INFO - Processing /opt/airflow/dags/feature_pipeline_dag.py took 2.147 seconds
[2026-08-29T20:30:55.602+0000] {processor.py:161} INFO - Started process (PID=2453) to work on /opt/airflow/dags/feature_pipeline_dag.py
[2026-08-29T20:30:55.614+0000] {processor.py:830} INFO - Processing file /opt/airflow/dags/feature_pipeline_dag.py for tasks to queue
[2026-08-29T20:30:55.622+0000] {logging_mixin.py:188} INFO - [2026-08-29T20:30:55.621+0000] {dagbag.py:545} INFO - Filling up the DagBag from /opt/airflow/dags/feature_pipeline_dag.py
[2026-08-29T20:31:00.040+0000] {processor.py:840} INFO - DAG(s) 'feature_pipeline' retrieved from /opt/airflow/dags/feature_pipeline_dag.py
[2026-08-29T20:31:00.109+0000] {logging_mixin.py:188} INFO - [2026-08-29T20:31:00.108+0000] {dag.py:3089} INFO - Sync 1 DAGs
[2026-08-29T20:31:00.135+0000] {logging_mixin.py:188} INFO - [2026-08-29T20:31:00.135+0000] {dag.py:3947} INFO - Setting next_dagrun for feature_pipeline to 2026-08-29 20:00:00+00:00, run_after=2026-08-29 21:00:00+00:00
[2026-08-29T20:31:00.175+0000] {processor.py:183} INFO - Processing /opt/airflow/dags/feature_pipeline_dag.py took 4.594 seconds
[2026-08-29T20:31:30.803+0000] {processor.py:161} INFO - Started process (PID=2482) to work on /opt/airflow/dags/feature_pipeline_dag.py
[2026-08-29T20:31:30.805+0000] {processor.py:830} INFO - Processing file /opt/airflow/dags/feature_pipeline_dag.py for tasks to queue
[2026-08-29T20:31:30.807+0000] {logging_mixin.py:188} INFO - [2026-08-29T20:31:30.806+0000] {dagbag.py:545} INFO - Filling up the DagBag from /opt/airflow/dags/feature_pipeline_dag.py
[2026-08-29T20:31:32.235+0000] {processor.py:840} INFO - DAG(s) 'feature_pipeline' retrieved from /opt/airflow/dags/feature_pipeline_dag.py
[2026-08-29T20:31:32.277+0000] {logging_mixin.py:188} INFO - [2026-08-29T20:31:32.277+0000] {dag.py:3089} INFO - Sync 1 DAGs
[2026-08-29T20:31:32.302+0000] {logging_mixin.py:188} INFO - [2026-08-29T20:31:32.302+0000] {dag.py:3947} INFO - Setting next_dagrun for feature_pipeline to 2026-08-29 20:00:00+00:00, run_after=2026-08-29 21:00:00+00:00
[2026-08-29T20:31:32.331+0000] {processor.py:183} INFO - Processing /opt/airflow/dags/feature_pipeline_dag.py took 1.542 seconds
[2026-08-29T20:32:02.663+0000] {processor.py:161} INFO - Started process (PID=2509) to work on /opt/airflow/dags/feature_pipeline_dag.py
[2026-08-29T20:32:02.665+0000] {processor.py:830} INFO - Processing file /opt/airflow/dags/feature_pipeline_dag.py for tasks to queue
[2026-08-29T20:32:02.667+0000] {logging_mixin.py:188} INFO - [2026-08-29T20:32:02.667+0000] {dagbag.py:545} INFO - Filling up the DagBag from /opt/airflow/dags/feature_pipeline_dag.py
[2026-08-29T20:32:04.140+0000] {processor.py:840} INFO - DAG(s) 'feature_pipeline' retrieved from /opt/airflow/dags/feature_pipeline_dag.py
[2026-08-29T20:32:04.191+0000] {logging_mixin.py:188} INFO - [2026-08-29T20:32:04.191+0000] {dag.py:3089} INFO - Sync 1 DAGs
[2026-08-29T20:32:04.226+0000] {logging_mixin.py:188} INFO - [2026-08-29T20:32:04.226+0000] {dag.py:3947} INFO - Setting next_dagrun for feature_pipeline to 2026-08-29 20:00:00+00:00, run_after=2026-08-29 21:00:00+00:00
[2026-08-29T20:32:04.256+0000] {processor.py:183} INFO - Processing /opt/airflow/dags/feature_pipeline_dag.py took 1.606 seconds
[2026-08-29T20:32:35.008+0000] {processor.py:161} INFO - Started process (PID=2539) to work on /opt/airflow/dags/feature_pipeline_dag.py
[2026-08-29T20:32:35.011+0000] {processor.py:830} INFO - Processing file /opt/airflow/dags/feature_pipeline_dag.py for tasks to queue
[2026-08-29T20:32:35.014+0000] {logging_mixin.py:188} INFO - [2026-08-29T20:32:35.013+0000] {dagbag.py:545} INFO - Filling up the DagBag from /opt/airflow/dags/feature_pipeline_dag.py
[2026-08-29T20:32:36.903+0000] {processor.py:840} INFO - DAG(s) 'feature_pipeline' retrieved from /opt/airflow/dags/feature_pipeline_dag.py
[2026-08-29T20:32:36.958+0000] {logging_mixin.py:188} INFO - [2026-08-29T20:32:36.955+0000] {dag.py:3089} INFO - Sync 1 DAGs
[2026-08-29T20:32:37.004+0000] {logging_mixin.py:188} INFO - [2026-08-29T20:32:37.003+0000] {dag.py:3947} INFO - Setting next_dagrun for feature_pipeline to 2026-08-29 20:00:00+00:00, run_after=2026-08-29 21:00:00+00:00
[2026-08-29T20:32:37.036+0000] {processor.py:183} INFO - Processing /opt/airflow/dags/feature_pipeline_dag.py took 2.045 seconds
[2026-08-29T20:33:07.517+0000] {processor.py:161} INFO - Started process (PID=2569) to work on /opt/airflow/dags/feature_pipeline_dag.py
[2026-08-29T20:33:07.520+0000] {processor.py:830} INFO - Processing file /opt/airflow/dags/feature_pipeline_dag.py for tasks to queue
[2026-08-29T20:33:07.522+0000] {logging_mixin.py:188} INFO - [2026-08-29T20:33:07.522+0000] {dagbag.py:545} INFO - Filling up the DagBag from /opt/airflow/dags/feature_pipeline_dag.py
[2026-08-29T20:33:09.528+0000] {processor.py:840} INFO - DAG(s) 'feature_pipeline' retrieved from /opt/airflow/dags/feature_pipeline_dag.py
[2026-08-29T20:33:09.580+0000] {logging_mixin.py:188} INFO - [2026-08-29T20:33:09.579+0000] {dag.py:3089} INFO - Sync 1 DAGs
[2026-08-29T20:33:09.613+0000] {logging_mixin.py:188} INFO - [2026-08-29T20:33:09.613+0000] {dag.py:3947} INFO - Setting next_dagrun for feature_pipeline to 2026-08-29 20:00:00+00:00, run_after=2026-08-29 21:00:00+00:00
[2026-08-29T20:33:09.650+0000] {processor.py:183} INFO - Processing /opt/airflow/dags/feature_pipeline_dag.py took 2.150 seconds
[2026-08-29T20:33:40.215+0000] {processor.py:161} INFO - Started process (PID=2599) to work on /opt/airflow/dags/feature_pipeline_dag.py
[2026-08-29T20:33:40.218+0000] {processor.py:830} INFO - Processing file /opt/airflow/dags/feature_pipeline_dag.py for tasks to queue
[2026-08-29T20:33:40.221+0000] {logging_mixin.py:188} INFO - [2026-08-29T20:33:40.220+0000] {dagbag.py:545} INFO - Filling up the DagBag from /opt/airflow/dags/feature_pipeline_dag.py
[2026-08-29T20:33:42.159+0000] {processor.py:840} INFO - DAG(s) 'feature_pipeline' retrieved from /opt/airflow/dags/feature_pipeline_dag.py
[2026-08-29T20:33:42.214+0000] {logging_mixin.py:188} INFO - [2026-08-29T20:33:42.213+0000] {dag.py:3089} INFO - Sync 1 DAGs
[2026-08-29T20:33:42.247+0000] {logging_mixin.py:188} INFO - [2026-08-29T20:33:42.246+0000] {dag.py:3947} INFO - Setting next_dagrun for feature_pipeline to 2026-08-29 20:00:00+00:00, run_after=2026-08-29 21:00:00+00:00
[2026-08-29T20:33:42.281+0000] {processor.py:183} INFO - Processing /opt/airflow/dags/feature_pipeline_dag.py took 2.084 seconds
[2026-08-29T20:34:12.578+0000] {processor.py:161} INFO - Started process (PID=2629) to work on /opt/airflow/dags/feature_pipeline_dag.py
[2026-08-29T20:34:12.580+0000] {processor.py:830} INFO - Processing file /opt/airflow/dags/feature_pipeline_dag.py for tasks to queue
[2026-08-29T20:34:12.583+0000] {logging_mixin.py:188} INFO - [2026-08-29T20:34:12.582+0000] {dagbag.py:545} INFO - Filling up the DagBag from /opt/airflow/dags/feature_pipeline_dag.py
[2026-08-29T20:34:12.658+0000] {processor.py:840} INFO - DAG(s) 'feature_pipeline' retrieved from /opt/airflow/dags/feature_pipeline_dag.py
[2026-08-29T20:34:12.712+0000] {logging_mixin.py:188} INFO - [2026-08-29T20:34:12.711+0000] {dag.py:3089} INFO - Sync 1 DAGs
[2026-08-29T20:34:12.748+0000] {logging_mixin.py:188} INFO - [2026-08-29T20:34:12.748+0000] {dag.py:3947} INFO - Setting next_dagrun for feature_pipeline to 2026-08-29 20:00:00+00:00, run_after=2026-08-29 21:00:00+00:00
[2026-08-29T20:34:12.785+0000] {processor.py:183} INFO - Processing /opt/airflow/dags/feature_pipeline_dag.py took 1.965 seconds
[2026-08-29T20:34:43.476+0000] {processor.py:161} INFO - Started process (PID=2659) to work on /opt/airflow/dags/feature_pipeline_dag.py
[2026-08-29T20:34:43.479+0000] {processor.py:830} INFO - Processing file /opt/airflow/dags/feature_pipeline_dag.py for tasks to queue
[2026-08-29T20:34:43.481+0000] {logging_mixin.py:188} INFO - [2026-08-29T20:34:43.480+0000] {dagbag.py:545} INFO - Filling up the DagBag from /opt/airflow/dags/feature_pipeline_dag.py
[2026-08-29T20:34:45.428+0000] {processor.py:840} INFO - DAG(s) 'feature_pipeline' retrieved from /opt/airflow/dags/feature_pipeline_dag.py
[2026-08-29T20:34:45.478+0000] {logging_mixin.py:188} INFO - [2026-08-29T20:34:45.477+0000] {dag.py:3089} INFO - Sync 1 DAGs
[2026-08-29T20:34:45.511+0000] {logging_mixin.py:188} INFO - [2026-08-29T20:34:45.511+0000] {dag.py:3947} INFO - Setting next_dagrun for feature_pipeline to 2026-08-29 20:00:00+00:00, run_after=2026-08-29 21:00:00+00:00
[2026-08-29T20:34:45.544+0000] {processor.py:183} INFO - Processing /opt/airflow/dags/feature_pipeline_dag.py took 2.084 seconds
[2026-08-29T20:35:16.152+0000] {processor.py:161} INFO - Started process (PID=2689) to work on /opt/airflow/dags/feature_pipeline_dag.py
[2026-08-29T20:35:16.155+0000] {processor.py:830} INFO - Processing file /opt/airflow/dags/feature_pipeline_dag.py for tasks to queue
[2026-08-29T20:35:16.157+0000] {logging_mixin.py:188} INFO - [2026-08-29T20:35:16.156+0000] {dagbag.py:545} INFO - Filling up the DagBag from /opt/airflow/dags/feature_pipeline_dag.py
[2026-08-29T20:35:17.849+0000] {processor.py:840} INFO - DAG(s) 'feature_pipeline' retrieved from /opt/airflow/dags/feature_pipeline_dag.py
[2026-08-29T20:35:17.901+0000] {logging_mixin.py:188} INFO - [2026-08-29T20:35:17.900+0000] {dag.py:3089} INFO - Sync 1 DAGs
[2026-08-29T20:35:17.934+0000] {logging_mixin.py:188} INFO - [2026-08-29T20:35:17.934+0000] {dag.py:3947} INFO - Setting next_dagrun for feature_pipeline to 2026-08-29 20:00:00+00:00, run_after=2026-08-29 21:00:00+00:00
[2026-08-29T20:35:17.970+0000] {processor.py:183} INFO - Processing /opt/airflow/dags/feature_pipeline_dag.py took 1.836 seconds
[2026-08-29T20:35:48.882+0000] {processor.py:161} INFO - Started process (PID=2719) to work on /opt/airflow/dags/feature_pipeline_dag.py
[2026-08-29T20:35:48.885+0000] {processor.py:830} INFO - Processing file /opt/airflow/dags/feature_pipeline_dag.py for tasks to queue
[2026-08-29T20:35:48.888+0000] {logging_mixin.py:188} INFO - [2026-08-29T20:35:48.887+0000] {dagbag.py:545} INFO - Filling up the DagBag from /opt/airflow/dags/feature_pipeline_dag.py
[2026-08-29T20:35:50.802+0000] {processor.py:840} INFO - DAG(s) 'feature_pipeline' retrieved from /opt/airflow/dags/feature_pipeline_dag.py
[2026-08-29T20:35:50.859+0000] {logging_mixin.py:188} INFO - [2026-08-29T20:35:50.859+0000] {dag.py:3089} INFO - Sync 1 DAGs
[2026-08-29T20:35:50.898+0000] {logging_mixin.py:188} INFO - [2026-08-29T20:35:50.898+0000] {dag.py:3947} INFO - Setting next_dagrun for feature_pipeline to 2026-08-29 20:00:00+00:00, run_after=2026-08-29 21:00:00+00:00
[2026-08-29T20:35:50.937+0000] {processor.py:183} INFO - Processing /opt/airflow/dags/feature_pipeline_dag.py took 2.069 seconds
[2026-08-29T20:36:22.082+0000] {processor.py:161} INFO - Started process (PID=2749) to work on /opt/airflow/dags/feature_pipeline_dag.py
[2026-08-29T20:36:22.084+0000] {processor.py:830} INFO - Processing file /opt/airflow/dags/feature_pipeline_dag.py for tasks to queue
[2026-08-29T20:36:22.086+0000] {logging_mixin.py:188} INFO - [2026-08-29T20:36:22.086+0000] {dagbag.py:545} INFO - Filling up the DagBag from /opt/airflow/dags/feature_pipeline_dag.py
[2026-08-29T20:36:24.048+0000] {processor.py:840} INFO - DAG(s) 'feature_pipeline' retrieved from /opt/airflow/dags/feature_pipeline_dag.py
[2026-08-29T20:36:24.102+0000] {logging_mixin.py:188} INFO - [2026-08-29T20:36:24.102+0000] {dag.py:3089} INFO - Sync 1 DAGs
[2026-08-29T20:36:24.139+0000] {logging_mixin.py:188} INFO - [2026-08-29T20:36:24.139+0000] {dag.py:3947} INFO - Setting next_dagrun for feature_pipeline to 2026-08-29 20:00:00+00:00, run_after=2026-08-29 21:00:00+00:00
[2026-08-29T20:36:24.177+0000] {processor.py:183} INFO - Processing /opt/airflow/dags/feature_pipeline_dag.py took 2.111 seconds
[2026-08-29T20:36:54.959+0000] {processor.py:161} INFO - Started process (PID=2779) to work on /opt/airflow/dags/feature_pipeline_dag.py
[2026-08-29T20:36:54.962+0000] {processor.py:830} INFO - Processing file /opt/airflow/dags/feature_pipeline_dag.py for tasks to queue
[2026-08-29T20:36:54.964+0000] {logging_mixin.py:188} INFO - [2026-08-29T20:36:54.963+0000] {dagbag.py:545} INFO - Filling up the DagBag from /opt/airflow/dags/feature_pipeline_dag.py
[2026-08-29T20:36:56.791+0000] {processor.py:840} INFO - DAG(s) 'feature_pipeline' retrieved from /opt/airflow/dags/feature_pipeline_dag.py
[2026-08-29T20:36:56.842+0000] {logging_mixin.py:188} INFO - [2026-08-29T20:36:56.841+0000] {dag.py:3089} INFO - Sync 1 DAGs
[2026-08-29T20:36:56.875+0000] {logging_mixin.py:188} INFO - [2026-08-29T20:36:56.875+0000] {dag.py:3947} INFO - Setting next_dagrun for feature_pipeline to 2026-08-29 20:00:00+00:00, run_after=2026-08-29 21:00:00+00:00
[2026-08-29T20:36:56.913+0000] {processor.py:183} INFO - Processing /opt/airflow/dags/feature_pipeline_dag.py took 1.970 seconds
[2026-08-29T20:37:28.152+0000] {processor.py:161} INFO - Started process (PID=2809) to work on /opt/airflow/dags/feature_pipeline_dag.py
[2026-08-29T20:37:28.154+0000] {processor.py:830} INFO - Processing file /opt/airflow/dags/feature_pipeline_dag.py for tasks to queue
[2026-08-29T20:37:28.158+0000] {logging_mixin.py:188} INFO - [2026-08-29T20:37:28.157+0000] {dagbag.py:545} INFO - Filling up the DagBag from /opt/airflow/dags/feature_pipeline_dag.py
[2026-08-29T20:37:27.186+0000] {processor.py:840} INFO - DAG(s) 'feature_pipeline' retrieved from /opt/airflow/dags/feature_pipeline_dag.py
[2026-08-29T20:37:27.237+0000] {logging_mixin.py:188} INFO - [2026-08-29T20:37:27.236+0000] {dag.py:3089} INFO - Sync 1 DAGs
[2026-08-29T20:37:27.284+0000] {logging_mixin.py:188} INFO - [2026-08-29T20:37:27.283+0000] {dag.py:3947} INFO - Setting next_dagrun for feature_pipeline to 2026-08-29 20:00:00+00:00, run_after=2026-08-29 21:00:00+00:00
[2026-08-29T20:37:27.325+0000] {processor.py:183} INFO - Processing /opt/airflow/dags/feature_pipeline_dag.py took 2.059 seconds
[2026-08-29T20:37:57.659+0000] {processor.py:161} INFO - Started process (PID=2839) to work on /opt/airflow/dags/feature_pipeline_dag.py
[2026-08-29T20:37:57.662+0000] {processor.py:830} INFO - Processing file /opt/airflow/dags/feature_pipeline_dag.py for tasks to queue
[2026-08-29T20:37:57.665+0000] {logging_mixin.py:188} INFO - [2026-08-29T20:37:57.664+0000] {dagbag.py:545} INFO - Filling up the DagBag from /opt/airflow/dags/feature_pipeline_dag.py
[2026-08-29T20:37:59.448+0000] {processor.py:840} INFO - DAG(s) 'feature_pipeline' retrieved from /opt/airflow/dags/feature_pipeline_dag.py
[2026-08-29T20:37:59.505+0000] {logging_mixin.py:188} INFO - [2026-08-29T20:37:59.504+0000] {dag.py:3089} INFO - Sync 1 DAGs
[2026-08-29T20:37:59.541+0000] {logging_mixin.py:188} INFO - [2026-08-29T20:37:59.541+0000] {dag.py:3947} INFO - Setting next_dagrun for feature_pipeline to 2026-08-29 20:00:00+00:00, run_after=2026-08-29 21:00:00+00:00
[2026-08-29T20:37:59.577+0000] {processor.py:183} INFO - Processing /opt/airflow/dags/feature_pipeline_dag.py took 1.935 seconds
[2026-08-29T20:38:30.624+0000] {processor.py:161} INFO - Started process (PID=2869) to work on /opt/airflow/dags/feature_pipeline_dag.py
[2026-08-29T20:38:30.627+0000] {processor.py:830} INFO - Processing file /opt/airflow/dags/feature_pipeline_dag.py for tasks to queue
[2026-08-29T20:38:30.630+0000] {logging_mixin.py:188} INFO - [2026-08-29T20:38:30.629+0000] {dagbag.py:545} INFO - Filling up the DagBag from /opt/airflow/dags/feature_pipeline_dag.py
[2026-08-29T20:38:32.716+0000] {processor.py:840} INFO - DAG(s) 'feature_pipeline' retrieved from /opt/airflow/dags/feature_pipeline_dag.py
[2026-08-29T20:38:32.779+0000] {logging_mixin.py:188} INFO - [2026-08-29T20:38:32.778+0000] {dag.py:3089} INFO - Sync 1 DAGs
[2026-08-29T20:38:32.815+0000] {logging_mixin.py:188} INFO - [2026-08-29T20:38:32.815+0000] {dag.py:3947} INFO - Setting next_dagrun for feature_pipeline to 2026-08-29 20:00:00+00:00, run_after=2026-08-29 21:00:00+00:00
[2026-08-29T20:38:32.852+0000] {processor.py:183} INFO - Processing /opt/airflow/dags/feature_pipeline_dag.py took 2.245 seconds
[2026-08-29T20:39:03.833+0000] {processor.py:161} INFO - Started process (PID=2899) to work on /opt/airflow/dags/feature_pipeline_dag.py
[2026-08-29T20:39:03.835+0000] {processor.py:830} INFO - Processing file /opt/airflow/dags/feature_pipeline_dag.py for tasks to queue
[2026-08-29T20:39:03.838+0000] {logging_mixin.py:188} INFO - [2026-08-29T20:39:03.837+0000] {dagbag.py:545} INFO - Filling up the DagBag from /opt/airflow/dags/feature_pipeline_dag.py
[2026-08-29T20:39:05.709+0000] {processor.py:840} INFO - DAG(s) 'feature_pipeline' retrieved from /opt/airflow/dags/feature_pipeline_dag.py
[2026-08-29T20:39:05.778+0000] {logging_mixin.py:188} INFO - [2026-08-29T20:39:05.776+0000] {dag.py:3089} INFO - Sync 1 DAGs
[2026-08-29T20:39:05.840+0000] {logging_mixin.py:188} INFO - [2026-08-29T20:39:05.839+0000] {dag.py:3947} INFO - Setting next_dagrun for feature_pipeline to 2026-08-29 20:00:00+00:00, run_after=2026-08-29 21:00:00+00:00
[2026-08-29T20:39:05.896+0000] {processor.py:183} INFO - Processing /opt/airflow/dags/feature_pipeline_dag.py took 2.080 seconds
[2026-08-29T20:39:36.736+0000] {processor.py:161} INFO - Started process (PID=2929) to work on /opt/airflow/dags/feature_pipeline_dag.py
[2026-08-29T20:39:36.738+0000] {processor.py:830} INFO - Processing file /opt/airflow/dags/feature_pipeline_dag.py for tasks to queue
[2026-08-29T20:39:36.741+0000] {logging_mixin.py:188} INFO - [2026-08-29T20:39:36.740+0000] {dagbag.py:545} INFO - Filling up the DagBag from /opt/airflow/dags/feature_pipeline_dag.py
[2026-08-29T20:39:38.541+0000] {processor.py:840} INFO - DAG(s) 'feature_pipeline' retrieved from /opt/airflow/dags/feature_pipeline_dag.py
[2026-08-29T20:39:38.591+0000] {logging_mixin.py:188} INFO - [2026-08-29T20:39:38.590+0000] {dag.py:3089} INFO - Sync 1 DAGs
[2026-08-29T20:39:38.624+0000] {logging_mixin.py:188} INFO - [2026-08-29T20:39:38.624+0000] {dag.py:3947} INFO - Setting next_dagrun for feature_pipeline to 2026-08-29 20:00:00+00:00, run_after=2026-08-29 21:00:00+00:00
[2026-08-29T20:39:38.658+0000] {processor.py:183} INFO - Processing /opt/airflow/dags/feature_pipeline_dag.py took 1.939 seconds
[2026-08-29T20:40:09.254+0000] {processor.py:161} INFO - Started process (PID=2959) to work on /opt/airflow/dags/feature_pipeline_dag.py
[2026-08-29T20:40:09.256+0000] {processor.py:830} INFO - Processing file /opt/airflow/dags/feature_pipeline_dag.py for tasks to queue
[2026-08-29T20:40:09.259+0000] {logging_mixin.py:188} INFO - [2026-08-29T20:40:09.258+0000] {dagbag.py:545} INFO - Filling up the DagBag from /opt/airflow/dags/feature_pipeline_dag.py
[2026-08-29T20:40:10.865+0000] {processor.py:840} INFO - DAG(s) 'feature_pipeline' retrieved from /opt/airflow/dags/feature_pipeline_dag.py
[2026-08-29T20:40:10.918+0000] {logging_mixin.py:188} INFO - [2026-08-29T20:40:10.917+0000] {dag.py:3089} INFO - Sync 1 DAGs
[2026-08-29T20:40:10.951+0000] {logging_mixin.py:188} INFO - [2026-08-29T20:40:10.950+0000] {dag.py:3947} INFO - Setting next_dagrun for feature_pipeline to 2026-08-29 20:00:00+00:00, run_after=2026-08-29 21:00:00+00:00
[2026-08-29T20:40:10.985+0000] {processor.py:183} INFO - Processing /opt/airflow/dags/feature_pipeline_dag.py took 1.746 seconds
[2026-08-29T20:40:42.247+0000] {processor.py:161} INFO - Started process (PID=2976) to work on /opt/airflow/dags/feature_pipeline_dag.py
[2026-08-29T20:40:42.250+0000] {processor.py:830} INFO - Processing file /opt/airflow/dags/feature_pipeline_dag.py for tasks to queue
[2026-08-29T20:40:42.252+0000] {logging_mixin.py:188} INFO - [2026-08-29T20:40:42.251+0000] {dagbag.py:545} INFO - Filling up the DagBag from /opt/airflow/dags/feature_pipeline_dag.py
[2026-08-29T20:40:41.495+0000] {processor.py:840} INFO - DAG(s) 'feature_pipeline' retrieved from /opt/airflow/dags/feature_pipeline_dag.py
[2026-08-29T20:40:41.558+0000] {logging_mixin.py:188} INFO - [2026-08-29T20:40:41.557+0000] {dag.py:3089} INFO - Sync 1 DAGs
[2026-08-29T20:40:41.600+0000] {logging_mixin.py:188} INFO - [2026-08-29T20:40:41.599+0000] {dag.py:3947} INFO - Setting next_dagrun for feature_pipeline to 2026-08-29 20:00:00+00:00, run_after=2026-08-29 21:00:00+00:00
[2026-08-29T20:40:41.637+0000] {processor.py:183} INFO - Processing /opt/airflow/dags/feature_pipeline_dag.py took 2.365 seconds
[2026-08-29T20:41:12.779+0000] {processor.py:161} INFO - Started process (PID=3004) to work on /opt/airflow/dags/feature_pipeline_dag.py
[2026-08-29T20:41:12.782+0000] {processor.py:830} INFO - Processing file /opt/airflow/dags/feature_pipeline_dag.py for tasks to queue
[2026-08-29T20:41:12.784+0000] {logging_mixin.py:188} INFO - [2026-08-29T20:41:12.783+0000] {dagbag.py:545} INFO - Filling up the DagBag from /opt/airflow/dags/feature_pipeline_dag.py
[2026-08-29T20:41:15.088+0000] {processor.py:840} INFO - DAG(s) 'feature_pipeline' retrieved from /opt/airflow/dags/feature_pipeline_dag.py
[2026-08-29T20:41:15.156+0000] {logging_mixin.py:188} INFO - [2026-08-29T20:41:15.155+0000] {dag.py:3089} INFO - Sync 1 DAGs
[2026-08-29T20:41:15.219+0000] {logging_mixin.py:188} INFO - [2026-08-29T20:41:15.219+0000] {dag.py:3947} INFO - Setting next_dagrun for feature_pipeline to 2026-08-29 20:00:00+00:00, run_after=2026-08-29 21:00:00+00:00
[2026-08-29T20:41:15.302+0000] {processor.py:183} INFO - Processing /opt/airflow/dags/feature_pipeline_dag.py took 2.538 seconds
[2026-08-29T20:49:26.979+0000] {processor.py:161} INFO - Started process (PID=3036) to work on /opt/airflow/dags/feature_pipeline_dag.py
[2026-08-29T20:49:26.982+0000] {processor.py:830} INFO - Processing file /opt/airflow/dags/feature_pipeline_dag.py for tasks to queue
[2026-08-29T20:49:26.985+0000] {logging_mixin.py:188} INFO - [2026-08-29T20:49:26.984+0000] {dagbag.py:545} INFO - Filling up the DagBag from /opt/airflow/dags/feature_pipeline_dag.py
[2026-08-29T20:49:28.966+0000] {processor.py:840} INFO - DAG(s) 'feature_pipeline' retrieved from /opt/airflow/dags/feature_pipeline_dag.py
[2026-08-29T20:49:29.008+0000] {logging_mixin.py:188} INFO - [2026-08-29T20:49:29.007+0000] {dag.py:3089} INFO - Sync 1 DAGs
[2026-08-29T20:49:29.045+0000] {logging_mixin.py:188} INFO - [2026-08-29T20:49:29.045+0000] {dag.py:3947} INFO - Setting next_dagrun for feature_pipeline to 2026-08-29 20:00:00+00:00, run_after=2026-08-29 21:00:00+00:00
[2026-08-29T20:49:29.107+0000] {processor.py:183} INFO - Processing /opt/airflow/dags/feature_pipeline_dag.py took 2.146 seconds
[2026-08-29T20:49:59.459+0000] {processor.py:161} INFO - Started process (PID=3061) to work on /opt/airflow/dags/feature_pipeline_dag.py
[2026-08-29T20:49:59.462+0000] {processor.py:830} INFO - Processing file /opt/airflow/dags/feature_pipeline_dag.py for tasks to queue
[2026-08-29T20:49:59.463+0000] {logging_mixin.py:188} INFO - [2026-08-29T20:49:59.463+0000] {dagbag.py:545} INFO - Filling up the DagBag from /opt/airflow/dags/feature_pipeline_dag.py
[2026-08-29T20:50:00.978+0000] {processor.py:840} INFO - DAG(s) 'feature_pipeline' retrieved from /opt/airflow/dags/feature_pipeline_dag.py
[2026-08-29T20:50:01.022+0000] {logging_mixin.py:188} INFO - [2026-08-29T20:50:01.021+0000] {dag.py:3089} INFO - Sync 1 DAGs
[2026-08-29T20:50:01.054+0000] {logging_mixin.py:188} INFO - [2026-08-29T20:50:01.054+0000] {dag.py:3947} INFO - Setting next_dagrun for feature_pipeline to 2026-08-29 20:00:00+00:00, run_after=2026-08-29 21:00:00+00:00
[2026-08-29T20:50:01.087+0000] {processor.py:183} INFO - Processing /opt/airflow/dags/feature_pipeline_dag.py took 1.641 seconds
[2026-08-29T20:50:31.303+0000] {processor.py:161} INFO - Started process (PID=3091) to work on /opt/airflow/dags/feature_pipeline_dag.py
[2026-08-29T20:50:31.305+0000] {processor.py:830} INFO - Processing file /opt/airflow/dags/feature_pipeline_dag.py for tasks to queue
[2026-08-29T20:50:31.307+0000] {logging_mixin.py:188} INFO - [2026-08-29T20:50:31.306+0000] {dagbag.py:545} INFO - Filling up the DagBag from /opt/airflow/dags/feature_pipeline_dag.py
[2026-08-29T20:50:32.832+0000] {processor.py:840} INFO - DAG(s) 'feature_pipeline' retrieved from /opt/airflow/dags/feature_pipeline_dag.py
[2026-08-29T20:50:32.881+0000] {logging_mixin.py:188} INFO - [2026-08-29T20:50:32.881+0000] {dag.py:3089} INFO - Sync 1 DAGs
[2026-08-29T20:50:32.913+0000] {logging_mixin.py:188} INFO - [2026-08-29T20:50:32.913+0000] {dag.py:3947} INFO - Setting next_dagrun for feature_pipeline to 2026-08-29 20:00:00+00:00, run_after=2026-08-29 21:00:00+00:00
[2026-08-29T20:50:32.945+0000] {processor.py:183} INFO - Processing /opt/airflow/dags/feature_pipeline_dag.py took 1.659 seconds
[2026-08-29T20:51:04.840+0000] {processor.py:161} INFO - Started process (PID=3119) to work on /opt/airflow/dags/feature_pipeline_dag.py
[2026-08-29T20:51:04.842+0000] {processor.py:830} INFO - Processing file /opt/airflow/dags/feature_pipeline_dag.py for tasks to queue
[2026-08-29T20:51:04.845+0000] {logging_mixin.py:188} INFO - [2026-08-29T20:51:04.844+0000] {dagbag.py:545} INFO - Filling up the DagBag from /opt/airflow/dags/feature_pipeline_dag.py
[2026-08-29T20:51:04.509+0000] {processor.py:840} INFO - DAG(s) 'feature_pipeline' retrieved from /opt/airflow/dags/feature_pipeline_dag.py
[2026-08-29T20:51:04.569+0000] {logging_mixin.py:188} INFO - [2026-08-29T20:51:04.568+0000] {dag.py:3089} INFO - Sync 1 DAGs
[2026-08-29T20:51:04.613+0000] {logging_mixin.py:188} INFO - [2026-08-29T20:51:04.613+0000] {dag.py:3947} INFO - Setting next_dagrun for feature_pipeline to 2026-08-29 20:00:00+00:00, run_after=2026-08-29 21:00:00+00:00
[2026-08-29T20:51:04.651+0000] {processor.py:183} INFO - Processing /opt/airflow/dags/feature_pipeline_dag.py took 2.217 seconds
[2026-08-29T20:51:35.231+0000] {processor.py:161} INFO - Started process (PID=3148) to work on /opt/airflow/dags/feature_pipeline_dag.py
[2026-08-29T20:51:35.236+0000] {processor.py:830} INFO - Processing file /opt/airflow/dags/feature_pipeline_dag.py for tasks to queue
[2026-08-29T20:51:35.241+0000] {logging_mixin.py:188} INFO - [2026-08-29T20:51:35.240+0000] {dagbag.py:545} INFO - Filling up the DagBag from /opt/airflow/dags/feature_pipeline_dag.py
[2026-08-29T20:51:42.022+0000] {processor.py:840} INFO - DAG(s) 'feature_pipeline' retrieved from /opt/airflow/dags/feature_pipeline_dag.py
[2026-08-29T20:51:42.077+0000] {logging_mixin.py:188} INFO - [2026-08-29T20:51:42.076+0000] {dag.py:3089} INFO - Sync 1 DAGs
[2026-08-29T20:51:42.202+0000] {logging_mixin.py:188} INFO - [2026-08-29T20:51:42.201+0000] {dag.py:3947} INFO - Setting next_dagrun for feature_pipeline to 2026-08-29 20:00:00+00:00, run_after=2026-08-29 21:00:00+00:00
[2026-08-29T20:51:42.311+0000] {processor.py:183} INFO - Processing /opt/airflow/dags/feature_pipeline_dag.py took 7.125 seconds
[2026-08-29T20:52:13.345+0000] {processor.py:161} INFO - Started process (PID=3179) to work on /opt/airflow/dags/feature_pipeline_dag.py
[2026-08-29T20:52:13.349+0000] {processor.py:830} INFO - Processing file /opt/airflow/dags/feature_pipeline_dag.py for tasks to queue
[2026-08-29T20:52:13.352+0000] {logging_mixin.py:188} INFO - [2026-08-29T20:52:13.351+0000] {dagbag.py:545} INFO - Filling up the DagBag from /opt/airflow/dags/feature_pipeline_dag.py
[2026-08-29T20:52:15.290+0000] {processor.py:840} INFO - DAG(s) 'feature_pipeline' retrieved from /opt/airflow/dags/feature_pipeline_dag.py
[2026-08-29T20:52:15.347+0000] {logging_mixin.py:188} INFO - [2026-08-29T20:52:15.346+0000] {dag.py:3089} INFO - Sync 1 DAGs
[2026-08-29T20:52:15.381+0000] {logging_mixin.py:188} INFO - [2026-08-29T20:52:15.381+0000] {dag.py:3947} INFO - Setting next_dagrun for feature_pipeline to 2026-08-29 20:00:00+00:00, run_after=2026-08-29 21:00:00+00:00
[2026-08-29T20:52:15.423+0000] {processor.py:183} INFO - Processing /opt/airflow/dags/feature_pipeline_dag.py took 2.098 seconds
[2026-08-29T20:52:45.894+0000] {processor.py:161} INFO - Started process (PID=3209) to work on /opt/airflow/dags/feature_pipeline_dag.py
[2026-08-29T20:52:45.897+0000] {processor.py:830} INFO - Processing file /opt/airflow/dags/feature_pipeline_dag.py for tasks to queue
[2026-08-29T20:52:45.900+0000] {logging_mixin.py:188} INFO - [2026-08-29T20:52:45.899+0000] {dagbag.py:545} INFO - Filling up the DagBag from /opt/airflow/dags/feature_pipeline_dag.py
[2026-08-29T20:52:51.529+0000] {processor.py:840} INFO - DAG(s) 'feature_pipeline' retrieved from /opt/airflow/dags/feature_pipeline_dag.py
[2026-08-29T20:52:51.598+0000] {logging_mixin.py:188} INFO - [2026-08-29T20:52:51.597+0000] {dag.py:3089} INFO - Sync 1 DAGs
[2026-08-29T20:52:51.647+0000] {logging_mixin.py:188} INFO - [2026-08-29T20:52:51.647+0000] {dag.py:3947} INFO - Setting next_dagrun for feature_pipeline to 2026-08-29 20:00:00+00:00, run_after=2026-08-29 21:00:00+00:00
[2026-08-29T20:52:51.721+0000] {processor.py:183} INFO - Processing /opt/airflow/dags/feature_pipeline_dag.py took 5.847 seconds
[2026-08-29T20:53:22.108+0000] {processor.py:161} INFO - Started process (PID=3239) to work on /opt/airflow/dags/feature_pipeline_dag.py
[2026-08-29T20:53:22.111+0000] {processor.py:830} INFO - Processing file /opt/airflow/dags/feature_pipeline_dag.py for tasks to queue
[2026-08-29T20:53:22.114+0000] {logging_mixin.py:188} INFO - [2026-08-29T20:53:22.113+0000] {dagbag.py:545} INFO - Filling up the DagBag from /opt/airflow/dags/feature_pipeline_dag.py
[2026-08-29T20:53:22.082+0000] {processor.py:840} INFO - DAG(s) 'feature_pipeline' retrieved from /opt/airflow/dags/feature_pipeline_dag.py
[2026-08-29T20:53:22.135+0000] {logging_mixin.py:188} INFO - [2026-08-29T20:53:22.134+0000] {dag.py:3089} INFO - Sync 1 DAGs
[2026-08-29T20:53:22.170+0000] {logging_mixin.py:188} INFO - [2026-08-29T20:53:22.170+0000] {dag.py:3947} INFO - Setting next_dagrun for feature_pipeline to 2026-08-29 20:00:00+00:00, run_after=2026-08-29 21:00:00+00:00
[2026-08-29T20:53:22.210+0000] {processor.py:183} INFO - Processing /opt/airflow/dags/feature_pipeline_dag.py took 1.977 seconds
[2026-08-29T20:53:52.565+0000] {processor.py:161} INFO - Started process (PID=3268) to work on /opt/airflow/dags/feature_pipeline_dag.py
[2026-08-29T20:53:52.567+0000] {processor.py:830} INFO - Processing file /opt/airflow/dags/feature_pipeline_dag.py for tasks to queue
[2026-08-29T20:53:52.571+0000] {logging_mixin.py:188} INFO - [2026-08-29T20:53:52.569+0000] {dagbag.py:545} INFO - Filling up the DagBag from /opt/airflow/dags/feature_pipeline_dag.py
[2026-08-29T20:53:58.213+0000] {processor.py:840} INFO - DAG(s) 'feature_pipeline' retrieved from /opt/airflow/dags/feature_pipeline_dag.py
[2026-08-29T20:53:58.288+0000] {logging_mixin.py:188} INFO - [2026-08-29T20:53:58.287+0000] {dag.py:3089} INFO - Sync 1 DAGs
[2026-08-29T20:53:58.327+0000] {logging_mixin.py:188} INFO - [2026-08-29T20:53:58.327+0000] {dag.py:3947} INFO - Setting next_dagrun for feature_pipeline to 2026-08-29 20:00:00+00:00, run_after=2026-08-29 21:00:00+00:00
[2026-08-29T20:53:58.363+0000] {processor.py:183} INFO - Processing /opt/airflow/dags/feature_pipeline_dag.py took 5.818 seconds
[2026-08-29T20:54:29.323+0000] {processor.py:161} INFO - Started process (PID=3299) to work on /opt/airflow/dags/feature_pipeline_dag.py
[2026-08-29T20:54:29.325+0000] {processor.py:830} INFO - Processing file /opt/airflow/dags/feature_pipeline_dag.py for tasks to queue
[2026-08-29T20:54:29.328+0000] {logging_mixin.py:188} INFO - [2026-08-29T20:54:29.327+0000] {dagbag.py:545} INFO - Filling up the DagBag from /opt/airflow/dags/feature_pipeline_dag.py
[2026-08-29T20:54:31.343+0000] {processor.py:840} INFO - DAG(s) 'feature_pipeline' retrieved from /opt/airflow/dags/feature_pipeline_dag.py
[2026-08-29T20:54:31.397+0000] {logging_mixin.py:188} INFO - [2026-08-29T20:54:31.396+0000] {dag.py:3089} INFO - Sync 1 DAGs
[2026-08-29T20:54:31.432+0000] {logging_mixin.py:188} INFO - [2026-08-29T20:54:31.431+0000] {dag.py:3947} INFO - Setting next_dagrun for feature_pipeline to 2026-08-29 20:00:00+00:00, run_after=2026-08-29 21:00:00+00:00
[2026-08-29T20:54:31.476+0000] {processor.py:183} INFO - Processing /opt/airflow/dags/feature_pipeline_dag.py took 2.170 seconds
[2026-08-29T20:55:02.382+0000] {processor.py:161} INFO - Started process (PID=3329) to work on /opt/airflow/dags/feature_pipeline_dag.py
[2026-08-29T20:55:02.386+0000] {processor.py:830} INFO - Processing file /opt/airflow/dags/feature_pipeline_dag.py for tasks to queue
[2026-08-29T20:55:02.389+0000] {logging_mixin.py:188} INFO - [2026-08-29T20:55:02.388+0000] {dagbag.py:545} INFO - Filling up the DagBag from /opt/airflow/dags/feature_pipeline_dag.py
[2026-08-29T20:55:06.276+0000] {processor.py:840} INFO - DAG(s) 'feature_pipeline' retrieved from /opt/airflow/dags/feature_pipeline_dag.py
[2026-08-29T20:55:06.348+0000] {logging_mixin.py:188} INFO - [2026-08-29T20:55:06.347+0000] {dag.py:3089} INFO - Sync 1 DAGs
[2026-08-29T20:55:06.383+0000] {logging_mixin.py:188} INFO - [2026-08-29T20:55:06.383+0000] {dag.py:3947} INFO - Setting next_dagrun for feature_pipeline to 2026-08-29 20:00:00+00:00, run_after=2026-08-29 21:00:00+00:00
[2026-08-29T20:55:06.419+0000] {processor.py:183} INFO - Processing /opt/airflow/dags/feature_pipeline_dag.py took 4.064 seconds
[2026-08-29T20:55:36.683+0000] {processor.py:161} INFO - Started process (PID=3359) to work on /opt/airflow/dags/feature_pipeline_dag.py
[2026-08-29T20:55:36.685+0000] {processor.py:830} INFO - Processing file /opt/airflow/dags/feature_pipeline_dag.py for tasks to queue
[2026-08-29T20:55:36.688+0000] {logging_mixin.py:188} INFO - [2026-08-29T20:55:36.687+0000] {dagbag.py:545} INFO - Filling up the DagBag from /opt/airflow/dags/feature_pipeline_dag.py
[2026-08-29T20:55:38.650+0000] {processor.py:840} INFO - DAG(s) 'feature_pipeline' retrieved from /opt/airflow/dags/feature_pipeline_dag.py
[2026-08-29T20:55:38.702+0000] {logging_mixin.py:188} INFO - [2026-08-29T20:55:38.701+0000] {dag.py:3089} INFO - Sync 1 DAGs
[2026-08-29T20:55:38.753+0000] {logging_mixin.py:188} INFO - [2026-08-29T20:55:38.753+0000] {dag.py:3947} INFO - Setting next_dagrun for feature_pipeline to 2026-08-29 20:00:00+00:00, run_after=2026-08-29 21:00:00+00:00
[2026-08-29T20:55:38.788+0000] {processor.py:183} INFO - Processing /opt/airflow/dags/feature_pipeline_dag.py took 2.123 seconds
[2026-08-29T20:56:09.269+0000] {processor.py:161} INFO - Started process (PID=3389) to work on /opt/airflow/dags/feature_pipeline_dag.py
[2026-08-29T20:56:09.272+0000] {processor.py:830} INFO - Processing file /opt/airflow/dags/feature_pipeline_dag.py for tasks to queue
[2026-08-29T20:56:09.275+0000] {logging_mixin.py:188} INFO - [2026-08-29T20:56:09.274+0000] {dagbag.py:545} INFO - Filling up the DagBag from /opt/airflow/dags/feature_pipeline_dag.py
[2026-08-29T20:56:10.761+0000] {processor.py:840} INFO - DAG(s) 'feature_pipeline' retrieved from /opt/airflow/dags/feature_pipeline_dag.py
[2026-08-29T20:56:10.831+0000] {logging_mixin.py:188} INFO - [2026-08-29T20:56:10.830+0000] {dag.py:3089} INFO - Sync 1 DAGs
[2026-08-29T20:56:10.881+0000] {logging_mixin.py:188} INFO - [2026-08-29T20:56:10.880+0000] {dag.py:3947} INFO - Setting next_dagrun for feature_pipeline to 2026-08-29 20:00:00+00:00, run_after=2026-08-29 21:00:00+00:00
[2026-08-29T20:56:10.958+0000] {processor.py:183} INFO - Processing /opt/airflow/dags/feature_pipeline_dag.py took 4.033 seconds
[2026-08-29T20:56:41.401+0000] {processor.py:161} INFO - Started process (PID=3418) to work on /opt/airflow/dags/feature_pipeline_dag.py
[2026-08-29T20:56:41.405+0000] {processor.py:830} INFO - Processing file /opt/airflow/dags/feature_pipeline_dag.py for tasks to queue
[2026-08-29T20:56:41.407+0000] {logging_mixin.py:188} INFO - [2026-08-29T20:56:41.407+0000] {dagbag.py:545} INFO - Filling up the DagBag from /opt/airflow/dags/feature_pipeline_dag.py
[2026-08-29T20:56:43.213+0000] {processor.py:840} INFO - DAG(s) 'feature_pipeline' retrieved from /opt/airflow/dags/feature_pipeline_dag.py
[2026-08-29T20:56:43.269+0000] {logging_mixin.py:188} INFO - [2026-08-29T20:56:43.268+0000] {dag.py:3089} INFO - Sync 1 DAGs
[2026-08-29T20:56:43.303+0000] {logging_mixin.py:188} INFO - [2026-08-29T20:56:43.302+0000] {dag.py:3947} INFO - Setting next_dagrun for feature_pipeline to 2026-08-29 20:00:00+00:00, run_after=2026-08-29 21:00:00+00:00
[2026-08-29T20:56:43.337+0000] {processor.py:183} INFO - Processing /opt/airflow/dags/feature_pipeline_dag.py took 1.952 seconds
[2026-08-29T20:57:13.623+0000] {processor.py:161} INFO - Started process (PID=3448) to work on /opt/airflow/dags/feature_pipeline_dag.py
[2026-08-29T20:57:13.626+0000] {processor.py:830} INFO - Processing file /opt/airflow/dags/feature_pipeline_dag.py for tasks to queue
[2026-08-29T20:57:13.629+0000] {logging_mixin.py:188} INFO - [2026-08-29T20:57:13.628+0000] {dagbag.py:545} INFO - Filling up the DagBag from /opt/airflow/dags/feature_pipeline_dag.py
[2026-08-29T20:57:17.589+0000] {processor.py:840} INFO - DAG(s) 'feature_pipeline' retrieved from /opt/airflow/dags/feature_pipeline_dag.py
[2026-08-29T20:57:17.689+0000] {logging_mixin.py:188} INFO - [2026-08-29T20:57:17.686+0000] {dag.py:3089} INFO - Sync 1 DAGs
[2026-08-29T20:57:17.804+0000] {logging_mixin.py:188} INFO - [2026-08-29T20:57:17.804+0000] {dag.py:3947} INFO - Setting next_dagrun for feature_pipeline to 2026-08-29 20:00:00+00:00, run_after=2026-08-29 21:00:00+00:00
[2026-08-29T20:57:17.849+0000] {processor.py:183} INFO - Processing /opt/airflow/dags/feature_pipeline_dag.py took 4.248 seconds
[2026-08-29T20:57:48.433+0000] {processor.py:161} INFO - Started process (PID=3479) to work on /opt/airflow/dags/feature_pipeline_dag.py
[2026-08-29T20:57:48.436+0000] {processor.py:830} INFO - Processing file /opt/airflow/dags/feature_pipeline_dag.py for tasks to queue
[2026-08-29T20:57:48.439+0000] {logging_mixin.py:188} INFO - [2026-08-29T20:57:48.438+0000] {dagbag.py:545} INFO - Filling up the DagBag from /opt/airflow/dags/feature_pipeline_dag.py
[2026-08-29T20:57:50.454+0000] {processor.py:840} INFO - DAG(s) 'feature_pipeline' retrieved from /opt/airflow/dags/feature_pipeline_dag.py
[2026-08-29T20:57:50.504+0000] {logging_mixin.py:188} INFO - [2026-08-29T20:57:50.504+0000] {dag.py:3089} INFO - Sync 1 DAGs
[2026-08-29T20:57:50.537+0000] {logging_mixin.py:188} INFO - [2026-08-29T20:57:50.537+0000] {dag.py:3947} INFO - Setting next_dagrun for feature_pipeline to 2026-08-29 20:00:00+00:00, run_after=2026-08-29 21:00:00+00:00
[2026-08-29T20:57:50.572+0000] {processor.py:183} INFO - Processing /opt/airflow/dags/feature_pipeline_dag.py took 2.160 seconds
[2026-08-29T20:58:21.561+0000] {processor.py:161} INFO - Started process (PID=3508) to work on /opt/airflow/dags/feature_pipeline_dag.py
[2026-08-29T20:58:21.630+0000] {processor.py:830} INFO - Processing file /opt/airflow/dags/feature_pipeline_dag.py for tasks to queue
[2026-08-29T20:58:21.692+0000] {logging_mixin.py:188} INFO - [2026-08-29T20:58:21.674+0000] {dagbag.py:545} INFO - Filling up the DagBag from /opt/airflow/dags/feature_pipeline_dag.py
[2026-08-29T20:58:29.807+0000] {processor.py:840} INFO - DAG(s) 'feature_pipeline' retrieved from /opt/airflow/dags/feature_pipeline_dag.py
[2026-08-29T20:58:30.022+0000] {logging_mixin.py:188} INFO - [2026-08-29T20:58:30.019+0000] {dag.py:3089} INFO - Sync 1 DAGs
[2026-08-29T20:58:30.184+0000] {logging_mixin.py:188} INFO - [2026-08-29T20:58:30.184+0000] {dag.py:3947} INFO - Setting next_dagrun for feature_pipeline to 2026-08-29 20:00:00+00:00, run_after=2026-08-29 21:00:00+00:00
[2026-08-29T20:58:30.224+0000] {processor.py:183} INFO - Processing /opt/airflow/dags/feature_pipeline_dag.py took 11.272 seconds
[2026-08-29T20:59:00.673+0000] {processor.py:161} INFO - Started process (PID=3538) to work on /opt/airflow/dags/feature_pipeline_dag.py
[2026-08-29T20:59:00.675+0000] {processor.py:830} INFO - Processing file /opt/airflow/dags/feature_pipeline_dag.py for tasks to queue
[2026-08-29T20:59:00.678+0000] {logging_mixin.py:188} INFO - [2026-08-29T20:59:00.677+0000] {dagbag.py:545} INFO - Filling up the DagBag from /opt/airflow/dags/feature_pipeline_dag.py
[2026-08-29T20:59:19.468+0000] {processor.py:840} INFO - DAG(s) 'feature_pipeline' retrieved from /opt/airflow/dags/feature_pipeline_dag.py
[2026-08-29T20:59:19.869+0000] {logging_mixin.py:188} INFO - [2026-08-29T20:59:19.868+0000] {dag.py:3089} INFO - Sync 1 DAGs
[2026-08-29T20:59:20.208+0000] {logging_mixin.py:188} INFO - [2026-08-29T20:59:20.207+0000] {dag.py:3947} INFO - Setting next_dagrun for feature_pipeline to 2026-08-29 20:00:00+00:00, run_after=2026-08-29 21:00:00+00:00
[2026-08-29T20:59:20.284+0000] {processor.py:183} INFO - Processing /opt/airflow/dags/feature_pipeline_dag.py took 19.629 seconds
[2026-08-29T20:59:53.171+0000] {processor.py:161} INFO - Started process (PID=3569) to work on /opt/airflow/dags/feature_pipeline_dag.py
[2026-08-29T20:59:53.221+0000] {processor.py:830} INFO - Processing file /opt/airflow/dags/feature_pipeline_dag.py for tasks to queue
[2026-08-29T20:59:53.224+0000] {logging_mixin.py:188} INFO - [2026-08-29T20:59:53.223+0000] {dagbag.py:545} INFO - Filling up the DagBag from /opt/airflow/dags/feature_pipeline_dag.py
[2026-08-29T20:59:55.240+0000] {processor.py:840} INFO - DAG(s) 'feature_pipeline' retrieved from /opt/airflow/dags/feature_pipeline_dag.py
[2026-08-29T20:59:55.305+0000] {logging_mixin.py:188} INFO - [2026-08-29T20:59:55.305+0000] {dag.py:3089} INFO - Sync 1 DAGs
[2026-08-29T20:59:55.348+0000] {logging_mixin.py:188} INFO - [2026-08-29T20:59:55.347+0000] {dag.py:3947} INFO - Setting next_dagrun for feature_pipeline to 2026-08-29 20:00:00+00:00, run_after=2026-08-29 21:00:00+00:00
[2026-08-29T20:59:55.405+0000] {processor.py:183} INFO - Processing /opt/airflow/dags/feature_pipeline_dag.py took 2.250 seconds
[2026-08-29T21:00:27.763+0000] {processor.py:161} INFO - Started process (PID=3601) to work on /opt/airflow/dags/feature_pipeline_dag.py
[2026-08-29T21:00:27.766+0000] {processor.py:830} INFO - Processing file /opt/airflow/dags/feature_pipeline_dag.py for tasks to queue
[2026-08-29T21:00:27.769+0000] {logging_mixin.py:188} INFO - [2026-08-29T21:00:27.768+0000] {dagbag.py:545} INFO - Filling up the DagBag from /opt/airflow/dags/feature_pipeline_dag.py
[2026-08-29T21:00:29.970+0000] {processor.py:840} INFO - DAG(s) 'feature_pipeline' retrieved from /opt/airflow/dags/feature_pipeline_dag.py
[2026-08-29T21:00:30.034+0000] {logging_mixin.py:188} INFO - [2026-08-29T21:00:30.033+0000] {dag.py:3089} INFO - Sync 1 DAGs
[2026-08-29T21:00:30.079+0000] {logging_mixin.py:188} INFO - [2026-08-29T21:00:30.078+0000] {dag.py:3947} INFO - Setting next_dagrun for feature_pipeline to 2026-08-29 21:00:00+00:00, run_after=2026-08-29 22:00:00+00:00
[2026-08-29T21:00:30.120+0000] {processor.py:183} INFO - Processing /opt/airflow/dags/feature_pipeline_dag.py took 2.379 seconds
[2026-08-29T21:01:22.130+0000] {processor.py:161} INFO - Started process (PID=3709) to work on /opt/airflow/dags/feature_pipeline_dag.py
[2026-08-29T21:01:22.136+0000] {processor.py:830} INFO - Processing file /opt/airflow/dags/feature_pipeline_dag.py for tasks to queue
[2026-08-29T21:01:22.145+0000] {logging_mixin.py:188} INFO - [2026-08-29T21:01:22.143+0000] {dagbag.py:545} INFO - Filling up the DagBag from /opt/airflow/dags/feature_pipeline_dag.py
[2026-08-29T21:01:25.403+0000] {processor.py:840} INFO - DAG(s) 'feature_pipeline' retrieved from /opt/airflow/dags/feature_pipeline_dag.py
[2026-08-29T21:01:25.521+0000] {logging_mixin.py:188} INFO - [2026-08-29T21:01:25.520+0000] {dag.py:3089} INFO - Sync 1 DAGs
[2026-08-29T21:01:25.589+0000] {logging_mixin.py:188} INFO - [2026-08-29T21:01:25.589+0000] {dag.py:3947} INFO - Setting next_dagrun for feature_pipeline to 2026-08-29 21:00:00+00:00, run_after=2026-08-29 22:00:00+00:00
[2026-08-29T21:01:27.058+0000] {processor.py:183} INFO - Processing /opt/airflow/dags/feature_pipeline_dag.py took 5.049 seconds
[2026-08-29T21:01:57.306+0000] {processor.py:161} INFO - Started process (PID=3794) to work on /opt/airflow/dags/feature_pipeline_dag.py
[2026-08-29T21:01:57.308+0000] {processor.py:830} INFO - Processing file /opt/airflow/dags/feature_pipeline_dag.py for tasks to queue
[2026-08-29T21:01:57.311+0000] {logging_mixin.py:188} INFO - [2026-08-29T21:01:57.310+0000] {dagbag.py:545} INFO - Filling up the DagBag from /opt/airflow/dags/feature_pipeline_dag.py
[2026-08-29T21:02:01.148+0000] {processor.py:840} INFO - DAG(s) 'feature_pipeline' retrieved from /opt/airflow/dags/feature_pipeline_dag.py
[2026-08-29T21:02:01.247+0000] {logging_mixin.py:188} INFO - [2026-08-29T21:02:01.246+0000] {dag.py:3089} INFO - Sync 1 DAGs
[2026-08-29T21:02:01.293+0000] {logging_mixin.py:188} INFO - [2026-08-29T21:02:01.292+0000] {dag.py:3947} INFO - Setting next_dagrun for feature_pipeline to 2026-08-29 21:00:00+00:00, run_after=2026-08-29 22:00:00+00:00
[2026-08-29T21:02:02.830+0000] {processor.py:183} INFO - Processing /opt/airflow/dags/feature_pipeline_dag.py took 5.543 seconds
[2026-08-29T21:02:33.435+0000] {processor.py:161} INFO - Started process (PID=3896) to work on /opt/airflow/dags/feature_pipeline_dag.py
[2026-08-29T21:02:33.440+0000] {processor.py:830} INFO - Processing file /opt/airflow/dags/feature_pipeline_dag.py for tasks to queue
[2026-08-29T21:02:33.443+0000] {logging_mixin.py:188} INFO - [2026-08-29T21:02:33.441+0000] {dagbag.py:545} INFO - Filling up the DagBag from /opt/airflow/dags/feature_pipeline_dag.py
[2026-08-29T21:02:35.462+0000] {processor.py:840} INFO - DAG(s) 'feature_pipeline' retrieved from /opt/airflow/dags/feature_pipeline_dag.py
[2026-08-29T21:02:35.518+0000] {logging_mixin.py:188} INFO - [2026-08-29T21:02:35.517+0000] {dag.py:3089} INFO - Sync 1 DAGs
[2026-08-29T21:02:35.557+0000] {logging_mixin.py:188} INFO - [2026-08-29T21:02:35.557+0000] {dag.py:3947} INFO - Setting next_dagrun for feature_pipeline to 2026-08-29 21:00:00+00:00, run_after=2026-08-29 22:00:00+00:00
[2026-08-29T21:02:35.596+0000] {processor.py:183} INFO - Processing /opt/airflow/dags/feature_pipeline_dag.py took 2.184 seconds
[2026-08-29T21:03:05.980+0000] {processor.py:161} INFO - Started process (PID=3926) to work on /opt/airflow/dags/feature_pipeline_dag.py
[2026-08-29T21:03:05.985+0000] {processor.py:830} INFO - Processing file /opt/airflow/dags/feature_pipeline_dag.py for tasks to queue
[2026-08-29T21:03:05.989+0000] {logging_mixin.py:188} INFO - [2026-08-29T21:03:05.987+0000] {dagbag.py:545} INFO - Filling up the DagBag from /opt/airflow/dags/feature_pipeline_dag.py
[2026-08-29T21:03:09.150+0000] {processor.py:840} INFO - DAG(s) 'feature_pipeline' retrieved from /opt/airflow/dags/feature_pipeline_dag.py
[2026-08-29T21:03:10.003+0000] {logging_mixin.py:188} INFO - [2026-08-29T21:03:10.002+0000] {dag.py:3089} INFO - Sync 1 DAGs
[2026-08-29T21:03:10.047+0000] {logging_mixin.py:188} INFO - [2026-08-29T21:03:10.047+0000] {dag.py:3947} INFO - Setting next_dagrun for feature_pipeline to 2026-08-29 21:00:00+00:00, run_after=2026-08-29 22:00:00+00:00
[2026-08-29T21:03:15.444+0000] {processor.py:183} INFO - Processing /opt/airflow/dags/feature_pipeline_dag.py took 11.818 seconds
[2026-08-29T21:03:46.075+0000] {processor.py:161} INFO - Started process (PID=3954) to work on /opt/airflow/dags/feature_pipeline_dag.py
[2026-08-29T21:03:46.086+0000] {processor.py:830} INFO - Processing file /opt/airflow/dags/feature_pipeline_dag.py for tasks to queue
[2026-08-29T21:03:46.105+0000] {logging_mixin.py:188} INFO - [2026-08-29T21:03:46.098+0000] {dagbag.py:545} INFO - Filling up the DagBag from /opt/airflow/dags/feature_pipeline_dag.py
[2026-08-29T21:04:05.905+0000] {processor.py:840} INFO - DAG(s) 'feature_pipeline' retrieved from /opt/airflow/dags/feature_pipeline_dag.py
[2026-08-29T21:04:06.086+0000] {logging_mixin.py:188} INFO - [2026-08-29T21:04:06.086+0000] {dag.py:3089} INFO - Sync 1 DAGs
[2026-08-29T21:04:06.138+0000] {logging_mixin.py:188} INFO - [2026-08-29T21:04:06.138+0000] {dag.py:3947} INFO - Setting next_dagrun for feature_pipeline to 2026-08-29 21:00:00+00:00, run_after=2026-08-29 22:00:00+00:00
[2026-08-29T21:04:11.766+0000] {processor.py:183} INFO - Processing /opt/airflow/dags/feature_pipeline_dag.py took 28.059 seconds
[2026-08-29T21:04:42.878+0000] {processor.py:161} INFO - Started process (PID=3971) to work on /opt/airflow/dags/feature_pipeline_dag.py
[2026-08-29T21:04:42.889+0000] {processor.py:830} INFO - Processing file /opt/airflow/dags/feature_pipeline_dag.py for tasks to queue
[2026-08-29T21:04:42.894+0000] {logging_mixin.py:188} INFO - [2026-08-29T21:04:42.892+0000] {dagbag.py:545} INFO - Filling up the DagBag from /opt/airflow/dags/feature_pipeline_dag.py
[2026-08-29T21:05:01.902+0000] {processor.py:840} INFO - DAG(s) 'feature_pipeline' retrieved from /opt/airflow/dags/feature_pipeline_dag.py
[2026-08-29T21:05:02.000+0000] {logging_mixin.py:188} INFO - [2026-08-29T21:05:01.999+0000] {dag.py:3089} INFO - Sync 1 DAGs
[2026-08-29T21:05:02.055+0000] {logging_mixin.py:188} INFO - [2026-08-29T21:05:02.054+0000] {dag.py:3947} INFO - Setting next_dagrun for feature_pipeline to 2026-08-29 21:00:00+00:00, run_after=2026-08-29 22:00:00+00:00
[2026-08-29T21:05:02.112+0000] {processor.py:183} INFO - Processing /opt/airflow/dags/feature_pipeline_dag.py took 21.798 seconds
[2026-08-29T21:07:00.292+0000] {processor.py:161} INFO - Started process (PID=180) to work on /opt/airflow/dags/feature_pipeline_dag.py
[2026-08-29T21:07:00.296+0000] {processor.py:830} INFO - Processing file /opt/airflow/dags/feature_pipeline_dag.py for tasks to queue
[2026-08-29T21:07:00.314+0000] {logging_mixin.py:188} INFO - [2026-08-29T21:07:00.304+0000] {dagbag.py:545} INFO - Filling up the DagBag from /opt/airflow/dags/feature_pipeline_dag.py
[2026-08-29T21:07:05.315+0000] {processor.py:840} INFO - DAG(s) 'feature_pipeline' retrieved from /opt/airflow/dags/feature_pipeline_dag.py
[2026-08-29T21:07:05.900+0000] {logging_mixin.py:188} INFO - [2026-08-29T21:07:05.899+0000] {dag.py:3089} INFO - Sync 1 DAGs
[2026-08-29T21:07:05.945+0000] {logging_mixin.py:188} INFO - [2026-08-29T21:07:05.945+0000] {dag.py:3947} INFO - Setting next_dagrun for feature_pipeline to 2026-08-29 21:00:00+00:00, run_after=2026-08-29 22:00:00+00:00
[2026-08-29T21:07:05.997+0000] {processor.py:183} INFO - Processing /opt/airflow/dags/feature_pipeline_dag.py took 5.738 seconds
[2026-08-29T21:07:52.317+0000] {processor.py:161} INFO - Started process (PID=209) to work on /opt/airflow/dags/feature_pipeline_dag.py
[2026-08-29T21:07:52.321+0000] {processor.py:830} INFO - Processing file /opt/airflow/dags/feature_pipeline_dag.py for tasks to queue
[2026-08-29T21:07:52.328+0000] {logging_mixin.py:188} INFO - [2026-08-29T21:07:52.327+0000] {dagbag.py:545} INFO - Filling up the DagBag from /opt/airflow/dags/feature_pipeline_dag.py
[2026-08-29T21:07:57.917+0000] {processor.py:840} INFO - DAG(s) 'feature_pipeline' retrieved from /opt/airflow/dags/feature_pipeline_dag.py
[2026-08-29T21:07:57.980+0000] {logging_mixin.py:188} INFO - [2026-08-29T21:07:57.979+0000] {dag.py:3089} INFO - Sync 1 DAGs
[2026-08-29T21:07:58.024+0000] {logging_mixin.py:188} INFO - [2026-08-29T21:07:58.024+0000] {dag.py:3947} INFO - Setting next_dagrun for feature_pipeline to 2026-08-29 21:00:00+00:00, run_after=2026-08-29 22:00:00+00:00
[2026-08-29T21:07:58.083+0000] {processor.py:183} INFO - Processing /opt/airflow/dags/feature_pipeline_dag.py took 5.785 seconds
[2026-08-29T21:08:28.551+0000] {processor.py:161} INFO - Started process (PID=238) to work on /opt/airflow/dags/feature_pipeline_dag.py
[2026-08-29T21:08:28.555+0000] {processor.py:830} INFO - Processing file /opt/airflow/dags/feature_pipeline_dag.py for tasks to queue
[2026-08-29T21:08:28.561+0000] {logging_mixin.py:188} INFO - [2026-08-29T21:08:28.560+0000] {dagbag.py:545} INFO - Filling up the DagBag from /opt/airflow/dags/feature_pipeline_dag.py
[2026-08-29T21:08:42.030+0000] {processor.py:840} INFO - DAG(s) 'feature_pipeline' retrieved from /opt/airflow/dags/feature_pipeline_dag.py
[2026-08-29T21:08:42.957+0000] {logging_mixin.py:188} INFO - [2026-08-29T21:08:42.953+0000] {dag.py:3089} INFO - Sync 1 DAGs
[2026-08-29T21:08:43.352+0000] {logging_mixin.py:188} INFO - [2026-08-29T21:08:43.351+0000] {dag.py:3947} INFO - Setting next_dagrun for feature_pipeline to 2026-08-29 21:00:00+00:00, run_after=2026-08-29 22:00:00+00:00
[2026-08-29T21:08:43.536+0000] {processor.py:183} INFO - Processing /opt/airflow/dags/feature_pipeline_dag.py took 17.089 seconds
[2026-08-29T21:09:16.604+0000] {processor.py:161} INFO - Started process (PID=280) to work on /opt/airflow/dags/feature_pipeline_dag.py
[2026-08-29T21:10:35.007+0000] {logging_mixin.py:188} WARNING - Exception ignored in: <bound method _MultipleClassMarker._remove_item of <sqlalchemy.orm.clsregistry._MultipleClassMarker object at 0x79c42f195500>>
[2026-08-29T21:10:35.010+0000] {logging_mixin.py:188} WARNING - Traceback (most recent call last):
[2026-08-29T21:10:35.011+0000] {logging_mixin.py:188} WARNING -   File "/home/airflow/.local/lib/python3.11/site-packages/sqlalchemy/orm/clsregistry.py", line 157, in _remove_item
[2026-08-29T21:10:35.012+0000] {logging_mixin.py:188} WARNING -     def _remove_item(self, ref):
[2026-08-29T21:10:35.013+0000] {logging_mixin.py:188} WARNING -   File "/home/airflow/.local/lib/python3.11/site-packages/airflow/dag_processing/manager.py", line 453, in _exit_gracefully
[2026-08-29T21:10:35.014+0000] {logging_mixin.py:188} WARNING -     self.log.debug("Current Stacktrace is: %s", "\n".join(map(str, inspect.stack())))
[2026-08-29T21:10:35.016+0000] {logging_mixin.py:188} WARNING -                                                                    ^^^^^^^^^^^^^^^
[2026-08-29T21:10:35.017+0000] {logging_mixin.py:188} WARNING -   File "/usr/local/lib/python3.11/inspect.py", line 1751, in stack
[2026-08-29T21:10:35.019+0000] {logging_mixin.py:188} WARNING -     return getouterframes(sys._getframe(1), context)
[2026-08-29T21:10:35.025+0000] {logging_mixin.py:188} WARNING -            ^^^^^^^^^^^^^^^^^^^^^^^^^^^^^^^^^^^^^^^^^
[2026-08-29T21:10:35.026+0000] {logging_mixin.py:188} WARNING -   File "/usr/local/lib/python3.11/inspect.py", line 1726, in getouterframes
[2026-08-29T21:10:35.027+0000] {logging_mixin.py:188} WARNING -     traceback_info = getframeinfo(frame, context)
[2026-08-29T21:10:35.032+0000] {logging_mixin.py:188} WARNING -                      ^^^^^^^^^^^^^^^^^^^^^^^^^^^^
[2026-08-29T21:10:35.034+0000] {logging_mixin.py:188} WARNING -   File "/usr/local/lib/python3.11/inspect.py", line 1688, in getframeinfo
[2026-08-29T21:10:35.036+0000] {logging_mixin.py:188} WARNING -     lines, lnum = findsource(frame)
[2026-08-29T21:10:35.037+0000] {logging_mixin.py:188} WARNING -                   ^^^^^^^^^^^^^^^^^
[2026-08-29T21:10:35.038+0000] {logging_mixin.py:188} WARNING -   File "/usr/local/lib/python3.11/inspect.py", line 1073, in findsource
[2026-08-29T21:10:35.040+0000] {logging_mixin.py:188} WARNING -     lines = linecache.getlines(file, module.__dict__)
[2026-08-29T21:10:35.043+0000] {logging_mixin.py:188} WARNING -             ^^^^^^^^^^^^^^^^^^^^^^^^^^^^^^^^^^^^^^^^^
[2026-08-29T21:10:35.043+0000] {logging_mixin.py:188} WARNING -   File "/usr/local/lib/python3.11/linecache.py", line 46, in getlines
[2026-08-29T21:10:35.046+0000] {logging_mixin.py:188} WARNING -     return updatecache(filename, module_globals)
[2026-08-29T21:10:35.050+0000] {logging_mixin.py:188} WARNING -            ^^^^^^^^^^^^^^^^^^^^^^^^^^^^^^^^^^^^^
[2026-08-29T21:10:35.051+0000] {logging_mixin.py:188} WARNING -   File "/usr/local/lib/python3.11/linecache.py", line 137, in updatecache
[2026-08-29T21:10:35.052+0000] {logging_mixin.py:188} WARNING -     lines = fp.readlines()
[2026-08-29T21:10:35.054+0000] {logging_mixin.py:188} WARNING -             ^^^^^^^^^^^^^^
[2026-08-29T21:10:35.056+0000] {logging_mixin.py:188} WARNING -   File "<frozen codecs>", line 319, in decode
[2026-08-29T21:10:35.056+0000] {logging_mixin.py:188} WARNING -   File "/home/airflow/.local/lib/python3.11/site-packages/airflow/dag_processing/manager.py", line 453, in _exit_gracefully
[2026-08-29T21:10:35.058+0000] {logging_mixin.py:188} WARNING -     self.log.debug("Current Stacktrace is: %s", "\n".join(map(str, inspect.stack())))
[2026-08-29T21:10:35.059+0000] {logging_mixin.py:188} WARNING -                                                                    ^^^^^^^^^^^^^^^
[2026-08-29T21:10:35.059+0000] {logging_mixin.py:188} WARNING -   File "/usr/local/lib/python3.11/inspect.py", line 1751, in stack
[2026-08-29T21:10:35.061+0000] {logging_mixin.py:188} WARNING -     return getouterframes(sys._getframe(1), context)
[2026-08-29T21:10:35.063+0000] {logging_mixin.py:188} WARNING -            ^^^^^^^^^^^^^^^^^^^^^^^^^^^^^^^^^^^^^^^^^
[2026-08-29T21:10:35.063+0000] {logging_mixin.py:188} WARNING -   File "/usr/local/lib/python3.11/inspect.py", line 1726, in getouterframes
[2026-08-29T21:10:35.066+0000] {logging_mixin.py:188} WARNING -     traceback_info = getframeinfo(frame, context)
[2026-08-29T21:10:35.067+0000] {logging_mixin.py:188} WARNING -                      ^^^^^^^^^^^^^^^^^^^^^^^^^^^^
[2026-08-29T21:10:35.068+0000] {logging_mixin.py:188} WARNING -   File "/usr/local/lib/python3.11/inspect.py", line 1688, in getframeinfo
[2026-08-29T21:10:35.070+0000] {logging_mixin.py:188} WARNING -     lines, lnum = findsource(frame)
[2026-08-29T21:10:35.071+0000] {logging_mixin.py:188} WARNING -                   ^^^^^^^^^^^^^^^^^
[2026-08-29T21:10:35.072+0000] {logging_mixin.py:188} WARNING -   File "/usr/local/lib/python3.11/inspect.py", line 1073, in findsource
[2026-08-29T21:10:35.073+0000] {logging_mixin.py:188} WARNING -     lines = linecache.getlines(file, module.__dict__)
[2026-08-29T21:10:35.074+0000] {logging_mixin.py:188} WARNING -             ^^^^^^^^^^^^^^^^^^^^^^^^^^^^^^^^^^^^^^^^^
[2026-08-29T21:10:35.075+0000] {logging_mixin.py:188} WARNING -   File "/usr/local/lib/python3.11/linecache.py", line 46, in getlines
[2026-08-29T21:10:35.076+0000] {logging_mixin.py:188} WARNING -     return updatecache(filename, module_globals)
[2026-08-29T21:10:35.078+0000] {logging_mixin.py:188} WARNING -            ^^^^^^^^^^^^^^^^^^^^^^^^^^^^^^^^^^^^^
[2026-08-29T21:10:35.079+0000] {logging_mixin.py:188} WARNING -   File "/usr/local/lib/python3.11/linecache.py", line 137, in updatecache
[2026-08-29T21:10:35.080+0000] {logging_mixin.py:188} WARNING -     lines = fp.readlines()
[2026-08-29T21:10:35.081+0000] {logging_mixin.py:188} WARNING -             ^^^^^^^^^^^^^^
[2026-08-29T21:10:35.082+0000] {logging_mixin.py:188} WARNING -   File "<frozen codecs>", line 319, in decode
[2026-08-29T21:10:35.085+0000] {logging_mixin.py:188} WARNING -   File "/home/airflow/.local/lib/python3.11/site-packages/airflow/dag_processing/manager.py", line 457, in _exit_gracefully
[2026-08-29T21:10:35.087+0000] {logging_mixin.py:188} WARNING -     sys.exit(os.EX_OK)
[2026-08-29T21:10:35.088+0000] {logging_mixin.py:188} WARNING - SystemExit: 0
[2026-08-29T21:09:16.784+0000] {processor.py:830} INFO - Processing file /opt/airflow/dags/feature_pipeline_dag.py for tasks to queue
[2026-08-29T21:10:35.197+0000] {logging_mixin.py:188} INFO - [2026-08-29T21:10:35.197+0000] {dagbag.py:545} INFO - Filling up the DagBag from /opt/airflow/dags/feature_pipeline_dag.py
[2026-08-29T21:11:09.883+0000] {processor.py:161} INFO - Started process (PID=440) to work on /opt/airflow/dags/feature_pipeline_dag.py
[2026-08-29T21:11:09.886+0000] {processor.py:830} INFO - Processing file /opt/airflow/dags/feature_pipeline_dag.py for tasks to queue
[2026-08-29T21:11:09.891+0000] {logging_mixin.py:188} INFO - [2026-08-29T21:11:09.888+0000] {dagbag.py:545} INFO - Filling up the DagBag from /opt/airflow/dags/feature_pipeline_dag.py
[2026-08-29T21:11:10.475+0000] {processor.py:840} INFO - DAG(s) 'feature_pipeline' retrieved from /opt/airflow/dags/feature_pipeline_dag.py
[2026-08-29T21:11:10.558+0000] {logging_mixin.py:188} INFO - [2026-08-29T21:11:10.557+0000] {dag.py:3089} INFO - Sync 1 DAGs
[2026-08-29T21:11:10.628+0000] {logging_mixin.py:188} INFO - [2026-08-29T21:11:10.627+0000] {dag.py:3947} INFO - Setting next_dagrun for feature_pipeline to 2026-08-29 21:00:00+00:00, run_after=2026-08-29 22:00:00+00:00
[2026-08-29T21:11:10.689+0000] {processor.py:183} INFO - Processing /opt/airflow/dags/feature_pipeline_dag.py took 3.148 seconds
[2026-08-29T21:11:42.616+0000] {processor.py:161} INFO - Started process (PID=538) to work on /opt/airflow/dags/feature_pipeline_dag.py
[2026-08-29T21:11:42.690+0000] {processor.py:830} INFO - Processing file /opt/airflow/dags/feature_pipeline_dag.py for tasks to queue
[2026-08-29T21:11:42.693+0000] {logging_mixin.py:188} INFO - [2026-08-29T21:11:42.692+0000] {dagbag.py:545} INFO - Filling up the DagBag from /opt/airflow/dags/feature_pipeline_dag.py
[2026-08-29T21:11:45.140+0000] {processor.py:840} INFO - DAG(s) 'feature_pipeline' retrieved from /opt/airflow/dags/feature_pipeline_dag.py
[2026-08-29T21:11:45.204+0000] {logging_mixin.py:188} INFO - [2026-08-29T21:11:45.203+0000] {dag.py:3089} INFO - Sync 1 DAGs
[2026-08-29T21:11:45.253+0000] {logging_mixin.py:188} INFO - [2026-08-29T21:11:45.253+0000] {dag.py:3947} INFO - Setting next_dagrun for feature_pipeline to 2026-08-29 21:00:00+00:00, run_after=2026-08-29 22:00:00+00:00
[2026-08-29T21:11:45.312+0000] {processor.py:183} INFO - Processing /opt/airflow/dags/feature_pipeline_dag.py took 2.713 seconds
[2026-08-29T21:12:15.569+0000] {processor.py:161} INFO - Started process (PID=568) to work on /opt/airflow/dags/feature_pipeline_dag.py
[2026-08-29T21:12:15.572+0000] {processor.py:830} INFO - Processing file /opt/airflow/dags/feature_pipeline_dag.py for tasks to queue
[2026-08-29T21:12:15.575+0000] {logging_mixin.py:188} INFO - [2026-08-29T21:12:15.574+0000] {dagbag.py:545} INFO - Filling up the DagBag from /opt/airflow/dags/feature_pipeline_dag.py
[2026-08-29T21:12:17.408+0000] {processor.py:840} INFO - DAG(s) 'feature_pipeline' retrieved from /opt/airflow/dags/feature_pipeline_dag.py
[2026-08-29T21:12:17.466+0000] {logging_mixin.py:188} INFO - [2026-08-29T21:12:17.465+0000] {dag.py:3089} INFO - Sync 1 DAGs
[2026-08-29T21:12:17.507+0000] {logging_mixin.py:188} INFO - [2026-08-29T21:12:17.507+0000] {dag.py:3947} INFO - Setting next_dagrun for feature_pipeline to 2026-08-29 21:00:00+00:00, run_after=2026-08-29 22:00:00+00:00
[2026-08-29T21:12:17.542+0000] {processor.py:183} INFO - Processing /opt/airflow/dags/feature_pipeline_dag.py took 1.994 seconds
[2026-08-29T21:12:47.727+0000] {processor.py:161} INFO - Started process (PID=598) to work on /opt/airflow/dags/feature_pipeline_dag.py
[2026-08-29T21:12:47.731+0000] {processor.py:830} INFO - Processing file /opt/airflow/dags/feature_pipeline_dag.py for tasks to queue
[2026-08-29T21:12:47.734+0000] {logging_mixin.py:188} INFO - [2026-08-29T21:12:47.732+0000] {dagbag.py:545} INFO - Filling up the DagBag from /opt/airflow/dags/feature_pipeline_dag.py
[2026-08-29T21:12:49.667+0000] {processor.py:840} INFO - DAG(s) 'feature_pipeline' retrieved from /opt/airflow/dags/feature_pipeline_dag.py
[2026-08-29T21:12:49.722+0000] {logging_mixin.py:188} INFO - [2026-08-29T21:12:49.720+0000] {dag.py:3089} INFO - Sync 1 DAGs
[2026-08-29T21:12:49.760+0000] {logging_mixin.py:188} INFO - [2026-08-29T21:12:49.759+0000] {dag.py:3947} INFO - Setting next_dagrun for feature_pipeline to 2026-08-29 21:00:00+00:00, run_after=2026-08-29 22:00:00+00:00
[2026-08-29T21:12:49.799+0000] {processor.py:183} INFO - Processing /opt/airflow/dags/feature_pipeline_dag.py took 2.093 seconds
[2026-08-29T21:13:20.366+0000] {processor.py:161} INFO - Started process (PID=628) to work on /opt/airflow/dags/feature_pipeline_dag.py
[2026-08-29T21:13:20.369+0000] {processor.py:830} INFO - Processing file /opt/airflow/dags/feature_pipeline_dag.py for tasks to queue
[2026-08-29T21:13:20.375+0000] {logging_mixin.py:188} INFO - [2026-08-29T21:13:20.373+0000] {dagbag.py:545} INFO - Filling up the DagBag from /opt/airflow/dags/feature_pipeline_dag.py
[2026-08-29T21:13:22.422+0000] {processor.py:840} INFO - DAG(s) 'feature_pipeline' retrieved from /opt/airflow/dags/feature_pipeline_dag.py
[2026-08-29T21:13:22.480+0000] {logging_mixin.py:188} INFO - [2026-08-29T21:13:22.479+0000] {dag.py:3089} INFO - Sync 1 DAGs
[2026-08-29T21:13:22.514+0000] {logging_mixin.py:188} INFO - [2026-08-29T21:13:22.513+0000] {dag.py:3947} INFO - Setting next_dagrun for feature_pipeline to 2026-08-29 21:00:00+00:00, run_after=2026-08-29 22:00:00+00:00
[2026-08-29T21:13:22.553+0000] {processor.py:183} INFO - Processing /opt/airflow/dags/feature_pipeline_dag.py took 2.218 seconds
[2026-08-29T21:13:52.995+0000] {processor.py:161} INFO - Started process (PID=658) to work on /opt/airflow/dags/feature_pipeline_dag.py
[2026-08-29T21:13:52.998+0000] {processor.py:830} INFO - Processing file /opt/airflow/dags/feature_pipeline_dag.py for tasks to queue
[2026-08-29T21:13:53.000+0000] {logging_mixin.py:188} INFO - [2026-08-29T21:13:52.999+0000] {dagbag.py:545} INFO - Filling up the DagBag from /opt/airflow/dags/feature_pipeline_dag.py
[2026-08-29T21:13:55.266+0000] {processor.py:840} INFO - DAG(s) 'feature_pipeline' retrieved from /opt/airflow/dags/feature_pipeline_dag.py
[2026-08-29T21:13:55.322+0000] {logging_mixin.py:188} INFO - [2026-08-29T21:13:55.321+0000] {dag.py:3089} INFO - Sync 1 DAGs
[2026-08-29T21:13:55.365+0000] {logging_mixin.py:188} INFO - [2026-08-29T21:13:55.364+0000] {dag.py:3947} INFO - Setting next_dagrun for feature_pipeline to 2026-08-29 21:00:00+00:00, run_after=2026-08-29 22:00:00+00:00
[2026-08-29T21:13:55.413+0000] {processor.py:183} INFO - Processing /opt/airflow/dags/feature_pipeline_dag.py took 2.434 seconds
[2026-08-29T21:14:26.003+0000] {processor.py:161} INFO - Started process (PID=691) to work on /opt/airflow/dags/feature_pipeline_dag.py
[2026-08-29T21:14:26.017+0000] {processor.py:830} INFO - Processing file /opt/airflow/dags/feature_pipeline_dag.py for tasks to queue
[2026-08-29T21:14:26.026+0000] {logging_mixin.py:188} INFO - [2026-08-29T21:14:26.022+0000] {dagbag.py:545} INFO - Filling up the DagBag from /opt/airflow/dags/feature_pipeline_dag.py
[2026-08-29T21:14:29.008+0000] {processor.py:840} INFO - DAG(s) 'feature_pipeline' retrieved from /opt/airflow/dags/feature_pipeline_dag.py
[2026-08-29T21:14:29.063+0000] {logging_mixin.py:188} INFO - [2026-08-29T21:14:29.062+0000] {dag.py:3089} INFO - Sync 1 DAGs
[2026-08-29T21:14:29.113+0000] {logging_mixin.py:188} INFO - [2026-08-29T21:14:29.112+0000] {dag.py:3947} INFO - Setting next_dagrun for feature_pipeline to 2026-08-29 21:00:00+00:00, run_after=2026-08-29 22:00:00+00:00
[2026-08-29T21:14:29.170+0000] {processor.py:183} INFO - Processing /opt/airflow/dags/feature_pipeline_dag.py took 3.276 seconds
[2026-08-29T21:15:40.784+0000] {processor.py:161} INFO - Started process (PID=848) to work on /opt/airflow/dags/feature_pipeline_dag.py
[2026-08-29T21:15:40.788+0000] {processor.py:830} INFO - Processing file /opt/airflow/dags/feature_pipeline_dag.py for tasks to queue
[2026-08-29T21:15:40.795+0000] {logging_mixin.py:188} INFO - [2026-08-29T21:15:40.793+0000] {dagbag.py:545} INFO - Filling up the DagBag from /opt/airflow/dags/feature_pipeline_dag.py
[2026-08-29T21:15:43.829+0000] {processor.py:840} INFO - DAG(s) 'feature_pipeline' retrieved from /opt/airflow/dags/feature_pipeline_dag.py
[2026-08-29T21:15:43.906+0000] {logging_mixin.py:188} INFO - [2026-08-29T21:15:43.905+0000] {dag.py:3089} INFO - Sync 1 DAGs
[2026-08-29T21:15:43.954+0000] {logging_mixin.py:188} INFO - [2026-08-29T21:15:43.954+0000] {dag.py:3947} INFO - Setting next_dagrun for feature_pipeline to 2026-08-29 21:00:00+00:00, run_after=2026-08-29 22:00:00+00:00
[2026-08-29T21:15:43.998+0000] {processor.py:183} INFO - Processing /opt/airflow/dags/feature_pipeline_dag.py took 3.245 seconds
[2026-08-29T21:16:21.138+0000] {processor.py:161} INFO - Started process (PID=913) to work on /opt/airflow/dags/feature_pipeline_dag.py
[2026-08-29T21:16:21.141+0000] {processor.py:830} INFO - Processing file /opt/airflow/dags/feature_pipeline_dag.py for tasks to queue
[2026-08-29T21:16:21.144+0000] {logging_mixin.py:188} INFO - [2026-08-29T21:16:21.143+0000] {dagbag.py:545} INFO - Filling up the DagBag from /opt/airflow/dags/feature_pipeline_dag.py
[2026-08-29T21:16:23.674+0000] {processor.py:840} INFO - DAG(s) 'feature_pipeline' retrieved from /opt/airflow/dags/feature_pipeline_dag.py
[2026-08-29T21:16:24.054+0000] {logging_mixin.py:188} INFO - [2026-08-29T21:16:24.053+0000] {dag.py:3089} INFO - Sync 1 DAGs
[2026-08-29T21:16:24.125+0000] {logging_mixin.py:188} INFO - [2026-08-29T21:16:24.125+0000] {dag.py:3947} INFO - Setting next_dagrun for feature_pipeline to 2026-08-29 21:00:00+00:00, run_after=2026-08-29 22:00:00+00:00
[2026-08-29T21:16:24.196+0000] {processor.py:183} INFO - Processing /opt/airflow/dags/feature_pipeline_dag.py took 3.083 seconds
[2026-08-29T21:16:54.674+0000] {processor.py:161} INFO - Started process (PID=936) to work on /opt/airflow/dags/feature_pipeline_dag.py
[2026-08-29T21:16:54.677+0000] {processor.py:830} INFO - Processing file /opt/airflow/dags/feature_pipeline_dag.py for tasks to queue
[2026-08-29T21:16:54.680+0000] {logging_mixin.py:188} INFO - [2026-08-29T21:16:54.679+0000] {dagbag.py:545} INFO - Filling up the DagBag from /opt/airflow/dags/feature_pipeline_dag.py
[2026-08-29T21:16:57.079+0000] {processor.py:840} INFO - DAG(s) 'feature_pipeline' retrieved from /opt/airflow/dags/feature_pipeline_dag.py
[2026-08-29T21:16:57.135+0000] {logging_mixin.py:188} INFO - [2026-08-29T21:16:57.134+0000] {dag.py:3089} INFO - Sync 1 DAGs
[2026-08-29T21:16:57.179+0000] {logging_mixin.py:188} INFO - [2026-08-29T21:16:57.178+0000] {dag.py:3947} INFO - Setting next_dagrun for feature_pipeline to 2026-08-29 21:00:00+00:00, run_after=2026-08-29 22:00:00+00:00
[2026-08-29T21:16:57.235+0000] {processor.py:183} INFO - Processing /opt/airflow/dags/feature_pipeline_dag.py took 2.580 seconds
[2026-08-29T21:17:27.937+0000] {processor.py:161} INFO - Started process (PID=964) to work on /opt/airflow/dags/feature_pipeline_dag.py
[2026-08-29T21:17:27.961+0000] {processor.py:830} INFO - Processing file /opt/airflow/dags/feature_pipeline_dag.py for tasks to queue
[2026-08-29T21:17:27.980+0000] {logging_mixin.py:188} INFO - [2026-08-29T21:17:27.971+0000] {dagbag.py:545} INFO - Filling up the DagBag from /opt/airflow/dags/feature_pipeline_dag.py
[2026-08-29T21:17:30.103+0000] {processor.py:840} INFO - DAG(s) 'feature_pipeline' retrieved from /opt/airflow/dags/feature_pipeline_dag.py
[2026-08-29T21:17:30.161+0000] {logging_mixin.py:188} INFO - [2026-08-29T21:17:30.160+0000] {dag.py:3089} INFO - Sync 1 DAGs
[2026-08-29T21:17:30.205+0000] {logging_mixin.py:188} INFO - [2026-08-29T21:17:30.205+0000] {dag.py:3947} INFO - Setting next_dagrun for feature_pipeline to 2026-08-29 21:00:00+00:00, run_after=2026-08-29 22:00:00+00:00
[2026-08-29T21:17:30.255+0000] {processor.py:183} INFO - Processing /opt/airflow/dags/feature_pipeline_dag.py took 2.449 seconds
[2026-08-29T21:18:01.263+0000] {processor.py:161} INFO - Started process (PID=996) to work on /opt/airflow/dags/feature_pipeline_dag.py
[2026-08-29T21:18:01.278+0000] {processor.py:830} INFO - Processing file /opt/airflow/dags/feature_pipeline_dag.py for tasks to queue
[2026-08-29T21:18:01.283+0000] {logging_mixin.py:188} INFO - [2026-08-29T21:18:01.281+0000] {dagbag.py:545} INFO - Filling up the DagBag from /opt/airflow/dags/feature_pipeline_dag.py
[2026-08-29T21:18:07.286+0000] {processor.py:840} INFO - DAG(s) 'feature_pipeline' retrieved from /opt/airflow/dags/feature_pipeline_dag.py
[2026-08-29T21:18:07.387+0000] {logging_mixin.py:188} INFO - [2026-08-29T21:18:07.386+0000] {dag.py:3089} INFO - Sync 1 DAGs
[2026-08-29T21:18:07.461+0000] {logging_mixin.py:188} INFO - [2026-08-29T21:18:07.461+0000] {dag.py:3947} INFO - Setting next_dagrun for feature_pipeline to 2026-08-29 21:00:00+00:00, run_after=2026-08-29 22:00:00+00:00
[2026-08-29T21:18:07.532+0000] {processor.py:183} INFO - Processing /opt/airflow/dags/feature_pipeline_dag.py took 6.311 seconds
[2026-08-29T21:18:38.938+0000] {processor.py:161} INFO - Started process (PID=1038) to work on /opt/airflow/dags/feature_pipeline_dag.py
[2026-08-29T21:18:38.972+0000] {processor.py:830} INFO - Processing file /opt/airflow/dags/feature_pipeline_dag.py for tasks to queue
[2026-08-29T21:18:39.990+0000] {logging_mixin.py:188} INFO - [2026-08-29T21:18:39.110+0000] {dagbag.py:545} INFO - Filling up the DagBag from /opt/airflow/dags/feature_pipeline_dag.py
[2026-08-29T21:19:16.356+0000] {logging_mixin.py:188} INFO - [2026-08-29T21:19:16.355+0000] {timeout.py:68} ERROR - Process timed out, PID: 1038
[2026-08-29T21:19:16.358+0000] {logging_mixin.py:188} WARNING - Exception ignored in: <function WeakKeyDictionary.__init__.<locals>.remove at 0x79c434698cc0>
[2026-08-29T21:19:16.360+0000] {logging_mixin.py:188} WARNING - Traceback (most recent call last):
[2026-08-29T21:19:16.361+0000] {logging_mixin.py:188} WARNING -   File "/usr/local/lib/python3.11/weakref.py", line 369, in remove
[2026-08-29T21:19:16.367+0000] {logging_mixin.py:188} WARNING -     def remove(k, selfref=ref(self)):
[2026-08-29T21:19:16.368+0000] {logging_mixin.py:188} WARNING -   File "/home/airflow/.local/lib/python3.11/site-packages/airflow/utils/timeout.py", line 69, in handle_timeout
[2026-08-29T21:19:16.410+0000] {logging_mixin.py:188} WARNING -     raise AirflowTaskTimeout(self.error_message)
[2026-08-29T21:19:16.411+0000] {logging_mixin.py:188} WARNING - airflow.exceptions.AirflowTaskTimeout: DagBag import timeout for /opt/airflow/dags/feature_pipeline_dag.py after 30.0s.
Please take a look at these docs to improve your DAG import time:
* https://airflow.apache.org/docs/apache-airflow/2.9.3/best-practices.html#top-level-python-code
* https://airflow.apache.org/docs/apache-airflow/2.9.3/best-practices.html#reducing-dag-complexity, PID: 1038
[2026-08-29T21:19:17.739+0000] {processor.py:840} INFO - DAG(s) 'feature_pipeline' retrieved from /opt/airflow/dags/feature_pipeline_dag.py
[2026-08-29T21:19:18.014+0000] {logging_mixin.py:188} INFO - [2026-08-29T21:19:18.013+0000] {dag.py:3089} INFO - Sync 1 DAGs
[2026-08-29T21:19:18.113+0000] {logging_mixin.py:188} INFO - [2026-08-29T21:19:18.113+0000] {dag.py:3947} INFO - Setting next_dagrun for feature_pipeline to 2026-08-29 21:00:00+00:00, run_after=2026-08-29 22:00:00+00:00
[2026-08-29T21:19:18.169+0000] {processor.py:183} INFO - Processing /opt/airflow/dags/feature_pipeline_dag.py took 41.952 seconds
[2026-08-29T21:20:01.119+0000] {processor.py:161} INFO - Started process (PID=1204) to work on /opt/airflow/dags/feature_pipeline_dag.py
[2026-08-29T21:20:09.453+0000] {processor.py:830} INFO - Processing file /opt/airflow/dags/feature_pipeline_dag.py for tasks to queue
[2026-08-29T21:20:24.259+0000] {logging_mixin.py:188} INFO - [2026-08-29T21:20:18.111+0000] {dagbag.py:545} INFO - Filling up the DagBag from /opt/airflow/dags/feature_pipeline_dag.py
[2026-08-29T21:21:09.907+0000] {processor.py:161} INFO - Started process (PID=1264) to work on /opt/airflow/dags/feature_pipeline_dag.py
[2026-08-29T21:21:09.911+0000] {processor.py:830} INFO - Processing file /opt/airflow/dags/feature_pipeline_dag.py for tasks to queue
[2026-08-29T21:21:09.917+0000] {logging_mixin.py:188} INFO - [2026-08-29T21:21:09.913+0000] {dagbag.py:545} INFO - Filling up the DagBag from /opt/airflow/dags/feature_pipeline_dag.py
[2026-08-29T21:21:13.692+0000] {processor.py:840} INFO - DAG(s) 'feature_pipeline' retrieved from /opt/airflow/dags/feature_pipeline_dag.py
[2026-08-29T21:21:14.589+0000] {logging_mixin.py:188} INFO - [2026-08-29T21:21:14.588+0000] {dag.py:3089} INFO - Sync 1 DAGs
[2026-08-29T21:21:14.764+0000] {logging_mixin.py:188} INFO - [2026-08-29T21:21:14.764+0000] {dag.py:3947} INFO - Setting next_dagrun for feature_pipeline to 2026-08-29 21:00:00+00:00, run_after=2026-08-29 22:00:00+00:00
[2026-08-29T21:21:14.890+0000] {processor.py:183} INFO - Processing /opt/airflow/dags/feature_pipeline_dag.py took 7.453 seconds
[2026-08-29T21:21:47.147+0000] {processor.py:161} INFO - Started process (PID=1297) to work on /opt/airflow/dags/feature_pipeline_dag.py
[2026-08-29T21:21:47.150+0000] {processor.py:830} INFO - Processing file /opt/airflow/dags/feature_pipeline_dag.py for tasks to queue
[2026-08-29T21:21:47.153+0000] {logging_mixin.py:188} INFO - [2026-08-29T21:21:47.152+0000] {dagbag.py:545} INFO - Filling up the DagBag from /opt/airflow/dags/feature_pipeline_dag.py
[2026-08-29T21:21:50.697+0000] {processor.py:840} INFO - DAG(s) 'feature_pipeline' retrieved from /opt/airflow/dags/feature_pipeline_dag.py
[2026-08-29T21:21:50.761+0000] {logging_mixin.py:188} INFO - [2026-08-29T21:21:50.759+0000] {dag.py:3089} INFO - Sync 1 DAGs
[2026-08-29T21:21:50.811+0000] {logging_mixin.py:188} INFO - [2026-08-29T21:21:50.810+0000] {dag.py:3947} INFO - Setting next_dagrun for feature_pipeline to 2026-08-29 21:00:00+00:00, run_after=2026-08-29 22:00:00+00:00
[2026-08-29T21:21:50.874+0000] {processor.py:183} INFO - Processing /opt/airflow/dags/feature_pipeline_dag.py took 3.752 seconds
[2026-08-29T21:22:25.226+0000] {processor.py:161} INFO - Started process (PID=1329) to work on /opt/airflow/dags/feature_pipeline_dag.py
[2026-08-29T21:22:25.229+0000] {processor.py:830} INFO - Processing file /opt/airflow/dags/feature_pipeline_dag.py for tasks to queue
[2026-08-29T21:22:25.232+0000] {logging_mixin.py:188} INFO - [2026-08-29T21:22:25.231+0000] {dagbag.py:545} INFO - Filling up the DagBag from /opt/airflow/dags/feature_pipeline_dag.py
[2026-08-29T21:22:27.212+0000] {processor.py:840} INFO - DAG(s) 'feature_pipeline' retrieved from /opt/airflow/dags/feature_pipeline_dag.py
[2026-08-29T21:22:27.277+0000] {logging_mixin.py:188} INFO - [2026-08-29T21:22:27.276+0000] {dag.py:3089} INFO - Sync 1 DAGs
[2026-08-29T21:22:27.328+0000] {logging_mixin.py:188} INFO - [2026-08-29T21:22:27.327+0000] {dag.py:3947} INFO - Setting next_dagrun for feature_pipeline to 2026-08-29 21:00:00+00:00, run_after=2026-08-29 22:00:00+00:00
[2026-08-29T21:22:27.369+0000] {processor.py:183} INFO - Processing /opt/airflow/dags/feature_pipeline_dag.py took 2.163 seconds
[2026-08-29T21:23:34.350+0000] {processor.py:161} INFO - Started process (PID=1493) to work on /opt/airflow/dags/feature_pipeline_dag.py
[2026-08-29T21:23:34.355+0000] {processor.py:830} INFO - Processing file /opt/airflow/dags/feature_pipeline_dag.py for tasks to queue
[2026-08-29T21:23:34.359+0000] {logging_mixin.py:188} INFO - [2026-08-29T21:23:34.357+0000] {dagbag.py:545} INFO - Filling up the DagBag from /opt/airflow/dags/feature_pipeline_dag.py
[2026-08-29T21:23:34.548+0000] {processor.py:840} INFO - DAG(s) 'feature_pipeline' retrieved from /opt/airflow/dags/feature_pipeline_dag.py
[2026-08-29T21:23:34.642+0000] {logging_mixin.py:188} INFO - [2026-08-29T21:23:34.639+0000] {dag.py:3089} INFO - Sync 1 DAGs
[2026-08-29T21:23:34.774+0000] {logging_mixin.py:188} INFO - [2026-08-29T21:23:34.774+0000] {dag.py:3947} INFO - Setting next_dagrun for feature_pipeline to 2026-08-29 21:00:00+00:00, run_after=2026-08-29 22:00:00+00:00
[2026-08-29T21:23:34.834+0000] {processor.py:183} INFO - Processing /opt/airflow/dags/feature_pipeline_dag.py took 3.069 seconds
[2026-08-29T21:24:05.208+0000] {processor.py:161} INFO - Started process (PID=1573) to work on /opt/airflow/dags/feature_pipeline_dag.py
[2026-08-29T21:24:05.211+0000] {processor.py:830} INFO - Processing file /opt/airflow/dags/feature_pipeline_dag.py for tasks to queue
[2026-08-29T21:24:05.214+0000] {logging_mixin.py:188} INFO - [2026-08-29T21:24:05.213+0000] {dagbag.py:545} INFO - Filling up the DagBag from /opt/airflow/dags/feature_pipeline_dag.py
[2026-08-29T21:24:07.942+0000] {processor.py:840} INFO - DAG(s) 'feature_pipeline' retrieved from /opt/airflow/dags/feature_pipeline_dag.py
[2026-08-29T21:24:08.001+0000] {logging_mixin.py:188} INFO - [2026-08-29T21:24:08.000+0000] {dag.py:3089} INFO - Sync 1 DAGs
[2026-08-29T21:24:08.051+0000] {logging_mixin.py:188} INFO - [2026-08-29T21:24:08.050+0000] {dag.py:3947} INFO - Setting next_dagrun for feature_pipeline to 2026-08-29 21:00:00+00:00, run_after=2026-08-29 22:00:00+00:00
[2026-08-29T21:24:08.093+0000] {processor.py:183} INFO - Processing /opt/airflow/dags/feature_pipeline_dag.py took 2.907 seconds
[2026-08-29T21:24:38.434+0000] {processor.py:161} INFO - Started process (PID=1603) to work on /opt/airflow/dags/feature_pipeline_dag.py
[2026-08-29T21:24:38.437+0000] {processor.py:830} INFO - Processing file /opt/airflow/dags/feature_pipeline_dag.py for tasks to queue
[2026-08-29T21:24:38.442+0000] {logging_mixin.py:188} INFO - [2026-08-29T21:24:38.441+0000] {dagbag.py:545} INFO - Filling up the DagBag from /opt/airflow/dags/feature_pipeline_dag.py
[2026-08-29T21:24:40.491+0000] {processor.py:840} INFO - DAG(s) 'feature_pipeline' retrieved from /opt/airflow/dags/feature_pipeline_dag.py
[2026-08-29T21:24:40.551+0000] {logging_mixin.py:188} INFO - [2026-08-29T21:24:40.550+0000] {dag.py:3089} INFO - Sync 1 DAGs
[2026-08-29T21:24:40.594+0000] {logging_mixin.py:188} INFO - [2026-08-29T21:24:40.594+0000] {dag.py:3947} INFO - Setting next_dagrun for feature_pipeline to 2026-08-29 21:00:00+00:00, run_after=2026-08-29 22:00:00+00:00
[2026-08-29T21:24:40.636+0000] {processor.py:183} INFO - Processing /opt/airflow/dags/feature_pipeline_dag.py took 2.227 seconds
[2026-08-29T21:25:11.696+0000] {processor.py:161} INFO - Started process (PID=1633) to work on /opt/airflow/dags/feature_pipeline_dag.py
[2026-08-29T21:25:11.702+0000] {processor.py:830} INFO - Processing file /opt/airflow/dags/feature_pipeline_dag.py for tasks to queue
[2026-08-29T21:25:11.717+0000] {logging_mixin.py:188} INFO - [2026-08-29T21:25:11.708+0000] {dagbag.py:545} INFO - Filling up the DagBag from /opt/airflow/dags/feature_pipeline_dag.py
[2026-08-29T21:25:26.692+0000] {processor.py:840} INFO - DAG(s) 'feature_pipeline' retrieved from /opt/airflow/dags/feature_pipeline_dag.py
[2026-08-29T21:25:26.904+0000] {logging_mixin.py:188} INFO - [2026-08-29T21:25:26.903+0000] {dag.py:3089} INFO - Sync 1 DAGs
[2026-08-29T21:25:27.222+0000] {logging_mixin.py:188} INFO - [2026-08-29T21:25:27.222+0000] {dag.py:3947} INFO - Setting next_dagrun for feature_pipeline to 2026-08-29 21:00:00+00:00, run_after=2026-08-29 22:00:00+00:00
[2026-08-29T21:25:27.913+0000] {processor.py:183} INFO - Processing /opt/airflow/dags/feature_pipeline_dag.py took 18.552 seconds
[2026-08-29T21:25:58.538+0000] {processor.py:161} INFO - Started process (PID=1663) to work on /opt/airflow/dags/feature_pipeline_dag.py
[2026-08-29T21:25:58.545+0000] {processor.py:830} INFO - Processing file /opt/airflow/dags/feature_pipeline_dag.py for tasks to queue
[2026-08-29T21:25:58.550+0000] {logging_mixin.py:188} INFO - [2026-08-29T21:25:58.549+0000] {dagbag.py:545} INFO - Filling up the DagBag from /opt/airflow/dags/feature_pipeline_dag.py
[2026-08-29T21:26:08.601+0000] {processor.py:840} INFO - DAG(s) 'feature_pipeline' retrieved from /opt/airflow/dags/feature_pipeline_dag.py
[2026-08-29T21:26:08.923+0000] {logging_mixin.py:188} INFO - [2026-08-29T21:26:08.922+0000] {dag.py:3089} INFO - Sync 1 DAGs
[2026-08-29T21:26:09.483+0000] {logging_mixin.py:188} INFO - [2026-08-29T21:26:09.482+0000] {dag.py:3947} INFO - Setting next_dagrun for feature_pipeline to 2026-08-29 21:00:00+00:00, run_after=2026-08-29 22:00:00+00:00
[2026-08-29T21:26:09.882+0000] {processor.py:183} INFO - Processing /opt/airflow/dags/feature_pipeline_dag.py took 11.367 seconds
[2026-08-29T21:26:41.221+0000] {processor.py:161} INFO - Started process (PID=1693) to work on /opt/airflow/dags/feature_pipeline_dag.py
[2026-08-29T21:26:41.225+0000] {processor.py:830} INFO - Processing file /opt/airflow/dags/feature_pipeline_dag.py for tasks to queue
[2026-08-29T21:26:41.229+0000] {logging_mixin.py:188} INFO - [2026-08-29T21:26:41.227+0000] {dagbag.py:545} INFO - Filling up the DagBag from /opt/airflow/dags/feature_pipeline_dag.py
[2026-08-29T21:26:43.926+0000] {processor.py:840} INFO - DAG(s) 'feature_pipeline' retrieved from /opt/airflow/dags/feature_pipeline_dag.py
[2026-08-29T21:26:44.037+0000] {logging_mixin.py:188} INFO - [2026-08-29T21:26:44.036+0000] {dag.py:3089} INFO - Sync 1 DAGs
[2026-08-29T21:26:44.082+0000] {logging_mixin.py:188} INFO - [2026-08-29T21:26:44.082+0000] {dag.py:3947} INFO - Setting next_dagrun for feature_pipeline to 2026-08-29 21:00:00+00:00, run_after=2026-08-29 22:00:00+00:00
[2026-08-29T21:26:44.125+0000] {processor.py:183} INFO - Processing /opt/airflow/dags/feature_pipeline_dag.py took 2.930 seconds
[2026-08-29T21:27:15.566+0000] {processor.py:161} INFO - Started process (PID=1721) to work on /opt/airflow/dags/feature_pipeline_dag.py
[2026-08-29T21:27:15.580+0000] {processor.py:830} INFO - Processing file /opt/airflow/dags/feature_pipeline_dag.py for tasks to queue
[2026-08-29T21:27:15.584+0000] {logging_mixin.py:188} INFO - [2026-08-29T21:27:15.583+0000] {dagbag.py:545} INFO - Filling up the DagBag from /opt/airflow/dags/feature_pipeline_dag.py
[2026-08-29T21:27:17.553+0000] {processor.py:840} INFO - DAG(s) 'feature_pipeline' retrieved from /opt/airflow/dags/feature_pipeline_dag.py
[2026-08-29T21:27:17.713+0000] {logging_mixin.py:188} INFO - [2026-08-29T21:27:17.712+0000] {dag.py:3089} INFO - Sync 1 DAGs
[2026-08-29T21:27:17.763+0000] {logging_mixin.py:188} INFO - [2026-08-29T21:27:17.763+0000] {dag.py:3947} INFO - Setting next_dagrun for feature_pipeline to 2026-08-29 21:00:00+00:00, run_after=2026-08-29 22:00:00+00:00
[2026-08-29T21:27:17.842+0000] {processor.py:183} INFO - Processing /opt/airflow/dags/feature_pipeline_dag.py took 4.792 seconds
[2026-08-29T21:27:48.595+0000] {processor.py:161} INFO - Started process (PID=1753) to work on /opt/airflow/dags/feature_pipeline_dag.py
[2026-08-29T21:27:48.598+0000] {processor.py:830} INFO - Processing file /opt/airflow/dags/feature_pipeline_dag.py for tasks to queue
[2026-08-29T21:27:48.601+0000] {logging_mixin.py:188} INFO - [2026-08-29T21:27:48.600+0000] {dagbag.py:545} INFO - Filling up the DagBag from /opt/airflow/dags/feature_pipeline_dag.py
[2026-08-29T21:27:51.732+0000] {processor.py:840} INFO - DAG(s) 'feature_pipeline' retrieved from /opt/airflow/dags/feature_pipeline_dag.py
[2026-08-29T21:27:51.786+0000] {logging_mixin.py:188} INFO - [2026-08-29T21:27:51.785+0000] {dag.py:3089} INFO - Sync 1 DAGs
[2026-08-29T21:27:51.823+0000] {logging_mixin.py:188} INFO - [2026-08-29T21:27:51.823+0000] {dag.py:3947} INFO - Setting next_dagrun for feature_pipeline to 2026-08-29 21:00:00+00:00, run_after=2026-08-29 22:00:00+00:00
[2026-08-29T21:27:51.861+0000] {processor.py:183} INFO - Processing /opt/airflow/dags/feature_pipeline_dag.py took 3.291 seconds
[2026-08-29T21:28:22.483+0000] {processor.py:161} INFO - Started process (PID=1783) to work on /opt/airflow/dags/feature_pipeline_dag.py
[2026-08-29T21:28:22.486+0000] {processor.py:830} INFO - Processing file /opt/airflow/dags/feature_pipeline_dag.py for tasks to queue
[2026-08-29T21:28:22.488+0000] {logging_mixin.py:188} INFO - [2026-08-29T21:28:22.487+0000] {dagbag.py:545} INFO - Filling up the DagBag from /opt/airflow/dags/feature_pipeline_dag.py
[2026-08-29T21:28:24.703+0000] {processor.py:840} INFO - DAG(s) 'feature_pipeline' retrieved from /opt/airflow/dags/feature_pipeline_dag.py
[2026-08-29T21:28:24.842+0000] {logging_mixin.py:188} INFO - [2026-08-29T21:28:24.841+0000] {dag.py:3089} INFO - Sync 1 DAGs
[2026-08-29T21:28:24.889+0000] {logging_mixin.py:188} INFO - [2026-08-29T21:28:24.889+0000] {dag.py:3947} INFO - Setting next_dagrun for feature_pipeline to 2026-08-29 21:00:00+00:00, run_after=2026-08-29 22:00:00+00:00
[2026-08-29T21:28:24.953+0000] {processor.py:183} INFO - Processing /opt/airflow/dags/feature_pipeline_dag.py took 2.491 seconds
[2026-08-29T21:28:55.331+0000] {processor.py:161} INFO - Started process (PID=1813) to work on /opt/airflow/dags/feature_pipeline_dag.py
[2026-08-29T21:28:55.342+0000] {processor.py:830} INFO - Processing file /opt/airflow/dags/feature_pipeline_dag.py for tasks to queue
[2026-08-29T21:28:55.349+0000] {logging_mixin.py:188} INFO - [2026-08-29T21:28:55.348+0000] {dagbag.py:545} INFO - Filling up the DagBag from /opt/airflow/dags/feature_pipeline_dag.py
[2026-08-29T21:28:57.659+0000] {processor.py:840} INFO - DAG(s) 'feature_pipeline' retrieved from /opt/airflow/dags/feature_pipeline_dag.py
[2026-08-29T21:28:57.742+0000] {logging_mixin.py:188} INFO - [2026-08-29T21:28:57.741+0000] {dag.py:3089} INFO - Sync 1 DAGs
[2026-08-29T21:28:57.791+0000] {logging_mixin.py:188} INFO - [2026-08-29T21:28:57.791+0000] {dag.py:3947} INFO - Setting next_dagrun for feature_pipeline to 2026-08-29 21:00:00+00:00, run_after=2026-08-29 22:00:00+00:00
[2026-08-29T21:28:57.844+0000] {processor.py:183} INFO - Processing /opt/airflow/dags/feature_pipeline_dag.py took 2.539 seconds
[2026-08-29T21:29:28.394+0000] {processor.py:161} INFO - Started process (PID=1845) to work on /opt/airflow/dags/feature_pipeline_dag.py
[2026-08-29T21:29:28.399+0000] {processor.py:830} INFO - Processing file /opt/airflow/dags/feature_pipeline_dag.py for tasks to queue
[2026-08-29T21:29:28.402+0000] {logging_mixin.py:188} INFO - [2026-08-29T21:29:28.401+0000] {dagbag.py:545} INFO - Filling up the DagBag from /opt/airflow/dags/feature_pipeline_dag.py
[2026-08-29T21:29:33.684+0000] {processor.py:840} INFO - DAG(s) 'feature_pipeline' retrieved from /opt/airflow/dags/feature_pipeline_dag.py
[2026-08-29T21:29:33.760+0000] {logging_mixin.py:188} INFO - [2026-08-29T21:29:33.759+0000] {dag.py:3089} INFO - Sync 1 DAGs
[2026-08-29T21:29:33.809+0000] {logging_mixin.py:188} INFO - [2026-08-29T21:29:33.808+0000] {dag.py:3947} INFO - Setting next_dagrun for feature_pipeline to 2026-08-29 21:00:00+00:00, run_after=2026-08-29 22:00:00+00:00
[2026-08-29T21:29:33.876+0000] {processor.py:183} INFO - Processing /opt/airflow/dags/feature_pipeline_dag.py took 7.701 seconds
[2026-08-29T21:30:04.767+0000] {processor.py:161} INFO - Started process (PID=1876) to work on /opt/airflow/dags/feature_pipeline_dag.py
[2026-08-29T21:30:04.774+0000] {processor.py:830} INFO - Processing file /opt/airflow/dags/feature_pipeline_dag.py for tasks to queue
[2026-08-29T21:30:04.777+0000] {logging_mixin.py:188} INFO - [2026-08-29T21:30:04.776+0000] {dagbag.py:545} INFO - Filling up the DagBag from /opt/airflow/dags/feature_pipeline_dag.py
[2026-08-29T21:30:06.852+0000] {processor.py:840} INFO - DAG(s) 'feature_pipeline' retrieved from /opt/airflow/dags/feature_pipeline_dag.py
[2026-08-29T21:30:06.947+0000] {logging_mixin.py:188} INFO - [2026-08-29T21:30:06.946+0000] {dag.py:3089} INFO - Sync 1 DAGs
[2026-08-29T21:30:07.011+0000] {logging_mixin.py:188} INFO - [2026-08-29T21:30:07.010+0000] {dag.py:3947} INFO - Setting next_dagrun for feature_pipeline to 2026-08-29 21:00:00+00:00, run_after=2026-08-29 22:00:00+00:00
[2026-08-29T21:30:07.055+0000] {processor.py:183} INFO - Processing /opt/airflow/dags/feature_pipeline_dag.py took 2.318 seconds
[2026-08-29T21:30:37.680+0000] {processor.py:161} INFO - Started process (PID=1906) to work on /opt/airflow/dags/feature_pipeline_dag.py
[2026-08-29T21:30:37.684+0000] {processor.py:830} INFO - Processing file /opt/airflow/dags/feature_pipeline_dag.py for tasks to queue
[2026-08-29T21:30:37.687+0000] {logging_mixin.py:188} INFO - [2026-08-29T21:30:37.686+0000] {dagbag.py:545} INFO - Filling up the DagBag from /opt/airflow/dags/feature_pipeline_dag.py
[2026-08-29T21:30:40.086+0000] {processor.py:840} INFO - DAG(s) 'feature_pipeline' retrieved from /opt/airflow/dags/feature_pipeline_dag.py
[2026-08-29T21:30:40.154+0000] {logging_mixin.py:188} INFO - [2026-08-29T21:30:40.153+0000] {dag.py:3089} INFO - Sync 1 DAGs
[2026-08-29T21:30:40.194+0000] {logging_mixin.py:188} INFO - [2026-08-29T21:30:40.193+0000] {dag.py:3947} INFO - Setting next_dagrun for feature_pipeline to 2026-08-29 21:00:00+00:00, run_after=2026-08-29 22:00:00+00:00
[2026-08-29T21:30:40.246+0000] {processor.py:183} INFO - Processing /opt/airflow/dags/feature_pipeline_dag.py took 2.588 seconds
[2026-08-29T21:31:12.524+0000] {processor.py:161} INFO - Started process (PID=1937) to work on /opt/airflow/dags/feature_pipeline_dag.py
[2026-08-29T21:31:12.528+0000] {processor.py:830} INFO - Processing file /opt/airflow/dags/feature_pipeline_dag.py for tasks to queue
[2026-08-29T21:31:12.531+0000] {logging_mixin.py:188} INFO - [2026-08-29T21:31:12.530+0000] {dagbag.py:545} INFO - Filling up the DagBag from /opt/airflow/dags/feature_pipeline_dag.py
[2026-08-29T21:31:14.558+0000] {processor.py:840} INFO - DAG(s) 'feature_pipeline' retrieved from /opt/airflow/dags/feature_pipeline_dag.py
[2026-08-29T21:31:14.618+0000] {logging_mixin.py:188} INFO - [2026-08-29T21:31:14.618+0000] {dag.py:3089} INFO - Sync 1 DAGs
[2026-08-29T21:31:14.660+0000] {logging_mixin.py:188} INFO - [2026-08-29T21:31:14.659+0000] {dag.py:3947} INFO - Setting next_dagrun for feature_pipeline to 2026-08-29 21:00:00+00:00, run_after=2026-08-29 22:00:00+00:00
[2026-08-29T21:31:14.773+0000] {processor.py:183} INFO - Processing /opt/airflow/dags/feature_pipeline_dag.py took 2.274 seconds
[2026-08-29T21:31:46.897+0000] {processor.py:161} INFO - Started process (PID=1978) to work on /opt/airflow/dags/feature_pipeline_dag.py
[2026-08-29T21:31:46.899+0000] {processor.py:830} INFO - Processing file /opt/airflow/dags/feature_pipeline_dag.py for tasks to queue
[2026-08-29T21:31:46.903+0000] {logging_mixin.py:188} INFO - [2026-08-29T21:31:46.902+0000] {dagbag.py:545} INFO - Filling up the DagBag from /opt/airflow/dags/feature_pipeline_dag.py
[2026-08-29T21:31:49.634+0000] {processor.py:840} INFO - DAG(s) 'feature_pipeline' retrieved from /opt/airflow/dags/feature_pipeline_dag.py
[2026-08-29T21:31:49.744+0000] {logging_mixin.py:188} INFO - [2026-08-29T21:31:49.740+0000] {dag.py:3089} INFO - Sync 1 DAGs
[2026-08-29T21:31:49.842+0000] {logging_mixin.py:188} INFO - [2026-08-29T21:31:49.842+0000] {dag.py:3947} INFO - Setting next_dagrun for feature_pipeline to 2026-08-29 21:00:00+00:00, run_after=2026-08-29 22:00:00+00:00
[2026-08-29T21:31:49.969+0000] {processor.py:183} INFO - Processing /opt/airflow/dags/feature_pipeline_dag.py took 3.102 seconds
[2026-08-29T21:32:40.783+0000] {processor.py:161} INFO - Started process (PID=2133) to work on /opt/airflow/dags/feature_pipeline_dag.py
[2026-08-29T21:32:40.788+0000] {processor.py:830} INFO - Processing file /opt/airflow/dags/feature_pipeline_dag.py for tasks to queue
[2026-08-29T21:32:40.793+0000] {logging_mixin.py:188} INFO - [2026-08-29T21:32:40.792+0000] {dagbag.py:545} INFO - Filling up the DagBag from /opt/airflow/dags/feature_pipeline_dag.py
[2026-08-29T21:32:44.875+0000] {processor.py:840} INFO - DAG(s) 'feature_pipeline' retrieved from /opt/airflow/dags/feature_pipeline_dag.py
[2026-08-29T21:32:44.985+0000] {logging_mixin.py:188} INFO - [2026-08-29T21:32:44.984+0000] {dag.py:3089} INFO - Sync 1 DAGs
[2026-08-29T21:32:45.070+0000] {logging_mixin.py:188} INFO - [2026-08-29T21:32:45.069+0000] {dag.py:3947} INFO - Setting next_dagrun for feature_pipeline to 2026-08-29 21:00:00+00:00, run_after=2026-08-29 22:00:00+00:00
[2026-08-29T21:32:45.146+0000] {processor.py:183} INFO - Processing /opt/airflow/dags/feature_pipeline_dag.py took 4.389 seconds
[2026-08-29T21:33:16.647+0000] {processor.py:161} INFO - Started process (PID=2212) to work on /opt/airflow/dags/feature_pipeline_dag.py
[2026-08-29T21:33:16.655+0000] {processor.py:830} INFO - Processing file /opt/airflow/dags/feature_pipeline_dag.py for tasks to queue
[2026-08-29T21:33:16.659+0000] {logging_mixin.py:188} INFO - [2026-08-29T21:33:16.657+0000] {dagbag.py:545} INFO - Filling up the DagBag from /opt/airflow/dags/feature_pipeline_dag.py
[2026-08-29T21:33:19.692+0000] {processor.py:840} INFO - DAG(s) 'feature_pipeline' retrieved from /opt/airflow/dags/feature_pipeline_dag.py
[2026-08-29T21:33:19.762+0000] {logging_mixin.py:188} INFO - [2026-08-29T21:33:19.761+0000] {dag.py:3089} INFO - Sync 1 DAGs
[2026-08-29T21:33:19.820+0000] {logging_mixin.py:188} INFO - [2026-08-29T21:33:19.819+0000] {dag.py:3947} INFO - Setting next_dagrun for feature_pipeline to 2026-08-29 21:00:00+00:00, run_after=2026-08-29 22:00:00+00:00
[2026-08-29T21:33:19.873+0000] {processor.py:183} INFO - Processing /opt/airflow/dags/feature_pipeline_dag.py took 5.735 seconds
[2026-08-29T21:33:50.618+0000] {processor.py:161} INFO - Started process (PID=2262) to work on /opt/airflow/dags/feature_pipeline_dag.py
[2026-08-29T21:33:50.620+0000] {processor.py:830} INFO - Processing file /opt/airflow/dags/feature_pipeline_dag.py for tasks to queue
[2026-08-29T21:33:50.622+0000] {logging_mixin.py:188} INFO - [2026-08-29T21:33:50.621+0000] {dagbag.py:545} INFO - Filling up the DagBag from /opt/airflow/dags/feature_pipeline_dag.py
[2026-08-29T21:33:52.734+0000] {processor.py:840} INFO - DAG(s) 'feature_pipeline' retrieved from /opt/airflow/dags/feature_pipeline_dag.py
[2026-08-29T21:33:52.794+0000] {logging_mixin.py:188} INFO - [2026-08-29T21:33:52.792+0000] {dag.py:3089} INFO - Sync 1 DAGs
[2026-08-29T21:33:52.834+0000] {logging_mixin.py:188} INFO - [2026-08-29T21:33:52.834+0000] {dag.py:3947} INFO - Setting next_dagrun for feature_pipeline to 2026-08-29 21:00:00+00:00, run_after=2026-08-29 22:00:00+00:00
[2026-08-29T21:33:52.916+0000] {processor.py:183} INFO - Processing /opt/airflow/dags/feature_pipeline_dag.py took 2.317 seconds
[2026-08-29T21:34:23.180+0000] {processor.py:161} INFO - Started process (PID=2292) to work on /opt/airflow/dags/feature_pipeline_dag.py
[2026-08-29T21:34:23.183+0000] {processor.py:830} INFO - Processing file /opt/airflow/dags/feature_pipeline_dag.py for tasks to queue
[2026-08-29T21:34:23.187+0000] {logging_mixin.py:188} INFO - [2026-08-29T21:34:23.186+0000] {dagbag.py:545} INFO - Filling up the DagBag from /opt/airflow/dags/feature_pipeline_dag.py
[2026-08-29T21:34:25.845+0000] {processor.py:840} INFO - DAG(s) 'feature_pipeline' retrieved from /opt/airflow/dags/feature_pipeline_dag.py
[2026-08-29T21:34:25.946+0000] {logging_mixin.py:188} INFO - [2026-08-29T21:34:25.945+0000] {dag.py:3089} INFO - Sync 1 DAGs
[2026-08-29T21:34:25.999+0000] {logging_mixin.py:188} INFO - [2026-08-29T21:34:25.998+0000] {dag.py:3947} INFO - Setting next_dagrun for feature_pipeline to 2026-08-29 21:00:00+00:00, run_after=2026-08-29 22:00:00+00:00
[2026-08-29T21:34:26.046+0000] {processor.py:183} INFO - Processing /opt/airflow/dags/feature_pipeline_dag.py took 2.895 seconds
[2026-08-29T21:34:56.441+0000] {processor.py:161} INFO - Started process (PID=2322) to work on /opt/airflow/dags/feature_pipeline_dag.py
[2026-08-29T21:34:56.448+0000] {processor.py:830} INFO - Processing file /opt/airflow/dags/feature_pipeline_dag.py for tasks to queue
[2026-08-29T21:34:56.451+0000] {logging_mixin.py:188} INFO - [2026-08-29T21:34:56.450+0000] {dagbag.py:545} INFO - Filling up the DagBag from /opt/airflow/dags/feature_pipeline_dag.py
[2026-08-29T21:34:59.150+0000] {processor.py:840} INFO - DAG(s) 'feature_pipeline' retrieved from /opt/airflow/dags/feature_pipeline_dag.py
[2026-08-29T21:34:59.251+0000] {logging_mixin.py:188} INFO - [2026-08-29T21:34:59.250+0000] {dag.py:3089} INFO - Sync 1 DAGs
[2026-08-29T21:34:59.304+0000] {logging_mixin.py:188} INFO - [2026-08-29T21:34:59.304+0000] {dag.py:3947} INFO - Setting next_dagrun for feature_pipeline to 2026-08-29 21:00:00+00:00, run_after=2026-08-29 22:00:00+00:00
[2026-08-29T21:34:59.370+0000] {processor.py:183} INFO - Processing /opt/airflow/dags/feature_pipeline_dag.py took 2.953 seconds
[2026-08-29T21:35:30.441+0000] {processor.py:161} INFO - Started process (PID=2354) to work on /opt/airflow/dags/feature_pipeline_dag.py
[2026-08-29T21:35:30.485+0000] {processor.py:830} INFO - Processing file /opt/airflow/dags/feature_pipeline_dag.py for tasks to queue
[2026-08-29T21:35:30.500+0000] {logging_mixin.py:188} INFO - [2026-08-29T21:35:30.499+0000] {dagbag.py:545} INFO - Filling up the DagBag from /opt/airflow/dags/feature_pipeline_dag.py
[2026-08-29T21:35:37.885+0000] {processor.py:840} INFO - DAG(s) 'feature_pipeline' retrieved from /opt/airflow/dags/feature_pipeline_dag.py
[2026-08-29T21:35:37.959+0000] {logging_mixin.py:188} INFO - [2026-08-29T21:35:37.957+0000] {dag.py:3089} INFO - Sync 1 DAGs
[2026-08-29T21:35:38.018+0000] {logging_mixin.py:188} INFO - [2026-08-29T21:35:38.018+0000] {dag.py:3947} INFO - Setting next_dagrun for feature_pipeline to 2026-08-29 21:00:00+00:00, run_after=2026-08-29 22:00:00+00:00
[2026-08-29T21:35:38.068+0000] {processor.py:183} INFO - Processing /opt/airflow/dags/feature_pipeline_dag.py took 10.366 seconds
[2026-08-29T21:36:08.511+0000] {processor.py:161} INFO - Started process (PID=2392) to work on /opt/airflow/dags/feature_pipeline_dag.py
[2026-08-29T21:36:08.518+0000] {processor.py:830} INFO - Processing file /opt/airflow/dags/feature_pipeline_dag.py for tasks to queue
[2026-08-29T21:36:08.525+0000] {logging_mixin.py:188} INFO - [2026-08-29T21:36:08.524+0000] {dagbag.py:545} INFO - Filling up the DagBag from /opt/airflow/dags/feature_pipeline_dag.py
[2026-08-29T21:36:46.166+0000] {logging_mixin.py:188} INFO - [2026-08-29T21:36:38.640+0000] {timeout.py:68} ERROR - Process timed out, PID: 2392
[2026-08-29T21:37:30.283+0000] {processor.py:161} INFO - Started process (PID=2407) to work on /opt/airflow/dags/feature_pipeline_dag.py
[2026-08-29T21:37:30.417+0000] {processor.py:830} INFO - Processing file /opt/airflow/dags/feature_pipeline_dag.py for tasks to queue
[2026-08-29T21:37:30.677+0000] {logging_mixin.py:188} INFO - [2026-08-29T21:37:30.676+0000] {dagbag.py:545} INFO - Filling up the DagBag from /opt/airflow/dags/feature_pipeline_dag.py
[2026-08-29T21:38:43.084+0000] {processor.py:161} INFO - Started process (PID=2533) to work on /opt/airflow/dags/feature_pipeline_dag.py
[2026-08-29T21:38:43.112+0000] {processor.py:830} INFO - Processing file /opt/airflow/dags/feature_pipeline_dag.py for tasks to queue
[2026-08-29T21:38:43.116+0000] {logging_mixin.py:188} INFO - [2026-08-29T21:38:43.114+0000] {dagbag.py:545} INFO - Filling up the DagBag from /opt/airflow/dags/feature_pipeline_dag.py
[2026-08-29T21:38:58.745+0000] {processor.py:840} INFO - DAG(s) 'feature_pipeline' retrieved from /opt/airflow/dags/feature_pipeline_dag.py
[2026-08-29T21:38:59.855+0000] {logging_mixin.py:188} INFO - [2026-08-29T21:38:59.854+0000] {dag.py:3089} INFO - Sync 1 DAGs
[2026-08-29T21:39:00.043+0000] {logging_mixin.py:188} INFO - [2026-08-29T21:39:00.042+0000] {dag.py:3947} INFO - Setting next_dagrun for feature_pipeline to 2026-08-29 21:00:00+00:00, run_after=2026-08-29 22:00:00+00:00
[2026-08-29T21:39:00.322+0000] {processor.py:183} INFO - Processing /opt/airflow/dags/feature_pipeline_dag.py took 17.284 seconds
[2026-08-29T21:39:32.150+0000] {processor.py:161} INFO - Started process (PID=2593) to work on /opt/airflow/dags/feature_pipeline_dag.py
[2026-08-29T21:39:32.294+0000] {processor.py:830} INFO - Processing file /opt/airflow/dags/feature_pipeline_dag.py for tasks to queue
[2026-08-29T21:39:32.385+0000] {logging_mixin.py:188} INFO - [2026-08-29T21:39:32.355+0000] {dagbag.py:545} INFO - Filling up the DagBag from /opt/airflow/dags/feature_pipeline_dag.py
[2026-08-29T21:40:01.233+0000] {logging_mixin.py:188} INFO - [2026-08-29T21:40:00.644+0000] {timeout.py:68} ERROR - Process timed out, PID: 2593
[2026-08-29T21:40:32.969+0000] {processor.py:161} INFO - Started process (PID=2610) to work on /opt/airflow/dags/feature_pipeline_dag.py
[2026-08-29T21:40:32.973+0000] {processor.py:830} INFO - Processing file /opt/airflow/dags/feature_pipeline_dag.py for tasks to queue
[2026-08-29T21:40:32.983+0000] {logging_mixin.py:188} INFO - [2026-08-29T21:40:32.979+0000] {dagbag.py:545} INFO - Filling up the DagBag from /opt/airflow/dags/feature_pipeline_dag.py
[2026-08-29T21:41:03.755+0000] {logging_mixin.py:188} INFO - [2026-08-29T21:41:03.752+0000] {timeout.py:68} ERROR - Process timed out, PID: 2610
[2026-08-29T21:41:03.757+0000] {logging_mixin.py:188} WARNING - Exception ignored in: <function WeakKeyDictionary.__init__.<locals>.remove at 0x79c434698cc0>
[2026-08-29T21:41:03.758+0000] {logging_mixin.py:188} WARNING - Traceback (most recent call last):
[2026-08-29T21:41:03.758+0000] {logging_mixin.py:188} WARNING -   File "/usr/local/lib/python3.11/weakref.py", line 369, in remove
[2026-08-29T21:41:03.760+0000] {logging_mixin.py:188} WARNING -     def remove(k, selfref=ref(self)):
[2026-08-29T21:41:03.762+0000] {logging_mixin.py:188} WARNING -   File "/home/airflow/.local/lib/python3.11/site-packages/airflow/utils/timeout.py", line 69, in handle_timeout
[2026-08-29T21:41:03.763+0000] {logging_mixin.py:188} WARNING -     raise AirflowTaskTimeout(self.error_message)
[2026-08-29T21:41:03.764+0000] {logging_mixin.py:188} WARNING - airflow.exceptions.AirflowTaskTimeout: DagBag import timeout for /opt/airflow/dags/feature_pipeline_dag.py after 30.0s.
Please take a look at these docs to improve your DAG import time:
* https://airflow.apache.org/docs/apache-airflow/2.9.3/best-practices.html#top-level-python-code
* https://airflow.apache.org/docs/apache-airflow/2.9.3/best-practices.html#reducing-dag-complexity, PID: 2610
[2026-08-29T21:41:04.462+0000] {processor.py:840} INFO - DAG(s) 'feature_pipeline' retrieved from /opt/airflow/dags/feature_pipeline_dag.py
[2026-08-29T21:41:05.621+0000] {logging_mixin.py:188} INFO - [2026-08-29T21:41:05.620+0000] {dag.py:3089} INFO - Sync 1 DAGs
[2026-08-29T21:41:06.151+0000] {logging_mixin.py:188} INFO - [2026-08-29T21:41:06.150+0000] {dag.py:3947} INFO - Setting next_dagrun for feature_pipeline to 2026-08-29 21:00:00+00:00, run_after=2026-08-29 22:00:00+00:00
[2026-08-29T21:41:06.626+0000] {processor.py:183} INFO - Processing /opt/airflow/dags/feature_pipeline_dag.py took 36.008 seconds
[2026-08-29T21:41:40.831+0000] {processor.py:161} INFO - Started process (PID=2643) to work on /opt/airflow/dags/feature_pipeline_dag.py
[2026-08-29T21:41:41.200+0000] {processor.py:830} INFO - Processing file /opt/airflow/dags/feature_pipeline_dag.py for tasks to queue
[2026-08-29T21:41:41.459+0000] {logging_mixin.py:188} INFO - [2026-08-29T21:41:41.386+0000] {dagbag.py:545} INFO - Filling up the DagBag from /opt/airflow/dags/feature_pipeline_dag.py
[2026-08-29T21:42:11.035+0000] {logging_mixin.py:188} INFO - [2026-08-29T21:42:09.999+0000] {timeout.py:68} ERROR - Process timed out, PID: 2643
[2026-08-29T21:42:43.512+0000] {processor.py:161} INFO - Started process (PID=2709) to work on /opt/airflow/dags/feature_pipeline_dag.py
[2026-08-29T21:42:43.520+0000] {processor.py:830} INFO - Processing file /opt/airflow/dags/feature_pipeline_dag.py for tasks to queue
[2026-08-29T21:42:43.529+0000] {logging_mixin.py:188} INFO - [2026-08-29T21:42:43.525+0000] {dagbag.py:545} INFO - Filling up the DagBag from /opt/airflow/dags/feature_pipeline_dag.py
[2026-08-29T21:43:13.504+0000] {logging_mixin.py:188} INFO - [2026-08-29T21:43:13.488+0000] {timeout.py:68} ERROR - Process timed out, PID: 2709
[2026-08-29T21:43:13.507+0000] {logging_mixin.py:188} WARNING - Exception ignored in: <function WeakKeyDictionary.__init__.<locals>.remove at 0x79c434698cc0>
[2026-08-29T21:43:13.508+0000] {logging_mixin.py:188} WARNING - Traceback (most recent call last):
[2026-08-29T21:43:13.509+0000] {logging_mixin.py:188} WARNING -   File "/usr/local/lib/python3.11/weakref.py", line 369, in remove
[2026-08-29T21:43:13.512+0000] {logging_mixin.py:188} WARNING -     def remove(k, selfref=ref(self)):
[2026-08-29T21:43:13.514+0000] {logging_mixin.py:188} WARNING -   File "/home/airflow/.local/lib/python3.11/site-packages/airflow/utils/timeout.py", line 69, in handle_timeout
[2026-08-29T21:43:13.516+0000] {logging_mixin.py:188} WARNING -     raise AirflowTaskTimeout(self.error_message)
[2026-08-29T21:43:13.520+0000] {logging_mixin.py:188} WARNING - airflow.exceptions.AirflowTaskTimeout: DagBag import timeout for /opt/airflow/dags/feature_pipeline_dag.py after 30.0s.
Please take a look at these docs to improve your DAG import time:
* https://airflow.apache.org/docs/apache-airflow/2.9.3/best-practices.html#top-level-python-code
* https://airflow.apache.org/docs/apache-airflow/2.9.3/best-practices.html#reducing-dag-complexity, PID: 2709
[2026-08-29T21:43:17.860+0000] {processor.py:840} INFO - DAG(s) 'feature_pipeline' retrieved from /opt/airflow/dags/feature_pipeline_dag.py
[2026-08-29T21:43:20.688+0000] {logging_mixin.py:188} INFO - [2026-08-29T21:43:20.685+0000] {dag.py:3089} INFO - Sync 1 DAGs
[2026-08-29T21:43:20.956+0000] {logging_mixin.py:188} INFO - [2026-08-29T21:43:20.956+0000] {dag.py:3947} INFO - Setting next_dagrun for feature_pipeline to 2026-08-29 21:00:00+00:00, run_after=2026-08-29 22:00:00+00:00
[2026-08-29T21:43:20.609+0000] {processor.py:183} INFO - Processing /opt/airflow/dags/feature_pipeline_dag.py took 41.761 seconds
[2026-08-29T21:43:52.107+0000] {processor.py:161} INFO - Started process (PID=2730) to work on /opt/airflow/dags/feature_pipeline_dag.py
[2026-08-29T21:43:52.119+0000] {processor.py:830} INFO - Processing file /opt/airflow/dags/feature_pipeline_dag.py for tasks to queue
[2026-08-29T21:43:52.123+0000] {logging_mixin.py:188} INFO - [2026-08-29T21:43:52.121+0000] {dagbag.py:545} INFO - Filling up the DagBag from /opt/airflow/dags/feature_pipeline_dag.py
[2026-08-29T21:43:58.408+0000] {processor.py:840} INFO - DAG(s) 'feature_pipeline' retrieved from /opt/airflow/dags/feature_pipeline_dag.py
[2026-08-29T21:43:58.783+0000] {logging_mixin.py:188} INFO - [2026-08-29T21:43:58.564+0000] {dag.py:3089} INFO - Sync 1 DAGs
[2026-08-29T21:43:59.034+0000] {logging_mixin.py:188} INFO - [2026-08-29T21:43:59.034+0000] {dag.py:3947} INFO - Setting next_dagrun for feature_pipeline to 2026-08-29 21:00:00+00:00, run_after=2026-08-29 22:00:00+00:00
[2026-08-29T21:43:59.157+0000] {processor.py:183} INFO - Processing /opt/airflow/dags/feature_pipeline_dag.py took 7.285 seconds
[2026-08-29T21:44:29.662+0000] {processor.py:161} INFO - Started process (PID=2757) to work on /opt/airflow/dags/feature_pipeline_dag.py
[2026-08-29T21:44:29.666+0000] {processor.py:830} INFO - Processing file /opt/airflow/dags/feature_pipeline_dag.py for tasks to queue
[2026-08-29T21:44:29.669+0000] {logging_mixin.py:188} INFO - [2026-08-29T21:44:29.668+0000] {dagbag.py:545} INFO - Filling up the DagBag from /opt/airflow/dags/feature_pipeline_dag.py
[2026-08-29T21:44:35.322+0000] {processor.py:840} INFO - DAG(s) 'feature_pipeline' retrieved from /opt/airflow/dags/feature_pipeline_dag.py
[2026-08-29T21:44:35.424+0000] {logging_mixin.py:188} INFO - [2026-08-29T21:44:35.423+0000] {dag.py:3089} INFO - Sync 1 DAGs
[2026-08-29T21:44:35.466+0000] {logging_mixin.py:188} INFO - [2026-08-29T21:44:35.465+0000] {dag.py:3947} INFO - Setting next_dagrun for feature_pipeline to 2026-08-29 21:00:00+00:00, run_after=2026-08-29 22:00:00+00:00
[2026-08-29T21:44:35.520+0000] {processor.py:183} INFO - Processing /opt/airflow/dags/feature_pipeline_dag.py took 5.883 seconds
[2026-08-29T21:45:12.442+0000] {processor.py:161} INFO - Started process (PID=2774) to work on /opt/airflow/dags/feature_pipeline_dag.py
[2026-08-29T21:45:12.462+0000] {processor.py:830} INFO - Processing file /opt/airflow/dags/feature_pipeline_dag.py for tasks to queue
[2026-08-29T21:45:12.610+0000] {logging_mixin.py:188} INFO - [2026-08-29T21:45:12.464+0000] {dagbag.py:545} INFO - Filling up the DagBag from /opt/airflow/dags/feature_pipeline_dag.py
[2026-08-29T21:45:39.400+0000] {processor.py:840} INFO - DAG(s) 'feature_pipeline' retrieved from /opt/airflow/dags/feature_pipeline_dag.py
[2026-08-29T21:45:40.812+0000] {logging_mixin.py:188} INFO - [2026-08-29T21:45:40.811+0000] {dag.py:3089} INFO - Sync 1 DAGs
[2026-08-29T21:45:39.905+0000] {logging_mixin.py:188} INFO - [2026-08-29T21:45:39.905+0000] {dag.py:3947} INFO - Setting next_dagrun for feature_pipeline to 2026-08-29 21:00:00+00:00, run_after=2026-08-29 22:00:00+00:00
[2026-08-29T21:45:40.756+0000] {processor.py:183} INFO - Processing /opt/airflow/dags/feature_pipeline_dag.py took 31.148 seconds
[2026-08-29T21:46:11.334+0000] {processor.py:161} INFO - Started process (PID=2817) to work on /opt/airflow/dags/feature_pipeline_dag.py
[2026-08-29T21:46:11.357+0000] {processor.py:830} INFO - Processing file /opt/airflow/dags/feature_pipeline_dag.py for tasks to queue
[2026-08-29T21:46:11.361+0000] {logging_mixin.py:188} INFO - [2026-08-29T21:46:11.360+0000] {dagbag.py:545} INFO - Filling up the DagBag from /opt/airflow/dags/feature_pipeline_dag.py
[2026-08-29T21:46:14.197+0000] {processor.py:840} INFO - DAG(s) 'feature_pipeline' retrieved from /opt/airflow/dags/feature_pipeline_dag.py
[2026-08-29T21:46:14.873+0000] {logging_mixin.py:188} INFO - [2026-08-29T21:46:14.871+0000] {dag.py:3089} INFO - Sync 1 DAGs
[2026-08-29T21:46:15.238+0000] {logging_mixin.py:188} INFO - [2026-08-29T21:46:15.237+0000] {dag.py:3947} INFO - Setting next_dagrun for feature_pipeline to 2026-08-29 21:00:00+00:00, run_after=2026-08-29 22:00:00+00:00
[2026-08-29T21:46:15.437+0000] {processor.py:183} INFO - Processing /opt/airflow/dags/feature_pipeline_dag.py took 4.126 seconds
[2026-08-29T21:46:46.786+0000] {processor.py:161} INFO - Started process (PID=2834) to work on /opt/airflow/dags/feature_pipeline_dag.py
[2026-08-29T21:46:46.816+0000] {processor.py:830} INFO - Processing file /opt/airflow/dags/feature_pipeline_dag.py for tasks to queue
[2026-08-29T21:46:46.840+0000] {logging_mixin.py:188} INFO - [2026-08-29T21:46:46.825+0000] {dagbag.py:545} INFO - Filling up the DagBag from /opt/airflow/dags/feature_pipeline_dag.py
[2026-08-29T21:46:52.131+0000] {processor.py:840} INFO - DAG(s) 'feature_pipeline' retrieved from /opt/airflow/dags/feature_pipeline_dag.py
[2026-08-29T21:46:52.233+0000] {logging_mixin.py:188} INFO - [2026-08-29T21:46:52.230+0000] {dag.py:3089} INFO - Sync 1 DAGs
[2026-08-29T21:46:52.295+0000] {logging_mixin.py:188} INFO - [2026-08-29T21:46:52.294+0000] {dag.py:3947} INFO - Setting next_dagrun for feature_pipeline to 2026-08-29 21:00:00+00:00, run_after=2026-08-29 22:00:00+00:00
[2026-08-29T21:46:52.363+0000] {processor.py:183} INFO - Processing /opt/airflow/dags/feature_pipeline_dag.py took 5.941 seconds
[2026-08-29T21:47:23.659+0000] {processor.py:161} INFO - Started process (PID=2862) to work on /opt/airflow/dags/feature_pipeline_dag.py
[2026-08-29T21:47:23.663+0000] {processor.py:830} INFO - Processing file /opt/airflow/dags/feature_pipeline_dag.py for tasks to queue
[2026-08-29T21:47:23.667+0000] {logging_mixin.py:188} INFO - [2026-08-29T21:47:23.665+0000] {dagbag.py:545} INFO - Filling up the DagBag from /opt/airflow/dags/feature_pipeline_dag.py
[2026-08-29T21:47:28.834+0000] {processor.py:840} INFO - DAG(s) 'feature_pipeline' retrieved from /opt/airflow/dags/feature_pipeline_dag.py
[2026-08-29T21:47:28.941+0000] {logging_mixin.py:188} INFO - [2026-08-29T21:47:28.940+0000] {dag.py:3089} INFO - Sync 1 DAGs
[2026-08-29T21:47:29.019+0000] {logging_mixin.py:188} INFO - [2026-08-29T21:47:29.018+0000] {dag.py:3947} INFO - Setting next_dagrun for feature_pipeline to 2026-08-29 21:00:00+00:00, run_after=2026-08-29 22:00:00+00:00
[2026-08-29T21:47:29.128+0000] {processor.py:183} INFO - Processing /opt/airflow/dags/feature_pipeline_dag.py took 5.511 seconds
[2026-08-29T21:48:00.126+0000] {processor.py:161} INFO - Started process (PID=2889) to work on /opt/airflow/dags/feature_pipeline_dag.py
[2026-08-29T21:48:00.130+0000] {processor.py:830} INFO - Processing file /opt/airflow/dags/feature_pipeline_dag.py for tasks to queue
[2026-08-29T21:48:00.133+0000] {logging_mixin.py:188} INFO - [2026-08-29T21:48:00.132+0000] {dagbag.py:545} INFO - Filling up the DagBag from /opt/airflow/dags/feature_pipeline_dag.py
[2026-08-29T21:48:00.732+0000] {processor.py:840} INFO - DAG(s) 'feature_pipeline' retrieved from /opt/airflow/dags/feature_pipeline_dag.py
[2026-08-29T21:48:00.799+0000] {logging_mixin.py:188} INFO - [2026-08-29T21:48:00.798+0000] {dag.py:3089} INFO - Sync 1 DAGs
[2026-08-29T21:48:00.846+0000] {logging_mixin.py:188} INFO - [2026-08-29T21:48:00.845+0000] {dag.py:3947} INFO - Setting next_dagrun for feature_pipeline to 2026-08-29 21:00:00+00:00, run_after=2026-08-29 22:00:00+00:00
[2026-08-29T21:48:00.907+0000] {processor.py:183} INFO - Processing /opt/airflow/dags/feature_pipeline_dag.py took 3.041 seconds
