[2026-08-29T16:55:47.033+0000] {processor.py:161} INFO - Started process (PID=171) to work on /opt/airflow/dags/forecast_logging_dag.py
[2026-08-29T16:55:47.037+0000] {processor.py:830} INFO - Processing file /opt/airflow/dags/forecast_logging_dag.py for tasks to queue
[2026-08-29T16:55:47.044+0000] {logging_mixin.py:188} INFO - [2026-08-29T16:55:47.043+0000] {dagbag.py:545} INFO - Filling up the DagBag from /opt/airflow/dags/forecast_logging_dag.py
[2026-08-29T16:56:14.950+0000] {logging_mixin.py:188} INFO - [2026-08-29T16:56:14.934+0000] {timeout.py:68} ERROR - Process timed out, PID: 171
[2026-08-29T16:57:08.947+0000] {processor.py:161} INFO - Started process (PID=247) to work on /opt/airflow/dags/forecast_logging_dag.py
[2026-08-29T16:57:09.035+0000] {processor.py:830} INFO - Processing file /opt/airflow/dags/forecast_logging_dag.py for tasks to queue
[2026-08-29T16:57:09.208+0000] {logging_mixin.py:188} INFO - [2026-08-29T16:57:09.177+0000] {dagbag.py:545} INFO - Filling up the DagBag from /opt/airflow/dags/forecast_logging_dag.py
[2026-08-29T16:58:44.666+0000] {processor.py:161} INFO - Started process (PID=272) to work on /opt/airflow/dags/forecast_logging_dag.py
[2026-08-29T16:58:44.672+0000] {processor.py:830} INFO - Processing file /opt/airflow/dags/forecast_logging_dag.py for tasks to queue
[2026-08-29T16:58:45.751+0000] {logging_mixin.py:188} INFO - [2026-08-29T16:58:44.765+0000] {dagbag.py:545} INFO - Filling up the DagBag from /opt/airflow/dags/forecast_logging_dag.py
[2026-08-29T17:02:02.814+0000] {logging_mixin.py:188} INFO - [2026-08-29T17:02:02.375+0000] {timeout.py:68} ERROR - Process timed out, PID: 272
[2026-08-29T17:03:11.269+0000] {processor.py:161} INFO - Started process (PID=291) to work on /opt/airflow/dags/forecast_logging_dag.py
[2026-08-29T17:03:11.324+0000] {processor.py:830} INFO - Processing file /opt/airflow/dags/forecast_logging_dag.py for tasks to queue
[2026-08-29T17:03:11.948+0000] {logging_mixin.py:188} INFO - [2026-08-29T17:03:11.531+0000] {dagbag.py:545} INFO - Filling up the DagBag from /opt/airflow/dags/forecast_logging_dag.py
[2026-08-29T17:16:46.465+0000] {processor.py:161} INFO - Started process (PID=302) to work on /opt/airflow/dags/forecast_logging_dag.py
[2026-08-29T17:16:47.421+0000] {processor.py:830} INFO - Processing file /opt/airflow/dags/forecast_logging_dag.py for tasks to queue
[2026-08-29T17:16:47.796+0000] {logging_mixin.py:188} INFO - [2026-08-29T17:16:47.691+0000] {dagbag.py:545} INFO - Filling up the DagBag from /opt/airflow/dags/forecast_logging_dag.py
[2026-08-29T17:17:20.600+0000] {logging_mixin.py:188} INFO - [2026-08-29T17:17:20.598+0000] {timeout.py:68} ERROR - Process timed out, PID: 302
[2026-08-29T17:17:59.805+0000] {processor.py:161} INFO - Started process (PID=348) to work on /opt/airflow/dags/forecast_logging_dag.py
[2026-08-29T17:18:00.004+0000] {processor.py:830} INFO - Processing file /opt/airflow/dags/forecast_logging_dag.py for tasks to queue
[2026-08-29T17:18:00.172+0000] {logging_mixin.py:188} INFO - [2026-08-29T17:18:00.077+0000] {dagbag.py:545} INFO - Filling up the DagBag from /opt/airflow/dags/forecast_logging_dag.py
[2026-08-29T17:18:12.941+0000] {processor.py:840} INFO - DAG(s) 'forecast_logging' retrieved from /opt/airflow/dags/forecast_logging_dag.py
[2026-08-29T17:18:13.573+0000] {logging_mixin.py:188} INFO - [2026-08-29T17:18:13.572+0000] {dag.py:3089} INFO - Sync 1 DAGs
[2026-08-29T17:18:13.609+0000] {logging_mixin.py:188} INFO - [2026-08-29T17:18:13.609+0000] {dag.py:3947} INFO - Setting next_dagrun for forecast_logging to 2026-08-28 00:00:00+00:00, run_after=2026-08-29 00:00:00+00:00
[2026-08-29T17:18:13.659+0000] {processor.py:183} INFO - Processing /opt/airflow/dags/forecast_logging_dag.py took 18.249 seconds
[2026-08-29T17:18:52.229+0000] {processor.py:161} INFO - Started process (PID=435) to work on /opt/airflow/dags/forecast_logging_dag.py
[2026-08-29T17:18:52.233+0000] {processor.py:830} INFO - Processing file /opt/airflow/dags/forecast_logging_dag.py for tasks to queue
[2026-08-29T17:18:52.236+0000] {logging_mixin.py:188} INFO - [2026-08-29T17:18:52.235+0000] {dagbag.py:545} INFO - Filling up the DagBag from /opt/airflow/dags/forecast_logging_dag.py
[2026-08-29T17:18:56.588+0000] {processor.py:840} INFO - DAG(s) 'forecast_logging' retrieved from /opt/airflow/dags/forecast_logging_dag.py
[2026-08-29T17:18:56.645+0000] {logging_mixin.py:188} INFO - [2026-08-29T17:18:56.644+0000] {dag.py:3089} INFO - Sync 1 DAGs
[2026-08-29T17:18:56.680+0000] {logging_mixin.py:188} INFO - [2026-08-29T17:18:56.679+0000] {dag.py:3947} INFO - Setting next_dagrun for forecast_logging to 2026-08-29 00:00:00+00:00, run_after=2026-08-30 00:00:00+00:00
[2026-08-29T17:18:56.719+0000] {processor.py:183} INFO - Processing /opt/airflow/dags/forecast_logging_dag.py took 4.529 seconds
[2026-08-29T17:19:27.795+0000] {processor.py:161} INFO - Started process (PID=467) to work on /opt/airflow/dags/forecast_logging_dag.py
[2026-08-29T17:19:27.798+0000] {processor.py:830} INFO - Processing file /opt/airflow/dags/forecast_logging_dag.py for tasks to queue
[2026-08-29T17:19:27.800+0000] {logging_mixin.py:188} INFO - [2026-08-29T17:19:27.800+0000] {dagbag.py:545} INFO - Filling up the DagBag from /opt/airflow/dags/forecast_logging_dag.py
[2026-08-29T17:19:30.920+0000] {processor.py:840} INFO - DAG(s) 'forecast_logging' retrieved from /opt/airflow/dags/forecast_logging_dag.py
[2026-08-29T17:19:30.973+0000] {logging_mixin.py:188} INFO - [2026-08-29T17:19:30.972+0000] {dag.py:3089} INFO - Sync 1 DAGs
[2026-08-29T17:19:31.037+0000] {logging_mixin.py:188} INFO - [2026-08-29T17:19:31.036+0000] {dag.py:3947} INFO - Setting next_dagrun for forecast_logging to 2026-08-29 00:00:00+00:00, run_after=2026-08-30 00:00:00+00:00
[2026-08-29T17:19:31.348+0000] {processor.py:183} INFO - Processing /opt/airflow/dags/forecast_logging_dag.py took 4.293 seconds
[2026-08-29T17:20:02.033+0000] {processor.py:161} INFO - Started process (PID=497) to work on /opt/airflow/dags/forecast_logging_dag.py
[2026-08-29T17:20:02.036+0000] {processor.py:830} INFO - Processing file /opt/airflow/dags/forecast_logging_dag.py for tasks to queue
[2026-08-29T17:20:02.038+0000] {logging_mixin.py:188} INFO - [2026-08-29T17:20:02.037+0000] {dagbag.py:545} INFO - Filling up the DagBag from /opt/airflow/dags/forecast_logging_dag.py
[2026-08-29T17:20:05.896+0000] {processor.py:840} INFO - DAG(s) 'forecast_logging' retrieved from /opt/airflow/dags/forecast_logging_dag.py
[2026-08-29T17:20:05.947+0000] {logging_mixin.py:188} INFO - [2026-08-29T17:20:05.946+0000] {dag.py:3089} INFO - Sync 1 DAGs
[2026-08-29T17:20:06.239+0000] {logging_mixin.py:188} INFO - [2026-08-29T17:20:06.238+0000] {dag.py:3947} INFO - Setting next_dagrun for forecast_logging to 2026-08-29 00:00:00+00:00, run_after=2026-08-30 00:00:00+00:00
[2026-08-29T17:20:06.274+0000] {processor.py:183} INFO - Processing /opt/airflow/dags/forecast_logging_dag.py took 4.260 seconds
[2026-08-29T17:20:36.617+0000] {processor.py:161} INFO - Started process (PID=527) to work on /opt/airflow/dags/forecast_logging_dag.py
[2026-08-29T17:20:36.619+0000] {processor.py:830} INFO - Processing file /opt/airflow/dags/forecast_logging_dag.py for tasks to queue
[2026-08-29T17:20:36.622+0000] {logging_mixin.py:188} INFO - [2026-08-29T17:20:36.621+0000] {dagbag.py:545} INFO - Filling up the DagBag from /opt/airflow/dags/forecast_logging_dag.py
[2026-08-29T17:20:40.363+0000] {processor.py:840} INFO - DAG(s) 'forecast_logging' retrieved from /opt/airflow/dags/forecast_logging_dag.py
[2026-08-29T17:20:40.410+0000] {logging_mixin.py:188} INFO - [2026-08-29T17:20:40.410+0000] {dag.py:3089} INFO - Sync 1 DAGs
[2026-08-29T17:20:40.443+0000] {logging_mixin.py:188} INFO - [2026-08-29T17:20:40.442+0000] {dag.py:3947} INFO - Setting next_dagrun for forecast_logging to 2026-08-29 00:00:00+00:00, run_after=2026-08-30 00:00:00+00:00
[2026-08-29T17:20:40.478+0000] {processor.py:183} INFO - Processing /opt/airflow/dags/forecast_logging_dag.py took 3.878 seconds
[2026-08-29T17:31:28.086+0000] {processor.py:161} INFO - Started process (PID=548) to work on /opt/airflow/dags/forecast_logging_dag.py
[2026-08-29T17:31:28.093+0000] {processor.py:830} INFO - Processing file /opt/airflow/dags/forecast_logging_dag.py for tasks to queue
[2026-08-29T17:31:28.096+0000] {logging_mixin.py:188} INFO - [2026-08-29T17:31:28.095+0000] {dagbag.py:545} INFO - Filling up the DagBag from /opt/airflow/dags/forecast_logging_dag.py
[2026-08-29T17:31:31.863+0000] {processor.py:840} INFO - DAG(s) 'forecast_logging' retrieved from /opt/airflow/dags/forecast_logging_dag.py
[2026-08-29T17:31:31.934+0000] {logging_mixin.py:188} INFO - [2026-08-29T17:31:31.932+0000] {dag.py:3089} INFO - Sync 1 DAGs
[2026-08-29T17:31:31.978+0000] {logging_mixin.py:188} INFO - [2026-08-29T17:31:31.977+0000] {dag.py:3947} INFO - Setting next_dagrun for forecast_logging to 2026-08-29 00:00:00+00:00, run_after=2026-08-30 00:00:00+00:00
[2026-08-29T17:31:32.145+0000] {processor.py:183} INFO - Processing /opt/airflow/dags/forecast_logging_dag.py took 4.664 seconds
[2026-08-29T17:32:03.122+0000] {processor.py:161} INFO - Started process (PID=581) to work on /opt/airflow/dags/forecast_logging_dag.py
[2026-08-29T17:32:03.163+0000] {processor.py:830} INFO - Processing file /opt/airflow/dags/forecast_logging_dag.py for tasks to queue
[2026-08-29T17:32:03.166+0000] {logging_mixin.py:188} INFO - [2026-08-29T17:32:03.165+0000] {dagbag.py:545} INFO - Filling up the DagBag from /opt/airflow/dags/forecast_logging_dag.py
[2026-08-29T17:32:14.423+0000] {processor.py:840} INFO - DAG(s) 'forecast_logging' retrieved from /opt/airflow/dags/forecast_logging_dag.py
[2026-08-29T17:32:14.465+0000] {logging_mixin.py:188} INFO - [2026-08-29T17:32:14.464+0000] {dag.py:3089} INFO - Sync 1 DAGs
[2026-08-29T17:32:14.494+0000] {logging_mixin.py:188} INFO - [2026-08-29T17:32:14.494+0000] {dag.py:3947} INFO - Setting next_dagrun for forecast_logging to 2026-08-29 00:00:00+00:00, run_after=2026-08-30 00:00:00+00:00
[2026-08-29T17:32:14.568+0000] {processor.py:183} INFO - Processing /opt/airflow/dags/forecast_logging_dag.py took 11.462 seconds
[2026-08-29T17:32:48.342+0000] {processor.py:161} INFO - Started process (PID=614) to work on /opt/airflow/dags/forecast_logging_dag.py
[2026-08-29T17:32:50.863+0000] {processor.py:830} INFO - Processing file /opt/airflow/dags/forecast_logging_dag.py for tasks to queue
[2026-08-29T17:32:51.706+0000] {logging_mixin.py:188} INFO - [2026-08-29T17:32:50.865+0000] {dagbag.py:545} INFO - Filling up the DagBag from /opt/airflow/dags/forecast_logging_dag.py
[2026-08-29T17:33:13.394+0000] {processor.py:840} INFO - DAG(s) 'forecast_logging' retrieved from /opt/airflow/dags/forecast_logging_dag.py
[2026-08-29T17:33:13.473+0000] {logging_mixin.py:188} INFO - [2026-08-29T17:33:13.472+0000] {dag.py:3089} INFO - Sync 1 DAGs
[2026-08-29T17:33:13.513+0000] {logging_mixin.py:188} INFO - [2026-08-29T17:33:13.512+0000] {dag.py:3947} INFO - Setting next_dagrun for forecast_logging to 2026-08-29 00:00:00+00:00, run_after=2026-08-30 00:00:00+00:00
[2026-08-29T17:33:13.824+0000] {processor.py:183} INFO - Processing /opt/airflow/dags/forecast_logging_dag.py took 30.210 seconds
[2026-08-29T17:33:44.071+0000] {processor.py:161} INFO - Started process (PID=681) to work on /opt/airflow/dags/forecast_logging_dag.py
[2026-08-29T17:33:44.074+0000] {processor.py:830} INFO - Processing file /opt/airflow/dags/forecast_logging_dag.py for tasks to queue
[2026-08-29T17:33:44.077+0000] {logging_mixin.py:188} INFO - [2026-08-29T17:33:44.076+0000] {dagbag.py:545} INFO - Filling up the DagBag from /opt/airflow/dags/forecast_logging_dag.py
[2026-08-29T17:33:48.170+0000] {processor.py:840} INFO - DAG(s) 'forecast_logging' retrieved from /opt/airflow/dags/forecast_logging_dag.py
[2026-08-29T17:33:48.219+0000] {logging_mixin.py:188} INFO - [2026-08-29T17:33:48.218+0000] {dag.py:3089} INFO - Sync 1 DAGs
[2026-08-29T17:33:48.509+0000] {logging_mixin.py:188} INFO - [2026-08-29T17:33:48.508+0000] {dag.py:3947} INFO - Setting next_dagrun for forecast_logging to 2026-08-29 00:00:00+00:00, run_after=2026-08-30 00:00:00+00:00
[2026-08-29T17:33:48.560+0000] {processor.py:183} INFO - Processing /opt/airflow/dags/forecast_logging_dag.py took 4.509 seconds
[2026-08-29T17:34:19.764+0000] {processor.py:161} INFO - Started process (PID=732) to work on /opt/airflow/dags/forecast_logging_dag.py
[2026-08-29T17:34:19.766+0000] {processor.py:830} INFO - Processing file /opt/airflow/dags/forecast_logging_dag.py for tasks to queue
[2026-08-29T17:34:19.769+0000] {logging_mixin.py:188} INFO - [2026-08-29T17:34:19.768+0000] {dagbag.py:545} INFO - Filling up the DagBag from /opt/airflow/dags/forecast_logging_dag.py
[2026-08-29T17:34:21.960+0000] {processor.py:840} INFO - DAG(s) 'forecast_logging' retrieved from /opt/airflow/dags/forecast_logging_dag.py
[2026-08-29T17:34:22.011+0000] {logging_mixin.py:188} INFO - [2026-08-29T17:34:22.010+0000] {dag.py:3089} INFO - Sync 1 DAGs
[2026-08-29T17:34:22.048+0000] {logging_mixin.py:188} INFO - [2026-08-29T17:34:22.048+0000] {dag.py:3947} INFO - Setting next_dagrun for forecast_logging to 2026-08-29 00:00:00+00:00, run_after=2026-08-30 00:00:00+00:00
[2026-08-29T17:34:22.087+0000] {processor.py:183} INFO - Processing /opt/airflow/dags/forecast_logging_dag.py took 4.075 seconds
[2026-08-29T17:34:52.438+0000] {processor.py:161} INFO - Started process (PID=762) to work on /opt/airflow/dags/forecast_logging_dag.py
[2026-08-29T17:34:52.441+0000] {processor.py:830} INFO - Processing file /opt/airflow/dags/forecast_logging_dag.py for tasks to queue
[2026-08-29T17:34:52.443+0000] {logging_mixin.py:188} INFO - [2026-08-29T17:34:52.443+0000] {dagbag.py:545} INFO - Filling up the DagBag from /opt/airflow/dags/forecast_logging_dag.py
[2026-08-29T17:34:56.181+0000] {processor.py:840} INFO - DAG(s) 'forecast_logging' retrieved from /opt/airflow/dags/forecast_logging_dag.py
[2026-08-29T17:34:56.230+0000] {logging_mixin.py:188} INFO - [2026-08-29T17:34:56.230+0000] {dag.py:3089} INFO - Sync 1 DAGs
[2026-08-29T17:34:56.262+0000] {logging_mixin.py:188} INFO - [2026-08-29T17:34:56.261+0000] {dag.py:3947} INFO - Setting next_dagrun for forecast_logging to 2026-08-29 00:00:00+00:00, run_after=2026-08-30 00:00:00+00:00
[2026-08-29T17:34:56.298+0000] {processor.py:183} INFO - Processing /opt/airflow/dags/forecast_logging_dag.py took 3.877 seconds
[2026-08-29T17:35:26.654+0000] {processor.py:161} INFO - Started process (PID=792) to work on /opt/airflow/dags/forecast_logging_dag.py
[2026-08-29T17:35:26.657+0000] {processor.py:830} INFO - Processing file /opt/airflow/dags/forecast_logging_dag.py for tasks to queue
[2026-08-29T17:35:26.659+0000] {logging_mixin.py:188} INFO - [2026-08-29T17:35:26.659+0000] {dagbag.py:545} INFO - Filling up the DagBag from /opt/airflow/dags/forecast_logging_dag.py
[2026-08-29T17:35:30.261+0000] {processor.py:840} INFO - DAG(s) 'forecast_logging' retrieved from /opt/airflow/dags/forecast_logging_dag.py
[2026-08-29T17:35:30.317+0000] {logging_mixin.py:188} INFO - [2026-08-29T17:35:30.316+0000] {dag.py:3089} INFO - Sync 1 DAGs
[2026-08-29T17:35:30.350+0000] {logging_mixin.py:188} INFO - [2026-08-29T17:35:30.350+0000] {dag.py:3947} INFO - Setting next_dagrun for forecast_logging to 2026-08-29 00:00:00+00:00, run_after=2026-08-30 00:00:00+00:00
[2026-08-29T17:35:30.391+0000] {processor.py:183} INFO - Processing /opt/airflow/dags/forecast_logging_dag.py took 3.754 seconds
[2026-08-29T17:36:01.516+0000] {processor.py:161} INFO - Started process (PID=822) to work on /opt/airflow/dags/forecast_logging_dag.py
[2026-08-29T17:36:01.518+0000] {processor.py:830} INFO - Processing file /opt/airflow/dags/forecast_logging_dag.py for tasks to queue
[2026-08-29T17:36:01.521+0000] {logging_mixin.py:188} INFO - [2026-08-29T17:36:01.520+0000] {dagbag.py:545} INFO - Filling up the DagBag from /opt/airflow/dags/forecast_logging_dag.py
[2026-08-29T17:36:05.542+0000] {processor.py:840} INFO - DAG(s) 'forecast_logging' retrieved from /opt/airflow/dags/forecast_logging_dag.py
[2026-08-29T17:36:05.593+0000] {logging_mixin.py:188} INFO - [2026-08-29T17:36:05.592+0000] {dag.py:3089} INFO - Sync 1 DAGs
[2026-08-29T17:36:05.628+0000] {logging_mixin.py:188} INFO - [2026-08-29T17:36:05.628+0000] {dag.py:3947} INFO - Setting next_dagrun for forecast_logging to 2026-08-29 00:00:00+00:00, run_after=2026-08-30 00:00:00+00:00
[2026-08-29T17:36:05.880+0000] {processor.py:183} INFO - Processing /opt/airflow/dags/forecast_logging_dag.py took 4.380 seconds
[2026-08-29T17:36:36.169+0000] {processor.py:161} INFO - Started process (PID=852) to work on /opt/airflow/dags/forecast_logging_dag.py
[2026-08-29T17:36:36.172+0000] {processor.py:830} INFO - Processing file /opt/airflow/dags/forecast_logging_dag.py for tasks to queue
[2026-08-29T17:36:36.175+0000] {logging_mixin.py:188} INFO - [2026-08-29T17:36:36.174+0000] {dagbag.py:545} INFO - Filling up the DagBag from /opt/airflow/dags/forecast_logging_dag.py
[2026-08-29T17:36:39.856+0000] {processor.py:840} INFO - DAG(s) 'forecast_logging' retrieved from /opt/airflow/dags/forecast_logging_dag.py
[2026-08-29T17:36:39.913+0000] {logging_mixin.py:188} INFO - [2026-08-29T17:36:39.910+0000] {dag.py:3089} INFO - Sync 1 DAGs
[2026-08-29T17:36:40.183+0000] {logging_mixin.py:188} INFO - [2026-08-29T17:36:40.182+0000] {dag.py:3947} INFO - Setting next_dagrun for forecast_logging to 2026-08-29 00:00:00+00:00, run_after=2026-08-30 00:00:00+00:00
[2026-08-29T17:36:40.219+0000] {processor.py:183} INFO - Processing /opt/airflow/dags/forecast_logging_dag.py took 4.073 seconds
[2026-08-29T17:37:10.812+0000] {processor.py:161} INFO - Started process (PID=882) to work on /opt/airflow/dags/forecast_logging_dag.py
[2026-08-29T17:37:10.814+0000] {processor.py:830} INFO - Processing file /opt/airflow/dags/forecast_logging_dag.py for tasks to queue
[2026-08-29T17:37:10.817+0000] {logging_mixin.py:188} INFO - [2026-08-29T17:37:10.816+0000] {dagbag.py:545} INFO - Filling up the DagBag from /opt/airflow/dags/forecast_logging_dag.py
[2026-08-29T17:37:14.806+0000] {processor.py:840} INFO - DAG(s) 'forecast_logging' retrieved from /opt/airflow/dags/forecast_logging_dag.py
[2026-08-29T17:37:14.889+0000] {logging_mixin.py:188} INFO - [2026-08-29T17:37:14.888+0000] {dag.py:3089} INFO - Sync 1 DAGs
[2026-08-29T17:37:14.930+0000] {logging_mixin.py:188} INFO - [2026-08-29T17:37:14.930+0000] {dag.py:3947} INFO - Setting next_dagrun for forecast_logging to 2026-08-29 00:00:00+00:00, run_after=2026-08-30 00:00:00+00:00
[2026-08-29T17:37:14.968+0000] {processor.py:183} INFO - Processing /opt/airflow/dags/forecast_logging_dag.py took 4.171 seconds
[2026-08-29T17:37:45.895+0000] {processor.py:161} INFO - Started process (PID=912) to work on /opt/airflow/dags/forecast_logging_dag.py
[2026-08-29T17:37:45.899+0000] {processor.py:830} INFO - Processing file /opt/airflow/dags/forecast_logging_dag.py for tasks to queue
[2026-08-29T17:37:45.901+0000] {logging_mixin.py:188} INFO - [2026-08-29T17:37:45.900+0000] {dagbag.py:545} INFO - Filling up the DagBag from /opt/airflow/dags/forecast_logging_dag.py
[2026-08-29T17:37:49.903+0000] {processor.py:840} INFO - DAG(s) 'forecast_logging' retrieved from /opt/airflow/dags/forecast_logging_dag.py
[2026-08-29T17:37:49.956+0000] {logging_mixin.py:188} INFO - [2026-08-29T17:37:49.955+0000] {dag.py:3089} INFO - Sync 1 DAGs
[2026-08-29T17:37:49.992+0000] {logging_mixin.py:188} INFO - [2026-08-29T17:37:49.991+0000] {dag.py:3947} INFO - Setting next_dagrun for forecast_logging to 2026-08-29 00:00:00+00:00, run_after=2026-08-30 00:00:00+00:00
[2026-08-29T17:37:50.028+0000] {processor.py:183} INFO - Processing /opt/airflow/dags/forecast_logging_dag.py took 4.149 seconds
[2026-08-29T17:38:20.748+0000] {processor.py:161} INFO - Started process (PID=942) to work on /opt/airflow/dags/forecast_logging_dag.py
[2026-08-29T17:38:20.750+0000] {processor.py:830} INFO - Processing file /opt/airflow/dags/forecast_logging_dag.py for tasks to queue
[2026-08-29T17:38:20.753+0000] {logging_mixin.py:188} INFO - [2026-08-29T17:38:20.752+0000] {dagbag.py:545} INFO - Filling up the DagBag from /opt/airflow/dags/forecast_logging_dag.py
[2026-08-29T17:38:24.703+0000] {processor.py:840} INFO - DAG(s) 'forecast_logging' retrieved from /opt/airflow/dags/forecast_logging_dag.py
[2026-08-29T17:38:24.750+0000] {logging_mixin.py:188} INFO - [2026-08-29T17:38:24.750+0000] {dag.py:3089} INFO - Sync 1 DAGs
[2026-08-29T17:38:24.784+0000] {logging_mixin.py:188} INFO - [2026-08-29T17:38:24.784+0000] {dag.py:3947} INFO - Setting next_dagrun for forecast_logging to 2026-08-29 00:00:00+00:00, run_after=2026-08-30 00:00:00+00:00
[2026-08-29T17:38:24.823+0000] {processor.py:183} INFO - Processing /opt/airflow/dags/forecast_logging_dag.py took 4.090 seconds
[2026-08-29T17:38:55.336+0000] {processor.py:161} INFO - Started process (PID=972) to work on /opt/airflow/dags/forecast_logging_dag.py
[2026-08-29T17:38:55.339+0000] {processor.py:830} INFO - Processing file /opt/airflow/dags/forecast_logging_dag.py for tasks to queue
[2026-08-29T17:38:55.342+0000] {logging_mixin.py:188} INFO - [2026-08-29T17:38:55.341+0000] {dagbag.py:545} INFO - Filling up the DagBag from /opt/airflow/dags/forecast_logging_dag.py
[2026-08-29T17:38:59.303+0000] {processor.py:840} INFO - DAG(s) 'forecast_logging' retrieved from /opt/airflow/dags/forecast_logging_dag.py
[2026-08-29T17:38:59.359+0000] {logging_mixin.py:188} INFO - [2026-08-29T17:38:59.358+0000] {dag.py:3089} INFO - Sync 1 DAGs
[2026-08-29T17:38:59.651+0000] {logging_mixin.py:188} INFO - [2026-08-29T17:38:59.651+0000] {dag.py:3947} INFO - Setting next_dagrun for forecast_logging to 2026-08-29 00:00:00+00:00, run_after=2026-08-30 00:00:00+00:00
[2026-08-29T17:38:59.689+0000] {processor.py:183} INFO - Processing /opt/airflow/dags/forecast_logging_dag.py took 4.374 seconds
[2026-08-29T17:39:29.973+0000] {processor.py:161} INFO - Started process (PID=1002) to work on /opt/airflow/dags/forecast_logging_dag.py
[2026-08-29T17:39:29.975+0000] {processor.py:830} INFO - Processing file /opt/airflow/dags/forecast_logging_dag.py for tasks to queue
[2026-08-29T17:39:29.978+0000] {logging_mixin.py:188} INFO - [2026-08-29T17:39:29.977+0000] {dagbag.py:545} INFO - Filling up the DagBag from /opt/airflow/dags/forecast_logging_dag.py
[2026-08-29T17:39:33.787+0000] {processor.py:840} INFO - DAG(s) 'forecast_logging' retrieved from /opt/airflow/dags/forecast_logging_dag.py
[2026-08-29T17:39:33.841+0000] {logging_mixin.py:188} INFO - [2026-08-29T17:39:33.838+0000] {dag.py:3089} INFO - Sync 1 DAGs
[2026-08-29T17:39:34.079+0000] {logging_mixin.py:188} INFO - [2026-08-29T17:39:34.079+0000] {dag.py:3947} INFO - Setting next_dagrun for forecast_logging to 2026-08-29 00:00:00+00:00, run_after=2026-08-30 00:00:00+00:00
[2026-08-29T17:39:34.161+0000] {processor.py:183} INFO - Processing /opt/airflow/dags/forecast_logging_dag.py took 4.208 seconds
[2026-08-29T17:40:04.962+0000] {processor.py:161} INFO - Started process (PID=1032) to work on /opt/airflow/dags/forecast_logging_dag.py
[2026-08-29T17:40:04.964+0000] {processor.py:830} INFO - Processing file /opt/airflow/dags/forecast_logging_dag.py for tasks to queue
[2026-08-29T17:40:04.967+0000] {logging_mixin.py:188} INFO - [2026-08-29T17:40:04.966+0000] {dagbag.py:545} INFO - Filling up the DagBag from /opt/airflow/dags/forecast_logging_dag.py
[2026-08-29T17:40:09.057+0000] {processor.py:840} INFO - DAG(s) 'forecast_logging' retrieved from /opt/airflow/dags/forecast_logging_dag.py
[2026-08-29T17:40:09.123+0000] {logging_mixin.py:188} INFO - [2026-08-29T17:40:09.122+0000] {dag.py:3089} INFO - Sync 1 DAGs
[2026-08-29T17:40:09.179+0000] {logging_mixin.py:188} INFO - [2026-08-29T17:40:09.178+0000] {dag.py:3947} INFO - Setting next_dagrun for forecast_logging to 2026-08-29 00:00:00+00:00, run_after=2026-08-30 00:00:00+00:00
[2026-08-29T17:40:09.228+0000] {processor.py:183} INFO - Processing /opt/airflow/dags/forecast_logging_dag.py took 4.282 seconds
[2026-08-29T17:40:40.087+0000] {processor.py:161} INFO - Started process (PID=1062) to work on /opt/airflow/dags/forecast_logging_dag.py
[2026-08-29T17:40:40.090+0000] {processor.py:830} INFO - Processing file /opt/airflow/dags/forecast_logging_dag.py for tasks to queue
[2026-08-29T17:40:40.093+0000] {logging_mixin.py:188} INFO - [2026-08-29T17:40:40.092+0000] {dagbag.py:545} INFO - Filling up the DagBag from /opt/airflow/dags/forecast_logging_dag.py
[2026-08-29T17:40:43.857+0000] {processor.py:840} INFO - DAG(s) 'forecast_logging' retrieved from /opt/airflow/dags/forecast_logging_dag.py
[2026-08-29T17:40:43.905+0000] {logging_mixin.py:188} INFO - [2026-08-29T17:40:43.904+0000] {dag.py:3089} INFO - Sync 1 DAGs
[2026-08-29T17:40:43.937+0000] {logging_mixin.py:188} INFO - [2026-08-29T17:40:43.937+0000] {dag.py:3947} INFO - Setting next_dagrun for forecast_logging to 2026-08-29 00:00:00+00:00, run_after=2026-08-30 00:00:00+00:00
[2026-08-29T17:40:43.973+0000] {processor.py:183} INFO - Processing /opt/airflow/dags/forecast_logging_dag.py took 3.907 seconds
[2026-08-29T17:41:14.984+0000] {processor.py:161} INFO - Started process (PID=1092) to work on /opt/airflow/dags/forecast_logging_dag.py
[2026-08-29T17:41:14.987+0000] {processor.py:830} INFO - Processing file /opt/airflow/dags/forecast_logging_dag.py for tasks to queue
[2026-08-29T17:41:14.989+0000] {logging_mixin.py:188} INFO - [2026-08-29T17:41:14.988+0000] {dagbag.py:545} INFO - Filling up the DagBag from /opt/airflow/dags/forecast_logging_dag.py
[2026-08-29T17:41:18.811+0000] {processor.py:840} INFO - DAG(s) 'forecast_logging' retrieved from /opt/airflow/dags/forecast_logging_dag.py
[2026-08-29T17:41:18.862+0000] {logging_mixin.py:188} INFO - [2026-08-29T17:41:18.861+0000] {dag.py:3089} INFO - Sync 1 DAGs
[2026-08-29T17:41:18.894+0000] {logging_mixin.py:188} INFO - [2026-08-29T17:41:18.894+0000] {dag.py:3947} INFO - Setting next_dagrun for forecast_logging to 2026-08-29 00:00:00+00:00, run_after=2026-08-30 00:00:00+00:00
[2026-08-29T17:41:18.935+0000] {processor.py:183} INFO - Processing /opt/airflow/dags/forecast_logging_dag.py took 3.968 seconds
[2026-08-29T19:44:04.705+0000] {processor.py:161} INFO - Started process (PID=1125) to work on /opt/airflow/dags/forecast_logging_dag.py
[2026-08-29T19:44:04.707+0000] {processor.py:830} INFO - Processing file /opt/airflow/dags/forecast_logging_dag.py for tasks to queue
[2026-08-29T19:44:04.709+0000] {logging_mixin.py:188} INFO - [2026-08-29T19:44:04.708+0000] {dagbag.py:545} INFO - Filling up the DagBag from /opt/airflow/dags/forecast_logging_dag.py
[2026-08-29T19:44:20.845+0000] {processor.py:840} INFO - DAG(s) 'forecast_logging' retrieved from /opt/airflow/dags/forecast_logging_dag.py
[2026-08-29T19:44:21.232+0000] {logging_mixin.py:188} INFO - [2026-08-29T19:44:21.228+0000] {dag.py:3089} INFO - Sync 1 DAGs
[2026-08-29T19:44:22.666+0000] {logging_mixin.py:188} INFO - [2026-08-29T19:44:22.665+0000] {dag.py:3947} INFO - Setting next_dagrun for forecast_logging to 2026-08-29 00:00:00+00:00, run_after=2026-08-30 00:00:00+00:00
[2026-08-29T19:44:22.750+0000] {processor.py:183} INFO - Processing /opt/airflow/dags/forecast_logging_dag.py took 18.071 seconds
[2026-08-29T19:44:53.655+0000] {processor.py:161} INFO - Started process (PID=1164) to work on /opt/airflow/dags/forecast_logging_dag.py
[2026-08-29T19:44:53.658+0000] {processor.py:830} INFO - Processing file /opt/airflow/dags/forecast_logging_dag.py for tasks to queue
[2026-08-29T19:44:53.660+0000] {logging_mixin.py:188} INFO - [2026-08-29T19:44:53.659+0000] {dagbag.py:545} INFO - Filling up the DagBag from /opt/airflow/dags/forecast_logging_dag.py
[2026-08-29T19:44:56.521+0000] {processor.py:840} INFO - DAG(s) 'forecast_logging' retrieved from /opt/airflow/dags/forecast_logging_dag.py
[2026-08-29T19:44:56.567+0000] {logging_mixin.py:188} INFO - [2026-08-29T19:44:56.566+0000] {dag.py:3089} INFO - Sync 1 DAGs
[2026-08-29T19:44:56.594+0000] {logging_mixin.py:188} INFO - [2026-08-29T19:44:56.594+0000] {dag.py:3947} INFO - Setting next_dagrun for forecast_logging to 2026-08-29 00:00:00+00:00, run_after=2026-08-30 00:00:00+00:00
[2026-08-29T19:44:56.621+0000] {processor.py:183} INFO - Processing /opt/airflow/dags/forecast_logging_dag.py took 2.980 seconds
[2026-08-29T19:45:27.226+0000] {processor.py:161} INFO - Started process (PID=1198) to work on /opt/airflow/dags/forecast_logging_dag.py
[2026-08-29T19:45:27.228+0000] {processor.py:830} INFO - Processing file /opt/airflow/dags/forecast_logging_dag.py for tasks to queue
[2026-08-29T19:45:27.230+0000] {logging_mixin.py:188} INFO - [2026-08-29T19:45:27.230+0000] {dagbag.py:545} INFO - Filling up the DagBag from /opt/airflow/dags/forecast_logging_dag.py
[2026-08-29T19:45:29.939+0000] {processor.py:840} INFO - DAG(s) 'forecast_logging' retrieved from /opt/airflow/dags/forecast_logging_dag.py
[2026-08-29T19:45:29.976+0000] {logging_mixin.py:188} INFO - [2026-08-29T19:45:29.976+0000] {dag.py:3089} INFO - Sync 1 DAGs
[2026-08-29T19:45:30.002+0000] {logging_mixin.py:188} INFO - [2026-08-29T19:45:30.002+0000] {dag.py:3947} INFO - Setting next_dagrun for forecast_logging to 2026-08-29 00:00:00+00:00, run_after=2026-08-30 00:00:00+00:00
[2026-08-29T19:45:30.029+0000] {processor.py:183} INFO - Processing /opt/airflow/dags/forecast_logging_dag.py took 2.817 seconds
[2026-08-29T19:46:00.480+0000] {processor.py:161} INFO - Started process (PID=1228) to work on /opt/airflow/dags/forecast_logging_dag.py
[2026-08-29T19:46:00.483+0000] {processor.py:830} INFO - Processing file /opt/airflow/dags/forecast_logging_dag.py for tasks to queue
[2026-08-29T19:46:00.486+0000] {logging_mixin.py:188} INFO - [2026-08-29T19:46:00.485+0000] {dagbag.py:545} INFO - Filling up the DagBag from /opt/airflow/dags/forecast_logging_dag.py
[2026-08-29T19:46:04.181+0000] {processor.py:840} INFO - DAG(s) 'forecast_logging' retrieved from /opt/airflow/dags/forecast_logging_dag.py
[2026-08-29T19:46:04.233+0000] {logging_mixin.py:188} INFO - [2026-08-29T19:46:04.232+0000] {dag.py:3089} INFO - Sync 1 DAGs
[2026-08-29T19:46:04.268+0000] {logging_mixin.py:188} INFO - [2026-08-29T19:46:04.267+0000] {dag.py:3947} INFO - Setting next_dagrun for forecast_logging to 2026-08-29 00:00:00+00:00, run_after=2026-08-30 00:00:00+00:00
[2026-08-29T19:46:04.307+0000] {processor.py:183} INFO - Processing /opt/airflow/dags/forecast_logging_dag.py took 3.859 seconds
[2026-08-29T19:46:35.179+0000] {processor.py:161} INFO - Started process (PID=1258) to work on /opt/airflow/dags/forecast_logging_dag.py
[2026-08-29T19:46:35.183+0000] {processor.py:830} INFO - Processing file /opt/airflow/dags/forecast_logging_dag.py for tasks to queue
[2026-08-29T19:46:35.187+0000] {logging_mixin.py:188} INFO - [2026-08-29T19:46:35.186+0000] {dagbag.py:545} INFO - Filling up the DagBag from /opt/airflow/dags/forecast_logging_dag.py
[2026-08-29T19:46:38.739+0000] {processor.py:840} INFO - DAG(s) 'forecast_logging' retrieved from /opt/airflow/dags/forecast_logging_dag.py
[2026-08-29T19:46:38.799+0000] {logging_mixin.py:188} INFO - [2026-08-29T19:46:38.798+0000] {dag.py:3089} INFO - Sync 1 DAGs
[2026-08-29T19:46:38.839+0000] {logging_mixin.py:188} INFO - [2026-08-29T19:46:38.838+0000] {dag.py:3947} INFO - Setting next_dagrun for forecast_logging to 2026-08-29 00:00:00+00:00, run_after=2026-08-30 00:00:00+00:00
[2026-08-29T19:46:39.090+0000] {processor.py:183} INFO - Processing /opt/airflow/dags/forecast_logging_dag.py took 3.932 seconds
[2026-08-29T19:47:09.299+0000] {processor.py:161} INFO - Started process (PID=1290) to work on /opt/airflow/dags/forecast_logging_dag.py
[2026-08-29T19:47:09.301+0000] {processor.py:830} INFO - Processing file /opt/airflow/dags/forecast_logging_dag.py for tasks to queue
[2026-08-29T19:47:09.303+0000] {logging_mixin.py:188} INFO - [2026-08-29T19:47:09.303+0000] {dagbag.py:545} INFO - Filling up the DagBag from /opt/airflow/dags/forecast_logging_dag.py
[2026-08-29T19:47:12.664+0000] {processor.py:840} INFO - DAG(s) 'forecast_logging' retrieved from /opt/airflow/dags/forecast_logging_dag.py
[2026-08-29T19:47:12.717+0000] {logging_mixin.py:188} INFO - [2026-08-29T19:47:12.716+0000] {dag.py:3089} INFO - Sync 1 DAGs
[2026-08-29T19:47:12.922+0000] {logging_mixin.py:188} INFO - [2026-08-29T19:47:12.922+0000] {dag.py:3947} INFO - Setting next_dagrun for forecast_logging to 2026-08-29 00:00:00+00:00, run_after=2026-08-30 00:00:00+00:00
[2026-08-29T19:47:12.952+0000] {processor.py:183} INFO - Processing /opt/airflow/dags/forecast_logging_dag.py took 3.667 seconds
[2026-08-29T19:47:43.755+0000] {processor.py:161} INFO - Started process (PID=1320) to work on /opt/airflow/dags/forecast_logging_dag.py
[2026-08-29T19:47:43.758+0000] {processor.py:830} INFO - Processing file /opt/airflow/dags/forecast_logging_dag.py for tasks to queue
[2026-08-29T19:47:43.760+0000] {logging_mixin.py:188} INFO - [2026-08-29T19:47:43.759+0000] {dagbag.py:545} INFO - Filling up the DagBag from /opt/airflow/dags/forecast_logging_dag.py
[2026-08-29T19:47:46.892+0000] {processor.py:840} INFO - DAG(s) 'forecast_logging' retrieved from /opt/airflow/dags/forecast_logging_dag.py
[2026-08-29T19:47:47.119+0000] {logging_mixin.py:188} INFO - [2026-08-29T19:47:46.933+0000] {dag.py:3089} INFO - Sync 1 DAGs
[2026-08-29T19:47:47.143+0000] {logging_mixin.py:188} INFO - [2026-08-29T19:47:47.143+0000] {dag.py:3947} INFO - Setting next_dagrun for forecast_logging to 2026-08-29 00:00:00+00:00, run_after=2026-08-30 00:00:00+00:00
[2026-08-29T19:47:47.167+0000] {processor.py:183} INFO - Processing /opt/airflow/dags/forecast_logging_dag.py took 3.426 seconds
[2026-08-29T19:48:17.970+0000] {processor.py:161} INFO - Started process (PID=1350) to work on /opt/airflow/dags/forecast_logging_dag.py
[2026-08-29T19:48:17.972+0000] {processor.py:830} INFO - Processing file /opt/airflow/dags/forecast_logging_dag.py for tasks to queue
[2026-08-29T19:48:17.974+0000] {logging_mixin.py:188} INFO - [2026-08-29T19:48:17.974+0000] {dagbag.py:545} INFO - Filling up the DagBag from /opt/airflow/dags/forecast_logging_dag.py
[2026-08-29T19:48:21.010+0000] {processor.py:840} INFO - DAG(s) 'forecast_logging' retrieved from /opt/airflow/dags/forecast_logging_dag.py
[2026-08-29T19:48:21.270+0000] {logging_mixin.py:188} INFO - [2026-08-29T19:48:21.270+0000] {dag.py:3089} INFO - Sync 1 DAGs
[2026-08-29T19:48:21.299+0000] {logging_mixin.py:188} INFO - [2026-08-29T19:48:21.299+0000] {dag.py:3947} INFO - Setting next_dagrun for forecast_logging to 2026-08-29 00:00:00+00:00, run_after=2026-08-30 00:00:00+00:00
[2026-08-29T19:48:22.871+0000] {processor.py:183} INFO - Processing /opt/airflow/dags/forecast_logging_dag.py took 4.912 seconds
[2026-08-29T19:48:53.837+0000] {processor.py:161} INFO - Started process (PID=1380) to work on /opt/airflow/dags/forecast_logging_dag.py
[2026-08-29T19:48:53.840+0000] {processor.py:830} INFO - Processing file /opt/airflow/dags/forecast_logging_dag.py for tasks to queue
[2026-08-29T19:48:53.842+0000] {logging_mixin.py:188} INFO - [2026-08-29T19:48:53.841+0000] {dagbag.py:545} INFO - Filling up the DagBag from /opt/airflow/dags/forecast_logging_dag.py
[2026-08-29T19:48:56.930+0000] {processor.py:840} INFO - DAG(s) 'forecast_logging' retrieved from /opt/airflow/dags/forecast_logging_dag.py
[2026-08-29T19:48:56.976+0000] {logging_mixin.py:188} INFO - [2026-08-29T19:48:56.975+0000] {dag.py:3089} INFO - Sync 1 DAGs
[2026-08-29T19:48:57.005+0000] {logging_mixin.py:188} INFO - [2026-08-29T19:48:57.004+0000] {dag.py:3947} INFO - Setting next_dagrun for forecast_logging to 2026-08-29 00:00:00+00:00, run_after=2026-08-30 00:00:00+00:00
[2026-08-29T19:48:57.069+0000] {processor.py:183} INFO - Processing /opt/airflow/dags/forecast_logging_dag.py took 3.246 seconds
[2026-08-29T19:49:27.626+0000] {processor.py:161} INFO - Started process (PID=1410) to work on /opt/airflow/dags/forecast_logging_dag.py
[2026-08-29T19:49:27.629+0000] {processor.py:830} INFO - Processing file /opt/airflow/dags/forecast_logging_dag.py for tasks to queue
[2026-08-29T19:49:27.631+0000] {logging_mixin.py:188} INFO - [2026-08-29T19:49:27.630+0000] {dagbag.py:545} INFO - Filling up the DagBag from /opt/airflow/dags/forecast_logging_dag.py
[2026-08-29T19:49:29.407+0000] {processor.py:840} INFO - DAG(s) 'forecast_logging' retrieved from /opt/airflow/dags/forecast_logging_dag.py
[2026-08-29T19:49:29.453+0000] {logging_mixin.py:188} INFO - [2026-08-29T19:49:29.452+0000] {dag.py:3089} INFO - Sync 1 DAGs
[2026-08-29T19:49:29.484+0000] {logging_mixin.py:188} INFO - [2026-08-29T19:49:29.483+0000] {dag.py:3947} INFO - Setting next_dagrun for forecast_logging to 2026-08-29 00:00:00+00:00, run_after=2026-08-30 00:00:00+00:00
[2026-08-29T19:49:29.521+0000] {processor.py:183} INFO - Processing /opt/airflow/dags/forecast_logging_dag.py took 3.667 seconds
[2026-08-29T19:50:00.124+0000] {processor.py:161} INFO - Started process (PID=1440) to work on /opt/airflow/dags/forecast_logging_dag.py
[2026-08-29T19:50:00.127+0000] {processor.py:830} INFO - Processing file /opt/airflow/dags/forecast_logging_dag.py for tasks to queue
[2026-08-29T19:50:00.129+0000] {logging_mixin.py:188} INFO - [2026-08-29T19:50:00.128+0000] {dagbag.py:545} INFO - Filling up the DagBag from /opt/airflow/dags/forecast_logging_dag.py
[2026-08-29T19:50:03.902+0000] {processor.py:840} INFO - DAG(s) 'forecast_logging' retrieved from /opt/airflow/dags/forecast_logging_dag.py
[2026-08-29T19:50:03.956+0000] {logging_mixin.py:188} INFO - [2026-08-29T19:50:03.956+0000] {dag.py:3089} INFO - Sync 1 DAGs
[2026-08-29T19:50:04.213+0000] {logging_mixin.py:188} INFO - [2026-08-29T19:50:04.212+0000] {dag.py:3947} INFO - Setting next_dagrun for forecast_logging to 2026-08-29 00:00:00+00:00, run_after=2026-08-30 00:00:00+00:00
[2026-08-29T19:50:04.247+0000] {processor.py:183} INFO - Processing /opt/airflow/dags/forecast_logging_dag.py took 4.139 seconds
[2026-08-29T19:50:33.320+0000] {processor.py:161} INFO - Started process (PID=1470) to work on /opt/airflow/dags/forecast_logging_dag.py
[2026-08-29T19:50:33.323+0000] {processor.py:830} INFO - Processing file /opt/airflow/dags/forecast_logging_dag.py for tasks to queue
[2026-08-29T19:50:33.326+0000] {logging_mixin.py:188} INFO - [2026-08-29T19:50:33.325+0000] {dagbag.py:545} INFO - Filling up the DagBag from /opt/airflow/dags/forecast_logging_dag.py
[2026-08-29T19:50:37.050+0000] {processor.py:840} INFO - DAG(s) 'forecast_logging' retrieved from /opt/airflow/dags/forecast_logging_dag.py
[2026-08-29T19:50:37.319+0000] {logging_mixin.py:188} INFO - [2026-08-29T19:50:37.110+0000] {dag.py:3089} INFO - Sync 1 DAGs
[2026-08-29T19:50:37.360+0000] {logging_mixin.py:188} INFO - [2026-08-29T19:50:37.360+0000] {dag.py:3947} INFO - Setting next_dagrun for forecast_logging to 2026-08-29 00:00:00+00:00, run_after=2026-08-30 00:00:00+00:00
[2026-08-29T19:50:37.396+0000] {processor.py:183} INFO - Processing /opt/airflow/dags/forecast_logging_dag.py took 4.094 seconds
[2026-08-29T19:51:07.848+0000] {processor.py:161} INFO - Started process (PID=1500) to work on /opt/airflow/dags/forecast_logging_dag.py
[2026-08-29T19:51:07.850+0000] {processor.py:830} INFO - Processing file /opt/airflow/dags/forecast_logging_dag.py for tasks to queue
[2026-08-29T19:51:07.853+0000] {logging_mixin.py:188} INFO - [2026-08-29T19:51:07.852+0000] {dagbag.py:545} INFO - Filling up the DagBag from /opt/airflow/dags/forecast_logging_dag.py
[2026-08-29T19:51:11.536+0000] {processor.py:840} INFO - DAG(s) 'forecast_logging' retrieved from /opt/airflow/dags/forecast_logging_dag.py
[2026-08-29T19:51:11.588+0000] {logging_mixin.py:188} INFO - [2026-08-29T19:51:11.587+0000] {dag.py:3089} INFO - Sync 1 DAGs
[2026-08-29T19:51:11.620+0000] {logging_mixin.py:188} INFO - [2026-08-29T19:51:11.620+0000] {dag.py:3947} INFO - Setting next_dagrun for forecast_logging to 2026-08-29 00:00:00+00:00, run_after=2026-08-30 00:00:00+00:00
[2026-08-29T19:51:11.656+0000] {processor.py:183} INFO - Processing /opt/airflow/dags/forecast_logging_dag.py took 3.824 seconds
[2026-08-29T19:51:42.850+0000] {processor.py:161} INFO - Started process (PID=1530) to work on /opt/airflow/dags/forecast_logging_dag.py
[2026-08-29T19:51:42.853+0000] {processor.py:830} INFO - Processing file /opt/airflow/dags/forecast_logging_dag.py for tasks to queue
[2026-08-29T19:51:42.856+0000] {logging_mixin.py:188} INFO - [2026-08-29T19:51:42.855+0000] {dagbag.py:545} INFO - Filling up the DagBag from /opt/airflow/dags/forecast_logging_dag.py
[2026-08-29T19:51:46.834+0000] {processor.py:840} INFO - DAG(s) 'forecast_logging' retrieved from /opt/airflow/dags/forecast_logging_dag.py
[2026-08-29T19:51:46.884+0000] {logging_mixin.py:188} INFO - [2026-08-29T19:51:46.882+0000] {dag.py:3089} INFO - Sync 1 DAGs
[2026-08-29T19:51:46.919+0000] {logging_mixin.py:188} INFO - [2026-08-29T19:51:46.919+0000] {dag.py:3947} INFO - Setting next_dagrun for forecast_logging to 2026-08-29 00:00:00+00:00, run_after=2026-08-30 00:00:00+00:00
[2026-08-29T19:51:46.954+0000] {processor.py:183} INFO - Processing /opt/airflow/dags/forecast_logging_dag.py took 4.121 seconds
[2026-08-29T19:52:17.880+0000] {processor.py:161} INFO - Started process (PID=1560) to work on /opt/airflow/dags/forecast_logging_dag.py
[2026-08-29T19:52:17.883+0000] {processor.py:830} INFO - Processing file /opt/airflow/dags/forecast_logging_dag.py for tasks to queue
[2026-08-29T19:52:17.885+0000] {logging_mixin.py:188} INFO - [2026-08-29T19:52:17.884+0000] {dagbag.py:545} INFO - Filling up the DagBag from /opt/airflow/dags/forecast_logging_dag.py
[2026-08-29T19:52:20.999+0000] {processor.py:840} INFO - DAG(s) 'forecast_logging' retrieved from /opt/airflow/dags/forecast_logging_dag.py
[2026-08-29T19:52:21.042+0000] {logging_mixin.py:188} INFO - [2026-08-29T19:52:21.041+0000] {dag.py:3089} INFO - Sync 1 DAGs
[2026-08-29T19:52:21.070+0000] {logging_mixin.py:188} INFO - [2026-08-29T19:52:21.070+0000] {dag.py:3947} INFO - Setting next_dagrun for forecast_logging to 2026-08-29 00:00:00+00:00, run_after=2026-08-30 00:00:00+00:00
[2026-08-29T19:52:21.104+0000] {processor.py:183} INFO - Processing /opt/airflow/dags/forecast_logging_dag.py took 3.239 seconds
[2026-08-29T19:52:51.839+0000] {processor.py:161} INFO - Started process (PID=1590) to work on /opt/airflow/dags/forecast_logging_dag.py
[2026-08-29T19:52:51.842+0000] {processor.py:830} INFO - Processing file /opt/airflow/dags/forecast_logging_dag.py for tasks to queue
[2026-08-29T19:52:51.844+0000] {logging_mixin.py:188} INFO - [2026-08-29T19:52:51.843+0000] {dagbag.py:545} INFO - Filling up the DagBag from /opt/airflow/dags/forecast_logging_dag.py
[2026-08-29T19:52:55.341+0000] {processor.py:840} INFO - DAG(s) 'forecast_logging' retrieved from /opt/airflow/dags/forecast_logging_dag.py
[2026-08-29T19:52:55.388+0000] {logging_mixin.py:188} INFO - [2026-08-29T19:52:55.387+0000] {dag.py:3089} INFO - Sync 1 DAGs
[2026-08-29T19:52:55.421+0000] {logging_mixin.py:188} INFO - [2026-08-29T19:52:55.421+0000] {dag.py:3947} INFO - Setting next_dagrun for forecast_logging to 2026-08-29 00:00:00+00:00, run_after=2026-08-30 00:00:00+00:00
[2026-08-29T19:52:55.671+0000] {processor.py:183} INFO - Processing /opt/airflow/dags/forecast_logging_dag.py took 3.848 seconds
[2026-08-29T19:53:26.448+0000] {processor.py:161} INFO - Started process (PID=1620) to work on /opt/airflow/dags/forecast_logging_dag.py
[2026-08-29T19:53:26.452+0000] {processor.py:830} INFO - Processing file /opt/airflow/dags/forecast_logging_dag.py for tasks to queue
[2026-08-29T19:53:26.454+0000] {logging_mixin.py:188} INFO - [2026-08-29T19:53:26.453+0000] {dagbag.py:545} INFO - Filling up the DagBag from /opt/airflow/dags/forecast_logging_dag.py
[2026-08-29T19:53:30.036+0000] {processor.py:840} INFO - DAG(s) 'forecast_logging' retrieved from /opt/airflow/dags/forecast_logging_dag.py
[2026-08-29T19:53:30.296+0000] {logging_mixin.py:188} INFO - [2026-08-29T19:53:30.089+0000] {dag.py:3089} INFO - Sync 1 DAGs
[2026-08-29T19:53:30.326+0000] {logging_mixin.py:188} INFO - [2026-08-29T19:53:30.325+0000] {dag.py:3947} INFO - Setting next_dagrun for forecast_logging to 2026-08-29 00:00:00+00:00, run_after=2026-08-30 00:00:00+00:00
[2026-08-29T19:53:30.356+0000] {processor.py:183} INFO - Processing /opt/airflow/dags/forecast_logging_dag.py took 3.901 seconds
[2026-08-29T19:54:01.091+0000] {processor.py:161} INFO - Started process (PID=1650) to work on /opt/airflow/dags/forecast_logging_dag.py
[2026-08-29T19:54:01.094+0000] {processor.py:830} INFO - Processing file /opt/airflow/dags/forecast_logging_dag.py for tasks to queue
[2026-08-29T19:54:01.096+0000] {logging_mixin.py:188} INFO - [2026-08-29T19:54:01.095+0000] {dagbag.py:545} INFO - Filling up the DagBag from /opt/airflow/dags/forecast_logging_dag.py
[2026-08-29T19:54:05.457+0000] {processor.py:840} INFO - DAG(s) 'forecast_logging' retrieved from /opt/airflow/dags/forecast_logging_dag.py
[2026-08-29T19:54:05.515+0000] {logging_mixin.py:188} INFO - [2026-08-29T19:54:05.514+0000] {dag.py:3089} INFO - Sync 1 DAGs
[2026-08-29T19:54:05.558+0000] {logging_mixin.py:188} INFO - [2026-08-29T19:54:05.558+0000] {dag.py:3947} INFO - Setting next_dagrun for forecast_logging to 2026-08-29 00:00:00+00:00, run_after=2026-08-30 00:00:00+00:00
[2026-08-29T19:54:05.592+0000] {processor.py:183} INFO - Processing /opt/airflow/dags/forecast_logging_dag.py took 4.517 seconds
[2026-08-29T19:54:35.792+0000] {processor.py:161} INFO - Started process (PID=1680) to work on /opt/airflow/dags/forecast_logging_dag.py
[2026-08-29T19:54:35.795+0000] {processor.py:830} INFO - Processing file /opt/airflow/dags/forecast_logging_dag.py for tasks to queue
[2026-08-29T19:54:35.797+0000] {logging_mixin.py:188} INFO - [2026-08-29T19:54:35.796+0000] {dagbag.py:545} INFO - Filling up the DagBag from /opt/airflow/dags/forecast_logging_dag.py
[2026-08-29T19:54:39.329+0000] {processor.py:840} INFO - DAG(s) 'forecast_logging' retrieved from /opt/airflow/dags/forecast_logging_dag.py
[2026-08-29T19:54:39.378+0000] {logging_mixin.py:188} INFO - [2026-08-29T19:54:39.377+0000] {dag.py:3089} INFO - Sync 1 DAGs
[2026-08-29T19:54:39.418+0000] {logging_mixin.py:188} INFO - [2026-08-29T19:54:39.418+0000] {dag.py:3947} INFO - Setting next_dagrun for forecast_logging to 2026-08-29 00:00:00+00:00, run_after=2026-08-30 00:00:00+00:00
[2026-08-29T19:54:39.451+0000] {processor.py:183} INFO - Processing /opt/airflow/dags/forecast_logging_dag.py took 3.674 seconds
[2026-08-29T19:55:10.028+0000] {processor.py:161} INFO - Started process (PID=1710) to work on /opt/airflow/dags/forecast_logging_dag.py
[2026-08-29T19:55:10.031+0000] {processor.py:830} INFO - Processing file /opt/airflow/dags/forecast_logging_dag.py for tasks to queue
[2026-08-29T19:55:10.034+0000] {logging_mixin.py:188} INFO - [2026-08-29T19:55:10.033+0000] {dagbag.py:545} INFO - Filling up the DagBag from /opt/airflow/dags/forecast_logging_dag.py
[2026-08-29T19:55:13.553+0000] {processor.py:840} INFO - DAG(s) 'forecast_logging' retrieved from /opt/airflow/dags/forecast_logging_dag.py
[2026-08-29T19:55:13.599+0000] {logging_mixin.py:188} INFO - [2026-08-29T19:55:13.598+0000] {dag.py:3089} INFO - Sync 1 DAGs
[2026-08-29T19:55:13.632+0000] {logging_mixin.py:188} INFO - [2026-08-29T19:55:13.632+0000] {dag.py:3947} INFO - Setting next_dagrun for forecast_logging to 2026-08-29 00:00:00+00:00, run_after=2026-08-30 00:00:00+00:00
[2026-08-29T19:55:13.666+0000] {processor.py:183} INFO - Processing /opt/airflow/dags/forecast_logging_dag.py took 3.660 seconds
[2026-08-29T19:55:44.277+0000] {processor.py:161} INFO - Started process (PID=1740) to work on /opt/airflow/dags/forecast_logging_dag.py
[2026-08-29T19:55:44.281+0000] {processor.py:830} INFO - Processing file /opt/airflow/dags/forecast_logging_dag.py for tasks to queue
[2026-08-29T19:55:44.284+0000] {logging_mixin.py:188} INFO - [2026-08-29T19:55:44.283+0000] {dagbag.py:545} INFO - Filling up the DagBag from /opt/airflow/dags/forecast_logging_dag.py
[2026-08-29T19:55:47.992+0000] {processor.py:840} INFO - DAG(s) 'forecast_logging' retrieved from /opt/airflow/dags/forecast_logging_dag.py
[2026-08-29T19:55:48.059+0000] {logging_mixin.py:188} INFO - [2026-08-29T19:55:48.059+0000] {dag.py:3089} INFO - Sync 1 DAGs
[2026-08-29T19:55:48.103+0000] {logging_mixin.py:188} INFO - [2026-08-29T19:55:48.103+0000] {dag.py:3947} INFO - Setting next_dagrun for forecast_logging to 2026-08-29 00:00:00+00:00, run_after=2026-08-30 00:00:00+00:00
[2026-08-29T19:55:48.415+0000] {processor.py:183} INFO - Processing /opt/airflow/dags/forecast_logging_dag.py took 4.157 seconds
[2026-08-29T19:56:18.994+0000] {processor.py:161} INFO - Started process (PID=1770) to work on /opt/airflow/dags/forecast_logging_dag.py
[2026-08-29T19:56:18.996+0000] {processor.py:830} INFO - Processing file /opt/airflow/dags/forecast_logging_dag.py for tasks to queue
[2026-08-29T19:56:18.999+0000] {logging_mixin.py:188} INFO - [2026-08-29T19:56:18.998+0000] {dagbag.py:545} INFO - Filling up the DagBag from /opt/airflow/dags/forecast_logging_dag.py
[2026-08-29T19:56:22.398+0000] {processor.py:840} INFO - DAG(s) 'forecast_logging' retrieved from /opt/airflow/dags/forecast_logging_dag.py
[2026-08-29T19:56:22.444+0000] {logging_mixin.py:188} INFO - [2026-08-29T19:56:22.443+0000] {dag.py:3089} INFO - Sync 1 DAGs
[2026-08-29T19:56:22.678+0000] {logging_mixin.py:188} INFO - [2026-08-29T19:56:22.678+0000] {dag.py:3947} INFO - Setting next_dagrun for forecast_logging to 2026-08-29 00:00:00+00:00, run_after=2026-08-30 00:00:00+00:00
[2026-08-29T19:56:22.707+0000] {processor.py:183} INFO - Processing /opt/airflow/dags/forecast_logging_dag.py took 3.732 seconds
[2026-08-29T19:56:53.310+0000] {processor.py:161} INFO - Started process (PID=1803) to work on /opt/airflow/dags/forecast_logging_dag.py
[2026-08-29T19:56:53.313+0000] {processor.py:830} INFO - Processing file /opt/airflow/dags/forecast_logging_dag.py for tasks to queue
[2026-08-29T19:56:53.315+0000] {logging_mixin.py:188} INFO - [2026-08-29T19:56:53.314+0000] {dagbag.py:545} INFO - Filling up the DagBag from /opt/airflow/dags/forecast_logging_dag.py
[2026-08-29T19:56:57.743+0000] {processor.py:840} INFO - DAG(s) 'forecast_logging' retrieved from /opt/airflow/dags/forecast_logging_dag.py
[2026-08-29T19:56:57.792+0000] {logging_mixin.py:188} INFO - [2026-08-29T19:56:57.791+0000] {dag.py:3089} INFO - Sync 1 DAGs
[2026-08-29T19:56:57.825+0000] {logging_mixin.py:188} INFO - [2026-08-29T19:56:57.825+0000] {dag.py:3947} INFO - Setting next_dagrun for forecast_logging to 2026-08-29 00:00:00+00:00, run_after=2026-08-30 00:00:00+00:00
[2026-08-29T19:56:57.859+0000] {processor.py:183} INFO - Processing /opt/airflow/dags/forecast_logging_dag.py took 3.917 seconds
[2026-08-29T19:57:28.628+0000] {processor.py:161} INFO - Started process (PID=1830) to work on /opt/airflow/dags/forecast_logging_dag.py
[2026-08-29T19:57:28.631+0000] {processor.py:830} INFO - Processing file /opt/airflow/dags/forecast_logging_dag.py for tasks to queue
[2026-08-29T19:57:28.634+0000] {logging_mixin.py:188} INFO - [2026-08-29T19:57:28.633+0000] {dagbag.py:545} INFO - Filling up the DagBag from /opt/airflow/dags/forecast_logging_dag.py
[2026-08-29T19:57:32.799+0000] {processor.py:840} INFO - DAG(s) 'forecast_logging' retrieved from /opt/airflow/dags/forecast_logging_dag.py
[2026-08-29T19:57:32.857+0000] {logging_mixin.py:188} INFO - [2026-08-29T19:57:32.856+0000] {dag.py:3089} INFO - Sync 1 DAGs
[2026-08-29T19:57:32.894+0000] {logging_mixin.py:188} INFO - [2026-08-29T19:57:32.893+0000] {dag.py:3947} INFO - Setting next_dagrun for forecast_logging to 2026-08-29 00:00:00+00:00, run_after=2026-08-30 00:00:00+00:00
[2026-08-29T19:57:32.932+0000] {processor.py:183} INFO - Processing /opt/airflow/dags/forecast_logging_dag.py took 4.324 seconds
[2026-08-29T20:15:17.336+0000] {processor.py:161} INFO - Started process (PID=1867) to work on /opt/airflow/dags/forecast_logging_dag.py
[2026-08-29T20:15:17.353+0000] {processor.py:830} INFO - Processing file /opt/airflow/dags/forecast_logging_dag.py for tasks to queue
[2026-08-29T20:15:17.364+0000] {logging_mixin.py:188} INFO - [2026-08-29T20:15:17.363+0000] {dagbag.py:545} INFO - Filling up the DagBag from /opt/airflow/dags/forecast_logging_dag.py
[2026-08-29T20:15:21.126+0000] {processor.py:840} INFO - DAG(s) 'forecast_logging' retrieved from /opt/airflow/dags/forecast_logging_dag.py
[2026-08-29T20:15:21.169+0000] {logging_mixin.py:188} INFO - [2026-08-29T20:15:21.168+0000] {dag.py:3089} INFO - Sync 1 DAGs
[2026-08-29T20:15:21.199+0000] {logging_mixin.py:188} INFO - [2026-08-29T20:15:21.199+0000] {dag.py:3947} INFO - Setting next_dagrun for forecast_logging to 2026-08-29 00:00:00+00:00, run_after=2026-08-30 00:00:00+00:00
[2026-08-29T20:15:21.423+0000] {processor.py:183} INFO - Processing /opt/airflow/dags/forecast_logging_dag.py took 4.125 seconds
[2026-08-29T20:15:52.361+0000] {processor.py:161} INFO - Started process (PID=1903) to work on /opt/airflow/dags/forecast_logging_dag.py
[2026-08-29T20:15:52.363+0000] {processor.py:830} INFO - Processing file /opt/airflow/dags/forecast_logging_dag.py for tasks to queue
[2026-08-29T20:15:52.365+0000] {logging_mixin.py:188} INFO - [2026-08-29T20:15:52.365+0000] {dagbag.py:545} INFO - Filling up the DagBag from /opt/airflow/dags/forecast_logging_dag.py
[2026-08-29T20:15:55.416+0000] {processor.py:840} INFO - DAG(s) 'forecast_logging' retrieved from /opt/airflow/dags/forecast_logging_dag.py
[2026-08-29T20:15:55.455+0000] {logging_mixin.py:188} INFO - [2026-08-29T20:15:55.454+0000] {dag.py:3089} INFO - Sync 1 DAGs
[2026-08-29T20:15:55.482+0000] {logging_mixin.py:188} INFO - [2026-08-29T20:15:55.482+0000] {dag.py:3947} INFO - Setting next_dagrun for forecast_logging to 2026-08-29 00:00:00+00:00, run_after=2026-08-30 00:00:00+00:00
[2026-08-29T20:15:55.704+0000] {processor.py:183} INFO - Processing /opt/airflow/dags/forecast_logging_dag.py took 3.356 seconds
[2026-08-29T20:16:26.036+0000] {processor.py:161} INFO - Started process (PID=1933) to work on /opt/airflow/dags/forecast_logging_dag.py
[2026-08-29T20:16:26.038+0000] {processor.py:830} INFO - Processing file /opt/airflow/dags/forecast_logging_dag.py for tasks to queue
[2026-08-29T20:16:26.040+0000] {logging_mixin.py:188} INFO - [2026-08-29T20:16:26.039+0000] {dagbag.py:545} INFO - Filling up the DagBag from /opt/airflow/dags/forecast_logging_dag.py
[2026-08-29T20:16:28.871+0000] {processor.py:840} INFO - DAG(s) 'forecast_logging' retrieved from /opt/airflow/dags/forecast_logging_dag.py
[2026-08-29T20:16:29.099+0000] {logging_mixin.py:188} INFO - [2026-08-29T20:16:28.914+0000] {dag.py:3089} INFO - Sync 1 DAGs
[2026-08-29T20:16:29.128+0000] {logging_mixin.py:188} INFO - [2026-08-29T20:16:29.127+0000] {dag.py:3947} INFO - Setting next_dagrun for forecast_logging to 2026-08-29 00:00:00+00:00, run_after=2026-08-30 00:00:00+00:00
[2026-08-29T20:16:29.155+0000] {processor.py:183} INFO - Processing /opt/airflow/dags/forecast_logging_dag.py took 3.135 seconds
[2026-08-29T20:16:59.406+0000] {processor.py:161} INFO - Started process (PID=1963) to work on /opt/airflow/dags/forecast_logging_dag.py
[2026-08-29T20:16:59.409+0000] {processor.py:830} INFO - Processing file /opt/airflow/dags/forecast_logging_dag.py for tasks to queue
[2026-08-29T20:16:59.412+0000] {logging_mixin.py:188} INFO - [2026-08-29T20:16:59.411+0000] {dagbag.py:545} INFO - Filling up the DagBag from /opt/airflow/dags/forecast_logging_dag.py
[2026-08-29T20:17:03.244+0000] {processor.py:840} INFO - DAG(s) 'forecast_logging' retrieved from /opt/airflow/dags/forecast_logging_dag.py
[2026-08-29T20:17:03.292+0000] {logging_mixin.py:188} INFO - [2026-08-29T20:17:03.291+0000] {dag.py:3089} INFO - Sync 1 DAGs
[2026-08-29T20:17:03.322+0000] {logging_mixin.py:188} INFO - [2026-08-29T20:17:03.322+0000] {dag.py:3947} INFO - Setting next_dagrun for forecast_logging to 2026-08-29 00:00:00+00:00, run_after=2026-08-30 00:00:00+00:00
[2026-08-29T20:17:03.357+0000] {processor.py:183} INFO - Processing /opt/airflow/dags/forecast_logging_dag.py took 3.971 seconds
[2026-08-29T20:17:33.876+0000] {processor.py:161} INFO - Started process (PID=1993) to work on /opt/airflow/dags/forecast_logging_dag.py
[2026-08-29T20:17:33.878+0000] {processor.py:830} INFO - Processing file /opt/airflow/dags/forecast_logging_dag.py for tasks to queue
[2026-08-29T20:17:33.881+0000] {logging_mixin.py:188} INFO - [2026-08-29T20:17:33.880+0000] {dagbag.py:545} INFO - Filling up the DagBag from /opt/airflow/dags/forecast_logging_dag.py
[2026-08-29T20:17:35.677+0000] {processor.py:840} INFO - DAG(s) 'forecast_logging' retrieved from /opt/airflow/dags/forecast_logging_dag.py
[2026-08-29T20:17:35.728+0000] {logging_mixin.py:188} INFO - [2026-08-29T20:17:35.727+0000] {dag.py:3089} INFO - Sync 1 DAGs
[2026-08-29T20:17:35.766+0000] {logging_mixin.py:188} INFO - [2026-08-29T20:17:35.765+0000] {dag.py:3947} INFO - Setting next_dagrun for forecast_logging to 2026-08-29 00:00:00+00:00, run_after=2026-08-30 00:00:00+00:00
[2026-08-29T20:17:35.804+0000] {processor.py:183} INFO - Processing /opt/airflow/dags/forecast_logging_dag.py took 3.959 seconds
[2026-08-29T20:18:06.155+0000] {processor.py:161} INFO - Started process (PID=2023) to work on /opt/airflow/dags/forecast_logging_dag.py
[2026-08-29T20:18:06.157+0000] {processor.py:830} INFO - Processing file /opt/airflow/dags/forecast_logging_dag.py for tasks to queue
[2026-08-29T20:18:06.160+0000] {logging_mixin.py:188} INFO - [2026-08-29T20:18:06.159+0000] {dagbag.py:545} INFO - Filling up the DagBag from /opt/airflow/dags/forecast_logging_dag.py
[2026-08-29T20:18:10.034+0000] {processor.py:840} INFO - DAG(s) 'forecast_logging' retrieved from /opt/airflow/dags/forecast_logging_dag.py
[2026-08-29T20:18:10.118+0000] {logging_mixin.py:188} INFO - [2026-08-29T20:18:10.117+0000] {dag.py:3089} INFO - Sync 1 DAGs
[2026-08-29T20:18:10.155+0000] {logging_mixin.py:188} INFO - [2026-08-29T20:18:10.155+0000] {dag.py:3947} INFO - Setting next_dagrun for forecast_logging to 2026-08-29 00:00:00+00:00, run_after=2026-08-30 00:00:00+00:00
[2026-08-29T20:18:10.198+0000] {processor.py:183} INFO - Processing /opt/airflow/dags/forecast_logging_dag.py took 4.058 seconds
[2026-08-29T20:18:40.952+0000] {processor.py:161} INFO - Started process (PID=2053) to work on /opt/airflow/dags/forecast_logging_dag.py
[2026-08-29T20:18:40.954+0000] {processor.py:830} INFO - Processing file /opt/airflow/dags/forecast_logging_dag.py for tasks to queue
[2026-08-29T20:18:40.957+0000] {logging_mixin.py:188} INFO - [2026-08-29T20:18:40.956+0000] {dagbag.py:545} INFO - Filling up the DagBag from /opt/airflow/dags/forecast_logging_dag.py
[2026-08-29T20:18:44.602+0000] {processor.py:840} INFO - DAG(s) 'forecast_logging' retrieved from /opt/airflow/dags/forecast_logging_dag.py
[2026-08-29T20:18:44.654+0000] {logging_mixin.py:188} INFO - [2026-08-29T20:18:44.654+0000] {dag.py:3089} INFO - Sync 1 DAGs
[2026-08-29T20:18:44.702+0000] {logging_mixin.py:188} INFO - [2026-08-29T20:18:44.701+0000] {dag.py:3947} INFO - Setting next_dagrun for forecast_logging to 2026-08-29 00:00:00+00:00, run_after=2026-08-30 00:00:00+00:00
[2026-08-29T20:18:45.004+0000] {processor.py:183} INFO - Processing /opt/airflow/dags/forecast_logging_dag.py took 4.072 seconds
[2026-08-29T20:19:15.574+0000] {processor.py:161} INFO - Started process (PID=2083) to work on /opt/airflow/dags/forecast_logging_dag.py
[2026-08-29T20:19:15.577+0000] {processor.py:830} INFO - Processing file /opt/airflow/dags/forecast_logging_dag.py for tasks to queue
[2026-08-29T20:19:15.580+0000] {logging_mixin.py:188} INFO - [2026-08-29T20:19:15.579+0000] {dagbag.py:545} INFO - Filling up the DagBag from /opt/airflow/dags/forecast_logging_dag.py
[2026-08-29T20:19:19.043+0000] {processor.py:840} INFO - DAG(s) 'forecast_logging' retrieved from /opt/airflow/dags/forecast_logging_dag.py
[2026-08-29T20:19:19.087+0000] {logging_mixin.py:188} INFO - [2026-08-29T20:19:19.086+0000] {dag.py:3089} INFO - Sync 1 DAGs
[2026-08-29T20:19:19.322+0000] {logging_mixin.py:188} INFO - [2026-08-29T20:19:19.322+0000] {dag.py:3947} INFO - Setting next_dagrun for forecast_logging to 2026-08-29 00:00:00+00:00, run_after=2026-08-30 00:00:00+00:00
[2026-08-29T20:19:19.355+0000] {processor.py:183} INFO - Processing /opt/airflow/dags/forecast_logging_dag.py took 3.798 seconds
[2026-08-29T20:19:49.873+0000] {processor.py:161} INFO - Started process (PID=2113) to work on /opt/airflow/dags/forecast_logging_dag.py
[2026-08-29T20:19:49.875+0000] {processor.py:830} INFO - Processing file /opt/airflow/dags/forecast_logging_dag.py for tasks to queue
[2026-08-29T20:19:49.877+0000] {logging_mixin.py:188} INFO - [2026-08-29T20:19:49.876+0000] {dagbag.py:545} INFO - Filling up the DagBag from /opt/airflow/dags/forecast_logging_dag.py
[2026-08-29T20:19:53.788+0000] {processor.py:840} INFO - DAG(s) 'forecast_logging' retrieved from /opt/airflow/dags/forecast_logging_dag.py
[2026-08-29T20:19:54.073+0000] {logging_mixin.py:188} INFO - [2026-08-29T20:19:54.072+0000] {dag.py:3089} INFO - Sync 1 DAGs
[2026-08-29T20:19:54.109+0000] {logging_mixin.py:188} INFO - [2026-08-29T20:19:54.109+0000] {dag.py:3947} INFO - Setting next_dagrun for forecast_logging to 2026-08-29 00:00:00+00:00, run_after=2026-08-30 00:00:00+00:00
[2026-08-29T20:19:54.150+0000] {processor.py:183} INFO - Processing /opt/airflow/dags/forecast_logging_dag.py took 4.294 seconds
[2026-08-29T20:20:25.260+0000] {processor.py:161} INFO - Started process (PID=2143) to work on /opt/airflow/dags/forecast_logging_dag.py
[2026-08-29T20:20:25.262+0000] {processor.py:830} INFO - Processing file /opt/airflow/dags/forecast_logging_dag.py for tasks to queue
[2026-08-29T20:20:25.264+0000] {logging_mixin.py:188} INFO - [2026-08-29T20:20:25.263+0000] {dagbag.py:545} INFO - Filling up the DagBag from /opt/airflow/dags/forecast_logging_dag.py
[2026-08-29T20:20:30.743+0000] {processor.py:840} INFO - DAG(s) 'forecast_logging' retrieved from /opt/airflow/dags/forecast_logging_dag.py
[2026-08-29T20:20:30.789+0000] {logging_mixin.py:188} INFO - [2026-08-29T20:20:30.788+0000] {dag.py:3089} INFO - Sync 1 DAGs
[2026-08-29T20:20:30.824+0000] {logging_mixin.py:188} INFO - [2026-08-29T20:20:30.823+0000] {dag.py:3947} INFO - Setting next_dagrun for forecast_logging to 2026-08-29 00:00:00+00:00, run_after=2026-08-30 00:00:00+00:00
[2026-08-29T20:20:30.857+0000] {processor.py:183} INFO - Processing /opt/airflow/dags/forecast_logging_dag.py took 3.934 seconds
[2026-08-29T20:21:01.088+0000] {processor.py:161} INFO - Started process (PID=2173) to work on /opt/airflow/dags/forecast_logging_dag.py
[2026-08-29T20:21:01.091+0000] {processor.py:830} INFO - Processing file /opt/airflow/dags/forecast_logging_dag.py for tasks to queue
[2026-08-29T20:21:01.094+0000] {logging_mixin.py:188} INFO - [2026-08-29T20:21:01.093+0000] {dagbag.py:545} INFO - Filling up the DagBag from /opt/airflow/dags/forecast_logging_dag.py
[2026-08-29T20:21:05.144+0000] {processor.py:840} INFO - DAG(s) 'forecast_logging' retrieved from /opt/airflow/dags/forecast_logging_dag.py
[2026-08-29T20:21:05.202+0000] {logging_mixin.py:188} INFO - [2026-08-29T20:21:05.201+0000] {dag.py:3089} INFO - Sync 1 DAGs
[2026-08-29T20:21:05.242+0000] {logging_mixin.py:188} INFO - [2026-08-29T20:21:05.241+0000] {dag.py:3947} INFO - Setting next_dagrun for forecast_logging to 2026-08-29 00:00:00+00:00, run_after=2026-08-30 00:00:00+00:00
[2026-08-29T20:21:05.282+0000] {processor.py:183} INFO - Processing /opt/airflow/dags/forecast_logging_dag.py took 4.213 seconds
[2026-08-29T20:21:35.778+0000] {processor.py:161} INFO - Started process (PID=2203) to work on /opt/airflow/dags/forecast_logging_dag.py
[2026-08-29T20:21:35.780+0000] {processor.py:830} INFO - Processing file /opt/airflow/dags/forecast_logging_dag.py for tasks to queue
[2026-08-29T20:21:35.784+0000] {logging_mixin.py:188} INFO - [2026-08-29T20:21:35.783+0000] {dagbag.py:545} INFO - Filling up the DagBag from /opt/airflow/dags/forecast_logging_dag.py
[2026-08-29T20:21:39.691+0000] {processor.py:840} INFO - DAG(s) 'forecast_logging' retrieved from /opt/airflow/dags/forecast_logging_dag.py
[2026-08-29T20:21:39.754+0000] {logging_mixin.py:188} INFO - [2026-08-29T20:21:39.753+0000] {dag.py:3089} INFO - Sync 1 DAGs
[2026-08-29T20:21:39.795+0000] {logging_mixin.py:188} INFO - [2026-08-29T20:21:39.794+0000] {dag.py:3947} INFO - Setting next_dagrun for forecast_logging to 2026-08-29 00:00:00+00:00, run_after=2026-08-30 00:00:00+00:00
[2026-08-29T20:21:40.112+0000] {processor.py:183} INFO - Processing /opt/airflow/dags/forecast_logging_dag.py took 4.354 seconds
[2026-08-29T20:22:10.827+0000] {processor.py:161} INFO - Started process (PID=2233) to work on /opt/airflow/dags/forecast_logging_dag.py
[2026-08-29T20:22:10.829+0000] {processor.py:830} INFO - Processing file /opt/airflow/dags/forecast_logging_dag.py for tasks to queue
[2026-08-29T20:22:10.832+0000] {logging_mixin.py:188} INFO - [2026-08-29T20:22:10.831+0000] {dagbag.py:545} INFO - Filling up the DagBag from /opt/airflow/dags/forecast_logging_dag.py
[2026-08-29T20:22:14.636+0000] {processor.py:840} INFO - DAG(s) 'forecast_logging' retrieved from /opt/airflow/dags/forecast_logging_dag.py
[2026-08-29T20:22:14.694+0000] {logging_mixin.py:188} INFO - [2026-08-29T20:22:14.692+0000] {dag.py:3089} INFO - Sync 1 DAGs
[2026-08-29T20:22:15.008+0000] {logging_mixin.py:188} INFO - [2026-08-29T20:22:15.007+0000] {dag.py:3947} INFO - Setting next_dagrun for forecast_logging to 2026-08-29 00:00:00+00:00, run_after=2026-08-30 00:00:00+00:00
[2026-08-29T20:22:15.041+0000] {processor.py:183} INFO - Processing /opt/airflow/dags/forecast_logging_dag.py took 4.232 seconds
[2026-08-29T20:22:45.566+0000] {processor.py:161} INFO - Started process (PID=2263) to work on /opt/airflow/dags/forecast_logging_dag.py
[2026-08-29T20:22:45.569+0000] {processor.py:830} INFO - Processing file /opt/airflow/dags/forecast_logging_dag.py for tasks to queue
[2026-08-29T20:22:45.572+0000] {logging_mixin.py:188} INFO - [2026-08-29T20:22:45.571+0000] {dagbag.py:545} INFO - Filling up the DagBag from /opt/airflow/dags/forecast_logging_dag.py
[2026-08-29T20:22:49.312+0000] {processor.py:840} INFO - DAG(s) 'forecast_logging' retrieved from /opt/airflow/dags/forecast_logging_dag.py
[2026-08-29T20:22:49.570+0000] {logging_mixin.py:188} INFO - [2026-08-29T20:22:49.569+0000] {dag.py:3089} INFO - Sync 1 DAGs
[2026-08-29T20:22:49.605+0000] {logging_mixin.py:188} INFO - [2026-08-29T20:22:49.604+0000] {dag.py:3947} INFO - Setting next_dagrun for forecast_logging to 2026-08-29 00:00:00+00:00, run_after=2026-08-30 00:00:00+00:00
[2026-08-29T20:22:49.640+0000] {processor.py:183} INFO - Processing /opt/airflow/dags/forecast_logging_dag.py took 4.092 seconds
[2026-08-29T20:23:20.026+0000] {processor.py:161} INFO - Started process (PID=2293) to work on /opt/airflow/dags/forecast_logging_dag.py
[2026-08-29T20:23:20.029+0000] {processor.py:830} INFO - Processing file /opt/airflow/dags/forecast_logging_dag.py for tasks to queue
[2026-08-29T20:23:20.031+0000] {logging_mixin.py:188} INFO - [2026-08-29T20:23:20.031+0000] {dagbag.py:545} INFO - Filling up the DagBag from /opt/airflow/dags/forecast_logging_dag.py
[2026-08-29T20:23:21.699+0000] {processor.py:840} INFO - DAG(s) 'forecast_logging' retrieved from /opt/airflow/dags/forecast_logging_dag.py
[2026-08-29T20:23:21.749+0000] {logging_mixin.py:188} INFO - [2026-08-29T20:23:21.748+0000] {dag.py:3089} INFO - Sync 1 DAGs
[2026-08-29T20:23:21.783+0000] {logging_mixin.py:188} INFO - [2026-08-29T20:23:21.783+0000] {dag.py:3947} INFO - Setting next_dagrun for forecast_logging to 2026-08-29 00:00:00+00:00, run_after=2026-08-30 00:00:00+00:00
[2026-08-29T20:23:21.816+0000] {processor.py:183} INFO - Processing /opt/airflow/dags/forecast_logging_dag.py took 3.796 seconds
[2026-08-29T20:23:52.546+0000] {processor.py:161} INFO - Started process (PID=2323) to work on /opt/airflow/dags/forecast_logging_dag.py
[2026-08-29T20:23:52.549+0000] {processor.py:830} INFO - Processing file /opt/airflow/dags/forecast_logging_dag.py for tasks to queue
[2026-08-29T20:23:52.552+0000] {logging_mixin.py:188} INFO - [2026-08-29T20:23:52.551+0000] {dagbag.py:545} INFO - Filling up the DagBag from /opt/airflow/dags/forecast_logging_dag.py
[2026-08-29T20:23:56.422+0000] {processor.py:840} INFO - DAG(s) 'forecast_logging' retrieved from /opt/airflow/dags/forecast_logging_dag.py
[2026-08-29T20:23:56.472+0000] {logging_mixin.py:188} INFO - [2026-08-29T20:23:56.471+0000] {dag.py:3089} INFO - Sync 1 DAGs
[2026-08-29T20:23:56.502+0000] {logging_mixin.py:188} INFO - [2026-08-29T20:23:56.502+0000] {dag.py:3947} INFO - Setting next_dagrun for forecast_logging to 2026-08-29 00:00:00+00:00, run_after=2026-08-30 00:00:00+00:00
[2026-08-29T20:23:56.547+0000] {processor.py:183} INFO - Processing /opt/airflow/dags/forecast_logging_dag.py took 4.019 seconds
[2026-08-29T20:24:27.233+0000] {processor.py:161} INFO - Started process (PID=2353) to work on /opt/airflow/dags/forecast_logging_dag.py
[2026-08-29T20:24:27.235+0000] {processor.py:830} INFO - Processing file /opt/airflow/dags/forecast_logging_dag.py for tasks to queue
[2026-08-29T20:24:27.238+0000] {logging_mixin.py:188} INFO - [2026-08-29T20:24:27.237+0000] {dagbag.py:545} INFO - Filling up the DagBag from /opt/airflow/dags/forecast_logging_dag.py
[2026-08-29T20:24:31.279+0000] {processor.py:840} INFO - DAG(s) 'forecast_logging' retrieved from /opt/airflow/dags/forecast_logging_dag.py
[2026-08-29T20:24:31.334+0000] {logging_mixin.py:188} INFO - [2026-08-29T20:24:31.333+0000] {dag.py:3089} INFO - Sync 1 DAGs
[2026-08-29T20:24:31.375+0000] {logging_mixin.py:188} INFO - [2026-08-29T20:24:31.374+0000] {dag.py:3947} INFO - Setting next_dagrun for forecast_logging to 2026-08-29 00:00:00+00:00, run_after=2026-08-30 00:00:00+00:00
[2026-08-29T20:24:31.665+0000] {processor.py:183} INFO - Processing /opt/airflow/dags/forecast_logging_dag.py took 4.448 seconds
[2026-08-29T20:25:01.903+0000] {processor.py:161} INFO - Started process (PID=2383) to work on /opt/airflow/dags/forecast_logging_dag.py
[2026-08-29T20:25:01.907+0000] {processor.py:830} INFO - Processing file /opt/airflow/dags/forecast_logging_dag.py for tasks to queue
[2026-08-29T20:25:01.911+0000] {logging_mixin.py:188} INFO - [2026-08-29T20:25:01.909+0000] {dagbag.py:545} INFO - Filling up the DagBag from /opt/airflow/dags/forecast_logging_dag.py
[2026-08-29T20:25:06.457+0000] {processor.py:840} INFO - DAG(s) 'forecast_logging' retrieved from /opt/airflow/dags/forecast_logging_dag.py
[2026-08-29T20:25:06.508+0000] {logging_mixin.py:188} INFO - [2026-08-29T20:25:06.507+0000] {dag.py:3089} INFO - Sync 1 DAGs
[2026-08-29T20:25:06.798+0000] {logging_mixin.py:188} INFO - [2026-08-29T20:25:06.797+0000] {dag.py:3947} INFO - Setting next_dagrun for forecast_logging to 2026-08-29 00:00:00+00:00, run_after=2026-08-30 00:00:00+00:00
[2026-08-29T20:25:06.832+0000] {processor.py:183} INFO - Processing /opt/airflow/dags/forecast_logging_dag.py took 4.954 seconds
[2026-08-29T20:25:37.626+0000] {processor.py:161} INFO - Started process (PID=2422) to work on /opt/airflow/dags/forecast_logging_dag.py
[2026-08-29T20:25:37.628+0000] {processor.py:830} INFO - Processing file /opt/airflow/dags/forecast_logging_dag.py for tasks to queue
[2026-08-29T20:25:37.631+0000] {logging_mixin.py:188} INFO - [2026-08-29T20:25:37.630+0000] {dagbag.py:545} INFO - Filling up the DagBag from /opt/airflow/dags/forecast_logging_dag.py
[2026-08-29T20:25:41.136+0000] {processor.py:840} INFO - DAG(s) 'forecast_logging' retrieved from /opt/airflow/dags/forecast_logging_dag.py
[2026-08-29T20:25:41.380+0000] {logging_mixin.py:188} INFO - [2026-08-29T20:25:41.379+0000] {dag.py:3089} INFO - Sync 1 DAGs
[2026-08-29T20:25:41.408+0000] {logging_mixin.py:188} INFO - [2026-08-29T20:25:41.408+0000] {dag.py:3947} INFO - Setting next_dagrun for forecast_logging to 2026-08-29 00:00:00+00:00, run_after=2026-08-30 00:00:00+00:00
[2026-08-29T20:25:41.440+0000] {processor.py:183} INFO - Processing /opt/airflow/dags/forecast_logging_dag.py took 3.829 seconds
[2026-08-29T20:30:53.676+0000] {processor.py:161} INFO - Started process (PID=2446) to work on /opt/airflow/dags/forecast_logging_dag.py
[2026-08-29T20:30:53.680+0000] {processor.py:830} INFO - Processing file /opt/airflow/dags/forecast_logging_dag.py for tasks to queue
[2026-08-29T20:30:53.691+0000] {logging_mixin.py:188} INFO - [2026-08-29T20:30:53.685+0000] {dagbag.py:545} INFO - Filling up the DagBag from /opt/airflow/dags/forecast_logging_dag.py
[2026-08-29T20:30:58.867+0000] {processor.py:840} INFO - DAG(s) 'forecast_logging' retrieved from /opt/airflow/dags/forecast_logging_dag.py
[2026-08-29T20:30:59.772+0000] {logging_mixin.py:188} INFO - [2026-08-29T20:30:59.771+0000] {dag.py:3089} INFO - Sync 1 DAGs
[2026-08-29T20:31:00.021+0000] {logging_mixin.py:188} INFO - [2026-08-29T20:31:00.021+0000] {dag.py:3947} INFO - Setting next_dagrun for forecast_logging to 2026-08-29 00:00:00+00:00, run_after=2026-08-30 00:00:00+00:00
[2026-08-29T20:31:00.065+0000] {processor.py:183} INFO - Processing /opt/airflow/dags/forecast_logging_dag.py took 9.232 seconds
[2026-08-29T20:31:30.791+0000] {processor.py:161} INFO - Started process (PID=2479) to work on /opt/airflow/dags/forecast_logging_dag.py
[2026-08-29T20:31:30.793+0000] {processor.py:830} INFO - Processing file /opt/airflow/dags/forecast_logging_dag.py for tasks to queue
[2026-08-29T20:31:30.795+0000] {logging_mixin.py:188} INFO - [2026-08-29T20:31:30.794+0000] {dagbag.py:545} INFO - Filling up the DagBag from /opt/airflow/dags/forecast_logging_dag.py
[2026-08-29T20:31:33.644+0000] {processor.py:840} INFO - DAG(s) 'forecast_logging' retrieved from /opt/airflow/dags/forecast_logging_dag.py
[2026-08-29T20:31:33.684+0000] {logging_mixin.py:188} INFO - [2026-08-29T20:31:33.683+0000] {dag.py:3089} INFO - Sync 1 DAGs
[2026-08-29T20:31:33.710+0000] {logging_mixin.py:188} INFO - [2026-08-29T20:31:33.709+0000] {dag.py:3947} INFO - Setting next_dagrun for forecast_logging to 2026-08-29 00:00:00+00:00, run_after=2026-08-30 00:00:00+00:00
[2026-08-29T20:31:33.738+0000] {processor.py:183} INFO - Processing /opt/airflow/dags/forecast_logging_dag.py took 2.968 seconds
[2026-08-29T20:32:04.132+0000] {processor.py:161} INFO - Started process (PID=2513) to work on /opt/airflow/dags/forecast_logging_dag.py
[2026-08-29T20:32:04.134+0000] {processor.py:830} INFO - Processing file /opt/airflow/dags/forecast_logging_dag.py for tasks to queue
[2026-08-29T20:32:04.136+0000] {logging_mixin.py:188} INFO - [2026-08-29T20:32:04.136+0000] {dagbag.py:545} INFO - Filling up the DagBag from /opt/airflow/dags/forecast_logging_dag.py
[2026-08-29T20:32:07.006+0000] {processor.py:840} INFO - DAG(s) 'forecast_logging' retrieved from /opt/airflow/dags/forecast_logging_dag.py
[2026-08-29T20:32:07.048+0000] {logging_mixin.py:188} INFO - [2026-08-29T20:32:07.047+0000] {dag.py:3089} INFO - Sync 1 DAGs
[2026-08-29T20:32:07.076+0000] {logging_mixin.py:188} INFO - [2026-08-29T20:32:07.076+0000] {dag.py:3947} INFO - Setting next_dagrun for forecast_logging to 2026-08-29 00:00:00+00:00, run_after=2026-08-30 00:00:00+00:00
[2026-08-29T20:32:07.109+0000] {processor.py:183} INFO - Processing /opt/airflow/dags/forecast_logging_dag.py took 2.995 seconds
[2026-08-29T20:32:38.212+0000] {processor.py:161} INFO - Started process (PID=2545) to work on /opt/airflow/dags/forecast_logging_dag.py
[2026-08-29T20:32:38.214+0000] {processor.py:830} INFO - Processing file /opt/airflow/dags/forecast_logging_dag.py for tasks to queue
[2026-08-29T20:32:38.216+0000] {logging_mixin.py:188} INFO - [2026-08-29T20:32:38.216+0000] {dagbag.py:545} INFO - Filling up the DagBag from /opt/airflow/dags/forecast_logging_dag.py
[2026-08-29T20:32:41.951+0000] {processor.py:840} INFO - DAG(s) 'forecast_logging' retrieved from /opt/airflow/dags/forecast_logging_dag.py
[2026-08-29T20:32:42.004+0000] {logging_mixin.py:188} INFO - [2026-08-29T20:32:42.003+0000] {dag.py:3089} INFO - Sync 1 DAGs
[2026-08-29T20:32:42.255+0000] {logging_mixin.py:188} INFO - [2026-08-29T20:32:42.255+0000] {dag.py:3947} INFO - Setting next_dagrun for forecast_logging to 2026-08-29 00:00:00+00:00, run_after=2026-08-30 00:00:00+00:00
[2026-08-29T20:32:42.293+0000] {processor.py:183} INFO - Processing /opt/airflow/dags/forecast_logging_dag.py took 4.095 seconds
[2026-08-29T20:33:12.741+0000] {processor.py:161} INFO - Started process (PID=2575) to work on /opt/airflow/dags/forecast_logging_dag.py
[2026-08-29T20:33:12.744+0000] {processor.py:830} INFO - Processing file /opt/airflow/dags/forecast_logging_dag.py for tasks to queue
[2026-08-29T20:33:12.746+0000] {logging_mixin.py:188} INFO - [2026-08-29T20:33:12.745+0000] {dagbag.py:545} INFO - Filling up the DagBag from /opt/airflow/dags/forecast_logging_dag.py
[2026-08-29T20:33:16.447+0000] {processor.py:840} INFO - DAG(s) 'forecast_logging' retrieved from /opt/airflow/dags/forecast_logging_dag.py
[2026-08-29T20:33:16.726+0000] {logging_mixin.py:188} INFO - [2026-08-29T20:33:16.507+0000] {dag.py:3089} INFO - Sync 1 DAGs
[2026-08-29T20:33:16.759+0000] {logging_mixin.py:188} INFO - [2026-08-29T20:33:16.759+0000] {dag.py:3947} INFO - Setting next_dagrun for forecast_logging to 2026-08-29 00:00:00+00:00, run_after=2026-08-30 00:00:00+00:00
[2026-08-29T20:33:16.795+0000] {processor.py:183} INFO - Processing /opt/airflow/dags/forecast_logging_dag.py took 4.072 seconds
[2026-08-29T20:33:47.253+0000] {processor.py:161} INFO - Started process (PID=2605) to work on /opt/airflow/dags/forecast_logging_dag.py
[2026-08-29T20:33:47.256+0000] {processor.py:830} INFO - Processing file /opt/airflow/dags/forecast_logging_dag.py for tasks to queue
[2026-08-29T20:33:47.260+0000] {logging_mixin.py:188} INFO - [2026-08-29T20:33:47.258+0000] {dagbag.py:545} INFO - Filling up the DagBag from /opt/airflow/dags/forecast_logging_dag.py
[2026-08-29T20:33:50.856+0000] {processor.py:840} INFO - DAG(s) 'forecast_logging' retrieved from /opt/airflow/dags/forecast_logging_dag.py
[2026-08-29T20:33:50.904+0000] {logging_mixin.py:188} INFO - [2026-08-29T20:33:50.903+0000] {dag.py:3089} INFO - Sync 1 DAGs
[2026-08-29T20:33:50.935+0000] {logging_mixin.py:188} INFO - [2026-08-29T20:33:50.935+0000] {dag.py:3947} INFO - Setting next_dagrun for forecast_logging to 2026-08-29 00:00:00+00:00, run_after=2026-08-30 00:00:00+00:00
[2026-08-29T20:33:50.968+0000] {processor.py:183} INFO - Processing /opt/airflow/dags/forecast_logging_dag.py took 3.733 seconds
[2026-08-29T20:34:21.209+0000] {processor.py:161} INFO - Started process (PID=2635) to work on /opt/airflow/dags/forecast_logging_dag.py
[2026-08-29T20:34:21.211+0000] {processor.py:830} INFO - Processing file /opt/airflow/dags/forecast_logging_dag.py for tasks to queue
[2026-08-29T20:34:21.214+0000] {logging_mixin.py:188} INFO - [2026-08-29T20:34:21.213+0000] {dagbag.py:545} INFO - Filling up the DagBag from /opt/airflow/dags/forecast_logging_dag.py
[2026-08-29T20:34:24.772+0000] {processor.py:840} INFO - DAG(s) 'forecast_logging' retrieved from /opt/airflow/dags/forecast_logging_dag.py
[2026-08-29T20:34:24.829+0000] {logging_mixin.py:188} INFO - [2026-08-29T20:34:24.827+0000] {dag.py:3089} INFO - Sync 1 DAGs
[2026-08-29T20:34:24.871+0000] {logging_mixin.py:188} INFO - [2026-08-29T20:34:24.871+0000] {dag.py:3947} INFO - Setting next_dagrun for forecast_logging to 2026-08-29 00:00:00+00:00, run_after=2026-08-30 00:00:00+00:00
[2026-08-29T20:34:24.906+0000] {processor.py:183} INFO - Processing /opt/airflow/dags/forecast_logging_dag.py took 3.714 seconds
[2026-08-29T20:34:56.036+0000] {processor.py:161} INFO - Started process (PID=2665) to work on /opt/airflow/dags/forecast_logging_dag.py
[2026-08-29T20:34:56.038+0000] {processor.py:830} INFO - Processing file /opt/airflow/dags/forecast_logging_dag.py for tasks to queue
[2026-08-29T20:34:56.041+0000] {logging_mixin.py:188} INFO - [2026-08-29T20:34:56.040+0000] {dagbag.py:545} INFO - Filling up the DagBag from /opt/airflow/dags/forecast_logging_dag.py
[2026-08-29T20:35:00.007+0000] {processor.py:840} INFO - DAG(s) 'forecast_logging' retrieved from /opt/airflow/dags/forecast_logging_dag.py
[2026-08-29T20:35:00.063+0000] {logging_mixin.py:188} INFO - [2026-08-29T20:35:00.062+0000] {dag.py:3089} INFO - Sync 1 DAGs
[2026-08-29T20:35:00.101+0000] {logging_mixin.py:188} INFO - [2026-08-29T20:35:00.100+0000] {dag.py:3947} INFO - Setting next_dagrun for forecast_logging to 2026-08-29 00:00:00+00:00, run_after=2026-08-30 00:00:00+00:00
[2026-08-29T20:35:00.145+0000] {processor.py:183} INFO - Processing /opt/airflow/dags/forecast_logging_dag.py took 4.125 seconds
[2026-08-29T20:35:30.545+0000] {processor.py:161} INFO - Started process (PID=2695) to work on /opt/airflow/dags/forecast_logging_dag.py
[2026-08-29T20:35:30.548+0000] {processor.py:830} INFO - Processing file /opt/airflow/dags/forecast_logging_dag.py for tasks to queue
[2026-08-29T20:35:30.551+0000] {logging_mixin.py:188} INFO - [2026-08-29T20:35:30.550+0000] {dagbag.py:545} INFO - Filling up the DagBag from /opt/airflow/dags/forecast_logging_dag.py
[2026-08-29T20:35:34.229+0000] {processor.py:840} INFO - DAG(s) 'forecast_logging' retrieved from /opt/airflow/dags/forecast_logging_dag.py
[2026-08-29T20:35:34.287+0000] {logging_mixin.py:188} INFO - [2026-08-29T20:35:34.286+0000] {dag.py:3089} INFO - Sync 1 DAGs
[2026-08-29T20:35:34.571+0000] {logging_mixin.py:188} INFO - [2026-08-29T20:35:34.570+0000] {dag.py:3947} INFO - Setting next_dagrun for forecast_logging to 2026-08-29 00:00:00+00:00, run_after=2026-08-30 00:00:00+00:00
[2026-08-29T20:35:34.612+0000] {processor.py:183} INFO - Processing /opt/airflow/dags/forecast_logging_dag.py took 4.087 seconds
[2026-08-29T20:36:02.429+0000] {processor.py:161} INFO - Started process (PID=2725) to work on /opt/airflow/dags/forecast_logging_dag.py
[2026-08-29T20:36:02.432+0000] {processor.py:830} INFO - Processing file /opt/airflow/dags/forecast_logging_dag.py for tasks to queue
[2026-08-29T20:36:02.434+0000] {logging_mixin.py:188} INFO - [2026-08-29T20:36:02.433+0000] {dagbag.py:545} INFO - Filling up the DagBag from /opt/airflow/dags/forecast_logging_dag.py
[2026-08-29T20:36:06.238+0000] {processor.py:840} INFO - DAG(s) 'forecast_logging' retrieved from /opt/airflow/dags/forecast_logging_dag.py
[2026-08-29T20:36:06.498+0000] {logging_mixin.py:188} INFO - [2026-08-29T20:36:06.288+0000] {dag.py:3089} INFO - Sync 1 DAGs
[2026-08-29T20:36:06.533+0000] {logging_mixin.py:188} INFO - [2026-08-29T20:36:06.532+0000] {dag.py:3947} INFO - Setting next_dagrun for forecast_logging to 2026-08-29 00:00:00+00:00, run_after=2026-08-30 00:00:00+00:00
[2026-08-29T20:36:06.569+0000] {processor.py:183} INFO - Processing /opt/airflow/dags/forecast_logging_dag.py took 4.157 seconds
[2026-08-29T20:36:37.400+0000] {processor.py:161} INFO - Started process (PID=2755) to work on /opt/airflow/dags/forecast_logging_dag.py
[2026-08-29T20:36:37.403+0000] {processor.py:830} INFO - Processing file /opt/airflow/dags/forecast_logging_dag.py for tasks to queue
[2026-08-29T20:36:37.405+0000] {logging_mixin.py:188} INFO - [2026-08-29T20:36:37.405+0000] {dagbag.py:545} INFO - Filling up the DagBag from /opt/airflow/dags/forecast_logging_dag.py
[2026-08-29T20:36:41.307+0000] {processor.py:840} INFO - DAG(s) 'forecast_logging' retrieved from /opt/airflow/dags/forecast_logging_dag.py
[2026-08-29T20:36:41.564+0000] {logging_mixin.py:188} INFO - [2026-08-29T20:36:41.564+0000] {dag.py:3089} INFO - Sync 1 DAGs
[2026-08-29T20:36:41.599+0000] {logging_mixin.py:188} INFO - [2026-08-29T20:36:41.598+0000] {dag.py:3947} INFO - Setting next_dagrun for forecast_logging to 2026-08-29 00:00:00+00:00, run_after=2026-08-30 00:00:00+00:00
[2026-08-29T20:36:41.633+0000] {processor.py:183} INFO - Processing /opt/airflow/dags/forecast_logging_dag.py took 4.249 seconds
[2026-08-29T20:37:12.228+0000] {processor.py:161} INFO - Started process (PID=2785) to work on /opt/airflow/dags/forecast_logging_dag.py
[2026-08-29T20:37:12.230+0000] {processor.py:830} INFO - Processing file /opt/airflow/dags/forecast_logging_dag.py for tasks to queue
[2026-08-29T20:37:12.233+0000] {logging_mixin.py:188} INFO - [2026-08-29T20:37:12.232+0000] {dagbag.py:545} INFO - Filling up the DagBag from /opt/airflow/dags/forecast_logging_dag.py
[2026-08-29T20:37:16.050+0000] {processor.py:840} INFO - DAG(s) 'forecast_logging' retrieved from /opt/airflow/dags/forecast_logging_dag.py
[2026-08-29T20:37:16.100+0000] {logging_mixin.py:188} INFO - [2026-08-29T20:37:16.099+0000] {dag.py:3089} INFO - Sync 1 DAGs
[2026-08-29T20:37:16.134+0000] {logging_mixin.py:188} INFO - [2026-08-29T20:37:16.134+0000] {dag.py:3947} INFO - Setting next_dagrun for forecast_logging to 2026-08-29 00:00:00+00:00, run_after=2026-08-30 00:00:00+00:00
[2026-08-29T20:37:16.170+0000] {processor.py:183} INFO - Processing /opt/airflow/dags/forecast_logging_dag.py took 3.958 seconds
[2026-08-29T20:37:47.107+0000] {processor.py:161} INFO - Started process (PID=2815) to work on /opt/airflow/dags/forecast_logging_dag.py
[2026-08-29T20:37:47.110+0000] {processor.py:830} INFO - Processing file /opt/airflow/dags/forecast_logging_dag.py for tasks to queue
[2026-08-29T20:37:47.112+0000] {logging_mixin.py:188} INFO - [2026-08-29T20:37:47.111+0000] {dagbag.py:545} INFO - Filling up the DagBag from /opt/airflow/dags/forecast_logging_dag.py
[2026-08-29T20:37:51.220+0000] {processor.py:840} INFO - DAG(s) 'forecast_logging' retrieved from /opt/airflow/dags/forecast_logging_dag.py
[2026-08-29T20:37:51.273+0000] {logging_mixin.py:188} INFO - [2026-08-29T20:37:51.272+0000] {dag.py:3089} INFO - Sync 1 DAGs
[2026-08-29T20:37:51.313+0000] {logging_mixin.py:188} INFO - [2026-08-29T20:37:51.312+0000] {dag.py:3947} INFO - Setting next_dagrun for forecast_logging to 2026-08-29 00:00:00+00:00, run_after=2026-08-30 00:00:00+00:00
[2026-08-29T20:37:51.597+0000] {processor.py:183} INFO - Processing /opt/airflow/dags/forecast_logging_dag.py took 4.507 seconds
[2026-08-29T20:38:22.433+0000] {processor.py:161} INFO - Started process (PID=2845) to work on /opt/airflow/dags/forecast_logging_dag.py
[2026-08-29T20:38:22.435+0000] {processor.py:830} INFO - Processing file /opt/airflow/dags/forecast_logging_dag.py for tasks to queue
[2026-08-29T20:38:22.438+0000] {logging_mixin.py:188} INFO - [2026-08-29T20:38:22.437+0000] {dagbag.py:545} INFO - Filling up the DagBag from /opt/airflow/dags/forecast_logging_dag.py
[2026-08-29T20:38:23.993+0000] {processor.py:840} INFO - DAG(s) 'forecast_logging' retrieved from /opt/airflow/dags/forecast_logging_dag.py
[2026-08-29T20:38:24.045+0000] {logging_mixin.py:188} INFO - [2026-08-29T20:38:24.044+0000] {dag.py:3089} INFO - Sync 1 DAGs
[2026-08-29T20:38:24.288+0000] {logging_mixin.py:188} INFO - [2026-08-29T20:38:24.288+0000] {dag.py:3947} INFO - Setting next_dagrun for forecast_logging to 2026-08-29 00:00:00+00:00, run_after=2026-08-30 00:00:00+00:00
[2026-08-29T20:38:24.322+0000] {processor.py:183} INFO - Processing /opt/airflow/dags/forecast_logging_dag.py took 4.390 seconds
[2026-08-29T20:38:55.348+0000] {processor.py:161} INFO - Started process (PID=2879) to work on /opt/airflow/dags/forecast_logging_dag.py
[2026-08-29T20:38:55.351+0000] {processor.py:830} INFO - Processing file /opt/airflow/dags/forecast_logging_dag.py for tasks to queue
[2026-08-29T20:38:55.353+0000] {logging_mixin.py:188} INFO - [2026-08-29T20:38:55.353+0000] {dagbag.py:545} INFO - Filling up the DagBag from /opt/airflow/dags/forecast_logging_dag.py
[2026-08-29T20:38:59.209+0000] {processor.py:840} INFO - DAG(s) 'forecast_logging' retrieved from /opt/airflow/dags/forecast_logging_dag.py
[2026-08-29T20:38:59.466+0000] {logging_mixin.py:188} INFO - [2026-08-29T20:38:59.465+0000] {dag.py:3089} INFO - Sync 1 DAGs
[2026-08-29T20:38:59.500+0000] {logging_mixin.py:188} INFO - [2026-08-29T20:38:59.499+0000] {dag.py:3947} INFO - Setting next_dagrun for forecast_logging to 2026-08-29 00:00:00+00:00, run_after=2026-08-30 00:00:00+00:00
[2026-08-29T20:38:59.536+0000] {processor.py:183} INFO - Processing /opt/airflow/dags/forecast_logging_dag.py took 4.205 seconds
[2026-08-29T20:39:30.555+0000] {processor.py:161} INFO - Started process (PID=2911) to work on /opt/airflow/dags/forecast_logging_dag.py
[2026-08-29T20:39:30.558+0000] {processor.py:830} INFO - Processing file /opt/airflow/dags/forecast_logging_dag.py for tasks to queue
[2026-08-29T20:39:30.561+0000] {logging_mixin.py:188} INFO - [2026-08-29T20:39:30.560+0000] {dagbag.py:545} INFO - Filling up the DagBag from /opt/airflow/dags/forecast_logging_dag.py
[2026-08-29T20:39:34.181+0000] {processor.py:840} INFO - DAG(s) 'forecast_logging' retrieved from /opt/airflow/dags/forecast_logging_dag.py
[2026-08-29T20:39:34.431+0000] {logging_mixin.py:188} INFO - [2026-08-29T20:39:34.430+0000] {dag.py:3089} INFO - Sync 1 DAGs
[2026-08-29T20:39:34.463+0000] {logging_mixin.py:188} INFO - [2026-08-29T20:39:34.462+0000] {dag.py:3947} INFO - Setting next_dagrun for forecast_logging to 2026-08-29 00:00:00+00:00, run_after=2026-08-30 00:00:00+00:00
[2026-08-29T20:39:34.497+0000] {processor.py:183} INFO - Processing /opt/airflow/dags/forecast_logging_dag.py took 3.960 seconds
[2026-08-29T20:40:05.242+0000] {processor.py:161} INFO - Started process (PID=2941) to work on /opt/airflow/dags/forecast_logging_dag.py
[2026-08-29T20:40:05.244+0000] {processor.py:830} INFO - Processing file /opt/airflow/dags/forecast_logging_dag.py for tasks to queue
[2026-08-29T20:40:05.246+0000] {logging_mixin.py:188} INFO - [2026-08-29T20:40:05.246+0000] {dagbag.py:545} INFO - Filling up the DagBag from /opt/airflow/dags/forecast_logging_dag.py
[2026-08-29T20:40:08.910+0000] {processor.py:840} INFO - DAG(s) 'forecast_logging' retrieved from /opt/airflow/dags/forecast_logging_dag.py
[2026-08-29T20:40:08.974+0000] {logging_mixin.py:188} INFO - [2026-08-29T20:40:08.973+0000] {dag.py:3089} INFO - Sync 1 DAGs
[2026-08-29T20:40:09.007+0000] {logging_mixin.py:188} INFO - [2026-08-29T20:40:09.007+0000] {dag.py:3947} INFO - Setting next_dagrun for forecast_logging to 2026-08-29 00:00:00+00:00, run_after=2026-08-30 00:00:00+00:00
[2026-08-29T20:40:09.045+0000] {processor.py:183} INFO - Processing /opt/airflow/dags/forecast_logging_dag.py took 3.820 seconds
[2026-08-29T20:40:39.608+0000] {processor.py:161} INFO - Started process (PID=2971) to work on /opt/airflow/dags/forecast_logging_dag.py
[2026-08-29T20:40:39.611+0000] {processor.py:830} INFO - Processing file /opt/airflow/dags/forecast_logging_dag.py for tasks to queue
[2026-08-29T20:40:39.614+0000] {logging_mixin.py:188} INFO - [2026-08-29T20:40:39.613+0000] {dagbag.py:545} INFO - Filling up the DagBag from /opt/airflow/dags/forecast_logging_dag.py
[2026-08-29T20:40:41.284+0000] {processor.py:840} INFO - DAG(s) 'forecast_logging' retrieved from /opt/airflow/dags/forecast_logging_dag.py
[2026-08-29T20:40:41.344+0000] {logging_mixin.py:188} INFO - [2026-08-29T20:40:41.343+0000] {dag.py:3089} INFO - Sync 1 DAGs
[2026-08-29T20:40:41.383+0000] {logging_mixin.py:188} INFO - [2026-08-29T20:40:41.383+0000] {dag.py:3947} INFO - Setting next_dagrun for forecast_logging to 2026-08-29 00:00:00+00:00, run_after=2026-08-30 00:00:00+00:00
[2026-08-29T20:40:41.671+0000] {processor.py:183} INFO - Processing /opt/airflow/dags/forecast_logging_dag.py took 4.473 seconds
[2026-08-29T20:41:12.750+0000] {processor.py:161} INFO - Started process (PID=3001) to work on /opt/airflow/dags/forecast_logging_dag.py
[2026-08-29T20:41:12.753+0000] {processor.py:830} INFO - Processing file /opt/airflow/dags/forecast_logging_dag.py for tasks to queue
[2026-08-29T20:41:12.756+0000] {logging_mixin.py:188} INFO - [2026-08-29T20:41:12.754+0000] {dagbag.py:545} INFO - Filling up the DagBag from /opt/airflow/dags/forecast_logging_dag.py
[2026-08-29T20:41:16.877+0000] {processor.py:840} INFO - DAG(s) 'forecast_logging' retrieved from /opt/airflow/dags/forecast_logging_dag.py
[2026-08-29T20:41:16.925+0000] {logging_mixin.py:188} INFO - [2026-08-29T20:41:16.924+0000] {dag.py:3089} INFO - Sync 1 DAGs
[2026-08-29T20:41:17.179+0000] {logging_mixin.py:188} INFO - [2026-08-29T20:41:17.179+0000] {dag.py:3947} INFO - Setting next_dagrun for forecast_logging to 2026-08-29 00:00:00+00:00, run_after=2026-08-30 00:00:00+00:00
[2026-08-29T20:41:17.212+0000] {processor.py:183} INFO - Processing /opt/airflow/dags/forecast_logging_dag.py took 4.482 seconds
[2026-08-29T20:49:20.762+0000] {processor.py:161} INFO - Started process (PID=3028) to work on /opt/airflow/dags/forecast_logging_dag.py
[2026-08-29T20:49:20.764+0000] {processor.py:830} INFO - Processing file /opt/airflow/dags/forecast_logging_dag.py for tasks to queue
[2026-08-29T20:49:20.766+0000] {logging_mixin.py:188} INFO - [2026-08-29T20:49:20.766+0000] {dagbag.py:545} INFO - Filling up the DagBag from /opt/airflow/dags/forecast_logging_dag.py
[2026-08-29T20:49:28.995+0000] {processor.py:840} INFO - DAG(s) 'forecast_logging' retrieved from /opt/airflow/dags/forecast_logging_dag.py
[2026-08-29T20:49:29.040+0000] {logging_mixin.py:188} INFO - [2026-08-29T20:49:29.037+0000] {dag.py:3089} INFO - Sync 1 DAGs
[2026-08-29T20:49:29.318+0000] {logging_mixin.py:188} INFO - [2026-08-29T20:49:29.318+0000] {dag.py:3947} INFO - Setting next_dagrun for forecast_logging to 2026-08-29 00:00:00+00:00, run_after=2026-08-30 00:00:00+00:00
[2026-08-29T20:49:29.354+0000] {processor.py:183} INFO - Processing /opt/airflow/dags/forecast_logging_dag.py took 8.610 seconds
[2026-08-29T20:49:59.814+0000] {processor.py:161} INFO - Started process (PID=3065) to work on /opt/airflow/dags/forecast_logging_dag.py
[2026-08-29T20:49:59.827+0000] {processor.py:830} INFO - Processing file /opt/airflow/dags/forecast_logging_dag.py for tasks to queue
[2026-08-29T20:49:59.829+0000] {logging_mixin.py:188} INFO - [2026-08-29T20:49:59.828+0000] {dagbag.py:545} INFO - Filling up the DagBag from /opt/airflow/dags/forecast_logging_dag.py
[2026-08-29T20:50:02.852+0000] {processor.py:840} INFO - DAG(s) 'forecast_logging' retrieved from /opt/airflow/dags/forecast_logging_dag.py
[2026-08-29T20:50:03.089+0000] {logging_mixin.py:188} INFO - [2026-08-29T20:50:03.088+0000] {dag.py:3089} INFO - Sync 1 DAGs
[2026-08-29T20:50:03.114+0000] {logging_mixin.py:188} INFO - [2026-08-29T20:50:03.113+0000] {dag.py:3947} INFO - Setting next_dagrun for forecast_logging to 2026-08-29 00:00:00+00:00, run_after=2026-08-30 00:00:00+00:00
[2026-08-29T20:50:03.224+0000] {processor.py:183} INFO - Processing /opt/airflow/dags/forecast_logging_dag.py took 3.423 seconds
[2026-08-29T20:50:34.023+0000] {processor.py:161} INFO - Started process (PID=3097) to work on /opt/airflow/dags/forecast_logging_dag.py
[2026-08-29T20:50:34.026+0000] {processor.py:830} INFO - Processing file /opt/airflow/dags/forecast_logging_dag.py for tasks to queue
[2026-08-29T20:50:34.028+0000] {logging_mixin.py:188} INFO - [2026-08-29T20:50:34.027+0000] {dagbag.py:545} INFO - Filling up the DagBag from /opt/airflow/dags/forecast_logging_dag.py
[2026-08-29T20:50:34.756+0000] {processor.py:840} INFO - DAG(s) 'forecast_logging' retrieved from /opt/airflow/dags/forecast_logging_dag.py
[2026-08-29T20:50:34.798+0000] {logging_mixin.py:188} INFO - [2026-08-29T20:50:34.797+0000] {dag.py:3089} INFO - Sync 1 DAGs
[2026-08-29T20:50:34.826+0000] {logging_mixin.py:188} INFO - [2026-08-29T20:50:34.826+0000] {dag.py:3947} INFO - Setting next_dagrun for forecast_logging to 2026-08-29 00:00:00+00:00, run_after=2026-08-30 00:00:00+00:00
[2026-08-29T20:50:34.856+0000] {processor.py:183} INFO - Processing /opt/airflow/dags/forecast_logging_dag.py took 3.142 seconds
[2026-08-29T20:51:05.635+0000] {processor.py:161} INFO - Started process (PID=3127) to work on /opt/airflow/dags/forecast_logging_dag.py
[2026-08-29T20:51:05.638+0000] {processor.py:830} INFO - Processing file /opt/airflow/dags/forecast_logging_dag.py for tasks to queue
[2026-08-29T20:51:05.640+0000] {logging_mixin.py:188} INFO - [2026-08-29T20:51:05.639+0000] {dagbag.py:545} INFO - Filling up the DagBag from /opt/airflow/dags/forecast_logging_dag.py
[2026-08-29T20:51:09.415+0000] {processor.py:840} INFO - DAG(s) 'forecast_logging' retrieved from /opt/airflow/dags/forecast_logging_dag.py
[2026-08-29T20:51:09.476+0000] {logging_mixin.py:188} INFO - [2026-08-29T20:51:09.475+0000] {dag.py:3089} INFO - Sync 1 DAGs
[2026-08-29T20:51:09.542+0000] {logging_mixin.py:188} INFO - [2026-08-29T20:51:09.542+0000] {dag.py:3947} INFO - Setting next_dagrun for forecast_logging to 2026-08-29 00:00:00+00:00, run_after=2026-08-30 00:00:00+00:00
[2026-08-29T20:51:09.897+0000] {processor.py:183} INFO - Processing /opt/airflow/dags/forecast_logging_dag.py took 4.279 seconds
[2026-08-29T20:51:41.695+0000] {processor.py:161} INFO - Started process (PID=3155) to work on /opt/airflow/dags/forecast_logging_dag.py
[2026-08-29T20:51:41.697+0000] {processor.py:830} INFO - Processing file /opt/airflow/dags/forecast_logging_dag.py for tasks to queue
[2026-08-29T20:51:41.701+0000] {logging_mixin.py:188} INFO - [2026-08-29T20:51:41.700+0000] {dagbag.py:545} INFO - Filling up the DagBag from /opt/airflow/dags/forecast_logging_dag.py
[2026-08-29T20:51:45.909+0000] {processor.py:840} INFO - DAG(s) 'forecast_logging' retrieved from /opt/airflow/dags/forecast_logging_dag.py
[2026-08-29T20:51:45.958+0000] {logging_mixin.py:188} INFO - [2026-08-29T20:51:45.957+0000] {dag.py:3089} INFO - Sync 1 DAGs
[2026-08-29T20:51:46.000+0000] {logging_mixin.py:188} INFO - [2026-08-29T20:51:46.000+0000] {dag.py:3947} INFO - Setting next_dagrun for forecast_logging to 2026-08-29 00:00:00+00:00, run_after=2026-08-30 00:00:00+00:00
[2026-08-29T20:51:46.353+0000] {processor.py:183} INFO - Processing /opt/airflow/dags/forecast_logging_dag.py took 4.675 seconds
[2026-08-29T20:52:16.613+0000] {processor.py:161} INFO - Started process (PID=3187) to work on /opt/airflow/dags/forecast_logging_dag.py
[2026-08-29T20:52:16.616+0000] {processor.py:830} INFO - Processing file /opt/airflow/dags/forecast_logging_dag.py for tasks to queue
[2026-08-29T20:52:16.618+0000] {logging_mixin.py:188} INFO - [2026-08-29T20:52:16.617+0000] {dagbag.py:545} INFO - Filling up the DagBag from /opt/airflow/dags/forecast_logging_dag.py
[2026-08-29T20:52:20.561+0000] {processor.py:840} INFO - DAG(s) 'forecast_logging' retrieved from /opt/airflow/dags/forecast_logging_dag.py
[2026-08-29T20:52:20.908+0000] {logging_mixin.py:188} INFO - [2026-08-29T20:52:20.628+0000] {dag.py:3089} INFO - Sync 1 DAGs
[2026-08-29T20:52:20.950+0000] {logging_mixin.py:188} INFO - [2026-08-29T20:52:20.950+0000] {dag.py:3947} INFO - Setting next_dagrun for forecast_logging to 2026-08-29 00:00:00+00:00, run_after=2026-08-30 00:00:00+00:00
[2026-08-29T20:52:21.048+0000] {processor.py:183} INFO - Processing /opt/airflow/dags/forecast_logging_dag.py took 4.454 seconds
[2026-08-29T20:52:51.571+0000] {processor.py:161} INFO - Started process (PID=3215) to work on /opt/airflow/dags/forecast_logging_dag.py
[2026-08-29T20:52:51.574+0000] {processor.py:830} INFO - Processing file /opt/airflow/dags/forecast_logging_dag.py for tasks to queue
[2026-08-29T20:52:51.578+0000] {logging_mixin.py:188} INFO - [2026-08-29T20:52:51.576+0000] {dagbag.py:545} INFO - Filling up the DagBag from /opt/airflow/dags/forecast_logging_dag.py
[2026-08-29T20:52:55.910+0000] {processor.py:840} INFO - DAG(s) 'forecast_logging' retrieved from /opt/airflow/dags/forecast_logging_dag.py
[2026-08-29T20:52:56.414+0000] {logging_mixin.py:188} INFO - [2026-08-29T20:52:56.413+0000] {dag.py:3089} INFO - Sync 1 DAGs
[2026-08-29T20:52:56.453+0000] {logging_mixin.py:188} INFO - [2026-08-29T20:52:56.453+0000] {dag.py:3947} INFO - Setting next_dagrun for forecast_logging to 2026-08-29 00:00:00+00:00, run_after=2026-08-30 00:00:00+00:00
[2026-08-29T20:52:56.490+0000] {processor.py:183} INFO - Processing /opt/airflow/dags/forecast_logging_dag.py took 4.752 seconds
[2026-08-29T20:53:27.531+0000] {processor.py:161} INFO - Started process (PID=3247) to work on /opt/airflow/dags/forecast_logging_dag.py
[2026-08-29T20:53:27.534+0000] {processor.py:830} INFO - Processing file /opt/airflow/dags/forecast_logging_dag.py for tasks to queue
[2026-08-29T20:53:27.537+0000] {logging_mixin.py:188} INFO - [2026-08-29T20:53:27.536+0000] {dagbag.py:545} INFO - Filling up the DagBag from /opt/airflow/dags/forecast_logging_dag.py
[2026-08-29T20:53:34.565+0000] {processor.py:840} INFO - DAG(s) 'forecast_logging' retrieved from /opt/airflow/dags/forecast_logging_dag.py
[2026-08-29T20:53:34.898+0000] {logging_mixin.py:188} INFO - [2026-08-29T20:53:34.897+0000] {dag.py:3089} INFO - Sync 1 DAGs
[2026-08-29T20:53:35.215+0000] {logging_mixin.py:188} INFO - [2026-08-29T20:53:35.215+0000] {dag.py:3947} INFO - Setting next_dagrun for forecast_logging to 2026-08-29 00:00:00+00:00, run_after=2026-08-30 00:00:00+00:00
[2026-08-29T20:53:35.289+0000] {processor.py:183} INFO - Processing /opt/airflow/dags/forecast_logging_dag.py took 7.780 seconds
[2026-08-29T20:54:05.650+0000] {processor.py:161} INFO - Started process (PID=3277) to work on /opt/airflow/dags/forecast_logging_dag.py
[2026-08-29T20:54:05.652+0000] {processor.py:830} INFO - Processing file /opt/airflow/dags/forecast_logging_dag.py for tasks to queue
[2026-08-29T20:54:05.655+0000] {logging_mixin.py:188} INFO - [2026-08-29T20:54:05.654+0000] {dagbag.py:545} INFO - Filling up the DagBag from /opt/airflow/dags/forecast_logging_dag.py
[2026-08-29T20:54:09.939+0000] {processor.py:840} INFO - DAG(s) 'forecast_logging' retrieved from /opt/airflow/dags/forecast_logging_dag.py
[2026-08-29T20:54:09.995+0000] {logging_mixin.py:188} INFO - [2026-08-29T20:54:09.994+0000] {dag.py:3089} INFO - Sync 1 DAGs
[2026-08-29T20:54:10.036+0000] {logging_mixin.py:188} INFO - [2026-08-29T20:54:10.036+0000] {dag.py:3947} INFO - Setting next_dagrun for forecast_logging to 2026-08-29 00:00:00+00:00, run_after=2026-08-30 00:00:00+00:00
[2026-08-29T20:54:10.296+0000] {processor.py:183} INFO - Processing /opt/airflow/dags/forecast_logging_dag.py took 4.664 seconds
[2026-08-29T20:54:40.574+0000] {processor.py:161} INFO - Started process (PID=3307) to work on /opt/airflow/dags/forecast_logging_dag.py
[2026-08-29T20:54:40.577+0000] {processor.py:830} INFO - Processing file /opt/airflow/dags/forecast_logging_dag.py for tasks to queue
[2026-08-29T20:54:40.580+0000] {logging_mixin.py:188} INFO - [2026-08-29T20:54:40.579+0000] {dagbag.py:545} INFO - Filling up the DagBag from /opt/airflow/dags/forecast_logging_dag.py
[2026-08-29T20:54:44.427+0000] {processor.py:840} INFO - DAG(s) 'forecast_logging' retrieved from /opt/airflow/dags/forecast_logging_dag.py
[2026-08-29T20:54:44.499+0000] {logging_mixin.py:188} INFO - [2026-08-29T20:54:44.498+0000] {dag.py:3089} INFO - Sync 1 DAGs
[2026-08-29T20:54:44.780+0000] {logging_mixin.py:188} INFO - [2026-08-29T20:54:44.779+0000] {dag.py:3947} INFO - Setting next_dagrun for forecast_logging to 2026-08-29 00:00:00+00:00, run_after=2026-08-30 00:00:00+00:00
[2026-08-29T20:54:44.826+0000] {processor.py:183} INFO - Processing /opt/airflow/dags/forecast_logging_dag.py took 4.269 seconds
[2026-08-29T20:55:15.377+0000] {processor.py:161} INFO - Started process (PID=3337) to work on /opt/airflow/dags/forecast_logging_dag.py
[2026-08-29T20:55:15.379+0000] {processor.py:830} INFO - Processing file /opt/airflow/dags/forecast_logging_dag.py for tasks to queue
[2026-08-29T20:55:15.382+0000] {logging_mixin.py:188} INFO - [2026-08-29T20:55:15.381+0000] {dagbag.py:545} INFO - Filling up the DagBag from /opt/airflow/dags/forecast_logging_dag.py
[2026-08-29T20:55:19.678+0000] {processor.py:840} INFO - DAG(s) 'forecast_logging' retrieved from /opt/airflow/dags/forecast_logging_dag.py
[2026-08-29T20:55:20.053+0000] {logging_mixin.py:188} INFO - [2026-08-29T20:55:20.051+0000] {dag.py:3089} INFO - Sync 1 DAGs
[2026-08-29T20:55:20.099+0000] {logging_mixin.py:188} INFO - [2026-08-29T20:55:20.099+0000] {dag.py:3947} INFO - Setting next_dagrun for forecast_logging to 2026-08-29 00:00:00+00:00, run_after=2026-08-30 00:00:00+00:00
[2026-08-29T20:55:20.133+0000] {processor.py:183} INFO - Processing /opt/airflow/dags/forecast_logging_dag.py took 4.771 seconds
[2026-08-29T20:55:50.888+0000] {processor.py:161} INFO - Started process (PID=3367) to work on /opt/airflow/dags/forecast_logging_dag.py
[2026-08-29T20:55:50.891+0000] {processor.py:830} INFO - Processing file /opt/airflow/dags/forecast_logging_dag.py for tasks to queue
[2026-08-29T20:55:50.894+0000] {logging_mixin.py:188} INFO - [2026-08-29T20:55:50.892+0000] {dagbag.py:545} INFO - Filling up the DagBag from /opt/airflow/dags/forecast_logging_dag.py
[2026-08-29T20:55:56.754+0000] {processor.py:840} INFO - DAG(s) 'forecast_logging' retrieved from /opt/airflow/dags/forecast_logging_dag.py
[2026-08-29T20:55:57.042+0000] {logging_mixin.py:188} INFO - [2026-08-29T20:55:57.041+0000] {dag.py:3089} INFO - Sync 1 DAGs
[2026-08-29T20:55:57.076+0000] {logging_mixin.py:188} INFO - [2026-08-29T20:55:57.076+0000] {dag.py:3947} INFO - Setting next_dagrun for forecast_logging to 2026-08-29 00:00:00+00:00, run_after=2026-08-30 00:00:00+00:00
[2026-08-29T20:55:57.114+0000] {processor.py:183} INFO - Processing /opt/airflow/dags/forecast_logging_dag.py took 6.243 seconds
[2026-08-29T20:56:27.418+0000] {processor.py:161} INFO - Started process (PID=3397) to work on /opt/airflow/dags/forecast_logging_dag.py
[2026-08-29T20:56:27.422+0000] {processor.py:830} INFO - Processing file /opt/airflow/dags/forecast_logging_dag.py for tasks to queue
[2026-08-29T20:56:27.427+0000] {logging_mixin.py:188} INFO - [2026-08-29T20:56:27.424+0000] {dagbag.py:545} INFO - Filling up the DagBag from /opt/airflow/dags/forecast_logging_dag.py
[2026-08-29T20:56:32.271+0000] {processor.py:840} INFO - DAG(s) 'forecast_logging' retrieved from /opt/airflow/dags/forecast_logging_dag.py
[2026-08-29T20:56:32.335+0000] {logging_mixin.py:188} INFO - [2026-08-29T20:56:32.334+0000] {dag.py:3089} INFO - Sync 1 DAGs
[2026-08-29T20:56:32.426+0000] {logging_mixin.py:188} INFO - [2026-08-29T20:56:32.424+0000] {dag.py:3947} INFO - Setting next_dagrun for forecast_logging to 2026-08-29 00:00:00+00:00, run_after=2026-08-30 00:00:00+00:00
[2026-08-29T20:56:32.643+0000] {processor.py:183} INFO - Processing /opt/airflow/dags/forecast_logging_dag.py took 5.241 seconds
[2026-08-29T20:57:02.903+0000] {processor.py:161} INFO - Started process (PID=3427) to work on /opt/airflow/dags/forecast_logging_dag.py
[2026-08-29T20:57:02.906+0000] {processor.py:830} INFO - Processing file /opt/airflow/dags/forecast_logging_dag.py for tasks to queue
[2026-08-29T20:57:02.909+0000] {logging_mixin.py:188} INFO - [2026-08-29T20:57:02.908+0000] {dagbag.py:545} INFO - Filling up the DagBag from /opt/airflow/dags/forecast_logging_dag.py
[2026-08-29T20:57:04.096+0000] {processor.py:840} INFO - DAG(s) 'forecast_logging' retrieved from /opt/airflow/dags/forecast_logging_dag.py
[2026-08-29T20:57:04.144+0000] {logging_mixin.py:188} INFO - [2026-08-29T20:57:04.143+0000] {dag.py:3089} INFO - Sync 1 DAGs
[2026-08-29T20:57:04.176+0000] {logging_mixin.py:188} INFO - [2026-08-29T20:57:04.175+0000] {dag.py:3947} INFO - Setting next_dagrun for forecast_logging to 2026-08-29 00:00:00+00:00, run_after=2026-08-30 00:00:00+00:00
[2026-08-29T20:57:04.459+0000] {processor.py:183} INFO - Processing /opt/airflow/dags/forecast_logging_dag.py took 4.143 seconds
[2026-08-29T20:57:35.214+0000] {processor.py:161} INFO - Started process (PID=3457) to work on /opt/airflow/dags/forecast_logging_dag.py
[2026-08-29T20:57:35.217+0000] {processor.py:830} INFO - Processing file /opt/airflow/dags/forecast_logging_dag.py for tasks to queue
[2026-08-29T20:57:35.220+0000] {logging_mixin.py:188} INFO - [2026-08-29T20:57:35.219+0000] {dagbag.py:545} INFO - Filling up the DagBag from /opt/airflow/dags/forecast_logging_dag.py
[2026-08-29T20:57:39.589+0000] {processor.py:840} INFO - DAG(s) 'forecast_logging' retrieved from /opt/airflow/dags/forecast_logging_dag.py
[2026-08-29T20:57:39.647+0000] {logging_mixin.py:188} INFO - [2026-08-29T20:57:39.645+0000] {dag.py:3089} INFO - Sync 1 DAGs
[2026-08-29T20:57:39.906+0000] {logging_mixin.py:188} INFO - [2026-08-29T20:57:39.906+0000] {dag.py:3947} INFO - Setting next_dagrun for forecast_logging to 2026-08-29 00:00:00+00:00, run_after=2026-08-30 00:00:00+00:00
[2026-08-29T20:57:39.987+0000] {processor.py:183} INFO - Processing /opt/airflow/dags/forecast_logging_dag.py took 4.794 seconds
[2026-08-29T20:58:10.740+0000] {processor.py:161} INFO - Started process (PID=3487) to work on /opt/airflow/dags/forecast_logging_dag.py
[2026-08-29T20:58:10.743+0000] {processor.py:830} INFO - Processing file /opt/airflow/dags/forecast_logging_dag.py for tasks to queue
[2026-08-29T20:58:10.746+0000] {logging_mixin.py:188} INFO - [2026-08-29T20:58:10.745+0000] {dagbag.py:545} INFO - Filling up the DagBag from /opt/airflow/dags/forecast_logging_dag.py
[2026-08-29T20:58:14.709+0000] {processor.py:840} INFO - DAG(s) 'forecast_logging' retrieved from /opt/airflow/dags/forecast_logging_dag.py
[2026-08-29T20:58:15.012+0000] {logging_mixin.py:188} INFO - [2026-08-29T20:58:15.011+0000] {dag.py:3089} INFO - Sync 1 DAGs
[2026-08-29T20:58:15.052+0000] {logging_mixin.py:188} INFO - [2026-08-29T20:58:15.052+0000] {dag.py:3947} INFO - Setting next_dagrun for forecast_logging to 2026-08-29 00:00:00+00:00, run_after=2026-08-30 00:00:00+00:00
[2026-08-29T20:58:15.089+0000] {processor.py:183} INFO - Processing /opt/airflow/dags/forecast_logging_dag.py took 4.376 seconds
[2026-08-29T20:58:47.243+0000] {processor.py:161} INFO - Started process (PID=3517) to work on /opt/airflow/dags/forecast_logging_dag.py
[2026-08-29T20:58:47.306+0000] {processor.py:830} INFO - Processing file /opt/airflow/dags/forecast_logging_dag.py for tasks to queue
[2026-08-29T20:58:47.385+0000] {logging_mixin.py:188} INFO - [2026-08-29T20:58:47.338+0000] {dagbag.py:545} INFO - Filling up the DagBag from /opt/airflow/dags/forecast_logging_dag.py
[2026-08-29T20:59:00.153+0000] {processor.py:840} INFO - DAG(s) 'forecast_logging' retrieved from /opt/airflow/dags/forecast_logging_dag.py
[2026-08-29T20:59:00.258+0000] {logging_mixin.py:188} INFO - [2026-08-29T20:59:00.257+0000] {dag.py:3089} INFO - Sync 1 DAGs
[2026-08-29T20:59:00.384+0000] {logging_mixin.py:188} INFO - [2026-08-29T20:59:00.383+0000] {dag.py:3947} INFO - Setting next_dagrun for forecast_logging to 2026-08-29 00:00:00+00:00, run_after=2026-08-30 00:00:00+00:00
[2026-08-29T20:59:00.429+0000] {processor.py:183} INFO - Processing /opt/airflow/dags/forecast_logging_dag.py took 16.485 seconds
[2026-08-29T20:59:30.770+0000] {processor.py:161} INFO - Started process (PID=3547) to work on /opt/airflow/dags/forecast_logging_dag.py
[2026-08-29T20:59:30.775+0000] {processor.py:830} INFO - Processing file /opt/airflow/dags/forecast_logging_dag.py for tasks to queue
[2026-08-29T20:59:30.782+0000] {logging_mixin.py:188} INFO - [2026-08-29T20:59:30.777+0000] {dagbag.py:545} INFO - Filling up the DagBag from /opt/airflow/dags/forecast_logging_dag.py
[2026-08-29T20:59:52.413+0000] {processor.py:840} INFO - DAG(s) 'forecast_logging' retrieved from /opt/airflow/dags/forecast_logging_dag.py
[2026-08-29T20:59:52.530+0000] {logging_mixin.py:188} INFO - [2026-08-29T20:59:52.529+0000] {dag.py:3089} INFO - Sync 1 DAGs
[2026-08-29T20:59:52.572+0000] {logging_mixin.py:188} INFO - [2026-08-29T20:59:52.572+0000] {dag.py:3947} INFO - Setting next_dagrun for forecast_logging to 2026-08-29 00:00:00+00:00, run_after=2026-08-30 00:00:00+00:00
[2026-08-29T20:59:52.917+0000] {processor.py:183} INFO - Processing /opt/airflow/dags/forecast_logging_dag.py took 24.565 seconds
[2026-08-29T21:00:23.664+0000] {processor.py:161} INFO - Started process (PID=3579) to work on /opt/airflow/dags/forecast_logging_dag.py
[2026-08-29T21:00:23.666+0000] {processor.py:830} INFO - Processing file /opt/airflow/dags/forecast_logging_dag.py for tasks to queue
[2026-08-29T21:00:23.669+0000] {logging_mixin.py:188} INFO - [2026-08-29T21:00:23.668+0000] {dagbag.py:545} INFO - Filling up the DagBag from /opt/airflow/dags/forecast_logging_dag.py
[2026-08-29T21:00:29.020+0000] {processor.py:840} INFO - DAG(s) 'forecast_logging' retrieved from /opt/airflow/dags/forecast_logging_dag.py
[2026-08-29T21:00:29.087+0000] {logging_mixin.py:188} INFO - [2026-08-29T21:00:29.083+0000] {dag.py:3089} INFO - Sync 1 DAGs
[2026-08-29T21:00:29.413+0000] {logging_mixin.py:188} INFO - [2026-08-29T21:00:29.412+0000] {dag.py:3947} INFO - Setting next_dagrun for forecast_logging to 2026-08-29 00:00:00+00:00, run_after=2026-08-30 00:00:00+00:00
[2026-08-29T21:00:29.462+0000] {processor.py:183} INFO - Processing /opt/airflow/dags/forecast_logging_dag.py took 5.813 seconds
[2026-08-29T21:01:00.927+0000] {processor.py:161} INFO - Started process (PID=3625) to work on /opt/airflow/dags/forecast_logging_dag.py
[2026-08-29T21:01:00.933+0000] {processor.py:830} INFO - Processing file /opt/airflow/dags/forecast_logging_dag.py for tasks to queue
[2026-08-29T21:01:00.965+0000] {logging_mixin.py:188} INFO - [2026-08-29T21:01:00.953+0000] {dagbag.py:545} INFO - Filling up the DagBag from /opt/airflow/dags/forecast_logging_dag.py
[2026-08-29T21:01:28.750+0000] {logging_mixin.py:188} INFO - [2026-08-29T21:01:28.749+0000] {timeout.py:68} ERROR - Process timed out, PID: 3625
[2026-08-29T21:01:59.442+0000] {processor.py:161} INFO - Started process (PID=3798) to work on /opt/airflow/dags/forecast_logging_dag.py
[2026-08-29T21:01:59.449+0000] {processor.py:830} INFO - Processing file /opt/airflow/dags/forecast_logging_dag.py for tasks to queue
[2026-08-29T21:01:59.452+0000] {logging_mixin.py:188} INFO - [2026-08-29T21:01:59.451+0000] {dagbag.py:545} INFO - Filling up the DagBag from /opt/airflow/dags/forecast_logging_dag.py
[2026-08-29T21:02:06.694+0000] {processor.py:840} INFO - DAG(s) 'forecast_logging' retrieved from /opt/airflow/dags/forecast_logging_dag.py
[2026-08-29T21:02:06.771+0000] {logging_mixin.py:188} INFO - [2026-08-29T21:02:06.770+0000] {dag.py:3089} INFO - Sync 1 DAGs
[2026-08-29T21:02:06.859+0000] {logging_mixin.py:188} INFO - [2026-08-29T21:02:06.857+0000] {dag.py:3947} INFO - Setting next_dagrun for forecast_logging to 2026-08-29 00:00:00+00:00, run_after=2026-08-30 00:00:00+00:00
[2026-08-29T21:02:06.899+0000] {processor.py:183} INFO - Processing /opt/airflow/dags/forecast_logging_dag.py took 7.506 seconds
[2026-08-29T21:02:37.527+0000] {processor.py:161} INFO - Started process (PID=3902) to work on /opt/airflow/dags/forecast_logging_dag.py
[2026-08-29T21:02:37.530+0000] {processor.py:830} INFO - Processing file /opt/airflow/dags/forecast_logging_dag.py for tasks to queue
[2026-08-29T21:02:37.534+0000] {logging_mixin.py:188} INFO - [2026-08-29T21:02:37.532+0000] {dagbag.py:545} INFO - Filling up the DagBag from /opt/airflow/dags/forecast_logging_dag.py
[2026-08-29T21:02:39.390+0000] {processor.py:840} INFO - DAG(s) 'forecast_logging' retrieved from /opt/airflow/dags/forecast_logging_dag.py
[2026-08-29T21:02:39.449+0000] {logging_mixin.py:188} INFO - [2026-08-29T21:02:39.448+0000] {dag.py:3089} INFO - Sync 1 DAGs
[2026-08-29T21:02:39.493+0000] {logging_mixin.py:188} INFO - [2026-08-29T21:02:39.492+0000] {dag.py:3947} INFO - Setting next_dagrun for forecast_logging to 2026-08-29 00:00:00+00:00, run_after=2026-08-30 00:00:00+00:00
[2026-08-29T21:02:41.432+0000] {processor.py:183} INFO - Processing /opt/airflow/dags/forecast_logging_dag.py took 6.298 seconds
[2026-08-29T21:03:12.050+0000] {processor.py:161} INFO - Started process (PID=3930) to work on /opt/airflow/dags/forecast_logging_dag.py
[2026-08-29T21:03:12.056+0000] {processor.py:830} INFO - Processing file /opt/airflow/dags/forecast_logging_dag.py for tasks to queue
[2026-08-29T21:03:12.060+0000] {logging_mixin.py:188} INFO - [2026-08-29T21:03:12.058+0000] {dagbag.py:545} INFO - Filling up the DagBag from /opt/airflow/dags/forecast_logging_dag.py
[2026-08-29T21:03:20.507+0000] {processor.py:840} INFO - DAG(s) 'forecast_logging' retrieved from /opt/airflow/dags/forecast_logging_dag.py
[2026-08-29T21:03:20.716+0000] {logging_mixin.py:188} INFO - [2026-08-29T21:03:20.713+0000] {dag.py:3089} INFO - Sync 1 DAGs
[2026-08-29T21:03:21.185+0000] {logging_mixin.py:188} INFO - [2026-08-29T21:03:21.184+0000] {dag.py:3947} INFO - Setting next_dagrun for forecast_logging to 2026-08-29 00:00:00+00:00, run_after=2026-08-30 00:00:00+00:00
[2026-08-29T21:03:21.431+0000] {processor.py:183} INFO - Processing /opt/airflow/dags/forecast_logging_dag.py took 9.461 seconds
[2026-08-29T21:04:12.075+0000] {processor.py:161} INFO - Started process (PID=3962) to work on /opt/airflow/dags/forecast_logging_dag.py
[2026-08-29T21:04:12.078+0000] {processor.py:830} INFO - Processing file /opt/airflow/dags/forecast_logging_dag.py for tasks to queue
[2026-08-29T21:04:12.089+0000] {logging_mixin.py:188} INFO - [2026-08-29T21:04:12.085+0000] {dagbag.py:545} INFO - Filling up the DagBag from /opt/airflow/dags/forecast_logging_dag.py
[2026-08-29T21:04:16.478+0000] {logging_mixin.py:188} INFO - [2026-08-29T21:04:16.389+0000] {dagbag.py:355} ERROR - Failed to import: /opt/airflow/dags/forecast_logging_dag.py
Traceback (most recent call last):
  File "/home/airflow/.local/lib/python3.11/site-packages/airflow/models/dagbag.py", line 351, in parse
    loader.exec_module(new_module)
  File "<frozen importlib._bootstrap_external>", line 940, in exec_module
  File "<frozen importlib._bootstrap>", line 241, in _call_with_frames_removed
  File "/opt/airflow/dags/forecast_logging_dag.py", line 15, in <module>
    from analytics.forecast_log import log_todays_forecasts
  File "/opt/airflow/project/analytics/forecast_log.py", line 33, in <module>
    from utils.hopsworks_client import get_feature_store, get_project
  File "<frozen importlib._bootstrap>", line 1176, in _find_and_load
  File "<frozen importlib._bootstrap>", line 1138, in _find_and_load_unlocked
  File "<frozen importlib._bootstrap>", line 1078, in _find_spec
  File "<frozen importlib._bootstrap_external>", line 1507, in find_spec
  File "<frozen importlib._bootstrap_external>", line 1479, in _get_spec
  File "<frozen importlib._bootstrap_external>", line 1619, in find_spec
  File "<frozen importlib._bootstrap_external>", line 1662, in _fill_cache
OSError: [Errno 12] Cannot allocate memory: '/opt/airflow/project/utils'
[2026-08-29T21:04:16.493+0000] {processor.py:842} WARNING - No viable dags retrieved from /opt/airflow/dags/forecast_logging_dag.py
[2026-08-29T21:04:16.643+0000] {processor.py:183} INFO - Processing /opt/airflow/dags/forecast_logging_dag.py took 4.622 seconds
[2026-08-29T21:05:02.338+0000] {processor.py:161} INFO - Started process (PID=3980) to work on /opt/airflow/dags/forecast_logging_dag.py
[2026-08-29T21:05:02.341+0000] {processor.py:830} INFO - Processing file /opt/airflow/dags/forecast_logging_dag.py for tasks to queue
[2026-08-29T21:05:02.343+0000] {logging_mixin.py:188} INFO - [2026-08-29T21:05:02.342+0000] {dagbag.py:545} INFO - Filling up the DagBag from /opt/airflow/dags/forecast_logging_dag.py
[2026-08-29T21:06:36.573+0000] {processor.py:161} INFO - Started process (PID=172) to work on /opt/airflow/dags/forecast_logging_dag.py
[2026-08-29T21:06:36.677+0000] {processor.py:830} INFO - Processing file /opt/airflow/dags/forecast_logging_dag.py for tasks to queue
[2026-08-29T21:06:36.856+0000] {logging_mixin.py:188} INFO - [2026-08-29T21:06:36.840+0000] {dagbag.py:545} INFO - Filling up the DagBag from /opt/airflow/dags/forecast_logging_dag.py
[2026-08-29T21:07:04.815+0000] {logging_mixin.py:188} INFO - [2026-08-29T21:07:04.813+0000] {timeout.py:68} ERROR - Process timed out, PID: 172
[2026-08-29T21:07:37.266+0000] {processor.py:161} INFO - Started process (PID=202) to work on /opt/airflow/dags/forecast_logging_dag.py
[2026-08-29T21:07:37.318+0000] {processor.py:830} INFO - Processing file /opt/airflow/dags/forecast_logging_dag.py for tasks to queue
[2026-08-29T21:07:37.578+0000] {logging_mixin.py:188} INFO - [2026-08-29T21:07:37.533+0000] {dagbag.py:545} INFO - Filling up the DagBag from /opt/airflow/dags/forecast_logging_dag.py
[2026-08-29T21:07:57.727+0000] {processor.py:840} INFO - DAG(s) 'forecast_logging' retrieved from /opt/airflow/dags/forecast_logging_dag.py
[2026-08-29T21:07:57.967+0000] {logging_mixin.py:188} INFO - [2026-08-29T21:07:57.966+0000] {dag.py:3089} INFO - Sync 1 DAGs
[2026-08-29T21:07:58.004+0000] {logging_mixin.py:188} INFO - [2026-08-29T21:07:58.003+0000] {dag.py:3947} INFO - Setting next_dagrun for forecast_logging to 2026-08-29 00:00:00+00:00, run_after=2026-08-30 00:00:00+00:00
[2026-08-29T21:07:58.058+0000] {processor.py:183} INFO - Processing /opt/airflow/dags/forecast_logging_dag.py took 24.040 seconds
[2026-08-29T21:08:28.489+0000] {processor.py:161} INFO - Started process (PID=235) to work on /opt/airflow/dags/forecast_logging_dag.py
[2026-08-29T21:08:28.494+0000] {processor.py:830} INFO - Processing file /opt/airflow/dags/forecast_logging_dag.py for tasks to queue
[2026-08-29T21:08:28.500+0000] {logging_mixin.py:188} INFO - [2026-08-29T21:08:28.499+0000] {dagbag.py:545} INFO - Filling up the DagBag from /opt/airflow/dags/forecast_logging_dag.py
[2026-08-29T21:08:45.022+0000] {processor.py:840} INFO - DAG(s) 'forecast_logging' retrieved from /opt/airflow/dags/forecast_logging_dag.py
[2026-08-29T21:08:45.115+0000] {logging_mixin.py:188} INFO - [2026-08-29T21:08:45.114+0000] {dag.py:3089} INFO - Sync 1 DAGs
[2026-08-29T21:08:45.160+0000] {logging_mixin.py:188} INFO - [2026-08-29T21:08:45.159+0000] {dag.py:3947} INFO - Setting next_dagrun for forecast_logging to 2026-08-29 00:00:00+00:00, run_after=2026-08-30 00:00:00+00:00
[2026-08-29T21:08:45.204+0000] {processor.py:183} INFO - Processing /opt/airflow/dags/forecast_logging_dag.py took 18.814 seconds
[2026-08-29T21:09:18.776+0000] {processor.py:161} INFO - Started process (PID=283) to work on /opt/airflow/dags/forecast_logging_dag.py
[2026-08-29T21:10:40.669+0000] {logging_mixin.py:188} INFO - [2026-08-29T21:10:40.667+0000] {process_utils.py:263} INFO - Waiting up to 5 seconds for processes to exit...
[2026-08-29T21:10:40.675+0000] {logging_mixin.py:188} WARNING - Exception ignored in: <bound method _MultipleClassMarker._remove_item of <sqlalchemy.orm.clsregistry._MultipleClassMarker object at 0x79c42f195500>>
[2026-08-29T21:10:40.676+0000] {logging_mixin.py:188} WARNING - Traceback (most recent call last):
[2026-08-29T21:10:40.678+0000] {logging_mixin.py:188} WARNING -   File "/home/airflow/.local/lib/python3.11/site-packages/sqlalchemy/orm/clsregistry.py", line 157, in _remove_item
[2026-08-29T21:10:40.680+0000] {logging_mixin.py:188} WARNING -     def _remove_item(self, ref):
[2026-08-29T21:10:40.680+0000] {logging_mixin.py:188} WARNING -   File "/home/airflow/.local/lib/python3.11/site-packages/airflow/dag_processing/manager.py", line 454, in _exit_gracefully
[2026-08-29T21:10:40.682+0000] {logging_mixin.py:188} WARNING -     self.terminate()
[2026-08-29T21:10:40.683+0000] {logging_mixin.py:188} WARNING -   File "/home/airflow/.local/lib/python3.11/site-packages/airflow/dag_processing/manager.py", line 1258, in terminate
[2026-08-29T21:10:40.684+0000] {logging_mixin.py:188} WARNING -     processor.terminate()
[2026-08-29T21:10:40.685+0000] {logging_mixin.py:188} WARNING -   File "/home/airflow/.local/lib/python3.11/site-packages/airflow/dag_processing/processor.py", line 267, in terminate
[2026-08-29T21:10:40.687+0000] {logging_mixin.py:188} WARNING -     self._process._popen.wait(5)  # type: ignore
[2026-08-29T21:10:40.688+0000] {logging_mixin.py:188} WARNING -     ^^^^^^^^^^^^^^^^^^^^^^^^^^^^
[2026-08-29T21:10:40.689+0000] {logging_mixin.py:188} WARNING -   File "/usr/local/lib/python3.11/multiprocessing/popen_fork.py", line 40, in wait
[2026-08-29T21:10:40.691+0000] {logging_mixin.py:188} WARNING -     if not wait([self.sentinel], timeout):
[2026-08-29T21:10:40.692+0000] {logging_mixin.py:188} WARNING -            ^^^^^^^^^^^^^^^^^^^^^^^^^^^^^^
[2026-08-29T21:10:40.693+0000] {logging_mixin.py:188} WARNING -   File "/usr/local/lib/python3.11/multiprocessing/connection.py", line 948, in wait
[2026-08-29T21:10:40.694+0000] {logging_mixin.py:188} WARNING -     ready = selector.select(timeout)
[2026-08-29T21:10:40.695+0000] {logging_mixin.py:188} WARNING -             ^^^^^^^^^^^^^^^^^^^^^^^^
[2026-08-29T21:10:40.696+0000] {logging_mixin.py:188} WARNING -   File "/usr/local/lib/python3.11/selectors.py", line 415, in select
[2026-08-29T21:10:40.697+0000] {logging_mixin.py:188} WARNING -     fd_event_list = self._selector.poll(timeout)
[2026-08-29T21:10:40.698+0000] {logging_mixin.py:188} WARNING -                     ^^^^^^^^^^^^^^^^^^^^^^^^^^^^
[2026-08-29T21:10:40.699+0000] {logging_mixin.py:188} WARNING -   File "/home/airflow/.local/lib/python3.11/site-packages/airflow/dag_processing/manager.py", line 457, in _exit_gracefully
[2026-08-29T21:10:40.700+0000] {logging_mixin.py:188} WARNING -     sys.exit(os.EX_OK)
[2026-08-29T21:10:40.701+0000] {logging_mixin.py:188} WARNING - SystemExit: 0
[2026-08-29T21:09:18.835+0000] {processor.py:830} INFO - Processing file /opt/airflow/dags/forecast_logging_dag.py for tasks to queue
[2026-08-29T21:10:40.722+0000] {logging_mixin.py:188} INFO - [2026-08-29T21:10:40.722+0000] {dagbag.py:545} INFO - Filling up the DagBag from /opt/airflow/dags/forecast_logging_dag.py
[2026-08-29T21:10:42.299+0000] {logging_mixin.py:188} INFO - [2026-08-29T21:10:42.298+0000] {process_utils.py:263} INFO - Waiting up to 5 seconds for processes to exit...
[2026-08-29T21:10:47.937+0000] {processor.py:161} INFO - Started process (PID=388) to work on /opt/airflow/dags/forecast_logging_dag.py
[2026-08-29T21:10:47.942+0000] {processor.py:830} INFO - Processing file /opt/airflow/dags/forecast_logging_dag.py for tasks to queue
[2026-08-29T21:10:47.955+0000] {logging_mixin.py:188} INFO - [2026-08-29T21:10:47.944+0000] {dagbag.py:545} INFO - Filling up the DagBag from /opt/airflow/dags/forecast_logging_dag.py
[2026-08-29T21:11:17.455+0000] {logging_mixin.py:188} INFO - [2026-08-29T21:11:17.453+0000] {timeout.py:68} ERROR - Process timed out, PID: 388
[2026-08-29T21:11:48.497+0000] {processor.py:161} INFO - Started process (PID=547) to work on /opt/airflow/dags/forecast_logging_dag.py
[2026-08-29T21:11:48.500+0000] {processor.py:830} INFO - Processing file /opt/airflow/dags/forecast_logging_dag.py for tasks to queue
[2026-08-29T21:11:48.502+0000] {logging_mixin.py:188} INFO - [2026-08-29T21:11:48.501+0000] {dagbag.py:545} INFO - Filling up the DagBag from /opt/airflow/dags/forecast_logging_dag.py
[2026-08-29T21:11:53.703+0000] {processor.py:840} INFO - DAG(s) 'forecast_logging' retrieved from /opt/airflow/dags/forecast_logging_dag.py
[2026-08-29T21:11:54.817+0000] {logging_mixin.py:188} INFO - [2026-08-29T21:11:54.815+0000] {dag.py:3089} INFO - Sync 1 DAGs
[2026-08-29T21:11:54.857+0000] {logging_mixin.py:188} INFO - [2026-08-29T21:11:54.857+0000] {dag.py:3947} INFO - Setting next_dagrun for forecast_logging to 2026-08-29 00:00:00+00:00, run_after=2026-08-30 00:00:00+00:00
[2026-08-29T21:11:55.079+0000] {processor.py:183} INFO - Processing /opt/airflow/dags/forecast_logging_dag.py took 6.598 seconds
[2026-08-29T21:12:25.756+0000] {processor.py:161} INFO - Started process (PID=577) to work on /opt/airflow/dags/forecast_logging_dag.py
[2026-08-29T21:12:25.759+0000] {processor.py:830} INFO - Processing file /opt/airflow/dags/forecast_logging_dag.py for tasks to queue
[2026-08-29T21:12:25.762+0000] {logging_mixin.py:188} INFO - [2026-08-29T21:12:25.760+0000] {dagbag.py:545} INFO - Filling up the DagBag from /opt/airflow/dags/forecast_logging_dag.py
[2026-08-29T21:12:31.778+0000] {processor.py:840} INFO - DAG(s) 'forecast_logging' retrieved from /opt/airflow/dags/forecast_logging_dag.py
[2026-08-29T21:12:31.829+0000] {logging_mixin.py:188} INFO - [2026-08-29T21:12:31.828+0000] {dag.py:3089} INFO - Sync 1 DAGs
[2026-08-29T21:12:31.879+0000] {logging_mixin.py:188} INFO - [2026-08-29T21:12:31.879+0000] {dag.py:3947} INFO - Setting next_dagrun for forecast_logging to 2026-08-29 00:00:00+00:00, run_after=2026-08-30 00:00:00+00:00
[2026-08-29T21:12:32.214+0000] {processor.py:183} INFO - Processing /opt/airflow/dags/forecast_logging_dag.py took 6.475 seconds
[2026-08-29T21:13:02.940+0000] {processor.py:161} INFO - Started process (PID=607) to work on /opt/airflow/dags/forecast_logging_dag.py
[2026-08-29T21:13:02.943+0000] {processor.py:830} INFO - Processing file /opt/airflow/dags/forecast_logging_dag.py for tasks to queue
[2026-08-29T21:13:02.946+0000] {logging_mixin.py:188} INFO - [2026-08-29T21:13:02.945+0000] {dagbag.py:545} INFO - Filling up the DagBag from /opt/airflow/dags/forecast_logging_dag.py
[2026-08-29T21:13:06.859+0000] {processor.py:840} INFO - DAG(s) 'forecast_logging' retrieved from /opt/airflow/dags/forecast_logging_dag.py
[2026-08-29T21:13:06.914+0000] {logging_mixin.py:188} INFO - [2026-08-29T21:13:06.913+0000] {dag.py:3089} INFO - Sync 1 DAGs
[2026-08-29T21:13:07.229+0000] {logging_mixin.py:188} INFO - [2026-08-29T21:13:07.228+0000] {dag.py:3947} INFO - Setting next_dagrun for forecast_logging to 2026-08-29 00:00:00+00:00, run_after=2026-08-30 00:00:00+00:00
[2026-08-29T21:13:07.269+0000] {processor.py:183} INFO - Processing /opt/airflow/dags/forecast_logging_dag.py took 4.347 seconds
[2026-08-29T21:13:37.485+0000] {processor.py:161} INFO - Started process (PID=637) to work on /opt/airflow/dags/forecast_logging_dag.py
[2026-08-29T21:13:37.487+0000] {processor.py:830} INFO - Processing file /opt/airflow/dags/forecast_logging_dag.py for tasks to queue
[2026-08-29T21:13:37.490+0000] {logging_mixin.py:188} INFO - [2026-08-29T21:13:37.489+0000] {dagbag.py:545} INFO - Filling up the DagBag from /opt/airflow/dags/forecast_logging_dag.py
[2026-08-29T21:13:41.451+0000] {processor.py:840} INFO - DAG(s) 'forecast_logging' retrieved from /opt/airflow/dags/forecast_logging_dag.py
[2026-08-29T21:13:41.506+0000] {logging_mixin.py:188} INFO - [2026-08-29T21:13:41.505+0000] {dag.py:3089} INFO - Sync 1 DAGs
[2026-08-29T21:13:41.544+0000] {logging_mixin.py:188} INFO - [2026-08-29T21:13:41.543+0000] {dag.py:3947} INFO - Setting next_dagrun for forecast_logging to 2026-08-29 00:00:00+00:00, run_after=2026-08-30 00:00:00+00:00
[2026-08-29T21:13:41.589+0000] {processor.py:183} INFO - Processing /opt/airflow/dags/forecast_logging_dag.py took 4.122 seconds
[2026-08-29T21:14:12.731+0000] {processor.py:161} INFO - Started process (PID=667) to work on /opt/airflow/dags/forecast_logging_dag.py
[2026-08-29T21:14:12.735+0000] {processor.py:830} INFO - Processing file /opt/airflow/dags/forecast_logging_dag.py for tasks to queue
[2026-08-29T21:14:12.738+0000] {logging_mixin.py:188} INFO - [2026-08-29T21:14:12.737+0000] {dagbag.py:545} INFO - Filling up the DagBag from /opt/airflow/dags/forecast_logging_dag.py
[2026-08-29T21:14:16.943+0000] {processor.py:840} INFO - DAG(s) 'forecast_logging' retrieved from /opt/airflow/dags/forecast_logging_dag.py
[2026-08-29T21:14:16.995+0000] {logging_mixin.py:188} INFO - [2026-08-29T21:14:16.994+0000] {dag.py:3089} INFO - Sync 1 DAGs
[2026-08-29T21:14:17.034+0000] {logging_mixin.py:188} INFO - [2026-08-29T21:14:17.034+0000] {dag.py:3947} INFO - Setting next_dagrun for forecast_logging to 2026-08-29 00:00:00+00:00, run_after=2026-08-30 00:00:00+00:00
[2026-08-29T21:14:17.074+0000] {processor.py:183} INFO - Processing /opt/airflow/dags/forecast_logging_dag.py took 4.367 seconds
[2026-08-29T21:14:54.119+0000] {processor.py:161} INFO - Started process (PID=712) to work on /opt/airflow/dags/forecast_logging_dag.py
[2026-08-29T21:14:54.221+0000] {processor.py:830} INFO - Processing file /opt/airflow/dags/forecast_logging_dag.py for tasks to queue
[2026-08-29T21:14:54.488+0000] {logging_mixin.py:188} INFO - [2026-08-29T21:14:54.256+0000] {dagbag.py:545} INFO - Filling up the DagBag from /opt/airflow/dags/forecast_logging_dag.py
[2026-08-29T21:16:11.374+0000] {processor.py:161} INFO - Started process (PID=864) to work on /opt/airflow/dags/forecast_logging_dag.py
[2026-08-29T21:16:11.409+0000] {processor.py:830} INFO - Processing file /opt/airflow/dags/forecast_logging_dag.py for tasks to queue
[2026-08-29T21:16:11.414+0000] {logging_mixin.py:188} INFO - [2026-08-29T21:16:11.412+0000] {dagbag.py:545} INFO - Filling up the DagBag from /opt/airflow/dags/forecast_logging_dag.py
[2026-08-29T21:16:27.882+0000] {processor.py:840} INFO - DAG(s) 'forecast_logging' retrieved from /opt/airflow/dags/forecast_logging_dag.py
[2026-08-29T21:16:29.811+0000] {logging_mixin.py:188} INFO - [2026-08-29T21:16:29.810+0000] {dag.py:3089} INFO - Sync 1 DAGs
[2026-08-29T21:16:29.865+0000] {logging_mixin.py:188} INFO - [2026-08-29T21:16:29.864+0000] {dag.py:3947} INFO - Setting next_dagrun for forecast_logging to 2026-08-29 00:00:00+00:00, run_after=2026-08-30 00:00:00+00:00
[2026-08-29T21:16:29.957+0000] {processor.py:183} INFO - Processing /opt/airflow/dags/forecast_logging_dag.py took 20.921 seconds
[2026-08-29T21:17:00.511+0000] {processor.py:161} INFO - Started process (PID=942) to work on /opt/airflow/dags/forecast_logging_dag.py
[2026-08-29T21:17:00.515+0000] {processor.py:830} INFO - Processing file /opt/airflow/dags/forecast_logging_dag.py for tasks to queue
[2026-08-29T21:17:00.518+0000] {logging_mixin.py:188} INFO - [2026-08-29T21:17:00.517+0000] {dagbag.py:545} INFO - Filling up the DagBag from /opt/airflow/dags/forecast_logging_dag.py
[2026-08-29T21:17:05.099+0000] {processor.py:840} INFO - DAG(s) 'forecast_logging' retrieved from /opt/airflow/dags/forecast_logging_dag.py
[2026-08-29T21:17:05.161+0000] {logging_mixin.py:188} INFO - [2026-08-29T21:17:05.160+0000] {dag.py:3089} INFO - Sync 1 DAGs
[2026-08-29T21:17:05.201+0000] {logging_mixin.py:188} INFO - [2026-08-29T21:17:05.201+0000] {dag.py:3947} INFO - Setting next_dagrun for forecast_logging to 2026-08-29 00:00:00+00:00, run_after=2026-08-30 00:00:00+00:00
[2026-08-29T21:17:05.241+0000] {processor.py:183} INFO - Processing /opt/airflow/dags/forecast_logging_dag.py took 4.758 seconds
[2026-08-29T21:17:35.556+0000] {processor.py:161} INFO - Started process (PID=972) to work on /opt/airflow/dags/forecast_logging_dag.py
[2026-08-29T21:17:35.558+0000] {processor.py:830} INFO - Processing file /opt/airflow/dags/forecast_logging_dag.py for tasks to queue
[2026-08-29T21:17:35.561+0000] {logging_mixin.py:188} INFO - [2026-08-29T21:17:35.560+0000] {dagbag.py:545} INFO - Filling up the DagBag from /opt/airflow/dags/forecast_logging_dag.py
[2026-08-29T21:17:40.006+0000] {processor.py:840} INFO - DAG(s) 'forecast_logging' retrieved from /opt/airflow/dags/forecast_logging_dag.py
[2026-08-29T21:17:40.093+0000] {logging_mixin.py:188} INFO - [2026-08-29T21:17:40.092+0000] {dag.py:3089} INFO - Sync 1 DAGs
[2026-08-29T21:17:40.132+0000] {logging_mixin.py:188} INFO - [2026-08-29T21:17:40.131+0000] {dag.py:3947} INFO - Setting next_dagrun for forecast_logging to 2026-08-29 00:00:00+00:00, run_after=2026-08-30 00:00:00+00:00
[2026-08-29T21:17:40.221+0000] {processor.py:183} INFO - Processing /opt/airflow/dags/forecast_logging_dag.py took 4.687 seconds
[2026-08-29T21:18:10.917+0000] {processor.py:161} INFO - Started process (PID=1005) to work on /opt/airflow/dags/forecast_logging_dag.py
[2026-08-29T21:18:10.920+0000] {processor.py:830} INFO - Processing file /opt/airflow/dags/forecast_logging_dag.py for tasks to queue
[2026-08-29T21:18:10.922+0000] {logging_mixin.py:188} INFO - [2026-08-29T21:18:10.921+0000] {dagbag.py:545} INFO - Filling up the DagBag from /opt/airflow/dags/forecast_logging_dag.py
[2026-08-29T21:18:15.799+0000] {processor.py:840} INFO - DAG(s) 'forecast_logging' retrieved from /opt/airflow/dags/forecast_logging_dag.py
[2026-08-29T21:18:15.858+0000] {logging_mixin.py:188} INFO - [2026-08-29T21:18:15.856+0000] {dag.py:3089} INFO - Sync 1 DAGs
[2026-08-29T21:18:15.902+0000] {logging_mixin.py:188} INFO - [2026-08-29T21:18:15.902+0000] {dag.py:3947} INFO - Setting next_dagrun for forecast_logging to 2026-08-29 00:00:00+00:00, run_after=2026-08-30 00:00:00+00:00
[2026-08-29T21:18:16.234+0000] {processor.py:183} INFO - Processing /opt/airflow/dags/forecast_logging_dag.py took 5.338 seconds
[2026-08-29T21:19:18.496+0000] {processor.py:161} INFO - Started process (PID=1175) to work on /opt/airflow/dags/forecast_logging_dag.py
[2026-08-29T21:19:18.500+0000] {processor.py:830} INFO - Processing file /opt/airflow/dags/forecast_logging_dag.py for tasks to queue
[2026-08-29T21:19:18.504+0000] {logging_mixin.py:188} INFO - [2026-08-29T21:19:18.502+0000] {dagbag.py:545} INFO - Filling up the DagBag from /opt/airflow/dags/forecast_logging_dag.py
[2026-08-29T21:19:39.468+0000] {processor.py:840} INFO - DAG(s) 'forecast_logging' retrieved from /opt/airflow/dags/forecast_logging_dag.py
[2026-08-29T21:19:40.332+0000] {logging_mixin.py:188} INFO - [2026-08-29T21:19:40.331+0000] {dag.py:3089} INFO - Sync 1 DAGs
[2026-08-29T21:19:41.010+0000] {logging_mixin.py:188} INFO - [2026-08-29T21:19:41.009+0000] {dag.py:3947} INFO - Setting next_dagrun for forecast_logging to 2026-08-29 00:00:00+00:00, run_after=2026-08-30 00:00:00+00:00
[2026-08-29T21:19:41.588+0000] {processor.py:183} INFO - Processing /opt/airflow/dags/forecast_logging_dag.py took 25.455 seconds
[2026-08-29T21:20:40.567+0000] {processor.py:161} INFO - Started process (PID=1227) to work on /opt/airflow/dags/forecast_logging_dag.py
[2026-08-29T21:20:40.701+0000] {processor.py:830} INFO - Processing file /opt/airflow/dags/forecast_logging_dag.py for tasks to queue
[2026-08-29T21:20:40.753+0000] {logging_mixin.py:188} INFO - [2026-08-29T21:20:40.752+0000] {dagbag.py:545} INFO - Filling up the DagBag from /opt/airflow/dags/forecast_logging_dag.py
[2026-08-29T21:21:08.418+0000] {logging_mixin.py:188} INFO - [2026-08-29T21:21:08.417+0000] {timeout.py:68} ERROR - Process timed out, PID: 1227
[2026-08-29T21:21:39.332+0000] {processor.py:161} INFO - Started process (PID=1275) to work on /opt/airflow/dags/forecast_logging_dag.py
[2026-08-29T21:21:39.351+0000] {processor.py:830} INFO - Processing file /opt/airflow/dags/forecast_logging_dag.py for tasks to queue
[2026-08-29T21:21:39.356+0000] {logging_mixin.py:188} INFO - [2026-08-29T21:21:39.355+0000] {dagbag.py:545} INFO - Filling up the DagBag from /opt/airflow/dags/forecast_logging_dag.py
[2026-08-29T21:21:46.404+0000] {processor.py:840} INFO - DAG(s) 'forecast_logging' retrieved from /opt/airflow/dags/forecast_logging_dag.py
[2026-08-29T21:21:46.471+0000] {logging_mixin.py:188} INFO - [2026-08-29T21:21:46.470+0000] {dag.py:3089} INFO - Sync 1 DAGs
[2026-08-29T21:21:46.793+0000] {logging_mixin.py:188} INFO - [2026-08-29T21:21:46.793+0000] {dag.py:3947} INFO - Setting next_dagrun for forecast_logging to 2026-08-29 00:00:00+00:00, run_after=2026-08-30 00:00:00+00:00
[2026-08-29T21:21:46.898+0000] {processor.py:183} INFO - Processing /opt/airflow/dags/forecast_logging_dag.py took 7.587 seconds
[2026-08-29T21:22:17.566+0000] {processor.py:161} INFO - Started process (PID=1307) to work on /opt/airflow/dags/forecast_logging_dag.py
[2026-08-29T21:22:17.574+0000] {processor.py:830} INFO - Processing file /opt/airflow/dags/forecast_logging_dag.py for tasks to queue
[2026-08-29T21:22:17.580+0000] {logging_mixin.py:188} INFO - [2026-08-29T21:22:17.578+0000] {dagbag.py:545} INFO - Filling up the DagBag from /opt/airflow/dags/forecast_logging_dag.py
[2026-08-29T21:22:24.964+0000] {processor.py:840} INFO - DAG(s) 'forecast_logging' retrieved from /opt/airflow/dags/forecast_logging_dag.py
[2026-08-29T21:22:25.343+0000] {logging_mixin.py:188} INFO - [2026-08-29T21:22:25.342+0000] {dag.py:3089} INFO - Sync 1 DAGs
[2026-08-29T21:22:25.387+0000] {logging_mixin.py:188} INFO - [2026-08-29T21:22:25.386+0000] {dag.py:3947} INFO - Setting next_dagrun for forecast_logging to 2026-08-29 00:00:00+00:00, run_after=2026-08-30 00:00:00+00:00
[2026-08-29T21:22:25.424+0000] {processor.py:183} INFO - Processing /opt/airflow/dags/forecast_logging_dag.py took 7.954 seconds
[2026-08-29T21:22:56.701+0000] {processor.py:161} INFO - Started process (PID=1353) to work on /opt/airflow/dags/forecast_logging_dag.py
[2026-08-29T21:22:56.752+0000] {processor.py:830} INFO - Processing file /opt/airflow/dags/forecast_logging_dag.py for tasks to queue
[2026-08-29T21:22:56.776+0000] {logging_mixin.py:188} INFO - [2026-08-29T21:22:56.755+0000] {dagbag.py:545} INFO - Filling up the DagBag from /opt/airflow/dags/forecast_logging_dag.py
[2026-08-29T21:23:31.170+0000] {logging_mixin.py:188} INFO - [2026-08-29T21:23:31.168+0000] {timeout.py:68} ERROR - Process timed out, PID: 1353
[2026-08-29T21:23:31.171+0000] {logging_mixin.py:188} WARNING - Exception ignored in: <function WeakKeyDictionary.__init__.<locals>.remove at 0x79c434698cc0>
[2026-08-29T21:23:31.172+0000] {logging_mixin.py:188} WARNING - Traceback (most recent call last):
[2026-08-29T21:23:31.174+0000] {logging_mixin.py:188} WARNING -   File "/usr/local/lib/python3.11/weakref.py", line 369, in remove
[2026-08-29T21:23:31.179+0000] {logging_mixin.py:188} WARNING -     def remove(k, selfref=ref(self)):
[2026-08-29T21:23:31.180+0000] {logging_mixin.py:188} WARNING -   File "/home/airflow/.local/lib/python3.11/site-packages/airflow/utils/timeout.py", line 69, in handle_timeout
[2026-08-29T21:23:31.182+0000] {logging_mixin.py:188} WARNING -     raise AirflowTaskTimeout(self.error_message)
[2026-08-29T21:23:31.183+0000] {logging_mixin.py:188} WARNING - airflow.exceptions.AirflowTaskTimeout: DagBag import timeout for /opt/airflow/dags/forecast_logging_dag.py after 30.0s.
Please take a look at these docs to improve your DAG import time:
* https://airflow.apache.org/docs/apache-airflow/2.9.3/best-practices.html#top-level-python-code
* https://airflow.apache.org/docs/apache-airflow/2.9.3/best-practices.html#reducing-dag-complexity, PID: 1353
[2026-08-29T21:23:37.504+0000] {processor.py:840} INFO - DAG(s) 'forecast_logging' retrieved from /opt/airflow/dags/forecast_logging_dag.py
[2026-08-29T21:23:37.576+0000] {logging_mixin.py:188} INFO - [2026-08-29T21:23:37.575+0000] {dag.py:3089} INFO - Sync 1 DAGs
[2026-08-29T21:23:37.630+0000] {logging_mixin.py:188} INFO - [2026-08-29T21:23:37.630+0000] {dag.py:3947} INFO - Setting next_dagrun for forecast_logging to 2026-08-29 00:00:00+00:00, run_after=2026-08-30 00:00:00+00:00
[2026-08-29T21:23:37.681+0000] {processor.py:183} INFO - Processing /opt/airflow/dags/forecast_logging_dag.py took 46.245 seconds
[2026-08-29T21:24:08.314+0000] {processor.py:161} INFO - Started process (PID=1582) to work on /opt/airflow/dags/forecast_logging_dag.py
[2026-08-29T21:24:08.318+0000] {processor.py:830} INFO - Processing file /opt/airflow/dags/forecast_logging_dag.py for tasks to queue
[2026-08-29T21:24:08.321+0000] {logging_mixin.py:188} INFO - [2026-08-29T21:24:08.319+0000] {dagbag.py:545} INFO - Filling up the DagBag from /opt/airflow/dags/forecast_logging_dag.py
[2026-08-29T21:24:12.494+0000] {processor.py:840} INFO - DAG(s) 'forecast_logging' retrieved from /opt/airflow/dags/forecast_logging_dag.py
[2026-08-29T21:24:12.557+0000] {logging_mixin.py:188} INFO - [2026-08-29T21:24:12.557+0000] {dag.py:3089} INFO - Sync 1 DAGs
[2026-08-29T21:24:12.596+0000] {logging_mixin.py:188} INFO - [2026-08-29T21:24:12.595+0000] {dag.py:3947} INFO - Setting next_dagrun for forecast_logging to 2026-08-29 00:00:00+00:00, run_after=2026-08-30 00:00:00+00:00
[2026-08-29T21:24:12.930+0000] {processor.py:183} INFO - Processing /opt/airflow/dags/forecast_logging_dag.py took 4.639 seconds
[2026-08-29T21:24:43.871+0000] {processor.py:161} INFO - Started process (PID=1612) to work on /opt/airflow/dags/forecast_logging_dag.py
[2026-08-29T21:24:43.877+0000] {processor.py:830} INFO - Processing file /opt/airflow/dags/forecast_logging_dag.py for tasks to queue
[2026-08-29T21:24:43.881+0000] {logging_mixin.py:188} INFO - [2026-08-29T21:24:43.879+0000] {dagbag.py:545} INFO - Filling up the DagBag from /opt/airflow/dags/forecast_logging_dag.py
[2026-08-29T21:24:49.068+0000] {processor.py:840} INFO - DAG(s) 'forecast_logging' retrieved from /opt/airflow/dags/forecast_logging_dag.py
[2026-08-29T21:24:49.188+0000] {logging_mixin.py:188} INFO - [2026-08-29T21:24:49.185+0000] {dag.py:3089} INFO - Sync 1 DAGs
[2026-08-29T21:24:49.573+0000] {logging_mixin.py:188} INFO - [2026-08-29T21:24:49.573+0000] {dag.py:3947} INFO - Setting next_dagrun for forecast_logging to 2026-08-29 00:00:00+00:00, run_after=2026-08-30 00:00:00+00:00
[2026-08-29T21:24:49.639+0000] {processor.py:183} INFO - Processing /opt/airflow/dags/forecast_logging_dag.py took 5.790 seconds
[2026-08-29T21:25:28.137+0000] {processor.py:161} INFO - Started process (PID=1640) to work on /opt/airflow/dags/forecast_logging_dag.py
[2026-08-29T21:25:28.142+0000] {processor.py:830} INFO - Processing file /opt/airflow/dags/forecast_logging_dag.py for tasks to queue
[2026-08-29T21:25:28.155+0000] {logging_mixin.py:188} INFO - [2026-08-29T21:25:28.145+0000] {dagbag.py:545} INFO - Filling up the DagBag from /opt/airflow/dags/forecast_logging_dag.py
[2026-08-29T21:25:36.603+0000] {processor.py:840} INFO - DAG(s) 'forecast_logging' retrieved from /opt/airflow/dags/forecast_logging_dag.py
[2026-08-29T21:25:38.213+0000] {logging_mixin.py:188} INFO - [2026-08-29T21:25:38.212+0000] {dag.py:3089} INFO - Sync 1 DAGs
[2026-08-29T21:25:38.262+0000] {logging_mixin.py:188} INFO - [2026-08-29T21:25:38.261+0000] {dag.py:3947} INFO - Setting next_dagrun for forecast_logging to 2026-08-29 00:00:00+00:00, run_after=2026-08-30 00:00:00+00:00
[2026-08-29T21:25:38.623+0000] {processor.py:183} INFO - Processing /opt/airflow/dags/forecast_logging_dag.py took 10.514 seconds
[2026-08-29T21:26:10.199+0000] {processor.py:161} INFO - Started process (PID=1670) to work on /opt/airflow/dags/forecast_logging_dag.py
[2026-08-29T21:26:10.214+0000] {processor.py:830} INFO - Processing file /opt/airflow/dags/forecast_logging_dag.py for tasks to queue
[2026-08-29T21:26:10.218+0000] {logging_mixin.py:188} INFO - [2026-08-29T21:26:10.217+0000] {dagbag.py:545} INFO - Filling up the DagBag from /opt/airflow/dags/forecast_logging_dag.py
[2026-08-29T21:26:15.080+0000] {processor.py:840} INFO - DAG(s) 'forecast_logging' retrieved from /opt/airflow/dags/forecast_logging_dag.py
[2026-08-29T21:26:15.137+0000] {logging_mixin.py:188} INFO - [2026-08-29T21:26:15.136+0000] {dag.py:3089} INFO - Sync 1 DAGs
[2026-08-29T21:26:15.179+0000] {logging_mixin.py:188} INFO - [2026-08-29T21:26:15.178+0000] {dag.py:3947} INFO - Setting next_dagrun for forecast_logging to 2026-08-29 00:00:00+00:00, run_after=2026-08-30 00:00:00+00:00
[2026-08-29T21:26:15.223+0000] {processor.py:183} INFO - Processing /opt/airflow/dags/forecast_logging_dag.py took 5.055 seconds
[2026-08-29T21:26:46.256+0000] {processor.py:161} INFO - Started process (PID=1702) to work on /opt/airflow/dags/forecast_logging_dag.py
[2026-08-29T21:26:46.262+0000] {processor.py:830} INFO - Processing file /opt/airflow/dags/forecast_logging_dag.py for tasks to queue
[2026-08-29T21:26:46.266+0000] {logging_mixin.py:188} INFO - [2026-08-29T21:26:46.265+0000] {dagbag.py:545} INFO - Filling up the DagBag from /opt/airflow/dags/forecast_logging_dag.py
[2026-08-29T21:26:48.734+0000] {processor.py:840} INFO - DAG(s) 'forecast_logging' retrieved from /opt/airflow/dags/forecast_logging_dag.py
[2026-08-29T21:26:48.799+0000] {logging_mixin.py:188} INFO - [2026-08-29T21:26:48.798+0000] {dag.py:3089} INFO - Sync 1 DAGs
[2026-08-29T21:26:48.845+0000] {logging_mixin.py:188} INFO - [2026-08-29T21:26:48.844+0000] {dag.py:3947} INFO - Setting next_dagrun for forecast_logging to 2026-08-29 00:00:00+00:00, run_after=2026-08-30 00:00:00+00:00
[2026-08-29T21:26:49.156+0000] {processor.py:183} INFO - Processing /opt/airflow/dags/forecast_logging_dag.py took 5.207 seconds
[2026-08-29T21:27:20.152+0000] {processor.py:161} INFO - Started process (PID=1732) to work on /opt/airflow/dags/forecast_logging_dag.py
[2026-08-29T21:27:20.208+0000] {processor.py:830} INFO - Processing file /opt/airflow/dags/forecast_logging_dag.py for tasks to queue
[2026-08-29T21:27:20.215+0000] {logging_mixin.py:188} INFO - [2026-08-29T21:27:20.214+0000] {dagbag.py:545} INFO - Filling up the DagBag from /opt/airflow/dags/forecast_logging_dag.py
[2026-08-29T21:27:26.701+0000] {processor.py:840} INFO - DAG(s) 'forecast_logging' retrieved from /opt/airflow/dags/forecast_logging_dag.py
[2026-08-29T21:27:27.037+0000] {logging_mixin.py:188} INFO - [2026-08-29T21:27:27.034+0000] {dag.py:3089} INFO - Sync 1 DAGs
[2026-08-29T21:27:27.505+0000] {logging_mixin.py:188} INFO - [2026-08-29T21:27:27.503+0000] {dag.py:3947} INFO - Setting next_dagrun for forecast_logging to 2026-08-29 00:00:00+00:00, run_after=2026-08-30 00:00:00+00:00
[2026-08-29T21:27:27.615+0000] {processor.py:183} INFO - Processing /opt/airflow/dags/forecast_logging_dag.py took 7.488 seconds
[2026-08-29T21:27:58.238+0000] {processor.py:161} INFO - Started process (PID=1762) to work on /opt/airflow/dags/forecast_logging_dag.py
[2026-08-29T21:27:58.245+0000] {processor.py:830} INFO - Processing file /opt/airflow/dags/forecast_logging_dag.py for tasks to queue
[2026-08-29T21:27:58.252+0000] {logging_mixin.py:188} INFO - [2026-08-29T21:27:58.250+0000] {dagbag.py:545} INFO - Filling up the DagBag from /opt/airflow/dags/forecast_logging_dag.py
[2026-08-29T21:28:02.537+0000] {processor.py:840} INFO - DAG(s) 'forecast_logging' retrieved from /opt/airflow/dags/forecast_logging_dag.py
[2026-08-29T21:28:02.849+0000] {logging_mixin.py:188} INFO - [2026-08-29T21:28:02.848+0000] {dag.py:3089} INFO - Sync 1 DAGs
[2026-08-29T21:28:02.891+0000] {logging_mixin.py:188} INFO - [2026-08-29T21:28:02.891+0000] {dag.py:3947} INFO - Setting next_dagrun for forecast_logging to 2026-08-29 00:00:00+00:00, run_after=2026-08-30 00:00:00+00:00
[2026-08-29T21:28:02.935+0000] {processor.py:183} INFO - Processing /opt/airflow/dags/forecast_logging_dag.py took 4.724 seconds
[2026-08-29T21:28:33.793+0000] {processor.py:161} INFO - Started process (PID=1792) to work on /opt/airflow/dags/forecast_logging_dag.py
[2026-08-29T21:28:33.809+0000] {processor.py:830} INFO - Processing file /opt/airflow/dags/forecast_logging_dag.py for tasks to queue
[2026-08-29T21:28:33.814+0000] {logging_mixin.py:188} INFO - [2026-08-29T21:28:33.812+0000] {dagbag.py:545} INFO - Filling up the DagBag from /opt/airflow/dags/forecast_logging_dag.py
[2026-08-29T21:28:38.496+0000] {processor.py:840} INFO - DAG(s) 'forecast_logging' retrieved from /opt/airflow/dags/forecast_logging_dag.py
[2026-08-29T21:28:38.565+0000] {logging_mixin.py:188} INFO - [2026-08-29T21:28:38.564+0000] {dag.py:3089} INFO - Sync 1 DAGs
[2026-08-29T21:28:38.606+0000] {logging_mixin.py:188} INFO - [2026-08-29T21:28:38.605+0000] {dag.py:3947} INFO - Setting next_dagrun for forecast_logging to 2026-08-29 00:00:00+00:00, run_after=2026-08-30 00:00:00+00:00
[2026-08-29T21:28:38.649+0000] {processor.py:183} INFO - Processing /opt/airflow/dags/forecast_logging_dag.py took 4.879 seconds
[2026-08-29T21:29:08.892+0000] {processor.py:161} INFO - Started process (PID=1822) to work on /opt/airflow/dags/forecast_logging_dag.py
[2026-08-29T21:29:08.895+0000] {processor.py:830} INFO - Processing file /opt/airflow/dags/forecast_logging_dag.py for tasks to queue
[2026-08-29T21:29:08.899+0000] {logging_mixin.py:188} INFO - [2026-08-29T21:29:08.897+0000] {dagbag.py:545} INFO - Filling up the DagBag from /opt/airflow/dags/forecast_logging_dag.py
[2026-08-29T21:29:13.888+0000] {processor.py:840} INFO - DAG(s) 'forecast_logging' retrieved from /opt/airflow/dags/forecast_logging_dag.py
[2026-08-29T21:29:13.957+0000] {logging_mixin.py:188} INFO - [2026-08-29T21:29:13.955+0000] {dag.py:3089} INFO - Sync 1 DAGs
[2026-08-29T21:29:14.005+0000] {logging_mixin.py:188} INFO - [2026-08-29T21:29:14.005+0000] {dag.py:3947} INFO - Setting next_dagrun for forecast_logging to 2026-08-29 00:00:00+00:00, run_after=2026-08-30 00:00:00+00:00
[2026-08-29T21:29:14.055+0000] {processor.py:183} INFO - Processing /opt/airflow/dags/forecast_logging_dag.py took 5.186 seconds
[2026-08-29T21:29:44.531+0000] {processor.py:161} INFO - Started process (PID=1854) to work on /opt/airflow/dags/forecast_logging_dag.py
[2026-08-29T21:29:44.534+0000] {processor.py:830} INFO - Processing file /opt/airflow/dags/forecast_logging_dag.py for tasks to queue
[2026-08-29T21:29:44.537+0000] {logging_mixin.py:188} INFO - [2026-08-29T21:29:44.536+0000] {dagbag.py:545} INFO - Filling up the DagBag from /opt/airflow/dags/forecast_logging_dag.py
[2026-08-29T21:30:00.106+0000] {processor.py:840} INFO - DAG(s) 'forecast_logging' retrieved from /opt/airflow/dags/forecast_logging_dag.py
[2026-08-29T21:30:00.168+0000] {logging_mixin.py:188} INFO - [2026-08-29T21:30:00.168+0000] {dag.py:3089} INFO - Sync 1 DAGs
[2026-08-29T21:30:00.217+0000] {logging_mixin.py:188} INFO - [2026-08-29T21:30:00.216+0000] {dag.py:3947} INFO - Setting next_dagrun for forecast_logging to 2026-08-29 00:00:00+00:00, run_after=2026-08-30 00:00:00+00:00
[2026-08-29T21:30:00.570+0000] {processor.py:183} INFO - Processing /opt/airflow/dags/forecast_logging_dag.py took 16.063 seconds
[2026-08-29T21:30:31.497+0000] {processor.py:161} INFO - Started process (PID=1885) to work on /opt/airflow/dags/forecast_logging_dag.py
[2026-08-29T21:30:31.500+0000] {processor.py:830} INFO - Processing file /opt/airflow/dags/forecast_logging_dag.py for tasks to queue
[2026-08-29T21:30:31.503+0000] {logging_mixin.py:188} INFO - [2026-08-29T21:30:31.502+0000] {dagbag.py:545} INFO - Filling up the DagBag from /opt/airflow/dags/forecast_logging_dag.py
[2026-08-29T21:30:36.002+0000] {processor.py:840} INFO - DAG(s) 'forecast_logging' retrieved from /opt/airflow/dags/forecast_logging_dag.py
[2026-08-29T21:30:36.064+0000] {logging_mixin.py:188} INFO - [2026-08-29T21:30:36.063+0000] {dag.py:3089} INFO - Sync 1 DAGs
[2026-08-29T21:30:36.382+0000] {logging_mixin.py:188} INFO - [2026-08-29T21:30:36.382+0000] {dag.py:3947} INFO - Setting next_dagrun for forecast_logging to 2026-08-29 00:00:00+00:00, run_after=2026-08-30 00:00:00+00:00
[2026-08-29T21:30:36.428+0000] {processor.py:183} INFO - Processing /opt/airflow/dags/forecast_logging_dag.py took 4.955 seconds
[2026-08-29T21:31:06.709+0000] {processor.py:161} INFO - Started process (PID=1915) to work on /opt/airflow/dags/forecast_logging_dag.py
[2026-08-29T21:31:06.712+0000] {processor.py:830} INFO - Processing file /opt/airflow/dags/forecast_logging_dag.py for tasks to queue
[2026-08-29T21:31:06.715+0000] {logging_mixin.py:188} INFO - [2026-08-29T21:31:06.714+0000] {dagbag.py:545} INFO - Filling up the DagBag from /opt/airflow/dags/forecast_logging_dag.py
[2026-08-29T21:31:11.617+0000] {processor.py:840} INFO - DAG(s) 'forecast_logging' retrieved from /opt/airflow/dags/forecast_logging_dag.py
[2026-08-29T21:31:11.933+0000] {logging_mixin.py:188} INFO - [2026-08-29T21:31:11.932+0000] {dag.py:3089} INFO - Sync 1 DAGs
[2026-08-29T21:31:12.226+0000] {logging_mixin.py:188} INFO - [2026-08-29T21:31:12.225+0000] {dag.py:3947} INFO - Setting next_dagrun for forecast_logging to 2026-08-29 00:00:00+00:00, run_after=2026-08-30 00:00:00+00:00
[2026-08-29T21:31:12.306+0000] {processor.py:183} INFO - Processing /opt/airflow/dags/forecast_logging_dag.py took 5.616 seconds
[2026-08-29T21:31:43.169+0000] {processor.py:161} INFO - Started process (PID=1948) to work on /opt/airflow/dags/forecast_logging_dag.py
[2026-08-29T21:31:43.174+0000] {processor.py:830} INFO - Processing file /opt/airflow/dags/forecast_logging_dag.py for tasks to queue
[2026-08-29T21:31:43.177+0000] {logging_mixin.py:188} INFO - [2026-08-29T21:31:43.176+0000] {dagbag.py:545} INFO - Filling up the DagBag from /opt/airflow/dags/forecast_logging_dag.py
[2026-08-29T21:31:48.301+0000] {processor.py:840} INFO - DAG(s) 'forecast_logging' retrieved from /opt/airflow/dags/forecast_logging_dag.py
[2026-08-29T21:31:48.383+0000] {logging_mixin.py:188} INFO - [2026-08-29T21:31:48.382+0000] {dag.py:3089} INFO - Sync 1 DAGs
[2026-08-29T21:31:48.435+0000] {logging_mixin.py:188} INFO - [2026-08-29T21:31:48.435+0000] {dag.py:3947} INFO - Setting next_dagrun for forecast_logging to 2026-08-29 00:00:00+00:00, run_after=2026-08-30 00:00:00+00:00
[2026-08-29T21:31:48.483+0000] {processor.py:183} INFO - Processing /opt/airflow/dags/forecast_logging_dag.py took 5.341 seconds
[2026-08-29T21:32:20.320+0000] {processor.py:161} INFO - Started process (PID=2069) to work on /opt/airflow/dags/forecast_logging_dag.py
[2026-08-29T21:32:20.355+0000] {processor.py:830} INFO - Processing file /opt/airflow/dags/forecast_logging_dag.py for tasks to queue
[2026-08-29T21:32:20.363+0000] {logging_mixin.py:188} INFO - [2026-08-29T21:32:20.360+0000] {dagbag.py:545} INFO - Filling up the DagBag from /opt/airflow/dags/forecast_logging_dag.py
[2026-08-29T21:32:48.123+0000] {logging_mixin.py:188} INFO - [2026-08-29T21:32:48.115+0000] {timeout.py:68} ERROR - Process timed out, PID: 2069
[2026-08-29T21:33:19.531+0000] {processor.py:161} INFO - Started process (PID=2238) to work on /opt/airflow/dags/forecast_logging_dag.py
[2026-08-29T21:33:19.550+0000] {processor.py:830} INFO - Processing file /opt/airflow/dags/forecast_logging_dag.py for tasks to queue
[2026-08-29T21:33:19.553+0000] {logging_mixin.py:188} INFO - [2026-08-29T21:33:19.552+0000] {dagbag.py:545} INFO - Filling up the DagBag from /opt/airflow/dags/forecast_logging_dag.py
[2026-08-29T21:33:27.716+0000] {processor.py:840} INFO - DAG(s) 'forecast_logging' retrieved from /opt/airflow/dags/forecast_logging_dag.py
[2026-08-29T21:33:28.944+0000] {logging_mixin.py:188} INFO - [2026-08-29T21:33:28.942+0000] {dag.py:3089} INFO - Sync 1 DAGs
[2026-08-29T21:33:28.985+0000] {logging_mixin.py:188} INFO - [2026-08-29T21:33:28.985+0000] {dag.py:3947} INFO - Setting next_dagrun for forecast_logging to 2026-08-29 00:00:00+00:00, run_after=2026-08-30 00:00:00+00:00
[2026-08-29T21:33:29.037+0000] {processor.py:183} INFO - Processing /opt/airflow/dags/forecast_logging_dag.py took 11.921 seconds
[2026-08-29T21:34:00.296+0000] {processor.py:161} INFO - Started process (PID=2270) to work on /opt/airflow/dags/forecast_logging_dag.py
[2026-08-29T21:34:00.299+0000] {processor.py:830} INFO - Processing file /opt/airflow/dags/forecast_logging_dag.py for tasks to queue
[2026-08-29T21:34:00.302+0000] {logging_mixin.py:188} INFO - [2026-08-29T21:34:00.301+0000] {dagbag.py:545} INFO - Filling up the DagBag from /opt/airflow/dags/forecast_logging_dag.py
[2026-08-29T21:34:05.118+0000] {processor.py:840} INFO - DAG(s) 'forecast_logging' retrieved from /opt/airflow/dags/forecast_logging_dag.py
[2026-08-29T21:34:05.413+0000] {logging_mixin.py:188} INFO - [2026-08-29T21:34:05.413+0000] {dag.py:3089} INFO - Sync 1 DAGs
[2026-08-29T21:34:05.540+0000] {logging_mixin.py:188} INFO - [2026-08-29T21:34:05.540+0000] {dag.py:3947} INFO - Setting next_dagrun for forecast_logging to 2026-08-29 00:00:00+00:00, run_after=2026-08-30 00:00:00+00:00
[2026-08-29T21:34:05.616+0000] {processor.py:183} INFO - Processing /opt/airflow/dags/forecast_logging_dag.py took 5.345 seconds
[2026-08-29T21:34:36.105+0000] {processor.py:161} INFO - Started process (PID=2300) to work on /opt/airflow/dags/forecast_logging_dag.py
[2026-08-29T21:34:36.108+0000] {processor.py:830} INFO - Processing file /opt/airflow/dags/forecast_logging_dag.py for tasks to queue
[2026-08-29T21:34:36.111+0000] {logging_mixin.py:188} INFO - [2026-08-29T21:34:36.110+0000] {dagbag.py:545} INFO - Filling up the DagBag from /opt/airflow/dags/forecast_logging_dag.py
[2026-08-29T21:34:41.990+0000] {processor.py:840} INFO - DAG(s) 'forecast_logging' retrieved from /opt/airflow/dags/forecast_logging_dag.py
[2026-08-29T21:34:42.086+0000] {logging_mixin.py:188} INFO - [2026-08-29T21:34:42.085+0000] {dag.py:3089} INFO - Sync 1 DAGs
[2026-08-29T21:34:42.134+0000] {logging_mixin.py:188} INFO - [2026-08-29T21:34:42.133+0000] {dag.py:3947} INFO - Setting next_dagrun for forecast_logging to 2026-08-29 00:00:00+00:00, run_after=2026-08-30 00:00:00+00:00
[2026-08-29T21:34:42.189+0000] {processor.py:183} INFO - Processing /opt/airflow/dags/forecast_logging_dag.py took 6.105 seconds
[2026-08-29T21:35:12.596+0000] {processor.py:161} INFO - Started process (PID=2332) to work on /opt/airflow/dags/forecast_logging_dag.py
[2026-08-29T21:35:12.601+0000] {processor.py:830} INFO - Processing file /opt/airflow/dags/forecast_logging_dag.py for tasks to queue
[2026-08-29T21:35:12.605+0000] {logging_mixin.py:188} INFO - [2026-08-29T21:35:12.604+0000] {dagbag.py:545} INFO - Filling up the DagBag from /opt/airflow/dags/forecast_logging_dag.py
[2026-08-29T21:35:21.252+0000] {processor.py:840} INFO - DAG(s) 'forecast_logging' retrieved from /opt/airflow/dags/forecast_logging_dag.py
[2026-08-29T21:35:21.612+0000] {logging_mixin.py:188} INFO - [2026-08-29T21:35:21.610+0000] {dag.py:3089} INFO - Sync 1 DAGs
[2026-08-29T21:35:21.902+0000] {logging_mixin.py:188} INFO - [2026-08-29T21:35:21.901+0000] {dag.py:3947} INFO - Setting next_dagrun for forecast_logging to 2026-08-29 00:00:00+00:00, run_after=2026-08-30 00:00:00+00:00
[2026-08-29T21:35:22.359+0000] {processor.py:183} INFO - Processing /opt/airflow/dags/forecast_logging_dag.py took 9.789 seconds
[2026-08-29T21:35:53.861+0000] {processor.py:161} INFO - Started process (PID=2367) to work on /opt/airflow/dags/forecast_logging_dag.py
[2026-08-29T21:35:53.875+0000] {processor.py:830} INFO - Processing file /opt/airflow/dags/forecast_logging_dag.py for tasks to queue
[2026-08-29T21:35:53.879+0000] {logging_mixin.py:188} INFO - [2026-08-29T21:35:53.878+0000] {dagbag.py:545} INFO - Filling up the DagBag from /opt/airflow/dags/forecast_logging_dag.py
[2026-08-29T21:36:05.944+0000] {processor.py:840} INFO - DAG(s) 'forecast_logging' retrieved from /opt/airflow/dags/forecast_logging_dag.py
[2026-08-29T21:36:06.430+0000] {logging_mixin.py:188} INFO - [2026-08-29T21:36:06.429+0000] {dag.py:3089} INFO - Sync 1 DAGs
[2026-08-29T21:36:07.293+0000] {logging_mixin.py:188} INFO - [2026-08-29T21:36:07.292+0000] {dag.py:3947} INFO - Setting next_dagrun for forecast_logging to 2026-08-29 00:00:00+00:00, run_after=2026-08-30 00:00:00+00:00
[2026-08-29T21:36:05.873+0000] {processor.py:183} INFO - Processing /opt/airflow/dags/forecast_logging_dag.py took 14.345 seconds
[2026-08-29T21:36:52.853+0000] {processor.py:161} INFO - Started process (PID=2403) to work on /opt/airflow/dags/forecast_logging_dag.py
[2026-08-29T21:36:52.863+0000] {processor.py:830} INFO - Processing file /opt/airflow/dags/forecast_logging_dag.py for tasks to queue
[2026-08-29T21:36:52.870+0000] {logging_mixin.py:188} INFO - [2026-08-29T21:36:52.868+0000] {dagbag.py:545} INFO - Filling up the DagBag from /opt/airflow/dags/forecast_logging_dag.py
[2026-08-29T21:38:12.957+0000] {processor.py:161} INFO - Started process (PID=2415) to work on /opt/airflow/dags/forecast_logging_dag.py
[2026-08-29T21:38:12.961+0000] {processor.py:830} INFO - Processing file /opt/airflow/dags/forecast_logging_dag.py for tasks to queue
[2026-08-29T21:38:12.965+0000] {logging_mixin.py:188} INFO - [2026-08-29T21:38:12.963+0000] {dagbag.py:545} INFO - Filling up the DagBag from /opt/airflow/dags/forecast_logging_dag.py
[2026-08-29T21:38:39.803+0000] {logging_mixin.py:188} INFO - [2026-08-29T21:38:39.792+0000] {timeout.py:68} ERROR - Process timed out, PID: 2415
[2026-08-29T21:39:10.926+0000] {processor.py:161} INFO - Started process (PID=2577) to work on /opt/airflow/dags/forecast_logging_dag.py
[2026-08-29T21:39:10.944+0000] {processor.py:830} INFO - Processing file /opt/airflow/dags/forecast_logging_dag.py for tasks to queue
[2026-08-29T21:39:10.948+0000] {logging_mixin.py:188} INFO - [2026-08-29T21:39:10.947+0000] {dagbag.py:545} INFO - Filling up the DagBag from /opt/airflow/dags/forecast_logging_dag.py
[2026-08-29T21:39:39.667+0000] {logging_mixin.py:188} INFO - [2026-08-29T21:39:39.188+0000] {timeout.py:68} ERROR - Process timed out, PID: 2577
[2026-08-29T21:40:13.420+0000] {processor.py:161} INFO - Started process (PID=2605) to work on /opt/airflow/dags/forecast_logging_dag.py
[2026-08-29T21:40:13.458+0000] {processor.py:830} INFO - Processing file /opt/airflow/dags/forecast_logging_dag.py for tasks to queue
[2026-08-29T21:40:13.469+0000] {logging_mixin.py:188} INFO - [2026-08-29T21:40:13.461+0000] {dagbag.py:545} INFO - Filling up the DagBag from /opt/airflow/dags/forecast_logging_dag.py
[2026-08-29T21:40:41.334+0000] {logging_mixin.py:188} INFO - [2026-08-29T21:40:41.330+0000] {timeout.py:68} ERROR - Process timed out, PID: 2605
[2026-08-29T21:41:32.690+0000] {processor.py:161} INFO - Started process (PID=2639) to work on /opt/airflow/dags/forecast_logging_dag.py
[2026-08-29T21:41:32.780+0000] {processor.py:830} INFO - Processing file /opt/airflow/dags/forecast_logging_dag.py for tasks to queue
[2026-08-29T21:41:32.913+0000] {logging_mixin.py:188} INFO - [2026-08-29T21:41:32.822+0000] {dagbag.py:545} INFO - Filling up the DagBag from /opt/airflow/dags/forecast_logging_dag.py
[2026-08-29T21:42:11.936+0000] {logging_mixin.py:188} INFO - [2026-08-29T21:42:11.876+0000] {timeout.py:68} ERROR - Process timed out, PID: 2639
[2026-08-29T21:42:11.937+0000] {logging_mixin.py:188} WARNING - Exception ignored in: <function WeakKeyDictionary.__init__.<locals>.remove at 0x79c434698cc0>
[2026-08-29T21:42:11.938+0000] {logging_mixin.py:188} WARNING - Traceback (most recent call last):
[2026-08-29T21:42:11.939+0000] {logging_mixin.py:188} WARNING -   File "/usr/local/lib/python3.11/weakref.py", line 369, in remove
[2026-08-29T21:42:11.962+0000] {logging_mixin.py:188} WARNING -     def remove(k, selfref=ref(self)):
[2026-08-29T21:42:11.963+0000] {logging_mixin.py:188} WARNING -   File "/home/airflow/.local/lib/python3.11/site-packages/airflow/utils/timeout.py", line 69, in handle_timeout
[2026-08-29T21:42:12.017+0000] {logging_mixin.py:188} WARNING -     raise AirflowTaskTimeout(self.error_message)
[2026-08-29T21:42:12.057+0000] {logging_mixin.py:188} WARNING - airflow.exceptions.AirflowTaskTimeout: DagBag import timeout for /opt/airflow/dags/forecast_logging_dag.py after 30.0s.
Please take a look at these docs to improve your DAG import time:
* https://airflow.apache.org/docs/apache-airflow/2.9.3/best-practices.html#top-level-python-code
* https://airflow.apache.org/docs/apache-airflow/2.9.3/best-practices.html#reducing-dag-complexity, PID: 2639
[2026-08-29T21:42:54.010+0000] {processor.py:161} INFO - Started process (PID=2713) to work on /opt/airflow/dags/forecast_logging_dag.py
[2026-08-29T21:42:54.044+0000] {processor.py:830} INFO - Processing file /opt/airflow/dags/forecast_logging_dag.py for tasks to queue
[2026-08-29T21:42:54.047+0000] {logging_mixin.py:188} INFO - [2026-08-29T21:42:54.046+0000] {dagbag.py:545} INFO - Filling up the DagBag from /opt/airflow/dags/forecast_logging_dag.py
[2026-08-29T21:43:21.831+0000] {logging_mixin.py:188} INFO - [2026-08-29T21:43:21.815+0000] {timeout.py:68} ERROR - Process timed out, PID: 2713
[2026-08-29T21:43:51.753+0000] {processor.py:161} INFO - Started process (PID=2727) to work on /opt/airflow/dags/forecast_logging_dag.py
[2026-08-29T21:43:51.798+0000] {processor.py:830} INFO - Processing file /opt/airflow/dags/forecast_logging_dag.py for tasks to queue
[2026-08-29T21:43:51.804+0000] {logging_mixin.py:188} INFO - [2026-08-29T21:43:51.801+0000] {dagbag.py:545} INFO - Filling up the DagBag from /opt/airflow/dags/forecast_logging_dag.py
[2026-08-29T21:44:20.631+0000] {logging_mixin.py:188} INFO - [2026-08-29T21:44:20.431+0000] {timeout.py:68} ERROR - Process timed out, PID: 2727
[2026-08-29T21:44:51.875+0000] {processor.py:161} INFO - Started process (PID=2769) to work on /opt/airflow/dags/forecast_logging_dag.py
[2026-08-29T21:44:51.892+0000] {processor.py:830} INFO - Processing file /opt/airflow/dags/forecast_logging_dag.py for tasks to queue
[2026-08-29T21:44:51.896+0000] {logging_mixin.py:188} INFO - [2026-08-29T21:44:51.894+0000] {dagbag.py:545} INFO - Filling up the DagBag from /opt/airflow/dags/forecast_logging_dag.py
[2026-08-29T21:45:19.719+0000] {logging_mixin.py:188} INFO - [2026-08-29T21:45:19.682+0000] {timeout.py:68} ERROR - Process timed out, PID: 2769
[2026-08-29T21:45:53.644+0000] {processor.py:161} INFO - Started process (PID=2799) to work on /opt/airflow/dags/forecast_logging_dag.py
[2026-08-29T21:45:53.648+0000] {processor.py:830} INFO - Processing file /opt/airflow/dags/forecast_logging_dag.py for tasks to queue
[2026-08-29T21:45:53.651+0000] {logging_mixin.py:188} INFO - [2026-08-29T21:45:53.650+0000] {dagbag.py:545} INFO - Filling up the DagBag from /opt/airflow/dags/forecast_logging_dag.py
[2026-08-29T21:46:07.812+0000] {processor.py:840} INFO - DAG(s) 'forecast_logging' retrieved from /opt/airflow/dags/forecast_logging_dag.py
[2026-08-29T21:46:09.227+0000] {logging_mixin.py:188} INFO - [2026-08-29T21:46:09.226+0000] {dag.py:3089} INFO - Sync 1 DAGs
[2026-08-29T21:46:09.514+0000] {logging_mixin.py:188} INFO - [2026-08-29T21:46:09.513+0000] {dag.py:3947} INFO - Setting next_dagrun for forecast_logging to 2026-08-29 00:00:00+00:00, run_after=2026-08-30 00:00:00+00:00
[2026-08-29T21:46:09.576+0000] {processor.py:183} INFO - Processing /opt/airflow/dags/forecast_logging_dag.py took 15.734 seconds
[2026-08-29T21:46:37.693+0000] {processor.py:161} INFO - Started process (PID=2829) to work on /opt/airflow/dags/forecast_logging_dag.py
[2026-08-29T21:46:37.697+0000] {processor.py:830} INFO - Processing file /opt/airflow/dags/forecast_logging_dag.py for tasks to queue
[2026-08-29T21:46:37.701+0000] {logging_mixin.py:188} INFO - [2026-08-29T21:46:37.699+0000] {dagbag.py:545} INFO - Filling up the DagBag from /opt/airflow/dags/forecast_logging_dag.py
[2026-08-29T21:46:51.469+0000] {processor.py:840} INFO - DAG(s) 'forecast_logging' retrieved from /opt/airflow/dags/forecast_logging_dag.py
[2026-08-29T21:46:52.322+0000] {logging_mixin.py:188} INFO - [2026-08-29T21:46:52.321+0000] {dag.py:3089} INFO - Sync 1 DAGs
[2026-08-29T21:46:52.368+0000] {logging_mixin.py:188} INFO - [2026-08-29T21:46:52.368+0000] {dag.py:3947} INFO - Setting next_dagrun for forecast_logging to 2026-08-29 00:00:00+00:00, run_after=2026-08-30 00:00:00+00:00
[2026-08-29T21:46:52.425+0000] {processor.py:183} INFO - Processing /opt/airflow/dags/forecast_logging_dag.py took 14.753 seconds
[2026-08-29T21:47:23.596+0000] {processor.py:161} INFO - Started process (PID=2859) to work on /opt/airflow/dags/forecast_logging_dag.py
[2026-08-29T21:47:23.611+0000] {processor.py:830} INFO - Processing file /opt/airflow/dags/forecast_logging_dag.py for tasks to queue
[2026-08-29T21:47:23.615+0000] {logging_mixin.py:188} INFO - [2026-08-29T21:47:23.614+0000] {dagbag.py:545} INFO - Filling up the DagBag from /opt/airflow/dags/forecast_logging_dag.py
[2026-08-29T21:47:33.182+0000] {processor.py:840} INFO - DAG(s) 'forecast_logging' retrieved from /opt/airflow/dags/forecast_logging_dag.py
[2026-08-29T21:47:33.646+0000] {logging_mixin.py:188} INFO - [2026-08-29T21:47:33.644+0000] {dag.py:3089} INFO - Sync 1 DAGs
[2026-08-29T21:47:33.742+0000] {logging_mixin.py:188} INFO - [2026-08-29T21:47:33.742+0000] {dag.py:3947} INFO - Setting next_dagrun for forecast_logging to 2026-08-29 00:00:00+00:00, run_after=2026-08-30 00:00:00+00:00
[2026-08-29T21:47:33.850+0000] {processor.py:183} INFO - Processing /opt/airflow/dags/forecast_logging_dag.py took 12.644 seconds
[2026-08-29T21:48:05.269+0000] {processor.py:161} INFO - Started process (PID=2899) to work on /opt/airflow/dags/forecast_logging_dag.py
[2026-08-29T21:48:05.279+0000] {processor.py:830} INFO - Processing file /opt/airflow/dags/forecast_logging_dag.py for tasks to queue
[2026-08-29T21:48:05.285+0000] {logging_mixin.py:188} INFO - [2026-08-29T21:48:05.283+0000] {dagbag.py:545} INFO - Filling up the DagBag from /opt/airflow/dags/forecast_logging_dag.py
[2026-08-29T21:48:10.917+0000] {processor.py:840} INFO - DAG(s) 'forecast_logging' retrieved from /opt/airflow/dags/forecast_logging_dag.py
[2026-08-29T21:48:10.982+0000] {logging_mixin.py:188} INFO - [2026-08-29T21:48:10.981+0000] {dag.py:3089} INFO - Sync 1 DAGs
[2026-08-29T21:48:11.039+0000] {logging_mixin.py:188} INFO - [2026-08-29T21:48:11.038+0000] {dag.py:3947} INFO - Setting next_dagrun for forecast_logging to 2026-08-29 00:00:00+00:00, run_after=2026-08-30 00:00:00+00:00
[2026-08-29T21:48:11.103+0000] {processor.py:183} INFO - Processing /opt/airflow/dags/forecast_logging_dag.py took 5.869 seconds
[2026-08-29T21:48:41.830+0000] {processor.py:161} INFO - Started process (PID=2931) to work on /opt/airflow/dags/forecast_logging_dag.py
[2026-08-29T21:48:41.832+0000] {processor.py:830} INFO - Processing file /opt/airflow/dags/forecast_logging_dag.py for tasks to queue
[2026-08-29T21:48:41.835+0000] {logging_mixin.py:188} INFO - [2026-08-29T21:48:41.834+0000] {dagbag.py:545} INFO - Filling up the DagBag from /opt/airflow/dags/forecast_logging_dag.py
[2026-08-29T21:48:47.548+0000] {processor.py:840} INFO - DAG(s) 'forecast_logging' retrieved from /opt/airflow/dags/forecast_logging_dag.py
[2026-08-29T21:48:47.629+0000] {logging_mixin.py:188} INFO - [2026-08-29T21:48:47.628+0000] {dag.py:3089} INFO - Sync 1 DAGs
[2026-08-29T21:48:47.956+0000] {logging_mixin.py:188} INFO - [2026-08-29T21:48:47.955+0000] {dag.py:3947} INFO - Setting next_dagrun for forecast_logging to 2026-08-29 00:00:00+00:00, run_after=2026-08-30 00:00:00+00:00
[2026-08-29T21:48:48.000+0000] {processor.py:183} INFO - Processing /opt/airflow/dags/forecast_logging_dag.py took 6.190 seconds
[2026-08-29T21:49:18.430+0000] {processor.py:161} INFO - Started process (PID=2961) to work on /opt/airflow/dags/forecast_logging_dag.py
[2026-08-29T21:49:18.439+0000] {processor.py:830} INFO - Processing file /opt/airflow/dags/forecast_logging_dag.py for tasks to queue
[2026-08-29T21:49:18.447+0000] {logging_mixin.py:188} INFO - [2026-08-29T21:49:18.446+0000] {dagbag.py:545} INFO - Filling up the DagBag from /opt/airflow/dags/forecast_logging_dag.py
[2026-08-29T21:49:24.345+0000] {processor.py:840} INFO - DAG(s) 'forecast_logging' retrieved from /opt/airflow/dags/forecast_logging_dag.py
[2026-08-29T21:49:24.694+0000] {logging_mixin.py:188} INFO - [2026-08-29T21:49:24.693+0000] {dag.py:3089} INFO - Sync 1 DAGs
[2026-08-29T21:49:24.742+0000] {logging_mixin.py:188} INFO - [2026-08-29T21:49:24.741+0000] {dag.py:3947} INFO - Setting next_dagrun for forecast_logging to 2026-08-29 00:00:00+00:00, run_after=2026-08-30 00:00:00+00:00
[2026-08-29T21:49:24.817+0000] {processor.py:183} INFO - Processing /opt/airflow/dags/forecast_logging_dag.py took 6.427 seconds
[2026-08-29T21:49:55.797+0000] {processor.py:161} INFO - Started process (PID=2991) to work on /opt/airflow/dags/forecast_logging_dag.py
[2026-08-29T21:49:55.804+0000] {processor.py:830} INFO - Processing file /opt/airflow/dags/forecast_logging_dag.py for tasks to queue
[2026-08-29T21:49:55.808+0000] {logging_mixin.py:188} INFO - [2026-08-29T21:49:55.807+0000] {dagbag.py:545} INFO - Filling up the DagBag from /opt/airflow/dags/forecast_logging_dag.py
[2026-08-29T21:50:02.249+0000] {processor.py:840} INFO - DAG(s) 'forecast_logging' retrieved from /opt/airflow/dags/forecast_logging_dag.py
[2026-08-29T21:50:02.694+0000] {logging_mixin.py:188} INFO - [2026-08-29T21:50:02.693+0000] {dag.py:3089} INFO - Sync 1 DAGs
[2026-08-29T21:50:02.752+0000] {logging_mixin.py:188} INFO - [2026-08-29T21:50:02.751+0000] {dag.py:3947} INFO - Setting next_dagrun for forecast_logging to 2026-08-29 00:00:00+00:00, run_after=2026-08-30 00:00:00+00:00
[2026-08-29T21:50:02.812+0000] {processor.py:183} INFO - Processing /opt/airflow/dags/forecast_logging_dag.py took 7.041 seconds
[2026-08-29T21:50:33.573+0000] {processor.py:161} INFO - Started process (PID=3021) to work on /opt/airflow/dags/forecast_logging_dag.py
[2026-08-29T21:50:33.584+0000] {processor.py:830} INFO - Processing file /opt/airflow/dags/forecast_logging_dag.py for tasks to queue
[2026-08-29T21:50:33.589+0000] {logging_mixin.py:188} INFO - [2026-08-29T21:50:33.587+0000] {dagbag.py:545} INFO - Filling up the DagBag from /opt/airflow/dags/forecast_logging_dag.py
[2026-08-29T21:50:38.977+0000] {processor.py:840} INFO - DAG(s) 'forecast_logging' retrieved from /opt/airflow/dags/forecast_logging_dag.py
[2026-08-29T21:50:39.181+0000] {logging_mixin.py:188} INFO - [2026-08-29T21:50:39.180+0000] {dag.py:3089} INFO - Sync 1 DAGs
[2026-08-29T21:50:39.221+0000] {logging_mixin.py:188} INFO - [2026-08-29T21:50:39.220+0000] {dag.py:3947} INFO - Setting next_dagrun for forecast_logging to 2026-08-29 00:00:00+00:00, run_after=2026-08-30 00:00:00+00:00
[2026-08-29T21:50:39.289+0000] {processor.py:183} INFO - Processing /opt/airflow/dags/forecast_logging_dag.py took 5.742 seconds
[2026-08-29T21:51:09.871+0000] {processor.py:161} INFO - Started process (PID=3053) to work on /opt/airflow/dags/forecast_logging_dag.py
[2026-08-29T21:51:09.880+0000] {processor.py:830} INFO - Processing file /opt/airflow/dags/forecast_logging_dag.py for tasks to queue
[2026-08-29T21:51:09.900+0000] {logging_mixin.py:188} INFO - [2026-08-29T21:51:09.891+0000] {dagbag.py:545} INFO - Filling up the DagBag from /opt/airflow/dags/forecast_logging_dag.py
[2026-08-29T21:51:16.062+0000] {processor.py:840} INFO - DAG(s) 'forecast_logging' retrieved from /opt/airflow/dags/forecast_logging_dag.py
[2026-08-29T21:51:16.150+0000] {logging_mixin.py:188} INFO - [2026-08-29T21:51:16.148+0000] {dag.py:3089} INFO - Sync 1 DAGs
[2026-08-29T21:51:16.226+0000] {logging_mixin.py:188} INFO - [2026-08-29T21:51:16.225+0000] {dag.py:3947} INFO - Setting next_dagrun for forecast_logging to 2026-08-29 00:00:00+00:00, run_after=2026-08-30 00:00:00+00:00
[2026-08-29T21:51:16.616+0000] {processor.py:183} INFO - Processing /opt/airflow/dags/forecast_logging_dag.py took 9.152 seconds
[2026-08-29T21:51:47.291+0000] {processor.py:161} INFO - Started process (PID=3083) to work on /opt/airflow/dags/forecast_logging_dag.py
[2026-08-29T21:51:47.294+0000] {processor.py:830} INFO - Processing file /opt/airflow/dags/forecast_logging_dag.py for tasks to queue
[2026-08-29T21:51:47.301+0000] {logging_mixin.py:188} INFO - [2026-08-29T21:51:47.299+0000] {dagbag.py:545} INFO - Filling up the DagBag from /opt/airflow/dags/forecast_logging_dag.py
[2026-08-29T21:51:52.067+0000] {processor.py:840} INFO - DAG(s) 'forecast_logging' retrieved from /opt/airflow/dags/forecast_logging_dag.py
[2026-08-29T21:51:52.140+0000] {logging_mixin.py:188} INFO - [2026-08-29T21:51:52.138+0000] {dag.py:3089} INFO - Sync 1 DAGs
[2026-08-29T21:51:52.467+0000] {logging_mixin.py:188} INFO - [2026-08-29T21:51:52.466+0000] {dag.py:3947} INFO - Setting next_dagrun for forecast_logging to 2026-08-29 00:00:00+00:00, run_after=2026-08-30 00:00:00+00:00
[2026-08-29T21:51:52.509+0000] {processor.py:183} INFO - Processing /opt/airflow/dags/forecast_logging_dag.py took 5.240 seconds
[2026-08-29T21:52:23.379+0000] {processor.py:161} INFO - Started process (PID=3113) to work on /opt/airflow/dags/forecast_logging_dag.py
[2026-08-29T21:52:23.395+0000] {processor.py:830} INFO - Processing file /opt/airflow/dags/forecast_logging_dag.py for tasks to queue
[2026-08-29T21:52:23.398+0000] {logging_mixin.py:188} INFO - [2026-08-29T21:52:23.397+0000] {dagbag.py:545} INFO - Filling up the DagBag from /opt/airflow/dags/forecast_logging_dag.py
[2026-08-29T21:52:32.299+0000] {processor.py:840} INFO - DAG(s) 'forecast_logging' retrieved from /opt/airflow/dags/forecast_logging_dag.py
[2026-08-29T21:52:33.185+0000] {logging_mixin.py:188} INFO - [2026-08-29T21:52:33.184+0000] {dag.py:3089} INFO - Sync 1 DAGs
[2026-08-29T21:52:33.251+0000] {logging_mixin.py:188} INFO - [2026-08-29T21:52:33.250+0000] {dag.py:3947} INFO - Setting next_dagrun for forecast_logging to 2026-08-29 00:00:00+00:00, run_after=2026-08-30 00:00:00+00:00
[2026-08-29T21:52:33.646+0000] {processor.py:183} INFO - Processing /opt/airflow/dags/forecast_logging_dag.py took 10.290 seconds
[2026-08-29T21:53:04.553+0000] {processor.py:161} INFO - Started process (PID=3143) to work on /opt/airflow/dags/forecast_logging_dag.py
[2026-08-29T21:53:04.556+0000] {processor.py:830} INFO - Processing file /opt/airflow/dags/forecast_logging_dag.py for tasks to queue
[2026-08-29T21:53:04.559+0000] {logging_mixin.py:188} INFO - [2026-08-29T21:53:04.558+0000] {dagbag.py:545} INFO - Filling up the DagBag from /opt/airflow/dags/forecast_logging_dag.py
[2026-08-29T21:53:08.670+0000] {processor.py:840} INFO - DAG(s) 'forecast_logging' retrieved from /opt/airflow/dags/forecast_logging_dag.py
[2026-08-29T21:53:09.298+0000] {logging_mixin.py:188} INFO - [2026-08-29T21:53:09.296+0000] {dag.py:3089} INFO - Sync 1 DAGs
[2026-08-29T21:53:09.350+0000] {logging_mixin.py:188} INFO - [2026-08-29T21:53:09.350+0000] {dag.py:3947} INFO - Setting next_dagrun for forecast_logging to 2026-08-29 00:00:00+00:00, run_after=2026-08-30 00:00:00+00:00
[2026-08-29T21:53:06.761+0000] {processor.py:183} INFO - Processing /opt/airflow/dags/forecast_logging_dag.py took 4.570 seconds
[2026-08-29T21:53:37.430+0000] {processor.py:161} INFO - Started process (PID=3173) to work on /opt/airflow/dags/forecast_logging_dag.py
[2026-08-29T21:53:37.433+0000] {processor.py:830} INFO - Processing file /opt/airflow/dags/forecast_logging_dag.py for tasks to queue
[2026-08-29T21:53:37.435+0000] {logging_mixin.py:188} INFO - [2026-08-29T21:53:37.435+0000] {dagbag.py:545} INFO - Filling up the DagBag from /opt/airflow/dags/forecast_logging_dag.py
[2026-08-29T21:53:42.145+0000] {processor.py:840} INFO - DAG(s) 'forecast_logging' retrieved from /opt/airflow/dags/forecast_logging_dag.py
[2026-08-29T21:53:42.211+0000] {logging_mixin.py:188} INFO - [2026-08-29T21:53:42.210+0000] {dag.py:3089} INFO - Sync 1 DAGs
[2026-08-29T21:53:42.262+0000] {logging_mixin.py:188} INFO - [2026-08-29T21:53:42.261+0000] {dag.py:3947} INFO - Setting next_dagrun for forecast_logging to 2026-08-29 00:00:00+00:00, run_after=2026-08-30 00:00:00+00:00
[2026-08-29T21:53:42.318+0000] {processor.py:183} INFO - Processing /opt/airflow/dags/forecast_logging_dag.py took 4.910 seconds
[2026-08-29T21:54:13.178+0000] {processor.py:161} INFO - Started process (PID=3207) to work on /opt/airflow/dags/forecast_logging_dag.py
[2026-08-29T21:54:13.181+0000] {processor.py:830} INFO - Processing file /opt/airflow/dags/forecast_logging_dag.py for tasks to queue
[2026-08-29T21:54:13.184+0000] {logging_mixin.py:188} INFO - [2026-08-29T21:54:13.183+0000] {dagbag.py:545} INFO - Filling up the DagBag from /opt/airflow/dags/forecast_logging_dag.py
[2026-08-29T21:54:17.758+0000] {processor.py:840} INFO - DAG(s) 'forecast_logging' retrieved from /opt/airflow/dags/forecast_logging_dag.py
[2026-08-29T21:54:17.829+0000] {logging_mixin.py:188} INFO - [2026-08-29T21:54:17.828+0000] {dag.py:3089} INFO - Sync 1 DAGs
[2026-08-29T21:54:17.887+0000] {logging_mixin.py:188} INFO - [2026-08-29T21:54:17.886+0000] {dag.py:3947} INFO - Setting next_dagrun for forecast_logging to 2026-08-29 00:00:00+00:00, run_after=2026-08-30 00:00:00+00:00
[2026-08-29T21:54:18.212+0000] {processor.py:183} INFO - Processing /opt/airflow/dags/forecast_logging_dag.py took 5.059 seconds
[2026-08-29T21:54:51.979+0000] {processor.py:161} INFO - Started process (PID=3251) to work on /opt/airflow/dags/forecast_logging_dag.py
[2026-08-29T21:54:51.999+0000] {processor.py:830} INFO - Processing file /opt/airflow/dags/forecast_logging_dag.py for tasks to queue
[2026-08-29T21:54:52.007+0000] {logging_mixin.py:188} INFO - [2026-08-29T21:54:52.004+0000] {dagbag.py:545} INFO - Filling up the DagBag from /opt/airflow/dags/forecast_logging_dag.py
[2026-08-29T21:55:29.025+0000] {logging_mixin.py:188} INFO - [2026-08-29T21:55:25.909+0000] {timeout.py:68} ERROR - Process timed out, PID: 3251
[2026-08-29T21:56:00.710+0000] {processor.py:161} INFO - Started process (PID=3340) to work on /opt/airflow/dags/forecast_logging_dag.py
[2026-08-29T21:56:00.765+0000] {processor.py:830} INFO - Processing file /opt/airflow/dags/forecast_logging_dag.py for tasks to queue
[2026-08-29T21:56:00.826+0000] {logging_mixin.py:188} INFO - [2026-08-29T21:56:00.822+0000] {dagbag.py:545} INFO - Filling up the DagBag from /opt/airflow/dags/forecast_logging_dag.py
[2026-08-29T21:56:26.235+0000] {processor.py:840} INFO - DAG(s) 'forecast_logging' retrieved from /opt/airflow/dags/forecast_logging_dag.py
[2026-08-29T21:56:26.587+0000] {logging_mixin.py:188} INFO - [2026-08-29T21:56:26.586+0000] {dag.py:3089} INFO - Sync 1 DAGs
[2026-08-29T21:56:26.627+0000] {logging_mixin.py:188} INFO - [2026-08-29T21:56:26.626+0000] {dag.py:3947} INFO - Setting next_dagrun for forecast_logging to 2026-08-29 00:00:00+00:00, run_after=2026-08-30 00:00:00+00:00
[2026-08-29T21:56:26.677+0000] {processor.py:183} INFO - Processing /opt/airflow/dags/forecast_logging_dag.py took 30.359 seconds
[2026-08-29T21:56:57.447+0000] {processor.py:161} INFO - Started process (PID=3412) to work on /opt/airflow/dags/forecast_logging_dag.py
[2026-08-29T21:56:57.458+0000] {processor.py:830} INFO - Processing file /opt/airflow/dags/forecast_logging_dag.py for tasks to queue
[2026-08-29T21:56:57.463+0000] {logging_mixin.py:188} INFO - [2026-08-29T21:56:57.462+0000] {dagbag.py:545} INFO - Filling up the DagBag from /opt/airflow/dags/forecast_logging_dag.py
[2026-08-29T21:57:00.283+0000] {processor.py:840} INFO - DAG(s) 'forecast_logging' retrieved from /opt/airflow/dags/forecast_logging_dag.py
[2026-08-29T21:57:00.351+0000] {logging_mixin.py:188} INFO - [2026-08-29T21:57:00.350+0000] {dag.py:3089} INFO - Sync 1 DAGs
[2026-08-29T21:57:00.398+0000] {logging_mixin.py:188} INFO - [2026-08-29T21:57:00.397+0000] {dag.py:3947} INFO - Setting next_dagrun for forecast_logging to 2026-08-29 00:00:00+00:00, run_after=2026-08-30 00:00:00+00:00
[2026-08-29T21:57:00.741+0000] {processor.py:183} INFO - Processing /opt/airflow/dags/forecast_logging_dag.py took 5.578 seconds
[2026-08-29T21:57:31.958+0000] {processor.py:161} INFO - Started process (PID=3442) to work on /opt/airflow/dags/forecast_logging_dag.py
[2026-08-29T21:57:31.963+0000] {processor.py:830} INFO - Processing file /opt/airflow/dags/forecast_logging_dag.py for tasks to queue
[2026-08-29T21:57:31.967+0000] {logging_mixin.py:188} INFO - [2026-08-29T21:57:31.966+0000] {dagbag.py:545} INFO - Filling up the DagBag from /opt/airflow/dags/forecast_logging_dag.py
[2026-08-29T21:57:36.289+0000] {processor.py:840} INFO - DAG(s) 'forecast_logging' retrieved from /opt/airflow/dags/forecast_logging_dag.py
[2026-08-29T21:57:36.350+0000] {logging_mixin.py:188} INFO - [2026-08-29T21:57:36.349+0000] {dag.py:3089} INFO - Sync 1 DAGs
[2026-08-29T21:57:36.655+0000] {logging_mixin.py:188} INFO - [2026-08-29T21:57:36.654+0000] {dag.py:3947} INFO - Setting next_dagrun for forecast_logging to 2026-08-29 00:00:00+00:00, run_after=2026-08-30 00:00:00+00:00
[2026-08-29T21:57:36.702+0000] {processor.py:183} INFO - Processing /opt/airflow/dags/forecast_logging_dag.py took 4.767 seconds
[2026-08-29T21:58:09.794+0000] {processor.py:161} INFO - Started process (PID=3488) to work on /opt/airflow/dags/forecast_logging_dag.py
[2026-08-29T21:58:09.798+0000] {processor.py:830} INFO - Processing file /opt/airflow/dags/forecast_logging_dag.py for tasks to queue
[2026-08-29T21:58:09.804+0000] {logging_mixin.py:188} INFO - [2026-08-29T21:58:09.800+0000] {dagbag.py:545} INFO - Filling up the DagBag from /opt/airflow/dags/forecast_logging_dag.py
[2026-08-29T21:58:16.438+0000] {processor.py:840} INFO - DAG(s) 'forecast_logging' retrieved from /opt/airflow/dags/forecast_logging_dag.py
[2026-08-29T21:58:16.889+0000] {logging_mixin.py:188} INFO - [2026-08-29T21:58:16.868+0000] {dag.py:3089} INFO - Sync 1 DAGs
[2026-08-29T21:58:16.987+0000] {logging_mixin.py:188} INFO - [2026-08-29T21:58:16.987+0000] {dag.py:3947} INFO - Setting next_dagrun for forecast_logging to 2026-08-29 00:00:00+00:00, run_after=2026-08-30 00:00:00+00:00
[2026-08-29T21:58:17.045+0000] {processor.py:183} INFO - Processing /opt/airflow/dags/forecast_logging_dag.py took 7.288 seconds
[2026-08-29T21:58:47.401+0000] {processor.py:161} INFO - Started process (PID=3522) to work on /opt/airflow/dags/forecast_logging_dag.py
[2026-08-29T21:58:47.405+0000] {processor.py:830} INFO - Processing file /opt/airflow/dags/forecast_logging_dag.py for tasks to queue
[2026-08-29T21:58:47.408+0000] {logging_mixin.py:188} INFO - [2026-08-29T21:58:47.406+0000] {dagbag.py:545} INFO - Filling up the DagBag from /opt/airflow/dags/forecast_logging_dag.py
[2026-08-29T21:58:55.743+0000] {processor.py:840} INFO - DAG(s) 'forecast_logging' retrieved from /opt/airflow/dags/forecast_logging_dag.py
[2026-08-29T21:58:56.460+0000] {logging_mixin.py:188} INFO - [2026-08-29T21:58:56.459+0000] {dag.py:3089} INFO - Sync 1 DAGs
[2026-08-29T21:58:56.551+0000] {logging_mixin.py:188} INFO - [2026-08-29T21:58:56.550+0000] {dag.py:3947} INFO - Setting next_dagrun for forecast_logging to 2026-08-29 00:00:00+00:00, run_after=2026-08-30 00:00:00+00:00
[2026-08-29T21:58:56.938+0000] {processor.py:183} INFO - Processing /opt/airflow/dags/forecast_logging_dag.py took 11.794 seconds
[2026-08-29T21:59:27.373+0000] {processor.py:161} INFO - Started process (PID=3552) to work on /opt/airflow/dags/forecast_logging_dag.py
[2026-08-29T21:59:27.383+0000] {processor.py:830} INFO - Processing file /opt/airflow/dags/forecast_logging_dag.py for tasks to queue
[2026-08-29T21:59:27.387+0000] {logging_mixin.py:188} INFO - [2026-08-29T21:59:27.386+0000] {dagbag.py:545} INFO - Filling up the DagBag from /opt/airflow/dags/forecast_logging_dag.py
[2026-08-29T21:59:32.965+0000] {processor.py:840} INFO - DAG(s) 'forecast_logging' retrieved from /opt/airflow/dags/forecast_logging_dag.py
[2026-08-29T21:59:33.055+0000] {logging_mixin.py:188} INFO - [2026-08-29T21:59:33.054+0000] {dag.py:3089} INFO - Sync 1 DAGs
[2026-08-29T21:59:33.109+0000] {logging_mixin.py:188} INFO - [2026-08-29T21:59:33.108+0000] {dag.py:3947} INFO - Setting next_dagrun for forecast_logging to 2026-08-29 00:00:00+00:00, run_after=2026-08-30 00:00:00+00:00
[2026-08-29T21:59:33.169+0000] {processor.py:183} INFO - Processing /opt/airflow/dags/forecast_logging_dag.py took 5.823 seconds
[2026-08-29T22:00:04.001+0000] {processor.py:161} INFO - Started process (PID=3582) to work on /opt/airflow/dags/forecast_logging_dag.py
[2026-08-29T22:00:04.008+0000] {processor.py:830} INFO - Processing file /opt/airflow/dags/forecast_logging_dag.py for tasks to queue
[2026-08-29T22:00:04.012+0000] {logging_mixin.py:188} INFO - [2026-08-29T22:00:04.010+0000] {dagbag.py:545} INFO - Filling up the DagBag from /opt/airflow/dags/forecast_logging_dag.py
[2026-08-29T22:00:08.495+0000] {processor.py:840} INFO - DAG(s) 'forecast_logging' retrieved from /opt/airflow/dags/forecast_logging_dag.py
[2026-08-29T22:00:08.550+0000] {logging_mixin.py:188} INFO - [2026-08-29T22:00:08.549+0000] {dag.py:3089} INFO - Sync 1 DAGs
[2026-08-29T22:00:08.592+0000] {logging_mixin.py:188} INFO - [2026-08-29T22:00:08.592+0000] {dag.py:3947} INFO - Setting next_dagrun for forecast_logging to 2026-08-29 00:00:00+00:00, run_after=2026-08-30 00:00:00+00:00
[2026-08-29T22:00:08.921+0000] {processor.py:183} INFO - Processing /opt/airflow/dags/forecast_logging_dag.py took 4.944 seconds
[2026-08-29T22:00:40.447+0000] {processor.py:161} INFO - Started process (PID=3623) to work on /opt/airflow/dags/forecast_logging_dag.py
[2026-08-29T22:00:40.460+0000] {processor.py:830} INFO - Processing file /opt/airflow/dags/forecast_logging_dag.py for tasks to queue
[2026-08-29T22:00:40.475+0000] {logging_mixin.py:188} INFO - [2026-08-29T22:00:40.467+0000] {dagbag.py:545} INFO - Filling up the DagBag from /opt/airflow/dags/forecast_logging_dag.py
[2026-08-29T22:01:08.544+0000] {logging_mixin.py:188} INFO - [2026-08-29T22:01:08.542+0000] {timeout.py:68} ERROR - Process timed out, PID: 3623
[2026-08-29T22:01:40.280+0000] {processor.py:161} INFO - Started process (PID=3733) to work on /opt/airflow/dags/forecast_logging_dag.py
[2026-08-29T22:01:40.292+0000] {processor.py:830} INFO - Processing file /opt/airflow/dags/forecast_logging_dag.py for tasks to queue
[2026-08-29T22:01:40.296+0000] {logging_mixin.py:188} INFO - [2026-08-29T22:01:40.294+0000] {dagbag.py:545} INFO - Filling up the DagBag from /opt/airflow/dags/forecast_logging_dag.py
[2026-08-29T22:02:07.890+0000] {logging_mixin.py:188} INFO - [2026-08-29T22:02:07.889+0000] {timeout.py:68} ERROR - Process timed out, PID: 3733
[2026-08-29T22:02:39.644+0000] {processor.py:161} INFO - Started process (PID=3826) to work on /opt/airflow/dags/forecast_logging_dag.py
[2026-08-29T22:02:39.649+0000] {processor.py:830} INFO - Processing file /opt/airflow/dags/forecast_logging_dag.py for tasks to queue
[2026-08-29T22:02:39.653+0000] {logging_mixin.py:188} INFO - [2026-08-29T22:02:39.651+0000] {dagbag.py:545} INFO - Filling up the DagBag from /opt/airflow/dags/forecast_logging_dag.py
[2026-08-29T22:03:06.948+0000] {logging_mixin.py:188} INFO - [2026-08-29T22:03:06.946+0000] {timeout.py:68} ERROR - Process timed out, PID: 3826
[2026-08-29T22:03:37.885+0000] {processor.py:161} INFO - Started process (PID=3880) to work on /opt/airflow/dags/forecast_logging_dag.py
[2026-08-29T22:03:37.911+0000] {processor.py:830} INFO - Processing file /opt/airflow/dags/forecast_logging_dag.py for tasks to queue
[2026-08-29T22:03:37.919+0000] {logging_mixin.py:188} INFO - [2026-08-29T22:03:37.916+0000] {dagbag.py:545} INFO - Filling up the DagBag from /opt/airflow/dags/forecast_logging_dag.py
[2026-08-29T22:04:02.066+0000] {processor.py:840} INFO - DAG(s) 'forecast_logging' retrieved from /opt/airflow/dags/forecast_logging_dag.py
[2026-08-29T22:04:02.619+0000] {logging_mixin.py:188} INFO - [2026-08-29T22:04:02.618+0000] {dag.py:3089} INFO - Sync 1 DAGs
[2026-08-29T22:04:02.659+0000] {logging_mixin.py:188} INFO - [2026-08-29T22:04:02.658+0000] {dag.py:3947} INFO - Setting next_dagrun for forecast_logging to 2026-08-29 00:00:00+00:00, run_after=2026-08-30 00:00:00+00:00
[2026-08-29T22:04:02.727+0000] {processor.py:183} INFO - Processing /opt/airflow/dags/forecast_logging_dag.py took 27.717 seconds
[2026-08-29T22:04:33.678+0000] {processor.py:161} INFO - Started process (PID=3919) to work on /opt/airflow/dags/forecast_logging_dag.py
[2026-08-29T22:04:33.681+0000] {processor.py:830} INFO - Processing file /opt/airflow/dags/forecast_logging_dag.py for tasks to queue
[2026-08-29T22:04:33.684+0000] {logging_mixin.py:188} INFO - [2026-08-29T22:04:33.683+0000] {dagbag.py:545} INFO - Filling up the DagBag from /opt/airflow/dags/forecast_logging_dag.py
[2026-08-29T22:04:45.513+0000] {processor.py:840} INFO - DAG(s) 'forecast_logging' retrieved from /opt/airflow/dags/forecast_logging_dag.py
[2026-08-29T22:04:46.041+0000] {logging_mixin.py:188} INFO - [2026-08-29T22:04:46.039+0000] {dag.py:3089} INFO - Sync 1 DAGs
[2026-08-29T22:04:46.143+0000] {logging_mixin.py:188} INFO - [2026-08-29T22:04:46.142+0000] {dag.py:3947} INFO - Setting next_dagrun for forecast_logging to 2026-08-29 00:00:00+00:00, run_after=2026-08-30 00:00:00+00:00
[2026-08-29T22:04:46.189+0000] {processor.py:183} INFO - Processing /opt/airflow/dags/forecast_logging_dag.py took 14.853 seconds
[2026-08-29T22:05:17.242+0000] {processor.py:161} INFO - Started process (PID=3949) to work on /opt/airflow/dags/forecast_logging_dag.py
[2026-08-29T22:05:17.246+0000] {processor.py:830} INFO - Processing file /opt/airflow/dags/forecast_logging_dag.py for tasks to queue
[2026-08-29T22:05:17.250+0000] {logging_mixin.py:188} INFO - [2026-08-29T22:05:17.248+0000] {dagbag.py:545} INFO - Filling up the DagBag from /opt/airflow/dags/forecast_logging_dag.py
[2026-08-29T22:05:21.924+0000] {processor.py:840} INFO - DAG(s) 'forecast_logging' retrieved from /opt/airflow/dags/forecast_logging_dag.py
[2026-08-29T22:05:22.499+0000] {logging_mixin.py:188} INFO - [2026-08-29T22:05:22.495+0000] {dag.py:3089} INFO - Sync 1 DAGs
[2026-08-29T22:05:23.147+0000] {logging_mixin.py:188} INFO - [2026-08-29T22:05:23.143+0000] {dag.py:3947} INFO - Setting next_dagrun for forecast_logging to 2026-08-29 00:00:00+00:00, run_after=2026-08-30 00:00:00+00:00
[2026-08-29T22:05:23.293+0000] {processor.py:183} INFO - Processing /opt/airflow/dags/forecast_logging_dag.py took 6.078 seconds
[2026-08-29T22:05:54.007+0000] {processor.py:161} INFO - Started process (PID=3979) to work on /opt/airflow/dags/forecast_logging_dag.py
[2026-08-29T22:05:54.023+0000] {processor.py:830} INFO - Processing file /opt/airflow/dags/forecast_logging_dag.py for tasks to queue
[2026-08-29T22:05:54.026+0000] {logging_mixin.py:188} INFO - [2026-08-29T22:05:54.025+0000] {dagbag.py:545} INFO - Filling up the DagBag from /opt/airflow/dags/forecast_logging_dag.py
[2026-08-29T22:05:58.325+0000] {processor.py:840} INFO - DAG(s) 'forecast_logging' retrieved from /opt/airflow/dags/forecast_logging_dag.py
[2026-08-29T22:05:58.380+0000] {logging_mixin.py:188} INFO - [2026-08-29T22:05:58.379+0000] {dag.py:3089} INFO - Sync 1 DAGs
[2026-08-29T22:05:58.419+0000] {logging_mixin.py:188} INFO - [2026-08-29T22:05:58.418+0000] {dag.py:3947} INFO - Setting next_dagrun for forecast_logging to 2026-08-29 00:00:00+00:00, run_after=2026-08-30 00:00:00+00:00
[2026-08-29T22:05:58.714+0000] {processor.py:183} INFO - Processing /opt/airflow/dags/forecast_logging_dag.py took 4.732 seconds
[2026-08-29T22:06:29.017+0000] {processor.py:161} INFO - Started process (PID=4009) to work on /opt/airflow/dags/forecast_logging_dag.py
[2026-08-29T22:06:29.021+0000] {processor.py:830} INFO - Processing file /opt/airflow/dags/forecast_logging_dag.py for tasks to queue
[2026-08-29T22:06:29.024+0000] {logging_mixin.py:188} INFO - [2026-08-29T22:06:29.023+0000] {dagbag.py:545} INFO - Filling up the DagBag from /opt/airflow/dags/forecast_logging_dag.py
[2026-08-29T22:06:38.383+0000] {processor.py:840} INFO - DAG(s) 'forecast_logging' retrieved from /opt/airflow/dags/forecast_logging_dag.py
[2026-08-29T22:06:38.468+0000] {logging_mixin.py:188} INFO - [2026-08-29T22:06:38.467+0000] {dag.py:3089} INFO - Sync 1 DAGs
[2026-08-29T22:06:38.774+0000] {logging_mixin.py:188} INFO - [2026-08-29T22:06:38.774+0000] {dag.py:3947} INFO - Setting next_dagrun for forecast_logging to 2026-08-29 00:00:00+00:00, run_after=2026-08-30 00:00:00+00:00
[2026-08-29T22:06:38.819+0000] {processor.py:183} INFO - Processing /opt/airflow/dags/forecast_logging_dag.py took 12.197 seconds
[2026-08-29T22:07:09.111+0000] {processor.py:161} INFO - Started process (PID=4039) to work on /opt/airflow/dags/forecast_logging_dag.py
[2026-08-29T22:07:09.118+0000] {processor.py:830} INFO - Processing file /opt/airflow/dags/forecast_logging_dag.py for tasks to queue
[2026-08-29T22:07:09.121+0000] {logging_mixin.py:188} INFO - [2026-08-29T22:07:09.120+0000] {dagbag.py:545} INFO - Filling up the DagBag from /opt/airflow/dags/forecast_logging_dag.py
[2026-08-29T22:07:13.663+0000] {processor.py:840} INFO - DAG(s) 'forecast_logging' retrieved from /opt/airflow/dags/forecast_logging_dag.py
[2026-08-29T22:07:14.009+0000] {logging_mixin.py:188} INFO - [2026-08-29T22:07:14.008+0000] {dag.py:3089} INFO - Sync 1 DAGs
[2026-08-29T22:07:14.074+0000] {logging_mixin.py:188} INFO - [2026-08-29T22:07:14.074+0000] {dag.py:3947} INFO - Setting next_dagrun for forecast_logging to 2026-08-29 00:00:00+00:00, run_after=2026-08-30 00:00:00+00:00
[2026-08-29T22:07:14.116+0000] {processor.py:183} INFO - Processing /opt/airflow/dags/forecast_logging_dag.py took 5.029 seconds
[2026-08-29T22:07:44.453+0000] {processor.py:161} INFO - Started process (PID=4073) to work on /opt/airflow/dags/forecast_logging_dag.py
[2026-08-29T22:07:44.456+0000] {processor.py:830} INFO - Processing file /opt/airflow/dags/forecast_logging_dag.py for tasks to queue
[2026-08-29T22:07:44.458+0000] {logging_mixin.py:188} INFO - [2026-08-29T22:07:44.457+0000] {dagbag.py:545} INFO - Filling up the DagBag from /opt/airflow/dags/forecast_logging_dag.py
[2026-08-29T22:07:49.263+0000] {processor.py:840} INFO - DAG(s) 'forecast_logging' retrieved from /opt/airflow/dags/forecast_logging_dag.py
[2026-08-29T22:07:49.319+0000] {logging_mixin.py:188} INFO - [2026-08-29T22:07:49.318+0000] {dag.py:3089} INFO - Sync 1 DAGs
[2026-08-29T22:07:49.363+0000] {logging_mixin.py:188} INFO - [2026-08-29T22:07:49.363+0000] {dag.py:3947} INFO - Setting next_dagrun for forecast_logging to 2026-08-29 00:00:00+00:00, run_after=2026-08-30 00:00:00+00:00
[2026-08-29T22:07:49.405+0000] {processor.py:183} INFO - Processing /opt/airflow/dags/forecast_logging_dag.py took 4.976 seconds
[2026-08-29T22:08:20.160+0000] {processor.py:161} INFO - Started process (PID=4109) to work on /opt/airflow/dags/forecast_logging_dag.py
[2026-08-29T22:08:20.163+0000] {processor.py:830} INFO - Processing file /opt/airflow/dags/forecast_logging_dag.py for tasks to queue
[2026-08-29T22:08:20.166+0000] {logging_mixin.py:188} INFO - [2026-08-29T22:08:20.165+0000] {dagbag.py:545} INFO - Filling up the DagBag from /opt/airflow/dags/forecast_logging_dag.py
[2026-08-29T22:08:24.618+0000] {processor.py:840} INFO - DAG(s) 'forecast_logging' retrieved from /opt/airflow/dags/forecast_logging_dag.py
[2026-08-29T22:08:24.696+0000] {logging_mixin.py:188} INFO - [2026-08-29T22:08:24.695+0000] {dag.py:3089} INFO - Sync 1 DAGs
[2026-08-29T22:08:24.730+0000] {logging_mixin.py:188} INFO - [2026-08-29T22:08:24.729+0000] {dag.py:3947} INFO - Setting next_dagrun for forecast_logging to 2026-08-29 00:00:00+00:00, run_after=2026-08-30 00:00:00+00:00
[2026-08-29T22:08:25.013+0000] {processor.py:183} INFO - Processing /opt/airflow/dags/forecast_logging_dag.py took 4.873 seconds
[2026-08-29T22:08:55.795+0000] {processor.py:161} INFO - Started process (PID=4141) to work on /opt/airflow/dags/forecast_logging_dag.py
[2026-08-29T22:08:55.798+0000] {processor.py:830} INFO - Processing file /opt/airflow/dags/forecast_logging_dag.py for tasks to queue
[2026-08-29T22:08:55.800+0000] {logging_mixin.py:188} INFO - [2026-08-29T22:08:55.800+0000] {dagbag.py:545} INFO - Filling up the DagBag from /opt/airflow/dags/forecast_logging_dag.py
[2026-08-29T22:08:59.886+0000] {processor.py:840} INFO - DAG(s) 'forecast_logging' retrieved from /opt/airflow/dags/forecast_logging_dag.py
[2026-08-29T22:08:59.940+0000] {logging_mixin.py:188} INFO - [2026-08-29T22:08:59.940+0000] {dag.py:3089} INFO - Sync 1 DAGs
[2026-08-29T22:09:00.209+0000] {logging_mixin.py:188} INFO - [2026-08-29T22:09:00.208+0000] {dag.py:3947} INFO - Setting next_dagrun for forecast_logging to 2026-08-29 00:00:00+00:00, run_after=2026-08-30 00:00:00+00:00
[2026-08-29T22:09:00.251+0000] {processor.py:183} INFO - Processing /opt/airflow/dags/forecast_logging_dag.py took 4.479 seconds
[2026-08-29T22:09:30.588+0000] {processor.py:161} INFO - Started process (PID=4171) to work on /opt/airflow/dags/forecast_logging_dag.py
[2026-08-29T22:09:30.590+0000] {processor.py:830} INFO - Processing file /opt/airflow/dags/forecast_logging_dag.py for tasks to queue
[2026-08-29T22:09:30.593+0000] {logging_mixin.py:188} INFO - [2026-08-29T22:09:30.592+0000] {dagbag.py:545} INFO - Filling up the DagBag from /opt/airflow/dags/forecast_logging_dag.py
[2026-08-29T22:09:34.830+0000] {processor.py:840} INFO - DAG(s) 'forecast_logging' retrieved from /opt/airflow/dags/forecast_logging_dag.py
[2026-08-29T22:09:35.163+0000] {logging_mixin.py:188} INFO - [2026-08-29T22:09:35.162+0000] {dag.py:3089} INFO - Sync 1 DAGs
[2026-08-29T22:09:35.208+0000] {logging_mixin.py:188} INFO - [2026-08-29T22:09:35.207+0000] {dag.py:3947} INFO - Setting next_dagrun for forecast_logging to 2026-08-29 00:00:00+00:00, run_after=2026-08-30 00:00:00+00:00
[2026-08-29T22:09:35.248+0000] {processor.py:183} INFO - Processing /opt/airflow/dags/forecast_logging_dag.py took 4.687 seconds
[2026-08-29T22:10:06.186+0000] {processor.py:161} INFO - Started process (PID=4201) to work on /opt/airflow/dags/forecast_logging_dag.py
[2026-08-29T22:10:06.188+0000] {processor.py:830} INFO - Processing file /opt/airflow/dags/forecast_logging_dag.py for tasks to queue
[2026-08-29T22:10:06.191+0000] {logging_mixin.py:188} INFO - [2026-08-29T22:10:06.190+0000] {dagbag.py:545} INFO - Filling up the DagBag from /opt/airflow/dags/forecast_logging_dag.py
[2026-08-29T22:10:10.036+0000] {processor.py:840} INFO - DAG(s) 'forecast_logging' retrieved from /opt/airflow/dags/forecast_logging_dag.py
[2026-08-29T22:10:10.302+0000] {logging_mixin.py:188} INFO - [2026-08-29T22:10:10.301+0000] {dag.py:3089} INFO - Sync 1 DAGs
[2026-08-29T22:10:10.338+0000] {logging_mixin.py:188} INFO - [2026-08-29T22:10:10.338+0000] {dag.py:3947} INFO - Setting next_dagrun for forecast_logging to 2026-08-29 00:00:00+00:00, run_after=2026-08-30 00:00:00+00:00
[2026-08-29T22:10:10.377+0000] {processor.py:183} INFO - Processing /opt/airflow/dags/forecast_logging_dag.py took 4.213 seconds
[2026-08-29T22:10:40.906+0000] {processor.py:161} INFO - Started process (PID=4231) to work on /opt/airflow/dags/forecast_logging_dag.py
[2026-08-29T22:10:40.910+0000] {processor.py:830} INFO - Processing file /opt/airflow/dags/forecast_logging_dag.py for tasks to queue
[2026-08-29T22:10:40.913+0000] {logging_mixin.py:188} INFO - [2026-08-29T22:10:40.912+0000] {dagbag.py:545} INFO - Filling up the DagBag from /opt/airflow/dags/forecast_logging_dag.py
[2026-08-29T22:10:45.194+0000] {processor.py:840} INFO - DAG(s) 'forecast_logging' retrieved from /opt/airflow/dags/forecast_logging_dag.py
[2026-08-29T22:10:45.248+0000] {logging_mixin.py:188} INFO - [2026-08-29T22:10:45.247+0000] {dag.py:3089} INFO - Sync 1 DAGs
[2026-08-29T22:10:45.293+0000] {logging_mixin.py:188} INFO - [2026-08-29T22:10:45.292+0000] {dag.py:3947} INFO - Setting next_dagrun for forecast_logging to 2026-08-29 00:00:00+00:00, run_after=2026-08-30 00:00:00+00:00
[2026-08-29T22:10:45.329+0000] {processor.py:183} INFO - Processing /opt/airflow/dags/forecast_logging_dag.py took 4.441 seconds
[2026-08-29T22:11:16.157+0000] {processor.py:161} INFO - Started process (PID=4261) to work on /opt/airflow/dags/forecast_logging_dag.py
[2026-08-29T22:11:16.159+0000] {processor.py:830} INFO - Processing file /opt/airflow/dags/forecast_logging_dag.py for tasks to queue
[2026-08-29T22:11:16.162+0000] {logging_mixin.py:188} INFO - [2026-08-29T22:11:16.161+0000] {dagbag.py:545} INFO - Filling up the DagBag from /opt/airflow/dags/forecast_logging_dag.py
[2026-08-29T22:11:19.953+0000] {processor.py:840} INFO - DAG(s) 'forecast_logging' retrieved from /opt/airflow/dags/forecast_logging_dag.py
[2026-08-29T22:11:20.010+0000] {logging_mixin.py:188} INFO - [2026-08-29T22:11:20.009+0000] {dag.py:3089} INFO - Sync 1 DAGs
[2026-08-29T22:11:20.065+0000] {logging_mixin.py:188} INFO - [2026-08-29T22:11:20.064+0000] {dag.py:3947} INFO - Setting next_dagrun for forecast_logging to 2026-08-29 00:00:00+00:00, run_after=2026-08-30 00:00:00+00:00
[2026-08-29T22:11:20.340+0000] {processor.py:183} INFO - Processing /opt/airflow/dags/forecast_logging_dag.py took 4.203 seconds
[2026-08-29T22:11:50.800+0000] {processor.py:161} INFO - Started process (PID=4291) to work on /opt/airflow/dags/forecast_logging_dag.py
[2026-08-29T22:11:50.803+0000] {processor.py:830} INFO - Processing file /opt/airflow/dags/forecast_logging_dag.py for tasks to queue
[2026-08-29T22:11:50.805+0000] {logging_mixin.py:188} INFO - [2026-08-29T22:11:50.805+0000] {dagbag.py:545} INFO - Filling up the DagBag from /opt/airflow/dags/forecast_logging_dag.py
[2026-08-29T22:11:54.835+0000] {processor.py:840} INFO - DAG(s) 'forecast_logging' retrieved from /opt/airflow/dags/forecast_logging_dag.py
[2026-08-29T22:11:54.890+0000] {logging_mixin.py:188} INFO - [2026-08-29T22:11:54.889+0000] {dag.py:3089} INFO - Sync 1 DAGs
[2026-08-29T22:11:55.148+0000] {logging_mixin.py:188} INFO - [2026-08-29T22:11:55.147+0000] {dag.py:3947} INFO - Setting next_dagrun for forecast_logging to 2026-08-29 00:00:00+00:00, run_after=2026-08-30 00:00:00+00:00
[2026-08-29T22:11:55.186+0000] {processor.py:183} INFO - Processing /opt/airflow/dags/forecast_logging_dag.py took 4.406 seconds
[2026-08-29T22:12:25.717+0000] {processor.py:161} INFO - Started process (PID=4321) to work on /opt/airflow/dags/forecast_logging_dag.py
[2026-08-29T22:12:25.719+0000] {processor.py:830} INFO - Processing file /opt/airflow/dags/forecast_logging_dag.py for tasks to queue
[2026-08-29T22:12:25.722+0000] {logging_mixin.py:188} INFO - [2026-08-29T22:12:25.721+0000] {dagbag.py:545} INFO - Filling up the DagBag from /opt/airflow/dags/forecast_logging_dag.py
[2026-08-29T22:12:29.578+0000] {processor.py:840} INFO - DAG(s) 'forecast_logging' retrieved from /opt/airflow/dags/forecast_logging_dag.py
[2026-08-29T22:12:29.877+0000] {logging_mixin.py:188} INFO - [2026-08-29T22:12:29.877+0000] {dag.py:3089} INFO - Sync 1 DAGs
[2026-08-29T22:12:29.915+0000] {logging_mixin.py:188} INFO - [2026-08-29T22:12:29.914+0000] {dag.py:3947} INFO - Setting next_dagrun for forecast_logging to 2026-08-29 00:00:00+00:00, run_after=2026-08-30 00:00:00+00:00
[2026-08-29T22:12:29.951+0000] {processor.py:183} INFO - Processing /opt/airflow/dags/forecast_logging_dag.py took 4.251 seconds
[2026-08-29T22:13:00.378+0000] {processor.py:161} INFO - Started process (PID=4351) to work on /opt/airflow/dags/forecast_logging_dag.py
[2026-08-29T22:13:00.380+0000] {processor.py:830} INFO - Processing file /opt/airflow/dags/forecast_logging_dag.py for tasks to queue
[2026-08-29T22:13:00.384+0000] {logging_mixin.py:188} INFO - [2026-08-29T22:13:00.383+0000] {dagbag.py:545} INFO - Filling up the DagBag from /opt/airflow/dags/forecast_logging_dag.py
[2026-08-29T22:13:04.867+0000] {processor.py:840} INFO - DAG(s) 'forecast_logging' retrieved from /opt/airflow/dags/forecast_logging_dag.py
[2026-08-29T22:13:05.150+0000] {logging_mixin.py:188} INFO - [2026-08-29T22:13:05.149+0000] {dag.py:3089} INFO - Sync 1 DAGs
[2026-08-29T22:13:02.469+0000] {logging_mixin.py:188} INFO - [2026-08-29T22:13:02.469+0000] {dag.py:3947} INFO - Setting next_dagrun for forecast_logging to 2026-08-29 00:00:00+00:00, run_after=2026-08-30 00:00:00+00:00
[2026-08-29T22:13:02.509+0000] {processor.py:183} INFO - Processing /opt/airflow/dags/forecast_logging_dag.py took 4.477 seconds
[2026-08-29T22:13:33.455+0000] {processor.py:161} INFO - Started process (PID=4381) to work on /opt/airflow/dags/forecast_logging_dag.py
[2026-08-29T22:13:33.458+0000] {processor.py:830} INFO - Processing file /opt/airflow/dags/forecast_logging_dag.py for tasks to queue
[2026-08-29T22:13:33.460+0000] {logging_mixin.py:188} INFO - [2026-08-29T22:13:33.459+0000] {dagbag.py:545} INFO - Filling up the DagBag from /opt/airflow/dags/forecast_logging_dag.py
[2026-08-29T22:13:37.291+0000] {processor.py:840} INFO - DAG(s) 'forecast_logging' retrieved from /opt/airflow/dags/forecast_logging_dag.py
[2026-08-29T22:13:37.351+0000] {logging_mixin.py:188} INFO - [2026-08-29T22:13:37.350+0000] {dag.py:3089} INFO - Sync 1 DAGs
[2026-08-29T22:13:37.397+0000] {logging_mixin.py:188} INFO - [2026-08-29T22:13:37.397+0000] {dag.py:3947} INFO - Setting next_dagrun for forecast_logging to 2026-08-29 00:00:00+00:00, run_after=2026-08-30 00:00:00+00:00
[2026-08-29T22:13:37.437+0000] {processor.py:183} INFO - Processing /opt/airflow/dags/forecast_logging_dag.py took 4.002 seconds
[2026-08-29T22:14:08.239+0000] {processor.py:161} INFO - Started process (PID=4411) to work on /opt/airflow/dags/forecast_logging_dag.py
[2026-08-29T22:14:08.242+0000] {processor.py:830} INFO - Processing file /opt/airflow/dags/forecast_logging_dag.py for tasks to queue
[2026-08-29T22:14:08.245+0000] {logging_mixin.py:188} INFO - [2026-08-29T22:14:08.244+0000] {dagbag.py:545} INFO - Filling up the DagBag from /opt/airflow/dags/forecast_logging_dag.py
[2026-08-29T22:14:12.025+0000] {processor.py:840} INFO - DAG(s) 'forecast_logging' retrieved from /opt/airflow/dags/forecast_logging_dag.py
[2026-08-29T22:14:12.076+0000] {logging_mixin.py:188} INFO - [2026-08-29T22:14:12.075+0000] {dag.py:3089} INFO - Sync 1 DAGs
[2026-08-29T22:14:12.110+0000] {logging_mixin.py:188} INFO - [2026-08-29T22:14:12.110+0000] {dag.py:3947} INFO - Setting next_dagrun for forecast_logging to 2026-08-29 00:00:00+00:00, run_after=2026-08-30 00:00:00+00:00
[2026-08-29T22:14:12.368+0000] {processor.py:183} INFO - Processing /opt/airflow/dags/forecast_logging_dag.py took 4.147 seconds
[2026-08-29T22:14:42.941+0000] {processor.py:161} INFO - Started process (PID=4441) to work on /opt/airflow/dags/forecast_logging_dag.py
[2026-08-29T22:14:42.945+0000] {processor.py:830} INFO - Processing file /opt/airflow/dags/forecast_logging_dag.py for tasks to queue
[2026-08-29T22:14:42.950+0000] {logging_mixin.py:188} INFO - [2026-08-29T22:14:42.948+0000] {dagbag.py:545} INFO - Filling up the DagBag from /opt/airflow/dags/forecast_logging_dag.py
[2026-08-29T22:14:46.861+0000] {processor.py:840} INFO - DAG(s) 'forecast_logging' retrieved from /opt/airflow/dags/forecast_logging_dag.py
[2026-08-29T22:14:46.924+0000] {logging_mixin.py:188} INFO - [2026-08-29T22:14:46.923+0000] {dag.py:3089} INFO - Sync 1 DAGs
[2026-08-29T22:14:47.204+0000] {logging_mixin.py:188} INFO - [2026-08-29T22:14:47.204+0000] {dag.py:3947} INFO - Setting next_dagrun for forecast_logging to 2026-08-29 00:00:00+00:00, run_after=2026-08-30 00:00:00+00:00
[2026-08-29T22:14:47.240+0000] {processor.py:183} INFO - Processing /opt/airflow/dags/forecast_logging_dag.py took 4.326 seconds
[2026-08-29T22:15:17.490+0000] {processor.py:161} INFO - Started process (PID=4471) to work on /opt/airflow/dags/forecast_logging_dag.py
[2026-08-29T22:15:17.492+0000] {processor.py:830} INFO - Processing file /opt/airflow/dags/forecast_logging_dag.py for tasks to queue
[2026-08-29T22:15:17.495+0000] {logging_mixin.py:188} INFO - [2026-08-29T22:15:17.494+0000] {dagbag.py:545} INFO - Filling up the DagBag from /opt/airflow/dags/forecast_logging_dag.py
[2026-08-29T22:15:21.573+0000] {processor.py:840} INFO - DAG(s) 'forecast_logging' retrieved from /opt/airflow/dags/forecast_logging_dag.py
[2026-08-29T22:15:21.898+0000] {logging_mixin.py:188} INFO - [2026-08-29T22:15:21.897+0000] {dag.py:3089} INFO - Sync 1 DAGs
[2026-08-29T22:15:21.946+0000] {logging_mixin.py:188} INFO - [2026-08-29T22:15:21.946+0000] {dag.py:3947} INFO - Setting next_dagrun for forecast_logging to 2026-08-29 00:00:00+00:00, run_after=2026-08-30 00:00:00+00:00
[2026-08-29T22:15:21.993+0000] {processor.py:183} INFO - Processing /opt/airflow/dags/forecast_logging_dag.py took 4.526 seconds
[2026-08-29T22:15:53.297+0000] {processor.py:161} INFO - Started process (PID=4511) to work on /opt/airflow/dags/forecast_logging_dag.py
[2026-08-29T22:15:53.299+0000] {processor.py:830} INFO - Processing file /opt/airflow/dags/forecast_logging_dag.py for tasks to queue
[2026-08-29T22:15:53.302+0000] {logging_mixin.py:188} INFO - [2026-08-29T22:15:53.301+0000] {dagbag.py:545} INFO - Filling up the DagBag from /opt/airflow/dags/forecast_logging_dag.py
[2026-08-29T22:15:57.386+0000] {processor.py:840} INFO - DAG(s) 'forecast_logging' retrieved from /opt/airflow/dags/forecast_logging_dag.py
[2026-08-29T22:15:57.434+0000] {logging_mixin.py:188} INFO - [2026-08-29T22:15:57.433+0000] {dag.py:3089} INFO - Sync 1 DAGs
[2026-08-29T22:15:57.467+0000] {logging_mixin.py:188} INFO - [2026-08-29T22:15:57.467+0000] {dag.py:3947} INFO - Setting next_dagrun for forecast_logging to 2026-08-29 00:00:00+00:00, run_after=2026-08-30 00:00:00+00:00
[2026-08-29T22:15:57.503+0000] {processor.py:183} INFO - Processing /opt/airflow/dags/forecast_logging_dag.py took 4.229 seconds
[2026-08-29T22:16:28.042+0000] {processor.py:161} INFO - Started process (PID=4543) to work on /opt/airflow/dags/forecast_logging_dag.py
[2026-08-29T22:16:28.045+0000] {processor.py:830} INFO - Processing file /opt/airflow/dags/forecast_logging_dag.py for tasks to queue
[2026-08-29T22:16:28.047+0000] {logging_mixin.py:188} INFO - [2026-08-29T22:16:28.046+0000] {dagbag.py:545} INFO - Filling up the DagBag from /opt/airflow/dags/forecast_logging_dag.py
[2026-08-29T22:16:31.970+0000] {processor.py:840} INFO - DAG(s) 'forecast_logging' retrieved from /opt/airflow/dags/forecast_logging_dag.py
[2026-08-29T22:16:32.020+0000] {logging_mixin.py:188} INFO - [2026-08-29T22:16:32.020+0000] {dag.py:3089} INFO - Sync 1 DAGs
[2026-08-29T22:16:32.057+0000] {logging_mixin.py:188} INFO - [2026-08-29T22:16:32.056+0000] {dag.py:3947} INFO - Setting next_dagrun for forecast_logging to 2026-08-29 00:00:00+00:00, run_after=2026-08-30 00:00:00+00:00
[2026-08-29T22:16:32.316+0000] {processor.py:183} INFO - Processing /opt/airflow/dags/forecast_logging_dag.py took 4.294 seconds
[2026-08-29T22:17:02.882+0000] {processor.py:161} INFO - Started process (PID=4573) to work on /opt/airflow/dags/forecast_logging_dag.py
[2026-08-29T22:17:02.884+0000] {processor.py:830} INFO - Processing file /opt/airflow/dags/forecast_logging_dag.py for tasks to queue
[2026-08-29T22:17:02.887+0000] {logging_mixin.py:188} INFO - [2026-08-29T22:17:02.886+0000] {dagbag.py:545} INFO - Filling up the DagBag from /opt/airflow/dags/forecast_logging_dag.py
[2026-08-29T22:17:06.596+0000] {processor.py:840} INFO - DAG(s) 'forecast_logging' retrieved from /opt/airflow/dags/forecast_logging_dag.py
[2026-08-29T22:17:06.643+0000] {logging_mixin.py:188} INFO - [2026-08-29T22:17:06.642+0000] {dag.py:3089} INFO - Sync 1 DAGs
[2026-08-29T22:17:06.923+0000] {logging_mixin.py:188} INFO - [2026-08-29T22:17:06.922+0000] {dag.py:3947} INFO - Setting next_dagrun for forecast_logging to 2026-08-29 00:00:00+00:00, run_after=2026-08-30 00:00:00+00:00
[2026-08-29T22:17:06.961+0000] {processor.py:183} INFO - Processing /opt/airflow/dags/forecast_logging_dag.py took 4.103 seconds
[2026-08-29T22:17:38.134+0000] {processor.py:161} INFO - Started process (PID=4603) to work on /opt/airflow/dags/forecast_logging_dag.py
[2026-08-29T22:17:38.137+0000] {processor.py:830} INFO - Processing file /opt/airflow/dags/forecast_logging_dag.py for tasks to queue
[2026-08-29T22:17:38.140+0000] {logging_mixin.py:188} INFO - [2026-08-29T22:17:38.139+0000] {dagbag.py:545} INFO - Filling up the DagBag from /opt/airflow/dags/forecast_logging_dag.py
[2026-08-29T22:17:39.720+0000] {processor.py:840} INFO - DAG(s) 'forecast_logging' retrieved from /opt/airflow/dags/forecast_logging_dag.py
[2026-08-29T22:17:39.999+0000] {logging_mixin.py:188} INFO - [2026-08-29T22:17:39.998+0000] {dag.py:3089} INFO - Sync 1 DAGs
[2026-08-29T22:17:40.045+0000] {logging_mixin.py:188} INFO - [2026-08-29T22:17:40.045+0000] {dag.py:3947} INFO - Setting next_dagrun for forecast_logging to 2026-08-29 00:00:00+00:00, run_after=2026-08-30 00:00:00+00:00
[2026-08-29T22:17:40.081+0000] {processor.py:183} INFO - Processing /opt/airflow/dags/forecast_logging_dag.py took 4.279 seconds
[2026-08-29T22:18:10.665+0000] {processor.py:161} INFO - Started process (PID=4633) to work on /opt/airflow/dags/forecast_logging_dag.py
[2026-08-29T22:18:10.668+0000] {processor.py:830} INFO - Processing file /opt/airflow/dags/forecast_logging_dag.py for tasks to queue
[2026-08-29T22:18:10.671+0000] {logging_mixin.py:188} INFO - [2026-08-29T22:18:10.670+0000] {dagbag.py:545} INFO - Filling up the DagBag from /opt/airflow/dags/forecast_logging_dag.py
[2026-08-29T22:18:14.700+0000] {processor.py:840} INFO - DAG(s) 'forecast_logging' retrieved from /opt/airflow/dags/forecast_logging_dag.py
[2026-08-29T22:18:14.979+0000] {logging_mixin.py:188} INFO - [2026-08-29T22:18:14.978+0000] {dag.py:3089} INFO - Sync 1 DAGs
[2026-08-29T22:18:15.018+0000] {logging_mixin.py:188} INFO - [2026-08-29T22:18:15.018+0000] {dag.py:3947} INFO - Setting next_dagrun for forecast_logging to 2026-08-29 00:00:00+00:00, run_after=2026-08-30 00:00:00+00:00
[2026-08-29T22:18:15.059+0000] {processor.py:183} INFO - Processing /opt/airflow/dags/forecast_logging_dag.py took 4.418 seconds
[2026-08-29T22:18:45.348+0000] {processor.py:161} INFO - Started process (PID=4663) to work on /opt/airflow/dags/forecast_logging_dag.py
[2026-08-29T22:18:45.351+0000] {processor.py:830} INFO - Processing file /opt/airflow/dags/forecast_logging_dag.py for tasks to queue
[2026-08-29T22:18:45.354+0000] {logging_mixin.py:188} INFO - [2026-08-29T22:18:45.353+0000] {dagbag.py:545} INFO - Filling up the DagBag from /opt/airflow/dags/forecast_logging_dag.py
[2026-08-29T22:18:49.365+0000] {processor.py:840} INFO - DAG(s) 'forecast_logging' retrieved from /opt/airflow/dags/forecast_logging_dag.py
[2026-08-29T22:18:49.420+0000] {logging_mixin.py:188} INFO - [2026-08-29T22:18:49.419+0000] {dag.py:3089} INFO - Sync 1 DAGs
[2026-08-29T22:18:49.454+0000] {logging_mixin.py:188} INFO - [2026-08-29T22:18:49.453+0000] {dag.py:3947} INFO - Setting next_dagrun for forecast_logging to 2026-08-29 00:00:00+00:00, run_after=2026-08-30 00:00:00+00:00
[2026-08-29T22:18:49.489+0000] {processor.py:183} INFO - Processing /opt/airflow/dags/forecast_logging_dag.py took 4.163 seconds
[2026-08-29T22:19:19.932+0000] {processor.py:161} INFO - Started process (PID=4693) to work on /opt/airflow/dags/forecast_logging_dag.py
[2026-08-29T22:19:19.935+0000] {processor.py:830} INFO - Processing file /opt/airflow/dags/forecast_logging_dag.py for tasks to queue
[2026-08-29T22:19:19.939+0000] {logging_mixin.py:188} INFO - [2026-08-29T22:19:19.937+0000] {dagbag.py:545} INFO - Filling up the DagBag from /opt/airflow/dags/forecast_logging_dag.py
[2026-08-29T22:19:24.346+0000] {processor.py:840} INFO - DAG(s) 'forecast_logging' retrieved from /opt/airflow/dags/forecast_logging_dag.py
[2026-08-29T22:19:24.413+0000] {logging_mixin.py:188} INFO - [2026-08-29T22:19:24.412+0000] {dag.py:3089} INFO - Sync 1 DAGs
[2026-08-29T22:19:24.461+0000] {logging_mixin.py:188} INFO - [2026-08-29T22:19:24.460+0000] {dag.py:3947} INFO - Setting next_dagrun for forecast_logging to 2026-08-29 00:00:00+00:00, run_after=2026-08-30 00:00:00+00:00
[2026-08-29T22:19:24.750+0000] {processor.py:183} INFO - Processing /opt/airflow/dags/forecast_logging_dag.py took 4.841 seconds
[2026-08-29T22:19:55.906+0000] {processor.py:161} INFO - Started process (PID=4723) to work on /opt/airflow/dags/forecast_logging_dag.py
[2026-08-29T22:19:55.909+0000] {processor.py:830} INFO - Processing file /opt/airflow/dags/forecast_logging_dag.py for tasks to queue
[2026-08-29T22:19:55.912+0000] {logging_mixin.py:188} INFO - [2026-08-29T22:19:55.911+0000] {dagbag.py:545} INFO - Filling up the DagBag from /opt/airflow/dags/forecast_logging_dag.py
[2026-08-29T22:19:59.849+0000] {processor.py:840} INFO - DAG(s) 'forecast_logging' retrieved from /opt/airflow/dags/forecast_logging_dag.py
[2026-08-29T22:19:59.902+0000] {logging_mixin.py:188} INFO - [2026-08-29T22:19:59.901+0000] {dag.py:3089} INFO - Sync 1 DAGs
[2026-08-29T22:20:00.576+0000] {logging_mixin.py:188} INFO - [2026-08-29T22:20:00.576+0000] {dag.py:3947} INFO - Setting next_dagrun for forecast_logging to 2026-08-29 00:00:00+00:00, run_after=2026-08-30 00:00:00+00:00
[2026-08-29T22:20:00.610+0000] {processor.py:183} INFO - Processing /opt/airflow/dags/forecast_logging_dag.py took 4.319 seconds
[2026-08-29T22:20:30.984+0000] {processor.py:161} INFO - Started process (PID=4753) to work on /opt/airflow/dags/forecast_logging_dag.py
[2026-08-29T22:20:30.988+0000] {processor.py:830} INFO - Processing file /opt/airflow/dags/forecast_logging_dag.py for tasks to queue
[2026-08-29T22:20:30.992+0000] {logging_mixin.py:188} INFO - [2026-08-29T22:20:30.990+0000] {dagbag.py:545} INFO - Filling up the DagBag from /opt/airflow/dags/forecast_logging_dag.py
[2026-08-29T22:23:00.234+0000] {processor.py:161} INFO - Started process (PID=4769) to work on /opt/airflow/dags/forecast_logging_dag.py
[2026-08-29T22:23:00.243+0000] {processor.py:830} INFO - Processing file /opt/airflow/dags/forecast_logging_dag.py for tasks to queue
[2026-08-29T22:23:00.247+0000] {logging_mixin.py:188} INFO - [2026-08-29T22:23:00.246+0000] {dagbag.py:545} INFO - Filling up the DagBag from /opt/airflow/dags/forecast_logging_dag.py
[2026-08-29T22:23:07.729+0000] {processor.py:840} INFO - DAG(s) 'forecast_logging' retrieved from /opt/airflow/dags/forecast_logging_dag.py
[2026-08-29T22:23:08.054+0000] {logging_mixin.py:188} INFO - [2026-08-29T22:23:08.052+0000] {dag.py:3089} INFO - Sync 1 DAGs
[2026-08-29T22:23:08.116+0000] {logging_mixin.py:188} INFO - [2026-08-29T22:23:08.115+0000] {dag.py:3947} INFO - Setting next_dagrun for forecast_logging to 2026-08-29 00:00:00+00:00, run_after=2026-08-30 00:00:00+00:00
[2026-08-29T22:23:08.177+0000] {processor.py:183} INFO - Processing /opt/airflow/dags/forecast_logging_dag.py took 7.975 seconds
[2026-08-29T22:23:38.817+0000] {processor.py:161} INFO - Started process (PID=4803) to work on /opt/airflow/dags/forecast_logging_dag.py
[2026-08-29T22:23:38.820+0000] {processor.py:830} INFO - Processing file /opt/airflow/dags/forecast_logging_dag.py for tasks to queue
[2026-08-29T22:23:38.822+0000] {logging_mixin.py:188} INFO - [2026-08-29T22:23:38.821+0000] {dagbag.py:545} INFO - Filling up the DagBag from /opt/airflow/dags/forecast_logging_dag.py
[2026-08-29T22:23:42.575+0000] {processor.py:840} INFO - DAG(s) 'forecast_logging' retrieved from /opt/airflow/dags/forecast_logging_dag.py
[2026-08-29T22:23:42.621+0000] {logging_mixin.py:188} INFO - [2026-08-29T22:23:42.621+0000] {dag.py:3089} INFO - Sync 1 DAGs
[2026-08-29T22:23:42.656+0000] {logging_mixin.py:188} INFO - [2026-08-29T22:23:42.655+0000] {dag.py:3947} INFO - Setting next_dagrun for forecast_logging to 2026-08-29 00:00:00+00:00, run_after=2026-08-30 00:00:00+00:00
[2026-08-29T22:23:42.689+0000] {processor.py:183} INFO - Processing /opt/airflow/dags/forecast_logging_dag.py took 3.889 seconds
[2026-08-29T22:24:12.924+0000] {processor.py:161} INFO - Started process (PID=4838) to work on /opt/airflow/dags/forecast_logging_dag.py
[2026-08-29T22:24:12.928+0000] {processor.py:830} INFO - Processing file /opt/airflow/dags/forecast_logging_dag.py for tasks to queue
[2026-08-29T22:24:12.931+0000] {logging_mixin.py:188} INFO - [2026-08-29T22:24:12.930+0000] {dagbag.py:545} INFO - Filling up the DagBag from /opt/airflow/dags/forecast_logging_dag.py
[2026-08-29T22:24:17.238+0000] {processor.py:840} INFO - DAG(s) 'forecast_logging' retrieved from /opt/airflow/dags/forecast_logging_dag.py
[2026-08-29T22:24:17.294+0000] {logging_mixin.py:188} INFO - [2026-08-29T22:24:17.293+0000] {dag.py:3089} INFO - Sync 1 DAGs
[2026-08-29T22:24:17.339+0000] {logging_mixin.py:188} INFO - [2026-08-29T22:24:17.339+0000] {dag.py:3947} INFO - Setting next_dagrun for forecast_logging to 2026-08-29 00:00:00+00:00, run_after=2026-08-30 00:00:00+00:00
[2026-08-29T22:24:17.615+0000] {processor.py:183} INFO - Processing /opt/airflow/dags/forecast_logging_dag.py took 4.712 seconds
[2026-08-29T22:24:48.675+0000] {processor.py:161} INFO - Started process (PID=4871) to work on /opt/airflow/dags/forecast_logging_dag.py
[2026-08-29T22:24:48.678+0000] {processor.py:830} INFO - Processing file /opt/airflow/dags/forecast_logging_dag.py for tasks to queue
[2026-08-29T22:24:48.681+0000] {logging_mixin.py:188} INFO - [2026-08-29T22:24:48.680+0000] {dagbag.py:545} INFO - Filling up the DagBag from /opt/airflow/dags/forecast_logging_dag.py
[2026-08-29T22:24:52.491+0000] {processor.py:840} INFO - DAG(s) 'forecast_logging' retrieved from /opt/airflow/dags/forecast_logging_dag.py
[2026-08-29T22:24:52.545+0000] {logging_mixin.py:188} INFO - [2026-08-29T22:24:52.545+0000] {dag.py:3089} INFO - Sync 1 DAGs
[2026-08-29T22:24:52.837+0000] {logging_mixin.py:188} INFO - [2026-08-29T22:24:52.837+0000] {dag.py:3947} INFO - Setting next_dagrun for forecast_logging to 2026-08-29 00:00:00+00:00, run_after=2026-08-30 00:00:00+00:00
[2026-08-29T22:24:52.887+0000] {processor.py:183} INFO - Processing /opt/airflow/dags/forecast_logging_dag.py took 4.232 seconds
[2026-08-29T22:25:23.852+0000] {processor.py:161} INFO - Started process (PID=4901) to work on /opt/airflow/dags/forecast_logging_dag.py
[2026-08-29T22:25:23.855+0000] {processor.py:830} INFO - Processing file /opt/airflow/dags/forecast_logging_dag.py for tasks to queue
[2026-08-29T22:25:23.858+0000] {logging_mixin.py:188} INFO - [2026-08-29T22:25:23.857+0000] {dagbag.py:545} INFO - Filling up the DagBag from /opt/airflow/dags/forecast_logging_dag.py
[2026-08-29T22:25:27.783+0000] {processor.py:840} INFO - DAG(s) 'forecast_logging' retrieved from /opt/airflow/dags/forecast_logging_dag.py
[2026-08-29T22:25:28.098+0000] {logging_mixin.py:188} INFO - [2026-08-29T22:25:28.097+0000] {dag.py:3089} INFO - Sync 1 DAGs
[2026-08-29T22:25:28.135+0000] {logging_mixin.py:188} INFO - [2026-08-29T22:25:28.134+0000] {dag.py:3947} INFO - Setting next_dagrun for forecast_logging to 2026-08-29 00:00:00+00:00, run_after=2026-08-30 00:00:00+00:00
[2026-08-29T22:25:28.174+0000] {processor.py:183} INFO - Processing /opt/airflow/dags/forecast_logging_dag.py took 4.339 seconds
[2026-08-29T22:25:58.928+0000] {processor.py:161} INFO - Started process (PID=4931) to work on /opt/airflow/dags/forecast_logging_dag.py
[2026-08-29T22:25:58.931+0000] {processor.py:830} INFO - Processing file /opt/airflow/dags/forecast_logging_dag.py for tasks to queue
[2026-08-29T22:25:58.933+0000] {logging_mixin.py:188} INFO - [2026-08-29T22:25:58.932+0000] {dagbag.py:545} INFO - Filling up the DagBag from /opt/airflow/dags/forecast_logging_dag.py
[2026-08-29T22:26:02.859+0000] {processor.py:840} INFO - DAG(s) 'forecast_logging' retrieved from /opt/airflow/dags/forecast_logging_dag.py
[2026-08-29T22:26:03.151+0000] {logging_mixin.py:188} INFO - [2026-08-29T22:26:03.150+0000] {dag.py:3089} INFO - Sync 1 DAGs
[2026-08-29T22:26:03.185+0000] {logging_mixin.py:188} INFO - [2026-08-29T22:26:03.184+0000] {dag.py:3947} INFO - Setting next_dagrun for forecast_logging to 2026-08-29 00:00:00+00:00, run_after=2026-08-30 00:00:00+00:00
[2026-08-29T22:26:03.222+0000] {processor.py:183} INFO - Processing /opt/airflow/dags/forecast_logging_dag.py took 4.312 seconds
[2026-08-29T22:26:34.029+0000] {processor.py:161} INFO - Started process (PID=4961) to work on /opt/airflow/dags/forecast_logging_dag.py
[2026-08-29T22:26:34.031+0000] {processor.py:830} INFO - Processing file /opt/airflow/dags/forecast_logging_dag.py for tasks to queue
[2026-08-29T22:26:34.034+0000] {logging_mixin.py:188} INFO - [2026-08-29T22:26:34.033+0000] {dagbag.py:545} INFO - Filling up the DagBag from /opt/airflow/dags/forecast_logging_dag.py
[2026-08-29T22:26:38.002+0000] {processor.py:840} INFO - DAG(s) 'forecast_logging' retrieved from /opt/airflow/dags/forecast_logging_dag.py
[2026-08-29T22:26:38.061+0000] {logging_mixin.py:188} INFO - [2026-08-29T22:26:38.060+0000] {dag.py:3089} INFO - Sync 1 DAGs
[2026-08-29T22:26:38.107+0000] {logging_mixin.py:188} INFO - [2026-08-29T22:26:38.107+0000] {dag.py:3947} INFO - Setting next_dagrun for forecast_logging to 2026-08-29 00:00:00+00:00, run_after=2026-08-30 00:00:00+00:00
[2026-08-29T22:26:38.149+0000] {processor.py:183} INFO - Processing /opt/airflow/dags/forecast_logging_dag.py took 4.137 seconds
[2026-08-29T22:27:08.372+0000] {processor.py:161} INFO - Started process (PID=4991) to work on /opt/airflow/dags/forecast_logging_dag.py
[2026-08-29T22:27:08.375+0000] {processor.py:830} INFO - Processing file /opt/airflow/dags/forecast_logging_dag.py for tasks to queue
[2026-08-29T22:27:08.378+0000] {logging_mixin.py:188} INFO - [2026-08-29T22:27:08.377+0000] {dagbag.py:545} INFO - Filling up the DagBag from /opt/airflow/dags/forecast_logging_dag.py
[2026-08-29T22:27:12.502+0000] {processor.py:840} INFO - DAG(s) 'forecast_logging' retrieved from /opt/airflow/dags/forecast_logging_dag.py
[2026-08-29T22:27:12.549+0000] {logging_mixin.py:188} INFO - [2026-08-29T22:27:12.548+0000] {dag.py:3089} INFO - Sync 1 DAGs
[2026-08-29T22:27:12.588+0000] {logging_mixin.py:188} INFO - [2026-08-29T22:27:12.588+0000] {dag.py:3947} INFO - Setting next_dagrun for forecast_logging to 2026-08-29 00:00:00+00:00, run_after=2026-08-30 00:00:00+00:00
[2026-08-29T22:27:12.870+0000] {processor.py:183} INFO - Processing /opt/airflow/dags/forecast_logging_dag.py took 4.519 seconds
[2026-08-29T22:27:43.830+0000] {processor.py:161} INFO - Started process (PID=5021) to work on /opt/airflow/dags/forecast_logging_dag.py
[2026-08-29T22:27:43.833+0000] {processor.py:830} INFO - Processing file /opt/airflow/dags/forecast_logging_dag.py for tasks to queue
[2026-08-29T22:27:43.836+0000] {logging_mixin.py:188} INFO - [2026-08-29T22:27:43.835+0000] {dagbag.py:545} INFO - Filling up the DagBag from /opt/airflow/dags/forecast_logging_dag.py
[2026-08-29T22:27:47.621+0000] {processor.py:840} INFO - DAG(s) 'forecast_logging' retrieved from /opt/airflow/dags/forecast_logging_dag.py
[2026-08-29T22:27:47.683+0000] {logging_mixin.py:188} INFO - [2026-08-29T22:27:47.682+0000] {dag.py:3089} INFO - Sync 1 DAGs
[2026-08-29T22:27:47.949+0000] {logging_mixin.py:188} INFO - [2026-08-29T22:27:47.949+0000] {dag.py:3947} INFO - Setting next_dagrun for forecast_logging to 2026-08-29 00:00:00+00:00, run_after=2026-08-30 00:00:00+00:00
[2026-08-29T22:27:47.990+0000] {processor.py:183} INFO - Processing /opt/airflow/dags/forecast_logging_dag.py took 4.180 seconds
[2026-08-29T22:28:18.599+0000] {processor.py:161} INFO - Started process (PID=5051) to work on /opt/airflow/dags/forecast_logging_dag.py
[2026-08-29T22:28:18.601+0000] {processor.py:830} INFO - Processing file /opt/airflow/dags/forecast_logging_dag.py for tasks to queue
[2026-08-29T22:28:18.604+0000] {logging_mixin.py:188} INFO - [2026-08-29T22:28:18.603+0000] {dagbag.py:545} INFO - Filling up the DagBag from /opt/airflow/dags/forecast_logging_dag.py
[2026-08-29T22:28:22.448+0000] {processor.py:840} INFO - DAG(s) 'forecast_logging' retrieved from /opt/airflow/dags/forecast_logging_dag.py
[2026-08-29T22:28:22.737+0000] {logging_mixin.py:188} INFO - [2026-08-29T22:28:22.736+0000] {dag.py:3089} INFO - Sync 1 DAGs
[2026-08-29T22:28:22.784+0000] {logging_mixin.py:188} INFO - [2026-08-29T22:28:22.784+0000] {dag.py:3947} INFO - Setting next_dagrun for forecast_logging to 2026-08-29 00:00:00+00:00, run_after=2026-08-30 00:00:00+00:00
[2026-08-29T22:28:22.825+0000] {processor.py:183} INFO - Processing /opt/airflow/dags/forecast_logging_dag.py took 4.249 seconds
[2026-08-29T22:28:53.733+0000] {processor.py:161} INFO - Started process (PID=5081) to work on /opt/airflow/dags/forecast_logging_dag.py
[2026-08-29T22:28:53.735+0000] {processor.py:830} INFO - Processing file /opt/airflow/dags/forecast_logging_dag.py for tasks to queue
[2026-08-29T22:28:53.737+0000] {logging_mixin.py:188} INFO - [2026-08-29T22:28:53.737+0000] {dagbag.py:545} INFO - Filling up the DagBag from /opt/airflow/dags/forecast_logging_dag.py
[2026-08-29T22:28:57.808+0000] {processor.py:840} INFO - DAG(s) 'forecast_logging' retrieved from /opt/airflow/dags/forecast_logging_dag.py
[2026-08-29T22:28:57.859+0000] {logging_mixin.py:188} INFO - [2026-08-29T22:28:57.858+0000] {dag.py:3089} INFO - Sync 1 DAGs
[2026-08-29T22:28:57.905+0000] {logging_mixin.py:188} INFO - [2026-08-29T22:28:57.904+0000] {dag.py:3947} INFO - Setting next_dagrun for forecast_logging to 2026-08-29 00:00:00+00:00, run_after=2026-08-30 00:00:00+00:00
[2026-08-29T22:28:57.946+0000] {processor.py:183} INFO - Processing /opt/airflow/dags/forecast_logging_dag.py took 4.230 seconds
[2026-08-29T22:29:28.813+0000] {processor.py:161} INFO - Started process (PID=5111) to work on /opt/airflow/dags/forecast_logging_dag.py
[2026-08-29T22:29:28.815+0000] {processor.py:830} INFO - Processing file /opt/airflow/dags/forecast_logging_dag.py for tasks to queue
[2026-08-29T22:29:28.818+0000] {logging_mixin.py:188} INFO - [2026-08-29T22:29:28.817+0000] {dagbag.py:545} INFO - Filling up the DagBag from /opt/airflow/dags/forecast_logging_dag.py
[2026-08-29T22:29:33.529+0000] {processor.py:840} INFO - DAG(s) 'forecast_logging' retrieved from /opt/airflow/dags/forecast_logging_dag.py
[2026-08-29T22:29:33.600+0000] {logging_mixin.py:188} INFO - [2026-08-29T22:29:33.599+0000] {dag.py:3089} INFO - Sync 1 DAGs
[2026-08-29T22:29:33.641+0000] {logging_mixin.py:188} INFO - [2026-08-29T22:29:33.640+0000] {dag.py:3947} INFO - Setting next_dagrun for forecast_logging to 2026-08-29 00:00:00+00:00, run_after=2026-08-30 00:00:00+00:00
[2026-08-29T22:29:33.685+0000] {processor.py:183} INFO - Processing /opt/airflow/dags/forecast_logging_dag.py took 4.891 seconds
[2026-08-29T22:30:04.862+0000] {processor.py:161} INFO - Started process (PID=5141) to work on /opt/airflow/dags/forecast_logging_dag.py
[2026-08-29T22:30:04.864+0000] {processor.py:830} INFO - Processing file /opt/airflow/dags/forecast_logging_dag.py for tasks to queue
[2026-08-29T22:30:04.867+0000] {logging_mixin.py:188} INFO - [2026-08-29T22:30:04.866+0000] {dagbag.py:545} INFO - Filling up the DagBag from /opt/airflow/dags/forecast_logging_dag.py
[2026-08-29T22:30:08.796+0000] {processor.py:840} INFO - DAG(s) 'forecast_logging' retrieved from /opt/airflow/dags/forecast_logging_dag.py
[2026-08-29T22:30:08.856+0000] {logging_mixin.py:188} INFO - [2026-08-29T22:30:08.855+0000] {dag.py:3089} INFO - Sync 1 DAGs
[2026-08-29T22:30:09.128+0000] {logging_mixin.py:188} INFO - [2026-08-29T22:30:09.127+0000] {dag.py:3947} INFO - Setting next_dagrun for forecast_logging to 2026-08-29 00:00:00+00:00, run_after=2026-08-30 00:00:00+00:00
[2026-08-29T22:30:09.161+0000] {processor.py:183} INFO - Processing /opt/airflow/dags/forecast_logging_dag.py took 4.317 seconds
[2026-08-29T22:30:40.073+0000] {processor.py:161} INFO - Started process (PID=5177) to work on /opt/airflow/dags/forecast_logging_dag.py
[2026-08-29T22:30:40.075+0000] {processor.py:830} INFO - Processing file /opt/airflow/dags/forecast_logging_dag.py for tasks to queue
[2026-08-29T22:30:40.078+0000] {logging_mixin.py:188} INFO - [2026-08-29T22:30:40.077+0000] {dagbag.py:545} INFO - Filling up the DagBag from /opt/airflow/dags/forecast_logging_dag.py
[2026-08-29T22:30:44.006+0000] {processor.py:840} INFO - DAG(s) 'forecast_logging' retrieved from /opt/airflow/dags/forecast_logging_dag.py
[2026-08-29T22:30:44.058+0000] {logging_mixin.py:188} INFO - [2026-08-29T22:30:44.057+0000] {dag.py:3089} INFO - Sync 1 DAGs
[2026-08-29T22:30:44.318+0000] {logging_mixin.py:188} INFO - [2026-08-29T22:30:44.318+0000] {dag.py:3947} INFO - Setting next_dagrun for forecast_logging to 2026-08-29 00:00:00+00:00, run_after=2026-08-30 00:00:00+00:00
[2026-08-29T22:30:44.353+0000] {processor.py:183} INFO - Processing /opt/airflow/dags/forecast_logging_dag.py took 4.296 seconds
[2026-08-29T22:31:15.112+0000] {processor.py:161} INFO - Started process (PID=5207) to work on /opt/airflow/dags/forecast_logging_dag.py
[2026-08-29T22:31:15.114+0000] {processor.py:830} INFO - Processing file /opt/airflow/dags/forecast_logging_dag.py for tasks to queue
[2026-08-29T22:31:15.117+0000] {logging_mixin.py:188} INFO - [2026-08-29T22:31:15.116+0000] {dagbag.py:545} INFO - Filling up the DagBag from /opt/airflow/dags/forecast_logging_dag.py
[2026-08-29T22:31:17.510+0000] {processor.py:840} INFO - DAG(s) 'forecast_logging' retrieved from /opt/airflow/dags/forecast_logging_dag.py
[2026-08-29T22:31:17.817+0000] {logging_mixin.py:188} INFO - [2026-08-29T22:31:17.817+0000] {dag.py:3089} INFO - Sync 1 DAGs
[2026-08-29T22:31:17.861+0000] {logging_mixin.py:188} INFO - [2026-08-29T22:31:17.859+0000] {dag.py:3947} INFO - Setting next_dagrun for forecast_logging to 2026-08-29 00:00:00+00:00, run_after=2026-08-30 00:00:00+00:00
[2026-08-29T22:31:17.901+0000] {processor.py:183} INFO - Processing /opt/airflow/dags/forecast_logging_dag.py took 4.776 seconds
[2026-08-29T22:31:48.405+0000] {processor.py:161} INFO - Started process (PID=5243) to work on /opt/airflow/dags/forecast_logging_dag.py
[2026-08-29T22:31:48.407+0000] {processor.py:830} INFO - Processing file /opt/airflow/dags/forecast_logging_dag.py for tasks to queue
[2026-08-29T22:31:48.410+0000] {logging_mixin.py:188} INFO - [2026-08-29T22:31:48.409+0000] {dagbag.py:545} INFO - Filling up the DagBag from /opt/airflow/dags/forecast_logging_dag.py
[2026-08-29T22:31:53.105+0000] {processor.py:840} INFO - DAG(s) 'forecast_logging' retrieved from /opt/airflow/dags/forecast_logging_dag.py
[2026-08-29T22:31:53.226+0000] {logging_mixin.py:188} INFO - [2026-08-29T22:31:53.226+0000] {dag.py:3089} INFO - Sync 1 DAGs
[2026-08-29T22:31:53.265+0000] {logging_mixin.py:188} INFO - [2026-08-29T22:31:53.264+0000] {dag.py:3947} INFO - Setting next_dagrun for forecast_logging to 2026-08-29 00:00:00+00:00, run_after=2026-08-30 00:00:00+00:00
[2026-08-29T22:31:53.306+0000] {processor.py:183} INFO - Processing /opt/airflow/dags/forecast_logging_dag.py took 4.933 seconds
