[2026-08-29T16:55:46.989+0000] {processor.py:161} INFO - Started process (PID=168) to work on /opt/airflow/dags/training_pipeline_dag.py
[2026-08-29T16:55:47.013+0000] {processor.py:830} INFO - Processing file /opt/airflow/dags/training_pipeline_dag.py for tasks to queue
[2026-08-29T16:55:47.024+0000] {logging_mixin.py:188} INFO - [2026-08-29T16:55:47.022+0000] {dagbag.py:545} INFO - Filling up the DagBag from /opt/airflow/dags/training_pipeline_dag.py
[2026-08-29T16:55:59.418+0000] {processor.py:840} INFO - DAG(s) 'training_pipeline' retrieved from /opt/airflow/dags/training_pipeline_dag.py
[2026-08-29T16:56:00.718+0000] {logging_mixin.py:188} INFO - [2026-08-29T16:56:00.717+0000] {dag.py:3089} INFO - Sync 1 DAGs
[2026-08-29T16:56:01.145+0000] {logging_mixin.py:188} INFO - [2026-08-29T16:56:01.145+0000] {dag.py:3947} INFO - Setting next_dagrun for training_pipeline to 2026-08-28 00:00:00+00:00, run_after=2026-08-29 00:00:00+00:00
[2026-08-29T16:56:01.295+0000] {processor.py:183} INFO - Processing /opt/airflow/dags/training_pipeline_dag.py took 14.374 seconds
[2026-08-29T16:56:32.578+0000] {processor.py:161} INFO - Started process (PID=227) to work on /opt/airflow/dags/training_pipeline_dag.py
[2026-08-29T16:56:32.601+0000] {processor.py:830} INFO - Processing file /opt/airflow/dags/training_pipeline_dag.py for tasks to queue
[2026-08-29T16:56:33.203+0000] {logging_mixin.py:188} INFO - [2026-08-29T16:56:33.152+0000] {dagbag.py:545} INFO - Filling up the DagBag from /opt/airflow/dags/training_pipeline_dag.py
[2026-08-29T16:57:04.510+0000] {logging_mixin.py:188} INFO - [2026-08-29T16:57:04.509+0000] {timeout.py:68} ERROR - Process timed out, PID: 227
[2026-08-29T16:58:09.896+0000] {processor.py:161} INFO - Started process (PID=252) to work on /opt/airflow/dags/training_pipeline_dag.py
[2026-08-29T16:58:10.045+0000] {processor.py:830} INFO - Processing file /opt/airflow/dags/training_pipeline_dag.py for tasks to queue
[2026-08-29T16:58:10.745+0000] {logging_mixin.py:188} INFO - [2026-08-29T16:58:10.423+0000] {dagbag.py:545} INFO - Filling up the DagBag from /opt/airflow/dags/training_pipeline_dag.py
[2026-08-29T16:59:09.509+0000] {processor.py:161} INFO - Started process (PID=275) to work on /opt/airflow/dags/training_pipeline_dag.py
[2026-08-29T16:59:09.659+0000] {processor.py:830} INFO - Processing file /opt/airflow/dags/training_pipeline_dag.py for tasks to queue
[2026-08-29T16:59:09.907+0000] {logging_mixin.py:188} INFO - [2026-08-29T16:59:09.818+0000] {dagbag.py:545} INFO - Filling up the DagBag from /opt/airflow/dags/training_pipeline_dag.py
[2026-08-29T17:01:49.319+0000] {logging_mixin.py:188} INFO - [2026-08-29T17:01:02.046+0000] {timeout.py:68} ERROR - Process timed out, PID: 275
[2026-08-29T17:02:41.144+0000] {processor.py:161} INFO - Started process (PID=287) to work on /opt/airflow/dags/training_pipeline_dag.py
[2026-08-29T17:02:41.156+0000] {processor.py:830} INFO - Processing file /opt/airflow/dags/training_pipeline_dag.py for tasks to queue
[2026-08-29T17:02:41.166+0000] {logging_mixin.py:188} INFO - [2026-08-29T17:02:41.163+0000] {dagbag.py:545} INFO - Filling up the DagBag from /opt/airflow/dags/training_pipeline_dag.py
[2026-08-29T17:16:43.253+0000] {processor.py:161} INFO - Started process (PID=299) to work on /opt/airflow/dags/training_pipeline_dag.py
[2026-08-29T17:16:43.887+0000] {processor.py:830} INFO - Processing file /opt/airflow/dags/training_pipeline_dag.py for tasks to queue
[2026-08-29T17:16:45.223+0000] {logging_mixin.py:188} INFO - [2026-08-29T17:16:44.676+0000] {dagbag.py:545} INFO - Filling up the DagBag from /opt/airflow/dags/training_pipeline_dag.py
[2026-08-29T17:17:20.536+0000] {logging_mixin.py:188} INFO - [2026-08-29T17:17:20.534+0000] {timeout.py:68} ERROR - Process timed out, PID: 299
[2026-08-29T17:17:59.801+0000] {processor.py:161} INFO - Started process (PID=345) to work on /opt/airflow/dags/training_pipeline_dag.py
[2026-08-29T17:17:59.993+0000] {processor.py:830} INFO - Processing file /opt/airflow/dags/training_pipeline_dag.py for tasks to queue
[2026-08-29T17:18:00.118+0000] {logging_mixin.py:188} INFO - [2026-08-29T17:18:00.063+0000] {dagbag.py:545} INFO - Filling up the DagBag from /opt/airflow/dags/training_pipeline_dag.py
[2026-08-29T17:18:05.153+0000] {processor.py:840} INFO - DAG(s) 'training_pipeline' retrieved from /opt/airflow/dags/training_pipeline_dag.py
[2026-08-29T17:18:05.421+0000] {logging_mixin.py:188} INFO - [2026-08-29T17:18:05.420+0000] {dag.py:3089} INFO - Sync 1 DAGs
[2026-08-29T17:18:05.466+0000] {logging_mixin.py:188} INFO - [2026-08-29T17:18:05.465+0000] {dag.py:3947} INFO - Setting next_dagrun for training_pipeline to 2026-08-29 00:00:00+00:00, run_after=2026-08-30 00:00:00+00:00
[2026-08-29T17:18:05.527+0000] {processor.py:183} INFO - Processing /opt/airflow/dags/training_pipeline_dag.py took 10.537 seconds
[2026-08-29T17:18:36.752+0000] {processor.py:161} INFO - Started process (PID=425) to work on /opt/airflow/dags/training_pipeline_dag.py
[2026-08-29T17:18:36.789+0000] {processor.py:830} INFO - Processing file /opt/airflow/dags/training_pipeline_dag.py for tasks to queue
[2026-08-29T17:18:36.816+0000] {logging_mixin.py:188} INFO - [2026-08-29T17:18:36.805+0000] {dagbag.py:545} INFO - Filling up the DagBag from /opt/airflow/dags/training_pipeline_dag.py
[2026-08-29T17:18:51.716+0000] {processor.py:840} INFO - DAG(s) 'training_pipeline' retrieved from /opt/airflow/dags/training_pipeline_dag.py
[2026-08-29T17:18:51.820+0000] {logging_mixin.py:188} INFO - [2026-08-29T17:18:51.819+0000] {dag.py:3089} INFO - Sync 1 DAGs
[2026-08-29T17:18:51.861+0000] {logging_mixin.py:188} INFO - [2026-08-29T17:18:51.860+0000] {dag.py:3947} INFO - Setting next_dagrun for training_pipeline to 2026-08-29 00:00:00+00:00, run_after=2026-08-30 00:00:00+00:00
[2026-08-29T17:18:51.932+0000] {processor.py:183} INFO - Processing /opt/airflow/dags/training_pipeline_dag.py took 15.491 seconds
[2026-08-29T17:19:22.333+0000] {processor.py:161} INFO - Started process (PID=455) to work on /opt/airflow/dags/training_pipeline_dag.py
[2026-08-29T17:19:22.336+0000] {processor.py:830} INFO - Processing file /opt/airflow/dags/training_pipeline_dag.py for tasks to queue
[2026-08-29T17:19:22.338+0000] {logging_mixin.py:188} INFO - [2026-08-29T17:19:22.337+0000] {dagbag.py:545} INFO - Filling up the DagBag from /opt/airflow/dags/training_pipeline_dag.py
[2026-08-29T17:19:24.648+0000] {processor.py:840} INFO - DAG(s) 'training_pipeline' retrieved from /opt/airflow/dags/training_pipeline_dag.py
[2026-08-29T17:19:24.785+0000] {logging_mixin.py:188} INFO - [2026-08-29T17:19:24.784+0000] {dag.py:3089} INFO - Sync 1 DAGs
[2026-08-29T17:19:24.895+0000] {logging_mixin.py:188} INFO - [2026-08-29T17:19:24.894+0000] {dag.py:3947} INFO - Setting next_dagrun for training_pipeline to 2026-08-29 00:00:00+00:00, run_after=2026-08-30 00:00:00+00:00
[2026-08-29T17:19:24.953+0000] {processor.py:183} INFO - Processing /opt/airflow/dags/training_pipeline_dag.py took 2.636 seconds
[2026-08-29T17:19:55.627+0000] {processor.py:161} INFO - Started process (PID=485) to work on /opt/airflow/dags/training_pipeline_dag.py
[2026-08-29T17:19:55.630+0000] {processor.py:830} INFO - Processing file /opt/airflow/dags/training_pipeline_dag.py for tasks to queue
[2026-08-29T17:19:55.633+0000] {logging_mixin.py:188} INFO - [2026-08-29T17:19:55.632+0000] {dagbag.py:545} INFO - Filling up the DagBag from /opt/airflow/dags/training_pipeline_dag.py
[2026-08-29T17:19:57.483+0000] {processor.py:840} INFO - DAG(s) 'training_pipeline' retrieved from /opt/airflow/dags/training_pipeline_dag.py
[2026-08-29T17:19:57.537+0000] {logging_mixin.py:188} INFO - [2026-08-29T17:19:57.536+0000] {dag.py:3089} INFO - Sync 1 DAGs
[2026-08-29T17:19:57.578+0000] {logging_mixin.py:188} INFO - [2026-08-29T17:19:57.578+0000] {dag.py:3947} INFO - Setting next_dagrun for training_pipeline to 2026-08-29 00:00:00+00:00, run_after=2026-08-30 00:00:00+00:00
[2026-08-29T17:19:57.616+0000] {processor.py:183} INFO - Processing /opt/airflow/dags/training_pipeline_dag.py took 2.005 seconds
[2026-08-29T17:20:27.820+0000] {processor.py:161} INFO - Started process (PID=515) to work on /opt/airflow/dags/training_pipeline_dag.py
[2026-08-29T17:20:27.823+0000] {processor.py:830} INFO - Processing file /opt/airflow/dags/training_pipeline_dag.py for tasks to queue
[2026-08-29T17:20:27.826+0000] {logging_mixin.py:188} INFO - [2026-08-29T17:20:27.825+0000] {dagbag.py:545} INFO - Filling up the DagBag from /opt/airflow/dags/training_pipeline_dag.py
[2026-08-29T17:20:32.435+0000] {processor.py:840} INFO - DAG(s) 'training_pipeline' retrieved from /opt/airflow/dags/training_pipeline_dag.py
[2026-08-29T17:20:32.497+0000] {logging_mixin.py:188} INFO - [2026-08-29T17:20:32.496+0000] {dag.py:3089} INFO - Sync 1 DAGs
[2026-08-29T17:20:32.556+0000] {logging_mixin.py:188} INFO - [2026-08-29T17:20:32.555+0000] {dag.py:3947} INFO - Setting next_dagrun for training_pipeline to 2026-08-29 00:00:00+00:00, run_after=2026-08-30 00:00:00+00:00
[2026-08-29T17:20:32.605+0000] {processor.py:183} INFO - Processing /opt/airflow/dags/training_pipeline_dag.py took 4.805 seconds
[2026-08-29T17:31:28.021+0000] {processor.py:161} INFO - Started process (PID=545) to work on /opt/airflow/dags/training_pipeline_dag.py
[2026-08-29T17:31:28.023+0000] {processor.py:830} INFO - Processing file /opt/airflow/dags/training_pipeline_dag.py for tasks to queue
[2026-08-29T17:31:28.025+0000] {logging_mixin.py:188} INFO - [2026-08-29T17:31:28.024+0000] {dagbag.py:545} INFO - Filling up the DagBag from /opt/airflow/dags/training_pipeline_dag.py
[2026-08-29T17:31:29.985+0000] {processor.py:840} INFO - DAG(s) 'training_pipeline' retrieved from /opt/airflow/dags/training_pipeline_dag.py
[2026-08-29T17:31:30.048+0000] {logging_mixin.py:188} INFO - [2026-08-29T17:31:30.047+0000] {dag.py:3089} INFO - Sync 1 DAGs
[2026-08-29T17:31:30.084+0000] {logging_mixin.py:188} INFO - [2026-08-29T17:31:30.084+0000] {dag.py:3947} INFO - Setting next_dagrun for training_pipeline to 2026-08-29 00:00:00+00:00, run_after=2026-08-30 00:00:00+00:00
[2026-08-29T17:31:30.772+0000] {processor.py:183} INFO - Processing /opt/airflow/dags/training_pipeline_dag.py took 2.767 seconds
[2026-08-29T17:31:33.896+0000] {processor.py:161} INFO - Started process (PID=573) to work on /opt/airflow/dags/training_pipeline_dag.py
[2026-08-29T17:31:33.899+0000] {processor.py:830} INFO - Processing file /opt/airflow/dags/training_pipeline_dag.py for tasks to queue
[2026-08-29T17:31:33.902+0000] {logging_mixin.py:188} INFO - [2026-08-29T17:31:33.901+0000] {dagbag.py:545} INFO - Filling up the DagBag from /opt/airflow/dags/training_pipeline_dag.py
[2026-08-29T17:31:36.552+0000] {processor.py:840} INFO - DAG(s) 'training_pipeline' retrieved from /opt/airflow/dags/training_pipeline_dag.py
[2026-08-29T17:31:36.635+0000] {logging_mixin.py:188} INFO - [2026-08-29T17:31:36.634+0000] {taskinstance.py:2907} ERROR - {'DAG Id': 'training_pipeline', 'Task Id': 'train_and_register', 'Run Id': 'scheduled__2026-08-28T00:00:00+00:00', 'Hostname': '7b0f76ea354d'}
[2026-08-29T17:31:36.852+0000] {logging_mixin.py:188} INFO - [2026-08-29T17:31:36.851+0000] {taskinstance.py:1206} INFO - Marking task as FAILED. dag_id=training_pipeline, task_id=train_and_register, run_id=scheduled__2026-08-28T00:00:00+00:00, execution_date=20260828T000000, start_date=20260829T171812, end_date=20260829T173136
[2026-08-29T17:31:37.515+0000] {processor.py:791} INFO - Executed failure callback for <TaskInstance: training_pipeline.train_and_register scheduled__2026-08-28T00:00:00+00:00 [failed]> in state failed
[2026-08-29T17:31:37.746+0000] {logging_mixin.py:188} INFO - [2026-08-29T17:31:37.745+0000] {dag.py:3089} INFO - Sync 1 DAGs
[2026-08-29T17:31:37.771+0000] {logging_mixin.py:188} INFO - [2026-08-29T17:31:37.771+0000] {dag.py:3947} INFO - Setting next_dagrun for training_pipeline to 2026-08-29 00:00:00+00:00, run_after=2026-08-30 00:00:00+00:00
[2026-08-29T17:31:37.896+0000] {processor.py:183} INFO - Processing /opt/airflow/dags/training_pipeline_dag.py took 4.019 seconds
[2026-08-29T17:32:14.090+0000] {processor.py:161} INFO - Started process (PID=603) to work on /opt/airflow/dags/training_pipeline_dag.py
[2026-08-29T17:32:14.098+0000] {processor.py:830} INFO - Processing file /opt/airflow/dags/training_pipeline_dag.py for tasks to queue
[2026-08-29T17:32:14.100+0000] {logging_mixin.py:188} INFO - [2026-08-29T17:32:14.099+0000] {dagbag.py:545} INFO - Filling up the DagBag from /opt/airflow/dags/training_pipeline_dag.py
[2026-08-29T17:32:17.541+0000] {processor.py:840} INFO - DAG(s) 'training_pipeline' retrieved from /opt/airflow/dags/training_pipeline_dag.py
[2026-08-29T17:32:17.638+0000] {logging_mixin.py:188} INFO - [2026-08-29T17:32:17.638+0000] {dag.py:3089} INFO - Sync 1 DAGs
[2026-08-29T17:32:17.663+0000] {logging_mixin.py:188} INFO - [2026-08-29T17:32:17.663+0000] {dag.py:3947} INFO - Setting next_dagrun for training_pipeline to 2026-08-29 00:00:00+00:00, run_after=2026-08-30 00:00:00+00:00
[2026-08-29T17:32:17.728+0000] {processor.py:183} INFO - Processing /opt/airflow/dags/training_pipeline_dag.py took 3.670 seconds
[2026-08-29T17:33:10.591+0000] {processor.py:161} INFO - Started process (PID=622) to work on /opt/airflow/dags/training_pipeline_dag.py
[2026-08-29T17:33:10.607+0000] {processor.py:830} INFO - Processing file /opt/airflow/dags/training_pipeline_dag.py for tasks to queue
[2026-08-29T17:33:10.610+0000] {logging_mixin.py:188} INFO - [2026-08-29T17:33:10.609+0000] {dagbag.py:545} INFO - Filling up the DagBag from /opt/airflow/dags/training_pipeline_dag.py
[2026-08-29T17:33:12.929+0000] {processor.py:840} INFO - DAG(s) 'training_pipeline' retrieved from /opt/airflow/dags/training_pipeline_dag.py
[2026-08-29T17:33:13.062+0000] {logging_mixin.py:188} INFO - [2026-08-29T17:33:13.061+0000] {dag.py:3089} INFO - Sync 1 DAGs
[2026-08-29T17:33:13.108+0000] {logging_mixin.py:188} INFO - [2026-08-29T17:33:13.107+0000] {dag.py:3947} INFO - Setting next_dagrun for training_pipeline to 2026-08-29 00:00:00+00:00, run_after=2026-08-30 00:00:00+00:00
[2026-08-29T17:33:13.163+0000] {processor.py:183} INFO - Processing /opt/airflow/dags/training_pipeline_dag.py took 2.590 seconds
[2026-08-29T17:33:44.009+0000] {processor.py:161} INFO - Started process (PID=678) to work on /opt/airflow/dags/training_pipeline_dag.py
[2026-08-29T17:33:44.012+0000] {processor.py:830} INFO - Processing file /opt/airflow/dags/training_pipeline_dag.py for tasks to queue
[2026-08-29T17:33:44.014+0000] {logging_mixin.py:188} INFO - [2026-08-29T17:33:44.013+0000] {dagbag.py:545} INFO - Filling up the DagBag from /opt/airflow/dags/training_pipeline_dag.py
[2026-08-29T17:33:45.892+0000] {processor.py:840} INFO - DAG(s) 'training_pipeline' retrieved from /opt/airflow/dags/training_pipeline_dag.py
[2026-08-29T17:33:45.946+0000] {logging_mixin.py:188} INFO - [2026-08-29T17:33:45.946+0000] {dag.py:3089} INFO - Sync 1 DAGs
[2026-08-29T17:33:45.989+0000] {logging_mixin.py:188} INFO - [2026-08-29T17:33:45.989+0000] {dag.py:3947} INFO - Setting next_dagrun for training_pipeline to 2026-08-29 00:00:00+00:00, run_after=2026-08-30 00:00:00+00:00
[2026-08-29T17:33:46.032+0000] {processor.py:183} INFO - Processing /opt/airflow/dags/training_pipeline_dag.py took 2.039 seconds
[2026-08-29T17:34:16.671+0000] {processor.py:161} INFO - Started process (PID=726) to work on /opt/airflow/dags/training_pipeline_dag.py
[2026-08-29T17:34:16.674+0000] {processor.py:830} INFO - Processing file /opt/airflow/dags/training_pipeline_dag.py for tasks to queue
[2026-08-29T17:34:16.677+0000] {logging_mixin.py:188} INFO - [2026-08-29T17:34:16.676+0000] {dagbag.py:545} INFO - Filling up the DagBag from /opt/airflow/dags/training_pipeline_dag.py
[2026-08-29T17:34:18.460+0000] {processor.py:840} INFO - DAG(s) 'training_pipeline' retrieved from /opt/airflow/dags/training_pipeline_dag.py
[2026-08-29T17:34:18.506+0000] {logging_mixin.py:188} INFO - [2026-08-29T17:34:18.505+0000] {dag.py:3089} INFO - Sync 1 DAGs
[2026-08-29T17:34:18.539+0000] {logging_mixin.py:188} INFO - [2026-08-29T17:34:18.538+0000] {dag.py:3947} INFO - Setting next_dagrun for training_pipeline to 2026-08-29 00:00:00+00:00, run_after=2026-08-30 00:00:00+00:00
[2026-08-29T17:34:18.574+0000] {processor.py:183} INFO - Processing /opt/airflow/dags/training_pipeline_dag.py took 1.918 seconds
[2026-08-29T17:34:48.844+0000] {processor.py:161} INFO - Started process (PID=754) to work on /opt/airflow/dags/training_pipeline_dag.py
[2026-08-29T17:34:48.846+0000] {processor.py:830} INFO - Processing file /opt/airflow/dags/training_pipeline_dag.py for tasks to queue
[2026-08-29T17:34:48.849+0000] {logging_mixin.py:188} INFO - [2026-08-29T17:34:48.848+0000] {dagbag.py:545} INFO - Filling up the DagBag from /opt/airflow/dags/training_pipeline_dag.py
[2026-08-29T17:34:49.028+0000] {processor.py:840} INFO - DAG(s) 'training_pipeline' retrieved from /opt/airflow/dags/training_pipeline_dag.py
[2026-08-29T17:34:49.086+0000] {logging_mixin.py:188} INFO - [2026-08-29T17:34:49.085+0000] {dag.py:3089} INFO - Sync 1 DAGs
[2026-08-29T17:34:49.122+0000] {logging_mixin.py:188} INFO - [2026-08-29T17:34:49.122+0000] {dag.py:3947} INFO - Setting next_dagrun for training_pipeline to 2026-08-29 00:00:00+00:00, run_after=2026-08-30 00:00:00+00:00
[2026-08-29T17:34:49.167+0000] {processor.py:183} INFO - Processing /opt/airflow/dags/training_pipeline_dag.py took 2.295 seconds
[2026-08-29T17:35:19.502+0000] {processor.py:161} INFO - Started process (PID=780) to work on /opt/airflow/dags/training_pipeline_dag.py
[2026-08-29T17:35:19.505+0000] {processor.py:830} INFO - Processing file /opt/airflow/dags/training_pipeline_dag.py for tasks to queue
[2026-08-29T17:35:19.507+0000] {logging_mixin.py:188} INFO - [2026-08-29T17:35:19.507+0000] {dagbag.py:545} INFO - Filling up the DagBag from /opt/airflow/dags/training_pipeline_dag.py
[2026-08-29T17:35:21.222+0000] {processor.py:840} INFO - DAG(s) 'training_pipeline' retrieved from /opt/airflow/dags/training_pipeline_dag.py
[2026-08-29T17:35:21.282+0000] {logging_mixin.py:188} INFO - [2026-08-29T17:35:21.281+0000] {dag.py:3089} INFO - Sync 1 DAGs
[2026-08-29T17:35:21.317+0000] {logging_mixin.py:188} INFO - [2026-08-29T17:35:21.316+0000] {dag.py:3947} INFO - Setting next_dagrun for training_pipeline to 2026-08-29 00:00:00+00:00, run_after=2026-08-30 00:00:00+00:00
[2026-08-29T17:35:21.348+0000] {processor.py:183} INFO - Processing /opt/airflow/dags/training_pipeline_dag.py took 1.864 seconds
[2026-08-29T17:35:52.048+0000] {processor.py:161} INFO - Started process (PID=810) to work on /opt/airflow/dags/training_pipeline_dag.py
[2026-08-29T17:35:52.053+0000] {processor.py:830} INFO - Processing file /opt/airflow/dags/training_pipeline_dag.py for tasks to queue
[2026-08-29T17:35:52.057+0000] {logging_mixin.py:188} INFO - [2026-08-29T17:35:52.055+0000] {dagbag.py:545} INFO - Filling up the DagBag from /opt/airflow/dags/training_pipeline_dag.py
[2026-08-29T17:35:53.961+0000] {processor.py:840} INFO - DAG(s) 'training_pipeline' retrieved from /opt/airflow/dags/training_pipeline_dag.py
[2026-08-29T17:35:54.022+0000] {logging_mixin.py:188} INFO - [2026-08-29T17:35:54.021+0000] {dag.py:3089} INFO - Sync 1 DAGs
[2026-08-29T17:35:54.062+0000] {logging_mixin.py:188} INFO - [2026-08-29T17:35:54.062+0000] {dag.py:3947} INFO - Setting next_dagrun for training_pipeline to 2026-08-29 00:00:00+00:00, run_after=2026-08-30 00:00:00+00:00
[2026-08-29T17:35:54.097+0000] {processor.py:183} INFO - Processing /opt/airflow/dags/training_pipeline_dag.py took 2.083 seconds
[2026-08-29T17:36:24.483+0000] {processor.py:161} INFO - Started process (PID=840) to work on /opt/airflow/dags/training_pipeline_dag.py
[2026-08-29T17:36:24.486+0000] {processor.py:830} INFO - Processing file /opt/airflow/dags/training_pipeline_dag.py for tasks to queue
[2026-08-29T17:36:24.489+0000] {logging_mixin.py:188} INFO - [2026-08-29T17:36:24.488+0000] {dagbag.py:545} INFO - Filling up the DagBag from /opt/airflow/dags/training_pipeline_dag.py
[2026-08-29T17:36:26.284+0000] {processor.py:840} INFO - DAG(s) 'training_pipeline' retrieved from /opt/airflow/dags/training_pipeline_dag.py
[2026-08-29T17:36:26.342+0000] {logging_mixin.py:188} INFO - [2026-08-29T17:36:26.341+0000] {dag.py:3089} INFO - Sync 1 DAGs
[2026-08-29T17:36:26.379+0000] {logging_mixin.py:188} INFO - [2026-08-29T17:36:26.378+0000] {dag.py:3947} INFO - Setting next_dagrun for training_pipeline to 2026-08-29 00:00:00+00:00, run_after=2026-08-30 00:00:00+00:00
[2026-08-29T17:36:26.413+0000] {processor.py:183} INFO - Processing /opt/airflow/dags/training_pipeline_dag.py took 1.947 seconds
[2026-08-29T17:36:57.472+0000] {processor.py:161} INFO - Started process (PID=870) to work on /opt/airflow/dags/training_pipeline_dag.py
[2026-08-29T17:36:57.474+0000] {processor.py:830} INFO - Processing file /opt/airflow/dags/training_pipeline_dag.py for tasks to queue
[2026-08-29T17:36:57.477+0000] {logging_mixin.py:188} INFO - [2026-08-29T17:36:57.476+0000] {dagbag.py:545} INFO - Filling up the DagBag from /opt/airflow/dags/training_pipeline_dag.py
[2026-08-29T17:36:59.449+0000] {processor.py:840} INFO - DAG(s) 'training_pipeline' retrieved from /opt/airflow/dags/training_pipeline_dag.py
[2026-08-29T17:36:59.501+0000] {logging_mixin.py:188} INFO - [2026-08-29T17:36:59.500+0000] {dag.py:3089} INFO - Sync 1 DAGs
[2026-08-29T17:36:59.543+0000] {logging_mixin.py:188} INFO - [2026-08-29T17:36:59.542+0000] {dag.py:3947} INFO - Setting next_dagrun for training_pipeline to 2026-08-29 00:00:00+00:00, run_after=2026-08-30 00:00:00+00:00
[2026-08-29T17:36:59.581+0000] {processor.py:183} INFO - Processing /opt/airflow/dags/training_pipeline_dag.py took 2.126 seconds
[2026-08-29T17:37:30.370+0000] {processor.py:161} INFO - Started process (PID=900) to work on /opt/airflow/dags/training_pipeline_dag.py
[2026-08-29T17:37:30.373+0000] {processor.py:830} INFO - Processing file /opt/airflow/dags/training_pipeline_dag.py for tasks to queue
[2026-08-29T17:37:30.375+0000] {logging_mixin.py:188} INFO - [2026-08-29T17:37:30.374+0000] {dagbag.py:545} INFO - Filling up the DagBag from /opt/airflow/dags/training_pipeline_dag.py
[2026-08-29T17:37:32.225+0000] {processor.py:840} INFO - DAG(s) 'training_pipeline' retrieved from /opt/airflow/dags/training_pipeline_dag.py
[2026-08-29T17:37:32.285+0000] {logging_mixin.py:188} INFO - [2026-08-29T17:37:32.284+0000] {dag.py:3089} INFO - Sync 1 DAGs
[2026-08-29T17:37:32.325+0000] {logging_mixin.py:188} INFO - [2026-08-29T17:37:32.324+0000] {dag.py:3947} INFO - Setting next_dagrun for training_pipeline to 2026-08-29 00:00:00+00:00, run_after=2026-08-30 00:00:00+00:00
[2026-08-29T17:37:32.357+0000] {processor.py:183} INFO - Processing /opt/airflow/dags/training_pipeline_dag.py took 2.005 seconds
[2026-08-29T17:38:03.491+0000] {processor.py:161} INFO - Started process (PID=930) to work on /opt/airflow/dags/training_pipeline_dag.py
[2026-08-29T17:38:03.494+0000] {processor.py:830} INFO - Processing file /opt/airflow/dags/training_pipeline_dag.py for tasks to queue
[2026-08-29T17:38:03.497+0000] {logging_mixin.py:188} INFO - [2026-08-29T17:38:03.495+0000] {dagbag.py:545} INFO - Filling up the DagBag from /opt/airflow/dags/training_pipeline_dag.py
[2026-08-29T17:38:05.740+0000] {processor.py:840} INFO - DAG(s) 'training_pipeline' retrieved from /opt/airflow/dags/training_pipeline_dag.py
[2026-08-29T17:38:03.326+0000] {logging_mixin.py:188} INFO - [2026-08-29T17:38:03.325+0000] {dag.py:3089} INFO - Sync 1 DAGs
[2026-08-29T17:38:03.369+0000] {logging_mixin.py:188} INFO - [2026-08-29T17:38:03.369+0000] {dag.py:3947} INFO - Setting next_dagrun for training_pipeline to 2026-08-29 00:00:00+00:00, run_after=2026-08-30 00:00:00+00:00
[2026-08-29T17:38:03.409+0000] {processor.py:183} INFO - Processing /opt/airflow/dags/training_pipeline_dag.py took 2.112 seconds
[2026-08-29T17:38:33.797+0000] {processor.py:161} INFO - Started process (PID=960) to work on /opt/airflow/dags/training_pipeline_dag.py
[2026-08-29T17:38:33.800+0000] {processor.py:830} INFO - Processing file /opt/airflow/dags/training_pipeline_dag.py for tasks to queue
[2026-08-29T17:38:33.802+0000] {logging_mixin.py:188} INFO - [2026-08-29T17:38:33.802+0000] {dagbag.py:545} INFO - Filling up the DagBag from /opt/airflow/dags/training_pipeline_dag.py
[2026-08-29T17:38:35.663+0000] {processor.py:840} INFO - DAG(s) 'training_pipeline' retrieved from /opt/airflow/dags/training_pipeline_dag.py
[2026-08-29T17:38:35.710+0000] {logging_mixin.py:188} INFO - [2026-08-29T17:38:35.709+0000] {dag.py:3089} INFO - Sync 1 DAGs
[2026-08-29T17:38:35.743+0000] {logging_mixin.py:188} INFO - [2026-08-29T17:38:35.742+0000] {dag.py:3947} INFO - Setting next_dagrun for training_pipeline to 2026-08-29 00:00:00+00:00, run_after=2026-08-30 00:00:00+00:00
[2026-08-29T17:38:35.779+0000] {processor.py:183} INFO - Processing /opt/airflow/dags/training_pipeline_dag.py took 1.998 seconds
[2026-08-29T17:39:06.442+0000] {processor.py:161} INFO - Started process (PID=990) to work on /opt/airflow/dags/training_pipeline_dag.py
[2026-08-29T17:39:06.444+0000] {processor.py:830} INFO - Processing file /opt/airflow/dags/training_pipeline_dag.py for tasks to queue
[2026-08-29T17:39:06.447+0000] {logging_mixin.py:188} INFO - [2026-08-29T17:39:06.446+0000] {dagbag.py:545} INFO - Filling up the DagBag from /opt/airflow/dags/training_pipeline_dag.py
[2026-08-29T17:39:08.237+0000] {processor.py:840} INFO - DAG(s) 'training_pipeline' retrieved from /opt/airflow/dags/training_pipeline_dag.py
[2026-08-29T17:39:08.305+0000] {logging_mixin.py:188} INFO - [2026-08-29T17:39:08.304+0000] {dag.py:3089} INFO - Sync 1 DAGs
[2026-08-29T17:39:08.342+0000] {logging_mixin.py:188} INFO - [2026-08-29T17:39:08.342+0000] {dag.py:3947} INFO - Setting next_dagrun for training_pipeline to 2026-08-29 00:00:00+00:00, run_after=2026-08-30 00:00:00+00:00
[2026-08-29T17:39:08.379+0000] {processor.py:183} INFO - Processing /opt/airflow/dags/training_pipeline_dag.py took 1.955 seconds
[2026-08-29T17:39:39.254+0000] {processor.py:161} INFO - Started process (PID=1020) to work on /opt/airflow/dags/training_pipeline_dag.py
[2026-08-29T17:39:39.258+0000] {processor.py:830} INFO - Processing file /opt/airflow/dags/training_pipeline_dag.py for tasks to queue
[2026-08-29T17:39:39.261+0000] {logging_mixin.py:188} INFO - [2026-08-29T17:39:39.260+0000] {dagbag.py:545} INFO - Filling up the DagBag from /opt/airflow/dags/training_pipeline_dag.py
[2026-08-29T17:39:41.305+0000] {processor.py:840} INFO - DAG(s) 'training_pipeline' retrieved from /opt/airflow/dags/training_pipeline_dag.py
[2026-08-29T17:39:41.362+0000] {logging_mixin.py:188} INFO - [2026-08-29T17:39:41.361+0000] {dag.py:3089} INFO - Sync 1 DAGs
[2026-08-29T17:39:41.414+0000] {logging_mixin.py:188} INFO - [2026-08-29T17:39:41.413+0000] {dag.py:3947} INFO - Setting next_dagrun for training_pipeline to 2026-08-29 00:00:00+00:00, run_after=2026-08-30 00:00:00+00:00
[2026-08-29T17:39:41.454+0000] {processor.py:183} INFO - Processing /opt/airflow/dags/training_pipeline_dag.py took 2.222 seconds
[2026-08-29T17:40:12.353+0000] {processor.py:161} INFO - Started process (PID=1050) to work on /opt/airflow/dags/training_pipeline_dag.py
[2026-08-29T17:40:12.356+0000] {processor.py:830} INFO - Processing file /opt/airflow/dags/training_pipeline_dag.py for tasks to queue
[2026-08-29T17:40:12.359+0000] {logging_mixin.py:188} INFO - [2026-08-29T17:40:12.358+0000] {dagbag.py:545} INFO - Filling up the DagBag from /opt/airflow/dags/training_pipeline_dag.py
[2026-08-29T17:40:14.388+0000] {processor.py:840} INFO - DAG(s) 'training_pipeline' retrieved from /opt/airflow/dags/training_pipeline_dag.py
[2026-08-29T17:40:14.448+0000] {logging_mixin.py:188} INFO - [2026-08-29T17:40:14.447+0000] {dag.py:3089} INFO - Sync 1 DAGs
[2026-08-29T17:40:14.495+0000] {logging_mixin.py:188} INFO - [2026-08-29T17:40:14.494+0000] {dag.py:3947} INFO - Setting next_dagrun for training_pipeline to 2026-08-29 00:00:00+00:00, run_after=2026-08-30 00:00:00+00:00
[2026-08-29T17:40:14.541+0000] {processor.py:183} INFO - Processing /opt/airflow/dags/training_pipeline_dag.py took 2.210 seconds
[2026-08-29T17:40:45.228+0000] {processor.py:161} INFO - Started process (PID=1080) to work on /opt/airflow/dags/training_pipeline_dag.py
[2026-08-29T17:40:45.231+0000] {processor.py:830} INFO - Processing file /opt/airflow/dags/training_pipeline_dag.py for tasks to queue
[2026-08-29T17:40:45.234+0000] {logging_mixin.py:188} INFO - [2026-08-29T17:40:45.233+0000] {dagbag.py:545} INFO - Filling up the DagBag from /opt/airflow/dags/training_pipeline_dag.py
[2026-08-29T17:40:47.000+0000] {processor.py:840} INFO - DAG(s) 'training_pipeline' retrieved from /opt/airflow/dags/training_pipeline_dag.py
[2026-08-29T17:40:47.049+0000] {logging_mixin.py:188} INFO - [2026-08-29T17:40:47.048+0000] {dag.py:3089} INFO - Sync 1 DAGs
[2026-08-29T17:40:47.088+0000] {logging_mixin.py:188} INFO - [2026-08-29T17:40:47.088+0000] {dag.py:3947} INFO - Setting next_dagrun for training_pipeline to 2026-08-29 00:00:00+00:00, run_after=2026-08-30 00:00:00+00:00
[2026-08-29T17:40:47.121+0000] {processor.py:183} INFO - Processing /opt/airflow/dags/training_pipeline_dag.py took 1.908 seconds
[2026-08-29T17:41:18.053+0000] {processor.py:161} INFO - Started process (PID=1108) to work on /opt/airflow/dags/training_pipeline_dag.py
[2026-08-29T17:41:18.055+0000] {processor.py:830} INFO - Processing file /opt/airflow/dags/training_pipeline_dag.py for tasks to queue
[2026-08-29T17:41:18.058+0000] {logging_mixin.py:188} INFO - [2026-08-29T17:41:18.057+0000] {dagbag.py:545} INFO - Filling up the DagBag from /opt/airflow/dags/training_pipeline_dag.py
[2026-08-29T17:41:19.887+0000] {processor.py:840} INFO - DAG(s) 'training_pipeline' retrieved from /opt/airflow/dags/training_pipeline_dag.py
[2026-08-29T17:41:19.932+0000] {logging_mixin.py:188} INFO - [2026-08-29T17:41:19.932+0000] {dag.py:3089} INFO - Sync 1 DAGs
[2026-08-29T17:41:19.963+0000] {logging_mixin.py:188} INFO - [2026-08-29T17:41:19.963+0000] {dag.py:3947} INFO - Setting next_dagrun for training_pipeline to 2026-08-29 00:00:00+00:00, run_after=2026-08-30 00:00:00+00:00
[2026-08-29T17:41:19.998+0000] {processor.py:183} INFO - Processing /opt/airflow/dags/training_pipeline_dag.py took 1.769 seconds
[2026-08-29T19:44:04.696+0000] {processor.py:161} INFO - Started process (PID=1122) to work on /opt/airflow/dags/training_pipeline_dag.py
[2026-08-29T19:44:04.698+0000] {processor.py:830} INFO - Processing file /opt/airflow/dags/training_pipeline_dag.py for tasks to queue
[2026-08-29T19:44:04.701+0000] {logging_mixin.py:188} INFO - [2026-08-29T19:44:04.701+0000] {dagbag.py:545} INFO - Filling up the DagBag from /opt/airflow/dags/training_pipeline_dag.py
[2026-08-29T19:44:13.604+0000] {processor.py:840} INFO - DAG(s) 'training_pipeline' retrieved from /opt/airflow/dags/training_pipeline_dag.py
[2026-08-29T19:44:15.861+0000] {logging_mixin.py:188} INFO - [2026-08-29T19:44:15.860+0000] {dag.py:3089} INFO - Sync 1 DAGs
[2026-08-29T19:44:16.960+0000] {logging_mixin.py:188} INFO - [2026-08-29T19:44:16.960+0000] {dag.py:3947} INFO - Setting next_dagrun for training_pipeline to 2026-08-29 00:00:00+00:00, run_after=2026-08-30 00:00:00+00:00
[2026-08-29T19:44:17.731+0000] {processor.py:183} INFO - Processing /opt/airflow/dags/training_pipeline_dag.py took 13.060 seconds
[2026-08-29T19:44:48.726+0000] {processor.py:161} INFO - Started process (PID=1156) to work on /opt/airflow/dags/training_pipeline_dag.py
[2026-08-29T19:44:48.731+0000] {processor.py:830} INFO - Processing file /opt/airflow/dags/training_pipeline_dag.py for tasks to queue
[2026-08-29T19:44:48.734+0000] {logging_mixin.py:188} INFO - [2026-08-29T19:44:48.733+0000] {dagbag.py:545} INFO - Filling up the DagBag from /opt/airflow/dags/training_pipeline_dag.py
[2026-08-29T19:44:50.329+0000] {processor.py:840} INFO - DAG(s) 'training_pipeline' retrieved from /opt/airflow/dags/training_pipeline_dag.py
[2026-08-29T19:44:50.386+0000] {logging_mixin.py:188} INFO - [2026-08-29T19:44:50.386+0000] {dag.py:3089} INFO - Sync 1 DAGs
[2026-08-29T19:44:50.416+0000] {logging_mixin.py:188} INFO - [2026-08-29T19:44:50.416+0000] {dag.py:3947} INFO - Setting next_dagrun for training_pipeline to 2026-08-29 00:00:00+00:00, run_after=2026-08-30 00:00:00+00:00
[2026-08-29T19:44:50.466+0000] {processor.py:183} INFO - Processing /opt/airflow/dags/training_pipeline_dag.py took 1.768 seconds
[2026-08-29T19:45:20.684+0000] {processor.py:161} INFO - Started process (PID=1188) to work on /opt/airflow/dags/training_pipeline_dag.py
[2026-08-29T19:45:20.686+0000] {processor.py:830} INFO - Processing file /opt/airflow/dags/training_pipeline_dag.py for tasks to queue
[2026-08-29T19:45:20.688+0000] {logging_mixin.py:188} INFO - [2026-08-29T19:45:20.688+0000] {dagbag.py:545} INFO - Filling up the DagBag from /opt/airflow/dags/training_pipeline_dag.py
[2026-08-29T19:45:21.975+0000] {processor.py:840} INFO - DAG(s) 'training_pipeline' retrieved from /opt/airflow/dags/training_pipeline_dag.py
[2026-08-29T19:45:22.011+0000] {logging_mixin.py:188} INFO - [2026-08-29T19:45:22.010+0000] {dag.py:3089} INFO - Sync 1 DAGs
[2026-08-29T19:45:22.036+0000] {logging_mixin.py:188} INFO - [2026-08-29T19:45:22.036+0000] {dag.py:3947} INFO - Setting next_dagrun for training_pipeline to 2026-08-29 00:00:00+00:00, run_after=2026-08-30 00:00:00+00:00
[2026-08-29T19:45:22.062+0000] {processor.py:183} INFO - Processing /opt/airflow/dags/training_pipeline_dag.py took 1.391 seconds
[2026-08-29T19:45:52.281+0000] {processor.py:161} INFO - Started process (PID=1218) to work on /opt/airflow/dags/training_pipeline_dag.py
[2026-08-29T19:45:52.283+0000] {processor.py:830} INFO - Processing file /opt/airflow/dags/training_pipeline_dag.py for tasks to queue
[2026-08-29T19:45:52.286+0000] {logging_mixin.py:188} INFO - [2026-08-29T19:45:52.285+0000] {dagbag.py:545} INFO - Filling up the DagBag from /opt/airflow/dags/training_pipeline_dag.py
[2026-08-29T19:45:53.973+0000] {processor.py:840} INFO - DAG(s) 'training_pipeline' retrieved from /opt/airflow/dags/training_pipeline_dag.py
[2026-08-29T19:45:54.029+0000] {logging_mixin.py:188} INFO - [2026-08-29T19:45:54.028+0000] {dag.py:3089} INFO - Sync 1 DAGs
[2026-08-29T19:45:54.059+0000] {logging_mixin.py:188} INFO - [2026-08-29T19:45:54.058+0000] {dag.py:3947} INFO - Setting next_dagrun for training_pipeline to 2026-08-29 00:00:00+00:00, run_after=2026-08-30 00:00:00+00:00
[2026-08-29T19:45:54.100+0000] {processor.py:183} INFO - Processing /opt/airflow/dags/training_pipeline_dag.py took 1.837 seconds
[2026-08-29T19:46:24.960+0000] {processor.py:161} INFO - Started process (PID=1248) to work on /opt/airflow/dags/training_pipeline_dag.py
[2026-08-29T19:46:24.963+0000] {processor.py:830} INFO - Processing file /opt/airflow/dags/training_pipeline_dag.py for tasks to queue
[2026-08-29T19:46:24.966+0000] {logging_mixin.py:188} INFO - [2026-08-29T19:46:24.965+0000] {dagbag.py:545} INFO - Filling up the DagBag from /opt/airflow/dags/training_pipeline_dag.py
[2026-08-29T19:46:26.749+0000] {processor.py:840} INFO - DAG(s) 'training_pipeline' retrieved from /opt/airflow/dags/training_pipeline_dag.py
[2026-08-29T19:46:26.812+0000] {logging_mixin.py:188} INFO - [2026-08-29T19:46:26.811+0000] {dag.py:3089} INFO - Sync 1 DAGs
[2026-08-29T19:46:26.861+0000] {logging_mixin.py:188} INFO - [2026-08-29T19:46:26.860+0000] {dag.py:3947} INFO - Setting next_dagrun for training_pipeline to 2026-08-29 00:00:00+00:00, run_after=2026-08-30 00:00:00+00:00
[2026-08-29T19:46:26.902+0000] {processor.py:183} INFO - Processing /opt/airflow/dags/training_pipeline_dag.py took 1.959 seconds
[2026-08-29T19:46:57.829+0000] {processor.py:161} INFO - Started process (PID=1278) to work on /opt/airflow/dags/training_pipeline_dag.py
[2026-08-29T19:46:57.832+0000] {processor.py:830} INFO - Processing file /opt/airflow/dags/training_pipeline_dag.py for tasks to queue
[2026-08-29T19:46:57.834+0000] {logging_mixin.py:188} INFO - [2026-08-29T19:46:57.833+0000] {dagbag.py:545} INFO - Filling up the DagBag from /opt/airflow/dags/training_pipeline_dag.py
[2026-08-29T19:46:59.531+0000] {processor.py:840} INFO - DAG(s) 'training_pipeline' retrieved from /opt/airflow/dags/training_pipeline_dag.py
[2026-08-29T19:46:59.574+0000] {logging_mixin.py:188} INFO - [2026-08-29T19:46:59.574+0000] {dag.py:3089} INFO - Sync 1 DAGs
[2026-08-29T19:46:59.604+0000] {logging_mixin.py:188} INFO - [2026-08-29T19:46:59.603+0000] {dag.py:3947} INFO - Setting next_dagrun for training_pipeline to 2026-08-29 00:00:00+00:00, run_after=2026-08-30 00:00:00+00:00
[2026-08-29T19:46:59.634+0000] {processor.py:183} INFO - Processing /opt/airflow/dags/training_pipeline_dag.py took 1.818 seconds
[2026-08-29T19:47:40.759+0000] {processor.py:161} INFO - Started process (PID=1308) to work on /opt/airflow/dags/training_pipeline_dag.py
[2026-08-29T19:47:40.761+0000] {processor.py:830} INFO - Processing file /opt/airflow/dags/training_pipeline_dag.py for tasks to queue
[2026-08-29T19:47:40.764+0000] {logging_mixin.py:188} INFO - [2026-08-29T19:47:40.763+0000] {dagbag.py:545} INFO - Filling up the DagBag from /opt/airflow/dags/training_pipeline_dag.py
[2026-08-29T19:47:43.444+0000] {processor.py:840} INFO - DAG(s) 'training_pipeline' retrieved from /opt/airflow/dags/training_pipeline_dag.py
[2026-08-29T19:47:43.542+0000] {logging_mixin.py:188} INFO - [2026-08-29T19:47:43.541+0000] {dag.py:3089} INFO - Sync 1 DAGs
[2026-08-29T19:47:43.577+0000] {logging_mixin.py:188} INFO - [2026-08-29T19:47:43.577+0000] {dag.py:3947} INFO - Setting next_dagrun for training_pipeline to 2026-08-29 00:00:00+00:00, run_after=2026-08-30 00:00:00+00:00
[2026-08-29T19:47:43.618+0000] {processor.py:183} INFO - Processing /opt/airflow/dags/training_pipeline_dag.py took 2.888 seconds
[2026-08-29T19:48:13.948+0000] {processor.py:161} INFO - Started process (PID=1338) to work on /opt/airflow/dags/training_pipeline_dag.py
[2026-08-29T19:48:13.950+0000] {processor.py:830} INFO - Processing file /opt/airflow/dags/training_pipeline_dag.py for tasks to queue
[2026-08-29T19:48:13.953+0000] {logging_mixin.py:188} INFO - [2026-08-29T19:48:13.952+0000] {dagbag.py:545} INFO - Filling up the DagBag from /opt/airflow/dags/training_pipeline_dag.py
[2026-08-29T19:48:15.407+0000] {processor.py:840} INFO - DAG(s) 'training_pipeline' retrieved from /opt/airflow/dags/training_pipeline_dag.py
[2026-08-29T19:48:15.450+0000] {logging_mixin.py:188} INFO - [2026-08-29T19:48:15.449+0000] {dag.py:3089} INFO - Sync 1 DAGs
[2026-08-29T19:48:15.479+0000] {logging_mixin.py:188} INFO - [2026-08-29T19:48:15.479+0000] {dag.py:3947} INFO - Setting next_dagrun for training_pipeline to 2026-08-29 00:00:00+00:00, run_after=2026-08-30 00:00:00+00:00
[2026-08-29T19:48:15.510+0000] {processor.py:183} INFO - Processing /opt/airflow/dags/training_pipeline_dag.py took 1.577 seconds
[2026-08-29T19:48:45.937+0000] {processor.py:161} INFO - Started process (PID=1368) to work on /opt/airflow/dags/training_pipeline_dag.py
[2026-08-29T19:48:45.939+0000] {processor.py:830} INFO - Processing file /opt/airflow/dags/training_pipeline_dag.py for tasks to queue
[2026-08-29T19:48:45.941+0000] {logging_mixin.py:188} INFO - [2026-08-29T19:48:45.940+0000] {dagbag.py:545} INFO - Filling up the DagBag from /opt/airflow/dags/training_pipeline_dag.py
[2026-08-29T19:48:47.454+0000] {processor.py:840} INFO - DAG(s) 'training_pipeline' retrieved from /opt/airflow/dags/training_pipeline_dag.py
[2026-08-29T19:48:47.501+0000] {logging_mixin.py:188} INFO - [2026-08-29T19:48:47.500+0000] {dag.py:3089} INFO - Sync 1 DAGs
[2026-08-29T19:48:47.529+0000] {logging_mixin.py:188} INFO - [2026-08-29T19:48:47.529+0000] {dag.py:3947} INFO - Setting next_dagrun for training_pipeline to 2026-08-29 00:00:00+00:00, run_after=2026-08-30 00:00:00+00:00
[2026-08-29T19:48:47.558+0000] {processor.py:183} INFO - Processing /opt/airflow/dags/training_pipeline_dag.py took 1.636 seconds
[2026-08-29T19:49:18.436+0000] {processor.py:161} INFO - Started process (PID=1398) to work on /opt/airflow/dags/training_pipeline_dag.py
[2026-08-29T19:49:18.439+0000] {processor.py:830} INFO - Processing file /opt/airflow/dags/training_pipeline_dag.py for tasks to queue
[2026-08-29T19:49:18.441+0000] {logging_mixin.py:188} INFO - [2026-08-29T19:49:18.440+0000] {dagbag.py:545} INFO - Filling up the DagBag from /opt/airflow/dags/training_pipeline_dag.py
[2026-08-29T19:49:20.179+0000] {processor.py:840} INFO - DAG(s) 'training_pipeline' retrieved from /opt/airflow/dags/training_pipeline_dag.py
[2026-08-29T19:49:20.233+0000] {logging_mixin.py:188} INFO - [2026-08-29T19:49:20.233+0000] {dag.py:3089} INFO - Sync 1 DAGs
[2026-08-29T19:49:20.270+0000] {logging_mixin.py:188} INFO - [2026-08-29T19:49:20.269+0000] {dag.py:3947} INFO - Setting next_dagrun for training_pipeline to 2026-08-29 00:00:00+00:00, run_after=2026-08-30 00:00:00+00:00
[2026-08-29T19:49:20.302+0000] {processor.py:183} INFO - Processing /opt/airflow/dags/training_pipeline_dag.py took 1.882 seconds
[2026-08-29T19:49:50.589+0000] {processor.py:161} INFO - Started process (PID=1428) to work on /opt/airflow/dags/training_pipeline_dag.py
[2026-08-29T19:49:50.592+0000] {processor.py:830} INFO - Processing file /opt/airflow/dags/training_pipeline_dag.py for tasks to queue
[2026-08-29T19:49:50.594+0000] {logging_mixin.py:188} INFO - [2026-08-29T19:49:50.594+0000] {dagbag.py:545} INFO - Filling up the DagBag from /opt/airflow/dags/training_pipeline_dag.py
[2026-08-29T19:49:52.637+0000] {processor.py:840} INFO - DAG(s) 'training_pipeline' retrieved from /opt/airflow/dags/training_pipeline_dag.py
[2026-08-29T19:49:52.693+0000] {logging_mixin.py:188} INFO - [2026-08-29T19:49:52.692+0000] {dag.py:3089} INFO - Sync 1 DAGs
[2026-08-29T19:49:52.741+0000] {logging_mixin.py:188} INFO - [2026-08-29T19:49:52.740+0000] {dag.py:3947} INFO - Setting next_dagrun for training_pipeline to 2026-08-29 00:00:00+00:00, run_after=2026-08-30 00:00:00+00:00
[2026-08-29T19:49:52.777+0000] {processor.py:183} INFO - Processing /opt/airflow/dags/training_pipeline_dag.py took 2.209 seconds
[2026-08-29T19:50:23.936+0000] {processor.py:161} INFO - Started process (PID=1458) to work on /opt/airflow/dags/training_pipeline_dag.py
[2026-08-29T19:50:23.939+0000] {processor.py:830} INFO - Processing file /opt/airflow/dags/training_pipeline_dag.py for tasks to queue
[2026-08-29T19:50:23.942+0000] {logging_mixin.py:188} INFO - [2026-08-29T19:50:23.941+0000] {dagbag.py:545} INFO - Filling up the DagBag from /opt/airflow/dags/training_pipeline_dag.py
[2026-08-29T19:50:25.754+0000] {processor.py:840} INFO - DAG(s) 'training_pipeline' retrieved from /opt/airflow/dags/training_pipeline_dag.py
[2026-08-29T19:50:25.804+0000] {logging_mixin.py:188} INFO - [2026-08-29T19:50:25.804+0000] {dag.py:3089} INFO - Sync 1 DAGs
[2026-08-29T19:50:25.855+0000] {logging_mixin.py:188} INFO - [2026-08-29T19:50:25.855+0000] {dag.py:3947} INFO - Setting next_dagrun for training_pipeline to 2026-08-29 00:00:00+00:00, run_after=2026-08-30 00:00:00+00:00
[2026-08-29T19:50:25.895+0000] {processor.py:183} INFO - Processing /opt/airflow/dags/training_pipeline_dag.py took 1.978 seconds
[2026-08-29T19:50:57.013+0000] {processor.py:161} INFO - Started process (PID=1488) to work on /opt/airflow/dags/training_pipeline_dag.py
[2026-08-29T19:50:57.018+0000] {processor.py:830} INFO - Processing file /opt/airflow/dags/training_pipeline_dag.py for tasks to queue
[2026-08-29T19:50:57.021+0000] {logging_mixin.py:188} INFO - [2026-08-29T19:50:57.020+0000] {dagbag.py:545} INFO - Filling up the DagBag from /opt/airflow/dags/training_pipeline_dag.py
[2026-08-29T19:50:58.909+0000] {processor.py:840} INFO - DAG(s) 'training_pipeline' retrieved from /opt/airflow/dags/training_pipeline_dag.py
[2026-08-29T19:50:58.967+0000] {logging_mixin.py:188} INFO - [2026-08-29T19:50:58.966+0000] {dag.py:3089} INFO - Sync 1 DAGs
[2026-08-29T19:50:59.007+0000] {logging_mixin.py:188} INFO - [2026-08-29T19:50:59.006+0000] {dag.py:3947} INFO - Setting next_dagrun for training_pipeline to 2026-08-29 00:00:00+00:00, run_after=2026-08-30 00:00:00+00:00
[2026-08-29T19:50:59.048+0000] {processor.py:183} INFO - Processing /opt/airflow/dags/training_pipeline_dag.py took 2.056 seconds
[2026-08-29T19:51:30.850+0000] {processor.py:161} INFO - Started process (PID=1518) to work on /opt/airflow/dags/training_pipeline_dag.py
[2026-08-29T19:51:30.853+0000] {processor.py:830} INFO - Processing file /opt/airflow/dags/training_pipeline_dag.py for tasks to queue
[2026-08-29T19:51:30.857+0000] {logging_mixin.py:188} INFO - [2026-08-29T19:51:30.855+0000] {dagbag.py:545} INFO - Filling up the DagBag from /opt/airflow/dags/training_pipeline_dag.py
[2026-08-29T19:51:30.066+0000] {processor.py:840} INFO - DAG(s) 'training_pipeline' retrieved from /opt/airflow/dags/training_pipeline_dag.py
[2026-08-29T19:51:30.125+0000] {logging_mixin.py:188} INFO - [2026-08-29T19:51:30.124+0000] {dag.py:3089} INFO - Sync 1 DAGs
[2026-08-29T19:51:30.177+0000] {logging_mixin.py:188} INFO - [2026-08-29T19:51:30.176+0000] {dag.py:3947} INFO - Setting next_dagrun for training_pipeline to 2026-08-29 00:00:00+00:00, run_after=2026-08-30 00:00:00+00:00
[2026-08-29T19:51:30.228+0000] {processor.py:183} INFO - Processing /opt/airflow/dags/training_pipeline_dag.py took 2.071 seconds
[2026-08-29T19:52:00.931+0000] {processor.py:161} INFO - Started process (PID=1548) to work on /opt/airflow/dags/training_pipeline_dag.py
[2026-08-29T19:52:00.935+0000] {processor.py:830} INFO - Processing file /opt/airflow/dags/training_pipeline_dag.py for tasks to queue
[2026-08-29T19:52:00.938+0000] {logging_mixin.py:188} INFO - [2026-08-29T19:52:00.937+0000] {dagbag.py:545} INFO - Filling up the DagBag from /opt/airflow/dags/training_pipeline_dag.py
[2026-08-29T19:52:02.862+0000] {processor.py:840} INFO - DAG(s) 'training_pipeline' retrieved from /opt/airflow/dags/training_pipeline_dag.py
[2026-08-29T19:52:02.924+0000] {logging_mixin.py:188} INFO - [2026-08-29T19:52:02.924+0000] {dag.py:3089} INFO - Sync 1 DAGs
[2026-08-29T19:52:02.961+0000] {logging_mixin.py:188} INFO - [2026-08-29T19:52:02.961+0000] {dag.py:3947} INFO - Setting next_dagrun for training_pipeline to 2026-08-29 00:00:00+00:00, run_after=2026-08-30 00:00:00+00:00
[2026-08-29T19:52:02.998+0000] {processor.py:183} INFO - Processing /opt/airflow/dags/training_pipeline_dag.py took 2.087 seconds
[2026-08-29T19:52:33.253+0000] {processor.py:161} INFO - Started process (PID=1578) to work on /opt/airflow/dags/training_pipeline_dag.py
[2026-08-29T19:52:33.255+0000] {processor.py:830} INFO - Processing file /opt/airflow/dags/training_pipeline_dag.py for tasks to queue
[2026-08-29T19:52:33.257+0000] {logging_mixin.py:188} INFO - [2026-08-29T19:52:33.257+0000] {dagbag.py:545} INFO - Filling up the DagBag from /opt/airflow/dags/training_pipeline_dag.py
[2026-08-29T19:52:35.021+0000] {processor.py:840} INFO - DAG(s) 'training_pipeline' retrieved from /opt/airflow/dags/training_pipeline_dag.py
[2026-08-29T19:52:35.074+0000] {logging_mixin.py:188} INFO - [2026-08-29T19:52:35.073+0000] {dag.py:3089} INFO - Sync 1 DAGs
[2026-08-29T19:52:35.111+0000] {logging_mixin.py:188} INFO - [2026-08-29T19:52:35.111+0000] {dag.py:3947} INFO - Setting next_dagrun for training_pipeline to 2026-08-29 00:00:00+00:00, run_after=2026-08-30 00:00:00+00:00
[2026-08-29T19:52:35.148+0000] {processor.py:183} INFO - Processing /opt/airflow/dags/training_pipeline_dag.py took 1.910 seconds
[2026-08-29T19:53:06.110+0000] {processor.py:161} INFO - Started process (PID=1608) to work on /opt/airflow/dags/training_pipeline_dag.py
[2026-08-29T19:53:06.113+0000] {processor.py:830} INFO - Processing file /opt/airflow/dags/training_pipeline_dag.py for tasks to queue
[2026-08-29T19:53:06.115+0000] {logging_mixin.py:188} INFO - [2026-08-29T19:53:06.114+0000] {dagbag.py:545} INFO - Filling up the DagBag from /opt/airflow/dags/training_pipeline_dag.py
[2026-08-29T19:53:07.907+0000] {processor.py:840} INFO - DAG(s) 'training_pipeline' retrieved from /opt/airflow/dags/training_pipeline_dag.py
[2026-08-29T19:53:07.958+0000] {logging_mixin.py:188} INFO - [2026-08-29T19:53:07.958+0000] {dag.py:3089} INFO - Sync 1 DAGs
[2026-08-29T19:53:07.992+0000] {logging_mixin.py:188} INFO - [2026-08-29T19:53:07.991+0000] {dag.py:3947} INFO - Setting next_dagrun for training_pipeline to 2026-08-29 00:00:00+00:00, run_after=2026-08-30 00:00:00+00:00
[2026-08-29T19:53:08.023+0000] {processor.py:183} INFO - Processing /opt/airflow/dags/training_pipeline_dag.py took 1.929 seconds
[2026-08-29T19:53:38.649+0000] {processor.py:161} INFO - Started process (PID=1638) to work on /opt/airflow/dags/training_pipeline_dag.py
[2026-08-29T19:53:38.652+0000] {processor.py:830} INFO - Processing file /opt/airflow/dags/training_pipeline_dag.py for tasks to queue
[2026-08-29T19:53:38.655+0000] {logging_mixin.py:188} INFO - [2026-08-29T19:53:38.654+0000] {dagbag.py:545} INFO - Filling up the DagBag from /opt/airflow/dags/training_pipeline_dag.py
[2026-08-29T19:53:40.508+0000] {processor.py:840} INFO - DAG(s) 'training_pipeline' retrieved from /opt/airflow/dags/training_pipeline_dag.py
[2026-08-29T19:53:40.563+0000] {logging_mixin.py:188} INFO - [2026-08-29T19:53:40.562+0000] {dag.py:3089} INFO - Sync 1 DAGs
[2026-08-29T19:53:40.605+0000] {logging_mixin.py:188} INFO - [2026-08-29T19:53:40.604+0000] {dag.py:3947} INFO - Setting next_dagrun for training_pipeline to 2026-08-29 00:00:00+00:00, run_after=2026-08-30 00:00:00+00:00
[2026-08-29T19:53:40.646+0000] {processor.py:183} INFO - Processing /opt/airflow/dags/training_pipeline_dag.py took 2.015 seconds
[2026-08-29T19:54:10.837+0000] {processor.py:161} INFO - Started process (PID=1668) to work on /opt/airflow/dags/training_pipeline_dag.py
[2026-08-29T19:54:10.839+0000] {processor.py:830} INFO - Processing file /opt/airflow/dags/training_pipeline_dag.py for tasks to queue
[2026-08-29T19:54:10.842+0000] {logging_mixin.py:188} INFO - [2026-08-29T19:54:10.841+0000] {dagbag.py:545} INFO - Filling up the DagBag from /opt/airflow/dags/training_pipeline_dag.py
[2026-08-29T19:54:12.431+0000] {processor.py:840} INFO - DAG(s) 'training_pipeline' retrieved from /opt/airflow/dags/training_pipeline_dag.py
[2026-08-29T19:54:12.478+0000] {logging_mixin.py:188} INFO - [2026-08-29T19:54:12.477+0000] {dag.py:3089} INFO - Sync 1 DAGs
[2026-08-29T19:54:12.514+0000] {logging_mixin.py:188} INFO - [2026-08-29T19:54:12.514+0000] {dag.py:3947} INFO - Setting next_dagrun for training_pipeline to 2026-08-29 00:00:00+00:00, run_after=2026-08-30 00:00:00+00:00
[2026-08-29T19:54:12.549+0000] {processor.py:183} INFO - Processing /opt/airflow/dags/training_pipeline_dag.py took 1.730 seconds
[2026-08-29T19:54:43.637+0000] {processor.py:161} INFO - Started process (PID=1698) to work on /opt/airflow/dags/training_pipeline_dag.py
[2026-08-29T19:54:43.640+0000] {processor.py:830} INFO - Processing file /opt/airflow/dags/training_pipeline_dag.py for tasks to queue
[2026-08-29T19:54:43.643+0000] {logging_mixin.py:188} INFO - [2026-08-29T19:54:43.641+0000] {dagbag.py:545} INFO - Filling up the DagBag from /opt/airflow/dags/training_pipeline_dag.py
[2026-08-29T19:54:45.469+0000] {processor.py:840} INFO - DAG(s) 'training_pipeline' retrieved from /opt/airflow/dags/training_pipeline_dag.py
[2026-08-29T19:54:45.520+0000] {logging_mixin.py:188} INFO - [2026-08-29T19:54:45.519+0000] {dag.py:3089} INFO - Sync 1 DAGs
[2026-08-29T19:54:45.556+0000] {logging_mixin.py:188} INFO - [2026-08-29T19:54:45.556+0000] {dag.py:3947} INFO - Setting next_dagrun for training_pipeline to 2026-08-29 00:00:00+00:00, run_after=2026-08-30 00:00:00+00:00
[2026-08-29T19:54:45.590+0000] {processor.py:183} INFO - Processing /opt/airflow/dags/training_pipeline_dag.py took 1.971 seconds
[2026-08-29T19:55:15.875+0000] {processor.py:161} INFO - Started process (PID=1728) to work on /opt/airflow/dags/training_pipeline_dag.py
[2026-08-29T19:55:15.878+0000] {processor.py:830} INFO - Processing file /opt/airflow/dags/training_pipeline_dag.py for tasks to queue
[2026-08-29T19:55:15.880+0000] {logging_mixin.py:188} INFO - [2026-08-29T19:55:15.879+0000] {dagbag.py:545} INFO - Filling up the DagBag from /opt/airflow/dags/training_pipeline_dag.py
[2026-08-29T19:55:17.448+0000] {processor.py:840} INFO - DAG(s) 'training_pipeline' retrieved from /opt/airflow/dags/training_pipeline_dag.py
[2026-08-29T19:55:17.511+0000] {logging_mixin.py:188} INFO - [2026-08-29T19:55:17.510+0000] {dag.py:3089} INFO - Sync 1 DAGs
[2026-08-29T19:55:17.547+0000] {logging_mixin.py:188} INFO - [2026-08-29T19:55:17.547+0000] {dag.py:3947} INFO - Setting next_dagrun for training_pipeline to 2026-08-29 00:00:00+00:00, run_after=2026-08-30 00:00:00+00:00
[2026-08-29T19:55:17.574+0000] {processor.py:183} INFO - Processing /opt/airflow/dags/training_pipeline_dag.py took 1.716 seconds
[2026-08-29T19:55:48.395+0000] {processor.py:161} INFO - Started process (PID=1756) to work on /opt/airflow/dags/training_pipeline_dag.py
[2026-08-29T19:55:48.399+0000] {processor.py:830} INFO - Processing file /opt/airflow/dags/training_pipeline_dag.py for tasks to queue
[2026-08-29T19:55:48.402+0000] {logging_mixin.py:188} INFO - [2026-08-29T19:55:48.401+0000] {dagbag.py:545} INFO - Filling up the DagBag from /opt/airflow/dags/training_pipeline_dag.py
[2026-08-29T19:55:50.070+0000] {processor.py:840} INFO - DAG(s) 'training_pipeline' retrieved from /opt/airflow/dags/training_pipeline_dag.py
[2026-08-29T19:55:50.120+0000] {logging_mixin.py:188} INFO - [2026-08-29T19:55:50.119+0000] {dag.py:3089} INFO - Sync 1 DAGs
[2026-08-29T19:55:50.152+0000] {logging_mixin.py:188} INFO - [2026-08-29T19:55:50.152+0000] {dag.py:3947} INFO - Setting next_dagrun for training_pipeline to 2026-08-29 00:00:00+00:00, run_after=2026-08-30 00:00:00+00:00
[2026-08-29T19:55:50.185+0000] {processor.py:183} INFO - Processing /opt/airflow/dags/training_pipeline_dag.py took 1.814 seconds
[2026-08-29T19:56:21.048+0000] {processor.py:161} INFO - Started process (PID=1786) to work on /opt/airflow/dags/training_pipeline_dag.py
[2026-08-29T19:56:21.051+0000] {processor.py:830} INFO - Processing file /opt/airflow/dags/training_pipeline_dag.py for tasks to queue
[2026-08-29T19:56:21.054+0000] {logging_mixin.py:188} INFO - [2026-08-29T19:56:21.053+0000] {dagbag.py:545} INFO - Filling up the DagBag from /opt/airflow/dags/training_pipeline_dag.py
[2026-08-29T19:56:22.560+0000] {processor.py:840} INFO - DAG(s) 'training_pipeline' retrieved from /opt/airflow/dags/training_pipeline_dag.py
[2026-08-29T19:56:22.603+0000] {logging_mixin.py:188} INFO - [2026-08-29T19:56:22.602+0000] {dag.py:3089} INFO - Sync 1 DAGs
[2026-08-29T19:56:22.632+0000] {logging_mixin.py:188} INFO - [2026-08-29T19:56:22.631+0000] {dag.py:3947} INFO - Setting next_dagrun for training_pipeline to 2026-08-29 00:00:00+00:00, run_after=2026-08-30 00:00:00+00:00
[2026-08-29T19:56:22.661+0000] {processor.py:183} INFO - Processing /opt/airflow/dags/training_pipeline_dag.py took 1.629 seconds
[2026-08-29T19:56:53.285+0000] {processor.py:161} INFO - Started process (PID=1800) to work on /opt/airflow/dags/training_pipeline_dag.py
[2026-08-29T19:56:53.288+0000] {processor.py:830} INFO - Processing file /opt/airflow/dags/training_pipeline_dag.py for tasks to queue
[2026-08-29T19:56:53.290+0000] {logging_mixin.py:188} INFO - [2026-08-29T19:56:53.289+0000] {dagbag.py:545} INFO - Filling up the DagBag from /opt/airflow/dags/training_pipeline_dag.py
[2026-08-29T19:56:58.593+0000] {processor.py:840} INFO - DAG(s) 'training_pipeline' retrieved from /opt/airflow/dags/training_pipeline_dag.py
[2026-08-29T19:56:58.661+0000] {logging_mixin.py:188} INFO - [2026-08-29T19:56:58.658+0000] {dag.py:3089} INFO - Sync 1 DAGs
[2026-08-29T19:56:58.711+0000] {logging_mixin.py:188} INFO - [2026-08-29T19:56:58.710+0000] {dag.py:3947} INFO - Setting next_dagrun for training_pipeline to 2026-08-29 00:00:00+00:00, run_after=2026-08-30 00:00:00+00:00
[2026-08-29T19:56:58.762+0000] {processor.py:183} INFO - Processing /opt/airflow/dags/training_pipeline_dag.py took 1.937 seconds
[2026-08-29T19:57:30.996+0000] {processor.py:161} INFO - Started process (PID=1852) to work on /opt/airflow/dags/training_pipeline_dag.py
[2026-08-29T19:57:30.999+0000] {processor.py:830} INFO - Processing file /opt/airflow/dags/training_pipeline_dag.py for tasks to queue
[2026-08-29T19:57:31.001+0000] {logging_mixin.py:188} INFO - [2026-08-29T19:57:31.000+0000] {dagbag.py:545} INFO - Filling up the DagBag from /opt/airflow/dags/training_pipeline_dag.py
[2026-08-29T19:57:33.035+0000] {processor.py:840} INFO - DAG(s) 'training_pipeline' retrieved from /opt/airflow/dags/training_pipeline_dag.py
[2026-08-29T19:57:33.087+0000] {logging_mixin.py:188} INFO - [2026-08-29T19:57:33.085+0000] {dag.py:3089} INFO - Sync 1 DAGs
[2026-08-29T19:57:33.132+0000] {logging_mixin.py:188} INFO - [2026-08-29T19:57:33.131+0000] {dag.py:3947} INFO - Setting next_dagrun for training_pipeline to 2026-08-29 00:00:00+00:00, run_after=2026-08-30 00:00:00+00:00
[2026-08-29T19:57:33.166+0000] {processor.py:183} INFO - Processing /opt/airflow/dags/training_pipeline_dag.py took 2.185 seconds
[2026-08-29T20:15:17.252+0000] {processor.py:161} INFO - Started process (PID=1864) to work on /opt/airflow/dags/training_pipeline_dag.py
[2026-08-29T20:15:17.257+0000] {processor.py:830} INFO - Processing file /opt/airflow/dags/training_pipeline_dag.py for tasks to queue
[2026-08-29T20:15:17.266+0000] {logging_mixin.py:188} INFO - [2026-08-29T20:15:17.264+0000] {dagbag.py:545} INFO - Filling up the DagBag from /opt/airflow/dags/training_pipeline_dag.py
[2026-08-29T20:15:19.474+0000] {processor.py:840} INFO - DAG(s) 'training_pipeline' retrieved from /opt/airflow/dags/training_pipeline_dag.py
[2026-08-29T20:15:19.525+0000] {logging_mixin.py:188} INFO - [2026-08-29T20:15:19.524+0000] {dag.py:3089} INFO - Sync 1 DAGs
[2026-08-29T20:15:19.560+0000] {logging_mixin.py:188} INFO - [2026-08-29T20:15:19.560+0000] {dag.py:3947} INFO - Setting next_dagrun for training_pipeline to 2026-08-29 00:00:00+00:00, run_after=2026-08-30 00:00:00+00:00
[2026-08-29T20:15:19.594+0000] {processor.py:183} INFO - Processing /opt/airflow/dags/training_pipeline_dag.py took 2.369 seconds
[2026-08-29T20:15:49.869+0000] {processor.py:161} INFO - Started process (PID=1897) to work on /opt/airflow/dags/training_pipeline_dag.py
[2026-08-29T20:15:49.871+0000] {processor.py:830} INFO - Processing file /opt/airflow/dags/training_pipeline_dag.py for tasks to queue
[2026-08-29T20:15:49.872+0000] {logging_mixin.py:188} INFO - [2026-08-29T20:15:49.872+0000] {dagbag.py:545} INFO - Filling up the DagBag from /opt/airflow/dags/training_pipeline_dag.py
[2026-08-29T20:15:51.258+0000] {processor.py:840} INFO - DAG(s) 'training_pipeline' retrieved from /opt/airflow/dags/training_pipeline_dag.py
[2026-08-29T20:15:51.297+0000] {logging_mixin.py:188} INFO - [2026-08-29T20:15:51.296+0000] {dag.py:3089} INFO - Sync 1 DAGs
[2026-08-29T20:15:51.320+0000] {logging_mixin.py:188} INFO - [2026-08-29T20:15:51.320+0000] {dag.py:3947} INFO - Setting next_dagrun for training_pipeline to 2026-08-29 00:00:00+00:00, run_after=2026-08-30 00:00:00+00:00
[2026-08-29T20:15:51.345+0000] {processor.py:183} INFO - Processing /opt/airflow/dags/training_pipeline_dag.py took 1.490 seconds
[2026-08-29T20:16:22.328+0000] {processor.py:161} INFO - Started process (PID=1927) to work on /opt/airflow/dags/training_pipeline_dag.py
[2026-08-29T20:16:22.330+0000] {processor.py:830} INFO - Processing file /opt/airflow/dags/training_pipeline_dag.py for tasks to queue
[2026-08-29T20:16:22.332+0000] {logging_mixin.py:188} INFO - [2026-08-29T20:16:22.331+0000] {dagbag.py:545} INFO - Filling up the DagBag from /opt/airflow/dags/training_pipeline_dag.py
[2026-08-29T20:16:23.750+0000] {processor.py:840} INFO - DAG(s) 'training_pipeline' retrieved from /opt/airflow/dags/training_pipeline_dag.py
[2026-08-29T20:16:23.792+0000] {logging_mixin.py:188} INFO - [2026-08-29T20:16:23.792+0000] {dag.py:3089} INFO - Sync 1 DAGs
[2026-08-29T20:16:23.819+0000] {logging_mixin.py:188} INFO - [2026-08-29T20:16:23.819+0000] {dag.py:3947} INFO - Setting next_dagrun for training_pipeline to 2026-08-29 00:00:00+00:00, run_after=2026-08-30 00:00:00+00:00
[2026-08-29T20:16:23.849+0000] {processor.py:183} INFO - Processing /opt/airflow/dags/training_pipeline_dag.py took 1.536 seconds
[2026-08-29T20:16:54.116+0000] {processor.py:161} INFO - Started process (PID=1955) to work on /opt/airflow/dags/training_pipeline_dag.py
[2026-08-29T20:16:54.119+0000] {processor.py:830} INFO - Processing file /opt/airflow/dags/training_pipeline_dag.py for tasks to queue
[2026-08-29T20:16:54.122+0000] {logging_mixin.py:188} INFO - [2026-08-29T20:16:54.121+0000] {dagbag.py:545} INFO - Filling up the DagBag from /opt/airflow/dags/training_pipeline_dag.py
[2026-08-29T20:16:55.871+0000] {processor.py:840} INFO - DAG(s) 'training_pipeline' retrieved from /opt/airflow/dags/training_pipeline_dag.py
[2026-08-29T20:16:55.915+0000] {logging_mixin.py:188} INFO - [2026-08-29T20:16:55.915+0000] {dag.py:3089} INFO - Sync 1 DAGs
[2026-08-29T20:16:55.948+0000] {logging_mixin.py:188} INFO - [2026-08-29T20:16:55.947+0000] {dag.py:3947} INFO - Setting next_dagrun for training_pipeline to 2026-08-29 00:00:00+00:00, run_after=2026-08-30 00:00:00+00:00
[2026-08-29T20:16:55.985+0000] {processor.py:183} INFO - Processing /opt/airflow/dags/training_pipeline_dag.py took 1.889 seconds
[2026-08-29T20:17:27.115+0000] {processor.py:161} INFO - Started process (PID=1985) to work on /opt/airflow/dags/training_pipeline_dag.py
[2026-08-29T20:17:27.117+0000] {processor.py:830} INFO - Processing file /opt/airflow/dags/training_pipeline_dag.py for tasks to queue
[2026-08-29T20:17:27.120+0000] {logging_mixin.py:188} INFO - [2026-08-29T20:17:27.119+0000] {dagbag.py:545} INFO - Filling up the DagBag from /opt/airflow/dags/training_pipeline_dag.py
[2026-08-29T20:17:28.911+0000] {processor.py:840} INFO - DAG(s) 'training_pipeline' retrieved from /opt/airflow/dags/training_pipeline_dag.py
[2026-08-29T20:17:28.965+0000] {logging_mixin.py:188} INFO - [2026-08-29T20:17:28.964+0000] {dag.py:3089} INFO - Sync 1 DAGs
[2026-08-29T20:17:29.010+0000] {logging_mixin.py:188} INFO - [2026-08-29T20:17:29.009+0000] {dag.py:3947} INFO - Setting next_dagrun for training_pipeline to 2026-08-29 00:00:00+00:00, run_after=2026-08-30 00:00:00+00:00
[2026-08-29T20:17:29.048+0000] {processor.py:183} INFO - Processing /opt/airflow/dags/training_pipeline_dag.py took 1.950 seconds
[2026-08-29T20:17:59.527+0000] {processor.py:161} INFO - Started process (PID=2015) to work on /opt/airflow/dags/training_pipeline_dag.py
[2026-08-29T20:17:59.531+0000] {processor.py:830} INFO - Processing file /opt/airflow/dags/training_pipeline_dag.py for tasks to queue
[2026-08-29T20:17:59.534+0000] {logging_mixin.py:188} INFO - [2026-08-29T20:17:59.533+0000] {dagbag.py:545} INFO - Filling up the DagBag from /opt/airflow/dags/training_pipeline_dag.py
[2026-08-29T20:18:01.165+0000] {processor.py:840} INFO - DAG(s) 'training_pipeline' retrieved from /opt/airflow/dags/training_pipeline_dag.py
[2026-08-29T20:18:01.216+0000] {logging_mixin.py:188} INFO - [2026-08-29T20:18:01.215+0000] {dag.py:3089} INFO - Sync 1 DAGs
[2026-08-29T20:18:01.250+0000] {logging_mixin.py:188} INFO - [2026-08-29T20:18:01.250+0000] {dag.py:3947} INFO - Setting next_dagrun for training_pipeline to 2026-08-29 00:00:00+00:00, run_after=2026-08-30 00:00:00+00:00
[2026-08-29T20:18:01.285+0000] {processor.py:183} INFO - Processing /opt/airflow/dags/training_pipeline_dag.py took 1.783 seconds
[2026-08-29T20:18:32.069+0000] {processor.py:161} INFO - Started process (PID=2047) to work on /opt/airflow/dags/training_pipeline_dag.py
[2026-08-29T20:18:32.071+0000] {processor.py:830} INFO - Processing file /opt/airflow/dags/training_pipeline_dag.py for tasks to queue
[2026-08-29T20:18:32.074+0000] {logging_mixin.py:188} INFO - [2026-08-29T20:18:32.073+0000] {dagbag.py:545} INFO - Filling up the DagBag from /opt/airflow/dags/training_pipeline_dag.py
[2026-08-29T20:18:33.599+0000] {processor.py:840} INFO - DAG(s) 'training_pipeline' retrieved from /opt/airflow/dags/training_pipeline_dag.py
[2026-08-29T20:18:33.644+0000] {logging_mixin.py:188} INFO - [2026-08-29T20:18:33.644+0000] {dag.py:3089} INFO - Sync 1 DAGs
[2026-08-29T20:18:33.675+0000] {logging_mixin.py:188} INFO - [2026-08-29T20:18:33.674+0000] {dag.py:3947} INFO - Setting next_dagrun for training_pipeline to 2026-08-29 00:00:00+00:00, run_after=2026-08-30 00:00:00+00:00
[2026-08-29T20:18:33.705+0000] {processor.py:183} INFO - Processing /opt/airflow/dags/training_pipeline_dag.py took 1.652 seconds
[2026-08-29T20:19:04.399+0000] {processor.py:161} INFO - Started process (PID=2077) to work on /opt/airflow/dags/training_pipeline_dag.py
[2026-08-29T20:19:04.402+0000] {processor.py:830} INFO - Processing file /opt/airflow/dags/training_pipeline_dag.py for tasks to queue
[2026-08-29T20:19:04.404+0000] {logging_mixin.py:188} INFO - [2026-08-29T20:19:04.403+0000] {dagbag.py:545} INFO - Filling up the DagBag from /opt/airflow/dags/training_pipeline_dag.py
[2026-08-29T20:19:06.217+0000] {processor.py:840} INFO - DAG(s) 'training_pipeline' retrieved from /opt/airflow/dags/training_pipeline_dag.py
[2026-08-29T20:19:06.265+0000] {logging_mixin.py:188} INFO - [2026-08-29T20:19:06.264+0000] {dag.py:3089} INFO - Sync 1 DAGs
[2026-08-29T20:19:06.297+0000] {logging_mixin.py:188} INFO - [2026-08-29T20:19:06.296+0000] {dag.py:3947} INFO - Setting next_dagrun for training_pipeline to 2026-08-29 00:00:00+00:00, run_after=2026-08-30 00:00:00+00:00
[2026-08-29T20:19:06.331+0000] {processor.py:183} INFO - Processing /opt/airflow/dags/training_pipeline_dag.py took 1.947 seconds
[2026-08-29T20:19:36.805+0000] {processor.py:161} INFO - Started process (PID=2107) to work on /opt/airflow/dags/training_pipeline_dag.py
[2026-08-29T20:19:36.808+0000] {processor.py:830} INFO - Processing file /opt/airflow/dags/training_pipeline_dag.py for tasks to queue
[2026-08-29T20:19:36.811+0000] {logging_mixin.py:188} INFO - [2026-08-29T20:19:36.810+0000] {dagbag.py:545} INFO - Filling up the DagBag from /opt/airflow/dags/training_pipeline_dag.py
[2026-08-29T20:19:38.383+0000] {processor.py:840} INFO - DAG(s) 'training_pipeline' retrieved from /opt/airflow/dags/training_pipeline_dag.py
[2026-08-29T20:19:38.436+0000] {logging_mixin.py:188} INFO - [2026-08-29T20:19:38.435+0000] {dag.py:3089} INFO - Sync 1 DAGs
[2026-08-29T20:19:38.480+0000] {logging_mixin.py:188} INFO - [2026-08-29T20:19:38.479+0000] {dag.py:3947} INFO - Setting next_dagrun for training_pipeline to 2026-08-29 00:00:00+00:00, run_after=2026-08-30 00:00:00+00:00
[2026-08-29T20:19:38.519+0000] {processor.py:183} INFO - Processing /opt/airflow/dags/training_pipeline_dag.py took 1.729 seconds
[2026-08-29T20:20:09.489+0000] {processor.py:161} INFO - Started process (PID=2135) to work on /opt/airflow/dags/training_pipeline_dag.py
[2026-08-29T20:20:09.491+0000] {processor.py:830} INFO - Processing file /opt/airflow/dags/training_pipeline_dag.py for tasks to queue
[2026-08-29T20:20:09.494+0000] {logging_mixin.py:188} INFO - [2026-08-29T20:20:09.493+0000] {dagbag.py:545} INFO - Filling up the DagBag from /opt/airflow/dags/training_pipeline_dag.py
[2026-08-29T20:20:11.176+0000] {processor.py:840} INFO - DAG(s) 'training_pipeline' retrieved from /opt/airflow/dags/training_pipeline_dag.py
[2026-08-29T20:20:11.223+0000] {logging_mixin.py:188} INFO - [2026-08-29T20:20:11.222+0000] {dag.py:3089} INFO - Sync 1 DAGs
[2026-08-29T20:20:11.255+0000] {logging_mixin.py:188} INFO - [2026-08-29T20:20:11.255+0000] {dag.py:3947} INFO - Setting next_dagrun for training_pipeline to 2026-08-29 00:00:00+00:00, run_after=2026-08-30 00:00:00+00:00
[2026-08-29T20:20:11.290+0000] {processor.py:183} INFO - Processing /opt/airflow/dags/training_pipeline_dag.py took 1.818 seconds
[2026-08-29T20:20:42.074+0000] {processor.py:161} INFO - Started process (PID=2167) to work on /opt/airflow/dags/training_pipeline_dag.py
[2026-08-29T20:20:42.077+0000] {processor.py:830} INFO - Processing file /opt/airflow/dags/training_pipeline_dag.py for tasks to queue
[2026-08-29T20:20:42.079+0000] {logging_mixin.py:188} INFO - [2026-08-29T20:20:42.079+0000] {dagbag.py:545} INFO - Filling up the DagBag from /opt/airflow/dags/training_pipeline_dag.py
[2026-08-29T20:20:43.657+0000] {processor.py:840} INFO - DAG(s) 'training_pipeline' retrieved from /opt/airflow/dags/training_pipeline_dag.py
[2026-08-29T20:20:43.710+0000] {logging_mixin.py:188} INFO - [2026-08-29T20:20:43.709+0000] {dag.py:3089} INFO - Sync 1 DAGs
[2026-08-29T20:20:43.754+0000] {logging_mixin.py:188} INFO - [2026-08-29T20:20:43.754+0000] {dag.py:3947} INFO - Setting next_dagrun for training_pipeline to 2026-08-29 00:00:00+00:00, run_after=2026-08-30 00:00:00+00:00
[2026-08-29T20:20:43.793+0000] {processor.py:183} INFO - Processing /opt/airflow/dags/training_pipeline_dag.py took 1.741 seconds
[2026-08-29T20:21:14.631+0000] {processor.py:161} INFO - Started process (PID=2195) to work on /opt/airflow/dags/training_pipeline_dag.py
[2026-08-29T20:21:14.635+0000] {processor.py:830} INFO - Processing file /opt/airflow/dags/training_pipeline_dag.py for tasks to queue
[2026-08-29T20:21:14.639+0000] {logging_mixin.py:188} INFO - [2026-08-29T20:21:14.637+0000] {dagbag.py:545} INFO - Filling up the DagBag from /opt/airflow/dags/training_pipeline_dag.py
[2026-08-29T20:21:16.292+0000] {processor.py:840} INFO - DAG(s) 'training_pipeline' retrieved from /opt/airflow/dags/training_pipeline_dag.py
[2026-08-29T20:21:16.351+0000] {logging_mixin.py:188} INFO - [2026-08-29T20:21:16.350+0000] {dag.py:3089} INFO - Sync 1 DAGs
[2026-08-29T20:21:16.388+0000] {logging_mixin.py:188} INFO - [2026-08-29T20:21:16.388+0000] {dag.py:3947} INFO - Setting next_dagrun for training_pipeline to 2026-08-29 00:00:00+00:00, run_after=2026-08-30 00:00:00+00:00
[2026-08-29T20:21:16.422+0000] {processor.py:183} INFO - Processing /opt/airflow/dags/training_pipeline_dag.py took 1.834 seconds
[2026-08-29T20:21:47.433+0000] {processor.py:161} INFO - Started process (PID=2225) to work on /opt/airflow/dags/training_pipeline_dag.py
[2026-08-29T20:21:47.438+0000] {processor.py:830} INFO - Processing file /opt/airflow/dags/training_pipeline_dag.py for tasks to queue
[2026-08-29T20:21:47.441+0000] {logging_mixin.py:188} INFO - [2026-08-29T20:21:47.440+0000] {dagbag.py:545} INFO - Filling up the DagBag from /opt/airflow/dags/training_pipeline_dag.py
[2026-08-29T20:21:49.264+0000] {processor.py:840} INFO - DAG(s) 'training_pipeline' retrieved from /opt/airflow/dags/training_pipeline_dag.py
[2026-08-29T20:21:49.317+0000] {logging_mixin.py:188} INFO - [2026-08-29T20:21:49.317+0000] {dag.py:3089} INFO - Sync 1 DAGs
[2026-08-29T20:21:49.350+0000] {logging_mixin.py:188} INFO - [2026-08-29T20:21:49.350+0000] {dag.py:3947} INFO - Setting next_dagrun for training_pipeline to 2026-08-29 00:00:00+00:00, run_after=2026-08-30 00:00:00+00:00
[2026-08-29T20:21:49.387+0000] {processor.py:183} INFO - Processing /opt/airflow/dags/training_pipeline_dag.py took 1.973 seconds
[2026-08-29T20:22:20.079+0000] {processor.py:161} INFO - Started process (PID=2257) to work on /opt/airflow/dags/training_pipeline_dag.py
[2026-08-29T20:22:20.081+0000] {processor.py:830} INFO - Processing file /opt/airflow/dags/training_pipeline_dag.py for tasks to queue
[2026-08-29T20:22:20.083+0000] {logging_mixin.py:188} INFO - [2026-08-29T20:22:20.083+0000] {dagbag.py:545} INFO - Filling up the DagBag from /opt/airflow/dags/training_pipeline_dag.py
[2026-08-29T20:22:21.715+0000] {processor.py:840} INFO - DAG(s) 'training_pipeline' retrieved from /opt/airflow/dags/training_pipeline_dag.py
[2026-08-29T20:22:21.769+0000] {logging_mixin.py:188} INFO - [2026-08-29T20:22:21.768+0000] {dag.py:3089} INFO - Sync 1 DAGs
[2026-08-29T20:22:21.803+0000] {logging_mixin.py:188} INFO - [2026-08-29T20:22:21.803+0000] {dag.py:3947} INFO - Setting next_dagrun for training_pipeline to 2026-08-29 00:00:00+00:00, run_after=2026-08-30 00:00:00+00:00
[2026-08-29T20:22:21.838+0000] {processor.py:183} INFO - Processing /opt/airflow/dags/training_pipeline_dag.py took 1.778 seconds
[2026-08-29T20:22:52.520+0000] {processor.py:161} INFO - Started process (PID=2285) to work on /opt/airflow/dags/training_pipeline_dag.py
[2026-08-29T20:22:52.524+0000] {processor.py:830} INFO - Processing file /opt/airflow/dags/training_pipeline_dag.py for tasks to queue
[2026-08-29T20:22:52.527+0000] {logging_mixin.py:188} INFO - [2026-08-29T20:22:52.526+0000] {dagbag.py:545} INFO - Filling up the DagBag from /opt/airflow/dags/training_pipeline_dag.py
[2026-08-29T20:22:54.391+0000] {processor.py:840} INFO - DAG(s) 'training_pipeline' retrieved from /opt/airflow/dags/training_pipeline_dag.py
[2026-08-29T20:22:54.442+0000] {logging_mixin.py:188} INFO - [2026-08-29T20:22:54.441+0000] {dag.py:3089} INFO - Sync 1 DAGs
[2026-08-29T20:22:54.476+0000] {logging_mixin.py:188} INFO - [2026-08-29T20:22:54.476+0000] {dag.py:3947} INFO - Setting next_dagrun for training_pipeline to 2026-08-29 00:00:00+00:00, run_after=2026-08-30 00:00:00+00:00
[2026-08-29T20:22:54.509+0000] {processor.py:183} INFO - Processing /opt/airflow/dags/training_pipeline_dag.py took 2.008 seconds
[2026-08-29T20:23:25.045+0000] {processor.py:161} INFO - Started process (PID=2315) to work on /opt/airflow/dags/training_pipeline_dag.py
[2026-08-29T20:23:25.047+0000] {processor.py:830} INFO - Processing file /opt/airflow/dags/training_pipeline_dag.py for tasks to queue
[2026-08-29T20:23:25.049+0000] {logging_mixin.py:188} INFO - [2026-08-29T20:23:25.048+0000] {dagbag.py:545} INFO - Filling up the DagBag from /opt/airflow/dags/training_pipeline_dag.py
[2026-08-29T20:23:26.567+0000] {processor.py:840} INFO - DAG(s) 'training_pipeline' retrieved from /opt/airflow/dags/training_pipeline_dag.py
[2026-08-29T20:23:26.611+0000] {logging_mixin.py:188} INFO - [2026-08-29T20:23:26.611+0000] {dag.py:3089} INFO - Sync 1 DAGs
[2026-08-29T20:23:26.640+0000] {logging_mixin.py:188} INFO - [2026-08-29T20:23:26.640+0000] {dag.py:3947} INFO - Setting next_dagrun for training_pipeline to 2026-08-29 00:00:00+00:00, run_after=2026-08-30 00:00:00+00:00
[2026-08-29T20:23:26.671+0000] {processor.py:183} INFO - Processing /opt/airflow/dags/training_pipeline_dag.py took 1.641 seconds
[2026-08-29T20:23:57.733+0000] {processor.py:161} INFO - Started process (PID=2345) to work on /opt/airflow/dags/training_pipeline_dag.py
[2026-08-29T20:23:57.736+0000] {processor.py:830} INFO - Processing file /opt/airflow/dags/training_pipeline_dag.py for tasks to queue
[2026-08-29T20:23:57.738+0000] {logging_mixin.py:188} INFO - [2026-08-29T20:23:57.737+0000] {dagbag.py:545} INFO - Filling up the DagBag from /opt/airflow/dags/training_pipeline_dag.py
[2026-08-29T20:23:59.401+0000] {processor.py:840} INFO - DAG(s) 'training_pipeline' retrieved from /opt/airflow/dags/training_pipeline_dag.py
[2026-08-29T20:23:59.452+0000] {logging_mixin.py:188} INFO - [2026-08-29T20:23:59.451+0000] {dag.py:3089} INFO - Sync 1 DAGs
[2026-08-29T20:23:59.484+0000] {logging_mixin.py:188} INFO - [2026-08-29T20:23:59.483+0000] {dag.py:3947} INFO - Setting next_dagrun for training_pipeline to 2026-08-29 00:00:00+00:00, run_after=2026-08-30 00:00:00+00:00
[2026-08-29T20:23:59.519+0000] {processor.py:183} INFO - Processing /opt/airflow/dags/training_pipeline_dag.py took 1.803 seconds
[2026-08-29T20:24:31.459+0000] {processor.py:161} INFO - Started process (PID=2375) to work on /opt/airflow/dags/training_pipeline_dag.py
[2026-08-29T20:24:31.461+0000] {processor.py:830} INFO - Processing file /opt/airflow/dags/training_pipeline_dag.py for tasks to queue
[2026-08-29T20:24:31.464+0000] {logging_mixin.py:188} INFO - [2026-08-29T20:24:31.463+0000] {dagbag.py:545} INFO - Filling up the DagBag from /opt/airflow/dags/training_pipeline_dag.py
[2026-08-29T20:24:32.916+0000] {processor.py:840} INFO - DAG(s) 'training_pipeline' retrieved from /opt/airflow/dags/training_pipeline_dag.py
[2026-08-29T20:24:32.970+0000] {logging_mixin.py:188} INFO - [2026-08-29T20:24:32.969+0000] {dag.py:3089} INFO - Sync 1 DAGs
[2026-08-29T20:24:33.007+0000] {logging_mixin.py:188} INFO - [2026-08-29T20:24:33.007+0000] {dag.py:3947} INFO - Setting next_dagrun for training_pipeline to 2026-08-29 00:00:00+00:00, run_after=2026-08-30 00:00:00+00:00
[2026-08-29T20:24:33.039+0000] {processor.py:183} INFO - Processing /opt/airflow/dags/training_pipeline_dag.py took 1.595 seconds
[2026-08-29T20:25:04.498+0000] {processor.py:161} INFO - Started process (PID=2405) to work on /opt/airflow/dags/training_pipeline_dag.py
[2026-08-29T20:25:04.500+0000] {processor.py:830} INFO - Processing file /opt/airflow/dags/training_pipeline_dag.py for tasks to queue
[2026-08-29T20:25:04.502+0000] {logging_mixin.py:188} INFO - [2026-08-29T20:25:04.502+0000] {dagbag.py:545} INFO - Filling up the DagBag from /opt/airflow/dags/training_pipeline_dag.py
[2026-08-29T20:25:06.533+0000] {processor.py:840} INFO - DAG(s) 'training_pipeline' retrieved from /opt/airflow/dags/training_pipeline_dag.py
[2026-08-29T20:25:06.596+0000] {logging_mixin.py:188} INFO - [2026-08-29T20:25:06.595+0000] {dag.py:3089} INFO - Sync 1 DAGs
[2026-08-29T20:25:06.640+0000] {logging_mixin.py:188} INFO - [2026-08-29T20:25:06.640+0000] {dag.py:3947} INFO - Setting next_dagrun for training_pipeline to 2026-08-29 00:00:00+00:00, run_after=2026-08-30 00:00:00+00:00
[2026-08-29T20:25:06.680+0000] {processor.py:183} INFO - Processing /opt/airflow/dags/training_pipeline_dag.py took 2.242 seconds
[2026-08-29T20:25:37.400+0000] {processor.py:161} INFO - Started process (PID=2417) to work on /opt/airflow/dags/training_pipeline_dag.py
[2026-08-29T20:25:37.405+0000] {processor.py:830} INFO - Processing file /opt/airflow/dags/training_pipeline_dag.py for tasks to queue
[2026-08-29T20:25:37.409+0000] {logging_mixin.py:188} INFO - [2026-08-29T20:25:37.407+0000] {dagbag.py:545} INFO - Filling up the DagBag from /opt/airflow/dags/training_pipeline_dag.py
[2026-08-29T20:25:39.209+0000] {processor.py:840} INFO - DAG(s) 'training_pipeline' retrieved from /opt/airflow/dags/training_pipeline_dag.py
[2026-08-29T20:25:39.267+0000] {logging_mixin.py:188} INFO - [2026-08-29T20:25:39.267+0000] {dag.py:3089} INFO - Sync 1 DAGs
[2026-08-29T20:25:39.302+0000] {logging_mixin.py:188} INFO - [2026-08-29T20:25:39.301+0000] {dag.py:3947} INFO - Setting next_dagrun for training_pipeline to 2026-08-29 00:00:00+00:00, run_after=2026-08-30 00:00:00+00:00
[2026-08-29T20:25:39.337+0000] {processor.py:183} INFO - Processing /opt/airflow/dags/training_pipeline_dag.py took 1.960 seconds
[2026-08-29T20:30:53.552+0000] {processor.py:161} INFO - Started process (PID=2443) to work on /opt/airflow/dags/training_pipeline_dag.py
[2026-08-29T20:30:53.555+0000] {processor.py:830} INFO - Processing file /opt/airflow/dags/training_pipeline_dag.py for tasks to queue
[2026-08-29T20:30:53.558+0000] {logging_mixin.py:188} INFO - [2026-08-29T20:30:53.556+0000] {dagbag.py:545} INFO - Filling up the DagBag from /opt/airflow/dags/training_pipeline_dag.py
[2026-08-29T20:30:55.284+0000] {processor.py:840} INFO - DAG(s) 'training_pipeline' retrieved from /opt/airflow/dags/training_pipeline_dag.py
[2026-08-29T20:30:55.360+0000] {logging_mixin.py:188} INFO - [2026-08-29T20:30:55.359+0000] {dag.py:3089} INFO - Sync 1 DAGs
[2026-08-29T20:30:55.403+0000] {logging_mixin.py:188} INFO - [2026-08-29T20:30:55.403+0000] {dag.py:3947} INFO - Setting next_dagrun for training_pipeline to 2026-08-29 00:00:00+00:00, run_after=2026-08-30 00:00:00+00:00
[2026-08-29T20:30:55.444+0000] {processor.py:183} INFO - Processing /opt/airflow/dags/training_pipeline_dag.py took 4.670 seconds
[2026-08-29T20:31:25.975+0000] {processor.py:161} INFO - Started process (PID=2473) to work on /opt/airflow/dags/training_pipeline_dag.py
[2026-08-29T20:31:25.978+0000] {processor.py:830} INFO - Processing file /opt/airflow/dags/training_pipeline_dag.py for tasks to queue
[2026-08-29T20:31:25.982+0000] {logging_mixin.py:188} INFO - [2026-08-29T20:31:25.980+0000] {dagbag.py:545} INFO - Filling up the DagBag from /opt/airflow/dags/training_pipeline_dag.py
[2026-08-29T20:31:27.494+0000] {processor.py:840} INFO - DAG(s) 'training_pipeline' retrieved from /opt/airflow/dags/training_pipeline_dag.py
[2026-08-29T20:31:27.546+0000] {logging_mixin.py:188} INFO - [2026-08-29T20:31:27.545+0000] {dag.py:3089} INFO - Sync 1 DAGs
[2026-08-29T20:31:27.574+0000] {logging_mixin.py:188} INFO - [2026-08-29T20:31:27.574+0000] {dag.py:3947} INFO - Setting next_dagrun for training_pipeline to 2026-08-29 00:00:00+00:00, run_after=2026-08-30 00:00:00+00:00
[2026-08-29T20:31:27.602+0000] {processor.py:183} INFO - Processing /opt/airflow/dags/training_pipeline_dag.py took 1.674 seconds
[2026-08-29T20:31:57.859+0000] {processor.py:161} INFO - Started process (PID=2503) to work on /opt/airflow/dags/training_pipeline_dag.py
[2026-08-29T20:31:57.862+0000] {processor.py:830} INFO - Processing file /opt/airflow/dags/training_pipeline_dag.py for tasks to queue
[2026-08-29T20:31:57.864+0000] {logging_mixin.py:188} INFO - [2026-08-29T20:31:57.863+0000] {dagbag.py:545} INFO - Filling up the DagBag from /opt/airflow/dags/training_pipeline_dag.py
[2026-08-29T20:31:59.348+0000] {processor.py:840} INFO - DAG(s) 'training_pipeline' retrieved from /opt/airflow/dags/training_pipeline_dag.py
[2026-08-29T20:31:59.394+0000] {logging_mixin.py:188} INFO - [2026-08-29T20:31:59.393+0000] {dag.py:3089} INFO - Sync 1 DAGs
[2026-08-29T20:31:59.424+0000] {logging_mixin.py:188} INFO - [2026-08-29T20:31:59.424+0000] {dag.py:3947} INFO - Setting next_dagrun for training_pipeline to 2026-08-29 00:00:00+00:00, run_after=2026-08-30 00:00:00+00:00
[2026-08-29T20:31:59.450+0000] {processor.py:183} INFO - Processing /opt/airflow/dags/training_pipeline_dag.py took 1.611 seconds
[2026-08-29T20:32:29.999+0000] {processor.py:161} INFO - Started process (PID=2533) to work on /opt/airflow/dags/training_pipeline_dag.py
[2026-08-29T20:32:30.002+0000] {processor.py:830} INFO - Processing file /opt/airflow/dags/training_pipeline_dag.py for tasks to queue
[2026-08-29T20:32:30.005+0000] {logging_mixin.py:188} INFO - [2026-08-29T20:32:30.004+0000] {dagbag.py:545} INFO - Filling up the DagBag from /opt/airflow/dags/training_pipeline_dag.py
[2026-08-29T20:32:31.620+0000] {processor.py:840} INFO - DAG(s) 'training_pipeline' retrieved from /opt/airflow/dags/training_pipeline_dag.py
[2026-08-29T20:32:31.676+0000] {logging_mixin.py:188} INFO - [2026-08-29T20:32:31.675+0000] {dag.py:3089} INFO - Sync 1 DAGs
[2026-08-29T20:32:31.714+0000] {logging_mixin.py:188} INFO - [2026-08-29T20:32:31.714+0000] {dag.py:3947} INFO - Setting next_dagrun for training_pipeline to 2026-08-29 00:00:00+00:00, run_after=2026-08-30 00:00:00+00:00
[2026-08-29T20:32:31.750+0000] {processor.py:183} INFO - Processing /opt/airflow/dags/training_pipeline_dag.py took 1.765 seconds
[2026-08-29T20:33:02.369+0000] {processor.py:161} INFO - Started process (PID=2563) to work on /opt/airflow/dags/training_pipeline_dag.py
[2026-08-29T20:33:02.371+0000] {processor.py:830} INFO - Processing file /opt/airflow/dags/training_pipeline_dag.py for tasks to queue
[2026-08-29T20:33:02.373+0000] {logging_mixin.py:188} INFO - [2026-08-29T20:33:02.372+0000] {dagbag.py:545} INFO - Filling up the DagBag from /opt/airflow/dags/training_pipeline_dag.py
[2026-08-29T20:33:04.097+0000] {processor.py:840} INFO - DAG(s) 'training_pipeline' retrieved from /opt/airflow/dags/training_pipeline_dag.py
[2026-08-29T20:33:04.159+0000] {logging_mixin.py:188} INFO - [2026-08-29T20:33:04.158+0000] {dag.py:3089} INFO - Sync 1 DAGs
[2026-08-29T20:33:04.209+0000] {logging_mixin.py:188} INFO - [2026-08-29T20:33:04.209+0000] {dag.py:3947} INFO - Setting next_dagrun for training_pipeline to 2026-08-29 00:00:00+00:00, run_after=2026-08-30 00:00:00+00:00
[2026-08-29T20:33:04.251+0000] {processor.py:183} INFO - Processing /opt/airflow/dags/training_pipeline_dag.py took 1.901 seconds
[2026-08-29T20:33:35.029+0000] {processor.py:161} INFO - Started process (PID=2593) to work on /opt/airflow/dags/training_pipeline_dag.py
[2026-08-29T20:33:35.032+0000] {processor.py:830} INFO - Processing file /opt/airflow/dags/training_pipeline_dag.py for tasks to queue
[2026-08-29T20:33:35.034+0000] {logging_mixin.py:188} INFO - [2026-08-29T20:33:35.033+0000] {dagbag.py:545} INFO - Filling up the DagBag from /opt/airflow/dags/training_pipeline_dag.py
[2026-08-29T20:33:36.868+0000] {processor.py:840} INFO - DAG(s) 'training_pipeline' retrieved from /opt/airflow/dags/training_pipeline_dag.py
[2026-08-29T20:33:36.922+0000] {logging_mixin.py:188} INFO - [2026-08-29T20:33:36.921+0000] {dag.py:3089} INFO - Sync 1 DAGs
[2026-08-29T20:33:36.961+0000] {logging_mixin.py:188} INFO - [2026-08-29T20:33:36.960+0000] {dag.py:3947} INFO - Setting next_dagrun for training_pipeline to 2026-08-29 00:00:00+00:00, run_after=2026-08-30 00:00:00+00:00
[2026-08-29T20:33:36.998+0000] {processor.py:183} INFO - Processing /opt/airflow/dags/training_pipeline_dag.py took 1.984 seconds
[2026-08-29T20:34:07.457+0000] {processor.py:161} INFO - Started process (PID=2623) to work on /opt/airflow/dags/training_pipeline_dag.py
[2026-08-29T20:34:07.460+0000] {processor.py:830} INFO - Processing file /opt/airflow/dags/training_pipeline_dag.py for tasks to queue
[2026-08-29T20:34:07.463+0000] {logging_mixin.py:188} INFO - [2026-08-29T20:34:07.462+0000] {dagbag.py:545} INFO - Filling up the DagBag from /opt/airflow/dags/training_pipeline_dag.py
[2026-08-29T20:34:09.267+0000] {processor.py:840} INFO - DAG(s) 'training_pipeline' retrieved from /opt/airflow/dags/training_pipeline_dag.py
[2026-08-29T20:34:09.320+0000] {logging_mixin.py:188} INFO - [2026-08-29T20:34:09.319+0000] {dag.py:3089} INFO - Sync 1 DAGs
[2026-08-29T20:34:09.360+0000] {logging_mixin.py:188} INFO - [2026-08-29T20:34:09.360+0000] {dag.py:3947} INFO - Setting next_dagrun for training_pipeline to 2026-08-29 00:00:00+00:00, run_after=2026-08-30 00:00:00+00:00
[2026-08-29T20:34:09.396+0000] {processor.py:183} INFO - Processing /opt/airflow/dags/training_pipeline_dag.py took 1.957 seconds
[2026-08-29T20:34:39.661+0000] {processor.py:161} INFO - Started process (PID=2653) to work on /opt/airflow/dags/training_pipeline_dag.py
[2026-08-29T20:34:39.664+0000] {processor.py:830} INFO - Processing file /opt/airflow/dags/training_pipeline_dag.py for tasks to queue
[2026-08-29T20:34:39.667+0000] {logging_mixin.py:188} INFO - [2026-08-29T20:34:39.666+0000] {dagbag.py:545} INFO - Filling up the DagBag from /opt/airflow/dags/training_pipeline_dag.py
[2026-08-29T20:34:41.868+0000] {processor.py:840} INFO - DAG(s) 'training_pipeline' retrieved from /opt/airflow/dags/training_pipeline_dag.py
[2026-08-29T20:34:41.923+0000] {logging_mixin.py:188} INFO - [2026-08-29T20:34:41.922+0000] {dag.py:3089} INFO - Sync 1 DAGs
[2026-08-29T20:34:41.959+0000] {logging_mixin.py:188} INFO - [2026-08-29T20:34:41.959+0000] {dag.py:3947} INFO - Setting next_dagrun for training_pipeline to 2026-08-29 00:00:00+00:00, run_after=2026-08-30 00:00:00+00:00
[2026-08-29T20:34:41.995+0000] {processor.py:183} INFO - Processing /opt/airflow/dags/training_pipeline_dag.py took 1.871 seconds
[2026-08-29T20:35:10.229+0000] {processor.py:161} INFO - Started process (PID=2683) to work on /opt/airflow/dags/training_pipeline_dag.py
[2026-08-29T20:35:10.232+0000] {processor.py:830} INFO - Processing file /opt/airflow/dags/training_pipeline_dag.py for tasks to queue
[2026-08-29T20:35:10.235+0000] {logging_mixin.py:188} INFO - [2026-08-29T20:35:10.234+0000] {dagbag.py:545} INFO - Filling up the DagBag from /opt/airflow/dags/training_pipeline_dag.py
[2026-08-29T20:35:12.737+0000] {processor.py:840} INFO - DAG(s) 'training_pipeline' retrieved from /opt/airflow/dags/training_pipeline_dag.py
[2026-08-29T20:35:12.811+0000] {logging_mixin.py:188} INFO - [2026-08-29T20:35:12.810+0000] {dag.py:3089} INFO - Sync 1 DAGs
[2026-08-29T20:35:12.873+0000] {logging_mixin.py:188} INFO - [2026-08-29T20:35:12.872+0000] {dag.py:3947} INFO - Setting next_dagrun for training_pipeline to 2026-08-29 00:00:00+00:00, run_after=2026-08-30 00:00:00+00:00
[2026-08-29T20:35:12.916+0000] {processor.py:183} INFO - Processing /opt/airflow/dags/training_pipeline_dag.py took 2.703 seconds
[2026-08-29T20:35:43.725+0000] {processor.py:161} INFO - Started process (PID=2713) to work on /opt/airflow/dags/training_pipeline_dag.py
[2026-08-29T20:35:43.728+0000] {processor.py:830} INFO - Processing file /opt/airflow/dags/training_pipeline_dag.py for tasks to queue
[2026-08-29T20:35:43.731+0000] {logging_mixin.py:188} INFO - [2026-08-29T20:35:43.730+0000] {dagbag.py:545} INFO - Filling up the DagBag from /opt/airflow/dags/training_pipeline_dag.py
[2026-08-29T20:35:45.569+0000] {processor.py:840} INFO - DAG(s) 'training_pipeline' retrieved from /opt/airflow/dags/training_pipeline_dag.py
[2026-08-29T20:35:45.624+0000] {logging_mixin.py:188} INFO - [2026-08-29T20:35:45.623+0000] {dag.py:3089} INFO - Sync 1 DAGs
[2026-08-29T20:35:45.662+0000] {logging_mixin.py:188} INFO - [2026-08-29T20:35:45.661+0000] {dag.py:3947} INFO - Setting next_dagrun for training_pipeline to 2026-08-29 00:00:00+00:00, run_after=2026-08-30 00:00:00+00:00
[2026-08-29T20:35:45.699+0000] {processor.py:183} INFO - Processing /opt/airflow/dags/training_pipeline_dag.py took 1.989 seconds
[2026-08-29T20:36:15.940+0000] {processor.py:161} INFO - Started process (PID=2743) to work on /opt/airflow/dags/training_pipeline_dag.py
[2026-08-29T20:36:15.943+0000] {processor.py:830} INFO - Processing file /opt/airflow/dags/training_pipeline_dag.py for tasks to queue
[2026-08-29T20:36:15.945+0000] {logging_mixin.py:188} INFO - [2026-08-29T20:36:15.945+0000] {dagbag.py:545} INFO - Filling up the DagBag from /opt/airflow/dags/training_pipeline_dag.py
[2026-08-29T20:36:17.698+0000] {processor.py:840} INFO - DAG(s) 'training_pipeline' retrieved from /opt/airflow/dags/training_pipeline_dag.py
[2026-08-29T20:36:17.748+0000] {logging_mixin.py:188} INFO - [2026-08-29T20:36:17.747+0000] {dag.py:3089} INFO - Sync 1 DAGs
[2026-08-29T20:36:17.783+0000] {logging_mixin.py:188} INFO - [2026-08-29T20:36:17.782+0000] {dag.py:3947} INFO - Setting next_dagrun for training_pipeline to 2026-08-29 00:00:00+00:00, run_after=2026-08-30 00:00:00+00:00
[2026-08-29T20:36:17.820+0000] {processor.py:183} INFO - Processing /opt/airflow/dags/training_pipeline_dag.py took 1.898 seconds
[2026-08-29T20:36:48.753+0000] {processor.py:161} INFO - Started process (PID=2773) to work on /opt/airflow/dags/training_pipeline_dag.py
[2026-08-29T20:36:48.756+0000] {processor.py:830} INFO - Processing file /opt/airflow/dags/training_pipeline_dag.py for tasks to queue
[2026-08-29T20:36:48.759+0000] {logging_mixin.py:188} INFO - [2026-08-29T20:36:48.758+0000] {dagbag.py:545} INFO - Filling up the DagBag from /opt/airflow/dags/training_pipeline_dag.py
[2026-08-29T20:36:50.434+0000] {processor.py:840} INFO - DAG(s) 'training_pipeline' retrieved from /opt/airflow/dags/training_pipeline_dag.py
[2026-08-29T20:36:50.527+0000] {logging_mixin.py:188} INFO - [2026-08-29T20:36:50.525+0000] {dag.py:3089} INFO - Sync 1 DAGs
[2026-08-29T20:36:50.593+0000] {logging_mixin.py:188} INFO - [2026-08-29T20:36:50.592+0000] {dag.py:3947} INFO - Setting next_dagrun for training_pipeline to 2026-08-29 00:00:00+00:00, run_after=2026-08-30 00:00:00+00:00
[2026-08-29T20:36:50.635+0000] {processor.py:183} INFO - Processing /opt/airflow/dags/training_pipeline_dag.py took 1.898 seconds
[2026-08-29T20:37:21.458+0000] {processor.py:161} INFO - Started process (PID=2803) to work on /opt/airflow/dags/training_pipeline_dag.py
[2026-08-29T20:37:21.461+0000] {processor.py:830} INFO - Processing file /opt/airflow/dags/training_pipeline_dag.py for tasks to queue
[2026-08-29T20:37:21.463+0000] {logging_mixin.py:188} INFO - [2026-08-29T20:37:21.462+0000] {dagbag.py:545} INFO - Filling up the DagBag from /opt/airflow/dags/training_pipeline_dag.py
[2026-08-29T20:37:23.335+0000] {processor.py:840} INFO - DAG(s) 'training_pipeline' retrieved from /opt/airflow/dags/training_pipeline_dag.py
[2026-08-29T20:37:23.391+0000] {logging_mixin.py:188} INFO - [2026-08-29T20:37:23.390+0000] {dag.py:3089} INFO - Sync 1 DAGs
[2026-08-29T20:37:23.429+0000] {logging_mixin.py:188} INFO - [2026-08-29T20:37:23.428+0000] {dag.py:3947} INFO - Setting next_dagrun for training_pipeline to 2026-08-29 00:00:00+00:00, run_after=2026-08-30 00:00:00+00:00
[2026-08-29T20:37:23.465+0000] {processor.py:183} INFO - Processing /opt/airflow/dags/training_pipeline_dag.py took 2.022 seconds
[2026-08-29T20:37:53.857+0000] {processor.py:161} INFO - Started process (PID=2833) to work on /opt/airflow/dags/training_pipeline_dag.py
[2026-08-29T20:37:53.860+0000] {processor.py:830} INFO - Processing file /opt/airflow/dags/training_pipeline_dag.py for tasks to queue
[2026-08-29T20:37:53.863+0000] {logging_mixin.py:188} INFO - [2026-08-29T20:37:53.862+0000] {dagbag.py:545} INFO - Filling up the DagBag from /opt/airflow/dags/training_pipeline_dag.py
[2026-08-29T20:37:53.295+0000] {processor.py:840} INFO - DAG(s) 'training_pipeline' retrieved from /opt/airflow/dags/training_pipeline_dag.py
[2026-08-29T20:37:53.346+0000] {logging_mixin.py:188} INFO - [2026-08-29T20:37:53.345+0000] {dag.py:3089} INFO - Sync 1 DAGs
[2026-08-29T20:37:53.379+0000] {logging_mixin.py:188} INFO - [2026-08-29T20:37:53.379+0000] {dag.py:3947} INFO - Setting next_dagrun for training_pipeline to 2026-08-29 00:00:00+00:00, run_after=2026-08-30 00:00:00+00:00
[2026-08-29T20:37:53.418+0000] {processor.py:183} INFO - Processing /opt/airflow/dags/training_pipeline_dag.py took 1.871 seconds
[2026-08-29T20:38:21.037+0000] {processor.py:161} INFO - Started process (PID=2849) to work on /opt/airflow/dags/training_pipeline_dag.py
[2026-08-29T20:38:21.041+0000] {processor.py:830} INFO - Processing file /opt/airflow/dags/training_pipeline_dag.py for tasks to queue
[2026-08-29T20:38:21.045+0000] {logging_mixin.py:188} INFO - [2026-08-29T20:38:21.043+0000] {dagbag.py:545} INFO - Filling up the DagBag from /opt/airflow/dags/training_pipeline_dag.py
[2026-08-29T20:38:23.116+0000] {processor.py:840} INFO - DAG(s) 'training_pipeline' retrieved from /opt/airflow/dags/training_pipeline_dag.py
[2026-08-29T20:38:23.166+0000] {logging_mixin.py:188} INFO - [2026-08-29T20:38:23.165+0000] {dag.py:3089} INFO - Sync 1 DAGs
[2026-08-29T20:38:23.204+0000] {logging_mixin.py:188} INFO - [2026-08-29T20:38:23.203+0000] {dag.py:3947} INFO - Setting next_dagrun for training_pipeline to 2026-08-29 00:00:00+00:00, run_after=2026-08-30 00:00:00+00:00
[2026-08-29T20:38:23.242+0000] {processor.py:183} INFO - Processing /opt/airflow/dags/training_pipeline_dag.py took 2.231 seconds
[2026-08-29T20:38:54.315+0000] {processor.py:161} INFO - Started process (PID=2875) to work on /opt/airflow/dags/training_pipeline_dag.py
[2026-08-29T20:38:54.318+0000] {processor.py:830} INFO - Processing file /opt/airflow/dags/training_pipeline_dag.py for tasks to queue
[2026-08-29T20:38:54.320+0000] {logging_mixin.py:188} INFO - [2026-08-29T20:38:54.319+0000] {dagbag.py:545} INFO - Filling up the DagBag from /opt/airflow/dags/training_pipeline_dag.py
[2026-08-29T20:38:56.372+0000] {processor.py:840} INFO - DAG(s) 'training_pipeline' retrieved from /opt/airflow/dags/training_pipeline_dag.py
[2026-08-29T20:38:56.426+0000] {logging_mixin.py:188} INFO - [2026-08-29T20:38:56.426+0000] {dag.py:3089} INFO - Sync 1 DAGs
[2026-08-29T20:38:56.463+0000] {logging_mixin.py:188} INFO - [2026-08-29T20:38:56.463+0000] {dag.py:3947} INFO - Setting next_dagrun for training_pipeline to 2026-08-29 00:00:00+00:00, run_after=2026-08-30 00:00:00+00:00
[2026-08-29T20:38:56.498+0000] {processor.py:183} INFO - Processing /opt/airflow/dags/training_pipeline_dag.py took 2.200 seconds
[2026-08-29T20:39:27.466+0000] {processor.py:161} INFO - Started process (PID=2905) to work on /opt/airflow/dags/training_pipeline_dag.py
[2026-08-29T20:39:27.469+0000] {processor.py:830} INFO - Processing file /opt/airflow/dags/training_pipeline_dag.py for tasks to queue
[2026-08-29T20:39:27.471+0000] {logging_mixin.py:188} INFO - [2026-08-29T20:39:27.470+0000] {dagbag.py:545} INFO - Filling up the DagBag from /opt/airflow/dags/training_pipeline_dag.py
[2026-08-29T20:39:29.186+0000] {processor.py:840} INFO - DAG(s) 'training_pipeline' retrieved from /opt/airflow/dags/training_pipeline_dag.py
[2026-08-29T20:39:29.234+0000] {logging_mixin.py:188} INFO - [2026-08-29T20:39:29.233+0000] {dag.py:3089} INFO - Sync 1 DAGs
[2026-08-29T20:39:29.270+0000] {logging_mixin.py:188} INFO - [2026-08-29T20:39:29.269+0000] {dag.py:3947} INFO - Setting next_dagrun for training_pipeline to 2026-08-29 00:00:00+00:00, run_after=2026-08-30 00:00:00+00:00
[2026-08-29T20:39:29.305+0000] {processor.py:183} INFO - Processing /opt/airflow/dags/training_pipeline_dag.py took 1.856 seconds
[2026-08-29T20:40:00.120+0000] {processor.py:161} INFO - Started process (PID=2935) to work on /opt/airflow/dags/training_pipeline_dag.py
[2026-08-29T20:40:00.123+0000] {processor.py:830} INFO - Processing file /opt/airflow/dags/training_pipeline_dag.py for tasks to queue
[2026-08-29T20:40:00.125+0000] {logging_mixin.py:188} INFO - [2026-08-29T20:40:00.124+0000] {dagbag.py:545} INFO - Filling up the DagBag from /opt/airflow/dags/training_pipeline_dag.py
[2026-08-29T20:40:01.881+0000] {processor.py:840} INFO - DAG(s) 'training_pipeline' retrieved from /opt/airflow/dags/training_pipeline_dag.py
[2026-08-29T20:40:01.968+0000] {logging_mixin.py:188} INFO - [2026-08-29T20:40:01.967+0000] {dag.py:3089} INFO - Sync 1 DAGs
[2026-08-29T20:40:02.007+0000] {logging_mixin.py:188} INFO - [2026-08-29T20:40:02.006+0000] {dag.py:3947} INFO - Setting next_dagrun for training_pipeline to 2026-08-29 00:00:00+00:00, run_after=2026-08-30 00:00:00+00:00
[2026-08-29T20:40:02.043+0000] {processor.py:183} INFO - Processing /opt/airflow/dags/training_pipeline_dag.py took 1.938 seconds
[2026-08-29T20:40:32.449+0000] {processor.py:161} INFO - Started process (PID=2965) to work on /opt/airflow/dags/training_pipeline_dag.py
[2026-08-29T20:40:32.451+0000] {processor.py:830} INFO - Processing file /opt/airflow/dags/training_pipeline_dag.py for tasks to queue
[2026-08-29T20:40:32.454+0000] {logging_mixin.py:188} INFO - [2026-08-29T20:40:32.453+0000] {dagbag.py:545} INFO - Filling up the DagBag from /opt/airflow/dags/training_pipeline_dag.py
[2026-08-29T20:40:34.187+0000] {processor.py:840} INFO - DAG(s) 'training_pipeline' retrieved from /opt/airflow/dags/training_pipeline_dag.py
[2026-08-29T20:40:34.244+0000] {logging_mixin.py:188} INFO - [2026-08-29T20:40:34.243+0000] {dag.py:3089} INFO - Sync 1 DAGs
[2026-08-29T20:40:34.282+0000] {logging_mixin.py:188} INFO - [2026-08-29T20:40:34.281+0000] {dag.py:3947} INFO - Setting next_dagrun for training_pipeline to 2026-08-29 00:00:00+00:00, run_after=2026-08-30 00:00:00+00:00
[2026-08-29T20:40:34.320+0000] {processor.py:183} INFO - Processing /opt/airflow/dags/training_pipeline_dag.py took 1.887 seconds
[2026-08-29T20:41:04.649+0000] {processor.py:161} INFO - Started process (PID=2995) to work on /opt/airflow/dags/training_pipeline_dag.py
[2026-08-29T20:41:04.651+0000] {processor.py:830} INFO - Processing file /opt/airflow/dags/training_pipeline_dag.py for tasks to queue
[2026-08-29T20:41:04.654+0000] {logging_mixin.py:188} INFO - [2026-08-29T20:41:04.653+0000] {dagbag.py:545} INFO - Filling up the DagBag from /opt/airflow/dags/training_pipeline_dag.py
[2026-08-29T20:41:06.487+0000] {processor.py:840} INFO - DAG(s) 'training_pipeline' retrieved from /opt/airflow/dags/training_pipeline_dag.py
[2026-08-29T20:41:06.552+0000] {logging_mixin.py:188} INFO - [2026-08-29T20:41:06.550+0000] {dag.py:3089} INFO - Sync 1 DAGs
[2026-08-29T20:41:06.604+0000] {logging_mixin.py:188} INFO - [2026-08-29T20:41:06.603+0000] {dag.py:3947} INFO - Setting next_dagrun for training_pipeline to 2026-08-29 00:00:00+00:00, run_after=2026-08-30 00:00:00+00:00
[2026-08-29T20:41:06.647+0000] {processor.py:183} INFO - Processing /opt/airflow/dags/training_pipeline_dag.py took 2.014 seconds
[2026-08-29T20:49:20.756+0000] {processor.py:161} INFO - Started process (PID=3025) to work on /opt/airflow/dags/training_pipeline_dag.py
[2026-08-29T20:49:20.758+0000] {processor.py:830} INFO - Processing file /opt/airflow/dags/training_pipeline_dag.py for tasks to queue
[2026-08-29T20:49:20.761+0000] {logging_mixin.py:188} INFO - [2026-08-29T20:49:20.759+0000] {dagbag.py:545} INFO - Filling up the DagBag from /opt/airflow/dags/training_pipeline_dag.py
[2026-08-29T20:49:26.587+0000] {processor.py:840} INFO - DAG(s) 'training_pipeline' retrieved from /opt/airflow/dags/training_pipeline_dag.py
[2026-08-29T20:49:26.699+0000] {logging_mixin.py:188} INFO - [2026-08-29T20:49:26.698+0000] {dag.py:3089} INFO - Sync 1 DAGs
[2026-08-29T20:49:26.742+0000] {logging_mixin.py:188} INFO - [2026-08-29T20:49:26.742+0000] {dag.py:3947} INFO - Setting next_dagrun for training_pipeline to 2026-08-29 00:00:00+00:00, run_after=2026-08-30 00:00:00+00:00
[2026-08-29T20:49:26.804+0000] {processor.py:183} INFO - Processing /opt/airflow/dags/training_pipeline_dag.py took 6.085 seconds
[2026-08-29T20:49:57.152+0000] {processor.py:161} INFO - Started process (PID=3055) to work on /opt/airflow/dags/training_pipeline_dag.py
[2026-08-29T20:49:57.155+0000] {processor.py:830} INFO - Processing file /opt/airflow/dags/training_pipeline_dag.py for tasks to queue
[2026-08-29T20:49:57.157+0000] {logging_mixin.py:188} INFO - [2026-08-29T20:49:57.156+0000] {dagbag.py:545} INFO - Filling up the DagBag from /opt/airflow/dags/training_pipeline_dag.py
[2026-08-29T20:49:58.552+0000] {processor.py:840} INFO - DAG(s) 'training_pipeline' retrieved from /opt/airflow/dags/training_pipeline_dag.py
[2026-08-29T20:49:58.598+0000] {logging_mixin.py:188} INFO - [2026-08-29T20:49:58.597+0000] {dag.py:3089} INFO - Sync 1 DAGs
[2026-08-29T20:49:58.631+0000] {logging_mixin.py:188} INFO - [2026-08-29T20:49:58.631+0000] {dag.py:3947} INFO - Setting next_dagrun for training_pipeline to 2026-08-29 00:00:00+00:00, run_after=2026-08-30 00:00:00+00:00
[2026-08-29T20:49:58.663+0000] {processor.py:183} INFO - Processing /opt/airflow/dags/training_pipeline_dag.py took 1.526 seconds
[2026-08-29T20:50:29.231+0000] {processor.py:161} INFO - Started process (PID=3085) to work on /opt/airflow/dags/training_pipeline_dag.py
[2026-08-29T20:50:29.234+0000] {processor.py:830} INFO - Processing file /opt/airflow/dags/training_pipeline_dag.py for tasks to queue
[2026-08-29T20:50:29.236+0000] {logging_mixin.py:188} INFO - [2026-08-29T20:50:29.235+0000] {dagbag.py:545} INFO - Filling up the DagBag from /opt/airflow/dags/training_pipeline_dag.py
[2026-08-29T20:50:30.733+0000] {processor.py:840} INFO - DAG(s) 'training_pipeline' retrieved from /opt/airflow/dags/training_pipeline_dag.py
[2026-08-29T20:50:30.774+0000] {logging_mixin.py:188} INFO - [2026-08-29T20:50:30.774+0000] {dag.py:3089} INFO - Sync 1 DAGs
[2026-08-29T20:50:30.802+0000] {logging_mixin.py:188} INFO - [2026-08-29T20:50:30.802+0000] {dag.py:3947} INFO - Setting next_dagrun for training_pipeline to 2026-08-29 00:00:00+00:00, run_after=2026-08-30 00:00:00+00:00
[2026-08-29T20:50:30.830+0000] {processor.py:183} INFO - Processing /opt/airflow/dags/training_pipeline_dag.py took 1.615 seconds
[2026-08-29T20:51:01.338+0000] {processor.py:161} INFO - Started process (PID=3115) to work on /opt/airflow/dags/training_pipeline_dag.py
[2026-08-29T20:51:01.341+0000] {processor.py:830} INFO - Processing file /opt/airflow/dags/training_pipeline_dag.py for tasks to queue
[2026-08-29T20:51:01.343+0000] {logging_mixin.py:188} INFO - [2026-08-29T20:51:01.342+0000] {dagbag.py:545} INFO - Filling up the DagBag from /opt/airflow/dags/training_pipeline_dag.py
[2026-08-29T20:51:03.239+0000] {processor.py:840} INFO - DAG(s) 'training_pipeline' retrieved from /opt/airflow/dags/training_pipeline_dag.py
[2026-08-29T20:51:03.292+0000] {logging_mixin.py:188} INFO - [2026-08-29T20:51:03.291+0000] {dag.py:3089} INFO - Sync 1 DAGs
[2026-08-29T20:51:03.330+0000] {logging_mixin.py:188} INFO - [2026-08-29T20:51:03.330+0000] {dag.py:3947} INFO - Setting next_dagrun for training_pipeline to 2026-08-29 00:00:00+00:00, run_after=2026-08-30 00:00:00+00:00
[2026-08-29T20:51:04.785+0000] {processor.py:183} INFO - Processing /opt/airflow/dags/training_pipeline_dag.py took 2.061 seconds
[2026-08-29T20:51:35.188+0000] {processor.py:161} INFO - Started process (PID=3145) to work on /opt/airflow/dags/training_pipeline_dag.py
[2026-08-29T20:51:35.199+0000] {processor.py:830} INFO - Processing file /opt/airflow/dags/training_pipeline_dag.py for tasks to queue
[2026-08-29T20:51:35.203+0000] {logging_mixin.py:188} INFO - [2026-08-29T20:51:35.201+0000] {dagbag.py:545} INFO - Filling up the DagBag from /opt/airflow/dags/training_pipeline_dag.py
[2026-08-29T20:51:41.123+0000] {processor.py:840} INFO - DAG(s) 'training_pipeline' retrieved from /opt/airflow/dags/training_pipeline_dag.py
[2026-08-29T20:51:41.446+0000] {logging_mixin.py:188} INFO - [2026-08-29T20:51:41.445+0000] {dag.py:3089} INFO - Sync 1 DAGs
[2026-08-29T20:51:41.498+0000] {logging_mixin.py:188} INFO - [2026-08-29T20:51:41.498+0000] {dag.py:3947} INFO - Setting next_dagrun for training_pipeline to 2026-08-29 00:00:00+00:00, run_after=2026-08-30 00:00:00+00:00
[2026-08-29T20:51:41.534+0000] {processor.py:183} INFO - Processing /opt/airflow/dags/training_pipeline_dag.py took 6.383 seconds
[2026-08-29T20:52:12.301+0000] {processor.py:161} INFO - Started process (PID=3175) to work on /opt/airflow/dags/training_pipeline_dag.py
[2026-08-29T20:52:12.304+0000] {processor.py:830} INFO - Processing file /opt/airflow/dags/training_pipeline_dag.py for tasks to queue
[2026-08-29T20:52:12.306+0000] {logging_mixin.py:188} INFO - [2026-08-29T20:52:12.306+0000] {dagbag.py:545} INFO - Filling up the DagBag from /opt/airflow/dags/training_pipeline_dag.py
[2026-08-29T20:52:14.266+0000] {processor.py:840} INFO - DAG(s) 'training_pipeline' retrieved from /opt/airflow/dags/training_pipeline_dag.py
[2026-08-29T20:52:14.328+0000] {logging_mixin.py:188} INFO - [2026-08-29T20:52:14.327+0000] {dag.py:3089} INFO - Sync 1 DAGs
[2026-08-29T20:52:14.370+0000] {logging_mixin.py:188} INFO - [2026-08-29T20:52:14.370+0000] {dag.py:3947} INFO - Setting next_dagrun for training_pipeline to 2026-08-29 00:00:00+00:00, run_after=2026-08-30 00:00:00+00:00
[2026-08-29T20:52:14.411+0000] {processor.py:183} INFO - Processing /opt/airflow/dags/training_pipeline_dag.py took 2.125 seconds
[2026-08-29T20:52:44.870+0000] {processor.py:161} INFO - Started process (PID=3205) to work on /opt/airflow/dags/training_pipeline_dag.py
[2026-08-29T20:52:44.873+0000] {processor.py:830} INFO - Processing file /opt/airflow/dags/training_pipeline_dag.py for tasks to queue
[2026-08-29T20:52:44.877+0000] {logging_mixin.py:188} INFO - [2026-08-29T20:52:44.876+0000] {dagbag.py:545} INFO - Filling up the DagBag from /opt/airflow/dags/training_pipeline_dag.py
[2026-08-29T20:52:48.579+0000] {processor.py:840} INFO - DAG(s) 'training_pipeline' retrieved from /opt/airflow/dags/training_pipeline_dag.py
[2026-08-29T20:52:49.143+0000] {logging_mixin.py:188} INFO - [2026-08-29T20:52:49.140+0000] {dag.py:3089} INFO - Sync 1 DAGs
[2026-08-29T20:52:49.380+0000] {logging_mixin.py:188} INFO - [2026-08-29T20:52:49.378+0000] {dag.py:3947} INFO - Setting next_dagrun for training_pipeline to 2026-08-29 00:00:00+00:00, run_after=2026-08-30 00:00:00+00:00
[2026-08-29T20:52:49.579+0000] {processor.py:183} INFO - Processing /opt/airflow/dags/training_pipeline_dag.py took 4.729 seconds
[2026-08-29T20:53:20.052+0000] {processor.py:161} INFO - Started process (PID=3235) to work on /opt/airflow/dags/training_pipeline_dag.py
[2026-08-29T20:53:20.056+0000] {processor.py:830} INFO - Processing file /opt/airflow/dags/training_pipeline_dag.py for tasks to queue
[2026-08-29T20:53:20.059+0000] {logging_mixin.py:188} INFO - [2026-08-29T20:53:20.058+0000] {dagbag.py:545} INFO - Filling up the DagBag from /opt/airflow/dags/training_pipeline_dag.py
[2026-08-29T20:53:22.054+0000] {processor.py:840} INFO - DAG(s) 'training_pipeline' retrieved from /opt/airflow/dags/training_pipeline_dag.py
[2026-08-29T20:53:22.117+0000] {logging_mixin.py:188} INFO - [2026-08-29T20:53:22.116+0000] {dag.py:3089} INFO - Sync 1 DAGs
[2026-08-29T20:53:22.157+0000] {logging_mixin.py:188} INFO - [2026-08-29T20:53:22.156+0000] {dag.py:3947} INFO - Setting next_dagrun for training_pipeline to 2026-08-29 00:00:00+00:00, run_after=2026-08-30 00:00:00+00:00
[2026-08-29T20:53:22.194+0000] {processor.py:183} INFO - Processing /opt/airflow/dags/training_pipeline_dag.py took 2.163 seconds
[2026-08-29T20:53:52.537+0000] {processor.py:161} INFO - Started process (PID=3265) to work on /opt/airflow/dags/training_pipeline_dag.py
[2026-08-29T20:53:52.540+0000] {processor.py:830} INFO - Processing file /opt/airflow/dags/training_pipeline_dag.py for tasks to queue
[2026-08-29T20:53:52.542+0000] {logging_mixin.py:188} INFO - [2026-08-29T20:53:52.541+0000] {dagbag.py:545} INFO - Filling up the DagBag from /opt/airflow/dags/training_pipeline_dag.py
[2026-08-29T20:53:56.666+0000] {processor.py:840} INFO - DAG(s) 'training_pipeline' retrieved from /opt/airflow/dags/training_pipeline_dag.py
[2026-08-29T20:53:57.174+0000] {logging_mixin.py:188} INFO - [2026-08-29T20:53:57.172+0000] {dag.py:3089} INFO - Sync 1 DAGs
[2026-08-29T20:53:57.308+0000] {logging_mixin.py:188} INFO - [2026-08-29T20:53:57.308+0000] {dag.py:3947} INFO - Setting next_dagrun for training_pipeline to 2026-08-29 00:00:00+00:00, run_after=2026-08-30 00:00:00+00:00
[2026-08-29T20:53:57.490+0000] {processor.py:183} INFO - Processing /opt/airflow/dags/training_pipeline_dag.py took 4.972 seconds
[2026-08-29T20:54:28.290+0000] {processor.py:161} INFO - Started process (PID=3295) to work on /opt/airflow/dags/training_pipeline_dag.py
[2026-08-29T20:54:28.293+0000] {processor.py:830} INFO - Processing file /opt/airflow/dags/training_pipeline_dag.py for tasks to queue
[2026-08-29T20:54:28.295+0000] {logging_mixin.py:188} INFO - [2026-08-29T20:54:28.294+0000] {dagbag.py:545} INFO - Filling up the DagBag from /opt/airflow/dags/training_pipeline_dag.py
[2026-08-29T20:54:30.074+0000] {processor.py:840} INFO - DAG(s) 'training_pipeline' retrieved from /opt/airflow/dags/training_pipeline_dag.py
[2026-08-29T20:54:30.131+0000] {logging_mixin.py:188} INFO - [2026-08-29T20:54:30.130+0000] {dag.py:3089} INFO - Sync 1 DAGs
[2026-08-29T20:54:30.180+0000] {logging_mixin.py:188} INFO - [2026-08-29T20:54:30.179+0000] {dag.py:3947} INFO - Setting next_dagrun for training_pipeline to 2026-08-29 00:00:00+00:00, run_after=2026-08-30 00:00:00+00:00
[2026-08-29T20:54:30.248+0000] {processor.py:183} INFO - Processing /opt/airflow/dags/training_pipeline_dag.py took 1.974 seconds
[2026-08-29T20:55:00.963+0000] {processor.py:161} INFO - Started process (PID=3325) to work on /opt/airflow/dags/training_pipeline_dag.py
[2026-08-29T20:55:00.968+0000] {processor.py:830} INFO - Processing file /opt/airflow/dags/training_pipeline_dag.py for tasks to queue
[2026-08-29T20:55:00.971+0000] {logging_mixin.py:188} INFO - [2026-08-29T20:55:00.970+0000] {dagbag.py:545} INFO - Filling up the DagBag from /opt/airflow/dags/training_pipeline_dag.py
[2026-08-29T20:55:03.789+0000] {processor.py:840} INFO - DAG(s) 'training_pipeline' retrieved from /opt/airflow/dags/training_pipeline_dag.py
[2026-08-29T20:55:04.424+0000] {logging_mixin.py:188} INFO - [2026-08-29T20:55:04.420+0000] {dag.py:3089} INFO - Sync 1 DAGs
[2026-08-29T20:55:04.946+0000] {logging_mixin.py:188} INFO - [2026-08-29T20:55:04.945+0000] {dag.py:3947} INFO - Setting next_dagrun for training_pipeline to 2026-08-29 00:00:00+00:00, run_after=2026-08-30 00:00:00+00:00
[2026-08-29T20:55:05.138+0000] {processor.py:183} INFO - Processing /opt/airflow/dags/training_pipeline_dag.py took 4.193 seconds
[2026-08-29T20:55:35.648+0000] {processor.py:161} INFO - Started process (PID=3355) to work on /opt/airflow/dags/training_pipeline_dag.py
[2026-08-29T20:55:35.651+0000] {processor.py:830} INFO - Processing file /opt/airflow/dags/training_pipeline_dag.py for tasks to queue
[2026-08-29T20:55:35.653+0000] {logging_mixin.py:188} INFO - [2026-08-29T20:55:35.652+0000] {dagbag.py:545} INFO - Filling up the DagBag from /opt/airflow/dags/training_pipeline_dag.py
[2026-08-29T20:55:37.571+0000] {processor.py:840} INFO - DAG(s) 'training_pipeline' retrieved from /opt/airflow/dags/training_pipeline_dag.py
[2026-08-29T20:55:37.625+0000] {logging_mixin.py:188} INFO - [2026-08-29T20:55:37.624+0000] {dag.py:3089} INFO - Sync 1 DAGs
[2026-08-29T20:55:37.677+0000] {logging_mixin.py:188} INFO - [2026-08-29T20:55:37.676+0000] {dag.py:3947} INFO - Setting next_dagrun for training_pipeline to 2026-08-29 00:00:00+00:00, run_after=2026-08-30 00:00:00+00:00
[2026-08-29T20:55:37.715+0000] {processor.py:183} INFO - Processing /opt/airflow/dags/training_pipeline_dag.py took 2.084 seconds
[2026-08-29T20:56:08.242+0000] {processor.py:161} INFO - Started process (PID=3385) to work on /opt/airflow/dags/training_pipeline_dag.py
[2026-08-29T20:56:08.246+0000] {processor.py:830} INFO - Processing file /opt/airflow/dags/training_pipeline_dag.py for tasks to queue
[2026-08-29T20:56:08.249+0000] {logging_mixin.py:188} INFO - [2026-08-29T20:56:08.248+0000] {dagbag.py:545} INFO - Filling up the DagBag from /opt/airflow/dags/training_pipeline_dag.py
[2026-08-29T20:56:08.892+0000] {processor.py:840} INFO - DAG(s) 'training_pipeline' retrieved from /opt/airflow/dags/training_pipeline_dag.py
[2026-08-29T20:56:09.176+0000] {logging_mixin.py:188} INFO - [2026-08-29T20:56:09.171+0000] {dag.py:3089} INFO - Sync 1 DAGs
[2026-08-29T20:56:09.365+0000] {logging_mixin.py:188} INFO - [2026-08-29T20:56:09.364+0000] {dag.py:3947} INFO - Setting next_dagrun for training_pipeline to 2026-08-29 00:00:00+00:00, run_after=2026-08-30 00:00:00+00:00
[2026-08-29T20:56:09.473+0000] {processor.py:183} INFO - Processing /opt/airflow/dags/training_pipeline_dag.py took 3.581 seconds
[2026-08-29T20:56:40.389+0000] {processor.py:161} INFO - Started process (PID=3415) to work on /opt/airflow/dags/training_pipeline_dag.py
[2026-08-29T20:56:40.393+0000] {processor.py:830} INFO - Processing file /opt/airflow/dags/training_pipeline_dag.py for tasks to queue
[2026-08-29T20:56:40.405+0000] {logging_mixin.py:188} INFO - [2026-08-29T20:56:40.397+0000] {dagbag.py:545} INFO - Filling up the DagBag from /opt/airflow/dags/training_pipeline_dag.py
[2026-08-29T20:56:42.651+0000] {processor.py:840} INFO - DAG(s) 'training_pipeline' retrieved from /opt/airflow/dags/training_pipeline_dag.py
[2026-08-29T20:56:42.700+0000] {logging_mixin.py:188} INFO - [2026-08-29T20:56:42.700+0000] {dag.py:3089} INFO - Sync 1 DAGs
[2026-08-29T20:56:42.732+0000] {logging_mixin.py:188} INFO - [2026-08-29T20:56:42.732+0000] {dag.py:3947} INFO - Setting next_dagrun for training_pipeline to 2026-08-29 00:00:00+00:00, run_after=2026-08-30 00:00:00+00:00
[2026-08-29T20:56:42.767+0000] {processor.py:183} INFO - Processing /opt/airflow/dags/training_pipeline_dag.py took 2.401 seconds
[2026-08-29T20:57:13.594+0000] {processor.py:161} INFO - Started process (PID=3445) to work on /opt/airflow/dags/training_pipeline_dag.py
[2026-08-29T20:57:13.597+0000] {processor.py:830} INFO - Processing file /opt/airflow/dags/training_pipeline_dag.py for tasks to queue
[2026-08-29T20:57:13.600+0000] {logging_mixin.py:188} INFO - [2026-08-29T20:57:13.599+0000] {dagbag.py:545} INFO - Filling up the DagBag from /opt/airflow/dags/training_pipeline_dag.py
[2026-08-29T20:57:16.570+0000] {processor.py:840} INFO - DAG(s) 'training_pipeline' retrieved from /opt/airflow/dags/training_pipeline_dag.py
[2026-08-29T20:57:16.750+0000] {logging_mixin.py:188} INFO - [2026-08-29T20:57:16.746+0000] {dag.py:3089} INFO - Sync 1 DAGs
[2026-08-29T20:57:16.912+0000] {logging_mixin.py:188} INFO - [2026-08-29T20:57:16.912+0000] {dag.py:3947} INFO - Setting next_dagrun for training_pipeline to 2026-08-29 00:00:00+00:00, run_after=2026-08-30 00:00:00+00:00
[2026-08-29T20:57:17.016+0000] {processor.py:183} INFO - Processing /opt/airflow/dags/training_pipeline_dag.py took 3.441 seconds
[2026-08-29T20:57:47.385+0000] {processor.py:161} INFO - Started process (PID=3475) to work on /opt/airflow/dags/training_pipeline_dag.py
[2026-08-29T20:57:47.387+0000] {processor.py:830} INFO - Processing file /opt/airflow/dags/training_pipeline_dag.py for tasks to queue
[2026-08-29T20:57:47.389+0000] {logging_mixin.py:188} INFO - [2026-08-29T20:57:47.388+0000] {dagbag.py:545} INFO - Filling up the DagBag from /opt/airflow/dags/training_pipeline_dag.py
[2026-08-29T20:57:49.528+0000] {processor.py:840} INFO - DAG(s) 'training_pipeline' retrieved from /opt/airflow/dags/training_pipeline_dag.py
[2026-08-29T20:57:49.591+0000] {logging_mixin.py:188} INFO - [2026-08-29T20:57:49.590+0000] {dag.py:3089} INFO - Sync 1 DAGs
[2026-08-29T20:57:49.637+0000] {logging_mixin.py:188} INFO - [2026-08-29T20:57:49.637+0000] {dag.py:3947} INFO - Setting next_dagrun for training_pipeline to 2026-08-29 00:00:00+00:00, run_after=2026-08-30 00:00:00+00:00
[2026-08-29T20:57:49.680+0000] {processor.py:183} INFO - Processing /opt/airflow/dags/training_pipeline_dag.py took 2.311 seconds
[2026-08-29T20:58:20.143+0000] {processor.py:161} INFO - Started process (PID=3505) to work on /opt/airflow/dags/training_pipeline_dag.py
[2026-08-29T20:58:20.148+0000] {processor.py:830} INFO - Processing file /opt/airflow/dags/training_pipeline_dag.py for tasks to queue
[2026-08-29T20:58:20.150+0000] {logging_mixin.py:188} INFO - [2026-08-29T20:58:20.150+0000] {dagbag.py:545} INFO - Filling up the DagBag from /opt/airflow/dags/training_pipeline_dag.py
[2026-08-29T20:58:30.205+0000] {processor.py:840} INFO - DAG(s) 'training_pipeline' retrieved from /opt/airflow/dags/training_pipeline_dag.py
[2026-08-29T20:58:30.272+0000] {logging_mixin.py:188} INFO - [2026-08-29T20:58:30.270+0000] {dag.py:3089} INFO - Sync 1 DAGs
[2026-08-29T20:58:30.307+0000] {logging_mixin.py:188} INFO - [2026-08-29T20:58:30.306+0000] {dag.py:3947} INFO - Setting next_dagrun for training_pipeline to 2026-08-29 00:00:00+00:00, run_after=2026-08-30 00:00:00+00:00
[2026-08-29T20:58:30.342+0000] {processor.py:183} INFO - Processing /opt/airflow/dags/training_pipeline_dag.py took 12.572 seconds
[2026-08-29T20:59:00.638+0000] {processor.py:161} INFO - Started process (PID=3535) to work on /opt/airflow/dags/training_pipeline_dag.py
[2026-08-29T20:59:00.641+0000] {processor.py:830} INFO - Processing file /opt/airflow/dags/training_pipeline_dag.py for tasks to queue
[2026-08-29T20:59:00.646+0000] {logging_mixin.py:188} INFO - [2026-08-29T20:59:00.643+0000] {dagbag.py:545} INFO - Filling up the DagBag from /opt/airflow/dags/training_pipeline_dag.py
[2026-08-29T20:59:20.452+0000] {processor.py:840} INFO - DAG(s) 'training_pipeline' retrieved from /opt/airflow/dags/training_pipeline_dag.py
[2026-08-29T20:59:20.542+0000] {logging_mixin.py:188} INFO - [2026-08-29T20:59:20.541+0000] {dag.py:3089} INFO - Sync 1 DAGs
[2026-08-29T20:59:20.693+0000] {logging_mixin.py:188} INFO - [2026-08-29T20:59:20.692+0000] {dag.py:3947} INFO - Setting next_dagrun for training_pipeline to 2026-08-29 00:00:00+00:00, run_after=2026-08-30 00:00:00+00:00
[2026-08-29T20:59:20.798+0000] {processor.py:183} INFO - Processing /opt/airflow/dags/training_pipeline_dag.py took 20.178 seconds
[2026-08-29T20:59:50.965+0000] {processor.py:161} INFO - Started process (PID=3563) to work on /opt/airflow/dags/training_pipeline_dag.py
[2026-08-29T20:59:50.973+0000] {processor.py:830} INFO - Processing file /opt/airflow/dags/training_pipeline_dag.py for tasks to queue
[2026-08-29T20:59:50.983+0000] {logging_mixin.py:188} INFO - [2026-08-29T20:59:50.976+0000] {dagbag.py:545} INFO - Filling up the DagBag from /opt/airflow/dags/training_pipeline_dag.py
[2026-08-29T20:59:54.250+0000] {processor.py:840} INFO - DAG(s) 'training_pipeline' retrieved from /opt/airflow/dags/training_pipeline_dag.py
[2026-08-29T20:59:54.307+0000] {logging_mixin.py:188} INFO - [2026-08-29T20:59:54.306+0000] {dag.py:3089} INFO - Sync 1 DAGs
[2026-08-29T20:59:54.348+0000] {logging_mixin.py:188} INFO - [2026-08-29T20:59:54.347+0000] {dag.py:3947} INFO - Setting next_dagrun for training_pipeline to 2026-08-29 00:00:00+00:00, run_after=2026-08-30 00:00:00+00:00
[2026-08-29T20:59:54.387+0000] {processor.py:183} INFO - Processing /opt/airflow/dags/training_pipeline_dag.py took 3.473 seconds
[2026-08-29T21:00:24.811+0000] {processor.py:161} INFO - Started process (PID=3583) to work on /opt/airflow/dags/training_pipeline_dag.py
[2026-08-29T21:00:24.813+0000] {processor.py:830} INFO - Processing file /opt/airflow/dags/training_pipeline_dag.py for tasks to queue
[2026-08-29T21:00:24.816+0000] {logging_mixin.py:188} INFO - [2026-08-29T21:00:24.815+0000] {dagbag.py:545} INFO - Filling up the DagBag from /opt/airflow/dags/training_pipeline_dag.py
[2026-08-29T21:00:27.421+0000] {processor.py:840} INFO - DAG(s) 'training_pipeline' retrieved from /opt/airflow/dags/training_pipeline_dag.py
[2026-08-29T21:00:27.485+0000] {logging_mixin.py:188} INFO - [2026-08-29T21:00:27.484+0000] {dag.py:3089} INFO - Sync 1 DAGs
[2026-08-29T21:00:27.527+0000] {logging_mixin.py:188} INFO - [2026-08-29T21:00:27.526+0000] {dag.py:3947} INFO - Setting next_dagrun for training_pipeline to 2026-08-29 00:00:00+00:00, run_after=2026-08-30 00:00:00+00:00
[2026-08-29T21:00:27.572+0000] {processor.py:183} INFO - Processing /opt/airflow/dags/training_pipeline_dag.py took 2.788 seconds
[2026-08-29T21:01:00.932+0000] {processor.py:161} INFO - Started process (PID=3622) to work on /opt/airflow/dags/training_pipeline_dag.py
[2026-08-29T21:01:00.936+0000] {processor.py:830} INFO - Processing file /opt/airflow/dags/training_pipeline_dag.py for tasks to queue
[2026-08-29T21:01:00.970+0000] {logging_mixin.py:188} INFO - [2026-08-29T21:01:00.953+0000] {dagbag.py:545} INFO - Filling up the DagBag from /opt/airflow/dags/training_pipeline_dag.py
[2026-08-29T21:01:21.438+0000] {processor.py:840} INFO - DAG(s) 'training_pipeline' retrieved from /opt/airflow/dags/training_pipeline_dag.py
[2026-08-29T21:01:21.593+0000] {logging_mixin.py:188} INFO - [2026-08-29T21:01:21.592+0000] {dag.py:3089} INFO - Sync 1 DAGs
[2026-08-29T21:01:21.674+0000] {logging_mixin.py:188} INFO - [2026-08-29T21:01:21.673+0000] {dag.py:3947} INFO - Setting next_dagrun for training_pipeline to 2026-08-29 00:00:00+00:00, run_after=2026-08-30 00:00:00+00:00
[2026-08-29T21:01:21.756+0000] {processor.py:183} INFO - Processing /opt/airflow/dags/training_pipeline_dag.py took 24.613 seconds
[2026-08-29T21:01:52.090+0000] {processor.py:161} INFO - Started process (PID=3784) to work on /opt/airflow/dags/training_pipeline_dag.py
[2026-08-29T21:01:52.095+0000] {processor.py:830} INFO - Processing file /opt/airflow/dags/training_pipeline_dag.py for tasks to queue
[2026-08-29T21:01:52.099+0000] {logging_mixin.py:188} INFO - [2026-08-29T21:01:52.097+0000] {dagbag.py:545} INFO - Filling up the DagBag from /opt/airflow/dags/training_pipeline_dag.py
[2026-08-29T21:01:54.421+0000] {processor.py:840} INFO - DAG(s) 'training_pipeline' retrieved from /opt/airflow/dags/training_pipeline_dag.py
[2026-08-29T21:01:54.503+0000] {logging_mixin.py:188} INFO - [2026-08-29T21:01:54.502+0000] {dag.py:3089} INFO - Sync 1 DAGs
[2026-08-29T21:01:54.557+0000] {logging_mixin.py:188} INFO - [2026-08-29T21:01:54.557+0000] {dag.py:3947} INFO - Setting next_dagrun for training_pipeline to 2026-08-29 00:00:00+00:00, run_after=2026-08-30 00:00:00+00:00
[2026-08-29T21:01:54.626+0000] {processor.py:183} INFO - Processing /opt/airflow/dags/training_pipeline_dag.py took 2.563 seconds
[2026-08-29T21:02:25.338+0000] {processor.py:161} INFO - Started process (PID=3890) to work on /opt/airflow/dags/training_pipeline_dag.py
[2026-08-29T21:02:25.342+0000] {processor.py:830} INFO - Processing file /opt/airflow/dags/training_pipeline_dag.py for tasks to queue
[2026-08-29T21:02:25.349+0000] {logging_mixin.py:188} INFO - [2026-08-29T21:02:25.345+0000] {dagbag.py:545} INFO - Filling up the DagBag from /opt/airflow/dags/training_pipeline_dag.py
[2026-08-29T21:02:29.002+0000] {processor.py:840} INFO - DAG(s) 'training_pipeline' retrieved from /opt/airflow/dags/training_pipeline_dag.py
[2026-08-29T21:02:29.076+0000] {logging_mixin.py:188} INFO - [2026-08-29T21:02:29.075+0000] {dag.py:3089} INFO - Sync 1 DAGs
[2026-08-29T21:02:29.121+0000] {logging_mixin.py:188} INFO - [2026-08-29T21:02:29.121+0000] {dag.py:3947} INFO - Setting next_dagrun for training_pipeline to 2026-08-29 00:00:00+00:00, run_after=2026-08-30 00:00:00+00:00
[2026-08-29T21:02:29.163+0000] {processor.py:183} INFO - Processing /opt/airflow/dags/training_pipeline_dag.py took 3.875 seconds
[2026-08-29T21:02:59.664+0000] {processor.py:161} INFO - Started process (PID=3920) to work on /opt/airflow/dags/training_pipeline_dag.py
[2026-08-29T21:02:59.669+0000] {processor.py:830} INFO - Processing file /opt/airflow/dags/training_pipeline_dag.py for tasks to queue
[2026-08-29T21:02:59.672+0000] {logging_mixin.py:188} INFO - [2026-08-29T21:02:59.671+0000] {dagbag.py:545} INFO - Filling up the DagBag from /opt/airflow/dags/training_pipeline_dag.py
[2026-08-29T21:03:01.486+0000] {processor.py:840} INFO - DAG(s) 'training_pipeline' retrieved from /opt/airflow/dags/training_pipeline_dag.py
[2026-08-29T21:03:01.566+0000] {logging_mixin.py:188} INFO - [2026-08-29T21:03:01.565+0000] {dag.py:3089} INFO - Sync 1 DAGs
[2026-08-29T21:03:01.619+0000] {logging_mixin.py:188} INFO - [2026-08-29T21:03:01.618+0000] {dag.py:3947} INFO - Setting next_dagrun for training_pipeline to 2026-08-29 00:00:00+00:00, run_after=2026-08-30 00:00:00+00:00
[2026-08-29T21:03:01.667+0000] {processor.py:183} INFO - Processing /opt/airflow/dags/training_pipeline_dag.py took 2.028 seconds
[2026-08-29T21:03:32.305+0000] {processor.py:161} INFO - Started process (PID=3950) to work on /opt/airflow/dags/training_pipeline_dag.py
[2026-08-29T21:03:32.308+0000] {processor.py:830} INFO - Processing file /opt/airflow/dags/training_pipeline_dag.py for tasks to queue
[2026-08-29T21:03:32.312+0000] {logging_mixin.py:188} INFO - [2026-08-29T21:03:32.311+0000] {dagbag.py:545} INFO - Filling up the DagBag from /opt/airflow/dags/training_pipeline_dag.py
[2026-08-29T21:04:04.916+0000] {logging_mixin.py:188} INFO - [2026-08-29T21:04:04.915+0000] {timeout.py:68} ERROR - Process timed out, PID: 3950
[2026-08-29T21:04:04.919+0000] {logging_mixin.py:188} WARNING - Exception ignored in: <function WeakKeyDictionary.__init__.<locals>.remove at 0x761b90a78cc0>
[2026-08-29T21:04:04.923+0000] {logging_mixin.py:188} WARNING - Traceback (most recent call last):
[2026-08-29T21:04:04.924+0000] {logging_mixin.py:188} WARNING -   File "/usr/local/lib/python3.11/weakref.py", line 369, in remove
[2026-08-29T21:04:04.930+0000] {logging_mixin.py:188} WARNING -     def remove(k, selfref=ref(self)):
[2026-08-29T21:04:04.931+0000] {logging_mixin.py:188} WARNING -   File "/home/airflow/.local/lib/python3.11/site-packages/airflow/utils/timeout.py", line 69, in handle_timeout
[2026-08-29T21:04:04.932+0000] {logging_mixin.py:188} WARNING -     raise AirflowTaskTimeout(self.error_message)
[2026-08-29T21:04:04.933+0000] {logging_mixin.py:188} WARNING - airflow.exceptions.AirflowTaskTimeout: DagBag import timeout for /opt/airflow/dags/training_pipeline_dag.py after 30.0s.
Please take a look at these docs to improve your DAG import time:
* https://airflow.apache.org/docs/apache-airflow/2.9.3/best-practices.html#top-level-python-code
* https://airflow.apache.org/docs/apache-airflow/2.9.3/best-practices.html#reducing-dag-complexity, PID: 3950
[2026-08-29T21:04:05.907+0000] {processor.py:840} INFO - DAG(s) 'training_pipeline' retrieved from /opt/airflow/dags/training_pipeline_dag.py
[2026-08-29T21:04:06.061+0000] {logging_mixin.py:188} INFO - [2026-08-29T21:04:06.060+0000] {dag.py:3089} INFO - Sync 1 DAGs
[2026-08-29T21:04:06.119+0000] {logging_mixin.py:188} INFO - [2026-08-29T21:04:06.118+0000] {dag.py:3947} INFO - Setting next_dagrun for training_pipeline to 2026-08-29 00:00:00+00:00, run_after=2026-08-30 00:00:00+00:00
[2026-08-29T21:04:11.766+0000] {processor.py:183} INFO - Processing /opt/airflow/dags/training_pipeline_dag.py took 44.137 seconds
[2026-08-29T21:04:42.645+0000] {processor.py:161} INFO - Started process (PID=3968) to work on /opt/airflow/dags/training_pipeline_dag.py
[2026-08-29T21:04:42.654+0000] {processor.py:830} INFO - Processing file /opt/airflow/dags/training_pipeline_dag.py for tasks to queue
[2026-08-29T21:04:42.762+0000] {logging_mixin.py:188} INFO - [2026-08-29T21:04:42.711+0000] {dagbag.py:545} INFO - Filling up the DagBag from /opt/airflow/dags/training_pipeline_dag.py
[2026-08-29T21:05:02.051+0000] {processor.py:840} INFO - DAG(s) 'training_pipeline' retrieved from /opt/airflow/dags/training_pipeline_dag.py
[2026-08-29T21:05:02.120+0000] {logging_mixin.py:188} INFO - [2026-08-29T21:05:02.119+0000] {dag.py:3089} INFO - Sync 1 DAGs
[2026-08-29T21:05:02.173+0000] {logging_mixin.py:188} INFO - [2026-08-29T21:05:02.173+0000] {dag.py:3947} INFO - Setting next_dagrun for training_pipeline to 2026-08-29 00:00:00+00:00, run_after=2026-08-30 00:00:00+00:00
[2026-08-29T21:05:02.220+0000] {processor.py:183} INFO - Processing /opt/airflow/dags/training_pipeline_dag.py took 22.327 seconds
[2026-08-29T21:06:36.337+0000] {processor.py:161} INFO - Started process (PID=169) to work on /opt/airflow/dags/training_pipeline_dag.py
[2026-08-29T21:06:36.440+0000] {processor.py:830} INFO - Processing file /opt/airflow/dags/training_pipeline_dag.py for tasks to queue
[2026-08-29T21:06:36.648+0000] {logging_mixin.py:188} INFO - [2026-08-29T21:06:36.628+0000] {dagbag.py:545} INFO - Filling up the DagBag from /opt/airflow/dags/training_pipeline_dag.py
[2026-08-29T21:06:56.417+0000] {processor.py:840} INFO - DAG(s) 'training_pipeline' retrieved from /opt/airflow/dags/training_pipeline_dag.py
[2026-08-29T21:06:57.902+0000] {logging_mixin.py:188} INFO - [2026-08-29T21:06:57.900+0000] {dag.py:3089} INFO - Sync 1 DAGs
[2026-08-29T21:06:58.480+0000] {logging_mixin.py:188} INFO - [2026-08-29T21:06:58.479+0000] {dag.py:3947} INFO - Setting next_dagrun for training_pipeline to 2026-08-29 00:00:00+00:00, run_after=2026-08-30 00:00:00+00:00
[2026-08-29T21:06:58.941+0000] {processor.py:183} INFO - Processing /opt/airflow/dags/training_pipeline_dag.py took 25.879 seconds
[2026-08-29T21:07:30.932+0000] {processor.py:161} INFO - Started process (PID=199) to work on /opt/airflow/dags/training_pipeline_dag.py
[2026-08-29T21:07:31.075+0000] {processor.py:830} INFO - Processing file /opt/airflow/dags/training_pipeline_dag.py for tasks to queue
[2026-08-29T21:07:31.587+0000] {logging_mixin.py:188} INFO - [2026-08-29T21:07:31.537+0000] {dagbag.py:545} INFO - Filling up the DagBag from /opt/airflow/dags/training_pipeline_dag.py
[2026-08-29T21:07:49.614+0000] {processor.py:840} INFO - DAG(s) 'training_pipeline' retrieved from /opt/airflow/dags/training_pipeline_dag.py
[2026-08-29T21:07:51.486+0000] {logging_mixin.py:188} INFO - [2026-08-29T21:07:51.482+0000] {dag.py:3089} INFO - Sync 1 DAGs
[2026-08-29T21:07:52.002+0000] {logging_mixin.py:188} INFO - [2026-08-29T21:07:51.999+0000] {dag.py:3947} INFO - Setting next_dagrun for training_pipeline to 2026-08-29 00:00:00+00:00, run_after=2026-08-30 00:00:00+00:00
[2026-08-29T21:07:52.115+0000] {processor.py:183} INFO - Processing /opt/airflow/dags/training_pipeline_dag.py took 24.761 seconds
[2026-08-29T21:08:22.659+0000] {processor.py:161} INFO - Started process (PID=229) to work on /opt/airflow/dags/training_pipeline_dag.py
[2026-08-29T21:08:22.662+0000] {processor.py:830} INFO - Processing file /opt/airflow/dags/training_pipeline_dag.py for tasks to queue
[2026-08-29T21:08:22.668+0000] {logging_mixin.py:188} INFO - [2026-08-29T21:08:22.667+0000] {dagbag.py:545} INFO - Filling up the DagBag from /opt/airflow/dags/training_pipeline_dag.py
[2026-08-29T21:08:24.792+0000] {processor.py:840} INFO - DAG(s) 'training_pipeline' retrieved from /opt/airflow/dags/training_pipeline_dag.py
[2026-08-29T21:08:24.863+0000] {logging_mixin.py:188} INFO - [2026-08-29T21:08:24.862+0000] {dag.py:3089} INFO - Sync 1 DAGs
[2026-08-29T21:08:25.120+0000] {logging_mixin.py:188} INFO - [2026-08-29T21:08:25.119+0000] {dag.py:3947} INFO - Setting next_dagrun for training_pipeline to 2026-08-29 00:00:00+00:00, run_after=2026-08-30 00:00:00+00:00
[2026-08-29T21:08:25.167+0000] {processor.py:183} INFO - Processing /opt/airflow/dags/training_pipeline_dag.py took 2.525 seconds
[2026-08-29T21:08:55.474+0000] {processor.py:161} INFO - Started process (PID=262) to work on /opt/airflow/dags/training_pipeline_dag.py
[2026-08-29T21:08:55.478+0000] {processor.py:830} INFO - Processing file /opt/airflow/dags/training_pipeline_dag.py for tasks to queue
[2026-08-29T21:08:55.622+0000] {logging_mixin.py:188} INFO - [2026-08-29T21:08:55.597+0000] {dagbag.py:545} INFO - Filling up the DagBag from /opt/airflow/dags/training_pipeline_dag.py
[2026-08-29T21:09:05.579+0000] {processor.py:840} INFO - DAG(s) 'training_pipeline' retrieved from /opt/airflow/dags/training_pipeline_dag.py
[2026-08-29T21:09:06.374+0000] {logging_mixin.py:188} INFO - [2026-08-29T21:09:06.371+0000] {dag.py:3089} INFO - Sync 1 DAGs
[2026-08-29T21:09:07.249+0000] {logging_mixin.py:188} INFO - [2026-08-29T21:09:07.247+0000] {dag.py:3947} INFO - Setting next_dagrun for training_pipeline to 2026-08-29 00:00:00+00:00, run_after=2026-08-30 00:00:00+00:00
[2026-08-29T21:09:07.449+0000] {processor.py:183} INFO - Processing /opt/airflow/dags/training_pipeline_dag.py took 11.990 seconds
[2026-08-29T21:10:47.922+0000] {processor.py:161} INFO - Started process (PID=385) to work on /opt/airflow/dags/training_pipeline_dag.py
[2026-08-29T21:10:47.928+0000] {processor.py:830} INFO - Processing file /opt/airflow/dags/training_pipeline_dag.py for tasks to queue
[2026-08-29T21:10:47.955+0000] {logging_mixin.py:188} INFO - [2026-08-29T21:10:47.936+0000] {dagbag.py:545} INFO - Filling up the DagBag from /opt/airflow/dags/training_pipeline_dag.py
[2026-08-29T21:11:09.491+0000] {processor.py:840} INFO - DAG(s) 'training_pipeline' retrieved from /opt/airflow/dags/training_pipeline_dag.py
[2026-08-29T21:11:09.590+0000] {logging_mixin.py:188} INFO - [2026-08-29T21:11:09.588+0000] {dag.py:3089} INFO - Sync 1 DAGs
[2026-08-29T21:11:09.647+0000] {logging_mixin.py:188} INFO - [2026-08-29T21:11:09.646+0000] {dag.py:3947} INFO - Setting next_dagrun for training_pipeline to 2026-08-29 00:00:00+00:00, run_after=2026-08-30 00:00:00+00:00
[2026-08-29T21:11:09.702+0000] {processor.py:183} INFO - Processing /opt/airflow/dags/training_pipeline_dag.py took 21.830 seconds
[2026-08-29T21:11:42.545+0000] {processor.py:161} INFO - Started process (PID=535) to work on /opt/airflow/dags/training_pipeline_dag.py
[2026-08-29T21:11:42.672+0000] {processor.py:830} INFO - Processing file /opt/airflow/dags/training_pipeline_dag.py for tasks to queue
[2026-08-29T21:11:42.676+0000] {logging_mixin.py:188} INFO - [2026-08-29T21:11:42.674+0000] {dagbag.py:545} INFO - Filling up the DagBag from /opt/airflow/dags/training_pipeline_dag.py
[2026-08-29T21:11:44.995+0000] {processor.py:840} INFO - DAG(s) 'training_pipeline' retrieved from /opt/airflow/dags/training_pipeline_dag.py
[2026-08-29T21:11:45.063+0000] {logging_mixin.py:188} INFO - [2026-08-29T21:11:45.062+0000] {dag.py:3089} INFO - Sync 1 DAGs
[2026-08-29T21:11:45.167+0000] {logging_mixin.py:188} INFO - [2026-08-29T21:11:45.166+0000] {dag.py:3947} INFO - Setting next_dagrun for training_pipeline to 2026-08-29 00:00:00+00:00, run_after=2026-08-30 00:00:00+00:00
[2026-08-29T21:11:45.212+0000] {processor.py:183} INFO - Processing /opt/airflow/dags/training_pipeline_dag.py took 3.635 seconds
[2026-08-29T21:12:15.540+0000] {processor.py:161} INFO - Started process (PID=565) to work on /opt/airflow/dags/training_pipeline_dag.py
[2026-08-29T21:12:15.543+0000] {processor.py:830} INFO - Processing file /opt/airflow/dags/training_pipeline_dag.py for tasks to queue
[2026-08-29T21:12:15.546+0000] {logging_mixin.py:188} INFO - [2026-08-29T21:12:15.545+0000] {dagbag.py:545} INFO - Filling up the DagBag from /opt/airflow/dags/training_pipeline_dag.py
[2026-08-29T21:12:17.261+0000] {processor.py:840} INFO - DAG(s) 'training_pipeline' retrieved from /opt/airflow/dags/training_pipeline_dag.py
[2026-08-29T21:12:17.313+0000] {logging_mixin.py:188} INFO - [2026-08-29T21:12:17.312+0000] {dag.py:3089} INFO - Sync 1 DAGs
[2026-08-29T21:12:17.347+0000] {logging_mixin.py:188} INFO - [2026-08-29T21:12:17.347+0000] {dag.py:3947} INFO - Setting next_dagrun for training_pipeline to 2026-08-29 00:00:00+00:00, run_after=2026-08-30 00:00:00+00:00
[2026-08-29T21:12:17.394+0000] {processor.py:183} INFO - Processing /opt/airflow/dags/training_pipeline_dag.py took 1.876 seconds
[2026-08-29T21:12:47.657+0000] {processor.py:161} INFO - Started process (PID=595) to work on /opt/airflow/dags/training_pipeline_dag.py
[2026-08-29T21:12:47.659+0000] {processor.py:830} INFO - Processing file /opt/airflow/dags/training_pipeline_dag.py for tasks to queue
[2026-08-29T21:12:47.662+0000] {logging_mixin.py:188} INFO - [2026-08-29T21:12:47.661+0000] {dagbag.py:545} INFO - Filling up the DagBag from /opt/airflow/dags/training_pipeline_dag.py
[2026-08-29T21:12:49.442+0000] {processor.py:840} INFO - DAG(s) 'training_pipeline' retrieved from /opt/airflow/dags/training_pipeline_dag.py
[2026-08-29T21:12:49.499+0000] {logging_mixin.py:188} INFO - [2026-08-29T21:12:49.498+0000] {dag.py:3089} INFO - Sync 1 DAGs
[2026-08-29T21:12:49.536+0000] {logging_mixin.py:188} INFO - [2026-08-29T21:12:49.536+0000] {dag.py:3947} INFO - Setting next_dagrun for training_pipeline to 2026-08-29 00:00:00+00:00, run_after=2026-08-30 00:00:00+00:00
[2026-08-29T21:12:49.574+0000] {processor.py:183} INFO - Processing /opt/airflow/dags/training_pipeline_dag.py took 1.936 seconds
[2026-08-29T21:13:19.786+0000] {processor.py:161} INFO - Started process (PID=625) to work on /opt/airflow/dags/training_pipeline_dag.py
[2026-08-29T21:13:19.789+0000] {processor.py:830} INFO - Processing file /opt/airflow/dags/training_pipeline_dag.py for tasks to queue
[2026-08-29T21:13:19.792+0000] {logging_mixin.py:188} INFO - [2026-08-29T21:13:19.791+0000] {dagbag.py:545} INFO - Filling up the DagBag from /opt/airflow/dags/training_pipeline_dag.py
[2026-08-29T21:13:21.768+0000] {processor.py:840} INFO - DAG(s) 'training_pipeline' retrieved from /opt/airflow/dags/training_pipeline_dag.py
[2026-08-29T21:13:21.828+0000] {logging_mixin.py:188} INFO - [2026-08-29T21:13:21.827+0000] {dag.py:3089} INFO - Sync 1 DAGs
[2026-08-29T21:13:21.870+0000] {logging_mixin.py:188} INFO - [2026-08-29T21:13:21.870+0000] {dag.py:3947} INFO - Setting next_dagrun for training_pipeline to 2026-08-29 00:00:00+00:00, run_after=2026-08-30 00:00:00+00:00
[2026-08-29T21:13:21.935+0000] {processor.py:183} INFO - Processing /opt/airflow/dags/training_pipeline_dag.py took 2.173 seconds
[2026-08-29T21:13:52.979+0000] {processor.py:161} INFO - Started process (PID=655) to work on /opt/airflow/dags/training_pipeline_dag.py
[2026-08-29T21:13:52.981+0000] {processor.py:830} INFO - Processing file /opt/airflow/dags/training_pipeline_dag.py for tasks to queue
[2026-08-29T21:13:52.984+0000] {logging_mixin.py:188} INFO - [2026-08-29T21:13:52.983+0000] {dagbag.py:545} INFO - Filling up the DagBag from /opt/airflow/dags/training_pipeline_dag.py
[2026-08-29T21:13:55.047+0000] {processor.py:840} INFO - DAG(s) 'training_pipeline' retrieved from /opt/airflow/dags/training_pipeline_dag.py
[2026-08-29T21:13:55.128+0000] {logging_mixin.py:188} INFO - [2026-08-29T21:13:55.127+0000] {dag.py:3089} INFO - Sync 1 DAGs
[2026-08-29T21:13:55.187+0000] {logging_mixin.py:188} INFO - [2026-08-29T21:13:55.187+0000] {dag.py:3947} INFO - Setting next_dagrun for training_pipeline to 2026-08-29 00:00:00+00:00, run_after=2026-08-30 00:00:00+00:00
[2026-08-29T21:13:55.239+0000] {processor.py:183} INFO - Processing /opt/airflow/dags/training_pipeline_dag.py took 2.278 seconds
[2026-08-29T21:14:25.898+0000] {processor.py:161} INFO - Started process (PID=688) to work on /opt/airflow/dags/training_pipeline_dag.py
[2026-08-29T21:14:25.913+0000] {processor.py:830} INFO - Processing file /opt/airflow/dags/training_pipeline_dag.py for tasks to queue
[2026-08-29T21:14:25.926+0000] {logging_mixin.py:188} INFO - [2026-08-29T21:14:25.918+0000] {dagbag.py:545} INFO - Filling up the DagBag from /opt/airflow/dags/training_pipeline_dag.py
[2026-08-29T21:14:29.041+0000] {processor.py:840} INFO - DAG(s) 'training_pipeline' retrieved from /opt/airflow/dags/training_pipeline_dag.py
[2026-08-29T21:14:29.097+0000] {logging_mixin.py:188} INFO - [2026-08-29T21:14:29.096+0000] {dag.py:3089} INFO - Sync 1 DAGs
[2026-08-29T21:14:29.156+0000] {logging_mixin.py:188} INFO - [2026-08-29T21:14:29.155+0000] {dag.py:3947} INFO - Setting next_dagrun for training_pipeline to 2026-08-29 00:00:00+00:00, run_after=2026-08-30 00:00:00+00:00
[2026-08-29T21:14:29.201+0000] {processor.py:183} INFO - Processing /opt/airflow/dags/training_pipeline_dag.py took 3.424 seconds
[2026-08-29T21:14:59.788+0000] {processor.py:161} INFO - Started process (PID=716) to work on /opt/airflow/dags/training_pipeline_dag.py
[2026-08-29T21:14:59.797+0000] {processor.py:830} INFO - Processing file /opt/airflow/dags/training_pipeline_dag.py for tasks to queue
[2026-08-29T21:14:59.808+0000] {logging_mixin.py:188} INFO - [2026-08-29T21:14:59.801+0000] {dagbag.py:545} INFO - Filling up the DagBag from /opt/airflow/dags/training_pipeline_dag.py
[2026-08-29T21:15:41.695+0000] {logging_mixin.py:188} INFO - [2026-08-29T21:15:41.692+0000] {timeout.py:68} ERROR - Process timed out, PID: 716
[2026-08-29T21:15:41.697+0000] {logging_mixin.py:188} WARNING - Exception ignored in: <function WeakKeyDictionary.__init__.<locals>.remove at 0x79c434698cc0>
[2026-08-29T21:15:41.733+0000] {logging_mixin.py:188} WARNING - Traceback (most recent call last):
[2026-08-29T21:15:41.734+0000] {logging_mixin.py:188} WARNING -   File "/usr/local/lib/python3.11/weakref.py", line 369, in remove
[2026-08-29T21:15:41.741+0000] {logging_mixin.py:188} WARNING -     def remove(k, selfref=ref(self)):
[2026-08-29T21:15:41.742+0000] {logging_mixin.py:188} WARNING -   File "/home/airflow/.local/lib/python3.11/site-packages/airflow/utils/timeout.py", line 69, in handle_timeout
[2026-08-29T21:15:41.746+0000] {logging_mixin.py:188} WARNING -     raise AirflowTaskTimeout(self.error_message)
[2026-08-29T21:15:41.747+0000] {logging_mixin.py:188} WARNING - airflow.exceptions.AirflowTaskTimeout: DagBag import timeout for /opt/airflow/dags/training_pipeline_dag.py after 30.0s.
Please take a look at these docs to improve your DAG import time:
* https://airflow.apache.org/docs/apache-airflow/2.9.3/best-practices.html#top-level-python-code
* https://airflow.apache.org/docs/apache-airflow/2.9.3/best-practices.html#reducing-dag-complexity, PID: 716
[2026-08-29T21:15:42.661+0000] {processor.py:840} INFO - DAG(s) 'training_pipeline' retrieved from /opt/airflow/dags/training_pipeline_dag.py
[2026-08-29T21:15:42.807+0000] {logging_mixin.py:188} INFO - [2026-08-29T21:15:42.806+0000] {dag.py:3089} INFO - Sync 1 DAGs
[2026-08-29T21:15:42.865+0000] {logging_mixin.py:188} INFO - [2026-08-29T21:15:42.864+0000] {dag.py:3947} INFO - Setting next_dagrun for training_pipeline to 2026-08-29 00:00:00+00:00, run_after=2026-08-30 00:00:00+00:00
[2026-08-29T21:15:42.935+0000] {processor.py:183} INFO - Processing /opt/airflow/dags/training_pipeline_dag.py took 45.880 seconds
[2026-08-29T21:16:18.371+0000] {processor.py:161} INFO - Started process (PID=868) to work on /opt/airflow/dags/training_pipeline_dag.py
[2026-08-29T21:16:18.377+0000] {processor.py:830} INFO - Processing file /opt/airflow/dags/training_pipeline_dag.py for tasks to queue
[2026-08-29T21:16:18.383+0000] {logging_mixin.py:188} INFO - [2026-08-29T21:16:18.379+0000] {dagbag.py:545} INFO - Filling up the DagBag from /opt/airflow/dags/training_pipeline_dag.py
[2026-08-29T21:16:20.205+0000] {processor.py:840} INFO - DAG(s) 'training_pipeline' retrieved from /opt/airflow/dags/training_pipeline_dag.py
[2026-08-29T21:16:20.361+0000] {logging_mixin.py:188} INFO - [2026-08-29T21:16:20.360+0000] {dag.py:3089} INFO - Sync 1 DAGs
[2026-08-29T21:16:20.406+0000] {logging_mixin.py:188} INFO - [2026-08-29T21:16:20.405+0000] {dag.py:3947} INFO - Setting next_dagrun for training_pipeline to 2026-08-29 00:00:00+00:00, run_after=2026-08-30 00:00:00+00:00
[2026-08-29T21:16:20.693+0000] {processor.py:183} INFO - Processing /opt/airflow/dags/training_pipeline_dag.py took 5.236 seconds
[2026-08-29T21:16:51.588+0000] {processor.py:161} INFO - Started process (PID=930) to work on /opt/airflow/dags/training_pipeline_dag.py
[2026-08-29T21:16:51.591+0000] {processor.py:830} INFO - Processing file /opt/airflow/dags/training_pipeline_dag.py for tasks to queue
[2026-08-29T21:16:51.594+0000] {logging_mixin.py:188} INFO - [2026-08-29T21:16:51.593+0000] {dagbag.py:545} INFO - Filling up the DagBag from /opt/airflow/dags/training_pipeline_dag.py
[2026-08-29T21:16:54.225+0000] {processor.py:840} INFO - DAG(s) 'training_pipeline' retrieved from /opt/airflow/dags/training_pipeline_dag.py
[2026-08-29T21:16:54.335+0000] {logging_mixin.py:188} INFO - [2026-08-29T21:16:54.334+0000] {dag.py:3089} INFO - Sync 1 DAGs
[2026-08-29T21:16:54.379+0000] {logging_mixin.py:188} INFO - [2026-08-29T21:16:54.378+0000] {dag.py:3947} INFO - Setting next_dagrun for training_pipeline to 2026-08-29 00:00:00+00:00, run_after=2026-08-30 00:00:00+00:00
[2026-08-29T21:16:54.428+0000] {processor.py:183} INFO - Processing /opt/airflow/dags/training_pipeline_dag.py took 2.866 seconds
[2026-08-29T21:17:25.282+0000] {processor.py:161} INFO - Started process (PID=960) to work on /opt/airflow/dags/training_pipeline_dag.py
[2026-08-29T21:17:25.286+0000] {processor.py:830} INFO - Processing file /opt/airflow/dags/training_pipeline_dag.py for tasks to queue
[2026-08-29T21:17:25.289+0000] {logging_mixin.py:188} INFO - [2026-08-29T21:17:25.288+0000] {dagbag.py:545} INFO - Filling up the DagBag from /opt/airflow/dags/training_pipeline_dag.py
[2026-08-29T21:17:27.722+0000] {processor.py:840} INFO - DAG(s) 'training_pipeline' retrieved from /opt/airflow/dags/training_pipeline_dag.py
[2026-08-29T21:17:27.926+0000] {logging_mixin.py:188} INFO - [2026-08-29T21:17:27.923+0000] {dag.py:3089} INFO - Sync 1 DAGs
[2026-08-29T21:17:28.039+0000] {logging_mixin.py:188} INFO - [2026-08-29T21:17:28.038+0000] {dag.py:3947} INFO - Setting next_dagrun for training_pipeline to 2026-08-29 00:00:00+00:00, run_after=2026-08-30 00:00:00+00:00
[2026-08-29T21:17:28.120+0000] {processor.py:183} INFO - Processing /opt/airflow/dags/training_pipeline_dag.py took 2.861 seconds
[2026-08-29T21:17:59.029+0000] {processor.py:161} INFO - Started process (PID=992) to work on /opt/airflow/dags/training_pipeline_dag.py
[2026-08-29T21:17:59.036+0000] {processor.py:830} INFO - Processing file /opt/airflow/dags/training_pipeline_dag.py for tasks to queue
[2026-08-29T21:17:59.043+0000] {logging_mixin.py:188} INFO - [2026-08-29T21:17:59.040+0000] {dagbag.py:545} INFO - Filling up the DagBag from /opt/airflow/dags/training_pipeline_dag.py
[2026-08-29T21:18:05.364+0000] {processor.py:840} INFO - DAG(s) 'training_pipeline' retrieved from /opt/airflow/dags/training_pipeline_dag.py
[2026-08-29T21:18:05.678+0000] {logging_mixin.py:188} INFO - [2026-08-29T21:18:05.676+0000] {dag.py:3089} INFO - Sync 1 DAGs
[2026-08-29T21:18:05.797+0000] {logging_mixin.py:188} INFO - [2026-08-29T21:18:05.797+0000] {dag.py:3947} INFO - Setting next_dagrun for training_pipeline to 2026-08-29 00:00:00+00:00, run_after=2026-08-30 00:00:00+00:00
[2026-08-29T21:18:05.888+0000] {processor.py:183} INFO - Processing /opt/airflow/dags/training_pipeline_dag.py took 6.920 seconds
[2026-08-29T21:18:36.186+0000] {processor.py:161} INFO - Started process (PID=1035) to work on /opt/airflow/dags/training_pipeline_dag.py
[2026-08-29T21:18:36.248+0000] {processor.py:830} INFO - Processing file /opt/airflow/dags/training_pipeline_dag.py for tasks to queue
[2026-08-29T21:18:36.328+0000] {logging_mixin.py:188} INFO - [2026-08-29T21:18:36.301+0000] {dagbag.py:545} INFO - Filling up the DagBag from /opt/airflow/dags/training_pipeline_dag.py
[2026-08-29T21:19:16.359+0000] {logging_mixin.py:188} INFO - [2026-08-29T21:19:16.358+0000] {timeout.py:68} ERROR - Process timed out, PID: 1035
[2026-08-29T21:19:16.360+0000] {logging_mixin.py:188} WARNING - Exception ignored in: <function WeakKeyDictionary.__init__.<locals>.remove at 0x79c434698cc0>
[2026-08-29T21:19:16.361+0000] {logging_mixin.py:188} WARNING - Traceback (most recent call last):
[2026-08-29T21:19:16.362+0000] {logging_mixin.py:188} WARNING -   File "/usr/local/lib/python3.11/weakref.py", line 369, in remove
[2026-08-29T21:19:16.367+0000] {logging_mixin.py:188} WARNING -     def remove(k, selfref=ref(self)):
[2026-08-29T21:19:16.368+0000] {logging_mixin.py:188} WARNING -   File "/home/airflow/.local/lib/python3.11/site-packages/airflow/utils/timeout.py", line 69, in handle_timeout
[2026-08-29T21:19:16.410+0000] {logging_mixin.py:188} WARNING -     raise AirflowTaskTimeout(self.error_message)
[2026-08-29T21:19:16.411+0000] {logging_mixin.py:188} WARNING - airflow.exceptions.AirflowTaskTimeout: DagBag import timeout for /opt/airflow/dags/training_pipeline_dag.py after 30.0s.
Please take a look at these docs to improve your DAG import time:
* https://airflow.apache.org/docs/apache-airflow/2.9.3/best-practices.html#top-level-python-code
* https://airflow.apache.org/docs/apache-airflow/2.9.3/best-practices.html#reducing-dag-complexity, PID: 1035
[2026-08-29T21:19:17.749+0000] {processor.py:840} INFO - DAG(s) 'training_pipeline' retrieved from /opt/airflow/dags/training_pipeline_dag.py
[2026-08-29T21:19:18.014+0000] {logging_mixin.py:188} INFO - [2026-08-29T21:19:18.013+0000] {dag.py:3089} INFO - Sync 1 DAGs
[2026-08-29T21:19:18.072+0000] {logging_mixin.py:188} INFO - [2026-08-29T21:19:18.071+0000] {dag.py:3947} INFO - Setting next_dagrun for training_pipeline to 2026-08-29 00:00:00+00:00, run_after=2026-08-30 00:00:00+00:00
[2026-08-29T21:19:18.142+0000] {processor.py:183} INFO - Processing /opt/airflow/dags/training_pipeline_dag.py took 45.060 seconds
[2026-08-29T21:19:58.264+0000] {processor.py:161} INFO - Started process (PID=1201) to work on /opt/airflow/dags/training_pipeline_dag.py
[2026-08-29T21:19:59.664+0000] {processor.py:830} INFO - Processing file /opt/airflow/dags/training_pipeline_dag.py for tasks to queue
[2026-08-29T21:20:00.448+0000] {logging_mixin.py:188} INFO - [2026-08-29T21:20:00.257+0000] {dagbag.py:545} INFO - Filling up the DagBag from /opt/airflow/dags/training_pipeline_dag.py
[2026-08-29T21:21:09.914+0000] {processor.py:161} INFO - Started process (PID=1263) to work on /opt/airflow/dags/training_pipeline_dag.py
[2026-08-29T21:21:09.917+0000] {processor.py:830} INFO - Processing file /opt/airflow/dags/training_pipeline_dag.py for tasks to queue
[2026-08-29T21:21:09.920+0000] {logging_mixin.py:188} INFO - [2026-08-29T21:21:09.919+0000] {dagbag.py:545} INFO - Filling up the DagBag from /opt/airflow/dags/training_pipeline_dag.py
[2026-08-29T21:21:12.034+0000] {processor.py:840} INFO - DAG(s) 'training_pipeline' retrieved from /opt/airflow/dags/training_pipeline_dag.py
[2026-08-29T21:21:14.588+0000] {logging_mixin.py:188} INFO - [2026-08-29T21:21:14.587+0000] {dag.py:3089} INFO - Sync 1 DAGs
[2026-08-29T21:21:14.646+0000] {logging_mixin.py:188} INFO - [2026-08-29T21:21:14.645+0000] {dag.py:3947} INFO - Setting next_dagrun for training_pipeline to 2026-08-29 00:00:00+00:00, run_after=2026-08-30 00:00:00+00:00
[2026-08-29T21:21:14.808+0000] {processor.py:183} INFO - Processing /opt/airflow/dags/training_pipeline_dag.py took 7.377 seconds
[2026-08-29T21:21:45.430+0000] {processor.py:161} INFO - Started process (PID=1291) to work on /opt/airflow/dags/training_pipeline_dag.py
[2026-08-29T21:21:45.433+0000] {processor.py:830} INFO - Processing file /opt/airflow/dags/training_pipeline_dag.py for tasks to queue
[2026-08-29T21:21:45.436+0000] {logging_mixin.py:188} INFO - [2026-08-29T21:21:45.435+0000] {dagbag.py:545} INFO - Filling up the DagBag from /opt/airflow/dags/training_pipeline_dag.py
[2026-08-29T21:21:47.805+0000] {processor.py:840} INFO - DAG(s) 'training_pipeline' retrieved from /opt/airflow/dags/training_pipeline_dag.py
[2026-08-29T21:21:48.658+0000] {logging_mixin.py:188} INFO - [2026-08-29T21:21:48.657+0000] {dag.py:3089} INFO - Sync 1 DAGs
[2026-08-29T21:21:48.765+0000] {logging_mixin.py:188} INFO - [2026-08-29T21:21:48.765+0000] {dag.py:3947} INFO - Setting next_dagrun for training_pipeline to 2026-08-29 00:00:00+00:00, run_after=2026-08-30 00:00:00+00:00
[2026-08-29T21:21:49.052+0000] {processor.py:183} INFO - Processing /opt/airflow/dags/training_pipeline_dag.py took 3.641 seconds
[2026-08-29T21:22:20.636+0000] {processor.py:161} INFO - Started process (PID=1311) to work on /opt/airflow/dags/training_pipeline_dag.py
[2026-08-29T21:22:20.651+0000] {processor.py:830} INFO - Processing file /opt/airflow/dags/training_pipeline_dag.py for tasks to queue
[2026-08-29T21:22:20.658+0000] {logging_mixin.py:188} INFO - [2026-08-29T21:22:20.655+0000] {dagbag.py:545} INFO - Filling up the DagBag from /opt/airflow/dags/training_pipeline_dag.py
[2026-08-29T21:22:24.807+0000] {processor.py:840} INFO - DAG(s) 'training_pipeline' retrieved from /opt/airflow/dags/training_pipeline_dag.py
[2026-08-29T21:22:24.909+0000] {logging_mixin.py:188} INFO - [2026-08-29T21:22:24.906+0000] {dag.py:3089} INFO - Sync 1 DAGs
[2026-08-29T21:22:24.986+0000] {logging_mixin.py:188} INFO - [2026-08-29T21:22:24.985+0000] {dag.py:3947} INFO - Setting next_dagrun for training_pipeline to 2026-08-29 00:00:00+00:00, run_after=2026-08-30 00:00:00+00:00
[2026-08-29T21:22:25.040+0000] {processor.py:183} INFO - Processing /opt/airflow/dags/training_pipeline_dag.py took 4.487 seconds
[2026-08-29T21:22:56.488+0000] {processor.py:161} INFO - Started process (PID=1350) to work on /opt/airflow/dags/training_pipeline_dag.py
[2026-08-29T21:22:56.726+0000] {processor.py:830} INFO - Processing file /opt/airflow/dags/training_pipeline_dag.py for tasks to queue
[2026-08-29T21:22:56.772+0000] {logging_mixin.py:188} INFO - [2026-08-29T21:22:56.740+0000] {dagbag.py:545} INFO - Filling up the DagBag from /opt/airflow/dags/training_pipeline_dag.py
[2026-08-29T21:23:31.166+0000] {logging_mixin.py:188} INFO - [2026-08-29T21:23:31.165+0000] {timeout.py:68} ERROR - Process timed out, PID: 1350
[2026-08-29T21:23:31.167+0000] {logging_mixin.py:188} WARNING - Exception ignored in: <function WeakKeyDictionary.__init__.<locals>.remove at 0x79c434698cc0>
[2026-08-29T21:23:31.169+0000] {logging_mixin.py:188} WARNING - Traceback (most recent call last):
[2026-08-29T21:23:31.171+0000] {logging_mixin.py:188} WARNING -   File "/usr/local/lib/python3.11/weakref.py", line 369, in remove
[2026-08-29T21:23:31.179+0000] {logging_mixin.py:188} WARNING -     def remove(k, selfref=ref(self)):
[2026-08-29T21:23:31.180+0000] {logging_mixin.py:188} WARNING -   File "/home/airflow/.local/lib/python3.11/site-packages/airflow/utils/timeout.py", line 69, in handle_timeout
[2026-08-29T21:23:31.182+0000] {logging_mixin.py:188} WARNING -     raise AirflowTaskTimeout(self.error_message)
[2026-08-29T21:23:31.183+0000] {logging_mixin.py:188} WARNING - airflow.exceptions.AirflowTaskTimeout: DagBag import timeout for /opt/airflow/dags/training_pipeline_dag.py after 30.0s.
Please take a look at these docs to improve your DAG import time:
* https://airflow.apache.org/docs/apache-airflow/2.9.3/best-practices.html#top-level-python-code
* https://airflow.apache.org/docs/apache-airflow/2.9.3/best-practices.html#reducing-dag-complexity, PID: 1350
[2026-08-29T21:23:32.111+0000] {processor.py:840} INFO - DAG(s) 'training_pipeline' retrieved from /opt/airflow/dags/training_pipeline_dag.py
[2026-08-29T21:23:32.708+0000] {logging_mixin.py:188} INFO - [2026-08-29T21:23:32.706+0000] {dag.py:3089} INFO - Sync 1 DAGs
[2026-08-29T21:23:32.883+0000] {logging_mixin.py:188} INFO - [2026-08-29T21:23:32.882+0000] {dag.py:3947} INFO - Setting next_dagrun for training_pipeline to 2026-08-29 00:00:00+00:00, run_after=2026-08-30 00:00:00+00:00
[2026-08-29T21:23:33.075+0000] {processor.py:183} INFO - Processing /opt/airflow/dags/training_pipeline_dag.py took 39.517 seconds
[2026-08-29T21:24:04.183+0000] {processor.py:161} INFO - Started process (PID=1570) to work on /opt/airflow/dags/training_pipeline_dag.py
[2026-08-29T21:24:04.216+0000] {processor.py:830} INFO - Processing file /opt/airflow/dags/training_pipeline_dag.py for tasks to queue
[2026-08-29T21:24:04.219+0000] {logging_mixin.py:188} INFO - [2026-08-29T21:24:04.218+0000] {dagbag.py:545} INFO - Filling up the DagBag from /opt/airflow/dags/training_pipeline_dag.py
[2026-08-29T21:24:07.118+0000] {processor.py:840} INFO - DAG(s) 'training_pipeline' retrieved from /opt/airflow/dags/training_pipeline_dag.py
[2026-08-29T21:24:07.186+0000] {logging_mixin.py:188} INFO - [2026-08-29T21:24:07.185+0000] {dag.py:3089} INFO - Sync 1 DAGs
[2026-08-29T21:24:07.227+0000] {logging_mixin.py:188} INFO - [2026-08-29T21:24:07.226+0000] {dag.py:3947} INFO - Setting next_dagrun for training_pipeline to 2026-08-29 00:00:00+00:00, run_after=2026-08-30 00:00:00+00:00
[2026-08-29T21:24:07.277+0000] {processor.py:183} INFO - Processing /opt/airflow/dags/training_pipeline_dag.py took 3.115 seconds
[2026-08-29T21:24:37.733+0000] {processor.py:161} INFO - Started process (PID=1600) to work on /opt/airflow/dags/training_pipeline_dag.py
[2026-08-29T21:24:37.737+0000] {processor.py:830} INFO - Processing file /opt/airflow/dags/training_pipeline_dag.py for tasks to queue
[2026-08-29T21:24:37.740+0000] {logging_mixin.py:188} INFO - [2026-08-29T21:24:37.738+0000] {dagbag.py:545} INFO - Filling up the DagBag from /opt/airflow/dags/training_pipeline_dag.py
[2026-08-29T21:24:39.888+0000] {processor.py:840} INFO - DAG(s) 'training_pipeline' retrieved from /opt/airflow/dags/training_pipeline_dag.py
[2026-08-29T21:24:39.941+0000] {logging_mixin.py:188} INFO - [2026-08-29T21:24:39.939+0000] {dag.py:3089} INFO - Sync 1 DAGs
[2026-08-29T21:24:39.990+0000] {logging_mixin.py:188} INFO - [2026-08-29T21:24:39.990+0000] {dag.py:3947} INFO - Setting next_dagrun for training_pipeline to 2026-08-29 00:00:00+00:00, run_after=2026-08-30 00:00:00+00:00
[2026-08-29T21:24:40.033+0000] {processor.py:183} INFO - Processing /opt/airflow/dags/training_pipeline_dag.py took 2.324 seconds
[2026-08-29T21:25:10.930+0000] {processor.py:161} INFO - Started process (PID=1630) to work on /opt/airflow/dags/training_pipeline_dag.py
[2026-08-29T21:25:10.961+0000] {processor.py:830} INFO - Processing file /opt/airflow/dags/training_pipeline_dag.py for tasks to queue
[2026-08-29T21:25:10.987+0000] {logging_mixin.py:188} INFO - [2026-08-29T21:25:10.971+0000] {dagbag.py:545} INFO - Filling up the DagBag from /opt/airflow/dags/training_pipeline_dag.py
[2026-08-29T21:25:26.953+0000] {processor.py:840} INFO - DAG(s) 'training_pipeline' retrieved from /opt/airflow/dags/training_pipeline_dag.py
[2026-08-29T21:25:27.885+0000] {logging_mixin.py:188} INFO - [2026-08-29T21:25:27.883+0000] {dag.py:3089} INFO - Sync 1 DAGs
[2026-08-29T21:25:28.038+0000] {logging_mixin.py:188} INFO - [2026-08-29T21:25:28.037+0000] {dag.py:3947} INFO - Setting next_dagrun for training_pipeline to 2026-08-29 00:00:00+00:00, run_after=2026-08-30 00:00:00+00:00
[2026-08-29T21:25:28.119+0000] {processor.py:183} INFO - Processing /opt/airflow/dags/training_pipeline_dag.py took 19.765 seconds
[2026-08-29T21:25:58.513+0000] {processor.py:161} INFO - Started process (PID=1660) to work on /opt/airflow/dags/training_pipeline_dag.py
[2026-08-29T21:25:58.537+0000] {processor.py:830} INFO - Processing file /opt/airflow/dags/training_pipeline_dag.py for tasks to queue
[2026-08-29T21:25:58.541+0000] {logging_mixin.py:188} INFO - [2026-08-29T21:25:58.539+0000] {dagbag.py:545} INFO - Filling up the DagBag from /opt/airflow/dags/training_pipeline_dag.py
[2026-08-29T21:26:10.190+0000] {processor.py:840} INFO - DAG(s) 'training_pipeline' retrieved from /opt/airflow/dags/training_pipeline_dag.py
[2026-08-29T21:26:10.332+0000] {logging_mixin.py:188} INFO - [2026-08-29T21:26:10.330+0000] {dag.py:3089} INFO - Sync 1 DAGs
[2026-08-29T21:26:10.420+0000] {logging_mixin.py:188} INFO - [2026-08-29T21:26:10.420+0000] {dag.py:3947} INFO - Setting next_dagrun for training_pipeline to 2026-08-29 00:00:00+00:00, run_after=2026-08-30 00:00:00+00:00
[2026-08-29T21:26:10.475+0000] {processor.py:183} INFO - Processing /opt/airflow/dags/training_pipeline_dag.py took 12.029 seconds
[2026-08-29T21:26:41.161+0000] {processor.py:161} INFO - Started process (PID=1690) to work on /opt/airflow/dags/training_pipeline_dag.py
[2026-08-29T21:26:41.168+0000] {processor.py:830} INFO - Processing file /opt/airflow/dags/training_pipeline_dag.py for tasks to queue
[2026-08-29T21:26:41.172+0000] {logging_mixin.py:188} INFO - [2026-08-29T21:26:41.170+0000] {dagbag.py:545} INFO - Filling up the DagBag from /opt/airflow/dags/training_pipeline_dag.py
[2026-08-29T21:26:43.553+0000] {processor.py:840} INFO - DAG(s) 'training_pipeline' retrieved from /opt/airflow/dags/training_pipeline_dag.py
[2026-08-29T21:26:43.678+0000] {logging_mixin.py:188} INFO - [2026-08-29T21:26:43.677+0000] {dag.py:3089} INFO - Sync 1 DAGs
[2026-08-29T21:26:43.813+0000] {logging_mixin.py:188} INFO - [2026-08-29T21:26:43.812+0000] {dag.py:3947} INFO - Setting next_dagrun for training_pipeline to 2026-08-29 00:00:00+00:00, run_after=2026-08-30 00:00:00+00:00
[2026-08-29T21:26:43.958+0000] {processor.py:183} INFO - Processing /opt/airflow/dags/training_pipeline_dag.py took 2.834 seconds
[2026-08-29T21:27:15.504+0000] {processor.py:161} INFO - Started process (PID=1720) to work on /opt/airflow/dags/training_pipeline_dag.py
[2026-08-29T21:27:15.507+0000] {processor.py:830} INFO - Processing file /opt/airflow/dags/training_pipeline_dag.py for tasks to queue
[2026-08-29T21:27:15.510+0000] {logging_mixin.py:188} INFO - [2026-08-29T21:27:15.509+0000] {dagbag.py:545} INFO - Filling up the DagBag from /opt/airflow/dags/training_pipeline_dag.py
[2026-08-29T21:27:17.593+0000] {processor.py:840} INFO - DAG(s) 'training_pipeline' retrieved from /opt/airflow/dags/training_pipeline_dag.py
[2026-08-29T21:27:17.693+0000] {logging_mixin.py:188} INFO - [2026-08-29T21:27:17.692+0000] {dag.py:3089} INFO - Sync 1 DAGs
[2026-08-29T21:27:17.747+0000] {logging_mixin.py:188} INFO - [2026-08-29T21:27:17.746+0000] {dag.py:3947} INFO - Setting next_dagrun for training_pipeline to 2026-08-29 00:00:00+00:00, run_after=2026-08-30 00:00:00+00:00
[2026-08-29T21:27:17.800+0000] {processor.py:183} INFO - Processing /opt/airflow/dags/training_pipeline_dag.py took 4.774 seconds
[2026-08-29T21:27:48.567+0000] {processor.py:161} INFO - Started process (PID=1750) to work on /opt/airflow/dags/training_pipeline_dag.py
[2026-08-29T21:27:48.571+0000] {processor.py:830} INFO - Processing file /opt/airflow/dags/training_pipeline_dag.py for tasks to queue
[2026-08-29T21:27:48.573+0000] {logging_mixin.py:188} INFO - [2026-08-29T21:27:48.572+0000] {dagbag.py:545} INFO - Filling up the DagBag from /opt/airflow/dags/training_pipeline_dag.py
[2026-08-29T21:27:51.350+0000] {processor.py:840} INFO - DAG(s) 'training_pipeline' retrieved from /opt/airflow/dags/training_pipeline_dag.py
[2026-08-29T21:27:51.415+0000] {logging_mixin.py:188} INFO - [2026-08-29T21:27:51.414+0000] {dag.py:3089} INFO - Sync 1 DAGs
[2026-08-29T21:27:51.461+0000] {logging_mixin.py:188} INFO - [2026-08-29T21:27:51.461+0000] {dag.py:3947} INFO - Setting next_dagrun for training_pipeline to 2026-08-29 00:00:00+00:00, run_after=2026-08-30 00:00:00+00:00
[2026-08-29T21:27:51.498+0000] {processor.py:183} INFO - Processing /opt/airflow/dags/training_pipeline_dag.py took 2.957 seconds
[2026-08-29T21:28:22.461+0000] {processor.py:161} INFO - Started process (PID=1780) to work on /opt/airflow/dags/training_pipeline_dag.py
[2026-08-29T21:28:22.464+0000] {processor.py:830} INFO - Processing file /opt/airflow/dags/training_pipeline_dag.py for tasks to queue
[2026-08-29T21:28:22.467+0000] {logging_mixin.py:188} INFO - [2026-08-29T21:28:22.466+0000] {dagbag.py:545} INFO - Filling up the DagBag from /opt/airflow/dags/training_pipeline_dag.py
[2026-08-29T21:28:24.503+0000] {processor.py:840} INFO - DAG(s) 'training_pipeline' retrieved from /opt/airflow/dags/training_pipeline_dag.py
[2026-08-29T21:28:24.578+0000] {logging_mixin.py:188} INFO - [2026-08-29T21:28:24.577+0000] {dag.py:3089} INFO - Sync 1 DAGs
[2026-08-29T21:28:24.648+0000] {logging_mixin.py:188} INFO - [2026-08-29T21:28:24.648+0000] {dag.py:3947} INFO - Setting next_dagrun for training_pipeline to 2026-08-29 00:00:00+00:00, run_after=2026-08-30 00:00:00+00:00
[2026-08-29T21:28:24.688+0000] {processor.py:183} INFO - Processing /opt/airflow/dags/training_pipeline_dag.py took 2.255 seconds
[2026-08-29T21:28:55.039+0000] {processor.py:161} INFO - Started process (PID=1810) to work on /opt/airflow/dags/training_pipeline_dag.py
[2026-08-29T21:28:55.047+0000] {processor.py:830} INFO - Processing file /opt/airflow/dags/training_pipeline_dag.py for tasks to queue
[2026-08-29T21:28:55.050+0000] {logging_mixin.py:188} INFO - [2026-08-29T21:28:55.049+0000] {dagbag.py:545} INFO - Filling up the DagBag from /opt/airflow/dags/training_pipeline_dag.py
[2026-08-29T21:28:57.352+0000] {processor.py:840} INFO - DAG(s) 'training_pipeline' retrieved from /opt/airflow/dags/training_pipeline_dag.py
[2026-08-29T21:28:57.414+0000] {logging_mixin.py:188} INFO - [2026-08-29T21:28:57.413+0000] {dag.py:3089} INFO - Sync 1 DAGs
[2026-08-29T21:28:57.456+0000] {logging_mixin.py:188} INFO - [2026-08-29T21:28:57.455+0000] {dag.py:3947} INFO - Setting next_dagrun for training_pipeline to 2026-08-29 00:00:00+00:00, run_after=2026-08-30 00:00:00+00:00
[2026-08-29T21:28:57.509+0000] {processor.py:183} INFO - Processing /opt/airflow/dags/training_pipeline_dag.py took 2.490 seconds
[2026-08-29T21:29:28.330+0000] {processor.py:161} INFO - Started process (PID=1842) to work on /opt/airflow/dags/training_pipeline_dag.py
[2026-08-29T21:29:28.336+0000] {processor.py:830} INFO - Processing file /opt/airflow/dags/training_pipeline_dag.py for tasks to queue
[2026-08-29T21:29:28.339+0000] {logging_mixin.py:188} INFO - [2026-08-29T21:29:28.338+0000] {dagbag.py:545} INFO - Filling up the DagBag from /opt/airflow/dags/training_pipeline_dag.py
[2026-08-29T21:29:33.785+0000] {processor.py:840} INFO - DAG(s) 'training_pipeline' retrieved from /opt/airflow/dags/training_pipeline_dag.py
[2026-08-29T21:29:33.847+0000] {logging_mixin.py:188} INFO - [2026-08-29T21:29:33.846+0000] {dag.py:3089} INFO - Sync 1 DAGs
[2026-08-29T21:29:33.893+0000] {logging_mixin.py:188} INFO - [2026-08-29T21:29:33.893+0000] {dag.py:3947} INFO - Setting next_dagrun for training_pipeline to 2026-08-29 00:00:00+00:00, run_after=2026-08-30 00:00:00+00:00
[2026-08-29T21:29:33.936+0000] {processor.py:183} INFO - Processing /opt/airflow/dags/training_pipeline_dag.py took 7.821 seconds
[2026-08-29T21:30:04.724+0000] {processor.py:161} INFO - Started process (PID=1873) to work on /opt/airflow/dags/training_pipeline_dag.py
[2026-08-29T21:30:04.732+0000] {processor.py:830} INFO - Processing file /opt/airflow/dags/training_pipeline_dag.py for tasks to queue
[2026-08-29T21:30:04.736+0000] {logging_mixin.py:188} INFO - [2026-08-29T21:30:04.735+0000] {dagbag.py:545} INFO - Filling up the DagBag from /opt/airflow/dags/training_pipeline_dag.py
[2026-08-29T21:30:06.789+0000] {processor.py:840} INFO - DAG(s) 'training_pipeline' retrieved from /opt/airflow/dags/training_pipeline_dag.py
[2026-08-29T21:30:06.849+0000] {logging_mixin.py:188} INFO - [2026-08-29T21:30:06.848+0000] {dag.py:3089} INFO - Sync 1 DAGs
[2026-08-29T21:30:06.885+0000] {logging_mixin.py:188} INFO - [2026-08-29T21:30:06.884+0000] {dag.py:3947} INFO - Setting next_dagrun for training_pipeline to 2026-08-29 00:00:00+00:00, run_after=2026-08-30 00:00:00+00:00
[2026-08-29T21:30:06.957+0000] {processor.py:183} INFO - Processing /opt/airflow/dags/training_pipeline_dag.py took 2.256 seconds
[2026-08-29T21:30:37.654+0000] {processor.py:161} INFO - Started process (PID=1903) to work on /opt/airflow/dags/training_pipeline_dag.py
[2026-08-29T21:30:37.656+0000] {processor.py:830} INFO - Processing file /opt/airflow/dags/training_pipeline_dag.py for tasks to queue
[2026-08-29T21:30:37.659+0000] {logging_mixin.py:188} INFO - [2026-08-29T21:30:37.658+0000] {dagbag.py:545} INFO - Filling up the DagBag from /opt/airflow/dags/training_pipeline_dag.py
[2026-08-29T21:30:39.732+0000] {processor.py:840} INFO - DAG(s) 'training_pipeline' retrieved from /opt/airflow/dags/training_pipeline_dag.py
[2026-08-29T21:30:39.792+0000] {logging_mixin.py:188} INFO - [2026-08-29T21:30:39.791+0000] {dag.py:3089} INFO - Sync 1 DAGs
[2026-08-29T21:30:39.840+0000] {logging_mixin.py:188} INFO - [2026-08-29T21:30:39.839+0000] {dag.py:3947} INFO - Setting next_dagrun for training_pipeline to 2026-08-29 00:00:00+00:00, run_after=2026-08-30 00:00:00+00:00
[2026-08-29T21:30:39.884+0000] {processor.py:183} INFO - Processing /opt/airflow/dags/training_pipeline_dag.py took 2.259 seconds
[2026-08-29T21:31:10.937+0000] {processor.py:161} INFO - Started process (PID=1931) to work on /opt/airflow/dags/training_pipeline_dag.py
[2026-08-29T21:31:10.965+0000] {processor.py:830} INFO - Processing file /opt/airflow/dags/training_pipeline_dag.py for tasks to queue
[2026-08-29T21:31:10.969+0000] {logging_mixin.py:188} INFO - [2026-08-29T21:31:10.967+0000] {dagbag.py:545} INFO - Filling up the DagBag from /opt/airflow/dags/training_pipeline_dag.py
[2026-08-29T21:31:13.454+0000] {processor.py:840} INFO - DAG(s) 'training_pipeline' retrieved from /opt/airflow/dags/training_pipeline_dag.py
[2026-08-29T21:31:13.508+0000] {logging_mixin.py:188} INFO - [2026-08-29T21:31:13.507+0000] {dag.py:3089} INFO - Sync 1 DAGs
[2026-08-29T21:31:13.545+0000] {logging_mixin.py:188} INFO - [2026-08-29T21:31:13.544+0000] {dag.py:3947} INFO - Setting next_dagrun for training_pipeline to 2026-08-29 00:00:00+00:00, run_after=2026-08-30 00:00:00+00:00
[2026-08-29T21:31:13.601+0000] {processor.py:183} INFO - Processing /opt/airflow/dags/training_pipeline_dag.py took 2.701 seconds
[2026-08-29T21:31:44.224+0000] {processor.py:161} INFO - Started process (PID=1952) to work on /opt/airflow/dags/training_pipeline_dag.py
[2026-08-29T21:31:44.229+0000] {processor.py:830} INFO - Processing file /opt/airflow/dags/training_pipeline_dag.py for tasks to queue
[2026-08-29T21:31:44.233+0000] {logging_mixin.py:188} INFO - [2026-08-29T21:31:44.231+0000] {dagbag.py:545} INFO - Filling up the DagBag from /opt/airflow/dags/training_pipeline_dag.py
[2026-08-29T21:31:46.537+0000] {processor.py:840} INFO - DAG(s) 'training_pipeline' retrieved from /opt/airflow/dags/training_pipeline_dag.py
[2026-08-29T21:31:46.605+0000] {logging_mixin.py:188} INFO - [2026-08-29T21:31:46.604+0000] {dag.py:3089} INFO - Sync 1 DAGs
[2026-08-29T21:31:46.651+0000] {logging_mixin.py:188} INFO - [2026-08-29T21:31:46.650+0000] {dag.py:3947} INFO - Setting next_dagrun for training_pipeline to 2026-08-29 00:00:00+00:00, run_after=2026-08-30 00:00:00+00:00
[2026-08-29T21:31:46.696+0000] {processor.py:183} INFO - Processing /opt/airflow/dags/training_pipeline_dag.py took 2.503 seconds
[2026-08-29T21:32:18.641+0000] {processor.py:161} INFO - Started process (PID=2062) to work on /opt/airflow/dags/training_pipeline_dag.py
[2026-08-29T21:32:18.645+0000] {processor.py:830} INFO - Processing file /opt/airflow/dags/training_pipeline_dag.py for tasks to queue
[2026-08-29T21:32:18.651+0000] {logging_mixin.py:188} INFO - [2026-08-29T21:32:18.650+0000] {dagbag.py:545} INFO - Filling up the DagBag from /opt/airflow/dags/training_pipeline_dag.py
[2026-08-29T21:32:40.099+0000] {processor.py:840} INFO - DAG(s) 'training_pipeline' retrieved from /opt/airflow/dags/training_pipeline_dag.py
[2026-08-29T21:32:40.296+0000] {logging_mixin.py:188} INFO - [2026-08-29T21:32:40.293+0000] {dag.py:3089} INFO - Sync 1 DAGs
[2026-08-29T21:32:40.399+0000] {logging_mixin.py:188} INFO - [2026-08-29T21:32:40.399+0000] {dag.py:3947} INFO - Setting next_dagrun for training_pipeline to 2026-08-29 00:00:00+00:00, run_after=2026-08-30 00:00:00+00:00
[2026-08-29T21:32:40.474+0000] {processor.py:183} INFO - Processing /opt/airflow/dags/training_pipeline_dag.py took 24.654 seconds
[2026-08-29T21:33:11.271+0000] {processor.py:161} INFO - Started process (PID=2192) to work on /opt/airflow/dags/training_pipeline_dag.py
[2026-08-29T21:33:11.277+0000] {processor.py:830} INFO - Processing file /opt/airflow/dags/training_pipeline_dag.py for tasks to queue
[2026-08-29T21:33:11.280+0000] {logging_mixin.py:188} INFO - [2026-08-29T21:33:11.279+0000] {dagbag.py:545} INFO - Filling up the DagBag from /opt/airflow/dags/training_pipeline_dag.py
[2026-08-29T21:33:18.492+0000] {processor.py:840} INFO - DAG(s) 'training_pipeline' retrieved from /opt/airflow/dags/training_pipeline_dag.py
[2026-08-29T21:33:18.865+0000] {logging_mixin.py:188} INFO - [2026-08-29T21:33:18.864+0000] {dag.py:3089} INFO - Sync 1 DAGs
[2026-08-29T21:33:18.957+0000] {logging_mixin.py:188} INFO - [2026-08-29T21:33:18.956+0000] {dag.py:3947} INFO - Setting next_dagrun for training_pipeline to 2026-08-29 00:00:00+00:00, run_after=2026-08-30 00:00:00+00:00
[2026-08-29T21:33:19.026+0000] {processor.py:183} INFO - Processing /opt/airflow/dags/training_pipeline_dag.py took 7.817 seconds
[2026-08-29T21:33:49.508+0000] {processor.py:161} INFO - Started process (PID=2258) to work on /opt/airflow/dags/training_pipeline_dag.py
[2026-08-29T21:33:49.511+0000] {processor.py:830} INFO - Processing file /opt/airflow/dags/training_pipeline_dag.py for tasks to queue
[2026-08-29T21:33:49.516+0000] {logging_mixin.py:188} INFO - [2026-08-29T21:33:49.515+0000] {dagbag.py:545} INFO - Filling up the DagBag from /opt/airflow/dags/training_pipeline_dag.py
[2026-08-29T21:33:51.673+0000] {processor.py:840} INFO - DAG(s) 'training_pipeline' retrieved from /opt/airflow/dags/training_pipeline_dag.py
[2026-08-29T21:33:51.726+0000] {logging_mixin.py:188} INFO - [2026-08-29T21:33:51.725+0000] {dag.py:3089} INFO - Sync 1 DAGs
[2026-08-29T21:33:51.758+0000] {logging_mixin.py:188} INFO - [2026-08-29T21:33:51.758+0000] {dag.py:3947} INFO - Setting next_dagrun for training_pipeline to 2026-08-29 00:00:00+00:00, run_after=2026-08-30 00:00:00+00:00
[2026-08-29T21:33:51.832+0000] {processor.py:183} INFO - Processing /opt/airflow/dags/training_pipeline_dag.py took 2.353 seconds
[2026-08-29T21:34:22.153+0000] {processor.py:161} INFO - Started process (PID=2288) to work on /opt/airflow/dags/training_pipeline_dag.py
[2026-08-29T21:34:22.157+0000] {processor.py:830} INFO - Processing file /opt/airflow/dags/training_pipeline_dag.py for tasks to queue
[2026-08-29T21:34:22.160+0000] {logging_mixin.py:188} INFO - [2026-08-29T21:34:22.158+0000] {dagbag.py:545} INFO - Filling up the DagBag from /opt/airflow/dags/training_pipeline_dag.py
[2026-08-29T21:34:24.298+0000] {processor.py:840} INFO - DAG(s) 'training_pipeline' retrieved from /opt/airflow/dags/training_pipeline_dag.py
[2026-08-29T21:34:24.397+0000] {logging_mixin.py:188} INFO - [2026-08-29T21:34:24.396+0000] {dag.py:3089} INFO - Sync 1 DAGs
[2026-08-29T21:34:24.434+0000] {logging_mixin.py:188} INFO - [2026-08-29T21:34:24.433+0000] {dag.py:3947} INFO - Setting next_dagrun for training_pipeline to 2026-08-29 00:00:00+00:00, run_after=2026-08-30 00:00:00+00:00
[2026-08-29T21:34:24.493+0000] {processor.py:183} INFO - Processing /opt/airflow/dags/training_pipeline_dag.py took 2.365 seconds
[2026-08-29T21:34:55.173+0000] {processor.py:161} INFO - Started process (PID=2318) to work on /opt/airflow/dags/training_pipeline_dag.py
[2026-08-29T21:34:55.185+0000] {processor.py:830} INFO - Processing file /opt/airflow/dags/training_pipeline_dag.py for tasks to queue
[2026-08-29T21:34:55.189+0000] {logging_mixin.py:188} INFO - [2026-08-29T21:34:55.188+0000] {dagbag.py:545} INFO - Filling up the DagBag from /opt/airflow/dags/training_pipeline_dag.py
[2026-08-29T21:34:57.308+0000] {processor.py:840} INFO - DAG(s) 'training_pipeline' retrieved from /opt/airflow/dags/training_pipeline_dag.py
[2026-08-29T21:34:57.502+0000] {logging_mixin.py:188} INFO - [2026-08-29T21:34:57.500+0000] {dag.py:3089} INFO - Sync 1 DAGs
[2026-08-29T21:34:57.749+0000] {logging_mixin.py:188} INFO - [2026-08-29T21:34:57.748+0000] {dag.py:3947} INFO - Setting next_dagrun for training_pipeline to 2026-08-29 00:00:00+00:00, run_after=2026-08-30 00:00:00+00:00
[2026-08-29T21:34:57.935+0000] {processor.py:183} INFO - Processing /opt/airflow/dags/training_pipeline_dag.py took 2.782 seconds
[2026-08-29T21:35:28.741+0000] {processor.py:161} INFO - Started process (PID=2351) to work on /opt/airflow/dags/training_pipeline_dag.py
[2026-08-29T21:35:28.759+0000] {processor.py:830} INFO - Processing file /opt/airflow/dags/training_pipeline_dag.py for tasks to queue
[2026-08-29T21:35:28.762+0000] {logging_mixin.py:188} INFO - [2026-08-29T21:35:28.761+0000] {dagbag.py:545} INFO - Filling up the DagBag from /opt/airflow/dags/training_pipeline_dag.py
[2026-08-29T21:35:37.663+0000] {processor.py:840} INFO - DAG(s) 'training_pipeline' retrieved from /opt/airflow/dags/training_pipeline_dag.py
[2026-08-29T21:35:37.752+0000] {logging_mixin.py:188} INFO - [2026-08-29T21:35:37.751+0000] {dag.py:3089} INFO - Sync 1 DAGs
[2026-08-29T21:35:37.804+0000] {logging_mixin.py:188} INFO - [2026-08-29T21:35:37.804+0000] {dag.py:3947} INFO - Setting next_dagrun for training_pipeline to 2026-08-29 00:00:00+00:00, run_after=2026-08-30 00:00:00+00:00
[2026-08-29T21:35:37.867+0000] {processor.py:183} INFO - Processing /opt/airflow/dags/training_pipeline_dag.py took 11.475 seconds
[2026-08-29T21:36:08.412+0000] {processor.py:161} INFO - Started process (PID=2389) to work on /opt/airflow/dags/training_pipeline_dag.py
[2026-08-29T21:36:08.424+0000] {processor.py:830} INFO - Processing file /opt/airflow/dags/training_pipeline_dag.py for tasks to queue
[2026-08-29T21:36:08.429+0000] {logging_mixin.py:188} INFO - [2026-08-29T21:36:08.427+0000] {dagbag.py:545} INFO - Filling up the DagBag from /opt/airflow/dags/training_pipeline_dag.py
[2026-08-29T21:37:42.968+0000] {processor.py:161} INFO - Started process (PID=2411) to work on /opt/airflow/dags/training_pipeline_dag.py
[2026-08-29T21:37:42.981+0000] {processor.py:830} INFO - Processing file /opt/airflow/dags/training_pipeline_dag.py for tasks to queue
[2026-08-29T21:37:42.990+0000] {logging_mixin.py:188} INFO - [2026-08-29T21:37:42.989+0000] {dagbag.py:545} INFO - Filling up the DagBag from /opt/airflow/dags/training_pipeline_dag.py
[2026-08-29T21:38:27.197+0000] {logging_mixin.py:188} INFO - [2026-08-29T21:38:27.195+0000] {timeout.py:68} ERROR - Process timed out, PID: 2411
[2026-08-29T21:38:27.202+0000] {logging_mixin.py:188} WARNING - Exception ignored in: <function WeakKeyDictionary.__init__.<locals>.remove at 0x79c434698cc0>
[2026-08-29T21:38:27.308+0000] {logging_mixin.py:188} WARNING - Traceback (most recent call last):
[2026-08-29T21:38:27.311+0000] {logging_mixin.py:188} WARNING -   File "/usr/local/lib/python3.11/weakref.py", line 369, in remove
[2026-08-29T21:38:27.370+0000] {logging_mixin.py:188} WARNING -     def remove(k, selfref=ref(self)):
[2026-08-29T21:38:27.388+0000] {logging_mixin.py:188} WARNING -   File "/home/airflow/.local/lib/python3.11/site-packages/airflow/utils/timeout.py", line 69, in handle_timeout
[2026-08-29T21:38:27.407+0000] {logging_mixin.py:188} WARNING -     raise AirflowTaskTimeout(self.error_message)
[2026-08-29T21:38:27.411+0000] {logging_mixin.py:188} WARNING - airflow.exceptions.AirflowTaskTimeout: DagBag import timeout for /opt/airflow/dags/training_pipeline_dag.py after 30.0s.
Please take a look at these docs to improve your DAG import time:
* https://airflow.apache.org/docs/apache-airflow/2.9.3/best-practices.html#top-level-python-code
* https://airflow.apache.org/docs/apache-airflow/2.9.3/best-practices.html#reducing-dag-complexity, PID: 2411
[2026-08-29T21:39:02.745+0000] {processor.py:161} INFO - Started process (PID=2563) to work on /opt/airflow/dags/training_pipeline_dag.py
[2026-08-29T21:39:02.748+0000] {processor.py:830} INFO - Processing file /opt/airflow/dags/training_pipeline_dag.py for tasks to queue
[2026-08-29T21:39:02.751+0000] {logging_mixin.py:188} INFO - [2026-08-29T21:39:02.750+0000] {dagbag.py:545} INFO - Filling up the DagBag from /opt/airflow/dags/training_pipeline_dag.py
[2026-08-29T21:39:04.161+0000] {processor.py:840} INFO - DAG(s) 'training_pipeline' retrieved from /opt/airflow/dags/training_pipeline_dag.py
[2026-08-29T21:39:04.424+0000] {logging_mixin.py:188} INFO - [2026-08-29T21:39:04.423+0000] {dag.py:3089} INFO - Sync 1 DAGs
[2026-08-29T21:39:04.460+0000] {logging_mixin.py:188} INFO - [2026-08-29T21:39:04.460+0000] {dag.py:3947} INFO - Setting next_dagrun for training_pipeline to 2026-08-29 00:00:00+00:00, run_after=2026-08-30 00:00:00+00:00
[2026-08-29T21:39:04.521+0000] {processor.py:183} INFO - Processing /opt/airflow/dags/training_pipeline_dag.py took 4.127 seconds
[2026-08-29T21:39:43.780+0000] {processor.py:161} INFO - Started process (PID=2599) to work on /opt/airflow/dags/training_pipeline_dag.py
[2026-08-29T21:39:43.797+0000] {processor.py:830} INFO - Processing file /opt/airflow/dags/training_pipeline_dag.py for tasks to queue
[2026-08-29T21:39:43.801+0000] {logging_mixin.py:188} INFO - [2026-08-29T21:39:43.800+0000] {dagbag.py:545} INFO - Filling up the DagBag from /opt/airflow/dags/training_pipeline_dag.py
[2026-08-29T21:40:25.790+0000] {logging_mixin.py:188} INFO - [2026-08-29T21:40:25.789+0000] {timeout.py:68} ERROR - Process timed out, PID: 2599
[2026-08-29T21:40:25.791+0000] {logging_mixin.py:188} WARNING - Exception ignored in: <function WeakKeyDictionary.__init__.<locals>.remove at 0x79c434698cc0>
[2026-08-29T21:40:25.796+0000] {logging_mixin.py:188} WARNING - Traceback (most recent call last):
[2026-08-29T21:40:25.797+0000] {logging_mixin.py:188} WARNING -   File "/usr/local/lib/python3.11/weakref.py", line 369, in remove
[2026-08-29T21:40:25.809+0000] {logging_mixin.py:188} WARNING -     def remove(k, selfref=ref(self)):
[2026-08-29T21:40:25.810+0000] {logging_mixin.py:188} WARNING -   File "/home/airflow/.local/lib/python3.11/site-packages/airflow/utils/timeout.py", line 69, in handle_timeout
[2026-08-29T21:40:25.811+0000] {logging_mixin.py:188} WARNING -     raise AirflowTaskTimeout(self.error_message)
[2026-08-29T21:40:25.812+0000] {logging_mixin.py:188} WARNING - airflow.exceptions.AirflowTaskTimeout: DagBag import timeout for /opt/airflow/dags/training_pipeline_dag.py after 30.0s.
Please take a look at these docs to improve your DAG import time:
* https://airflow.apache.org/docs/apache-airflow/2.9.3/best-practices.html#top-level-python-code
* https://airflow.apache.org/docs/apache-airflow/2.9.3/best-practices.html#reducing-dag-complexity, PID: 2599
[2026-08-29T21:40:31.502+0000] {processor.py:840} INFO - DAG(s) 'training_pipeline' retrieved from /opt/airflow/dags/training_pipeline_dag.py
[2026-08-29T21:40:32.443+0000] {logging_mixin.py:188} INFO - [2026-08-29T21:40:32.438+0000] {dag.py:3089} INFO - Sync 1 DAGs
[2026-08-29T21:41:03.746+0000] {processor.py:161} INFO - Started process (PID=2631) to work on /opt/airflow/dags/training_pipeline_dag.py
[2026-08-29T21:41:03.755+0000] {processor.py:830} INFO - Processing file /opt/airflow/dags/training_pipeline_dag.py for tasks to queue
[2026-08-29T21:41:03.760+0000] {logging_mixin.py:188} INFO - [2026-08-29T21:41:03.758+0000] {dagbag.py:545} INFO - Filling up the DagBag from /opt/airflow/dags/training_pipeline_dag.py
[2026-08-29T21:41:15.384+0000] {processor.py:840} INFO - DAG(s) 'training_pipeline' retrieved from /opt/airflow/dags/training_pipeline_dag.py
[2026-08-29T21:41:18.482+0000] {logging_mixin.py:188} INFO - [2026-08-29T21:41:18.480+0000] {dag.py:3089} INFO - Sync 1 DAGs
[2026-08-29T21:41:19.096+0000] {logging_mixin.py:188} INFO - [2026-08-29T21:41:19.095+0000] {dag.py:3947} INFO - Setting next_dagrun for training_pipeline to 2026-08-29 00:00:00+00:00, run_after=2026-08-30 00:00:00+00:00
[2026-08-29T21:41:25.636+0000] {processor.py:183} INFO - Processing /opt/airflow/dags/training_pipeline_dag.py took 21.946 seconds
[2026-08-29T21:42:13.589+0000] {processor.py:161} INFO - Started process (PID=2703) to work on /opt/airflow/dags/training_pipeline_dag.py
[2026-08-29T21:42:13.600+0000] {processor.py:830} INFO - Processing file /opt/airflow/dags/training_pipeline_dag.py for tasks to queue
[2026-08-29T21:42:13.607+0000] {logging_mixin.py:188} INFO - [2026-08-29T21:42:13.605+0000] {dagbag.py:545} INFO - Filling up the DagBag from /opt/airflow/dags/training_pipeline_dag.py
[2026-08-29T21:42:41.474+0000] {logging_mixin.py:188} INFO - [2026-08-29T21:42:41.275+0000] {timeout.py:68} ERROR - Process timed out, PID: 2703
[2026-08-29T21:43:20.883+0000] {processor.py:161} INFO - Started process (PID=2721) to work on /opt/airflow/dags/training_pipeline_dag.py
[2026-08-29T21:43:20.891+0000] {processor.py:830} INFO - Processing file /opt/airflow/dags/training_pipeline_dag.py for tasks to queue
[2026-08-29T21:43:20.895+0000] {logging_mixin.py:188} INFO - [2026-08-29T21:43:20.894+0000] {dagbag.py:545} INFO - Filling up the DagBag from /opt/airflow/dags/training_pipeline_dag.py
[2026-08-29T21:43:24.531+0000] {processor.py:840} INFO - DAG(s) 'training_pipeline' retrieved from /opt/airflow/dags/training_pipeline_dag.py
[2026-08-29T21:43:24.947+0000] {logging_mixin.py:188} INFO - [2026-08-29T21:43:24.945+0000] {dag.py:3089} INFO - Sync 1 DAGs
[2026-08-29T21:43:25.041+0000] {logging_mixin.py:188} INFO - [2026-08-29T21:43:25.041+0000] {dag.py:3947} INFO - Setting next_dagrun for training_pipeline to 2026-08-29 00:00:00+00:00, run_after=2026-08-30 00:00:00+00:00
[2026-08-29T21:43:25.193+0000] {processor.py:183} INFO - Processing /opt/airflow/dags/training_pipeline_dag.py took 4.337 seconds
[2026-08-29T21:43:59.432+0000] {processor.py:161} INFO - Started process (PID=2738) to work on /opt/airflow/dags/training_pipeline_dag.py
[2026-08-29T21:43:59.441+0000] {processor.py:830} INFO - Processing file /opt/airflow/dags/training_pipeline_dag.py for tasks to queue
[2026-08-29T21:43:59.444+0000] {logging_mixin.py:188} INFO - [2026-08-29T21:43:59.443+0000] {dagbag.py:545} INFO - Filling up the DagBag from /opt/airflow/dags/training_pipeline_dag.py
[2026-08-29T21:44:05.700+0000] {processor.py:840} INFO - DAG(s) 'training_pipeline' retrieved from /opt/airflow/dags/training_pipeline_dag.py
[2026-08-29T21:44:07.671+0000] {logging_mixin.py:188} INFO - [2026-08-29T21:44:07.669+0000] {dag.py:3089} INFO - Sync 1 DAGs
[2026-08-29T21:44:08.048+0000] {logging_mixin.py:188} INFO - [2026-08-29T21:44:08.048+0000] {dag.py:3947} INFO - Setting next_dagrun for training_pipeline to 2026-08-29 00:00:00+00:00, run_after=2026-08-30 00:00:00+00:00
[2026-08-29T21:44:08.124+0000] {processor.py:183} INFO - Processing /opt/airflow/dags/training_pipeline_dag.py took 8.710 seconds
[2026-08-29T21:44:38.948+0000] {processor.py:161} INFO - Started process (PID=2763) to work on /opt/airflow/dags/training_pipeline_dag.py
[2026-08-29T21:44:38.952+0000] {processor.py:830} INFO - Processing file /opt/airflow/dags/training_pipeline_dag.py for tasks to queue
[2026-08-29T21:44:38.956+0000] {logging_mixin.py:188} INFO - [2026-08-29T21:44:38.955+0000] {dagbag.py:545} INFO - Filling up the DagBag from /opt/airflow/dags/training_pipeline_dag.py
[2026-08-29T21:44:48.886+0000] {processor.py:840} INFO - DAG(s) 'training_pipeline' retrieved from /opt/airflow/dags/training_pipeline_dag.py
[2026-08-29T21:44:49.550+0000] {logging_mixin.py:188} INFO - [2026-08-29T21:44:49.550+0000] {dag.py:3089} INFO - Sync 1 DAGs
[2026-08-29T21:44:50.176+0000] {logging_mixin.py:188} INFO - [2026-08-29T21:44:50.176+0000] {dag.py:3947} INFO - Setting next_dagrun for training_pipeline to 2026-08-29 00:00:00+00:00, run_after=2026-08-30 00:00:00+00:00
[2026-08-29T21:44:50.475+0000] {processor.py:183} INFO - Processing /opt/airflow/dags/training_pipeline_dag.py took 13.902 seconds
[2026-08-29T21:45:23.574+0000] {processor.py:161} INFO - Started process (PID=2791) to work on /opt/airflow/dags/training_pipeline_dag.py
[2026-08-29T21:45:24.051+0000] {processor.py:830} INFO - Processing file /opt/airflow/dags/training_pipeline_dag.py for tasks to queue
[2026-08-29T21:45:24.055+0000] {logging_mixin.py:188} INFO - [2026-08-29T21:45:24.053+0000] {dagbag.py:545} INFO - Filling up the DagBag from /opt/airflow/dags/training_pipeline_dag.py
[2026-08-29T21:45:42.571+0000] {processor.py:840} INFO - DAG(s) 'training_pipeline' retrieved from /opt/airflow/dags/training_pipeline_dag.py
[2026-08-29T21:45:42.680+0000] {logging_mixin.py:188} INFO - [2026-08-29T21:45:42.679+0000] {dag.py:3089} INFO - Sync 1 DAGs
[2026-08-29T21:45:42.747+0000] {logging_mixin.py:188} INFO - [2026-08-29T21:45:42.744+0000] {dag.py:3947} INFO - Setting next_dagrun for training_pipeline to 2026-08-29 00:00:00+00:00, run_after=2026-08-30 00:00:00+00:00
[2026-08-29T21:45:42.814+0000] {processor.py:183} INFO - Processing /opt/airflow/dags/training_pipeline_dag.py took 21.460 seconds
[2026-08-29T21:46:13.427+0000] {processor.py:161} INFO - Started process (PID=2821) to work on /opt/airflow/dags/training_pipeline_dag.py
[2026-08-29T21:46:13.432+0000] {processor.py:830} INFO - Processing file /opt/airflow/dags/training_pipeline_dag.py for tasks to queue
[2026-08-29T21:46:13.437+0000] {logging_mixin.py:188} INFO - [2026-08-29T21:46:13.436+0000] {dagbag.py:545} INFO - Filling up the DagBag from /opt/airflow/dags/training_pipeline_dag.py
[2026-08-29T21:46:17.235+0000] {processor.py:840} INFO - DAG(s) 'training_pipeline' retrieved from /opt/airflow/dags/training_pipeline_dag.py
[2026-08-29T21:46:17.310+0000] {logging_mixin.py:188} INFO - [2026-08-29T21:46:17.309+0000] {dag.py:3089} INFO - Sync 1 DAGs
[2026-08-29T21:46:17.351+0000] {logging_mixin.py:188} INFO - [2026-08-29T21:46:17.351+0000] {dag.py:3947} INFO - Setting next_dagrun for training_pipeline to 2026-08-29 00:00:00+00:00, run_after=2026-08-30 00:00:00+00:00
[2026-08-29T21:46:17.428+0000] {processor.py:183} INFO - Processing /opt/airflow/dags/training_pipeline_dag.py took 4.028 seconds
[2026-08-29T21:46:52.569+0000] {processor.py:161} INFO - Started process (PID=2853) to work on /opt/airflow/dags/training_pipeline_dag.py
[2026-08-29T21:46:52.595+0000] {processor.py:830} INFO - Processing file /opt/airflow/dags/training_pipeline_dag.py for tasks to queue
[2026-08-29T21:46:52.600+0000] {logging_mixin.py:188} INFO - [2026-08-29T21:46:52.598+0000] {dagbag.py:545} INFO - Filling up the DagBag from /opt/airflow/dags/training_pipeline_dag.py
[2026-08-29T21:46:54.973+0000] {processor.py:840} INFO - DAG(s) 'training_pipeline' retrieved from /opt/airflow/dags/training_pipeline_dag.py
[2026-08-29T21:46:55.044+0000] {logging_mixin.py:188} INFO - [2026-08-29T21:46:55.043+0000] {dag.py:3089} INFO - Sync 1 DAGs
[2026-08-29T21:46:55.109+0000] {logging_mixin.py:188} INFO - [2026-08-29T21:46:55.108+0000] {dag.py:3947} INFO - Setting next_dagrun for training_pipeline to 2026-08-29 00:00:00+00:00, run_after=2026-08-30 00:00:00+00:00
[2026-08-29T21:46:55.167+0000] {processor.py:183} INFO - Processing /opt/airflow/dags/training_pipeline_dag.py took 2.625 seconds
[2026-08-29T21:47:29.372+0000] {processor.py:161} INFO - Started process (PID=2870) to work on /opt/airflow/dags/training_pipeline_dag.py
[2026-08-29T21:47:29.377+0000] {processor.py:830} INFO - Processing file /opt/airflow/dags/training_pipeline_dag.py for tasks to queue
[2026-08-29T21:47:29.382+0000] {logging_mixin.py:188} INFO - [2026-08-29T21:47:29.380+0000] {dagbag.py:545} INFO - Filling up the DagBag from /opt/airflow/dags/training_pipeline_dag.py
[2026-08-29T21:47:34.125+0000] {processor.py:840} INFO - DAG(s) 'training_pipeline' retrieved from /opt/airflow/dags/training_pipeline_dag.py
[2026-08-29T21:47:34.297+0000] {logging_mixin.py:188} INFO - [2026-08-29T21:47:34.295+0000] {dag.py:3089} INFO - Sync 1 DAGs
[2026-08-29T21:47:31.879+0000] {logging_mixin.py:188} INFO - [2026-08-29T21:47:31.879+0000] {dag.py:3947} INFO - Setting next_dagrun for training_pipeline to 2026-08-29 00:00:00+00:00, run_after=2026-08-30 00:00:00+00:00
[2026-08-29T21:47:32.118+0000] {processor.py:183} INFO - Processing /opt/airflow/dags/training_pipeline_dag.py took 5.100 seconds
[2026-08-29T21:48:03.075+0000] {processor.py:161} INFO - Started process (PID=2895) to work on /opt/airflow/dags/training_pipeline_dag.py
[2026-08-29T21:48:03.079+0000] {processor.py:830} INFO - Processing file /opt/airflow/dags/training_pipeline_dag.py for tasks to queue
[2026-08-29T21:48:03.082+0000] {logging_mixin.py:188} INFO - [2026-08-29T21:48:03.081+0000] {dagbag.py:545} INFO - Filling up the DagBag from /opt/airflow/dags/training_pipeline_dag.py
[2026-08-29T21:48:06.143+0000] {processor.py:840} INFO - DAG(s) 'training_pipeline' retrieved from /opt/airflow/dags/training_pipeline_dag.py
[2026-08-29T21:48:06.227+0000] {logging_mixin.py:188} INFO - [2026-08-29T21:48:06.226+0000] {dag.py:3089} INFO - Sync 1 DAGs
[2026-08-29T21:48:06.275+0000] {logging_mixin.py:188} INFO - [2026-08-29T21:48:06.275+0000] {dag.py:3947} INFO - Setting next_dagrun for training_pipeline to 2026-08-29 00:00:00+00:00, run_after=2026-08-30 00:00:00+00:00
[2026-08-29T21:48:06.337+0000] {processor.py:183} INFO - Processing /opt/airflow/dags/training_pipeline_dag.py took 3.286 seconds
[2026-08-29T21:48:36.681+0000] {processor.py:161} INFO - Started process (PID=2925) to work on /opt/airflow/dags/training_pipeline_dag.py
[2026-08-29T21:48:36.684+0000] {processor.py:830} INFO - Processing file /opt/airflow/dags/training_pipeline_dag.py for tasks to queue
[2026-08-29T21:48:36.687+0000] {logging_mixin.py:188} INFO - [2026-08-29T21:48:36.686+0000] {dagbag.py:545} INFO - Filling up the DagBag from /opt/airflow/dags/training_pipeline_dag.py
[2026-08-29T21:48:38.846+0000] {processor.py:840} INFO - DAG(s) 'training_pipeline' retrieved from /opt/airflow/dags/training_pipeline_dag.py
[2026-08-29T21:48:38.907+0000] {logging_mixin.py:188} INFO - [2026-08-29T21:48:38.906+0000] {dag.py:3089} INFO - Sync 1 DAGs
[2026-08-29T21:48:38.956+0000] {logging_mixin.py:188} INFO - [2026-08-29T21:48:38.955+0000] {dag.py:3947} INFO - Setting next_dagrun for training_pipeline to 2026-08-29 00:00:00+00:00, run_after=2026-08-30 00:00:00+00:00
[2026-08-29T21:48:39.022+0000] {processor.py:183} INFO - Processing /opt/airflow/dags/training_pipeline_dag.py took 2.365 seconds
[2026-08-29T21:49:09.880+0000] {processor.py:161} INFO - Started process (PID=2953) to work on /opt/airflow/dags/training_pipeline_dag.py
[2026-08-29T21:49:09.886+0000] {processor.py:830} INFO - Processing file /opt/airflow/dags/training_pipeline_dag.py for tasks to queue
[2026-08-29T21:49:09.890+0000] {logging_mixin.py:188} INFO - [2026-08-29T21:49:09.889+0000] {dagbag.py:545} INFO - Filling up the DagBag from /opt/airflow/dags/training_pipeline_dag.py
[2026-08-29T21:49:12.031+0000] {processor.py:840} INFO - DAG(s) 'training_pipeline' retrieved from /opt/airflow/dags/training_pipeline_dag.py
[2026-08-29T21:49:12.097+0000] {logging_mixin.py:188} INFO - [2026-08-29T21:49:12.096+0000] {dag.py:3089} INFO - Sync 1 DAGs
[2026-08-29T21:49:12.138+0000] {logging_mixin.py:188} INFO - [2026-08-29T21:49:12.137+0000] {dag.py:3947} INFO - Setting next_dagrun for training_pipeline to 2026-08-29 00:00:00+00:00, run_after=2026-08-30 00:00:00+00:00
[2026-08-29T21:49:12.199+0000] {processor.py:183} INFO - Processing /opt/airflow/dags/training_pipeline_dag.py took 2.348 seconds
[2026-08-29T21:49:42.520+0000] {processor.py:161} INFO - Started process (PID=2983) to work on /opt/airflow/dags/training_pipeline_dag.py
[2026-08-29T21:49:42.535+0000] {processor.py:830} INFO - Processing file /opt/airflow/dags/training_pipeline_dag.py for tasks to queue
[2026-08-29T21:49:42.543+0000] {logging_mixin.py:188} INFO - [2026-08-29T21:49:42.540+0000] {dagbag.py:545} INFO - Filling up the DagBag from /opt/airflow/dags/training_pipeline_dag.py
[2026-08-29T21:49:46.191+0000] {processor.py:840} INFO - DAG(s) 'training_pipeline' retrieved from /opt/airflow/dags/training_pipeline_dag.py
[2026-08-29T21:49:46.343+0000] {logging_mixin.py:188} INFO - [2026-08-29T21:49:46.343+0000] {dag.py:3089} INFO - Sync 1 DAGs
[2026-08-29T21:49:46.406+0000] {logging_mixin.py:188} INFO - [2026-08-29T21:49:46.405+0000] {dag.py:3947} INFO - Setting next_dagrun for training_pipeline to 2026-08-29 00:00:00+00:00, run_after=2026-08-30 00:00:00+00:00
[2026-08-29T21:49:46.479+0000] {processor.py:183} INFO - Processing /opt/airflow/dags/training_pipeline_dag.py took 4.051 seconds
[2026-08-29T21:50:17.653+0000] {processor.py:161} INFO - Started process (PID=3013) to work on /opt/airflow/dags/training_pipeline_dag.py
[2026-08-29T21:50:17.657+0000] {processor.py:830} INFO - Processing file /opt/airflow/dags/training_pipeline_dag.py for tasks to queue
[2026-08-29T21:50:17.660+0000] {logging_mixin.py:188} INFO - [2026-08-29T21:50:17.659+0000] {dagbag.py:545} INFO - Filling up the DagBag from /opt/airflow/dags/training_pipeline_dag.py
[2026-08-29T21:50:19.807+0000] {processor.py:840} INFO - DAG(s) 'training_pipeline' retrieved from /opt/airflow/dags/training_pipeline_dag.py
[2026-08-29T21:50:20.511+0000] {logging_mixin.py:188} INFO - [2026-08-29T21:50:20.510+0000] {dag.py:3089} INFO - Sync 1 DAGs
[2026-08-29T21:50:20.545+0000] {logging_mixin.py:188} INFO - [2026-08-29T21:50:20.545+0000] {dag.py:3947} INFO - Setting next_dagrun for training_pipeline to 2026-08-29 00:00:00+00:00, run_after=2026-08-30 00:00:00+00:00
[2026-08-29T21:50:21.994+0000] {processor.py:183} INFO - Processing /opt/airflow/dags/training_pipeline_dag.py took 4.365 seconds
[2026-08-29T21:50:52.660+0000] {processor.py:161} INFO - Started process (PID=3046) to work on /opt/airflow/dags/training_pipeline_dag.py
[2026-08-29T21:50:52.716+0000] {processor.py:830} INFO - Processing file /opt/airflow/dags/training_pipeline_dag.py for tasks to queue
[2026-08-29T21:50:52.720+0000] {logging_mixin.py:188} INFO - [2026-08-29T21:50:52.719+0000] {dagbag.py:545} INFO - Filling up the DagBag from /opt/airflow/dags/training_pipeline_dag.py
[2026-08-29T21:50:56.005+0000] {processor.py:840} INFO - DAG(s) 'training_pipeline' retrieved from /opt/airflow/dags/training_pipeline_dag.py
[2026-08-29T21:50:56.155+0000] {logging_mixin.py:188} INFO - [2026-08-29T21:50:56.154+0000] {dag.py:3089} INFO - Sync 1 DAGs
[2026-08-29T21:50:56.221+0000] {logging_mixin.py:188} INFO - [2026-08-29T21:50:56.219+0000] {dag.py:3947} INFO - Setting next_dagrun for training_pipeline to 2026-08-29 00:00:00+00:00, run_after=2026-08-30 00:00:00+00:00
[2026-08-29T21:50:56.291+0000] {processor.py:183} INFO - Processing /opt/airflow/dags/training_pipeline_dag.py took 3.653 seconds
[2026-08-29T21:51:29.261+0000] {processor.py:161} INFO - Started process (PID=3077) to work on /opt/airflow/dags/training_pipeline_dag.py
[2026-08-29T21:51:29.365+0000] {processor.py:830} INFO - Processing file /opt/airflow/dags/training_pipeline_dag.py for tasks to queue
[2026-08-29T21:51:29.369+0000] {logging_mixin.py:188} INFO - [2026-08-29T21:51:29.368+0000] {dagbag.py:545} INFO - Filling up the DagBag from /opt/airflow/dags/training_pipeline_dag.py
[2026-08-29T21:51:34.857+0000] {processor.py:840} INFO - DAG(s) 'training_pipeline' retrieved from /opt/airflow/dags/training_pipeline_dag.py
[2026-08-29T21:51:34.931+0000] {logging_mixin.py:188} INFO - [2026-08-29T21:51:34.930+0000] {dag.py:3089} INFO - Sync 1 DAGs
[2026-08-29T21:51:34.979+0000] {logging_mixin.py:188} INFO - [2026-08-29T21:51:34.978+0000] {dag.py:3947} INFO - Setting next_dagrun for training_pipeline to 2026-08-29 00:00:00+00:00, run_after=2026-08-30 00:00:00+00:00
[2026-08-29T21:51:35.042+0000] {processor.py:183} INFO - Processing /opt/airflow/dags/training_pipeline_dag.py took 5.800 seconds
[2026-08-29T21:52:06.071+0000] {processor.py:161} INFO - Started process (PID=3107) to work on /opt/airflow/dags/training_pipeline_dag.py
[2026-08-29T21:52:06.074+0000] {processor.py:830} INFO - Processing file /opt/airflow/dags/training_pipeline_dag.py for tasks to queue
[2026-08-29T21:52:06.077+0000] {logging_mixin.py:188} INFO - [2026-08-29T21:52:06.075+0000] {dagbag.py:545} INFO - Filling up the DagBag from /opt/airflow/dags/training_pipeline_dag.py
[2026-08-29T21:52:12.573+0000] {processor.py:840} INFO - DAG(s) 'training_pipeline' retrieved from /opt/airflow/dags/training_pipeline_dag.py
[2026-08-29T21:52:13.052+0000] {logging_mixin.py:188} INFO - [2026-08-29T21:52:13.050+0000] {dag.py:3089} INFO - Sync 1 DAGs
[2026-08-29T21:52:13.134+0000] {logging_mixin.py:188} INFO - [2026-08-29T21:52:13.133+0000] {dag.py:3947} INFO - Setting next_dagrun for training_pipeline to 2026-08-29 00:00:00+00:00, run_after=2026-08-30 00:00:00+00:00
[2026-08-29T21:52:13.512+0000] {processor.py:183} INFO - Processing /opt/airflow/dags/training_pipeline_dag.py took 7.281 seconds
[2026-08-29T21:52:43.999+0000] {processor.py:161} INFO - Started process (PID=3137) to work on /opt/airflow/dags/training_pipeline_dag.py
[2026-08-29T21:52:44.001+0000] {processor.py:830} INFO - Processing file /opt/airflow/dags/training_pipeline_dag.py for tasks to queue
[2026-08-29T21:52:44.004+0000] {logging_mixin.py:188} INFO - [2026-08-29T21:52:44.003+0000] {dagbag.py:545} INFO - Filling up the DagBag from /opt/airflow/dags/training_pipeline_dag.py
[2026-08-29T21:52:45.884+0000] {processor.py:840} INFO - DAG(s) 'training_pipeline' retrieved from /opt/airflow/dags/training_pipeline_dag.py
[2026-08-29T21:52:45.961+0000] {logging_mixin.py:188} INFO - [2026-08-29T21:52:45.960+0000] {dag.py:3089} INFO - Sync 1 DAGs
[2026-08-29T21:52:46.011+0000] {logging_mixin.py:188} INFO - [2026-08-29T21:52:46.011+0000] {dag.py:3947} INFO - Setting next_dagrun for training_pipeline to 2026-08-29 00:00:00+00:00, run_after=2026-08-30 00:00:00+00:00
[2026-08-29T21:52:46.050+0000] {processor.py:183} INFO - Processing /opt/airflow/dags/training_pipeline_dag.py took 2.071 seconds
[2026-08-29T21:53:16.660+0000] {processor.py:161} INFO - Started process (PID=3167) to work on /opt/airflow/dags/training_pipeline_dag.py
[2026-08-29T21:53:16.662+0000] {processor.py:830} INFO - Processing file /opt/airflow/dags/training_pipeline_dag.py for tasks to queue
[2026-08-29T21:53:16.666+0000] {logging_mixin.py:188} INFO - [2026-08-29T21:53:16.664+0000] {dagbag.py:545} INFO - Filling up the DagBag from /opt/airflow/dags/training_pipeline_dag.py
[2026-08-29T21:53:18.675+0000] {processor.py:840} INFO - DAG(s) 'training_pipeline' retrieved from /opt/airflow/dags/training_pipeline_dag.py
[2026-08-29T21:53:18.743+0000] {logging_mixin.py:188} INFO - [2026-08-29T21:53:18.742+0000] {dag.py:3089} INFO - Sync 1 DAGs
[2026-08-29T21:53:18.787+0000] {logging_mixin.py:188} INFO - [2026-08-29T21:53:18.787+0000] {dag.py:3947} INFO - Setting next_dagrun for training_pipeline to 2026-08-29 00:00:00+00:00, run_after=2026-08-30 00:00:00+00:00
[2026-08-29T21:53:18.830+0000] {processor.py:183} INFO - Processing /opt/airflow/dags/training_pipeline_dag.py took 2.195 seconds
[2026-08-29T21:53:49.336+0000] {processor.py:161} INFO - Started process (PID=3197) to work on /opt/airflow/dags/training_pipeline_dag.py
[2026-08-29T21:53:49.339+0000] {processor.py:830} INFO - Processing file /opt/airflow/dags/training_pipeline_dag.py for tasks to queue
[2026-08-29T21:53:49.342+0000] {logging_mixin.py:188} INFO - [2026-08-29T21:53:49.341+0000] {dagbag.py:545} INFO - Filling up the DagBag from /opt/airflow/dags/training_pipeline_dag.py
[2026-08-29T21:53:51.479+0000] {processor.py:840} INFO - DAG(s) 'training_pipeline' retrieved from /opt/airflow/dags/training_pipeline_dag.py
[2026-08-29T21:53:51.547+0000] {logging_mixin.py:188} INFO - [2026-08-29T21:53:51.545+0000] {dag.py:3089} INFO - Sync 1 DAGs
[2026-08-29T21:53:51.590+0000] {logging_mixin.py:188} INFO - [2026-08-29T21:53:51.590+0000] {dag.py:3947} INFO - Setting next_dagrun for training_pipeline to 2026-08-29 00:00:00+00:00, run_after=2026-08-30 00:00:00+00:00
[2026-08-29T21:53:51.642+0000] {processor.py:183} INFO - Processing /opt/airflow/dags/training_pipeline_dag.py took 2.327 seconds
[2026-08-29T21:54:22.436+0000] {processor.py:161} INFO - Started process (PID=3228) to work on /opt/airflow/dags/training_pipeline_dag.py
[2026-08-29T21:54:22.440+0000] {processor.py:830} INFO - Processing file /opt/airflow/dags/training_pipeline_dag.py for tasks to queue
[2026-08-29T21:54:22.443+0000] {logging_mixin.py:188} INFO - [2026-08-29T21:54:22.442+0000] {dagbag.py:545} INFO - Filling up the DagBag from /opt/airflow/dags/training_pipeline_dag.py
[2026-08-29T21:54:24.536+0000] {processor.py:840} INFO - DAG(s) 'training_pipeline' retrieved from /opt/airflow/dags/training_pipeline_dag.py
[2026-08-29T21:54:24.627+0000] {logging_mixin.py:188} INFO - [2026-08-29T21:54:24.626+0000] {dag.py:3089} INFO - Sync 1 DAGs
[2026-08-29T21:54:24.682+0000] {logging_mixin.py:188} INFO - [2026-08-29T21:54:24.681+0000] {dag.py:3947} INFO - Setting next_dagrun for training_pipeline to 2026-08-29 00:00:00+00:00, run_after=2026-08-30 00:00:00+00:00
[2026-08-29T21:54:24.729+0000] {processor.py:183} INFO - Processing /opt/airflow/dags/training_pipeline_dag.py took 2.318 seconds
[2026-08-29T21:55:31.371+0000] {processor.py:161} INFO - Started process (PID=3260) to work on /opt/airflow/dags/training_pipeline_dag.py
[2026-08-29T21:55:31.388+0000] {processor.py:830} INFO - Processing file /opt/airflow/dags/training_pipeline_dag.py for tasks to queue
[2026-08-29T21:55:31.492+0000] {logging_mixin.py:188} INFO - [2026-08-29T21:55:31.444+0000] {dagbag.py:545} INFO - Filling up the DagBag from /opt/airflow/dags/training_pipeline_dag.py
[2026-08-29T21:56:50.920+0000] {processor.py:161} INFO - Started process (PID=3400) to work on /opt/airflow/dags/training_pipeline_dag.py
[2026-08-29T21:56:50.929+0000] {processor.py:830} INFO - Processing file /opt/airflow/dags/training_pipeline_dag.py for tasks to queue
[2026-08-29T21:56:50.935+0000] {logging_mixin.py:188} INFO - [2026-08-29T21:56:50.932+0000] {dagbag.py:545} INFO - Filling up the DagBag from /opt/airflow/dags/training_pipeline_dag.py
[2026-08-29T21:56:56.436+0000] {processor.py:840} INFO - DAG(s) 'training_pipeline' retrieved from /opt/airflow/dags/training_pipeline_dag.py
[2026-08-29T21:56:57.141+0000] {logging_mixin.py:188} INFO - [2026-08-29T21:56:57.140+0000] {dag.py:3089} INFO - Sync 1 DAGs
[2026-08-29T21:56:57.183+0000] {logging_mixin.py:188} INFO - [2026-08-29T21:56:57.182+0000] {dag.py:3947} INFO - Setting next_dagrun for training_pipeline to 2026-08-29 00:00:00+00:00, run_after=2026-08-30 00:00:00+00:00
[2026-08-29T21:56:57.235+0000] {processor.py:183} INFO - Processing /opt/airflow/dags/training_pipeline_dag.py took 6.452 seconds
[2026-08-29T21:57:27.460+0000] {processor.py:161} INFO - Started process (PID=3433) to work on /opt/airflow/dags/training_pipeline_dag.py
[2026-08-29T21:57:27.464+0000] {processor.py:830} INFO - Processing file /opt/airflow/dags/training_pipeline_dag.py for tasks to queue
[2026-08-29T21:57:27.467+0000] {logging_mixin.py:188} INFO - [2026-08-29T21:57:27.466+0000] {dagbag.py:545} INFO - Filling up the DagBag from /opt/airflow/dags/training_pipeline_dag.py
[2026-08-29T21:57:28.971+0000] {processor.py:840} INFO - DAG(s) 'training_pipeline' retrieved from /opt/airflow/dags/training_pipeline_dag.py
[2026-08-29T21:57:30.251+0000] {logging_mixin.py:188} INFO - [2026-08-29T21:57:30.243+0000] {dag.py:3089} INFO - Sync 1 DAGs
[2026-08-29T21:57:30.468+0000] {logging_mixin.py:188} INFO - [2026-08-29T21:57:30.467+0000] {dag.py:3947} INFO - Setting next_dagrun for training_pipeline to 2026-08-29 00:00:00+00:00, run_after=2026-08-30 00:00:00+00:00
[2026-08-29T21:57:30.717+0000] {processor.py:183} INFO - Processing /opt/airflow/dags/training_pipeline_dag.py took 5.735 seconds
[2026-08-29T21:58:01.698+0000] {processor.py:161} INFO - Started process (PID=3476) to work on /opt/airflow/dags/training_pipeline_dag.py
[2026-08-29T21:58:01.702+0000] {processor.py:830} INFO - Processing file /opt/airflow/dags/training_pipeline_dag.py for tasks to queue
[2026-08-29T21:58:01.705+0000] {logging_mixin.py:188} INFO - [2026-08-29T21:58:01.704+0000] {dagbag.py:545} INFO - Filling up the DagBag from /opt/airflow/dags/training_pipeline_dag.py
[2026-08-29T21:58:09.223+0000] {processor.py:840} INFO - DAG(s) 'training_pipeline' retrieved from /opt/airflow/dags/training_pipeline_dag.py
[2026-08-29T21:58:09.398+0000] {logging_mixin.py:188} INFO - [2026-08-29T21:58:09.397+0000] {dag.py:3089} INFO - Sync 1 DAGs
[2026-08-29T21:58:09.453+0000] {logging_mixin.py:188} INFO - [2026-08-29T21:58:09.452+0000] {dag.py:3947} INFO - Setting next_dagrun for training_pipeline to 2026-08-29 00:00:00+00:00, run_after=2026-08-30 00:00:00+00:00
[2026-08-29T21:58:09.533+0000] {processor.py:183} INFO - Processing /opt/airflow/dags/training_pipeline_dag.py took 8.007 seconds
[2026-08-29T21:58:40.308+0000] {processor.py:161} INFO - Started process (PID=3510) to work on /opt/airflow/dags/training_pipeline_dag.py
[2026-08-29T21:58:40.312+0000] {processor.py:830} INFO - Processing file /opt/airflow/dags/training_pipeline_dag.py for tasks to queue
[2026-08-29T21:58:40.317+0000] {logging_mixin.py:188} INFO - [2026-08-29T21:58:40.315+0000] {dagbag.py:545} INFO - Filling up the DagBag from /opt/airflow/dags/training_pipeline_dag.py
[2026-08-29T21:58:42.910+0000] {processor.py:840} INFO - DAG(s) 'training_pipeline' retrieved from /opt/airflow/dags/training_pipeline_dag.py
[2026-08-29T21:58:42.973+0000] {logging_mixin.py:188} INFO - [2026-08-29T21:58:42.972+0000] {dag.py:3089} INFO - Sync 1 DAGs
[2026-08-29T21:58:43.020+0000] {logging_mixin.py:188} INFO - [2026-08-29T21:58:43.019+0000] {dag.py:3947} INFO - Setting next_dagrun for training_pipeline to 2026-08-29 00:00:00+00:00, run_after=2026-08-30 00:00:00+00:00
[2026-08-29T21:58:43.068+0000] {processor.py:183} INFO - Processing /opt/airflow/dags/training_pipeline_dag.py took 2.791 seconds
[2026-08-29T21:59:13.713+0000] {processor.py:161} INFO - Started process (PID=3540) to work on /opt/airflow/dags/training_pipeline_dag.py
[2026-08-29T21:59:13.718+0000] {processor.py:830} INFO - Processing file /opt/airflow/dags/training_pipeline_dag.py for tasks to queue
[2026-08-29T21:59:13.721+0000] {logging_mixin.py:188} INFO - [2026-08-29T21:59:13.720+0000] {dagbag.py:545} INFO - Filling up the DagBag from /opt/airflow/dags/training_pipeline_dag.py
[2026-08-29T21:59:15.839+0000] {processor.py:840} INFO - DAG(s) 'training_pipeline' retrieved from /opt/airflow/dags/training_pipeline_dag.py
[2026-08-29T21:59:15.934+0000] {logging_mixin.py:188} INFO - [2026-08-29T21:59:15.933+0000] {dag.py:3089} INFO - Sync 1 DAGs
[2026-08-29T21:59:16.003+0000] {logging_mixin.py:188} INFO - [2026-08-29T21:59:16.002+0000] {dag.py:3947} INFO - Setting next_dagrun for training_pipeline to 2026-08-29 00:00:00+00:00, run_after=2026-08-30 00:00:00+00:00
[2026-08-29T21:59:16.080+0000] {processor.py:183} INFO - Processing /opt/airflow/dags/training_pipeline_dag.py took 2.393 seconds
[2026-08-29T21:59:46.634+0000] {processor.py:161} INFO - Started process (PID=3570) to work on /opt/airflow/dags/training_pipeline_dag.py
[2026-08-29T21:59:46.641+0000] {processor.py:830} INFO - Processing file /opt/airflow/dags/training_pipeline_dag.py for tasks to queue
[2026-08-29T21:59:46.645+0000] {logging_mixin.py:188} INFO - [2026-08-29T21:59:46.644+0000] {dagbag.py:545} INFO - Filling up the DagBag from /opt/airflow/dags/training_pipeline_dag.py
[2026-08-29T21:59:46.931+0000] {processor.py:840} INFO - DAG(s) 'training_pipeline' retrieved from /opt/airflow/dags/training_pipeline_dag.py
[2026-08-29T21:59:47.209+0000] {logging_mixin.py:188} INFO - [2026-08-29T21:59:47.208+0000] {dag.py:3089} INFO - Sync 1 DAGs
[2026-08-29T21:59:47.276+0000] {logging_mixin.py:188} INFO - [2026-08-29T21:59:47.275+0000] {dag.py:3947} INFO - Setting next_dagrun for training_pipeline to 2026-08-29 00:00:00+00:00, run_after=2026-08-30 00:00:00+00:00
[2026-08-29T21:59:47.331+0000] {processor.py:183} INFO - Processing /opt/airflow/dags/training_pipeline_dag.py took 3.071 seconds
[2026-08-29T22:00:18.073+0000] {processor.py:161} INFO - Started process (PID=3602) to work on /opt/airflow/dags/training_pipeline_dag.py
[2026-08-29T22:00:18.078+0000] {processor.py:830} INFO - Processing file /opt/airflow/dags/training_pipeline_dag.py for tasks to queue
[2026-08-29T22:00:18.081+0000] {logging_mixin.py:188} INFO - [2026-08-29T22:00:18.080+0000] {dagbag.py:545} INFO - Filling up the DagBag from /opt/airflow/dags/training_pipeline_dag.py
[2026-08-29T22:00:20.728+0000] {processor.py:840} INFO - DAG(s) 'training_pipeline' retrieved from /opt/airflow/dags/training_pipeline_dag.py
[2026-08-29T22:00:20.809+0000] {logging_mixin.py:188} INFO - [2026-08-29T22:00:20.807+0000] {dag.py:3089} INFO - Sync 1 DAGs
[2026-08-29T22:00:20.877+0000] {logging_mixin.py:188} INFO - [2026-08-29T22:00:20.876+0000] {dag.py:3947} INFO - Setting next_dagrun for training_pipeline to 2026-08-29 00:00:00+00:00, run_after=2026-08-30 00:00:00+00:00
[2026-08-29T22:00:20.927+0000] {processor.py:183} INFO - Processing /opt/airflow/dags/training_pipeline_dag.py took 2.877 seconds
[2026-08-29T22:00:55.181+0000] {processor.py:161} INFO - Started process (PID=3631) to work on /opt/airflow/dags/training_pipeline_dag.py
[2026-08-29T22:00:55.417+0000] {processor.py:830} INFO - Processing file /opt/airflow/dags/training_pipeline_dag.py for tasks to queue
[2026-08-29T22:00:55.587+0000] {logging_mixin.py:188} INFO - [2026-08-29T22:00:55.564+0000] {dagbag.py:545} INFO - Filling up the DagBag from /opt/airflow/dags/training_pipeline_dag.py
[2026-08-29T22:01:22.876+0000] {logging_mixin.py:188} INFO - [2026-08-29T22:01:22.797+0000] {timeout.py:68} ERROR - Process timed out, PID: 3631
[2026-08-29T22:01:54.530+0000] {processor.py:161} INFO - Started process (PID=3761) to work on /opt/airflow/dags/training_pipeline_dag.py
[2026-08-29T22:01:54.534+0000] {processor.py:830} INFO - Processing file /opt/airflow/dags/training_pipeline_dag.py for tasks to queue
[2026-08-29T22:01:54.537+0000] {logging_mixin.py:188} INFO - [2026-08-29T22:01:54.536+0000] {dagbag.py:545} INFO - Filling up the DagBag from /opt/airflow/dags/training_pipeline_dag.py
[2026-08-29T22:02:00.647+0000] {processor.py:840} INFO - DAG(s) 'training_pipeline' retrieved from /opt/airflow/dags/training_pipeline_dag.py
[2026-08-29T22:02:03.474+0000] {logging_mixin.py:188} INFO - [2026-08-29T22:02:03.473+0000] {dag.py:3089} INFO - Sync 1 DAGs
[2026-08-29T22:02:03.519+0000] {logging_mixin.py:188} INFO - [2026-08-29T22:02:03.519+0000] {dag.py:3947} INFO - Setting next_dagrun for training_pipeline to 2026-08-29 00:00:00+00:00, run_after=2026-08-30 00:00:00+00:00
[2026-08-29T22:02:03.584+0000] {processor.py:183} INFO - Processing /opt/airflow/dags/training_pipeline_dag.py took 9.085 seconds
[2026-08-29T22:02:35.531+0000] {processor.py:161} INFO - Started process (PID=3823) to work on /opt/airflow/dags/training_pipeline_dag.py
[2026-08-29T22:02:35.656+0000] {processor.py:830} INFO - Processing file /opt/airflow/dags/training_pipeline_dag.py for tasks to queue
[2026-08-29T22:02:35.671+0000] {logging_mixin.py:188} INFO - [2026-08-29T22:02:35.668+0000] {dagbag.py:545} INFO - Filling up the DagBag from /opt/airflow/dags/training_pipeline_dag.py
[2026-08-29T22:03:03.406+0000] {logging_mixin.py:188} INFO - [2026-08-29T22:03:03.404+0000] {timeout.py:68} ERROR - Process timed out, PID: 3823
[2026-08-29T22:03:36.234+0000] {processor.py:161} INFO - Started process (PID=3877) to work on /opt/airflow/dags/training_pipeline_dag.py
[2026-08-29T22:03:36.239+0000] {processor.py:830} INFO - Processing file /opt/airflow/dags/training_pipeline_dag.py for tasks to queue
[2026-08-29T22:03:36.245+0000] {logging_mixin.py:188} INFO - [2026-08-29T22:03:36.243+0000] {dagbag.py:545} INFO - Filling up the DagBag from /opt/airflow/dags/training_pipeline_dag.py
[2026-08-29T22:03:51.142+0000] {processor.py:840} INFO - DAG(s) 'training_pipeline' retrieved from /opt/airflow/dags/training_pipeline_dag.py
[2026-08-29T22:03:52.702+0000] {logging_mixin.py:188} INFO - [2026-08-29T22:03:52.702+0000] {dag.py:3089} INFO - Sync 1 DAGs
[2026-08-29T22:03:52.754+0000] {logging_mixin.py:188} INFO - [2026-08-29T22:03:52.754+0000] {dag.py:3947} INFO - Setting next_dagrun for training_pipeline to 2026-08-29 00:00:00+00:00, run_after=2026-08-30 00:00:00+00:00
[2026-08-29T22:03:52.874+0000] {processor.py:183} INFO - Processing /opt/airflow/dags/training_pipeline_dag.py took 19.296 seconds
[2026-08-29T22:04:23.455+0000] {processor.py:161} INFO - Started process (PID=3907) to work on /opt/airflow/dags/training_pipeline_dag.py
[2026-08-29T22:04:23.459+0000] {processor.py:830} INFO - Processing file /opt/airflow/dags/training_pipeline_dag.py for tasks to queue
[2026-08-29T22:04:23.462+0000] {logging_mixin.py:188} INFO - [2026-08-29T22:04:23.460+0000] {dagbag.py:545} INFO - Filling up the DagBag from /opt/airflow/dags/training_pipeline_dag.py
[2026-08-29T22:04:25.421+0000] {processor.py:840} INFO - DAG(s) 'training_pipeline' retrieved from /opt/airflow/dags/training_pipeline_dag.py
[2026-08-29T22:04:25.478+0000] {logging_mixin.py:188} INFO - [2026-08-29T22:04:25.477+0000] {dag.py:3089} INFO - Sync 1 DAGs
[2026-08-29T22:04:25.520+0000] {logging_mixin.py:188} INFO - [2026-08-29T22:04:25.519+0000] {dag.py:3947} INFO - Setting next_dagrun for training_pipeline to 2026-08-29 00:00:00+00:00, run_after=2026-08-30 00:00:00+00:00
[2026-08-29T22:04:25.556+0000] {processor.py:183} INFO - Processing /opt/airflow/dags/training_pipeline_dag.py took 2.131 seconds
[2026-08-29T22:04:56.142+0000] {processor.py:161} INFO - Started process (PID=3937) to work on /opt/airflow/dags/training_pipeline_dag.py
[2026-08-29T22:04:56.167+0000] {processor.py:830} INFO - Processing file /opt/airflow/dags/training_pipeline_dag.py for tasks to queue
[2026-08-29T22:04:56.171+0000] {logging_mixin.py:188} INFO - [2026-08-29T22:04:56.169+0000] {dagbag.py:545} INFO - Filling up the DagBag from /opt/airflow/dags/training_pipeline_dag.py
[2026-08-29T22:04:58.701+0000] {processor.py:840} INFO - DAG(s) 'training_pipeline' retrieved from /opt/airflow/dags/training_pipeline_dag.py
[2026-08-29T22:04:58.770+0000] {logging_mixin.py:188} INFO - [2026-08-29T22:04:58.769+0000] {dag.py:3089} INFO - Sync 1 DAGs
[2026-08-29T22:04:58.818+0000] {logging_mixin.py:188} INFO - [2026-08-29T22:04:58.817+0000] {dag.py:3947} INFO - Setting next_dagrun for training_pipeline to 2026-08-29 00:00:00+00:00, run_after=2026-08-30 00:00:00+00:00
[2026-08-29T22:04:58.859+0000] {processor.py:183} INFO - Processing /opt/airflow/dags/training_pipeline_dag.py took 2.745 seconds
[2026-08-29T22:05:30.124+0000] {processor.py:161} INFO - Started process (PID=3967) to work on /opt/airflow/dags/training_pipeline_dag.py
[2026-08-29T22:05:30.132+0000] {processor.py:830} INFO - Processing file /opt/airflow/dags/training_pipeline_dag.py for tasks to queue
[2026-08-29T22:05:30.135+0000] {logging_mixin.py:188} INFO - [2026-08-29T22:05:30.134+0000] {dagbag.py:545} INFO - Filling up the DagBag from /opt/airflow/dags/training_pipeline_dag.py
[2026-08-29T22:05:31.977+0000] {processor.py:840} INFO - DAG(s) 'training_pipeline' retrieved from /opt/airflow/dags/training_pipeline_dag.py
[2026-08-29T22:05:32.038+0000] {logging_mixin.py:188} INFO - [2026-08-29T22:05:32.037+0000] {dag.py:3089} INFO - Sync 1 DAGs
[2026-08-29T22:05:32.073+0000] {logging_mixin.py:188} INFO - [2026-08-29T22:05:32.072+0000] {dag.py:3947} INFO - Setting next_dagrun for training_pipeline to 2026-08-29 00:00:00+00:00, run_after=2026-08-30 00:00:00+00:00
[2026-08-29T22:05:32.122+0000] {processor.py:183} INFO - Processing /opt/airflow/dags/training_pipeline_dag.py took 2.016 seconds
[2026-08-29T22:06:03.223+0000] {processor.py:161} INFO - Started process (PID=3997) to work on /opt/airflow/dags/training_pipeline_dag.py
[2026-08-29T22:06:03.226+0000] {processor.py:830} INFO - Processing file /opt/airflow/dags/training_pipeline_dag.py for tasks to queue
[2026-08-29T22:06:03.229+0000] {logging_mixin.py:188} INFO - [2026-08-29T22:06:03.227+0000] {dagbag.py:545} INFO - Filling up the DagBag from /opt/airflow/dags/training_pipeline_dag.py
[2026-08-29T22:06:05.194+0000] {processor.py:840} INFO - DAG(s) 'training_pipeline' retrieved from /opt/airflow/dags/training_pipeline_dag.py
[2026-08-29T22:06:05.248+0000] {logging_mixin.py:188} INFO - [2026-08-29T22:06:05.247+0000] {dag.py:3089} INFO - Sync 1 DAGs
[2026-08-29T22:06:05.289+0000] {logging_mixin.py:188} INFO - [2026-08-29T22:06:05.289+0000] {dag.py:3947} INFO - Setting next_dagrun for training_pipeline to 2026-08-29 00:00:00+00:00, run_after=2026-08-30 00:00:00+00:00
[2026-08-29T22:06:05.342+0000] {processor.py:183} INFO - Processing /opt/airflow/dags/training_pipeline_dag.py took 2.141 seconds
[2026-08-29T22:06:34.499+0000] {processor.py:161} INFO - Started process (PID=4025) to work on /opt/airflow/dags/training_pipeline_dag.py
[2026-08-29T22:06:34.546+0000] {processor.py:830} INFO - Processing file /opt/airflow/dags/training_pipeline_dag.py for tasks to queue
[2026-08-29T22:06:34.574+0000] {logging_mixin.py:188} INFO - [2026-08-29T22:06:34.560+0000] {dagbag.py:545} INFO - Filling up the DagBag from /opt/airflow/dags/training_pipeline_dag.py
[2026-08-29T22:06:39.290+0000] {processor.py:840} INFO - DAG(s) 'training_pipeline' retrieved from /opt/airflow/dags/training_pipeline_dag.py
[2026-08-29T22:06:39.337+0000] {logging_mixin.py:188} INFO - [2026-08-29T22:06:39.336+0000] {dag.py:3089} INFO - Sync 1 DAGs
[2026-08-29T22:06:39.377+0000] {logging_mixin.py:188} INFO - [2026-08-29T22:06:39.376+0000] {dag.py:3947} INFO - Setting next_dagrun for training_pipeline to 2026-08-29 00:00:00+00:00, run_after=2026-08-30 00:00:00+00:00
[2026-08-29T22:06:39.420+0000] {processor.py:183} INFO - Processing /opt/airflow/dags/training_pipeline_dag.py took 5.337 seconds
[2026-08-29T22:07:10.198+0000] {processor.py:161} INFO - Started process (PID=4043) to work on /opt/airflow/dags/training_pipeline_dag.py
[2026-08-29T22:07:10.201+0000] {processor.py:830} INFO - Processing file /opt/airflow/dags/training_pipeline_dag.py for tasks to queue
[2026-08-29T22:07:10.204+0000] {logging_mixin.py:188} INFO - [2026-08-29T22:07:10.203+0000] {dagbag.py:545} INFO - Filling up the DagBag from /opt/airflow/dags/training_pipeline_dag.py
[2026-08-29T22:07:12.394+0000] {processor.py:840} INFO - DAG(s) 'training_pipeline' retrieved from /opt/airflow/dags/training_pipeline_dag.py
[2026-08-29T22:07:12.447+0000] {logging_mixin.py:188} INFO - [2026-08-29T22:07:12.446+0000] {dag.py:3089} INFO - Sync 1 DAGs
[2026-08-29T22:07:12.489+0000] {logging_mixin.py:188} INFO - [2026-08-29T22:07:12.489+0000] {dag.py:3947} INFO - Setting next_dagrun for training_pipeline to 2026-08-29 00:00:00+00:00, run_after=2026-08-30 00:00:00+00:00
[2026-08-29T22:07:12.528+0000] {processor.py:183} INFO - Processing /opt/airflow/dags/training_pipeline_dag.py took 2.356 seconds
[2026-08-29T22:07:43.414+0000] {processor.py:161} INFO - Started process (PID=4069) to work on /opt/airflow/dags/training_pipeline_dag.py
[2026-08-29T22:07:43.417+0000] {processor.py:830} INFO - Processing file /opt/airflow/dags/training_pipeline_dag.py for tasks to queue
[2026-08-29T22:07:43.421+0000] {logging_mixin.py:188} INFO - [2026-08-29T22:07:43.419+0000] {dagbag.py:545} INFO - Filling up the DagBag from /opt/airflow/dags/training_pipeline_dag.py
[2026-08-29T22:07:45.379+0000] {processor.py:840} INFO - DAG(s) 'training_pipeline' retrieved from /opt/airflow/dags/training_pipeline_dag.py
[2026-08-29T22:07:45.441+0000] {logging_mixin.py:188} INFO - [2026-08-29T22:07:45.440+0000] {dag.py:3089} INFO - Sync 1 DAGs
[2026-08-29T22:07:45.494+0000] {logging_mixin.py:188} INFO - [2026-08-29T22:07:45.494+0000] {dag.py:3947} INFO - Setting next_dagrun for training_pipeline to 2026-08-29 00:00:00+00:00, run_after=2026-08-30 00:00:00+00:00
[2026-08-29T22:07:45.551+0000] {processor.py:183} INFO - Processing /opt/airflow/dags/training_pipeline_dag.py took 2.162 seconds
[2026-08-29T22:08:15.974+0000] {processor.py:161} INFO - Started process (PID=4099) to work on /opt/airflow/dags/training_pipeline_dag.py
[2026-08-29T22:08:15.977+0000] {processor.py:830} INFO - Processing file /opt/airflow/dags/training_pipeline_dag.py for tasks to queue
[2026-08-29T22:08:15.981+0000] {logging_mixin.py:188} INFO - [2026-08-29T22:08:15.980+0000] {dagbag.py:545} INFO - Filling up the DagBag from /opt/airflow/dags/training_pipeline_dag.py
[2026-08-29T22:08:18.148+0000] {processor.py:840} INFO - DAG(s) 'training_pipeline' retrieved from /opt/airflow/dags/training_pipeline_dag.py
[2026-08-29T22:08:18.209+0000] {logging_mixin.py:188} INFO - [2026-08-29T22:08:18.208+0000] {dag.py:3089} INFO - Sync 1 DAGs
[2026-08-29T22:08:18.258+0000] {logging_mixin.py:188} INFO - [2026-08-29T22:08:18.257+0000] {dag.py:3947} INFO - Setting next_dagrun for training_pipeline to 2026-08-29 00:00:00+00:00, run_after=2026-08-30 00:00:00+00:00
[2026-08-29T22:08:18.299+0000] {processor.py:183} INFO - Processing /opt/airflow/dags/training_pipeline_dag.py took 2.354 seconds
[2026-08-29T22:08:48.606+0000] {processor.py:161} INFO - Started process (PID=4129) to work on /opt/airflow/dags/training_pipeline_dag.py
[2026-08-29T22:08:48.609+0000] {processor.py:830} INFO - Processing file /opt/airflow/dags/training_pipeline_dag.py for tasks to queue
[2026-08-29T22:08:48.612+0000] {logging_mixin.py:188} INFO - [2026-08-29T22:08:48.611+0000] {dagbag.py:545} INFO - Filling up the DagBag from /opt/airflow/dags/training_pipeline_dag.py
[2026-08-29T22:08:50.537+0000] {processor.py:840} INFO - DAG(s) 'training_pipeline' retrieved from /opt/airflow/dags/training_pipeline_dag.py
[2026-08-29T22:08:50.590+0000] {logging_mixin.py:188} INFO - [2026-08-29T22:08:50.589+0000] {dag.py:3089} INFO - Sync 1 DAGs
[2026-08-29T22:08:50.625+0000] {logging_mixin.py:188} INFO - [2026-08-29T22:08:50.625+0000] {dag.py:3947} INFO - Setting next_dagrun for training_pipeline to 2026-08-29 00:00:00+00:00, run_after=2026-08-30 00:00:00+00:00
[2026-08-29T22:08:50.665+0000] {processor.py:183} INFO - Processing /opt/airflow/dags/training_pipeline_dag.py took 2.081 seconds
[2026-08-29T22:09:20.949+0000] {processor.py:161} INFO - Started process (PID=4159) to work on /opt/airflow/dags/training_pipeline_dag.py
[2026-08-29T22:09:20.952+0000] {processor.py:830} INFO - Processing file /opt/airflow/dags/training_pipeline_dag.py for tasks to queue
[2026-08-29T22:09:20.956+0000] {logging_mixin.py:188} INFO - [2026-08-29T22:09:20.955+0000] {dagbag.py:545} INFO - Filling up the DagBag from /opt/airflow/dags/training_pipeline_dag.py
[2026-08-29T22:09:23.185+0000] {processor.py:840} INFO - DAG(s) 'training_pipeline' retrieved from /opt/airflow/dags/training_pipeline_dag.py
[2026-08-29T22:09:23.241+0000] {logging_mixin.py:188} INFO - [2026-08-29T22:09:23.241+0000] {dag.py:3089} INFO - Sync 1 DAGs
[2026-08-29T22:09:20.606+0000] {logging_mixin.py:188} INFO - [2026-08-29T22:09:20.606+0000] {dag.py:3947} INFO - Setting next_dagrun for training_pipeline to 2026-08-29 00:00:00+00:00, run_after=2026-08-30 00:00:00+00:00
[2026-08-29T22:09:20.643+0000] {processor.py:183} INFO - Processing /opt/airflow/dags/training_pipeline_dag.py took 2.050 seconds
[2026-08-29T22:09:51.678+0000] {processor.py:161} INFO - Started process (PID=4189) to work on /opt/airflow/dags/training_pipeline_dag.py
[2026-08-29T22:09:51.682+0000] {processor.py:830} INFO - Processing file /opt/airflow/dags/training_pipeline_dag.py for tasks to queue
[2026-08-29T22:09:51.685+0000] {logging_mixin.py:188} INFO - [2026-08-29T22:09:51.684+0000] {dagbag.py:545} INFO - Filling up the DagBag from /opt/airflow/dags/training_pipeline_dag.py
[2026-08-29T22:09:53.549+0000] {processor.py:840} INFO - DAG(s) 'training_pipeline' retrieved from /opt/airflow/dags/training_pipeline_dag.py
[2026-08-29T22:09:53.607+0000] {logging_mixin.py:188} INFO - [2026-08-29T22:09:53.607+0000] {dag.py:3089} INFO - Sync 1 DAGs
[2026-08-29T22:09:53.657+0000] {logging_mixin.py:188} INFO - [2026-08-29T22:09:53.656+0000] {dag.py:3947} INFO - Setting next_dagrun for training_pipeline to 2026-08-29 00:00:00+00:00, run_after=2026-08-30 00:00:00+00:00
[2026-08-29T22:09:53.695+0000] {processor.py:183} INFO - Processing /opt/airflow/dags/training_pipeline_dag.py took 2.055 seconds
[2026-08-29T22:10:24.237+0000] {processor.py:161} INFO - Started process (PID=4219) to work on /opt/airflow/dags/training_pipeline_dag.py
[2026-08-29T22:10:24.240+0000] {processor.py:830} INFO - Processing file /opt/airflow/dags/training_pipeline_dag.py for tasks to queue
[2026-08-29T22:10:24.242+0000] {logging_mixin.py:188} INFO - [2026-08-29T22:10:24.241+0000] {dagbag.py:545} INFO - Filling up the DagBag from /opt/airflow/dags/training_pipeline_dag.py
[2026-08-29T22:10:25.998+0000] {processor.py:840} INFO - DAG(s) 'training_pipeline' retrieved from /opt/airflow/dags/training_pipeline_dag.py
[2026-08-29T22:10:26.052+0000] {logging_mixin.py:188} INFO - [2026-08-29T22:10:26.051+0000] {dag.py:3089} INFO - Sync 1 DAGs
[2026-08-29T22:10:26.096+0000] {logging_mixin.py:188} INFO - [2026-08-29T22:10:26.095+0000] {dag.py:3947} INFO - Setting next_dagrun for training_pipeline to 2026-08-29 00:00:00+00:00, run_after=2026-08-30 00:00:00+00:00
[2026-08-29T22:10:26.151+0000] {processor.py:183} INFO - Processing /opt/airflow/dags/training_pipeline_dag.py took 1.933 seconds
[2026-08-29T22:10:56.633+0000] {processor.py:161} INFO - Started process (PID=4249) to work on /opt/airflow/dags/training_pipeline_dag.py
[2026-08-29T22:10:56.636+0000] {processor.py:830} INFO - Processing file /opt/airflow/dags/training_pipeline_dag.py for tasks to queue
[2026-08-29T22:10:56.638+0000] {logging_mixin.py:188} INFO - [2026-08-29T22:10:56.637+0000] {dagbag.py:545} INFO - Filling up the DagBag from /opt/airflow/dags/training_pipeline_dag.py
[2026-08-29T22:10:58.465+0000] {processor.py:840} INFO - DAG(s) 'training_pipeline' retrieved from /opt/airflow/dags/training_pipeline_dag.py
[2026-08-29T22:10:58.515+0000] {logging_mixin.py:188} INFO - [2026-08-29T22:10:58.514+0000] {dag.py:3089} INFO - Sync 1 DAGs
[2026-08-29T22:10:58.547+0000] {logging_mixin.py:188} INFO - [2026-08-29T22:10:58.546+0000] {dag.py:3947} INFO - Setting next_dagrun for training_pipeline to 2026-08-29 00:00:00+00:00, run_after=2026-08-30 00:00:00+00:00
[2026-08-29T22:10:58.583+0000] {processor.py:183} INFO - Processing /opt/airflow/dags/training_pipeline_dag.py took 2.013 seconds
[2026-08-29T22:11:29.434+0000] {processor.py:161} INFO - Started process (PID=4279) to work on /opt/airflow/dags/training_pipeline_dag.py
[2026-08-29T22:11:29.436+0000] {processor.py:830} INFO - Processing file /opt/airflow/dags/training_pipeline_dag.py for tasks to queue
[2026-08-29T22:11:29.440+0000] {logging_mixin.py:188} INFO - [2026-08-29T22:11:29.438+0000] {dagbag.py:545} INFO - Filling up the DagBag from /opt/airflow/dags/training_pipeline_dag.py
[2026-08-29T22:11:31.260+0000] {processor.py:840} INFO - DAG(s) 'training_pipeline' retrieved from /opt/airflow/dags/training_pipeline_dag.py
[2026-08-29T22:11:31.304+0000] {logging_mixin.py:188} INFO - [2026-08-29T22:11:31.303+0000] {dag.py:3089} INFO - Sync 1 DAGs
[2026-08-29T22:11:31.338+0000] {logging_mixin.py:188} INFO - [2026-08-29T22:11:31.337+0000] {dag.py:3947} INFO - Setting next_dagrun for training_pipeline to 2026-08-29 00:00:00+00:00, run_after=2026-08-30 00:00:00+00:00
[2026-08-29T22:11:31.369+0000] {processor.py:183} INFO - Processing /opt/airflow/dags/training_pipeline_dag.py took 1.953 seconds
[2026-08-29T22:12:02.125+0000] {processor.py:161} INFO - Started process (PID=4309) to work on /opt/airflow/dags/training_pipeline_dag.py
[2026-08-29T22:12:02.128+0000] {processor.py:830} INFO - Processing file /opt/airflow/dags/training_pipeline_dag.py for tasks to queue
[2026-08-29T22:12:02.130+0000] {logging_mixin.py:188} INFO - [2026-08-29T22:12:02.130+0000] {dagbag.py:545} INFO - Filling up the DagBag from /opt/airflow/dags/training_pipeline_dag.py
[2026-08-29T22:12:04.018+0000] {processor.py:840} INFO - DAG(s) 'training_pipeline' retrieved from /opt/airflow/dags/training_pipeline_dag.py
[2026-08-29T22:12:04.067+0000] {logging_mixin.py:188} INFO - [2026-08-29T22:12:04.066+0000] {dag.py:3089} INFO - Sync 1 DAGs
[2026-08-29T22:12:04.101+0000] {logging_mixin.py:188} INFO - [2026-08-29T22:12:04.101+0000] {dag.py:3947} INFO - Setting next_dagrun for training_pipeline to 2026-08-29 00:00:00+00:00, run_after=2026-08-30 00:00:00+00:00
[2026-08-29T22:12:04.137+0000] {processor.py:183} INFO - Processing /opt/airflow/dags/training_pipeline_dag.py took 2.033 seconds
[2026-08-29T22:12:34.971+0000] {processor.py:161} INFO - Started process (PID=4339) to work on /opt/airflow/dags/training_pipeline_dag.py
[2026-08-29T22:12:34.974+0000] {processor.py:830} INFO - Processing file /opt/airflow/dags/training_pipeline_dag.py for tasks to queue
[2026-08-29T22:12:34.977+0000] {logging_mixin.py:188} INFO - [2026-08-29T22:12:34.976+0000] {dagbag.py:545} INFO - Filling up the DagBag from /opt/airflow/dags/training_pipeline_dag.py
[2026-08-29T22:12:37.146+0000] {processor.py:840} INFO - DAG(s) 'training_pipeline' retrieved from /opt/airflow/dags/training_pipeline_dag.py
[2026-08-29T22:12:37.196+0000] {logging_mixin.py:188} INFO - [2026-08-29T22:12:37.195+0000] {dag.py:3089} INFO - Sync 1 DAGs
[2026-08-29T22:12:37.232+0000] {logging_mixin.py:188} INFO - [2026-08-29T22:12:37.231+0000] {dag.py:3947} INFO - Setting next_dagrun for training_pipeline to 2026-08-29 00:00:00+00:00, run_after=2026-08-30 00:00:00+00:00
[2026-08-29T22:12:37.266+0000] {processor.py:183} INFO - Processing /opt/airflow/dags/training_pipeline_dag.py took 1.912 seconds
[2026-08-29T22:13:07.860+0000] {processor.py:161} INFO - Started process (PID=4369) to work on /opt/airflow/dags/training_pipeline_dag.py
[2026-08-29T22:13:07.863+0000] {processor.py:830} INFO - Processing file /opt/airflow/dags/training_pipeline_dag.py for tasks to queue
[2026-08-29T22:13:07.866+0000] {logging_mixin.py:188} INFO - [2026-08-29T22:13:07.865+0000] {dagbag.py:545} INFO - Filling up the DagBag from /opt/airflow/dags/training_pipeline_dag.py
[2026-08-29T22:13:09.679+0000] {processor.py:840} INFO - DAG(s) 'training_pipeline' retrieved from /opt/airflow/dags/training_pipeline_dag.py
[2026-08-29T22:13:09.756+0000] {logging_mixin.py:188} INFO - [2026-08-29T22:13:09.755+0000] {dag.py:3089} INFO - Sync 1 DAGs
[2026-08-29T22:13:09.800+0000] {logging_mixin.py:188} INFO - [2026-08-29T22:13:09.799+0000] {dag.py:3947} INFO - Setting next_dagrun for training_pipeline to 2026-08-29 00:00:00+00:00, run_after=2026-08-30 00:00:00+00:00
[2026-08-29T22:13:09.837+0000] {processor.py:183} INFO - Processing /opt/airflow/dags/training_pipeline_dag.py took 1.999 seconds
[2026-08-29T22:13:40.672+0000] {processor.py:161} INFO - Started process (PID=4399) to work on /opt/airflow/dags/training_pipeline_dag.py
[2026-08-29T22:13:40.674+0000] {processor.py:830} INFO - Processing file /opt/airflow/dags/training_pipeline_dag.py for tasks to queue
[2026-08-29T22:13:40.677+0000] {logging_mixin.py:188} INFO - [2026-08-29T22:13:40.676+0000] {dagbag.py:545} INFO - Filling up the DagBag from /opt/airflow/dags/training_pipeline_dag.py
[2026-08-29T22:13:42.659+0000] {processor.py:840} INFO - DAG(s) 'training_pipeline' retrieved from /opt/airflow/dags/training_pipeline_dag.py
[2026-08-29T22:13:42.717+0000] {logging_mixin.py:188} INFO - [2026-08-29T22:13:42.716+0000] {dag.py:3089} INFO - Sync 1 DAGs
[2026-08-29T22:13:42.750+0000] {logging_mixin.py:188} INFO - [2026-08-29T22:13:42.750+0000] {dag.py:3947} INFO - Setting next_dagrun for training_pipeline to 2026-08-29 00:00:00+00:00, run_after=2026-08-30 00:00:00+00:00
[2026-08-29T22:13:42.785+0000] {processor.py:183} INFO - Processing /opt/airflow/dags/training_pipeline_dag.py took 2.131 seconds
[2026-08-29T22:14:13.449+0000] {processor.py:161} INFO - Started process (PID=4429) to work on /opt/airflow/dags/training_pipeline_dag.py
[2026-08-29T22:14:13.451+0000] {processor.py:830} INFO - Processing file /opt/airflow/dags/training_pipeline_dag.py for tasks to queue
[2026-08-29T22:14:13.454+0000] {logging_mixin.py:188} INFO - [2026-08-29T22:14:13.453+0000] {dagbag.py:545} INFO - Filling up the DagBag from /opt/airflow/dags/training_pipeline_dag.py
[2026-08-29T22:14:15.217+0000] {processor.py:840} INFO - DAG(s) 'training_pipeline' retrieved from /opt/airflow/dags/training_pipeline_dag.py
[2026-08-29T22:14:15.265+0000] {logging_mixin.py:188} INFO - [2026-08-29T22:14:15.264+0000] {dag.py:3089} INFO - Sync 1 DAGs
[2026-08-29T22:14:15.296+0000] {logging_mixin.py:188} INFO - [2026-08-29T22:14:15.296+0000] {dag.py:3947} INFO - Setting next_dagrun for training_pipeline to 2026-08-29 00:00:00+00:00, run_after=2026-08-30 00:00:00+00:00
[2026-08-29T22:14:15.337+0000] {processor.py:183} INFO - Processing /opt/airflow/dags/training_pipeline_dag.py took 1.908 seconds
[2026-08-29T22:14:46.018+0000] {processor.py:161} INFO - Started process (PID=4457) to work on /opt/airflow/dags/training_pipeline_dag.py
[2026-08-29T22:14:46.021+0000] {processor.py:830} INFO - Processing file /opt/airflow/dags/training_pipeline_dag.py for tasks to queue
[2026-08-29T22:14:46.024+0000] {logging_mixin.py:188} INFO - [2026-08-29T22:14:46.023+0000] {dagbag.py:545} INFO - Filling up the DagBag from /opt/airflow/dags/training_pipeline_dag.py
[2026-08-29T22:14:47.957+0000] {processor.py:840} INFO - DAG(s) 'training_pipeline' retrieved from /opt/airflow/dags/training_pipeline_dag.py
[2026-08-29T22:14:48.014+0000] {logging_mixin.py:188} INFO - [2026-08-29T22:14:48.013+0000] {dag.py:3089} INFO - Sync 1 DAGs
[2026-08-29T22:14:48.052+0000] {logging_mixin.py:188} INFO - [2026-08-29T22:14:48.052+0000] {dag.py:3947} INFO - Setting next_dagrun for training_pipeline to 2026-08-29 00:00:00+00:00, run_after=2026-08-30 00:00:00+00:00
[2026-08-29T22:14:48.091+0000] {processor.py:183} INFO - Processing /opt/airflow/dags/training_pipeline_dag.py took 2.093 seconds
[2026-08-29T22:15:18.519+0000] {processor.py:161} INFO - Started process (PID=4475) to work on /opt/airflow/dags/training_pipeline_dag.py
[2026-08-29T22:15:18.521+0000] {processor.py:830} INFO - Processing file /opt/airflow/dags/training_pipeline_dag.py for tasks to queue
[2026-08-29T22:15:18.524+0000] {logging_mixin.py:188} INFO - [2026-08-29T22:15:18.523+0000] {dagbag.py:545} INFO - Filling up the DagBag from /opt/airflow/dags/training_pipeline_dag.py
[2026-08-29T22:15:20.552+0000] {processor.py:840} INFO - DAG(s) 'training_pipeline' retrieved from /opt/airflow/dags/training_pipeline_dag.py
[2026-08-29T22:15:20.607+0000] {logging_mixin.py:188} INFO - [2026-08-29T22:15:20.607+0000] {dag.py:3089} INFO - Sync 1 DAGs
[2026-08-29T22:15:20.645+0000] {logging_mixin.py:188} INFO - [2026-08-29T22:15:20.644+0000] {dag.py:3947} INFO - Setting next_dagrun for training_pipeline to 2026-08-29 00:00:00+00:00, run_after=2026-08-30 00:00:00+00:00
[2026-08-29T22:15:20.683+0000] {processor.py:183} INFO - Processing /opt/airflow/dags/training_pipeline_dag.py took 2.181 seconds
[2026-08-29T22:15:51.134+0000] {processor.py:161} INFO - Started process (PID=4501) to work on /opt/airflow/dags/training_pipeline_dag.py
[2026-08-29T22:15:51.136+0000] {processor.py:830} INFO - Processing file /opt/airflow/dags/training_pipeline_dag.py for tasks to queue
[2026-08-29T22:15:51.139+0000] {logging_mixin.py:188} INFO - [2026-08-29T22:15:51.138+0000] {dagbag.py:545} INFO - Filling up the DagBag from /opt/airflow/dags/training_pipeline_dag.py
[2026-08-29T22:15:52.998+0000] {processor.py:840} INFO - DAG(s) 'training_pipeline' retrieved from /opt/airflow/dags/training_pipeline_dag.py
[2026-08-29T22:15:53.060+0000] {logging_mixin.py:188} INFO - [2026-08-29T22:15:53.059+0000] {dag.py:3089} INFO - Sync 1 DAGs
[2026-08-29T22:15:53.099+0000] {logging_mixin.py:188} INFO - [2026-08-29T22:15:53.098+0000] {dag.py:3947} INFO - Setting next_dagrun for training_pipeline to 2026-08-29 00:00:00+00:00, run_after=2026-08-30 00:00:00+00:00
[2026-08-29T22:15:53.132+0000] {processor.py:183} INFO - Processing /opt/airflow/dags/training_pipeline_dag.py took 2.016 seconds
[2026-08-29T22:16:23.732+0000] {processor.py:161} INFO - Started process (PID=4531) to work on /opt/airflow/dags/training_pipeline_dag.py
[2026-08-29T22:16:23.734+0000] {processor.py:830} INFO - Processing file /opt/airflow/dags/training_pipeline_dag.py for tasks to queue
[2026-08-29T22:16:23.737+0000] {logging_mixin.py:188} INFO - [2026-08-29T22:16:23.736+0000] {dagbag.py:545} INFO - Filling up the DagBag from /opt/airflow/dags/training_pipeline_dag.py
[2026-08-29T22:16:25.665+0000] {processor.py:840} INFO - DAG(s) 'training_pipeline' retrieved from /opt/airflow/dags/training_pipeline_dag.py
[2026-08-29T22:16:25.729+0000] {logging_mixin.py:188} INFO - [2026-08-29T22:16:25.728+0000] {dag.py:3089} INFO - Sync 1 DAGs
[2026-08-29T22:16:25.776+0000] {logging_mixin.py:188} INFO - [2026-08-29T22:16:25.775+0000] {dag.py:3947} INFO - Setting next_dagrun for training_pipeline to 2026-08-29 00:00:00+00:00, run_after=2026-08-30 00:00:00+00:00
[2026-08-29T22:16:25.818+0000] {processor.py:183} INFO - Processing /opt/airflow/dags/training_pipeline_dag.py took 2.106 seconds
[2026-08-29T22:16:56.617+0000] {processor.py:161} INFO - Started process (PID=4561) to work on /opt/airflow/dags/training_pipeline_dag.py
[2026-08-29T22:16:56.619+0000] {processor.py:830} INFO - Processing file /opt/airflow/dags/training_pipeline_dag.py for tasks to queue
[2026-08-29T22:16:56.622+0000] {logging_mixin.py:188} INFO - [2026-08-29T22:16:56.621+0000] {dagbag.py:545} INFO - Filling up the DagBag from /opt/airflow/dags/training_pipeline_dag.py
[2026-08-29T22:16:58.448+0000] {processor.py:840} INFO - DAG(s) 'training_pipeline' retrieved from /opt/airflow/dags/training_pipeline_dag.py
[2026-08-29T22:16:58.509+0000] {logging_mixin.py:188} INFO - [2026-08-29T22:16:58.508+0000] {dag.py:3089} INFO - Sync 1 DAGs
[2026-08-29T22:16:58.556+0000] {logging_mixin.py:188} INFO - [2026-08-29T22:16:58.555+0000] {dag.py:3947} INFO - Setting next_dagrun for training_pipeline to 2026-08-29 00:00:00+00:00, run_after=2026-08-30 00:00:00+00:00
[2026-08-29T22:16:58.594+0000] {processor.py:183} INFO - Processing /opt/airflow/dags/training_pipeline_dag.py took 1.997 seconds
[2026-08-29T22:17:29.596+0000] {processor.py:161} INFO - Started process (PID=4591) to work on /opt/airflow/dags/training_pipeline_dag.py
[2026-08-29T22:17:29.599+0000] {processor.py:830} INFO - Processing file /opt/airflow/dags/training_pipeline_dag.py for tasks to queue
[2026-08-29T22:17:29.601+0000] {logging_mixin.py:188} INFO - [2026-08-29T22:17:29.600+0000] {dagbag.py:545} INFO - Filling up the DagBag from /opt/airflow/dags/training_pipeline_dag.py
[2026-08-29T22:17:31.591+0000] {processor.py:840} INFO - DAG(s) 'training_pipeline' retrieved from /opt/airflow/dags/training_pipeline_dag.py
[2026-08-29T22:17:31.663+0000] {logging_mixin.py:188} INFO - [2026-08-29T22:17:31.661+0000] {dag.py:3089} INFO - Sync 1 DAGs
[2026-08-29T22:17:31.709+0000] {logging_mixin.py:188} INFO - [2026-08-29T22:17:31.709+0000] {dag.py:3947} INFO - Setting next_dagrun for training_pipeline to 2026-08-29 00:00:00+00:00, run_after=2026-08-30 00:00:00+00:00
[2026-08-29T22:17:31.752+0000] {processor.py:183} INFO - Processing /opt/airflow/dags/training_pipeline_dag.py took 2.175 seconds
[2026-08-29T22:18:02.607+0000] {processor.py:161} INFO - Started process (PID=4621) to work on /opt/airflow/dags/training_pipeline_dag.py
[2026-08-29T22:18:02.609+0000] {processor.py:830} INFO - Processing file /opt/airflow/dags/training_pipeline_dag.py for tasks to queue
[2026-08-29T22:18:02.612+0000] {logging_mixin.py:188} INFO - [2026-08-29T22:18:02.611+0000] {dagbag.py:545} INFO - Filling up the DagBag from /opt/airflow/dags/training_pipeline_dag.py
[2026-08-29T22:18:04.564+0000] {processor.py:840} INFO - DAG(s) 'training_pipeline' retrieved from /opt/airflow/dags/training_pipeline_dag.py
[2026-08-29T22:18:04.631+0000] {logging_mixin.py:188} INFO - [2026-08-29T22:18:04.629+0000] {dag.py:3089} INFO - Sync 1 DAGs
[2026-08-29T22:18:04.671+0000] {logging_mixin.py:188} INFO - [2026-08-29T22:18:04.671+0000] {dag.py:3947} INFO - Setting next_dagrun for training_pipeline to 2026-08-29 00:00:00+00:00, run_after=2026-08-30 00:00:00+00:00
[2026-08-29T22:18:04.708+0000] {processor.py:183} INFO - Processing /opt/airflow/dags/training_pipeline_dag.py took 2.122 seconds
[2026-08-29T22:18:35.069+0000] {processor.py:161} INFO - Started process (PID=4651) to work on /opt/airflow/dags/training_pipeline_dag.py
[2026-08-29T22:18:35.072+0000] {processor.py:830} INFO - Processing file /opt/airflow/dags/training_pipeline_dag.py for tasks to queue
[2026-08-29T22:18:35.074+0000] {logging_mixin.py:188} INFO - [2026-08-29T22:18:35.073+0000] {dagbag.py:545} INFO - Filling up the DagBag from /opt/airflow/dags/training_pipeline_dag.py
[2026-08-29T22:18:37.308+0000] {processor.py:840} INFO - DAG(s) 'training_pipeline' retrieved from /opt/airflow/dags/training_pipeline_dag.py
[2026-08-29T22:18:37.365+0000] {logging_mixin.py:188} INFO - [2026-08-29T22:18:37.364+0000] {dag.py:3089} INFO - Sync 1 DAGs
[2026-08-29T22:18:37.409+0000] {logging_mixin.py:188} INFO - [2026-08-29T22:18:37.409+0000] {dag.py:3947} INFO - Setting next_dagrun for training_pipeline to 2026-08-29 00:00:00+00:00, run_after=2026-08-30 00:00:00+00:00
[2026-08-29T22:18:37.442+0000] {processor.py:183} INFO - Processing /opt/airflow/dags/training_pipeline_dag.py took 1.997 seconds
[2026-08-29T22:19:07.621+0000] {processor.py:161} INFO - Started process (PID=4685) to work on /opt/airflow/dags/training_pipeline_dag.py
[2026-08-29T22:19:07.624+0000] {processor.py:830} INFO - Processing file /opt/airflow/dags/training_pipeline_dag.py for tasks to queue
[2026-08-29T22:19:07.627+0000] {logging_mixin.py:188} INFO - [2026-08-29T22:19:07.626+0000] {dagbag.py:545} INFO - Filling up the DagBag from /opt/airflow/dags/training_pipeline_dag.py
[2026-08-29T22:19:09.462+0000] {processor.py:840} INFO - DAG(s) 'training_pipeline' retrieved from /opt/airflow/dags/training_pipeline_dag.py
[2026-08-29T22:19:09.522+0000] {logging_mixin.py:188} INFO - [2026-08-29T22:19:09.521+0000] {dag.py:3089} INFO - Sync 1 DAGs
[2026-08-29T22:19:09.560+0000] {logging_mixin.py:188} INFO - [2026-08-29T22:19:09.559+0000] {dag.py:3947} INFO - Setting next_dagrun for training_pipeline to 2026-08-29 00:00:00+00:00, run_after=2026-08-30 00:00:00+00:00
[2026-08-29T22:19:09.598+0000] {processor.py:183} INFO - Processing /opt/airflow/dags/training_pipeline_dag.py took 2.000 seconds
[2026-08-29T22:19:40.155+0000] {processor.py:161} INFO - Started process (PID=4715) to work on /opt/airflow/dags/training_pipeline_dag.py
[2026-08-29T22:19:40.157+0000] {processor.py:830} INFO - Processing file /opt/airflow/dags/training_pipeline_dag.py for tasks to queue
[2026-08-29T22:19:40.161+0000] {logging_mixin.py:188} INFO - [2026-08-29T22:19:40.160+0000] {dagbag.py:545} INFO - Filling up the DagBag from /opt/airflow/dags/training_pipeline_dag.py
[2026-08-29T22:19:42.214+0000] {processor.py:840} INFO - DAG(s) 'training_pipeline' retrieved from /opt/airflow/dags/training_pipeline_dag.py
[2026-08-29T22:19:42.267+0000] {logging_mixin.py:188} INFO - [2026-08-29T22:19:42.266+0000] {dag.py:3089} INFO - Sync 1 DAGs
[2026-08-29T22:19:42.310+0000] {logging_mixin.py:188} INFO - [2026-08-29T22:19:42.309+0000] {dag.py:3947} INFO - Setting next_dagrun for training_pipeline to 2026-08-29 00:00:00+00:00, run_after=2026-08-30 00:00:00+00:00
[2026-08-29T22:19:42.347+0000] {processor.py:183} INFO - Processing /opt/airflow/dags/training_pipeline_dag.py took 2.211 seconds
[2026-08-29T22:20:13.335+0000] {processor.py:161} INFO - Started process (PID=4745) to work on /opt/airflow/dags/training_pipeline_dag.py
[2026-08-29T22:20:13.337+0000] {processor.py:830} INFO - Processing file /opt/airflow/dags/training_pipeline_dag.py for tasks to queue
[2026-08-29T22:20:13.340+0000] {logging_mixin.py:188} INFO - [2026-08-29T22:20:13.339+0000] {dagbag.py:545} INFO - Filling up the DagBag from /opt/airflow/dags/training_pipeline_dag.py
[2026-08-29T22:20:15.198+0000] {processor.py:840} INFO - DAG(s) 'training_pipeline' retrieved from /opt/airflow/dags/training_pipeline_dag.py
[2026-08-29T22:20:15.248+0000] {logging_mixin.py:188} INFO - [2026-08-29T22:20:15.247+0000] {dag.py:3089} INFO - Sync 1 DAGs
[2026-08-29T22:20:15.281+0000] {logging_mixin.py:188} INFO - [2026-08-29T22:20:15.281+0000] {dag.py:3947} INFO - Setting next_dagrun for training_pipeline to 2026-08-29 00:00:00+00:00, run_after=2026-08-30 00:00:00+00:00
[2026-08-29T22:20:15.315+0000] {processor.py:183} INFO - Processing /opt/airflow/dags/training_pipeline_dag.py took 1.997 seconds
[2026-08-29T22:22:29.826+0000] {processor.py:161} INFO - Started process (PID=4757) to work on /opt/airflow/dags/training_pipeline_dag.py
[2026-08-29T22:22:29.828+0000] {processor.py:830} INFO - Processing file /opt/airflow/dags/training_pipeline_dag.py for tasks to queue
[2026-08-29T22:22:29.831+0000] {logging_mixin.py:188} INFO - [2026-08-29T22:22:29.830+0000] {dagbag.py:545} INFO - Filling up the DagBag from /opt/airflow/dags/training_pipeline_dag.py
[2026-08-29T22:22:32.532+0000] {processor.py:840} INFO - DAG(s) 'training_pipeline' retrieved from /opt/airflow/dags/training_pipeline_dag.py
[2026-08-29T22:22:32.598+0000] {logging_mixin.py:188} INFO - [2026-08-29T22:22:32.598+0000] {dag.py:3089} INFO - Sync 1 DAGs
[2026-08-29T22:22:32.630+0000] {logging_mixin.py:188} INFO - [2026-08-29T22:22:32.629+0000] {dag.py:3947} INFO - Setting next_dagrun for training_pipeline to 2026-08-29 00:00:00+00:00, run_after=2026-08-30 00:00:00+00:00
[2026-08-29T22:22:32.701+0000] {processor.py:183} INFO - Processing /opt/airflow/dags/training_pipeline_dag.py took 2.894 seconds
[2026-08-29T22:23:03.250+0000] {processor.py:161} INFO - Started process (PID=4785) to work on /opt/airflow/dags/training_pipeline_dag.py
[2026-08-29T22:23:04.023+0000] {processor.py:830} INFO - Processing file /opt/airflow/dags/training_pipeline_dag.py for tasks to queue
[2026-08-29T22:23:04.026+0000] {logging_mixin.py:188} INFO - [2026-08-29T22:23:04.025+0000] {dagbag.py:545} INFO - Filling up the DagBag from /opt/airflow/dags/training_pipeline_dag.py
[2026-08-29T22:23:07.018+0000] {processor.py:840} INFO - DAG(s) 'training_pipeline' retrieved from /opt/airflow/dags/training_pipeline_dag.py
[2026-08-29T22:23:07.189+0000] {logging_mixin.py:188} INFO - [2026-08-29T22:23:07.188+0000] {dag.py:3089} INFO - Sync 1 DAGs
[2026-08-29T22:23:07.260+0000] {logging_mixin.py:188} INFO - [2026-08-29T22:23:07.259+0000] {dag.py:3947} INFO - Setting next_dagrun for training_pipeline to 2026-08-29 00:00:00+00:00, run_after=2026-08-30 00:00:00+00:00
[2026-08-29T22:23:07.428+0000] {processor.py:183} INFO - Processing /opt/airflow/dags/training_pipeline_dag.py took 4.195 seconds
[2026-08-29T22:23:37.785+0000] {processor.py:161} INFO - Started process (PID=4799) to work on /opt/airflow/dags/training_pipeline_dag.py
[2026-08-29T22:23:37.788+0000] {processor.py:830} INFO - Processing file /opt/airflow/dags/training_pipeline_dag.py for tasks to queue
[2026-08-29T22:23:37.790+0000] {logging_mixin.py:188} INFO - [2026-08-29T22:23:37.789+0000] {dagbag.py:545} INFO - Filling up the DagBag from /opt/airflow/dags/training_pipeline_dag.py
[2026-08-29T22:23:39.182+0000] {processor.py:840} INFO - DAG(s) 'training_pipeline' retrieved from /opt/airflow/dags/training_pipeline_dag.py
[2026-08-29T22:23:39.245+0000] {logging_mixin.py:188} INFO - [2026-08-29T22:23:39.244+0000] {dag.py:3089} INFO - Sync 1 DAGs
[2026-08-29T22:23:39.277+0000] {logging_mixin.py:188} INFO - [2026-08-29T22:23:39.277+0000] {dag.py:3947} INFO - Setting next_dagrun for training_pipeline to 2026-08-29 00:00:00+00:00, run_after=2026-08-30 00:00:00+00:00
[2026-08-29T22:23:39.315+0000] {processor.py:183} INFO - Processing /opt/airflow/dags/training_pipeline_dag.py took 1.545 seconds
[2026-08-29T22:24:09.650+0000] {processor.py:161} INFO - Started process (PID=4829) to work on /opt/airflow/dags/training_pipeline_dag.py
[2026-08-29T22:24:09.654+0000] {processor.py:830} INFO - Processing file /opt/airflow/dags/training_pipeline_dag.py for tasks to queue
[2026-08-29T22:24:09.657+0000] {logging_mixin.py:188} INFO - [2026-08-29T22:24:09.656+0000] {dagbag.py:545} INFO - Filling up the DagBag from /opt/airflow/dags/training_pipeline_dag.py
[2026-08-29T22:24:11.395+0000] {processor.py:840} INFO - DAG(s) 'training_pipeline' retrieved from /opt/airflow/dags/training_pipeline_dag.py
[2026-08-29T22:24:11.448+0000] {logging_mixin.py:188} INFO - [2026-08-29T22:24:11.447+0000] {dag.py:3089} INFO - Sync 1 DAGs
[2026-08-29T22:24:11.482+0000] {logging_mixin.py:188} INFO - [2026-08-29T22:24:11.482+0000] {dag.py:3947} INFO - Setting next_dagrun for training_pipeline to 2026-08-29 00:00:00+00:00, run_after=2026-08-30 00:00:00+00:00
[2026-08-29T22:24:11.522+0000] {processor.py:183} INFO - Processing /opt/airflow/dags/training_pipeline_dag.py took 1.898 seconds
[2026-08-29T22:24:42.343+0000] {processor.py:161} INFO - Started process (PID=4859) to work on /opt/airflow/dags/training_pipeline_dag.py
[2026-08-29T22:24:42.346+0000] {processor.py:830} INFO - Processing file /opt/airflow/dags/training_pipeline_dag.py for tasks to queue
[2026-08-29T22:24:42.349+0000] {logging_mixin.py:188} INFO - [2026-08-29T22:24:42.348+0000] {dagbag.py:545} INFO - Filling up the DagBag from /opt/airflow/dags/training_pipeline_dag.py
[2026-08-29T22:24:44.079+0000] {processor.py:840} INFO - DAG(s) 'training_pipeline' retrieved from /opt/airflow/dags/training_pipeline_dag.py
[2026-08-29T22:24:44.138+0000] {logging_mixin.py:188} INFO - [2026-08-29T22:24:44.137+0000] {dag.py:3089} INFO - Sync 1 DAGs
[2026-08-29T22:24:44.171+0000] {logging_mixin.py:188} INFO - [2026-08-29T22:24:44.170+0000] {dag.py:3947} INFO - Setting next_dagrun for training_pipeline to 2026-08-29 00:00:00+00:00, run_after=2026-08-30 00:00:00+00:00
[2026-08-29T22:24:44.207+0000] {processor.py:183} INFO - Processing /opt/airflow/dags/training_pipeline_dag.py took 1.898 seconds
[2026-08-29T22:25:14.461+0000] {processor.py:161} INFO - Started process (PID=4889) to work on /opt/airflow/dags/training_pipeline_dag.py
[2026-08-29T22:25:14.463+0000] {processor.py:830} INFO - Processing file /opt/airflow/dags/training_pipeline_dag.py for tasks to queue
[2026-08-29T22:25:14.465+0000] {logging_mixin.py:188} INFO - [2026-08-29T22:25:14.465+0000] {dagbag.py:545} INFO - Filling up the DagBag from /opt/airflow/dags/training_pipeline_dag.py
[2026-08-29T22:25:14.265+0000] {processor.py:840} INFO - DAG(s) 'training_pipeline' retrieved from /opt/airflow/dags/training_pipeline_dag.py
[2026-08-29T22:25:14.316+0000] {logging_mixin.py:188} INFO - [2026-08-29T22:25:14.316+0000] {dag.py:3089} INFO - Sync 1 DAGs
[2026-08-29T22:25:14.356+0000] {logging_mixin.py:188} INFO - [2026-08-29T22:25:14.355+0000] {dag.py:3947} INFO - Setting next_dagrun for training_pipeline to 2026-08-29 00:00:00+00:00, run_after=2026-08-30 00:00:00+00:00
[2026-08-29T22:25:14.396+0000] {processor.py:183} INFO - Processing /opt/airflow/dags/training_pipeline_dag.py took 1.927 seconds
[2026-08-29T22:25:44.726+0000] {processor.py:161} INFO - Started process (PID=4919) to work on /opt/airflow/dags/training_pipeline_dag.py
[2026-08-29T22:25:44.728+0000] {processor.py:830} INFO - Processing file /opt/airflow/dags/training_pipeline_dag.py for tasks to queue
[2026-08-29T22:25:44.730+0000] {logging_mixin.py:188} INFO - [2026-08-29T22:25:44.729+0000] {dagbag.py:545} INFO - Filling up the DagBag from /opt/airflow/dags/training_pipeline_dag.py
[2026-08-29T22:25:46.333+0000] {processor.py:840} INFO - DAG(s) 'training_pipeline' retrieved from /opt/airflow/dags/training_pipeline_dag.py
[2026-08-29T22:25:46.380+0000] {logging_mixin.py:188} INFO - [2026-08-29T22:25:46.379+0000] {dag.py:3089} INFO - Sync 1 DAGs
[2026-08-29T22:25:46.415+0000] {logging_mixin.py:188} INFO - [2026-08-29T22:25:46.414+0000] {dag.py:3947} INFO - Setting next_dagrun for training_pipeline to 2026-08-29 00:00:00+00:00, run_after=2026-08-30 00:00:00+00:00
[2026-08-29T22:25:46.450+0000] {processor.py:183} INFO - Processing /opt/airflow/dags/training_pipeline_dag.py took 1.744 seconds
[2026-08-29T22:26:16.748+0000] {processor.py:161} INFO - Started process (PID=4949) to work on /opt/airflow/dags/training_pipeline_dag.py
[2026-08-29T22:26:16.751+0000] {processor.py:830} INFO - Processing file /opt/airflow/dags/training_pipeline_dag.py for tasks to queue
[2026-08-29T22:26:16.754+0000] {logging_mixin.py:188} INFO - [2026-08-29T22:26:16.753+0000] {dagbag.py:545} INFO - Filling up the DagBag from /opt/airflow/dags/training_pipeline_dag.py
[2026-08-29T22:26:18.429+0000] {processor.py:840} INFO - DAG(s) 'training_pipeline' retrieved from /opt/airflow/dags/training_pipeline_dag.py
[2026-08-29T22:26:18.473+0000] {logging_mixin.py:188} INFO - [2026-08-29T22:26:18.473+0000] {dag.py:3089} INFO - Sync 1 DAGs
[2026-08-29T22:26:18.509+0000] {logging_mixin.py:188} INFO - [2026-08-29T22:26:18.508+0000] {dag.py:3947} INFO - Setting next_dagrun for training_pipeline to 2026-08-29 00:00:00+00:00, run_after=2026-08-30 00:00:00+00:00
[2026-08-29T22:26:18.544+0000] {processor.py:183} INFO - Processing /opt/airflow/dags/training_pipeline_dag.py took 1.820 seconds
[2026-08-29T22:26:49.532+0000] {processor.py:161} INFO - Started process (PID=4979) to work on /opt/airflow/dags/training_pipeline_dag.py
[2026-08-29T22:26:49.535+0000] {processor.py:830} INFO - Processing file /opt/airflow/dags/training_pipeline_dag.py for tasks to queue
[2026-08-29T22:26:49.538+0000] {logging_mixin.py:188} INFO - [2026-08-29T22:26:49.537+0000] {dagbag.py:545} INFO - Filling up the DagBag from /opt/airflow/dags/training_pipeline_dag.py
[2026-08-29T22:26:51.436+0000] {processor.py:840} INFO - DAG(s) 'training_pipeline' retrieved from /opt/airflow/dags/training_pipeline_dag.py
[2026-08-29T22:26:51.480+0000] {logging_mixin.py:188} INFO - [2026-08-29T22:26:51.479+0000] {dag.py:3089} INFO - Sync 1 DAGs
[2026-08-29T22:26:51.512+0000] {logging_mixin.py:188} INFO - [2026-08-29T22:26:51.512+0000] {dag.py:3947} INFO - Setting next_dagrun for training_pipeline to 2026-08-29 00:00:00+00:00, run_after=2026-08-30 00:00:00+00:00
[2026-08-29T22:26:51.548+0000] {processor.py:183} INFO - Processing /opt/airflow/dags/training_pipeline_dag.py took 2.034 seconds
[2026-08-29T22:27:22.328+0000] {processor.py:161} INFO - Started process (PID=5009) to work on /opt/airflow/dags/training_pipeline_dag.py
[2026-08-29T22:27:22.331+0000] {processor.py:830} INFO - Processing file /opt/airflow/dags/training_pipeline_dag.py for tasks to queue
[2026-08-29T22:27:22.334+0000] {logging_mixin.py:188} INFO - [2026-08-29T22:27:22.333+0000] {dagbag.py:545} INFO - Filling up the DagBag from /opt/airflow/dags/training_pipeline_dag.py
[2026-08-29T22:27:24.094+0000] {processor.py:840} INFO - DAG(s) 'training_pipeline' retrieved from /opt/airflow/dags/training_pipeline_dag.py
[2026-08-29T22:27:24.149+0000] {logging_mixin.py:188} INFO - [2026-08-29T22:27:24.149+0000] {dag.py:3089} INFO - Sync 1 DAGs
[2026-08-29T22:27:24.190+0000] {logging_mixin.py:188} INFO - [2026-08-29T22:27:24.190+0000] {dag.py:3947} INFO - Setting next_dagrun for training_pipeline to 2026-08-29 00:00:00+00:00, run_after=2026-08-30 00:00:00+00:00
[2026-08-29T22:27:24.229+0000] {processor.py:183} INFO - Processing /opt/airflow/dags/training_pipeline_dag.py took 1.922 seconds
[2026-08-29T22:27:55.143+0000] {processor.py:161} INFO - Started process (PID=5039) to work on /opt/airflow/dags/training_pipeline_dag.py
[2026-08-29T22:27:55.146+0000] {processor.py:830} INFO - Processing file /opt/airflow/dags/training_pipeline_dag.py for tasks to queue
[2026-08-29T22:27:55.148+0000] {logging_mixin.py:188} INFO - [2026-08-29T22:27:55.147+0000] {dagbag.py:545} INFO - Filling up the DagBag from /opt/airflow/dags/training_pipeline_dag.py
[2026-08-29T22:27:56.941+0000] {processor.py:840} INFO - DAG(s) 'training_pipeline' retrieved from /opt/airflow/dags/training_pipeline_dag.py
[2026-08-29T22:27:56.990+0000] {logging_mixin.py:188} INFO - [2026-08-29T22:27:56.989+0000] {dag.py:3089} INFO - Sync 1 DAGs
[2026-08-29T22:27:57.024+0000] {logging_mixin.py:188} INFO - [2026-08-29T22:27:57.023+0000] {dag.py:3947} INFO - Setting next_dagrun for training_pipeline to 2026-08-29 00:00:00+00:00, run_after=2026-08-30 00:00:00+00:00
[2026-08-29T22:27:57.071+0000] {processor.py:183} INFO - Processing /opt/airflow/dags/training_pipeline_dag.py took 1.945 seconds
[2026-08-29T22:28:28.110+0000] {processor.py:161} INFO - Started process (PID=5069) to work on /opt/airflow/dags/training_pipeline_dag.py
[2026-08-29T22:28:28.113+0000] {processor.py:830} INFO - Processing file /opt/airflow/dags/training_pipeline_dag.py for tasks to queue
[2026-08-29T22:28:28.116+0000] {logging_mixin.py:188} INFO - [2026-08-29T22:28:28.115+0000] {dagbag.py:545} INFO - Filling up the DagBag from /opt/airflow/dags/training_pipeline_dag.py
[2026-08-29T22:28:29.833+0000] {processor.py:840} INFO - DAG(s) 'training_pipeline' retrieved from /opt/airflow/dags/training_pipeline_dag.py
[2026-08-29T22:28:29.886+0000] {logging_mixin.py:188} INFO - [2026-08-29T22:28:29.885+0000] {dag.py:3089} INFO - Sync 1 DAGs
[2026-08-29T22:28:29.929+0000] {logging_mixin.py:188} INFO - [2026-08-29T22:28:29.929+0000] {dag.py:3947} INFO - Setting next_dagrun for training_pipeline to 2026-08-29 00:00:00+00:00, run_after=2026-08-30 00:00:00+00:00
[2026-08-29T22:28:29.966+0000] {processor.py:183} INFO - Processing /opt/airflow/dags/training_pipeline_dag.py took 1.876 seconds
[2026-08-29T22:29:00.886+0000] {processor.py:161} INFO - Started process (PID=5099) to work on /opt/airflow/dags/training_pipeline_dag.py
[2026-08-29T22:29:00.889+0000] {processor.py:830} INFO - Processing file /opt/airflow/dags/training_pipeline_dag.py for tasks to queue
[2026-08-29T22:29:00.891+0000] {logging_mixin.py:188} INFO - [2026-08-29T22:29:00.890+0000] {dagbag.py:545} INFO - Filling up the DagBag from /opt/airflow/dags/training_pipeline_dag.py
[2026-08-29T22:29:02.596+0000] {processor.py:840} INFO - DAG(s) 'training_pipeline' retrieved from /opt/airflow/dags/training_pipeline_dag.py
[2026-08-29T22:29:02.647+0000] {logging_mixin.py:188} INFO - [2026-08-29T22:29:02.646+0000] {dag.py:3089} INFO - Sync 1 DAGs
[2026-08-29T22:29:02.694+0000] {logging_mixin.py:188} INFO - [2026-08-29T22:29:02.693+0000] {dag.py:3947} INFO - Setting next_dagrun for training_pipeline to 2026-08-29 00:00:00+00:00, run_after=2026-08-30 00:00:00+00:00
[2026-08-29T22:29:02.732+0000] {processor.py:183} INFO - Processing /opt/airflow/dags/training_pipeline_dag.py took 1.865 seconds
[2026-08-29T22:29:32.943+0000] {processor.py:161} INFO - Started process (PID=5127) to work on /opt/airflow/dags/training_pipeline_dag.py
[2026-08-29T22:29:32.946+0000] {processor.py:830} INFO - Processing file /opt/airflow/dags/training_pipeline_dag.py for tasks to queue
[2026-08-29T22:29:32.949+0000] {logging_mixin.py:188} INFO - [2026-08-29T22:29:32.948+0000] {dagbag.py:545} INFO - Filling up the DagBag from /opt/airflow/dags/training_pipeline_dag.py
[2026-08-29T22:29:34.778+0000] {processor.py:840} INFO - DAG(s) 'training_pipeline' retrieved from /opt/airflow/dags/training_pipeline_dag.py
[2026-08-29T22:29:34.823+0000] {logging_mixin.py:188} INFO - [2026-08-29T22:29:34.823+0000] {dag.py:3089} INFO - Sync 1 DAGs
[2026-08-29T22:29:34.865+0000] {logging_mixin.py:188} INFO - [2026-08-29T22:29:34.864+0000] {dag.py:3947} INFO - Setting next_dagrun for training_pipeline to 2026-08-29 00:00:00+00:00, run_after=2026-08-30 00:00:00+00:00
[2026-08-29T22:29:34.935+0000] {processor.py:183} INFO - Processing /opt/airflow/dags/training_pipeline_dag.py took 2.017 seconds
[2026-08-29T22:30:05.918+0000] {processor.py:161} INFO - Started process (PID=5145) to work on /opt/airflow/dags/training_pipeline_dag.py
[2026-08-29T22:30:05.920+0000] {processor.py:830} INFO - Processing file /opt/airflow/dags/training_pipeline_dag.py for tasks to queue
[2026-08-29T22:30:05.923+0000] {logging_mixin.py:188} INFO - [2026-08-29T22:30:05.922+0000] {dagbag.py:545} INFO - Filling up the DagBag from /opt/airflow/dags/training_pipeline_dag.py
[2026-08-29T22:30:07.738+0000] {processor.py:840} INFO - DAG(s) 'training_pipeline' retrieved from /opt/airflow/dags/training_pipeline_dag.py
[2026-08-29T22:30:07.807+0000] {logging_mixin.py:188} INFO - [2026-08-29T22:30:07.806+0000] {dag.py:3089} INFO - Sync 1 DAGs
[2026-08-29T22:30:07.857+0000] {logging_mixin.py:188} INFO - [2026-08-29T22:30:07.856+0000] {dag.py:3947} INFO - Setting next_dagrun for training_pipeline to 2026-08-29 00:00:00+00:00, run_after=2026-08-30 00:00:00+00:00
[2026-08-29T22:30:07.893+0000] {processor.py:183} INFO - Processing /opt/airflow/dags/training_pipeline_dag.py took 1.996 seconds
[2026-08-29T22:30:38.133+0000] {processor.py:161} INFO - Started process (PID=5171) to work on /opt/airflow/dags/training_pipeline_dag.py
[2026-08-29T22:30:38.135+0000] {processor.py:830} INFO - Processing file /opt/airflow/dags/training_pipeline_dag.py for tasks to queue
[2026-08-29T22:30:38.138+0000] {logging_mixin.py:188} INFO - [2026-08-29T22:30:38.137+0000] {dagbag.py:545} INFO - Filling up the DagBag from /opt/airflow/dags/training_pipeline_dag.py
[2026-08-29T22:30:39.794+0000] {processor.py:840} INFO - DAG(s) 'training_pipeline' retrieved from /opt/airflow/dags/training_pipeline_dag.py
[2026-08-29T22:30:39.841+0000] {logging_mixin.py:188} INFO - [2026-08-29T22:30:39.841+0000] {dag.py:3089} INFO - Sync 1 DAGs
[2026-08-29T22:30:39.871+0000] {logging_mixin.py:188} INFO - [2026-08-29T22:30:39.870+0000] {dag.py:3947} INFO - Setting next_dagrun for training_pipeline to 2026-08-29 00:00:00+00:00, run_after=2026-08-30 00:00:00+00:00
[2026-08-29T22:30:39.902+0000] {processor.py:183} INFO - Processing /opt/airflow/dags/training_pipeline_dag.py took 1.788 seconds
[2026-08-29T22:31:11.022+0000] {processor.py:161} INFO - Started process (PID=5201) to work on /opt/airflow/dags/training_pipeline_dag.py
[2026-08-29T22:31:11.025+0000] {processor.py:830} INFO - Processing file /opt/airflow/dags/training_pipeline_dag.py for tasks to queue
[2026-08-29T22:31:11.028+0000] {logging_mixin.py:188} INFO - [2026-08-29T22:31:11.027+0000] {dagbag.py:545} INFO - Filling up the DagBag from /opt/airflow/dags/training_pipeline_dag.py
[2026-08-29T22:31:12.758+0000] {processor.py:840} INFO - DAG(s) 'training_pipeline' retrieved from /opt/airflow/dags/training_pipeline_dag.py
[2026-08-29T22:31:12.811+0000] {logging_mixin.py:188} INFO - [2026-08-29T22:31:12.810+0000] {dag.py:3089} INFO - Sync 1 DAGs
[2026-08-29T22:31:12.849+0000] {logging_mixin.py:188} INFO - [2026-08-29T22:31:12.848+0000] {dag.py:3947} INFO - Setting next_dagrun for training_pipeline to 2026-08-29 00:00:00+00:00, run_after=2026-08-30 00:00:00+00:00
[2026-08-29T22:31:12.883+0000] {processor.py:183} INFO - Processing /opt/airflow/dags/training_pipeline_dag.py took 1.882 seconds
[2026-08-29T22:31:43.196+0000] {processor.py:161} INFO - Started process (PID=5237) to work on /opt/airflow/dags/training_pipeline_dag.py
[2026-08-29T22:31:43.199+0000] {processor.py:830} INFO - Processing file /opt/airflow/dags/training_pipeline_dag.py for tasks to queue
[2026-08-29T22:31:43.202+0000] {logging_mixin.py:188} INFO - [2026-08-29T22:31:43.200+0000] {dagbag.py:545} INFO - Filling up the DagBag from /opt/airflow/dags/training_pipeline_dag.py
[2026-08-29T22:31:44.968+0000] {processor.py:840} INFO - DAG(s) 'training_pipeline' retrieved from /opt/airflow/dags/training_pipeline_dag.py
[2026-08-29T22:31:45.018+0000] {logging_mixin.py:188} INFO - [2026-08-29T22:31:45.017+0000] {dag.py:3089} INFO - Sync 1 DAGs
[2026-08-29T22:31:45.053+0000] {logging_mixin.py:188} INFO - [2026-08-29T22:31:45.053+0000] {dag.py:3947} INFO - Setting next_dagrun for training_pipeline to 2026-08-29 00:00:00+00:00, run_after=2026-08-30 00:00:00+00:00
[2026-08-29T22:31:45.112+0000] {processor.py:183} INFO - Processing /opt/airflow/dags/training_pipeline_dag.py took 1.936 seconds
[2026-08-29T22:34:31.133+0000] {processor.py:161} INFO - Started process (PID=171) to work on /opt/airflow/dags/training_pipeline_dag.py
[2026-08-29T22:34:31.142+0000] {processor.py:830} INFO - Processing file /opt/airflow/dags/training_pipeline_dag.py for tasks to queue
[2026-08-29T22:34:31.575+0000] {logging_mixin.py:188} INFO - [2026-08-29T22:34:31.551+0000] {dagbag.py:545} INFO - Filling up the DagBag from /opt/airflow/dags/training_pipeline_dag.py
[2026-08-29T22:35:00.706+0000] {logging_mixin.py:188} INFO - [2026-08-29T22:35:00.705+0000] {timeout.py:68} ERROR - Process timed out, PID: 171
[2026-08-29T22:35:31.668+0000] {processor.py:161} INFO - Started process (PID=198) to work on /opt/airflow/dags/training_pipeline_dag.py
[2026-08-29T22:35:31.671+0000] {processor.py:830} INFO - Processing file /opt/airflow/dags/training_pipeline_dag.py for tasks to queue
[2026-08-29T22:35:31.677+0000] {logging_mixin.py:188} INFO - [2026-08-29T22:35:31.676+0000] {dagbag.py:545} INFO - Filling up the DagBag from /opt/airflow/dags/training_pipeline_dag.py
[2026-08-29T22:35:33.496+0000] {processor.py:840} INFO - DAG(s) 'training_pipeline' retrieved from /opt/airflow/dags/training_pipeline_dag.py
[2026-08-29T22:35:33.995+0000] {logging_mixin.py:188} INFO - [2026-08-29T22:35:33.994+0000] {dag.py:3089} INFO - Sync 1 DAGs
[2026-08-29T22:35:34.042+0000] {logging_mixin.py:188} INFO - [2026-08-29T22:35:34.041+0000] {dag.py:3947} INFO - Setting next_dagrun for training_pipeline to 2026-08-29 00:00:00+00:00, run_after=2026-08-30 00:00:00+00:00
[2026-08-29T22:35:34.098+0000] {processor.py:183} INFO - Processing /opt/airflow/dags/training_pipeline_dag.py took 2.454 seconds
[2026-08-29T22:36:04.712+0000] {processor.py:161} INFO - Started process (PID=228) to work on /opt/airflow/dags/training_pipeline_dag.py
[2026-08-29T22:36:04.716+0000] {processor.py:830} INFO - Processing file /opt/airflow/dags/training_pipeline_dag.py for tasks to queue
[2026-08-29T22:36:04.732+0000] {logging_mixin.py:188} INFO - [2026-08-29T22:36:04.720+0000] {dagbag.py:545} INFO - Filling up the DagBag from /opt/airflow/dags/training_pipeline_dag.py
[2026-08-29T22:36:07.587+0000] {processor.py:840} INFO - DAG(s) 'training_pipeline' retrieved from /opt/airflow/dags/training_pipeline_dag.py
[2026-08-29T22:36:07.675+0000] {logging_mixin.py:188} INFO - [2026-08-29T22:36:07.674+0000] {dag.py:3089} INFO - Sync 1 DAGs
[2026-08-29T22:36:07.784+0000] {logging_mixin.py:188} INFO - [2026-08-29T22:36:07.783+0000] {dag.py:3947} INFO - Setting next_dagrun for training_pipeline to 2026-08-29 00:00:00+00:00, run_after=2026-08-30 00:00:00+00:00
[2026-08-29T22:36:08.290+0000] {processor.py:183} INFO - Processing /opt/airflow/dags/training_pipeline_dag.py took 3.597 seconds
[2026-08-29T22:36:38.975+0000] {processor.py:161} INFO - Started process (PID=258) to work on /opt/airflow/dags/training_pipeline_dag.py
[2026-08-29T22:36:38.978+0000] {processor.py:830} INFO - Processing file /opt/airflow/dags/training_pipeline_dag.py for tasks to queue
[2026-08-29T22:36:38.985+0000] {logging_mixin.py:188} INFO - [2026-08-29T22:36:38.984+0000] {dagbag.py:545} INFO - Filling up the DagBag from /opt/airflow/dags/training_pipeline_dag.py
[2026-08-29T22:36:40.788+0000] {processor.py:840} INFO - DAG(s) 'training_pipeline' retrieved from /opt/airflow/dags/training_pipeline_dag.py
[2026-08-29T22:36:40.842+0000] {logging_mixin.py:188} INFO - [2026-08-29T22:36:40.842+0000] {dag.py:3089} INFO - Sync 1 DAGs
[2026-08-29T22:36:41.120+0000] {logging_mixin.py:188} INFO - [2026-08-29T22:36:41.119+0000] {dag.py:3947} INFO - Setting next_dagrun for training_pipeline to 2026-08-29 00:00:00+00:00, run_after=2026-08-30 00:00:00+00:00
[2026-08-29T22:36:41.166+0000] {processor.py:183} INFO - Processing /opt/airflow/dags/training_pipeline_dag.py took 2.216 seconds
[2026-08-29T22:37:14.354+0000] {processor.py:161} INFO - Started process (PID=286) to work on /opt/airflow/dags/training_pipeline_dag.py
[2026-08-29T22:37:14.369+0000] {processor.py:830} INFO - Processing file /opt/airflow/dags/training_pipeline_dag.py for tasks to queue
[2026-08-29T22:37:14.387+0000] {logging_mixin.py:188} INFO - [2026-08-29T22:37:14.380+0000] {dagbag.py:545} INFO - Filling up the DagBag from /opt/airflow/dags/training_pipeline_dag.py
[2026-08-29T22:37:18.715+0000] {processor.py:840} INFO - DAG(s) 'training_pipeline' retrieved from /opt/airflow/dags/training_pipeline_dag.py
[2026-08-29T22:37:18.977+0000] {logging_mixin.py:188} INFO - [2026-08-29T22:37:18.976+0000] {dag.py:3089} INFO - Sync 1 DAGs
[2026-08-29T22:37:19.057+0000] {logging_mixin.py:188} INFO - [2026-08-29T22:37:19.056+0000] {dag.py:3947} INFO - Setting next_dagrun for training_pipeline to 2026-08-29 00:00:00+00:00, run_after=2026-08-30 00:00:00+00:00
[2026-08-29T22:37:19.129+0000] {processor.py:183} INFO - Processing /opt/airflow/dags/training_pipeline_dag.py took 7.012 seconds
[2026-08-29T22:37:50.089+0000] {processor.py:161} INFO - Started process (PID=303) to work on /opt/airflow/dags/training_pipeline_dag.py
[2026-08-29T22:37:50.092+0000] {processor.py:830} INFO - Processing file /opt/airflow/dags/training_pipeline_dag.py for tasks to queue
[2026-08-29T22:37:50.099+0000] {logging_mixin.py:188} INFO - [2026-08-29T22:37:50.097+0000] {dagbag.py:545} INFO - Filling up the DagBag from /opt/airflow/dags/training_pipeline_dag.py
[2026-08-29T22:37:56.818+0000] {processor.py:840} INFO - DAG(s) 'training_pipeline' retrieved from /opt/airflow/dags/training_pipeline_dag.py
[2026-08-29T22:37:57.201+0000] {logging_mixin.py:188} INFO - [2026-08-29T22:37:57.194+0000] {dag.py:3089} INFO - Sync 1 DAGs
[2026-08-29T22:37:57.392+0000] {logging_mixin.py:188} INFO - [2026-08-29T22:37:57.390+0000] {dag.py:3947} INFO - Setting next_dagrun for training_pipeline to 2026-08-29 00:00:00+00:00, run_after=2026-08-30 00:00:00+00:00
[2026-08-29T22:37:57.475+0000] {processor.py:183} INFO - Processing /opt/airflow/dags/training_pipeline_dag.py took 9.581 seconds
[2026-08-29T22:38:28.049+0000] {processor.py:161} INFO - Started process (PID=330) to work on /opt/airflow/dags/training_pipeline_dag.py
[2026-08-29T22:38:28.059+0000] {processor.py:830} INFO - Processing file /opt/airflow/dags/training_pipeline_dag.py for tasks to queue
[2026-08-29T22:38:28.065+0000] {logging_mixin.py:188} INFO - [2026-08-29T22:38:28.064+0000] {dagbag.py:545} INFO - Filling up the DagBag from /opt/airflow/dags/training_pipeline_dag.py
[2026-08-29T22:38:29.935+0000] {processor.py:840} INFO - DAG(s) 'training_pipeline' retrieved from /opt/airflow/dags/training_pipeline_dag.py
[2026-08-29T22:38:29.991+0000] {logging_mixin.py:188} INFO - [2026-08-29T22:38:29.990+0000] {dag.py:3089} INFO - Sync 1 DAGs
[2026-08-29T22:38:30.037+0000] {logging_mixin.py:188} INFO - [2026-08-29T22:38:30.037+0000] {dag.py:3947} INFO - Setting next_dagrun for training_pipeline to 2026-08-29 00:00:00+00:00, run_after=2026-08-30 00:00:00+00:00
[2026-08-29T22:38:30.083+0000] {processor.py:183} INFO - Processing /opt/airflow/dags/training_pipeline_dag.py took 2.053 seconds
[2026-08-29T22:39:00.833+0000] {processor.py:161} INFO - Started process (PID=360) to work on /opt/airflow/dags/training_pipeline_dag.py
[2026-08-29T22:39:00.837+0000] {processor.py:830} INFO - Processing file /opt/airflow/dags/training_pipeline_dag.py for tasks to queue
[2026-08-29T22:39:00.843+0000] {logging_mixin.py:188} INFO - [2026-08-29T22:39:00.842+0000] {dagbag.py:545} INFO - Filling up the DagBag from /opt/airflow/dags/training_pipeline_dag.py
[2026-08-29T22:39:02.517+0000] {processor.py:840} INFO - DAG(s) 'training_pipeline' retrieved from /opt/airflow/dags/training_pipeline_dag.py
[2026-08-29T22:39:02.563+0000] {logging_mixin.py:188} INFO - [2026-08-29T22:39:02.563+0000] {dag.py:3089} INFO - Sync 1 DAGs
[2026-08-29T22:39:02.604+0000] {logging_mixin.py:188} INFO - [2026-08-29T22:39:02.603+0000] {dag.py:3947} INFO - Setting next_dagrun for training_pipeline to 2026-08-29 00:00:00+00:00, run_after=2026-08-30 00:00:00+00:00
[2026-08-29T22:39:02.642+0000] {processor.py:183} INFO - Processing /opt/airflow/dags/training_pipeline_dag.py took 1.828 seconds
[2026-08-29T22:39:33.719+0000] {processor.py:161} INFO - Started process (PID=390) to work on /opt/airflow/dags/training_pipeline_dag.py
[2026-08-29T22:39:33.722+0000] {processor.py:830} INFO - Processing file /opt/airflow/dags/training_pipeline_dag.py for tasks to queue
[2026-08-29T22:39:33.728+0000] {logging_mixin.py:188} INFO - [2026-08-29T22:39:33.727+0000] {dagbag.py:545} INFO - Filling up the DagBag from /opt/airflow/dags/training_pipeline_dag.py
[2026-08-29T22:39:35.004+0000] {processor.py:840} INFO - DAG(s) 'training_pipeline' retrieved from /opt/airflow/dags/training_pipeline_dag.py
[2026-08-29T22:39:35.064+0000] {logging_mixin.py:188} INFO - [2026-08-29T22:39:35.064+0000] {dag.py:3089} INFO - Sync 1 DAGs
[2026-08-29T22:39:35.375+0000] {logging_mixin.py:188} INFO - [2026-08-29T22:39:35.375+0000] {dag.py:3947} INFO - Setting next_dagrun for training_pipeline to 2026-08-29 00:00:00+00:00, run_after=2026-08-30 00:00:00+00:00
[2026-08-29T22:39:35.413+0000] {processor.py:183} INFO - Processing /opt/airflow/dags/training_pipeline_dag.py took 1.714 seconds
[2026-08-29T22:40:06.152+0000] {processor.py:161} INFO - Started process (PID=420) to work on /opt/airflow/dags/training_pipeline_dag.py
[2026-08-29T22:40:06.155+0000] {processor.py:830} INFO - Processing file /opt/airflow/dags/training_pipeline_dag.py for tasks to queue
[2026-08-29T22:40:06.159+0000] {logging_mixin.py:188} INFO - [2026-08-29T22:40:06.159+0000] {dagbag.py:545} INFO - Filling up the DagBag from /opt/airflow/dags/training_pipeline_dag.py
[2026-08-29T22:40:07.437+0000] {processor.py:840} INFO - DAG(s) 'training_pipeline' retrieved from /opt/airflow/dags/training_pipeline_dag.py
[2026-08-29T22:40:07.758+0000] {logging_mixin.py:188} INFO - [2026-08-29T22:40:07.757+0000] {dag.py:3089} INFO - Sync 1 DAGs
[2026-08-29T22:40:07.791+0000] {logging_mixin.py:188} INFO - [2026-08-29T22:40:07.791+0000] {dag.py:3947} INFO - Setting next_dagrun for training_pipeline to 2026-08-29 00:00:00+00:00, run_after=2026-08-30 00:00:00+00:00
[2026-08-29T22:40:07.837+0000] {processor.py:183} INFO - Processing /opt/airflow/dags/training_pipeline_dag.py took 1.701 seconds
[2026-08-29T22:40:38.653+0000] {processor.py:161} INFO - Started process (PID=450) to work on /opt/airflow/dags/training_pipeline_dag.py
[2026-08-29T22:40:38.656+0000] {processor.py:830} INFO - Processing file /opt/airflow/dags/training_pipeline_dag.py for tasks to queue
[2026-08-29T22:40:38.661+0000] {logging_mixin.py:188} INFO - [2026-08-29T22:40:38.660+0000] {dagbag.py:545} INFO - Filling up the DagBag from /opt/airflow/dags/training_pipeline_dag.py
[2026-08-29T22:40:40.501+0000] {processor.py:840} INFO - DAG(s) 'training_pipeline' retrieved from /opt/airflow/dags/training_pipeline_dag.py
[2026-08-29T22:40:40.557+0000] {logging_mixin.py:188} INFO - [2026-08-29T22:40:40.556+0000] {dag.py:3089} INFO - Sync 1 DAGs
[2026-08-29T22:40:40.596+0000] {logging_mixin.py:188} INFO - [2026-08-29T22:40:40.596+0000] {dag.py:3947} INFO - Setting next_dagrun for training_pipeline to 2026-08-29 00:00:00+00:00, run_after=2026-08-30 00:00:00+00:00
[2026-08-29T22:40:40.650+0000] {processor.py:183} INFO - Processing /opt/airflow/dags/training_pipeline_dag.py took 2.016 seconds
[2026-08-29T22:41:11.429+0000] {processor.py:161} INFO - Started process (PID=480) to work on /opt/airflow/dags/training_pipeline_dag.py
[2026-08-29T22:41:11.432+0000] {processor.py:830} INFO - Processing file /opt/airflow/dags/training_pipeline_dag.py for tasks to queue
[2026-08-29T22:41:11.436+0000] {logging_mixin.py:188} INFO - [2026-08-29T22:41:11.436+0000] {dagbag.py:545} INFO - Filling up the DagBag from /opt/airflow/dags/training_pipeline_dag.py
[2026-08-29T22:41:12.969+0000] {processor.py:840} INFO - DAG(s) 'training_pipeline' retrieved from /opt/airflow/dags/training_pipeline_dag.py
[2026-08-29T22:41:13.018+0000] {logging_mixin.py:188} INFO - [2026-08-29T22:41:13.017+0000] {dag.py:3089} INFO - Sync 1 DAGs
[2026-08-29T22:41:13.053+0000] {logging_mixin.py:188} INFO - [2026-08-29T22:41:13.052+0000] {dag.py:3947} INFO - Setting next_dagrun for training_pipeline to 2026-08-29 00:00:00+00:00, run_after=2026-08-30 00:00:00+00:00
[2026-08-29T22:41:13.090+0000] {processor.py:183} INFO - Processing /opt/airflow/dags/training_pipeline_dag.py took 1.676 seconds
[2026-08-29T22:41:43.525+0000] {processor.py:161} INFO - Started process (PID=510) to work on /opt/airflow/dags/training_pipeline_dag.py
[2026-08-29T22:41:43.528+0000] {processor.py:830} INFO - Processing file /opt/airflow/dags/training_pipeline_dag.py for tasks to queue
[2026-08-29T22:41:43.536+0000] {logging_mixin.py:188} INFO - [2026-08-29T22:41:43.534+0000] {dagbag.py:545} INFO - Filling up the DagBag from /opt/airflow/dags/training_pipeline_dag.py
[2026-08-29T22:41:45.253+0000] {processor.py:840} INFO - DAG(s) 'training_pipeline' retrieved from /opt/airflow/dags/training_pipeline_dag.py
[2026-08-29T22:41:45.323+0000] {logging_mixin.py:188} INFO - [2026-08-29T22:41:45.322+0000] {dag.py:3089} INFO - Sync 1 DAGs
[2026-08-29T22:41:45.373+0000] {logging_mixin.py:188} INFO - [2026-08-29T22:41:45.372+0000] {dag.py:3947} INFO - Setting next_dagrun for training_pipeline to 2026-08-29 00:00:00+00:00, run_after=2026-08-30 00:00:00+00:00
[2026-08-29T22:41:45.412+0000] {processor.py:183} INFO - Processing /opt/airflow/dags/training_pipeline_dag.py took 1.904 seconds
[2026-08-29T22:42:16.219+0000] {processor.py:161} INFO - Started process (PID=540) to work on /opt/airflow/dags/training_pipeline_dag.py
[2026-08-29T22:42:16.221+0000] {processor.py:830} INFO - Processing file /opt/airflow/dags/training_pipeline_dag.py for tasks to queue
[2026-08-29T22:42:16.227+0000] {logging_mixin.py:188} INFO - [2026-08-29T22:42:16.226+0000] {dagbag.py:545} INFO - Filling up the DagBag from /opt/airflow/dags/training_pipeline_dag.py
[2026-08-29T22:42:18.213+0000] {processor.py:840} INFO - DAG(s) 'training_pipeline' retrieved from /opt/airflow/dags/training_pipeline_dag.py
[2026-08-29T22:42:18.273+0000] {logging_mixin.py:188} INFO - [2026-08-29T22:42:18.272+0000] {dag.py:3089} INFO - Sync 1 DAGs
[2026-08-29T22:42:18.318+0000] {logging_mixin.py:188} INFO - [2026-08-29T22:42:18.317+0000] {dag.py:3947} INFO - Setting next_dagrun for training_pipeline to 2026-08-29 00:00:00+00:00, run_after=2026-08-30 00:00:00+00:00
[2026-08-29T22:42:18.358+0000] {processor.py:183} INFO - Processing /opt/airflow/dags/training_pipeline_dag.py took 2.163 seconds
[2026-08-29T22:42:49.114+0000] {processor.py:161} INFO - Started process (PID=570) to work on /opt/airflow/dags/training_pipeline_dag.py
[2026-08-29T22:42:49.117+0000] {processor.py:830} INFO - Processing file /opt/airflow/dags/training_pipeline_dag.py for tasks to queue
[2026-08-29T22:42:49.122+0000] {logging_mixin.py:188} INFO - [2026-08-29T22:42:49.121+0000] {dagbag.py:545} INFO - Filling up the DagBag from /opt/airflow/dags/training_pipeline_dag.py
[2026-08-29T22:42:50.376+0000] {processor.py:840} INFO - DAG(s) 'training_pipeline' retrieved from /opt/airflow/dags/training_pipeline_dag.py
[2026-08-29T22:42:50.773+0000] {logging_mixin.py:188} INFO - [2026-08-29T22:42:50.772+0000] {dag.py:3089} INFO - Sync 1 DAGs
[2026-08-29T22:42:50.811+0000] {logging_mixin.py:188} INFO - [2026-08-29T22:42:50.810+0000] {dag.py:3947} INFO - Setting next_dagrun for training_pipeline to 2026-08-29 00:00:00+00:00, run_after=2026-08-30 00:00:00+00:00
[2026-08-29T22:42:50.846+0000] {processor.py:183} INFO - Processing /opt/airflow/dags/training_pipeline_dag.py took 1.752 seconds
[2026-08-29T22:43:21.728+0000] {processor.py:161} INFO - Started process (PID=600) to work on /opt/airflow/dags/training_pipeline_dag.py
[2026-08-29T22:43:21.731+0000] {processor.py:830} INFO - Processing file /opt/airflow/dags/training_pipeline_dag.py for tasks to queue
[2026-08-29T22:43:21.737+0000] {logging_mixin.py:188} INFO - [2026-08-29T22:43:21.736+0000] {dagbag.py:545} INFO - Filling up the DagBag from /opt/airflow/dags/training_pipeline_dag.py
[2026-08-29T22:43:23.735+0000] {processor.py:840} INFO - DAG(s) 'training_pipeline' retrieved from /opt/airflow/dags/training_pipeline_dag.py
[2026-08-29T22:43:23.787+0000] {logging_mixin.py:188} INFO - [2026-08-29T22:43:23.786+0000] {dag.py:3089} INFO - Sync 1 DAGs
[2026-08-29T22:43:23.829+0000] {logging_mixin.py:188} INFO - [2026-08-29T22:43:23.828+0000] {dag.py:3947} INFO - Setting next_dagrun for training_pipeline to 2026-08-29 00:00:00+00:00, run_after=2026-08-30 00:00:00+00:00
[2026-08-29T22:43:23.869+0000] {processor.py:183} INFO - Processing /opt/airflow/dags/training_pipeline_dag.py took 2.159 seconds
[2026-08-29T22:43:54.585+0000] {processor.py:161} INFO - Started process (PID=630) to work on /opt/airflow/dags/training_pipeline_dag.py
[2026-08-29T22:43:54.588+0000] {processor.py:830} INFO - Processing file /opt/airflow/dags/training_pipeline_dag.py for tasks to queue
[2026-08-29T22:43:54.593+0000] {logging_mixin.py:188} INFO - [2026-08-29T22:43:54.592+0000] {dagbag.py:545} INFO - Filling up the DagBag from /opt/airflow/dags/training_pipeline_dag.py
[2026-08-29T22:43:56.295+0000] {processor.py:840} INFO - DAG(s) 'training_pipeline' retrieved from /opt/airflow/dags/training_pipeline_dag.py
[2026-08-29T22:43:56.347+0000] {logging_mixin.py:188} INFO - [2026-08-29T22:43:56.347+0000] {dag.py:3089} INFO - Sync 1 DAGs
[2026-08-29T22:43:56.390+0000] {logging_mixin.py:188} INFO - [2026-08-29T22:43:56.389+0000] {dag.py:3947} INFO - Setting next_dagrun for training_pipeline to 2026-08-29 00:00:00+00:00, run_after=2026-08-30 00:00:00+00:00
[2026-08-29T22:43:56.428+0000] {processor.py:183} INFO - Processing /opt/airflow/dags/training_pipeline_dag.py took 1.870 seconds
[2026-08-29T22:44:27.053+0000] {processor.py:161} INFO - Started process (PID=660) to work on /opt/airflow/dags/training_pipeline_dag.py
[2026-08-29T22:44:27.055+0000] {processor.py:830} INFO - Processing file /opt/airflow/dags/training_pipeline_dag.py for tasks to queue
[2026-08-29T22:44:27.060+0000] {logging_mixin.py:188} INFO - [2026-08-29T22:44:27.060+0000] {dagbag.py:545} INFO - Filling up the DagBag from /opt/airflow/dags/training_pipeline_dag.py
[2026-08-29T22:44:28.872+0000] {processor.py:840} INFO - DAG(s) 'training_pipeline' retrieved from /opt/airflow/dags/training_pipeline_dag.py
[2026-08-29T22:44:28.923+0000] {logging_mixin.py:188} INFO - [2026-08-29T22:44:28.923+0000] {dag.py:3089} INFO - Sync 1 DAGs
[2026-08-29T22:44:28.958+0000] {logging_mixin.py:188} INFO - [2026-08-29T22:44:28.958+0000] {dag.py:3947} INFO - Setting next_dagrun for training_pipeline to 2026-08-29 00:00:00+00:00, run_after=2026-08-30 00:00:00+00:00
[2026-08-29T22:44:28.996+0000] {processor.py:183} INFO - Processing /opt/airflow/dags/training_pipeline_dag.py took 1.958 seconds
[2026-08-29T22:44:59.501+0000] {processor.py:161} INFO - Started process (PID=690) to work on /opt/airflow/dags/training_pipeline_dag.py
[2026-08-29T22:44:59.503+0000] {processor.py:830} INFO - Processing file /opt/airflow/dags/training_pipeline_dag.py for tasks to queue
[2026-08-29T22:44:59.509+0000] {logging_mixin.py:188} INFO - [2026-08-29T22:44:59.508+0000] {dagbag.py:545} INFO - Filling up the DagBag from /opt/airflow/dags/training_pipeline_dag.py
[2026-08-29T22:45:01.047+0000] {processor.py:840} INFO - DAG(s) 'training_pipeline' retrieved from /opt/airflow/dags/training_pipeline_dag.py
[2026-08-29T22:45:01.101+0000] {logging_mixin.py:188} INFO - [2026-08-29T22:45:01.100+0000] {dag.py:3089} INFO - Sync 1 DAGs
[2026-08-29T22:45:01.141+0000] {logging_mixin.py:188} INFO - [2026-08-29T22:45:01.140+0000] {dag.py:3947} INFO - Setting next_dagrun for training_pipeline to 2026-08-29 00:00:00+00:00, run_after=2026-08-30 00:00:00+00:00
[2026-08-29T22:45:01.176+0000] {processor.py:183} INFO - Processing /opt/airflow/dags/training_pipeline_dag.py took 1.691 seconds
[2026-08-29T22:45:32.076+0000] {processor.py:161} INFO - Started process (PID=720) to work on /opt/airflow/dags/training_pipeline_dag.py
[2026-08-29T22:45:32.080+0000] {processor.py:830} INFO - Processing file /opt/airflow/dags/training_pipeline_dag.py for tasks to queue
[2026-08-29T22:45:32.085+0000] {logging_mixin.py:188} INFO - [2026-08-29T22:45:32.084+0000] {dagbag.py:545} INFO - Filling up the DagBag from /opt/airflow/dags/training_pipeline_dag.py
[2026-08-29T22:45:33.487+0000] {processor.py:840} INFO - DAG(s) 'training_pipeline' retrieved from /opt/airflow/dags/training_pipeline_dag.py
[2026-08-29T22:45:33.844+0000] {logging_mixin.py:188} INFO - [2026-08-29T22:45:33.843+0000] {dag.py:3089} INFO - Sync 1 DAGs
[2026-08-29T22:45:33.892+0000] {logging_mixin.py:188} INFO - [2026-08-29T22:45:33.892+0000] {dag.py:3947} INFO - Setting next_dagrun for training_pipeline to 2026-08-29 00:00:00+00:00, run_after=2026-08-30 00:00:00+00:00
[2026-08-29T22:45:33.937+0000] {processor.py:183} INFO - Processing /opt/airflow/dags/training_pipeline_dag.py took 1.884 seconds
[2026-08-29T22:46:04.822+0000] {processor.py:161} INFO - Started process (PID=750) to work on /opt/airflow/dags/training_pipeline_dag.py
[2026-08-29T22:46:04.826+0000] {processor.py:830} INFO - Processing file /opt/airflow/dags/training_pipeline_dag.py for tasks to queue
[2026-08-29T22:46:04.833+0000] {logging_mixin.py:188} INFO - [2026-08-29T22:46:04.832+0000] {dagbag.py:545} INFO - Filling up the DagBag from /opt/airflow/dags/training_pipeline_dag.py
[2026-08-29T22:46:06.254+0000] {processor.py:840} INFO - DAG(s) 'training_pipeline' retrieved from /opt/airflow/dags/training_pipeline_dag.py
[2026-08-29T22:46:06.667+0000] {logging_mixin.py:188} INFO - [2026-08-29T22:46:06.666+0000] {dag.py:3089} INFO - Sync 1 DAGs
[2026-08-29T22:46:06.710+0000] {logging_mixin.py:188} INFO - [2026-08-29T22:46:06.709+0000] {dag.py:3947} INFO - Setting next_dagrun for training_pipeline to 2026-08-29 00:00:00+00:00, run_after=2026-08-30 00:00:00+00:00
[2026-08-29T22:46:06.751+0000] {processor.py:183} INFO - Processing /opt/airflow/dags/training_pipeline_dag.py took 1.948 seconds
[2026-08-29T22:46:37.112+0000] {processor.py:161} INFO - Started process (PID=780) to work on /opt/airflow/dags/training_pipeline_dag.py
[2026-08-29T22:46:37.114+0000] {processor.py:830} INFO - Processing file /opt/airflow/dags/training_pipeline_dag.py for tasks to queue
[2026-08-29T22:46:37.120+0000] {logging_mixin.py:188} INFO - [2026-08-29T22:46:37.119+0000] {dagbag.py:545} INFO - Filling up the DagBag from /opt/airflow/dags/training_pipeline_dag.py
[2026-08-29T22:46:38.995+0000] {processor.py:840} INFO - DAG(s) 'training_pipeline' retrieved from /opt/airflow/dags/training_pipeline_dag.py
[2026-08-29T22:46:39.054+0000] {logging_mixin.py:188} INFO - [2026-08-29T22:46:39.053+0000] {dag.py:3089} INFO - Sync 1 DAGs
[2026-08-29T22:46:38.964+0000] {logging_mixin.py:188} INFO - [2026-08-29T22:46:38.963+0000] {dag.py:3947} INFO - Setting next_dagrun for training_pipeline to 2026-08-29 00:00:00+00:00, run_after=2026-08-30 00:00:00+00:00
[2026-08-29T22:46:39.007+0000] {processor.py:183} INFO - Processing /opt/airflow/dags/training_pipeline_dag.py took 2.070 seconds
[2026-08-29T22:47:09.330+0000] {processor.py:161} INFO - Started process (PID=810) to work on /opt/airflow/dags/training_pipeline_dag.py
[2026-08-29T22:47:09.332+0000] {processor.py:830} INFO - Processing file /opt/airflow/dags/training_pipeline_dag.py for tasks to queue
[2026-08-29T22:47:09.336+0000] {logging_mixin.py:188} INFO - [2026-08-29T22:47:09.335+0000] {dagbag.py:545} INFO - Filling up the DagBag from /opt/airflow/dags/training_pipeline_dag.py
[2026-08-29T22:47:11.141+0000] {processor.py:840} INFO - DAG(s) 'training_pipeline' retrieved from /opt/airflow/dags/training_pipeline_dag.py
[2026-08-29T22:47:11.244+0000] {logging_mixin.py:188} INFO - [2026-08-29T22:47:11.244+0000] {dag.py:3089} INFO - Sync 1 DAGs
[2026-08-29T22:47:11.292+0000] {logging_mixin.py:188} INFO - [2026-08-29T22:47:11.291+0000] {dag.py:3947} INFO - Setting next_dagrun for training_pipeline to 2026-08-29 00:00:00+00:00, run_after=2026-08-30 00:00:00+00:00
[2026-08-29T22:47:11.405+0000] {processor.py:183} INFO - Processing /opt/airflow/dags/training_pipeline_dag.py took 2.090 seconds
