[2026-08-08T18:38:57.129+0000] {processor.py:161} INFO - Started process (PID=167) to work on /opt/airflow/dags/feature_pipeline_dag.py
[2026-08-08T18:38:57.133+0000] {processor.py:830} INFO - Processing file /opt/airflow/dags/feature_pipeline_dag.py for tasks to queue
[2026-08-08T18:38:57.162+0000] {logging_mixin.py:188} INFO - [2026-08-08T18:38:57.143+0000] {dagbag.py:545} INFO - Filling up the DagBag from /opt/airflow/dags/feature_pipeline_dag.py
[2026-08-08T18:39:25.455+0000] {logging_mixin.py:188} INFO - [2026-08-08T18:39:25.454+0000] {timeout.py:68} ERROR - Process timed out, PID: 167
[2026-08-08T18:39:25.478+0000] {logging_mixin.py:188} WARNING - Exception ignored in: <bound method _MultipleClassMarker._remove_item of <sqlalchemy.orm.clsregistry._MultipleClassMarker object at 0x72f3b1b78c40>>
[2026-08-08T18:39:25.483+0000] {logging_mixin.py:188} WARNING - Traceback (most recent call last):
[2026-08-08T18:39:25.484+0000] {logging_mixin.py:188} WARNING -   File "/home/airflow/.local/lib/python3.11/site-packages/sqlalchemy/orm/clsregistry.py", line 157, in _remove_item
[2026-08-08T18:39:25.487+0000] {logging_mixin.py:188} WARNING -     def _remove_item(self, ref):
[2026-08-08T18:39:25.489+0000] {logging_mixin.py:188} WARNING -   File "/home/airflow/.local/lib/python3.11/site-packages/airflow/utils/timeout.py", line 69, in handle_timeout
[2026-08-08T18:39:25.491+0000] {logging_mixin.py:188} WARNING -     raise AirflowTaskTimeout(self.error_message)
[2026-08-08T18:39:25.492+0000] {logging_mixin.py:188} WARNING - airflow.exceptions.AirflowTaskTimeout: DagBag import timeout for /opt/airflow/dags/feature_pipeline_dag.py after 30.0s.
Please take a look at these docs to improve your DAG import time:
* https://airflow.apache.org/docs/apache-airflow/2.9.3/best-practices.html#top-level-python-code
* https://airflow.apache.org/docs/apache-airflow/2.9.3/best-practices.html#reducing-dag-complexity, PID: 167
[2026-08-08T18:39:32.276+0000] {processor.py:840} INFO - DAG(s) 'feature_pipeline' retrieved from /opt/airflow/dags/feature_pipeline_dag.py
[2026-08-08T18:39:33.153+0000] {logging_mixin.py:188} INFO - [2026-08-08T18:39:33.152+0000] {dag.py:3089} INFO - Sync 1 DAGs
[2026-08-08T18:39:33.286+0000] {logging_mixin.py:188} INFO - [2026-08-08T18:39:33.286+0000] {dag.py:3947} INFO - Setting next_dagrun for feature_pipeline to 2026-08-08 18:00:00+00:00, run_after=2026-08-08 19:00:00+00:00
[2026-08-08T18:39:33.476+0000] {processor.py:183} INFO - Processing /opt/airflow/dags/feature_pipeline_dag.py took 38.929 seconds
[2026-08-08T18:40:03.900+0000] {processor.py:161} INFO - Started process (PID=192) to work on /opt/airflow/dags/feature_pipeline_dag.py
[2026-08-08T18:40:03.903+0000] {processor.py:830} INFO - Processing file /opt/airflow/dags/feature_pipeline_dag.py for tasks to queue
[2026-08-08T18:40:03.906+0000] {logging_mixin.py:188} INFO - [2026-08-08T18:40:03.905+0000] {dagbag.py:545} INFO - Filling up the DagBag from /opt/airflow/dags/feature_pipeline_dag.py
[2026-08-08T18:40:07.112+0000] {processor.py:840} INFO - DAG(s) 'feature_pipeline' retrieved from /opt/airflow/dags/feature_pipeline_dag.py
[2026-08-08T18:40:07.243+0000] {logging_mixin.py:188} INFO - [2026-08-08T18:40:07.242+0000] {dag.py:3089} INFO - Sync 1 DAGs
[2026-08-08T18:40:07.323+0000] {logging_mixin.py:188} INFO - [2026-08-08T18:40:07.322+0000] {dag.py:3947} INFO - Setting next_dagrun for feature_pipeline to 2026-08-08 18:00:00+00:00, run_after=2026-08-08 19:00:00+00:00
[2026-08-08T18:40:07.372+0000] {processor.py:183} INFO - Processing /opt/airflow/dags/feature_pipeline_dag.py took 3.490 seconds
[2026-08-08T18:40:39.715+0000] {processor.py:161} INFO - Started process (PID=204) to work on /opt/airflow/dags/feature_pipeline_dag.py
[2026-08-08T18:40:39.958+0000] {processor.py:830} INFO - Processing file /opt/airflow/dags/feature_pipeline_dag.py for tasks to queue
[2026-08-08T18:40:39.961+0000] {logging_mixin.py:188} INFO - [2026-08-08T18:40:39.960+0000] {dagbag.py:545} INFO - Filling up the DagBag from /opt/airflow/dags/feature_pipeline_dag.py
[2026-08-08T18:40:48.020+0000] {processor.py:840} INFO - DAG(s) 'feature_pipeline' retrieved from /opt/airflow/dags/feature_pipeline_dag.py
[2026-08-08T18:40:49.265+0000] {logging_mixin.py:188} INFO - [2026-08-08T18:40:49.262+0000] {dag.py:3089} INFO - Sync 1 DAGs
[2026-08-08T18:40:49.312+0000] {logging_mixin.py:188} INFO - [2026-08-08T18:40:49.312+0000] {dag.py:3947} INFO - Setting next_dagrun for feature_pipeline to 2026-08-08 18:00:00+00:00, run_after=2026-08-08 19:00:00+00:00
[2026-08-08T18:40:49.370+0000] {processor.py:183} INFO - Processing /opt/airflow/dags/feature_pipeline_dag.py took 7.576 seconds
[2026-08-08T18:41:19.701+0000] {processor.py:161} INFO - Started process (PID=216) to work on /opt/airflow/dags/feature_pipeline_dag.py
[2026-08-08T18:41:19.704+0000] {processor.py:830} INFO - Processing file /opt/airflow/dags/feature_pipeline_dag.py for tasks to queue
[2026-08-08T18:41:19.707+0000] {logging_mixin.py:188} INFO - [2026-08-08T18:41:19.706+0000] {dagbag.py:545} INFO - Filling up the DagBag from /opt/airflow/dags/feature_pipeline_dag.py
[2026-08-08T18:41:21.890+0000] {processor.py:840} INFO - DAG(s) 'feature_pipeline' retrieved from /opt/airflow/dags/feature_pipeline_dag.py
[2026-08-08T18:41:21.945+0000] {logging_mixin.py:188} INFO - [2026-08-08T18:41:21.944+0000] {dag.py:3089} INFO - Sync 1 DAGs
[2026-08-08T18:41:21.987+0000] {logging_mixin.py:188} INFO - [2026-08-08T18:41:21.986+0000] {dag.py:3947} INFO - Setting next_dagrun for feature_pipeline to 2026-08-08 18:00:00+00:00, run_after=2026-08-08 19:00:00+00:00
[2026-08-08T18:41:22.030+0000] {processor.py:183} INFO - Processing /opt/airflow/dags/feature_pipeline_dag.py took 2.345 seconds
[2026-08-08T18:41:52.222+0000] {processor.py:161} INFO - Started process (PID=228) to work on /opt/airflow/dags/feature_pipeline_dag.py
[2026-08-08T18:41:52.224+0000] {processor.py:830} INFO - Processing file /opt/airflow/dags/feature_pipeline_dag.py for tasks to queue
[2026-08-08T18:41:52.227+0000] {logging_mixin.py:188} INFO - [2026-08-08T18:41:52.226+0000] {dagbag.py:545} INFO - Filling up the DagBag from /opt/airflow/dags/feature_pipeline_dag.py
[2026-08-08T18:41:54.026+0000] {processor.py:840} INFO - DAG(s) 'feature_pipeline' retrieved from /opt/airflow/dags/feature_pipeline_dag.py
[2026-08-08T18:41:54.078+0000] {logging_mixin.py:188} INFO - [2026-08-08T18:41:54.077+0000] {dag.py:3089} INFO - Sync 1 DAGs
[2026-08-08T18:41:54.120+0000] {logging_mixin.py:188} INFO - [2026-08-08T18:41:54.120+0000] {dag.py:3947} INFO - Setting next_dagrun for feature_pipeline to 2026-08-08 18:00:00+00:00, run_after=2026-08-08 19:00:00+00:00
[2026-08-08T18:41:54.159+0000] {processor.py:183} INFO - Processing /opt/airflow/dags/feature_pipeline_dag.py took 1.954 seconds
[2026-08-08T18:42:24.823+0000] {processor.py:161} INFO - Started process (PID=240) to work on /opt/airflow/dags/feature_pipeline_dag.py
[2026-08-08T18:42:24.826+0000] {processor.py:830} INFO - Processing file /opt/airflow/dags/feature_pipeline_dag.py for tasks to queue
[2026-08-08T18:42:24.829+0000] {logging_mixin.py:188} INFO - [2026-08-08T18:42:24.828+0000] {dagbag.py:545} INFO - Filling up the DagBag from /opt/airflow/dags/feature_pipeline_dag.py
[2026-08-08T18:42:26.894+0000] {processor.py:840} INFO - DAG(s) 'feature_pipeline' retrieved from /opt/airflow/dags/feature_pipeline_dag.py
[2026-08-08T18:42:26.955+0000] {logging_mixin.py:188} INFO - [2026-08-08T18:42:26.954+0000] {dag.py:3089} INFO - Sync 1 DAGs
[2026-08-08T18:42:26.999+0000] {logging_mixin.py:188} INFO - [2026-08-08T18:42:26.998+0000] {dag.py:3947} INFO - Setting next_dagrun for feature_pipeline to 2026-08-08 18:00:00+00:00, run_after=2026-08-08 19:00:00+00:00
[2026-08-08T18:42:27.219+0000] {processor.py:183} INFO - Processing /opt/airflow/dags/feature_pipeline_dag.py took 2.418 seconds
[2026-08-08T18:42:58.071+0000] {processor.py:161} INFO - Started process (PID=252) to work on /opt/airflow/dags/feature_pipeline_dag.py
[2026-08-08T18:42:58.073+0000] {processor.py:830} INFO - Processing file /opt/airflow/dags/feature_pipeline_dag.py for tasks to queue
[2026-08-08T18:42:58.076+0000] {logging_mixin.py:188} INFO - [2026-08-08T18:42:58.075+0000] {dagbag.py:545} INFO - Filling up the DagBag from /opt/airflow/dags/feature_pipeline_dag.py
[2026-08-08T18:42:59.719+0000] {processor.py:840} INFO - DAG(s) 'feature_pipeline' retrieved from /opt/airflow/dags/feature_pipeline_dag.py
[2026-08-08T18:42:59.785+0000] {logging_mixin.py:188} INFO - [2026-08-08T18:42:59.784+0000] {dag.py:3089} INFO - Sync 1 DAGs
[2026-08-08T18:43:01.243+0000] {logging_mixin.py:188} INFO - [2026-08-08T18:43:01.243+0000] {dag.py:3947} INFO - Setting next_dagrun for feature_pipeline to 2026-08-08 18:00:00+00:00, run_after=2026-08-08 19:00:00+00:00
[2026-08-08T18:43:01.307+0000] {processor.py:183} INFO - Processing /opt/airflow/dags/feature_pipeline_dag.py took 3.251 seconds
[2026-08-08T18:43:28.345+0000] {processor.py:161} INFO - Started process (PID=264) to work on /opt/airflow/dags/feature_pipeline_dag.py
[2026-08-08T18:43:28.348+0000] {processor.py:830} INFO - Processing file /opt/airflow/dags/feature_pipeline_dag.py for tasks to queue
[2026-08-08T18:43:28.350+0000] {logging_mixin.py:188} INFO - [2026-08-08T18:43:28.349+0000] {dagbag.py:545} INFO - Filling up the DagBag from /opt/airflow/dags/feature_pipeline_dag.py
[2026-08-08T18:43:29.920+0000] {processor.py:840} INFO - DAG(s) 'feature_pipeline' retrieved from /opt/airflow/dags/feature_pipeline_dag.py
[2026-08-08T18:43:30.528+0000] {logging_mixin.py:188} INFO - [2026-08-08T18:43:30.527+0000] {dag.py:3089} INFO - Sync 1 DAGs
[2026-08-08T18:43:30.604+0000] {logging_mixin.py:188} INFO - [2026-08-08T18:43:30.604+0000] {dag.py:3947} INFO - Setting next_dagrun for feature_pipeline to 2026-08-08 18:00:00+00:00, run_after=2026-08-08 19:00:00+00:00
[2026-08-08T18:43:30.651+0000] {processor.py:183} INFO - Processing /opt/airflow/dags/feature_pipeline_dag.py took 2.322 seconds
[2026-08-08T18:44:03.122+0000] {processor.py:161} INFO - Started process (PID=276) to work on /opt/airflow/dags/feature_pipeline_dag.py
[2026-08-08T18:44:03.124+0000] {processor.py:830} INFO - Processing file /opt/airflow/dags/feature_pipeline_dag.py for tasks to queue
[2026-08-08T18:44:03.126+0000] {logging_mixin.py:188} INFO - [2026-08-08T18:44:03.126+0000] {dagbag.py:545} INFO - Filling up the DagBag from /opt/airflow/dags/feature_pipeline_dag.py
[2026-08-08T18:44:07.342+0000] {processor.py:840} INFO - DAG(s) 'feature_pipeline' retrieved from /opt/airflow/dags/feature_pipeline_dag.py
[2026-08-08T18:44:08.076+0000] {logging_mixin.py:188} INFO - [2026-08-08T18:44:08.075+0000] {dag.py:3089} INFO - Sync 1 DAGs
[2026-08-08T18:44:08.118+0000] {logging_mixin.py:188} INFO - [2026-08-08T18:44:08.117+0000] {dag.py:3947} INFO - Setting next_dagrun for feature_pipeline to 2026-08-08 18:00:00+00:00, run_after=2026-08-08 19:00:00+00:00
[2026-08-08T18:44:08.164+0000] {processor.py:183} INFO - Processing /opt/airflow/dags/feature_pipeline_dag.py took 5.057 seconds
[2026-08-08T18:44:38.666+0000] {processor.py:161} INFO - Started process (PID=288) to work on /opt/airflow/dags/feature_pipeline_dag.py
[2026-08-08T18:44:38.669+0000] {processor.py:830} INFO - Processing file /opt/airflow/dags/feature_pipeline_dag.py for tasks to queue
[2026-08-08T18:44:38.671+0000] {logging_mixin.py:188} INFO - [2026-08-08T18:44:38.671+0000] {dagbag.py:545} INFO - Filling up the DagBag from /opt/airflow/dags/feature_pipeline_dag.py
[2026-08-08T18:44:40.628+0000] {processor.py:840} INFO - DAG(s) 'feature_pipeline' retrieved from /opt/airflow/dags/feature_pipeline_dag.py
[2026-08-08T18:44:40.764+0000] {logging_mixin.py:188} INFO - [2026-08-08T18:44:40.763+0000] {dag.py:3089} INFO - Sync 1 DAGs
[2026-08-08T18:44:40.862+0000] {logging_mixin.py:188} INFO - [2026-08-08T18:44:40.861+0000] {dag.py:3947} INFO - Setting next_dagrun for feature_pipeline to 2026-08-08 18:00:00+00:00, run_after=2026-08-08 19:00:00+00:00
[2026-08-08T18:44:40.899+0000] {processor.py:183} INFO - Processing /opt/airflow/dags/feature_pipeline_dag.py took 2.251 seconds
[2026-08-08T18:45:11.672+0000] {processor.py:161} INFO - Started process (PID=300) to work on /opt/airflow/dags/feature_pipeline_dag.py
[2026-08-08T18:45:11.676+0000] {processor.py:830} INFO - Processing file /opt/airflow/dags/feature_pipeline_dag.py for tasks to queue
[2026-08-08T18:45:11.680+0000] {logging_mixin.py:188} INFO - [2026-08-08T18:45:11.678+0000] {dagbag.py:545} INFO - Filling up the DagBag from /opt/airflow/dags/feature_pipeline_dag.py
[2026-08-08T18:45:13.150+0000] {processor.py:840} INFO - DAG(s) 'feature_pipeline' retrieved from /opt/airflow/dags/feature_pipeline_dag.py
[2026-08-08T18:45:13.208+0000] {logging_mixin.py:188} INFO - [2026-08-08T18:45:13.207+0000] {dag.py:3089} INFO - Sync 1 DAGs
[2026-08-08T18:45:13.254+0000] {logging_mixin.py:188} INFO - [2026-08-08T18:45:13.254+0000] {dag.py:3947} INFO - Setting next_dagrun for feature_pipeline to 2026-08-08 18:00:00+00:00, run_after=2026-08-08 19:00:00+00:00
[2026-08-08T18:45:13.554+0000] {processor.py:183} INFO - Processing /opt/airflow/dags/feature_pipeline_dag.py took 1.900 seconds
[2026-08-08T18:45:44.227+0000] {processor.py:161} INFO - Started process (PID=312) to work on /opt/airflow/dags/feature_pipeline_dag.py
[2026-08-08T18:45:44.230+0000] {processor.py:830} INFO - Processing file /opt/airflow/dags/feature_pipeline_dag.py for tasks to queue
[2026-08-08T18:45:44.232+0000] {logging_mixin.py:188} INFO - [2026-08-08T18:45:44.231+0000] {dagbag.py:545} INFO - Filling up the DagBag from /opt/airflow/dags/feature_pipeline_dag.py
[2026-08-08T18:45:45.779+0000] {processor.py:840} INFO - DAG(s) 'feature_pipeline' retrieved from /opt/airflow/dags/feature_pipeline_dag.py
[2026-08-08T18:45:45.840+0000] {logging_mixin.py:188} INFO - [2026-08-08T18:45:45.838+0000] {dag.py:3089} INFO - Sync 1 DAGs
[2026-08-08T18:45:46.275+0000] {logging_mixin.py:188} INFO - [2026-08-08T18:45:46.274+0000] {dag.py:3947} INFO - Setting next_dagrun for feature_pipeline to 2026-08-08 18:00:00+00:00, run_after=2026-08-08 19:00:00+00:00
[2026-08-08T18:45:46.313+0000] {processor.py:183} INFO - Processing /opt/airflow/dags/feature_pipeline_dag.py took 2.105 seconds
[2026-08-08T18:46:17.333+0000] {processor.py:161} INFO - Started process (PID=324) to work on /opt/airflow/dags/feature_pipeline_dag.py
[2026-08-08T18:46:17.336+0000] {processor.py:830} INFO - Processing file /opt/airflow/dags/feature_pipeline_dag.py for tasks to queue
[2026-08-08T18:46:17.338+0000] {logging_mixin.py:188} INFO - [2026-08-08T18:46:17.337+0000] {dagbag.py:545} INFO - Filling up the DagBag from /opt/airflow/dags/feature_pipeline_dag.py
[2026-08-08T18:46:18.963+0000] {processor.py:840} INFO - DAG(s) 'feature_pipeline' retrieved from /opt/airflow/dags/feature_pipeline_dag.py
[2026-08-08T18:46:19.028+0000] {logging_mixin.py:188} INFO - [2026-08-08T18:46:19.025+0000] {dag.py:3089} INFO - Sync 1 DAGs
[2026-08-08T18:46:19.397+0000] {logging_mixin.py:188} INFO - [2026-08-08T18:46:19.397+0000] {dag.py:3947} INFO - Setting next_dagrun for feature_pipeline to 2026-08-08 18:00:00+00:00, run_after=2026-08-08 19:00:00+00:00
[2026-08-08T18:46:19.505+0000] {processor.py:183} INFO - Processing /opt/airflow/dags/feature_pipeline_dag.py took 2.188 seconds
[2026-08-08T18:46:49.938+0000] {processor.py:161} INFO - Started process (PID=336) to work on /opt/airflow/dags/feature_pipeline_dag.py
[2026-08-08T18:46:49.941+0000] {processor.py:830} INFO - Processing file /opt/airflow/dags/feature_pipeline_dag.py for tasks to queue
[2026-08-08T18:46:49.943+0000] {logging_mixin.py:188} INFO - [2026-08-08T18:46:49.942+0000] {dagbag.py:545} INFO - Filling up the DagBag from /opt/airflow/dags/feature_pipeline_dag.py
[2026-08-08T18:46:51.473+0000] {processor.py:840} INFO - DAG(s) 'feature_pipeline' retrieved from /opt/airflow/dags/feature_pipeline_dag.py
[2026-08-08T18:46:52.171+0000] {logging_mixin.py:188} INFO - [2026-08-08T18:46:52.167+0000] {dag.py:3089} INFO - Sync 1 DAGs
[2026-08-08T18:46:52.281+0000] {logging_mixin.py:188} INFO - [2026-08-08T18:46:52.280+0000] {dag.py:3947} INFO - Setting next_dagrun for feature_pipeline to 2026-08-08 18:00:00+00:00, run_after=2026-08-08 19:00:00+00:00
[2026-08-08T18:46:52.345+0000] {processor.py:183} INFO - Processing /opt/airflow/dags/feature_pipeline_dag.py took 2.423 seconds
[2026-08-08T18:47:23.099+0000] {processor.py:161} INFO - Started process (PID=348) to work on /opt/airflow/dags/feature_pipeline_dag.py
[2026-08-08T18:47:23.103+0000] {processor.py:830} INFO - Processing file /opt/airflow/dags/feature_pipeline_dag.py for tasks to queue
[2026-08-08T18:47:23.106+0000] {logging_mixin.py:188} INFO - [2026-08-08T18:47:23.105+0000] {dagbag.py:545} INFO - Filling up the DagBag from /opt/airflow/dags/feature_pipeline_dag.py
[2026-08-08T18:47:24.881+0000] {processor.py:840} INFO - DAG(s) 'feature_pipeline' retrieved from /opt/airflow/dags/feature_pipeline_dag.py
[2026-08-08T18:47:24.924+0000] {logging_mixin.py:188} INFO - [2026-08-08T18:47:24.924+0000] {dag.py:3089} INFO - Sync 1 DAGs
[2026-08-08T18:47:24.960+0000] {logging_mixin.py:188} INFO - [2026-08-08T18:47:24.960+0000] {dag.py:3947} INFO - Setting next_dagrun for feature_pipeline to 2026-08-08 18:00:00+00:00, run_after=2026-08-08 19:00:00+00:00
[2026-08-08T18:47:24.992+0000] {processor.py:183} INFO - Processing /opt/airflow/dags/feature_pipeline_dag.py took 1.917 seconds
[2026-08-08T18:47:57.081+0000] {processor.py:161} INFO - Started process (PID=360) to work on /opt/airflow/dags/feature_pipeline_dag.py
[2026-08-08T18:47:57.084+0000] {processor.py:830} INFO - Processing file /opt/airflow/dags/feature_pipeline_dag.py for tasks to queue
[2026-08-08T18:47:57.087+0000] {logging_mixin.py:188} INFO - [2026-08-08T18:47:57.086+0000] {dagbag.py:545} INFO - Filling up the DagBag from /opt/airflow/dags/feature_pipeline_dag.py
[2026-08-08T18:47:53.949+0000] {processor.py:840} INFO - DAG(s) 'feature_pipeline' retrieved from /opt/airflow/dags/feature_pipeline_dag.py
[2026-08-08T18:47:54.158+0000] {logging_mixin.py:188} INFO - [2026-08-08T18:47:54.157+0000] {dag.py:3089} INFO - Sync 1 DAGs
[2026-08-08T18:47:54.375+0000] {logging_mixin.py:188} INFO - [2026-08-08T18:47:54.374+0000] {dag.py:3947} INFO - Setting next_dagrun for feature_pipeline to 2026-08-08 18:00:00+00:00, run_after=2026-08-08 19:00:00+00:00
[2026-08-08T18:47:54.451+0000] {processor.py:183} INFO - Processing /opt/airflow/dags/feature_pipeline_dag.py took 2.166 seconds
[2026-08-08T18:48:22.504+0000] {processor.py:161} INFO - Started process (PID=372) to work on /opt/airflow/dags/feature_pipeline_dag.py
[2026-08-08T18:48:22.508+0000] {processor.py:830} INFO - Processing file /opt/airflow/dags/feature_pipeline_dag.py for tasks to queue
[2026-08-08T18:48:22.511+0000] {logging_mixin.py:188} INFO - [2026-08-08T18:48:22.509+0000] {dagbag.py:545} INFO - Filling up the DagBag from /opt/airflow/dags/feature_pipeline_dag.py
[2026-08-08T18:48:23.892+0000] {processor.py:840} INFO - DAG(s) 'feature_pipeline' retrieved from /opt/airflow/dags/feature_pipeline_dag.py
[2026-08-08T18:48:24.051+0000] {logging_mixin.py:188} INFO - [2026-08-08T18:48:24.050+0000] {dag.py:3089} INFO - Sync 1 DAGs
[2026-08-08T18:48:24.186+0000] {logging_mixin.py:188} INFO - [2026-08-08T18:48:24.186+0000] {dag.py:3947} INFO - Setting next_dagrun for feature_pipeline to 2026-08-08 18:00:00+00:00, run_after=2026-08-08 19:00:00+00:00
[2026-08-08T18:48:25.943+0000] {processor.py:183} INFO - Processing /opt/airflow/dags/feature_pipeline_dag.py took 3.467 seconds
[2026-08-08T18:48:57.047+0000] {processor.py:161} INFO - Started process (PID=384) to work on /opt/airflow/dags/feature_pipeline_dag.py
[2026-08-08T18:48:57.050+0000] {processor.py:830} INFO - Processing file /opt/airflow/dags/feature_pipeline_dag.py for tasks to queue
[2026-08-08T18:48:57.053+0000] {logging_mixin.py:188} INFO - [2026-08-08T18:48:57.052+0000] {dagbag.py:545} INFO - Filling up the DagBag from /opt/airflow/dags/feature_pipeline_dag.py
[2026-08-08T18:48:58.702+0000] {processor.py:840} INFO - DAG(s) 'feature_pipeline' retrieved from /opt/airflow/dags/feature_pipeline_dag.py
[2026-08-08T18:48:58.769+0000] {logging_mixin.py:188} INFO - [2026-08-08T18:48:58.768+0000] {dag.py:3089} INFO - Sync 1 DAGs
[2026-08-08T18:48:59.235+0000] {logging_mixin.py:188} INFO - [2026-08-08T18:48:59.235+0000] {dag.py:3947} INFO - Setting next_dagrun for feature_pipeline to 2026-08-08 18:00:00+00:00, run_after=2026-08-08 19:00:00+00:00
[2026-08-08T18:48:59.298+0000] {processor.py:183} INFO - Processing /opt/airflow/dags/feature_pipeline_dag.py took 2.268 seconds
[2026-08-08T18:49:32.454+0000] {processor.py:161} INFO - Started process (PID=396) to work on /opt/airflow/dags/feature_pipeline_dag.py
[2026-08-08T18:49:32.456+0000] {processor.py:830} INFO - Processing file /opt/airflow/dags/feature_pipeline_dag.py for tasks to queue
[2026-08-08T18:49:32.458+0000] {logging_mixin.py:188} INFO - [2026-08-08T18:49:32.457+0000] {dagbag.py:545} INFO - Filling up the DagBag from /opt/airflow/dags/feature_pipeline_dag.py
[2026-08-08T18:49:28.957+0000] {processor.py:840} INFO - DAG(s) 'feature_pipeline' retrieved from /opt/airflow/dags/feature_pipeline_dag.py
[2026-08-08T18:49:29.344+0000] {logging_mixin.py:188} INFO - [2026-08-08T18:49:29.032+0000] {dag.py:3089} INFO - Sync 1 DAGs
[2026-08-08T18:49:29.395+0000] {logging_mixin.py:188} INFO - [2026-08-08T18:49:29.395+0000] {dag.py:3947} INFO - Setting next_dagrun for feature_pipeline to 2026-08-08 18:00:00+00:00, run_after=2026-08-08 19:00:00+00:00
[2026-08-08T18:49:29.435+0000] {processor.py:183} INFO - Processing /opt/airflow/dags/feature_pipeline_dag.py took 1.985 seconds
[2026-08-08T18:49:59.877+0000] {processor.py:161} INFO - Started process (PID=408) to work on /opt/airflow/dags/feature_pipeline_dag.py
[2026-08-08T18:49:59.879+0000] {processor.py:830} INFO - Processing file /opt/airflow/dags/feature_pipeline_dag.py for tasks to queue
[2026-08-08T18:49:59.882+0000] {logging_mixin.py:188} INFO - [2026-08-08T18:49:59.881+0000] {dagbag.py:545} INFO - Filling up the DagBag from /opt/airflow/dags/feature_pipeline_dag.py
[2026-08-08T18:50:01.534+0000] {processor.py:840} INFO - DAG(s) 'feature_pipeline' retrieved from /opt/airflow/dags/feature_pipeline_dag.py
[2026-08-08T18:50:01.925+0000] {logging_mixin.py:188} INFO - [2026-08-08T18:50:01.924+0000] {dag.py:3089} INFO - Sync 1 DAGs
[2026-08-08T18:50:01.963+0000] {logging_mixin.py:188} INFO - [2026-08-08T18:50:01.963+0000] {dag.py:3947} INFO - Setting next_dagrun for feature_pipeline to 2026-08-08 18:00:00+00:00, run_after=2026-08-08 19:00:00+00:00
[2026-08-08T18:50:01.997+0000] {processor.py:183} INFO - Processing /opt/airflow/dags/feature_pipeline_dag.py took 2.139 seconds
[2026-08-08T18:50:32.962+0000] {processor.py:161} INFO - Started process (PID=420) to work on /opt/airflow/dags/feature_pipeline_dag.py
[2026-08-08T18:50:32.965+0000] {processor.py:830} INFO - Processing file /opt/airflow/dags/feature_pipeline_dag.py for tasks to queue
[2026-08-08T18:50:32.968+0000] {logging_mixin.py:188} INFO - [2026-08-08T18:50:32.967+0000] {dagbag.py:545} INFO - Filling up the DagBag from /opt/airflow/dags/feature_pipeline_dag.py
[2026-08-08T18:50:34.408+0000] {processor.py:840} INFO - DAG(s) 'feature_pipeline' retrieved from /opt/airflow/dags/feature_pipeline_dag.py
[2026-08-08T18:50:34.471+0000] {logging_mixin.py:188} INFO - [2026-08-08T18:50:34.470+0000] {dag.py:3089} INFO - Sync 1 DAGs
[2026-08-08T18:50:34.516+0000] {logging_mixin.py:188} INFO - [2026-08-08T18:50:34.515+0000] {dag.py:3947} INFO - Setting next_dagrun for feature_pipeline to 2026-08-08 18:00:00+00:00, run_after=2026-08-08 19:00:00+00:00
[2026-08-08T18:50:34.552+0000] {processor.py:183} INFO - Processing /opt/airflow/dags/feature_pipeline_dag.py took 1.612 seconds
[2026-08-08T18:51:02.788+0000] {processor.py:161} INFO - Started process (PID=432) to work on /opt/airflow/dags/feature_pipeline_dag.py
[2026-08-08T18:51:02.791+0000] {processor.py:830} INFO - Processing file /opt/airflow/dags/feature_pipeline_dag.py for tasks to queue
[2026-08-08T18:51:02.794+0000] {logging_mixin.py:188} INFO - [2026-08-08T18:51:02.793+0000] {dagbag.py:545} INFO - Filling up the DagBag from /opt/airflow/dags/feature_pipeline_dag.py
[2026-08-08T18:51:04.160+0000] {processor.py:840} INFO - DAG(s) 'feature_pipeline' retrieved from /opt/airflow/dags/feature_pipeline_dag.py
[2026-08-08T18:51:04.208+0000] {logging_mixin.py:188} INFO - [2026-08-08T18:51:04.207+0000] {dag.py:3089} INFO - Sync 1 DAGs
[2026-08-08T18:51:04.249+0000] {logging_mixin.py:188} INFO - [2026-08-08T18:51:04.249+0000] {dag.py:3947} INFO - Setting next_dagrun for feature_pipeline to 2026-08-08 18:00:00+00:00, run_after=2026-08-08 19:00:00+00:00
[2026-08-08T18:51:04.553+0000] {processor.py:183} INFO - Processing /opt/airflow/dags/feature_pipeline_dag.py took 1.792 seconds
[2026-08-08T18:51:35.140+0000] {processor.py:161} INFO - Started process (PID=444) to work on /opt/airflow/dags/feature_pipeline_dag.py
[2026-08-08T18:51:35.142+0000] {processor.py:830} INFO - Processing file /opt/airflow/dags/feature_pipeline_dag.py for tasks to queue
[2026-08-08T18:51:35.145+0000] {logging_mixin.py:188} INFO - [2026-08-08T18:51:35.144+0000] {dagbag.py:545} INFO - Filling up the DagBag from /opt/airflow/dags/feature_pipeline_dag.py
[2026-08-08T18:51:36.598+0000] {processor.py:840} INFO - DAG(s) 'feature_pipeline' retrieved from /opt/airflow/dags/feature_pipeline_dag.py
[2026-08-08T18:51:36.668+0000] {logging_mixin.py:188} INFO - [2026-08-08T18:51:36.666+0000] {dag.py:3089} INFO - Sync 1 DAGs
[2026-08-08T18:51:37.109+0000] {logging_mixin.py:188} INFO - [2026-08-08T18:51:37.109+0000] {dag.py:3947} INFO - Setting next_dagrun for feature_pipeline to 2026-08-08 18:00:00+00:00, run_after=2026-08-08 19:00:00+00:00
[2026-08-08T18:51:37.147+0000] {processor.py:183} INFO - Processing /opt/airflow/dags/feature_pipeline_dag.py took 2.026 seconds
[2026-08-08T18:52:07.677+0000] {processor.py:161} INFO - Started process (PID=456) to work on /opt/airflow/dags/feature_pipeline_dag.py
[2026-08-08T18:52:07.679+0000] {processor.py:830} INFO - Processing file /opt/airflow/dags/feature_pipeline_dag.py for tasks to queue
[2026-08-08T18:52:07.682+0000] {logging_mixin.py:188} INFO - [2026-08-08T18:52:07.681+0000] {dagbag.py:545} INFO - Filling up the DagBag from /opt/airflow/dags/feature_pipeline_dag.py
[2026-08-08T18:52:09.243+0000] {processor.py:840} INFO - DAG(s) 'feature_pipeline' retrieved from /opt/airflow/dags/feature_pipeline_dag.py
[2026-08-08T18:52:09.308+0000] {logging_mixin.py:188} INFO - [2026-08-08T18:52:09.307+0000] {dag.py:3089} INFO - Sync 1 DAGs
[2026-08-08T18:52:09.647+0000] {logging_mixin.py:188} INFO - [2026-08-08T18:52:09.647+0000] {dag.py:3947} INFO - Setting next_dagrun for feature_pipeline to 2026-08-08 18:00:00+00:00, run_after=2026-08-08 19:00:00+00:00
[2026-08-08T18:52:09.682+0000] {processor.py:183} INFO - Processing /opt/airflow/dags/feature_pipeline_dag.py took 2.024 seconds
[2026-08-08T18:52:43.898+0000] {processor.py:161} INFO - Started process (PID=468) to work on /opt/airflow/dags/feature_pipeline_dag.py
[2026-08-08T18:52:43.901+0000] {processor.py:830} INFO - Processing file /opt/airflow/dags/feature_pipeline_dag.py for tasks to queue
[2026-08-08T18:52:43.903+0000] {logging_mixin.py:188} INFO - [2026-08-08T18:52:43.902+0000] {dagbag.py:545} INFO - Filling up the DagBag from /opt/airflow/dags/feature_pipeline_dag.py
[2026-08-08T18:52:40.844+0000] {processor.py:840} INFO - DAG(s) 'feature_pipeline' retrieved from /opt/airflow/dags/feature_pipeline_dag.py
[2026-08-08T18:52:41.239+0000] {logging_mixin.py:188} INFO - [2026-08-08T18:52:40.911+0000] {dag.py:3089} INFO - Sync 1 DAGs
[2026-08-08T18:52:41.284+0000] {logging_mixin.py:188} INFO - [2026-08-08T18:52:41.283+0000] {dag.py:3947} INFO - Setting next_dagrun for feature_pipeline to 2026-08-08 18:00:00+00:00, run_after=2026-08-08 19:00:00+00:00
[2026-08-08T18:52:41.322+0000] {processor.py:183} INFO - Processing /opt/airflow/dags/feature_pipeline_dag.py took 2.191 seconds
[2026-08-08T18:53:11.748+0000] {processor.py:161} INFO - Started process (PID=480) to work on /opt/airflow/dags/feature_pipeline_dag.py
[2026-08-08T18:53:11.751+0000] {processor.py:830} INFO - Processing file /opt/airflow/dags/feature_pipeline_dag.py for tasks to queue
[2026-08-08T18:53:11.754+0000] {logging_mixin.py:188} INFO - [2026-08-08T18:53:11.753+0000] {dagbag.py:545} INFO - Filling up the DagBag from /opt/airflow/dags/feature_pipeline_dag.py
[2026-08-08T18:53:13.458+0000] {processor.py:840} INFO - DAG(s) 'feature_pipeline' retrieved from /opt/airflow/dags/feature_pipeline_dag.py
[2026-08-08T18:53:14.225+0000] {logging_mixin.py:188} INFO - [2026-08-08T18:53:14.224+0000] {dag.py:3089} INFO - Sync 1 DAGs
[2026-08-08T18:53:14.269+0000] {logging_mixin.py:188} INFO - [2026-08-08T18:53:14.269+0000] {dag.py:3947} INFO - Setting next_dagrun for feature_pipeline to 2026-08-08 18:00:00+00:00, run_after=2026-08-08 19:00:00+00:00
[2026-08-08T18:53:14.309+0000] {processor.py:183} INFO - Processing /opt/airflow/dags/feature_pipeline_dag.py took 2.583 seconds
[2026-08-08T18:53:44.815+0000] {processor.py:161} INFO - Started process (PID=492) to work on /opt/airflow/dags/feature_pipeline_dag.py
[2026-08-08T18:53:44.818+0000] {processor.py:830} INFO - Processing file /opt/airflow/dags/feature_pipeline_dag.py for tasks to queue
[2026-08-08T18:53:44.820+0000] {logging_mixin.py:188} INFO - [2026-08-08T18:53:44.819+0000] {dagbag.py:545} INFO - Filling up the DagBag from /opt/airflow/dags/feature_pipeline_dag.py
[2026-08-08T18:53:46.471+0000] {processor.py:840} INFO - DAG(s) 'feature_pipeline' retrieved from /opt/airflow/dags/feature_pipeline_dag.py
[2026-08-08T18:53:46.570+0000] {logging_mixin.py:188} INFO - [2026-08-08T18:53:46.569+0000] {dag.py:3089} INFO - Sync 1 DAGs
[2026-08-08T18:53:46.615+0000] {logging_mixin.py:188} INFO - [2026-08-08T18:53:46.615+0000] {dag.py:3947} INFO - Setting next_dagrun for feature_pipeline to 2026-08-08 18:00:00+00:00, run_after=2026-08-08 19:00:00+00:00
[2026-08-08T18:53:46.657+0000] {processor.py:183} INFO - Processing /opt/airflow/dags/feature_pipeline_dag.py took 1.864 seconds
[2026-08-08T18:54:17.694+0000] {processor.py:161} INFO - Started process (PID=504) to work on /opt/airflow/dags/feature_pipeline_dag.py
[2026-08-08T18:54:17.697+0000] {processor.py:830} INFO - Processing file /opt/airflow/dags/feature_pipeline_dag.py for tasks to queue
[2026-08-08T18:54:17.700+0000] {logging_mixin.py:188} INFO - [2026-08-08T18:54:17.699+0000] {dagbag.py:545} INFO - Filling up the DagBag from /opt/airflow/dags/feature_pipeline_dag.py
[2026-08-08T18:54:19.413+0000] {processor.py:840} INFO - DAG(s) 'feature_pipeline' retrieved from /opt/airflow/dags/feature_pipeline_dag.py
[2026-08-08T18:54:19.478+0000] {logging_mixin.py:188} INFO - [2026-08-08T18:54:19.477+0000] {dag.py:3089} INFO - Sync 1 DAGs
[2026-08-08T18:54:19.537+0000] {logging_mixin.py:188} INFO - [2026-08-08T18:54:19.537+0000] {dag.py:3947} INFO - Setting next_dagrun for feature_pipeline to 2026-08-08 18:00:00+00:00, run_after=2026-08-08 19:00:00+00:00
[2026-08-08T18:54:20.182+0000] {processor.py:183} INFO - Processing /opt/airflow/dags/feature_pipeline_dag.py took 2.508 seconds
[2026-08-08T18:54:50.575+0000] {processor.py:161} INFO - Started process (PID=516) to work on /opt/airflow/dags/feature_pipeline_dag.py
[2026-08-08T18:54:50.579+0000] {processor.py:830} INFO - Processing file /opt/airflow/dags/feature_pipeline_dag.py for tasks to queue
[2026-08-08T18:54:50.581+0000] {logging_mixin.py:188} INFO - [2026-08-08T18:54:50.580+0000] {dagbag.py:545} INFO - Filling up the DagBag from /opt/airflow/dags/feature_pipeline_dag.py
[2026-08-08T18:54:52.235+0000] {processor.py:840} INFO - DAG(s) 'feature_pipeline' retrieved from /opt/airflow/dags/feature_pipeline_dag.py
[2026-08-08T18:54:52.306+0000] {logging_mixin.py:188} INFO - [2026-08-08T18:54:52.305+0000] {dag.py:3089} INFO - Sync 1 DAGs
[2026-08-08T18:54:52.969+0000] {logging_mixin.py:188} INFO - [2026-08-08T18:54:52.968+0000] {dag.py:3947} INFO - Setting next_dagrun for feature_pipeline to 2026-08-08 18:00:00+00:00, run_after=2026-08-08 19:00:00+00:00
[2026-08-08T18:54:53.010+0000] {processor.py:183} INFO - Processing /opt/airflow/dags/feature_pipeline_dag.py took 2.468 seconds
[2026-08-08T18:55:23.532+0000] {processor.py:161} INFO - Started process (PID=528) to work on /opt/airflow/dags/feature_pipeline_dag.py
[2026-08-08T18:55:23.535+0000] {processor.py:830} INFO - Processing file /opt/airflow/dags/feature_pipeline_dag.py for tasks to queue
[2026-08-08T18:55:23.537+0000] {logging_mixin.py:188} INFO - [2026-08-08T18:55:23.536+0000] {dagbag.py:545} INFO - Filling up the DagBag from /opt/airflow/dags/feature_pipeline_dag.py
[2026-08-08T18:55:25.136+0000] {processor.py:840} INFO - DAG(s) 'feature_pipeline' retrieved from /opt/airflow/dags/feature_pipeline_dag.py
[2026-08-08T18:55:25.575+0000] {logging_mixin.py:188} INFO - [2026-08-08T18:55:25.206+0000] {dag.py:3089} INFO - Sync 1 DAGs
[2026-08-08T18:55:25.617+0000] {logging_mixin.py:188} INFO - [2026-08-08T18:55:25.617+0000] {dag.py:3947} INFO - Setting next_dagrun for feature_pipeline to 2026-08-08 18:00:00+00:00, run_after=2026-08-08 19:00:00+00:00
[2026-08-08T18:55:25.656+0000] {processor.py:183} INFO - Processing /opt/airflow/dags/feature_pipeline_dag.py took 2.144 seconds
[2026-08-08T18:55:57.756+0000] {processor.py:161} INFO - Started process (PID=540) to work on /opt/airflow/dags/feature_pipeline_dag.py
[2026-08-08T18:55:57.759+0000] {processor.py:830} INFO - Processing file /opt/airflow/dags/feature_pipeline_dag.py for tasks to queue
[2026-08-08T18:55:57.761+0000] {logging_mixin.py:188} INFO - [2026-08-08T18:55:57.760+0000] {dagbag.py:545} INFO - Filling up the DagBag from /opt/airflow/dags/feature_pipeline_dag.py
[2026-08-08T18:55:54.540+0000] {processor.py:840} INFO - DAG(s) 'feature_pipeline' retrieved from /opt/airflow/dags/feature_pipeline_dag.py
[2026-08-08T18:55:54.994+0000] {logging_mixin.py:188} INFO - [2026-08-08T18:55:54.993+0000] {dag.py:3089} INFO - Sync 1 DAGs
[2026-08-08T18:55:55.035+0000] {logging_mixin.py:188} INFO - [2026-08-08T18:55:55.035+0000] {dag.py:3947} INFO - Setting next_dagrun for feature_pipeline to 2026-08-08 18:00:00+00:00, run_after=2026-08-08 19:00:00+00:00
[2026-08-08T18:55:55.074+0000] {processor.py:183} INFO - Processing /opt/airflow/dags/feature_pipeline_dag.py took 2.131 seconds
[2026-08-08T18:56:25.668+0000] {processor.py:161} INFO - Started process (PID=552) to work on /opt/airflow/dags/feature_pipeline_dag.py
[2026-08-08T18:56:25.671+0000] {processor.py:830} INFO - Processing file /opt/airflow/dags/feature_pipeline_dag.py for tasks to queue
[2026-08-08T18:56:25.674+0000] {logging_mixin.py:188} INFO - [2026-08-08T18:56:25.673+0000] {dagbag.py:545} INFO - Filling up the DagBag from /opt/airflow/dags/feature_pipeline_dag.py
[2026-08-08T18:56:27.306+0000] {processor.py:840} INFO - DAG(s) 'feature_pipeline' retrieved from /opt/airflow/dags/feature_pipeline_dag.py
[2026-08-08T18:56:27.393+0000] {logging_mixin.py:188} INFO - [2026-08-08T18:56:27.392+0000] {dag.py:3089} INFO - Sync 1 DAGs
[2026-08-08T18:56:27.446+0000] {logging_mixin.py:188} INFO - [2026-08-08T18:56:27.446+0000] {dag.py:3947} INFO - Setting next_dagrun for feature_pipeline to 2026-08-08 18:00:00+00:00, run_after=2026-08-08 19:00:00+00:00
[2026-08-08T18:56:27.490+0000] {processor.py:183} INFO - Processing /opt/airflow/dags/feature_pipeline_dag.py took 1.843 seconds
[2026-08-08T18:56:58.412+0000] {processor.py:161} INFO - Started process (PID=564) to work on /opt/airflow/dags/feature_pipeline_dag.py
[2026-08-08T18:56:58.415+0000] {processor.py:830} INFO - Processing file /opt/airflow/dags/feature_pipeline_dag.py for tasks to queue
[2026-08-08T18:56:58.418+0000] {logging_mixin.py:188} INFO - [2026-08-08T18:56:58.417+0000] {dagbag.py:545} INFO - Filling up the DagBag from /opt/airflow/dags/feature_pipeline_dag.py
[2026-08-08T18:57:00.115+0000] {processor.py:840} INFO - DAG(s) 'feature_pipeline' retrieved from /opt/airflow/dags/feature_pipeline_dag.py
[2026-08-08T18:57:00.192+0000] {logging_mixin.py:188} INFO - [2026-08-08T18:57:00.190+0000] {dag.py:3089} INFO - Sync 1 DAGs
[2026-08-08T18:57:00.252+0000] {logging_mixin.py:188} INFO - [2026-08-08T18:57:00.251+0000] {dag.py:3947} INFO - Setting next_dagrun for feature_pipeline to 2026-08-08 18:00:00+00:00, run_after=2026-08-08 19:00:00+00:00
[2026-08-08T18:57:00.890+0000] {processor.py:183} INFO - Processing /opt/airflow/dags/feature_pipeline_dag.py took 2.501 seconds
[2026-08-08T18:57:31.296+0000] {processor.py:161} INFO - Started process (PID=576) to work on /opt/airflow/dags/feature_pipeline_dag.py
[2026-08-08T18:57:31.300+0000] {processor.py:830} INFO - Processing file /opt/airflow/dags/feature_pipeline_dag.py for tasks to queue
[2026-08-08T18:57:31.303+0000] {logging_mixin.py:188} INFO - [2026-08-08T18:57:31.302+0000] {dagbag.py:545} INFO - Filling up the DagBag from /opt/airflow/dags/feature_pipeline_dag.py
[2026-08-08T18:57:33.008+0000] {processor.py:840} INFO - DAG(s) 'feature_pipeline' retrieved from /opt/airflow/dags/feature_pipeline_dag.py
[2026-08-08T18:57:33.077+0000] {logging_mixin.py:188} INFO - [2026-08-08T18:57:33.076+0000] {dag.py:3089} INFO - Sync 1 DAGs
[2026-08-08T18:57:33.132+0000] {logging_mixin.py:188} INFO - [2026-08-08T18:57:33.132+0000] {dag.py:3947} INFO - Setting next_dagrun for feature_pipeline to 2026-08-08 18:00:00+00:00, run_after=2026-08-08 19:00:00+00:00
[2026-08-08T18:57:33.686+0000] {processor.py:183} INFO - Processing /opt/airflow/dags/feature_pipeline_dag.py took 2.427 seconds
[2026-08-08T18:58:04.233+0000] {processor.py:161} INFO - Started process (PID=588) to work on /opt/airflow/dags/feature_pipeline_dag.py
[2026-08-08T18:58:04.236+0000] {processor.py:830} INFO - Processing file /opt/airflow/dags/feature_pipeline_dag.py for tasks to queue
[2026-08-08T18:58:04.239+0000] {logging_mixin.py:188} INFO - [2026-08-08T18:58:04.238+0000] {dagbag.py:545} INFO - Filling up the DagBag from /opt/airflow/dags/feature_pipeline_dag.py
[2026-08-08T18:58:06.000+0000] {processor.py:840} INFO - DAG(s) 'feature_pipeline' retrieved from /opt/airflow/dags/feature_pipeline_dag.py
[2026-08-08T18:58:06.068+0000] {logging_mixin.py:188} INFO - [2026-08-08T18:58:06.065+0000] {dag.py:3089} INFO - Sync 1 DAGs
[2026-08-08T18:58:06.556+0000] {logging_mixin.py:188} INFO - [2026-08-08T18:58:06.556+0000] {dag.py:3947} INFO - Setting next_dagrun for feature_pipeline to 2026-08-08 18:00:00+00:00, run_after=2026-08-08 19:00:00+00:00
[2026-08-08T18:58:06.609+0000] {processor.py:183} INFO - Processing /opt/airflow/dags/feature_pipeline_dag.py took 2.399 seconds
[2026-08-08T18:58:37.524+0000] {processor.py:161} INFO - Started process (PID=600) to work on /opt/airflow/dags/feature_pipeline_dag.py
[2026-08-08T18:58:37.527+0000] {processor.py:830} INFO - Processing file /opt/airflow/dags/feature_pipeline_dag.py for tasks to queue
[2026-08-08T18:58:37.529+0000] {logging_mixin.py:188} INFO - [2026-08-08T18:58:37.528+0000] {dagbag.py:545} INFO - Filling up the DagBag from /opt/airflow/dags/feature_pipeline_dag.py
[2026-08-08T18:58:39.390+0000] {processor.py:840} INFO - DAG(s) 'feature_pipeline' retrieved from /opt/airflow/dags/feature_pipeline_dag.py
[2026-08-08T18:58:39.830+0000] {logging_mixin.py:188} INFO - [2026-08-08T18:58:39.828+0000] {dag.py:3089} INFO - Sync 1 DAGs
[2026-08-08T18:58:39.883+0000] {logging_mixin.py:188} INFO - [2026-08-08T18:58:39.883+0000] {dag.py:3947} INFO - Setting next_dagrun for feature_pipeline to 2026-08-08 18:00:00+00:00, run_after=2026-08-08 19:00:00+00:00
[2026-08-08T18:58:39.925+0000] {processor.py:183} INFO - Processing /opt/airflow/dags/feature_pipeline_dag.py took 2.444 seconds
[2026-08-08T18:59:12.139+0000] {processor.py:161} INFO - Started process (PID=612) to work on /opt/airflow/dags/feature_pipeline_dag.py
[2026-08-08T18:59:12.142+0000] {processor.py:830} INFO - Processing file /opt/airflow/dags/feature_pipeline_dag.py for tasks to queue
[2026-08-08T18:59:12.144+0000] {logging_mixin.py:188} INFO - [2026-08-08T18:59:12.143+0000] {dagbag.py:545} INFO - Filling up the DagBag from /opt/airflow/dags/feature_pipeline_dag.py
[2026-08-08T18:59:08.891+0000] {processor.py:840} INFO - DAG(s) 'feature_pipeline' retrieved from /opt/airflow/dags/feature_pipeline_dag.py
[2026-08-08T18:59:09.353+0000] {logging_mixin.py:188} INFO - [2026-08-08T18:59:09.352+0000] {dag.py:3089} INFO - Sync 1 DAGs
[2026-08-08T18:59:09.397+0000] {logging_mixin.py:188} INFO - [2026-08-08T18:59:09.396+0000] {dag.py:3947} INFO - Setting next_dagrun for feature_pipeline to 2026-08-08 18:00:00+00:00, run_after=2026-08-08 19:00:00+00:00
[2026-08-08T18:59:09.434+0000] {processor.py:183} INFO - Processing /opt/airflow/dags/feature_pipeline_dag.py took 2.297 seconds
[2026-08-08T18:59:39.786+0000] {processor.py:161} INFO - Started process (PID=624) to work on /opt/airflow/dags/feature_pipeline_dag.py
[2026-08-08T18:59:39.788+0000] {processor.py:830} INFO - Processing file /opt/airflow/dags/feature_pipeline_dag.py for tasks to queue
[2026-08-08T18:59:39.794+0000] {logging_mixin.py:188} INFO - [2026-08-08T18:59:39.792+0000] {dagbag.py:545} INFO - Filling up the DagBag from /opt/airflow/dags/feature_pipeline_dag.py
[2026-08-08T18:59:36.584+0000] {processor.py:840} INFO - DAG(s) 'feature_pipeline' retrieved from /opt/airflow/dags/feature_pipeline_dag.py
[2026-08-08T18:59:36.652+0000] {logging_mixin.py:188} INFO - [2026-08-08T18:59:36.651+0000] {dag.py:3089} INFO - Sync 1 DAGs
[2026-08-08T18:59:36.707+0000] {logging_mixin.py:188} INFO - [2026-08-08T18:59:36.706+0000] {dag.py:3947} INFO - Setting next_dagrun for feature_pipeline to 2026-08-08 18:00:00+00:00, run_after=2026-08-08 19:00:00+00:00
[2026-08-08T18:59:36.747+0000] {processor.py:183} INFO - Processing /opt/airflow/dags/feature_pipeline_dag.py took 1.841 seconds
[2026-08-08T19:00:07.225+0000] {processor.py:161} INFO - Started process (PID=638) to work on /opt/airflow/dags/feature_pipeline_dag.py
[2026-08-08T19:00:07.227+0000] {processor.py:830} INFO - Processing file /opt/airflow/dags/feature_pipeline_dag.py for tasks to queue
[2026-08-08T19:00:07.230+0000] {logging_mixin.py:188} INFO - [2026-08-08T19:00:07.229+0000] {dagbag.py:545} INFO - Filling up the DagBag from /opt/airflow/dags/feature_pipeline_dag.py
[2026-08-08T19:00:04.480+0000] {processor.py:840} INFO - DAG(s) 'feature_pipeline' retrieved from /opt/airflow/dags/feature_pipeline_dag.py
[2026-08-08T19:00:04.834+0000] {logging_mixin.py:188} INFO - [2026-08-08T19:00:04.832+0000] {dag.py:3089} INFO - Sync 1 DAGs
[2026-08-08T19:00:05.071+0000] {logging_mixin.py:188} INFO - [2026-08-08T19:00:05.068+0000] {dag.py:3947} INFO - Setting next_dagrun for feature_pipeline to 2026-08-08 19:00:00+00:00, run_after=2026-08-08 20:00:00+00:00
[2026-08-08T19:00:07.188+0000] {processor.py:183} INFO - Processing /opt/airflow/dags/feature_pipeline_dag.py took 4.844 seconds
[2026-08-08T19:00:38.039+0000] {processor.py:161} INFO - Started process (PID=673) to work on /opt/airflow/dags/feature_pipeline_dag.py
[2026-08-08T19:00:38.043+0000] {processor.py:830} INFO - Processing file /opt/airflow/dags/feature_pipeline_dag.py for tasks to queue
[2026-08-08T19:00:38.046+0000] {logging_mixin.py:188} INFO - [2026-08-08T19:00:38.045+0000] {dagbag.py:545} INFO - Filling up the DagBag from /opt/airflow/dags/feature_pipeline_dag.py
[2026-08-08T19:00:39.921+0000] {processor.py:840} INFO - DAG(s) 'feature_pipeline' retrieved from /opt/airflow/dags/feature_pipeline_dag.py
[2026-08-08T19:00:40.000+0000] {logging_mixin.py:188} INFO - [2026-08-08T19:00:39.999+0000] {dag.py:3089} INFO - Sync 1 DAGs
[2026-08-08T19:00:40.729+0000] {logging_mixin.py:188} INFO - [2026-08-08T19:00:40.729+0000] {dag.py:3947} INFO - Setting next_dagrun for feature_pipeline to 2026-08-08 19:00:00+00:00, run_after=2026-08-08 20:00:00+00:00
[2026-08-08T19:00:40.769+0000] {processor.py:183} INFO - Processing /opt/airflow/dags/feature_pipeline_dag.py took 2.754 seconds
[2026-08-08T19:01:11.006+0000] {processor.py:161} INFO - Started process (PID=715) to work on /opt/airflow/dags/feature_pipeline_dag.py
[2026-08-08T19:01:11.011+0000] {processor.py:830} INFO - Processing file /opt/airflow/dags/feature_pipeline_dag.py for tasks to queue
[2026-08-08T19:01:11.013+0000] {logging_mixin.py:188} INFO - [2026-08-08T19:01:11.012+0000] {dagbag.py:545} INFO - Filling up the DagBag from /opt/airflow/dags/feature_pipeline_dag.py
[2026-08-08T19:01:12.540+0000] {processor.py:840} INFO - DAG(s) 'feature_pipeline' retrieved from /opt/airflow/dags/feature_pipeline_dag.py
[2026-08-08T19:01:13.630+0000] {logging_mixin.py:188} INFO - [2026-08-08T19:01:12.603+0000] {dag.py:3089} INFO - Sync 1 DAGs
[2026-08-08T19:01:13.671+0000] {logging_mixin.py:188} INFO - [2026-08-08T19:01:13.671+0000] {dag.py:3947} INFO - Setting next_dagrun for feature_pipeline to 2026-08-08 19:00:00+00:00, run_after=2026-08-08 20:00:00+00:00
[2026-08-08T19:01:13.710+0000] {processor.py:183} INFO - Processing /opt/airflow/dags/feature_pipeline_dag.py took 2.726 seconds
[2026-08-08T19:01:44.093+0000] {processor.py:161} INFO - Started process (PID=730) to work on /opt/airflow/dags/feature_pipeline_dag.py
[2026-08-08T19:01:44.096+0000] {processor.py:830} INFO - Processing file /opt/airflow/dags/feature_pipeline_dag.py for tasks to queue
[2026-08-08T19:01:44.100+0000] {logging_mixin.py:188} INFO - [2026-08-08T19:01:44.099+0000] {dagbag.py:545} INFO - Filling up the DagBag from /opt/airflow/dags/feature_pipeline_dag.py
[2026-08-08T19:01:45.812+0000] {processor.py:840} INFO - DAG(s) 'feature_pipeline' retrieved from /opt/airflow/dags/feature_pipeline_dag.py
[2026-08-08T19:01:46.188+0000] {logging_mixin.py:188} INFO - [2026-08-08T19:01:46.187+0000] {dag.py:3089} INFO - Sync 1 DAGs
[2026-08-08T19:01:46.239+0000] {logging_mixin.py:188} INFO - [2026-08-08T19:01:46.238+0000] {dag.py:3947} INFO - Setting next_dagrun for feature_pipeline to 2026-08-08 19:00:00+00:00, run_after=2026-08-08 20:00:00+00:00
[2026-08-08T19:01:46.283+0000] {processor.py:183} INFO - Processing /opt/airflow/dags/feature_pipeline_dag.py took 2.213 seconds
[2026-08-08T19:13:55.166+0000] {processor.py:161} INFO - Started process (PID=742) to work on /opt/airflow/dags/feature_pipeline_dag.py
[2026-08-08T19:13:55.167+0000] {processor.py:830} INFO - Processing file /opt/airflow/dags/feature_pipeline_dag.py for tasks to queue
[2026-08-08T19:13:55.169+0000] {logging_mixin.py:188} INFO - [2026-08-08T19:13:55.169+0000] {dagbag.py:545} INFO - Filling up the DagBag from /opt/airflow/dags/feature_pipeline_dag.py
[2026-08-08T19:13:57.177+0000] {processor.py:840} INFO - DAG(s) 'feature_pipeline' retrieved from /opt/airflow/dags/feature_pipeline_dag.py
[2026-08-08T19:13:57.237+0000] {logging_mixin.py:188} INFO - [2026-08-08T19:13:57.236+0000] {dag.py:3089} INFO - Sync 1 DAGs
[2026-08-08T19:13:57.306+0000] {logging_mixin.py:188} INFO - [2026-08-08T19:13:57.306+0000] {dag.py:3947} INFO - Setting next_dagrun for feature_pipeline to 2026-08-08 19:00:00+00:00, run_after=2026-08-08 20:00:00+00:00
[2026-08-08T19:13:57.448+0000] {processor.py:183} INFO - Processing /opt/airflow/dags/feature_pipeline_dag.py took 2.295 seconds
[2026-08-08T19:14:28.569+0000] {processor.py:161} INFO - Started process (PID=754) to work on /opt/airflow/dags/feature_pipeline_dag.py
[2026-08-08T19:14:28.587+0000] {processor.py:830} INFO - Processing file /opt/airflow/dags/feature_pipeline_dag.py for tasks to queue
[2026-08-08T19:14:28.597+0000] {logging_mixin.py:188} INFO - [2026-08-08T19:14:28.592+0000] {dagbag.py:545} INFO - Filling up the DagBag from /opt/airflow/dags/feature_pipeline_dag.py
[2026-08-08T19:14:30.421+0000] {processor.py:840} INFO - DAG(s) 'feature_pipeline' retrieved from /opt/airflow/dags/feature_pipeline_dag.py
[2026-08-08T19:14:30.486+0000] {logging_mixin.py:188} INFO - [2026-08-08T19:14:30.485+0000] {dag.py:3089} INFO - Sync 1 DAGs
[2026-08-08T19:14:30.568+0000] {logging_mixin.py:188} INFO - [2026-08-08T19:14:30.567+0000] {dag.py:3947} INFO - Setting next_dagrun for feature_pipeline to 2026-08-08 19:00:00+00:00, run_after=2026-08-08 20:00:00+00:00
[2026-08-08T19:14:31.908+0000] {processor.py:183} INFO - Processing /opt/airflow/dags/feature_pipeline_dag.py took 3.398 seconds
[2026-08-08T19:15:02.992+0000] {processor.py:161} INFO - Started process (PID=766) to work on /opt/airflow/dags/feature_pipeline_dag.py
[2026-08-08T19:15:02.994+0000] {processor.py:830} INFO - Processing file /opt/airflow/dags/feature_pipeline_dag.py for tasks to queue
[2026-08-08T19:15:02.998+0000] {logging_mixin.py:188} INFO - [2026-08-08T19:15:02.996+0000] {dagbag.py:545} INFO - Filling up the DagBag from /opt/airflow/dags/feature_pipeline_dag.py
[2026-08-08T19:14:59.934+0000] {processor.py:840} INFO - DAG(s) 'feature_pipeline' retrieved from /opt/airflow/dags/feature_pipeline_dag.py
[2026-08-08T19:14:59.987+0000] {logging_mixin.py:188} INFO - [2026-08-08T19:14:59.986+0000] {dag.py:3089} INFO - Sync 1 DAGs
[2026-08-08T19:15:00.334+0000] {logging_mixin.py:188} INFO - [2026-08-08T19:15:00.334+0000] {dag.py:3947} INFO - Setting next_dagrun for feature_pipeline to 2026-08-08 19:00:00+00:00, run_after=2026-08-08 20:00:00+00:00
[2026-08-08T19:15:00.366+0000] {processor.py:183} INFO - Processing /opt/airflow/dags/feature_pipeline_dag.py took 1.719 seconds
[2026-08-08T19:15:30.996+0000] {processor.py:161} INFO - Started process (PID=778) to work on /opt/airflow/dags/feature_pipeline_dag.py
[2026-08-08T19:15:30.999+0000] {processor.py:830} INFO - Processing file /opt/airflow/dags/feature_pipeline_dag.py for tasks to queue
[2026-08-08T19:15:31.002+0000] {logging_mixin.py:188} INFO - [2026-08-08T19:15:31.001+0000] {dagbag.py:545} INFO - Filling up the DagBag from /opt/airflow/dags/feature_pipeline_dag.py
[2026-08-08T19:15:32.694+0000] {processor.py:840} INFO - DAG(s) 'feature_pipeline' retrieved from /opt/airflow/dags/feature_pipeline_dag.py
[2026-08-08T19:15:33.177+0000] {logging_mixin.py:188} INFO - [2026-08-08T19:15:32.778+0000] {dag.py:3089} INFO - Sync 1 DAGs
[2026-08-08T19:15:33.216+0000] {logging_mixin.py:188} INFO - [2026-08-08T19:15:33.215+0000] {dag.py:3947} INFO - Setting next_dagrun for feature_pipeline to 2026-08-08 19:00:00+00:00, run_after=2026-08-08 20:00:00+00:00
[2026-08-08T19:15:33.255+0000] {processor.py:183} INFO - Processing /opt/airflow/dags/feature_pipeline_dag.py took 2.279 seconds
[2026-08-08T19:16:03.911+0000] {processor.py:161} INFO - Started process (PID=790) to work on /opt/airflow/dags/feature_pipeline_dag.py
[2026-08-08T19:16:03.914+0000] {processor.py:830} INFO - Processing file /opt/airflow/dags/feature_pipeline_dag.py for tasks to queue
[2026-08-08T19:16:03.917+0000] {logging_mixin.py:188} INFO - [2026-08-08T19:16:03.916+0000] {dagbag.py:545} INFO - Filling up the DagBag from /opt/airflow/dags/feature_pipeline_dag.py
[2026-08-08T19:16:05.709+0000] {processor.py:840} INFO - DAG(s) 'feature_pipeline' retrieved from /opt/airflow/dags/feature_pipeline_dag.py
[2026-08-08T19:16:06.103+0000] {logging_mixin.py:188} INFO - [2026-08-08T19:16:06.102+0000] {dag.py:3089} INFO - Sync 1 DAGs
[2026-08-08T19:16:06.148+0000] {logging_mixin.py:188} INFO - [2026-08-08T19:16:06.147+0000] {dag.py:3947} INFO - Setting next_dagrun for feature_pipeline to 2026-08-08 19:00:00+00:00, run_after=2026-08-08 20:00:00+00:00
[2026-08-08T19:16:06.184+0000] {processor.py:183} INFO - Processing /opt/airflow/dags/feature_pipeline_dag.py took 2.297 seconds
[2026-08-08T19:16:36.861+0000] {processor.py:161} INFO - Started process (PID=802) to work on /opt/airflow/dags/feature_pipeline_dag.py
[2026-08-08T19:16:36.864+0000] {processor.py:830} INFO - Processing file /opt/airflow/dags/feature_pipeline_dag.py for tasks to queue
[2026-08-08T19:16:36.866+0000] {logging_mixin.py:188} INFO - [2026-08-08T19:16:36.865+0000] {dagbag.py:545} INFO - Filling up the DagBag from /opt/airflow/dags/feature_pipeline_dag.py
[2026-08-08T19:16:39.105+0000] {processor.py:840} INFO - DAG(s) 'feature_pipeline' retrieved from /opt/airflow/dags/feature_pipeline_dag.py
[2026-08-08T19:16:39.157+0000] {logging_mixin.py:188} INFO - [2026-08-08T19:16:39.156+0000] {dag.py:3089} INFO - Sync 1 DAGs
[2026-08-08T19:16:39.199+0000] {logging_mixin.py:188} INFO - [2026-08-08T19:16:39.198+0000] {dag.py:3947} INFO - Setting next_dagrun for feature_pipeline to 2026-08-08 19:00:00+00:00, run_after=2026-08-08 20:00:00+00:00
[2026-08-08T19:16:39.240+0000] {processor.py:183} INFO - Processing /opt/airflow/dags/feature_pipeline_dag.py took 2.401 seconds
[2026-08-08T19:17:10.152+0000] {processor.py:161} INFO - Started process (PID=814) to work on /opt/airflow/dags/feature_pipeline_dag.py
[2026-08-08T19:17:10.156+0000] {processor.py:830} INFO - Processing file /opt/airflow/dags/feature_pipeline_dag.py for tasks to queue
[2026-08-08T19:17:10.158+0000] {logging_mixin.py:188} INFO - [2026-08-08T19:17:10.157+0000] {dagbag.py:545} INFO - Filling up the DagBag from /opt/airflow/dags/feature_pipeline_dag.py
[2026-08-08T19:17:11.843+0000] {processor.py:840} INFO - DAG(s) 'feature_pipeline' retrieved from /opt/airflow/dags/feature_pipeline_dag.py
[2026-08-08T19:17:11.907+0000] {logging_mixin.py:188} INFO - [2026-08-08T19:17:11.906+0000] {dag.py:3089} INFO - Sync 1 DAGs
[2026-08-08T19:17:11.974+0000] {logging_mixin.py:188} INFO - [2026-08-08T19:17:11.973+0000] {dag.py:3947} INFO - Setting next_dagrun for feature_pipeline to 2026-08-08 19:00:00+00:00, run_after=2026-08-08 20:00:00+00:00
[2026-08-08T19:17:12.032+0000] {processor.py:183} INFO - Processing /opt/airflow/dags/feature_pipeline_dag.py took 1.903 seconds
[2026-08-08T19:17:43.033+0000] {processor.py:161} INFO - Started process (PID=826) to work on /opt/airflow/dags/feature_pipeline_dag.py
[2026-08-08T19:17:43.036+0000] {processor.py:830} INFO - Processing file /opt/airflow/dags/feature_pipeline_dag.py for tasks to queue
[2026-08-08T19:17:43.039+0000] {logging_mixin.py:188} INFO - [2026-08-08T19:17:43.038+0000] {dagbag.py:545} INFO - Filling up the DagBag from /opt/airflow/dags/feature_pipeline_dag.py
[2026-08-08T19:17:44.754+0000] {processor.py:840} INFO - DAG(s) 'feature_pipeline' retrieved from /opt/airflow/dags/feature_pipeline_dag.py
[2026-08-08T19:17:44.825+0000] {logging_mixin.py:188} INFO - [2026-08-08T19:17:44.824+0000] {dag.py:3089} INFO - Sync 1 DAGs
[2026-08-08T19:17:45.230+0000] {logging_mixin.py:188} INFO - [2026-08-08T19:17:45.230+0000] {dag.py:3947} INFO - Setting next_dagrun for feature_pipeline to 2026-08-08 19:00:00+00:00, run_after=2026-08-08 20:00:00+00:00
[2026-08-08T19:17:45.270+0000] {processor.py:183} INFO - Processing /opt/airflow/dags/feature_pipeline_dag.py took 2.263 seconds
[2026-08-08T19:18:16.738+0000] {processor.py:161} INFO - Started process (PID=838) to work on /opt/airflow/dags/feature_pipeline_dag.py
[2026-08-08T19:18:16.741+0000] {processor.py:830} INFO - Processing file /opt/airflow/dags/feature_pipeline_dag.py for tasks to queue
[2026-08-08T19:18:16.743+0000] {logging_mixin.py:188} INFO - [2026-08-08T19:18:16.742+0000] {dagbag.py:545} INFO - Filling up the DagBag from /opt/airflow/dags/feature_pipeline_dag.py
[2026-08-08T19:18:14.204+0000] {processor.py:840} INFO - DAG(s) 'feature_pipeline' retrieved from /opt/airflow/dags/feature_pipeline_dag.py
[2026-08-08T19:18:14.290+0000] {logging_mixin.py:188} INFO - [2026-08-08T19:18:14.285+0000] {dag.py:3089} INFO - Sync 1 DAGs
[2026-08-08T19:18:14.757+0000] {logging_mixin.py:188} INFO - [2026-08-08T19:18:14.757+0000] {dag.py:3947} INFO - Setting next_dagrun for feature_pipeline to 2026-08-08 19:00:00+00:00, run_after=2026-08-08 20:00:00+00:00
[2026-08-08T19:18:14.800+0000] {processor.py:183} INFO - Processing /opt/airflow/dags/feature_pipeline_dag.py took 2.344 seconds
[2026-08-08T19:18:45.567+0000] {processor.py:161} INFO - Started process (PID=850) to work on /opt/airflow/dags/feature_pipeline_dag.py
[2026-08-08T19:18:45.570+0000] {processor.py:830} INFO - Processing file /opt/airflow/dags/feature_pipeline_dag.py for tasks to queue
[2026-08-08T19:18:45.573+0000] {logging_mixin.py:188} INFO - [2026-08-08T19:18:45.572+0000] {dagbag.py:545} INFO - Filling up the DagBag from /opt/airflow/dags/feature_pipeline_dag.py
[2026-08-08T19:18:47.319+0000] {processor.py:840} INFO - DAG(s) 'feature_pipeline' retrieved from /opt/airflow/dags/feature_pipeline_dag.py
[2026-08-08T19:18:47.794+0000] {logging_mixin.py:188} INFO - [2026-08-08T19:18:47.794+0000] {dag.py:3089} INFO - Sync 1 DAGs
[2026-08-08T19:18:47.836+0000] {logging_mixin.py:188} INFO - [2026-08-08T19:18:47.835+0000] {dag.py:3947} INFO - Setting next_dagrun for feature_pipeline to 2026-08-08 19:00:00+00:00, run_after=2026-08-08 20:00:00+00:00
[2026-08-08T19:18:47.879+0000] {processor.py:183} INFO - Processing /opt/airflow/dags/feature_pipeline_dag.py took 2.336 seconds
[2026-08-08T19:19:18.410+0000] {processor.py:161} INFO - Started process (PID=862) to work on /opt/airflow/dags/feature_pipeline_dag.py
[2026-08-08T19:19:18.414+0000] {processor.py:830} INFO - Processing file /opt/airflow/dags/feature_pipeline_dag.py for tasks to queue
[2026-08-08T19:19:18.418+0000] {logging_mixin.py:188} INFO - [2026-08-08T19:19:18.417+0000] {dagbag.py:545} INFO - Filling up the DagBag from /opt/airflow/dags/feature_pipeline_dag.py
[2026-08-08T19:19:20.624+0000] {processor.py:840} INFO - DAG(s) 'feature_pipeline' retrieved from /opt/airflow/dags/feature_pipeline_dag.py
[2026-08-08T19:19:20.679+0000] {logging_mixin.py:188} INFO - [2026-08-08T19:19:20.678+0000] {dag.py:3089} INFO - Sync 1 DAGs
[2026-08-08T19:19:20.733+0000] {logging_mixin.py:188} INFO - [2026-08-08T19:19:20.733+0000] {dag.py:3947} INFO - Setting next_dagrun for feature_pipeline to 2026-08-08 19:00:00+00:00, run_after=2026-08-08 20:00:00+00:00
[2026-08-08T19:19:20.779+0000] {processor.py:183} INFO - Processing /opt/airflow/dags/feature_pipeline_dag.py took 2.401 seconds
[2026-08-08T19:19:51.354+0000] {processor.py:161} INFO - Started process (PID=874) to work on /opt/airflow/dags/feature_pipeline_dag.py
[2026-08-08T19:19:51.357+0000] {processor.py:830} INFO - Processing file /opt/airflow/dags/feature_pipeline_dag.py for tasks to queue
[2026-08-08T19:19:51.360+0000] {logging_mixin.py:188} INFO - [2026-08-08T19:19:51.359+0000] {dagbag.py:545} INFO - Filling up the DagBag from /opt/airflow/dags/feature_pipeline_dag.py
[2026-08-08T19:19:53.107+0000] {processor.py:840} INFO - DAG(s) 'feature_pipeline' retrieved from /opt/airflow/dags/feature_pipeline_dag.py
[2026-08-08T19:19:53.174+0000] {logging_mixin.py:188} INFO - [2026-08-08T19:19:53.173+0000] {dag.py:3089} INFO - Sync 1 DAGs
[2026-08-08T19:19:53.222+0000] {logging_mixin.py:188} INFO - [2026-08-08T19:19:53.222+0000] {dag.py:3947} INFO - Setting next_dagrun for feature_pipeline to 2026-08-08 19:00:00+00:00, run_after=2026-08-08 20:00:00+00:00
[2026-08-08T19:19:53.269+0000] {processor.py:183} INFO - Processing /opt/airflow/dags/feature_pipeline_dag.py took 1.940 seconds
[2026-08-08T19:20:23.955+0000] {processor.py:161} INFO - Started process (PID=886) to work on /opt/airflow/dags/feature_pipeline_dag.py
[2026-08-08T19:20:23.958+0000] {processor.py:830} INFO - Processing file /opt/airflow/dags/feature_pipeline_dag.py for tasks to queue
[2026-08-08T19:20:23.961+0000] {logging_mixin.py:188} INFO - [2026-08-08T19:20:23.960+0000] {dagbag.py:545} INFO - Filling up the DagBag from /opt/airflow/dags/feature_pipeline_dag.py
[2026-08-08T19:20:25.586+0000] {processor.py:840} INFO - DAG(s) 'feature_pipeline' retrieved from /opt/airflow/dags/feature_pipeline_dag.py
[2026-08-08T19:20:25.668+0000] {logging_mixin.py:188} INFO - [2026-08-08T19:20:25.666+0000] {dag.py:3089} INFO - Sync 1 DAGs
[2026-08-08T19:20:25.734+0000] {logging_mixin.py:188} INFO - [2026-08-08T19:20:25.733+0000] {dag.py:3947} INFO - Setting next_dagrun for feature_pipeline to 2026-08-08 19:00:00+00:00, run_after=2026-08-08 20:00:00+00:00
[2026-08-08T19:20:26.153+0000] {processor.py:183} INFO - Processing /opt/airflow/dags/feature_pipeline_dag.py took 2.219 seconds
[2026-08-08T19:20:57.026+0000] {processor.py:161} INFO - Started process (PID=898) to work on /opt/airflow/dags/feature_pipeline_dag.py
[2026-08-08T19:20:57.029+0000] {processor.py:830} INFO - Processing file /opt/airflow/dags/feature_pipeline_dag.py for tasks to queue
[2026-08-08T19:20:57.034+0000] {logging_mixin.py:188} INFO - [2026-08-08T19:20:57.033+0000] {dagbag.py:545} INFO - Filling up the DagBag from /opt/airflow/dags/feature_pipeline_dag.py
[2026-08-08T19:20:58.692+0000] {processor.py:840} INFO - DAG(s) 'feature_pipeline' retrieved from /opt/airflow/dags/feature_pipeline_dag.py
[2026-08-08T19:20:58.762+0000] {logging_mixin.py:188} INFO - [2026-08-08T19:20:58.758+0000] {dag.py:3089} INFO - Sync 1 DAGs
[2026-08-08T19:20:59.176+0000] {logging_mixin.py:188} INFO - [2026-08-08T19:20:59.175+0000] {dag.py:3947} INFO - Setting next_dagrun for feature_pipeline to 2026-08-08 19:00:00+00:00, run_after=2026-08-08 20:00:00+00:00
[2026-08-08T19:20:59.248+0000] {processor.py:183} INFO - Processing /opt/airflow/dags/feature_pipeline_dag.py took 2.243 seconds
[2026-08-08T19:21:30.061+0000] {processor.py:161} INFO - Started process (PID=910) to work on /opt/airflow/dags/feature_pipeline_dag.py
[2026-08-08T19:21:30.065+0000] {processor.py:830} INFO - Processing file /opt/airflow/dags/feature_pipeline_dag.py for tasks to queue
[2026-08-08T19:21:30.069+0000] {logging_mixin.py:188} INFO - [2026-08-08T19:21:30.068+0000] {dagbag.py:545} INFO - Filling up the DagBag from /opt/airflow/dags/feature_pipeline_dag.py
[2026-08-08T19:21:31.838+0000] {processor.py:840} INFO - DAG(s) 'feature_pipeline' retrieved from /opt/airflow/dags/feature_pipeline_dag.py
[2026-08-08T19:21:32.335+0000] {logging_mixin.py:188} INFO - [2026-08-08T19:21:32.334+0000] {dag.py:3089} INFO - Sync 1 DAGs
[2026-08-08T19:21:32.375+0000] {logging_mixin.py:188} INFO - [2026-08-08T19:21:32.375+0000] {dag.py:3947} INFO - Setting next_dagrun for feature_pipeline to 2026-08-08 19:00:00+00:00, run_after=2026-08-08 20:00:00+00:00
[2026-08-08T19:21:32.413+0000] {processor.py:183} INFO - Processing /opt/airflow/dags/feature_pipeline_dag.py took 2.381 seconds
[2026-08-08T19:22:03.092+0000] {processor.py:161} INFO - Started process (PID=922) to work on /opt/airflow/dags/feature_pipeline_dag.py
[2026-08-08T19:22:03.095+0000] {processor.py:830} INFO - Processing file /opt/airflow/dags/feature_pipeline_dag.py for tasks to queue
[2026-08-08T19:22:03.099+0000] {logging_mixin.py:188} INFO - [2026-08-08T19:22:03.098+0000] {dagbag.py:545} INFO - Filling up the DagBag from /opt/airflow/dags/feature_pipeline_dag.py
[2026-08-08T19:22:05.245+0000] {processor.py:840} INFO - DAG(s) 'feature_pipeline' retrieved from /opt/airflow/dags/feature_pipeline_dag.py
[2026-08-08T19:22:05.316+0000] {logging_mixin.py:188} INFO - [2026-08-08T19:22:05.314+0000] {dag.py:3089} INFO - Sync 1 DAGs
[2026-08-08T19:22:05.364+0000] {logging_mixin.py:188} INFO - [2026-08-08T19:22:05.363+0000] {dag.py:3947} INFO - Setting next_dagrun for feature_pipeline to 2026-08-08 19:00:00+00:00, run_after=2026-08-08 20:00:00+00:00
[2026-08-08T19:22:05.405+0000] {processor.py:183} INFO - Processing /opt/airflow/dags/feature_pipeline_dag.py took 2.345 seconds
[2026-08-08T19:22:35.911+0000] {processor.py:161} INFO - Started process (PID=934) to work on /opt/airflow/dags/feature_pipeline_dag.py
[2026-08-08T19:22:35.914+0000] {processor.py:830} INFO - Processing file /opt/airflow/dags/feature_pipeline_dag.py for tasks to queue
[2026-08-08T19:22:35.916+0000] {logging_mixin.py:188} INFO - [2026-08-08T19:22:35.916+0000] {dagbag.py:545} INFO - Filling up the DagBag from /opt/airflow/dags/feature_pipeline_dag.py
[2026-08-08T19:22:37.484+0000] {processor.py:840} INFO - DAG(s) 'feature_pipeline' retrieved from /opt/airflow/dags/feature_pipeline_dag.py
[2026-08-08T19:22:37.582+0000] {logging_mixin.py:188} INFO - [2026-08-08T19:22:37.580+0000] {dag.py:3089} INFO - Sync 1 DAGs
[2026-08-08T19:22:37.666+0000] {logging_mixin.py:188} INFO - [2026-08-08T19:22:37.665+0000] {dag.py:3947} INFO - Setting next_dagrun for feature_pipeline to 2026-08-08 19:00:00+00:00, run_after=2026-08-08 20:00:00+00:00
[2026-08-08T19:22:37.720+0000] {processor.py:183} INFO - Processing /opt/airflow/dags/feature_pipeline_dag.py took 1.833 seconds
[2026-08-08T19:23:08.564+0000] {processor.py:161} INFO - Started process (PID=946) to work on /opt/airflow/dags/feature_pipeline_dag.py
[2026-08-08T19:23:08.567+0000] {processor.py:830} INFO - Processing file /opt/airflow/dags/feature_pipeline_dag.py for tasks to queue
[2026-08-08T19:23:08.570+0000] {logging_mixin.py:188} INFO - [2026-08-08T19:23:08.569+0000] {dagbag.py:545} INFO - Filling up the DagBag from /opt/airflow/dags/feature_pipeline_dag.py
[2026-08-08T19:23:10.219+0000] {processor.py:840} INFO - DAG(s) 'feature_pipeline' retrieved from /opt/airflow/dags/feature_pipeline_dag.py
[2026-08-08T19:23:10.287+0000] {logging_mixin.py:188} INFO - [2026-08-08T19:23:10.285+0000] {dag.py:3089} INFO - Sync 1 DAGs
[2026-08-08T19:23:10.343+0000] {logging_mixin.py:188} INFO - [2026-08-08T19:23:10.343+0000] {dag.py:3947} INFO - Setting next_dagrun for feature_pipeline to 2026-08-08 19:00:00+00:00, run_after=2026-08-08 20:00:00+00:00
[2026-08-08T19:23:10.904+0000] {processor.py:183} INFO - Processing /opt/airflow/dags/feature_pipeline_dag.py took 2.361 seconds
[2026-08-08T19:23:41.205+0000] {processor.py:161} INFO - Started process (PID=958) to work on /opt/airflow/dags/feature_pipeline_dag.py
[2026-08-08T19:23:41.209+0000] {processor.py:830} INFO - Processing file /opt/airflow/dags/feature_pipeline_dag.py for tasks to queue
[2026-08-08T19:23:41.211+0000] {logging_mixin.py:188} INFO - [2026-08-08T19:23:41.211+0000] {dagbag.py:545} INFO - Filling up the DagBag from /opt/airflow/dags/feature_pipeline_dag.py
[2026-08-08T19:23:42.880+0000] {processor.py:840} INFO - DAG(s) 'feature_pipeline' retrieved from /opt/airflow/dags/feature_pipeline_dag.py
[2026-08-08T19:23:42.942+0000] {logging_mixin.py:188} INFO - [2026-08-08T19:23:42.940+0000] {dag.py:3089} INFO - Sync 1 DAGs
[2026-08-08T19:23:43.417+0000] {logging_mixin.py:188} INFO - [2026-08-08T19:23:43.417+0000] {dag.py:3947} INFO - Setting next_dagrun for feature_pipeline to 2026-08-08 19:00:00+00:00, run_after=2026-08-08 20:00:00+00:00
[2026-08-08T19:23:43.455+0000] {processor.py:183} INFO - Processing /opt/airflow/dags/feature_pipeline_dag.py took 2.273 seconds
[2026-08-08T19:25:00.912+0000] {processor.py:161} INFO - Started process (PID=970) to work on /opt/airflow/dags/feature_pipeline_dag.py
[2026-08-08T19:25:00.914+0000] {processor.py:830} INFO - Processing file /opt/airflow/dags/feature_pipeline_dag.py for tasks to queue
[2026-08-08T19:25:00.915+0000] {logging_mixin.py:188} INFO - [2026-08-08T19:25:00.915+0000] {dagbag.py:545} INFO - Filling up the DagBag from /opt/airflow/dags/feature_pipeline_dag.py
[2026-08-08T19:25:03.608+0000] {processor.py:840} INFO - DAG(s) 'feature_pipeline' retrieved from /opt/airflow/dags/feature_pipeline_dag.py
[2026-08-08T19:25:03.662+0000] {logging_mixin.py:188} INFO - [2026-08-08T19:25:03.661+0000] {dag.py:3089} INFO - Sync 1 DAGs
[2026-08-08T19:25:03.697+0000] {logging_mixin.py:188} INFO - [2026-08-08T19:25:03.696+0000] {dag.py:3947} INFO - Setting next_dagrun for feature_pipeline to 2026-08-08 19:00:00+00:00, run_after=2026-08-08 20:00:00+00:00
[2026-08-08T19:25:03.729+0000] {processor.py:183} INFO - Processing /opt/airflow/dags/feature_pipeline_dag.py took 2.830 seconds
[2026-08-08T19:25:34.280+0000] {processor.py:161} INFO - Started process (PID=982) to work on /opt/airflow/dags/feature_pipeline_dag.py
[2026-08-08T19:25:34.282+0000] {processor.py:830} INFO - Processing file /opt/airflow/dags/feature_pipeline_dag.py for tasks to queue
[2026-08-08T19:25:34.284+0000] {logging_mixin.py:188} INFO - [2026-08-08T19:25:34.283+0000] {dagbag.py:545} INFO - Filling up the DagBag from /opt/airflow/dags/feature_pipeline_dag.py
[2026-08-08T19:25:35.545+0000] {processor.py:840} INFO - DAG(s) 'feature_pipeline' retrieved from /opt/airflow/dags/feature_pipeline_dag.py
[2026-08-08T19:25:35.878+0000] {logging_mixin.py:188} INFO - [2026-08-08T19:25:35.878+0000] {dag.py:3089} INFO - Sync 1 DAGs
[2026-08-08T19:25:35.922+0000] {logging_mixin.py:188} INFO - [2026-08-08T19:25:35.922+0000] {dag.py:3947} INFO - Setting next_dagrun for feature_pipeline to 2026-08-08 19:00:00+00:00, run_after=2026-08-08 20:00:00+00:00
[2026-08-08T19:25:35.959+0000] {processor.py:183} INFO - Processing /opt/airflow/dags/feature_pipeline_dag.py took 1.696 seconds
[2026-08-08T19:26:06.497+0000] {processor.py:161} INFO - Started process (PID=994) to work on /opt/airflow/dags/feature_pipeline_dag.py
[2026-08-08T19:26:06.499+0000] {processor.py:830} INFO - Processing file /opt/airflow/dags/feature_pipeline_dag.py for tasks to queue
[2026-08-08T19:26:06.501+0000] {logging_mixin.py:188} INFO - [2026-08-08T19:26:06.500+0000] {dagbag.py:545} INFO - Filling up the DagBag from /opt/airflow/dags/feature_pipeline_dag.py
[2026-08-08T19:26:08.267+0000] {processor.py:840} INFO - DAG(s) 'feature_pipeline' retrieved from /opt/airflow/dags/feature_pipeline_dag.py
[2026-08-08T19:26:08.417+0000] {logging_mixin.py:188} INFO - [2026-08-08T19:26:08.415+0000] {dag.py:3089} INFO - Sync 1 DAGs
[2026-08-08T19:26:08.483+0000] {logging_mixin.py:188} INFO - [2026-08-08T19:26:08.482+0000] {dag.py:3947} INFO - Setting next_dagrun for feature_pipeline to 2026-08-08 19:00:00+00:00, run_after=2026-08-08 20:00:00+00:00
[2026-08-08T19:26:08.520+0000] {processor.py:183} INFO - Processing /opt/airflow/dags/feature_pipeline_dag.py took 2.043 seconds
[2026-08-08T19:26:39.221+0000] {processor.py:161} INFO - Started process (PID=1006) to work on /opt/airflow/dags/feature_pipeline_dag.py
[2026-08-08T19:26:39.224+0000] {processor.py:830} INFO - Processing file /opt/airflow/dags/feature_pipeline_dag.py for tasks to queue
[2026-08-08T19:26:39.227+0000] {logging_mixin.py:188} INFO - [2026-08-08T19:26:39.226+0000] {dagbag.py:545} INFO - Filling up the DagBag from /opt/airflow/dags/feature_pipeline_dag.py
[2026-08-08T19:26:40.796+0000] {processor.py:840} INFO - DAG(s) 'feature_pipeline' retrieved from /opt/airflow/dags/feature_pipeline_dag.py
[2026-08-08T19:26:40.875+0000] {logging_mixin.py:188} INFO - [2026-08-08T19:26:40.873+0000] {dag.py:3089} INFO - Sync 1 DAGs
[2026-08-08T19:26:40.939+0000] {logging_mixin.py:188} INFO - [2026-08-08T19:26:40.938+0000] {dag.py:3947} INFO - Setting next_dagrun for feature_pipeline to 2026-08-08 19:00:00+00:00, run_after=2026-08-08 20:00:00+00:00
[2026-08-08T19:26:41.382+0000] {processor.py:183} INFO - Processing /opt/airflow/dags/feature_pipeline_dag.py took 2.191 seconds
[2026-08-08T19:27:11.994+0000] {processor.py:161} INFO - Started process (PID=1018) to work on /opt/airflow/dags/feature_pipeline_dag.py
[2026-08-08T19:27:11.997+0000] {processor.py:830} INFO - Processing file /opt/airflow/dags/feature_pipeline_dag.py for tasks to queue
[2026-08-08T19:27:12.000+0000] {logging_mixin.py:188} INFO - [2026-08-08T19:27:11.999+0000] {dagbag.py:545} INFO - Filling up the DagBag from /opt/airflow/dags/feature_pipeline_dag.py
[2026-08-08T19:27:13.635+0000] {processor.py:840} INFO - DAG(s) 'feature_pipeline' retrieved from /opt/airflow/dags/feature_pipeline_dag.py
[2026-08-08T19:27:13.706+0000] {logging_mixin.py:188} INFO - [2026-08-08T19:27:13.705+0000] {dag.py:3089} INFO - Sync 1 DAGs
[2026-08-08T19:27:14.125+0000] {logging_mixin.py:188} INFO - [2026-08-08T19:27:14.125+0000] {dag.py:3947} INFO - Setting next_dagrun for feature_pipeline to 2026-08-08 19:00:00+00:00, run_after=2026-08-08 20:00:00+00:00
[2026-08-08T19:27:14.171+0000] {processor.py:183} INFO - Processing /opt/airflow/dags/feature_pipeline_dag.py took 2.196 seconds
[2026-08-08T19:27:44.779+0000] {processor.py:161} INFO - Started process (PID=1030) to work on /opt/airflow/dags/feature_pipeline_dag.py
[2026-08-08T19:27:44.782+0000] {processor.py:830} INFO - Processing file /opt/airflow/dags/feature_pipeline_dag.py for tasks to queue
[2026-08-08T19:27:44.785+0000] {logging_mixin.py:188} INFO - [2026-08-08T19:27:44.784+0000] {dagbag.py:545} INFO - Filling up the DagBag from /opt/airflow/dags/feature_pipeline_dag.py
[2026-08-08T19:27:46.405+0000] {processor.py:840} INFO - DAG(s) 'feature_pipeline' retrieved from /opt/airflow/dags/feature_pipeline_dag.py
[2026-08-08T19:27:46.806+0000] {logging_mixin.py:188} INFO - [2026-08-08T19:27:46.470+0000] {dag.py:3089} INFO - Sync 1 DAGs
[2026-08-08T19:27:46.918+0000] {logging_mixin.py:188} INFO - [2026-08-08T19:27:46.917+0000] {dag.py:3947} INFO - Setting next_dagrun for feature_pipeline to 2026-08-08 19:00:00+00:00, run_after=2026-08-08 20:00:00+00:00
[2026-08-08T19:27:46.982+0000] {processor.py:183} INFO - Processing /opt/airflow/dags/feature_pipeline_dag.py took 2.231 seconds
[2026-08-08T19:28:17.253+0000] {processor.py:161} INFO - Started process (PID=1042) to work on /opt/airflow/dags/feature_pipeline_dag.py
[2026-08-08T19:28:17.262+0000] {processor.py:830} INFO - Processing file /opt/airflow/dags/feature_pipeline_dag.py for tasks to queue
[2026-08-08T19:28:17.266+0000] {logging_mixin.py:188} INFO - [2026-08-08T19:28:17.265+0000] {dagbag.py:545} INFO - Filling up the DagBag from /opt/airflow/dags/feature_pipeline_dag.py
[2026-08-08T19:28:18.727+0000] {processor.py:840} INFO - DAG(s) 'feature_pipeline' retrieved from /opt/airflow/dags/feature_pipeline_dag.py
[2026-08-08T19:28:19.165+0000] {logging_mixin.py:188} INFO - [2026-08-08T19:28:19.164+0000] {dag.py:3089} INFO - Sync 1 DAGs
[2026-08-08T19:28:19.209+0000] {logging_mixin.py:188} INFO - [2026-08-08T19:28:19.209+0000] {dag.py:3947} INFO - Setting next_dagrun for feature_pipeline to 2026-08-08 19:00:00+00:00, run_after=2026-08-08 20:00:00+00:00
[2026-08-08T19:28:19.246+0000] {processor.py:183} INFO - Processing /opt/airflow/dags/feature_pipeline_dag.py took 2.015 seconds
[2026-08-08T19:28:49.995+0000] {processor.py:161} INFO - Started process (PID=1054) to work on /opt/airflow/dags/feature_pipeline_dag.py
[2026-08-08T19:28:49.999+0000] {processor.py:830} INFO - Processing file /opt/airflow/dags/feature_pipeline_dag.py for tasks to queue
[2026-08-08T19:28:50.002+0000] {logging_mixin.py:188} INFO - [2026-08-08T19:28:50.001+0000] {dagbag.py:545} INFO - Filling up the DagBag from /opt/airflow/dags/feature_pipeline_dag.py
[2026-08-08T19:28:53.121+0000] {processor.py:840} INFO - DAG(s) 'feature_pipeline' retrieved from /opt/airflow/dags/feature_pipeline_dag.py
[2026-08-08T19:28:53.215+0000] {logging_mixin.py:188} INFO - [2026-08-08T19:28:53.214+0000] {dag.py:3089} INFO - Sync 1 DAGs
[2026-08-08T19:28:53.259+0000] {logging_mixin.py:188} INFO - [2026-08-08T19:28:53.259+0000] {dag.py:3947} INFO - Setting next_dagrun for feature_pipeline to 2026-08-08 19:00:00+00:00, run_after=2026-08-08 20:00:00+00:00
[2026-08-08T19:28:53.302+0000] {processor.py:183} INFO - Processing /opt/airflow/dags/feature_pipeline_dag.py took 2.358 seconds
[2026-08-08T19:29:23.545+0000] {processor.py:161} INFO - Started process (PID=1069) to work on /opt/airflow/dags/feature_pipeline_dag.py
[2026-08-08T19:29:23.548+0000] {processor.py:830} INFO - Processing file /opt/airflow/dags/feature_pipeline_dag.py for tasks to queue
[2026-08-08T19:29:23.551+0000] {logging_mixin.py:188} INFO - [2026-08-08T19:29:23.550+0000] {dagbag.py:545} INFO - Filling up the DagBag from /opt/airflow/dags/feature_pipeline_dag.py
[2026-08-08T19:29:25.163+0000] {processor.py:840} INFO - DAG(s) 'feature_pipeline' retrieved from /opt/airflow/dags/feature_pipeline_dag.py
[2026-08-08T19:29:25.218+0000] {logging_mixin.py:188} INFO - [2026-08-08T19:29:25.217+0000] {dag.py:3089} INFO - Sync 1 DAGs
[2026-08-08T19:29:25.259+0000] {logging_mixin.py:188} INFO - [2026-08-08T19:29:25.259+0000] {dag.py:3947} INFO - Setting next_dagrun for feature_pipeline to 2026-08-08 19:00:00+00:00, run_after=2026-08-08 20:00:00+00:00
[2026-08-08T19:29:25.665+0000] {processor.py:183} INFO - Processing /opt/airflow/dags/feature_pipeline_dag.py took 2.142 seconds
[2026-08-08T19:29:56.360+0000] {processor.py:161} INFO - Started process (PID=1078) to work on /opt/airflow/dags/feature_pipeline_dag.py
[2026-08-08T19:29:56.363+0000] {processor.py:830} INFO - Processing file /opt/airflow/dags/feature_pipeline_dag.py for tasks to queue
[2026-08-08T19:29:56.366+0000] {logging_mixin.py:188} INFO - [2026-08-08T19:29:56.364+0000] {dagbag.py:545} INFO - Filling up the DagBag from /opt/airflow/dags/feature_pipeline_dag.py
[2026-08-08T19:29:58.321+0000] {processor.py:840} INFO - DAG(s) 'feature_pipeline' retrieved from /opt/airflow/dags/feature_pipeline_dag.py
[2026-08-08T19:29:58.385+0000] {logging_mixin.py:188} INFO - [2026-08-08T19:29:58.384+0000] {dag.py:3089} INFO - Sync 1 DAGs
[2026-08-08T19:29:58.725+0000] {logging_mixin.py:188} INFO - [2026-08-08T19:29:58.724+0000] {dag.py:3947} INFO - Setting next_dagrun for feature_pipeline to 2026-08-08 19:00:00+00:00, run_after=2026-08-08 20:00:00+00:00
[2026-08-08T19:29:58.760+0000] {processor.py:183} INFO - Processing /opt/airflow/dags/feature_pipeline_dag.py took 2.421 seconds
[2026-08-08T19:30:29.632+0000] {processor.py:161} INFO - Started process (PID=1090) to work on /opt/airflow/dags/feature_pipeline_dag.py
[2026-08-08T19:30:29.635+0000] {processor.py:830} INFO - Processing file /opt/airflow/dags/feature_pipeline_dag.py for tasks to queue
[2026-08-08T19:30:29.638+0000] {logging_mixin.py:188} INFO - [2026-08-08T19:30:29.637+0000] {dagbag.py:545} INFO - Filling up the DagBag from /opt/airflow/dags/feature_pipeline_dag.py
[2026-08-08T19:30:31.355+0000] {processor.py:840} INFO - DAG(s) 'feature_pipeline' retrieved from /opt/airflow/dags/feature_pipeline_dag.py
[2026-08-08T19:30:31.894+0000] {logging_mixin.py:188} INFO - [2026-08-08T19:30:31.470+0000] {dag.py:3089} INFO - Sync 1 DAGs
[2026-08-08T19:30:31.937+0000] {logging_mixin.py:188} INFO - [2026-08-08T19:30:31.937+0000] {dag.py:3947} INFO - Setting next_dagrun for feature_pipeline to 2026-08-08 19:00:00+00:00, run_after=2026-08-08 20:00:00+00:00
[2026-08-08T19:30:31.971+0000] {processor.py:183} INFO - Processing /opt/airflow/dags/feature_pipeline_dag.py took 2.363 seconds
[2026-08-08T19:31:02.858+0000] {processor.py:161} INFO - Started process (PID=1102) to work on /opt/airflow/dags/feature_pipeline_dag.py
[2026-08-08T19:31:02.862+0000] {processor.py:830} INFO - Processing file /opt/airflow/dags/feature_pipeline_dag.py for tasks to queue
[2026-08-08T19:31:02.866+0000] {logging_mixin.py:188} INFO - [2026-08-08T19:31:02.865+0000] {dagbag.py:545} INFO - Filling up the DagBag from /opt/airflow/dags/feature_pipeline_dag.py
[2026-08-08T19:31:04.361+0000] {processor.py:840} INFO - DAG(s) 'feature_pipeline' retrieved from /opt/airflow/dags/feature_pipeline_dag.py
[2026-08-08T19:31:04.794+0000] {logging_mixin.py:188} INFO - [2026-08-08T19:31:04.793+0000] {dag.py:3089} INFO - Sync 1 DAGs
[2026-08-08T19:31:04.854+0000] {logging_mixin.py:188} INFO - [2026-08-08T19:31:04.854+0000] {dag.py:3947} INFO - Setting next_dagrun for feature_pipeline to 2026-08-08 19:00:00+00:00, run_after=2026-08-08 20:00:00+00:00
[2026-08-08T19:31:04.936+0000] {processor.py:183} INFO - Processing /opt/airflow/dags/feature_pipeline_dag.py took 2.104 seconds
[2026-08-08T19:31:35.974+0000] {processor.py:161} INFO - Started process (PID=1114) to work on /opt/airflow/dags/feature_pipeline_dag.py
[2026-08-08T19:31:35.977+0000] {processor.py:830} INFO - Processing file /opt/airflow/dags/feature_pipeline_dag.py for tasks to queue
[2026-08-08T19:31:35.980+0000] {logging_mixin.py:188} INFO - [2026-08-08T19:31:35.980+0000] {dagbag.py:545} INFO - Filling up the DagBag from /opt/airflow/dags/feature_pipeline_dag.py
[2026-08-08T19:31:38.226+0000] {processor.py:840} INFO - DAG(s) 'feature_pipeline' retrieved from /opt/airflow/dags/feature_pipeline_dag.py
[2026-08-08T19:31:38.284+0000] {logging_mixin.py:188} INFO - [2026-08-08T19:31:38.283+0000] {dag.py:3089} INFO - Sync 1 DAGs
[2026-08-08T19:31:38.328+0000] {logging_mixin.py:188} INFO - [2026-08-08T19:31:38.327+0000] {dag.py:3947} INFO - Setting next_dagrun for feature_pipeline to 2026-08-08 19:00:00+00:00, run_after=2026-08-08 20:00:00+00:00
[2026-08-08T19:31:38.373+0000] {processor.py:183} INFO - Processing /opt/airflow/dags/feature_pipeline_dag.py took 2.421 seconds
[2026-08-08T19:32:09.459+0000] {processor.py:161} INFO - Started process (PID=1126) to work on /opt/airflow/dags/feature_pipeline_dag.py
[2026-08-08T19:32:09.463+0000] {processor.py:830} INFO - Processing file /opt/airflow/dags/feature_pipeline_dag.py for tasks to queue
[2026-08-08T19:32:09.469+0000] {logging_mixin.py:188} INFO - [2026-08-08T19:32:09.465+0000] {dagbag.py:545} INFO - Filling up the DagBag from /opt/airflow/dags/feature_pipeline_dag.py
[2026-08-08T19:32:11.096+0000] {processor.py:840} INFO - DAG(s) 'feature_pipeline' retrieved from /opt/airflow/dags/feature_pipeline_dag.py
[2026-08-08T19:32:11.167+0000] {logging_mixin.py:188} INFO - [2026-08-08T19:32:11.165+0000] {dag.py:3089} INFO - Sync 1 DAGs
[2026-08-08T19:32:11.218+0000] {logging_mixin.py:188} INFO - [2026-08-08T19:32:11.218+0000] {dag.py:3947} INFO - Setting next_dagrun for feature_pipeline to 2026-08-08 19:00:00+00:00, run_after=2026-08-08 20:00:00+00:00
[2026-08-08T19:32:11.712+0000] {processor.py:183} INFO - Processing /opt/airflow/dags/feature_pipeline_dag.py took 2.279 seconds
[2026-08-08T19:32:44.013+0000] {processor.py:161} INFO - Started process (PID=1138) to work on /opt/airflow/dags/feature_pipeline_dag.py
[2026-08-08T19:32:44.016+0000] {processor.py:830} INFO - Processing file /opt/airflow/dags/feature_pipeline_dag.py for tasks to queue
[2026-08-08T19:32:44.019+0000] {logging_mixin.py:188} INFO - [2026-08-08T19:32:44.018+0000] {dagbag.py:545} INFO - Filling up the DagBag from /opt/airflow/dags/feature_pipeline_dag.py
[2026-08-08T19:32:41.507+0000] {processor.py:840} INFO - DAG(s) 'feature_pipeline' retrieved from /opt/airflow/dags/feature_pipeline_dag.py
[2026-08-08T19:32:41.573+0000] {logging_mixin.py:188} INFO - [2026-08-08T19:32:41.572+0000] {dag.py:3089} INFO - Sync 1 DAGs
[2026-08-08T19:32:42.093+0000] {logging_mixin.py:188} INFO - [2026-08-08T19:32:42.093+0000] {dag.py:3947} INFO - Setting next_dagrun for feature_pipeline to 2026-08-08 19:00:00+00:00, run_after=2026-08-08 20:00:00+00:00
[2026-08-08T19:32:42.132+0000] {processor.py:183} INFO - Processing /opt/airflow/dags/feature_pipeline_dag.py took 2.211 seconds
[2026-08-08T19:33:13.000+0000] {processor.py:161} INFO - Started process (PID=1150) to work on /opt/airflow/dags/feature_pipeline_dag.py
[2026-08-08T19:33:13.004+0000] {processor.py:830} INFO - Processing file /opt/airflow/dags/feature_pipeline_dag.py for tasks to queue
[2026-08-08T19:33:13.007+0000] {logging_mixin.py:188} INFO - [2026-08-08T19:33:13.006+0000] {dagbag.py:545} INFO - Filling up the DagBag from /opt/airflow/dags/feature_pipeline_dag.py
[2026-08-08T19:33:14.744+0000] {processor.py:840} INFO - DAG(s) 'feature_pipeline' retrieved from /opt/airflow/dags/feature_pipeline_dag.py
[2026-08-08T19:33:14.835+0000] {logging_mixin.py:188} INFO - [2026-08-08T19:33:14.830+0000] {dag.py:3089} INFO - Sync 1 DAGs
[2026-08-08T19:33:15.338+0000] {logging_mixin.py:188} INFO - [2026-08-08T19:33:15.337+0000] {dag.py:3947} INFO - Setting next_dagrun for feature_pipeline to 2026-08-08 19:00:00+00:00, run_after=2026-08-08 20:00:00+00:00
[2026-08-08T19:33:15.380+0000] {processor.py:183} INFO - Processing /opt/airflow/dags/feature_pipeline_dag.py took 2.409 seconds
[2026-08-08T19:33:45.874+0000] {processor.py:161} INFO - Started process (PID=1162) to work on /opt/airflow/dags/feature_pipeline_dag.py
[2026-08-08T19:33:45.878+0000] {processor.py:830} INFO - Processing file /opt/airflow/dags/feature_pipeline_dag.py for tasks to queue
[2026-08-08T19:33:45.881+0000] {logging_mixin.py:188} INFO - [2026-08-08T19:33:45.880+0000] {dagbag.py:545} INFO - Filling up the DagBag from /opt/airflow/dags/feature_pipeline_dag.py
[2026-08-08T19:33:47.530+0000] {processor.py:840} INFO - DAG(s) 'feature_pipeline' retrieved from /opt/airflow/dags/feature_pipeline_dag.py
[2026-08-08T19:33:47.933+0000] {logging_mixin.py:188} INFO - [2026-08-08T19:33:47.932+0000] {dag.py:3089} INFO - Sync 1 DAGs
[2026-08-08T19:33:47.982+0000] {logging_mixin.py:188} INFO - [2026-08-08T19:33:47.981+0000] {dag.py:3947} INFO - Setting next_dagrun for feature_pipeline to 2026-08-08 19:00:00+00:00, run_after=2026-08-08 20:00:00+00:00
[2026-08-08T19:33:48.019+0000] {processor.py:183} INFO - Processing /opt/airflow/dags/feature_pipeline_dag.py took 2.169 seconds
[2026-08-08T19:34:18.595+0000] {processor.py:161} INFO - Started process (PID=1174) to work on /opt/airflow/dags/feature_pipeline_dag.py
[2026-08-08T19:34:18.598+0000] {processor.py:830} INFO - Processing file /opt/airflow/dags/feature_pipeline_dag.py for tasks to queue
[2026-08-08T19:34:18.600+0000] {logging_mixin.py:188} INFO - [2026-08-08T19:34:18.599+0000] {dagbag.py:545} INFO - Filling up the DagBag from /opt/airflow/dags/feature_pipeline_dag.py
[2026-08-08T19:34:20.291+0000] {processor.py:840} INFO - DAG(s) 'feature_pipeline' retrieved from /opt/airflow/dags/feature_pipeline_dag.py
[2026-08-08T19:34:20.356+0000] {logging_mixin.py:188} INFO - [2026-08-08T19:34:20.356+0000] {dag.py:3089} INFO - Sync 1 DAGs
[2026-08-08T19:34:20.399+0000] {logging_mixin.py:188} INFO - [2026-08-08T19:34:20.399+0000] {dag.py:3947} INFO - Setting next_dagrun for feature_pipeline to 2026-08-08 19:00:00+00:00, run_after=2026-08-08 20:00:00+00:00
[2026-08-08T19:34:20.440+0000] {processor.py:183} INFO - Processing /opt/airflow/dags/feature_pipeline_dag.py took 1.865 seconds
[2026-08-08T19:34:51.223+0000] {processor.py:161} INFO - Started process (PID=1186) to work on /opt/airflow/dags/feature_pipeline_dag.py
[2026-08-08T19:34:51.227+0000] {processor.py:830} INFO - Processing file /opt/airflow/dags/feature_pipeline_dag.py for tasks to queue
[2026-08-08T19:34:51.230+0000] {logging_mixin.py:188} INFO - [2026-08-08T19:34:51.229+0000] {dagbag.py:545} INFO - Filling up the DagBag from /opt/airflow/dags/feature_pipeline_dag.py
[2026-08-08T19:34:52.876+0000] {processor.py:840} INFO - DAG(s) 'feature_pipeline' retrieved from /opt/airflow/dags/feature_pipeline_dag.py
[2026-08-08T19:34:52.942+0000] {logging_mixin.py:188} INFO - [2026-08-08T19:34:52.941+0000] {dag.py:3089} INFO - Sync 1 DAGs
[2026-08-08T19:34:52.998+0000] {logging_mixin.py:188} INFO - [2026-08-08T19:34:52.998+0000] {dag.py:3947} INFO - Setting next_dagrun for feature_pipeline to 2026-08-08 19:00:00+00:00, run_after=2026-08-08 20:00:00+00:00
[2026-08-08T19:34:53.564+0000] {processor.py:183} INFO - Processing /opt/airflow/dags/feature_pipeline_dag.py took 2.363 seconds
[2026-08-08T19:35:24.509+0000] {processor.py:161} INFO - Started process (PID=1198) to work on /opt/airflow/dags/feature_pipeline_dag.py
[2026-08-08T19:35:24.512+0000] {processor.py:830} INFO - Processing file /opt/airflow/dags/feature_pipeline_dag.py for tasks to queue
[2026-08-08T19:35:24.515+0000] {logging_mixin.py:188} INFO - [2026-08-08T19:35:24.514+0000] {dagbag.py:545} INFO - Filling up the DagBag from /opt/airflow/dags/feature_pipeline_dag.py
[2026-08-08T19:35:26.184+0000] {processor.py:840} INFO - DAG(s) 'feature_pipeline' retrieved from /opt/airflow/dags/feature_pipeline_dag.py
[2026-08-08T19:35:26.246+0000] {logging_mixin.py:188} INFO - [2026-08-08T19:35:26.245+0000] {dag.py:3089} INFO - Sync 1 DAGs
[2026-08-08T19:35:26.699+0000] {logging_mixin.py:188} INFO - [2026-08-08T19:35:26.699+0000] {dag.py:3947} INFO - Setting next_dagrun for feature_pipeline to 2026-08-08 19:00:00+00:00, run_after=2026-08-08 20:00:00+00:00
[2026-08-08T19:35:26.739+0000] {processor.py:183} INFO - Processing /opt/airflow/dags/feature_pipeline_dag.py took 2.254 seconds
[2026-08-08T19:35:56.959+0000] {processor.py:161} INFO - Started process (PID=1210) to work on /opt/airflow/dags/feature_pipeline_dag.py
[2026-08-08T19:35:56.963+0000] {processor.py:830} INFO - Processing file /opt/airflow/dags/feature_pipeline_dag.py for tasks to queue
[2026-08-08T19:35:56.966+0000] {logging_mixin.py:188} INFO - [2026-08-08T19:35:56.965+0000] {dagbag.py:545} INFO - Filling up the DagBag from /opt/airflow/dags/feature_pipeline_dag.py
[2026-08-08T19:35:58.590+0000] {processor.py:840} INFO - DAG(s) 'feature_pipeline' retrieved from /opt/airflow/dags/feature_pipeline_dag.py
[2026-08-08T19:35:58.666+0000] {logging_mixin.py:188} INFO - [2026-08-08T19:35:58.661+0000] {dag.py:3089} INFO - Sync 1 DAGs
[2026-08-08T19:35:59.142+0000] {logging_mixin.py:188} INFO - [2026-08-08T19:35:59.141+0000] {dag.py:3947} INFO - Setting next_dagrun for feature_pipeline to 2026-08-08 19:00:00+00:00, run_after=2026-08-08 20:00:00+00:00
[2026-08-08T19:35:59.178+0000] {processor.py:183} INFO - Processing /opt/airflow/dags/feature_pipeline_dag.py took 2.241 seconds
[2026-08-08T19:36:29.751+0000] {processor.py:161} INFO - Started process (PID=1222) to work on /opt/airflow/dags/feature_pipeline_dag.py
[2026-08-08T19:36:29.755+0000] {processor.py:830} INFO - Processing file /opt/airflow/dags/feature_pipeline_dag.py for tasks to queue
[2026-08-08T19:36:29.757+0000] {logging_mixin.py:188} INFO - [2026-08-08T19:36:29.756+0000] {dagbag.py:545} INFO - Filling up the DagBag from /opt/airflow/dags/feature_pipeline_dag.py
[2026-08-08T19:36:31.398+0000] {processor.py:840} INFO - DAG(s) 'feature_pipeline' retrieved from /opt/airflow/dags/feature_pipeline_dag.py
[2026-08-08T19:36:31.793+0000] {logging_mixin.py:188} INFO - [2026-08-08T19:36:31.792+0000] {dag.py:3089} INFO - Sync 1 DAGs
[2026-08-08T19:36:31.839+0000] {logging_mixin.py:188} INFO - [2026-08-08T19:36:31.838+0000] {dag.py:3947} INFO - Setting next_dagrun for feature_pipeline to 2026-08-08 19:00:00+00:00, run_after=2026-08-08 20:00:00+00:00
[2026-08-08T19:36:31.877+0000] {processor.py:183} INFO - Processing /opt/airflow/dags/feature_pipeline_dag.py took 2.147 seconds
[2026-08-08T19:37:02.395+0000] {processor.py:161} INFO - Started process (PID=1234) to work on /opt/airflow/dags/feature_pipeline_dag.py
[2026-08-08T19:37:02.399+0000] {processor.py:830} INFO - Processing file /opt/airflow/dags/feature_pipeline_dag.py for tasks to queue
[2026-08-08T19:37:02.402+0000] {logging_mixin.py:188} INFO - [2026-08-08T19:37:02.401+0000] {dagbag.py:545} INFO - Filling up the DagBag from /opt/airflow/dags/feature_pipeline_dag.py
[2026-08-08T19:37:04.415+0000] {processor.py:840} INFO - DAG(s) 'feature_pipeline' retrieved from /opt/airflow/dags/feature_pipeline_dag.py
[2026-08-08T19:37:04.466+0000] {logging_mixin.py:188} INFO - [2026-08-08T19:37:04.465+0000] {dag.py:3089} INFO - Sync 1 DAGs
[2026-08-08T19:37:04.505+0000] {logging_mixin.py:188} INFO - [2026-08-08T19:37:04.505+0000] {dag.py:3947} INFO - Setting next_dagrun for feature_pipeline to 2026-08-08 19:00:00+00:00, run_after=2026-08-08 20:00:00+00:00
[2026-08-08T19:37:04.540+0000] {processor.py:183} INFO - Processing /opt/airflow/dags/feature_pipeline_dag.py took 2.171 seconds
[2026-08-08T19:37:34.954+0000] {processor.py:161} INFO - Started process (PID=1246) to work on /opt/airflow/dags/feature_pipeline_dag.py
[2026-08-08T19:37:34.957+0000] {processor.py:830} INFO - Processing file /opt/airflow/dags/feature_pipeline_dag.py for tasks to queue
[2026-08-08T19:37:34.960+0000] {logging_mixin.py:188} INFO - [2026-08-08T19:37:34.959+0000] {dagbag.py:545} INFO - Filling up the DagBag from /opt/airflow/dags/feature_pipeline_dag.py
[2026-08-08T19:37:36.848+0000] {processor.py:840} INFO - DAG(s) 'feature_pipeline' retrieved from /opt/airflow/dags/feature_pipeline_dag.py
[2026-08-08T19:37:36.908+0000] {logging_mixin.py:188} INFO - [2026-08-08T19:37:36.907+0000] {dag.py:3089} INFO - Sync 1 DAGs
[2026-08-08T19:37:36.955+0000] {logging_mixin.py:188} INFO - [2026-08-08T19:37:36.955+0000] {dag.py:3947} INFO - Setting next_dagrun for feature_pipeline to 2026-08-08 19:00:00+00:00, run_after=2026-08-08 20:00:00+00:00
[2026-08-08T19:37:36.996+0000] {processor.py:183} INFO - Processing /opt/airflow/dags/feature_pipeline_dag.py took 2.064 seconds
[2026-08-08T19:38:07.614+0000] {processor.py:161} INFO - Started process (PID=1258) to work on /opt/airflow/dags/feature_pipeline_dag.py
[2026-08-08T19:38:07.618+0000] {processor.py:830} INFO - Processing file /opt/airflow/dags/feature_pipeline_dag.py for tasks to queue
[2026-08-08T19:38:07.621+0000] {logging_mixin.py:188} INFO - [2026-08-08T19:38:07.620+0000] {dagbag.py:545} INFO - Filling up the DagBag from /opt/airflow/dags/feature_pipeline_dag.py
[2026-08-08T19:38:09.246+0000] {processor.py:840} INFO - DAG(s) 'feature_pipeline' retrieved from /opt/airflow/dags/feature_pipeline_dag.py
[2026-08-08T19:38:09.311+0000] {logging_mixin.py:188} INFO - [2026-08-08T19:38:09.310+0000] {dag.py:3089} INFO - Sync 1 DAGs
[2026-08-08T19:38:09.725+0000] {logging_mixin.py:188} INFO - [2026-08-08T19:38:09.724+0000] {dag.py:3947} INFO - Setting next_dagrun for feature_pipeline to 2026-08-08 19:00:00+00:00, run_after=2026-08-08 20:00:00+00:00
[2026-08-08T19:38:09.767+0000] {processor.py:183} INFO - Processing /opt/airflow/dags/feature_pipeline_dag.py took 2.180 seconds
[2026-08-08T19:38:40.543+0000] {processor.py:161} INFO - Started process (PID=1270) to work on /opt/airflow/dags/feature_pipeline_dag.py
[2026-08-08T19:38:40.546+0000] {processor.py:830} INFO - Processing file /opt/airflow/dags/feature_pipeline_dag.py for tasks to queue
[2026-08-08T19:38:40.548+0000] {logging_mixin.py:188} INFO - [2026-08-08T19:38:40.547+0000] {dagbag.py:545} INFO - Filling up the DagBag from /opt/airflow/dags/feature_pipeline_dag.py
[2026-08-08T19:38:42.114+0000] {processor.py:840} INFO - DAG(s) 'feature_pipeline' retrieved from /opt/airflow/dags/feature_pipeline_dag.py
[2026-08-08T19:38:42.183+0000] {logging_mixin.py:188} INFO - [2026-08-08T19:38:42.180+0000] {dag.py:3089} INFO - Sync 1 DAGs
[2026-08-08T19:38:44.213+0000] {logging_mixin.py:188} INFO - [2026-08-08T19:38:44.213+0000] {dag.py:3947} INFO - Setting next_dagrun for feature_pipeline to 2026-08-08 19:00:00+00:00, run_after=2026-08-08 20:00:00+00:00
[2026-08-08T19:38:44.255+0000] {processor.py:183} INFO - Processing /opt/airflow/dags/feature_pipeline_dag.py took 2.155 seconds
[2026-08-08T19:39:11.996+0000] {processor.py:161} INFO - Started process (PID=1282) to work on /opt/airflow/dags/feature_pipeline_dag.py
[2026-08-08T19:39:11.999+0000] {processor.py:830} INFO - Processing file /opt/airflow/dags/feature_pipeline_dag.py for tasks to queue
[2026-08-08T19:39:12.001+0000] {logging_mixin.py:188} INFO - [2026-08-08T19:39:12.000+0000] {dagbag.py:545} INFO - Filling up the DagBag from /opt/airflow/dags/feature_pipeline_dag.py
[2026-08-08T19:39:09.837+0000] {processor.py:840} INFO - DAG(s) 'feature_pipeline' retrieved from /opt/airflow/dags/feature_pipeline_dag.py
[2026-08-08T19:39:09.895+0000] {logging_mixin.py:188} INFO - [2026-08-08T19:39:09.894+0000] {dag.py:3089} INFO - Sync 1 DAGs
[2026-08-08T19:39:09.947+0000] {logging_mixin.py:188} INFO - [2026-08-08T19:39:09.946+0000] {dag.py:3947} INFO - Setting next_dagrun for feature_pipeline to 2026-08-08 19:00:00+00:00, run_after=2026-08-08 20:00:00+00:00
[2026-08-08T19:39:09.985+0000] {processor.py:183} INFO - Processing /opt/airflow/dags/feature_pipeline_dag.py took 2.041 seconds
[2026-08-08T19:39:40.641+0000] {processor.py:161} INFO - Started process (PID=1294) to work on /opt/airflow/dags/feature_pipeline_dag.py
[2026-08-08T19:39:40.643+0000] {processor.py:830} INFO - Processing file /opt/airflow/dags/feature_pipeline_dag.py for tasks to queue
[2026-08-08T19:39:40.645+0000] {logging_mixin.py:188} INFO - [2026-08-08T19:39:40.644+0000] {dagbag.py:545} INFO - Filling up the DagBag from /opt/airflow/dags/feature_pipeline_dag.py
[2026-08-08T19:39:42.491+0000] {processor.py:840} INFO - DAG(s) 'feature_pipeline' retrieved from /opt/airflow/dags/feature_pipeline_dag.py
[2026-08-08T19:39:42.545+0000] {logging_mixin.py:188} INFO - [2026-08-08T19:39:42.544+0000] {dag.py:3089} INFO - Sync 1 DAGs
[2026-08-08T19:39:42.589+0000] {logging_mixin.py:188} INFO - [2026-08-08T19:39:42.589+0000] {dag.py:3947} INFO - Setting next_dagrun for feature_pipeline to 2026-08-08 19:00:00+00:00, run_after=2026-08-08 20:00:00+00:00
[2026-08-08T19:39:42.627+0000] {processor.py:183} INFO - Processing /opt/airflow/dags/feature_pipeline_dag.py took 2.002 seconds
[2026-08-08T19:40:13.388+0000] {processor.py:161} INFO - Started process (PID=1306) to work on /opt/airflow/dags/feature_pipeline_dag.py
[2026-08-08T19:40:13.391+0000] {processor.py:830} INFO - Processing file /opt/airflow/dags/feature_pipeline_dag.py for tasks to queue
[2026-08-08T19:40:13.393+0000] {logging_mixin.py:188} INFO - [2026-08-08T19:40:13.392+0000] {dagbag.py:545} INFO - Filling up the DagBag from /opt/airflow/dags/feature_pipeline_dag.py
[2026-08-08T19:40:15.214+0000] {processor.py:840} INFO - DAG(s) 'feature_pipeline' retrieved from /opt/airflow/dags/feature_pipeline_dag.py
[2026-08-08T19:40:15.264+0000] {logging_mixin.py:188} INFO - [2026-08-08T19:40:15.264+0000] {dag.py:3089} INFO - Sync 1 DAGs
[2026-08-08T19:40:15.301+0000] {logging_mixin.py:188} INFO - [2026-08-08T19:40:15.301+0000] {dag.py:3947} INFO - Setting next_dagrun for feature_pipeline to 2026-08-08 19:00:00+00:00, run_after=2026-08-08 20:00:00+00:00
[2026-08-08T19:40:15.340+0000] {processor.py:183} INFO - Processing /opt/airflow/dags/feature_pipeline_dag.py took 1.969 seconds
[2026-08-08T19:40:46.055+0000] {processor.py:161} INFO - Started process (PID=1318) to work on /opt/airflow/dags/feature_pipeline_dag.py
[2026-08-08T19:40:46.057+0000] {processor.py:830} INFO - Processing file /opt/airflow/dags/feature_pipeline_dag.py for tasks to queue
[2026-08-08T19:40:46.060+0000] {logging_mixin.py:188} INFO - [2026-08-08T19:40:46.059+0000] {dagbag.py:545} INFO - Filling up the DagBag from /opt/airflow/dags/feature_pipeline_dag.py
[2026-08-08T19:40:47.568+0000] {processor.py:840} INFO - DAG(s) 'feature_pipeline' retrieved from /opt/airflow/dags/feature_pipeline_dag.py
[2026-08-08T19:40:47.631+0000] {logging_mixin.py:188} INFO - [2026-08-08T19:40:47.630+0000] {dag.py:3089} INFO - Sync 1 DAGs
[2026-08-08T19:40:47.680+0000] {logging_mixin.py:188} INFO - [2026-08-08T19:40:47.680+0000] {dag.py:3947} INFO - Setting next_dagrun for feature_pipeline to 2026-08-08 19:00:00+00:00, run_after=2026-08-08 20:00:00+00:00
[2026-08-08T19:40:48.059+0000] {processor.py:183} INFO - Processing /opt/airflow/dags/feature_pipeline_dag.py took 2.019 seconds
[2026-08-08T19:41:18.509+0000] {processor.py:161} INFO - Started process (PID=1330) to work on /opt/airflow/dags/feature_pipeline_dag.py
[2026-08-08T19:41:18.511+0000] {processor.py:830} INFO - Processing file /opt/airflow/dags/feature_pipeline_dag.py for tasks to queue
[2026-08-08T19:41:18.514+0000] {logging_mixin.py:188} INFO - [2026-08-08T19:41:18.513+0000] {dagbag.py:545} INFO - Filling up the DagBag from /opt/airflow/dags/feature_pipeline_dag.py
[2026-08-08T19:41:19.972+0000] {processor.py:840} INFO - DAG(s) 'feature_pipeline' retrieved from /opt/airflow/dags/feature_pipeline_dag.py
[2026-08-08T19:41:20.035+0000] {logging_mixin.py:188} INFO - [2026-08-08T19:41:20.032+0000] {dag.py:3089} INFO - Sync 1 DAGs
[2026-08-08T19:41:20.440+0000] {logging_mixin.py:188} INFO - [2026-08-08T19:41:20.439+0000] {dag.py:3947} INFO - Setting next_dagrun for feature_pipeline to 2026-08-08 19:00:00+00:00, run_after=2026-08-08 20:00:00+00:00
[2026-08-08T19:41:20.478+0000] {processor.py:183} INFO - Processing /opt/airflow/dags/feature_pipeline_dag.py took 1.992 seconds
[2026-08-08T19:41:50.979+0000] {processor.py:161} INFO - Started process (PID=1342) to work on /opt/airflow/dags/feature_pipeline_dag.py
[2026-08-08T19:41:50.981+0000] {processor.py:830} INFO - Processing file /opt/airflow/dags/feature_pipeline_dag.py for tasks to queue
[2026-08-08T19:41:50.984+0000] {logging_mixin.py:188} INFO - [2026-08-08T19:41:50.983+0000] {dagbag.py:545} INFO - Filling up the DagBag from /opt/airflow/dags/feature_pipeline_dag.py
[2026-08-08T19:41:52.873+0000] {processor.py:840} INFO - DAG(s) 'feature_pipeline' retrieved from /opt/airflow/dags/feature_pipeline_dag.py
[2026-08-08T19:41:52.931+0000] {logging_mixin.py:188} INFO - [2026-08-08T19:41:52.930+0000] {dag.py:3089} INFO - Sync 1 DAGs
[2026-08-08T19:41:52.985+0000] {logging_mixin.py:188} INFO - [2026-08-08T19:41:52.985+0000] {dag.py:3947} INFO - Setting next_dagrun for feature_pipeline to 2026-08-08 19:00:00+00:00, run_after=2026-08-08 20:00:00+00:00
[2026-08-08T19:41:53.024+0000] {processor.py:183} INFO - Processing /opt/airflow/dags/feature_pipeline_dag.py took 2.061 seconds
[2026-08-08T19:42:23.510+0000] {processor.py:161} INFO - Started process (PID=1354) to work on /opt/airflow/dags/feature_pipeline_dag.py
[2026-08-08T19:42:23.512+0000] {processor.py:830} INFO - Processing file /opt/airflow/dags/feature_pipeline_dag.py for tasks to queue
[2026-08-08T19:42:23.515+0000] {logging_mixin.py:188} INFO - [2026-08-08T19:42:23.514+0000] {dagbag.py:545} INFO - Filling up the DagBag from /opt/airflow/dags/feature_pipeline_dag.py
[2026-08-08T19:42:22.712+0000] {processor.py:840} INFO - DAG(s) 'feature_pipeline' retrieved from /opt/airflow/dags/feature_pipeline_dag.py
[2026-08-08T19:42:23.110+0000] {logging_mixin.py:188} INFO - [2026-08-08T19:42:23.109+0000] {dag.py:3089} INFO - Sync 1 DAGs
[2026-08-08T19:42:23.177+0000] {logging_mixin.py:188} INFO - [2026-08-08T19:42:23.176+0000] {dag.py:3947} INFO - Setting next_dagrun for feature_pipeline to 2026-08-08 19:00:00+00:00, run_after=2026-08-08 20:00:00+00:00
[2026-08-08T19:42:23.224+0000] {processor.py:183} INFO - Processing /opt/airflow/dags/feature_pipeline_dag.py took 2.079 seconds
[2026-08-08T19:42:53.818+0000] {processor.py:161} INFO - Started process (PID=1366) to work on /opt/airflow/dags/feature_pipeline_dag.py
[2026-08-08T19:42:53.821+0000] {processor.py:830} INFO - Processing file /opt/airflow/dags/feature_pipeline_dag.py for tasks to queue
[2026-08-08T19:42:53.823+0000] {logging_mixin.py:188} INFO - [2026-08-08T19:42:53.823+0000] {dagbag.py:545} INFO - Filling up the DagBag from /opt/airflow/dags/feature_pipeline_dag.py
[2026-08-08T19:42:51.445+0000] {processor.py:840} INFO - DAG(s) 'feature_pipeline' retrieved from /opt/airflow/dags/feature_pipeline_dag.py
[2026-08-08T19:42:51.503+0000] {logging_mixin.py:188} INFO - [2026-08-08T19:42:51.502+0000] {dag.py:3089} INFO - Sync 1 DAGs
[2026-08-08T19:42:51.541+0000] {logging_mixin.py:188} INFO - [2026-08-08T19:42:51.540+0000] {dag.py:3947} INFO - Setting next_dagrun for feature_pipeline to 2026-08-08 19:00:00+00:00, run_after=2026-08-08 20:00:00+00:00
[2026-08-08T19:42:51.574+0000] {processor.py:183} INFO - Processing /opt/airflow/dags/feature_pipeline_dag.py took 1.883 seconds
[2026-08-08T19:43:22.451+0000] {processor.py:161} INFO - Started process (PID=1378) to work on /opt/airflow/dags/feature_pipeline_dag.py
[2026-08-08T19:43:22.453+0000] {processor.py:830} INFO - Processing file /opt/airflow/dags/feature_pipeline_dag.py for tasks to queue
[2026-08-08T19:43:22.455+0000] {logging_mixin.py:188} INFO - [2026-08-08T19:43:22.455+0000] {dagbag.py:545} INFO - Filling up the DagBag from /opt/airflow/dags/feature_pipeline_dag.py
[2026-08-08T19:43:23.922+0000] {processor.py:840} INFO - DAG(s) 'feature_pipeline' retrieved from /opt/airflow/dags/feature_pipeline_dag.py
[2026-08-08T19:43:23.991+0000] {logging_mixin.py:188} INFO - [2026-08-08T19:43:23.990+0000] {dag.py:3089} INFO - Sync 1 DAGs
[2026-08-08T19:43:24.043+0000] {logging_mixin.py:188} INFO - [2026-08-08T19:43:24.043+0000] {dag.py:3947} INFO - Setting next_dagrun for feature_pipeline to 2026-08-08 19:00:00+00:00, run_after=2026-08-08 20:00:00+00:00
[2026-08-08T19:43:24.380+0000] {processor.py:183} INFO - Processing /opt/airflow/dags/feature_pipeline_dag.py took 1.946 seconds
[2026-08-08T19:43:55.155+0000] {processor.py:161} INFO - Started process (PID=1390) to work on /opt/airflow/dags/feature_pipeline_dag.py
[2026-08-08T19:43:55.158+0000] {processor.py:830} INFO - Processing file /opt/airflow/dags/feature_pipeline_dag.py for tasks to queue
[2026-08-08T19:43:55.161+0000] {logging_mixin.py:188} INFO - [2026-08-08T19:43:55.160+0000] {dagbag.py:545} INFO - Filling up the DagBag from /opt/airflow/dags/feature_pipeline_dag.py
[2026-08-08T19:43:56.731+0000] {processor.py:840} INFO - DAG(s) 'feature_pipeline' retrieved from /opt/airflow/dags/feature_pipeline_dag.py
[2026-08-08T19:43:56.812+0000] {logging_mixin.py:188} INFO - [2026-08-08T19:43:56.811+0000] {dag.py:3089} INFO - Sync 1 DAGs
[2026-08-08T19:43:57.319+0000] {logging_mixin.py:188} INFO - [2026-08-08T19:43:57.318+0000] {dag.py:3947} INFO - Setting next_dagrun for feature_pipeline to 2026-08-08 19:00:00+00:00, run_after=2026-08-08 20:00:00+00:00
[2026-08-08T19:43:57.355+0000] {processor.py:183} INFO - Processing /opt/airflow/dags/feature_pipeline_dag.py took 2.450 seconds
[2026-08-08T20:03:05.318+0000] {processor.py:161} INFO - Started process (PID=1402) to work on /opt/airflow/dags/feature_pipeline_dag.py
[2026-08-08T20:03:05.325+0000] {processor.py:830} INFO - Processing file /opt/airflow/dags/feature_pipeline_dag.py for tasks to queue
[2026-08-08T20:03:05.337+0000] {logging_mixin.py:188} INFO - [2026-08-08T20:03:05.336+0000] {dagbag.py:545} INFO - Filling up the DagBag from /opt/airflow/dags/feature_pipeline_dag.py
[2026-08-08T20:03:08.514+0000] {processor.py:840} INFO - DAG(s) 'feature_pipeline' retrieved from /opt/airflow/dags/feature_pipeline_dag.py
[2026-08-08T20:03:08.580+0000] {logging_mixin.py:188} INFO - [2026-08-08T20:03:08.576+0000] {dag.py:3089} INFO - Sync 1 DAGs
[2026-08-08T20:03:08.667+0000] {logging_mixin.py:188} INFO - [2026-08-08T20:03:08.667+0000] {dag.py:3947} INFO - Setting next_dagrun for feature_pipeline to 2026-08-08 20:00:00+00:00, run_after=2026-08-08 21:00:00+00:00
[2026-08-08T20:03:08.764+0000] {processor.py:183} INFO - Processing /opt/airflow/dags/feature_pipeline_dag.py took 3.496 seconds
[2026-08-08T20:03:39.833+0000] {processor.py:161} INFO - Started process (PID=1453) to work on /opt/airflow/dags/feature_pipeline_dag.py
[2026-08-08T20:03:39.835+0000] {processor.py:830} INFO - Processing file /opt/airflow/dags/feature_pipeline_dag.py for tasks to queue
[2026-08-08T20:03:39.837+0000] {logging_mixin.py:188} INFO - [2026-08-08T20:03:39.837+0000] {dagbag.py:545} INFO - Filling up the DagBag from /opt/airflow/dags/feature_pipeline_dag.py
[2026-08-08T20:03:41.235+0000] {processor.py:840} INFO - DAG(s) 'feature_pipeline' retrieved from /opt/airflow/dags/feature_pipeline_dag.py
[2026-08-08T20:03:42.565+0000] {logging_mixin.py:188} INFO - [2026-08-08T20:03:42.565+0000] {dag.py:3089} INFO - Sync 1 DAGs
[2026-08-08T20:03:42.603+0000] {logging_mixin.py:188} INFO - [2026-08-08T20:03:42.602+0000] {dag.py:3947} INFO - Setting next_dagrun for feature_pipeline to 2026-08-08 20:00:00+00:00, run_after=2026-08-08 21:00:00+00:00
[2026-08-08T20:03:42.643+0000] {processor.py:183} INFO - Processing /opt/airflow/dags/feature_pipeline_dag.py took 2.823 seconds
[2026-08-08T20:04:17.427+0000] {processor.py:161} INFO - Started process (PID=1487) to work on /opt/airflow/dags/feature_pipeline_dag.py
[2026-08-08T20:04:17.429+0000] {processor.py:830} INFO - Processing file /opt/airflow/dags/feature_pipeline_dag.py for tasks to queue
[2026-08-08T20:04:17.430+0000] {logging_mixin.py:188} INFO - [2026-08-08T20:04:17.430+0000] {dagbag.py:545} INFO - Filling up the DagBag from /opt/airflow/dags/feature_pipeline_dag.py
[2026-08-08T20:04:14.349+0000] {processor.py:840} INFO - DAG(s) 'feature_pipeline' retrieved from /opt/airflow/dags/feature_pipeline_dag.py
[2026-08-08T20:04:14.386+0000] {logging_mixin.py:188} INFO - [2026-08-08T20:04:14.386+0000] {dag.py:3089} INFO - Sync 1 DAGs
[2026-08-08T20:04:14.414+0000] {logging_mixin.py:188} INFO - [2026-08-08T20:04:14.413+0000] {dag.py:3947} INFO - Setting next_dagrun for feature_pipeline to 2026-08-08 20:00:00+00:00, run_after=2026-08-08 21:00:00+00:00
[2026-08-08T20:04:14.445+0000] {processor.py:183} INFO - Processing /opt/airflow/dags/feature_pipeline_dag.py took 1.488 seconds
[2026-08-08T20:04:44.610+0000] {processor.py:161} INFO - Started process (PID=1496) to work on /opt/airflow/dags/feature_pipeline_dag.py
[2026-08-08T20:04:44.613+0000] {processor.py:830} INFO - Processing file /opt/airflow/dags/feature_pipeline_dag.py for tasks to queue
[2026-08-08T20:04:44.616+0000] {logging_mixin.py:188} INFO - [2026-08-08T20:04:44.615+0000] {dagbag.py:545} INFO - Filling up the DagBag from /opt/airflow/dags/feature_pipeline_dag.py
[2026-08-08T20:04:46.556+0000] {processor.py:840} INFO - DAG(s) 'feature_pipeline' retrieved from /opt/airflow/dags/feature_pipeline_dag.py
[2026-08-08T20:04:46.616+0000] {logging_mixin.py:188} INFO - [2026-08-08T20:04:46.615+0000] {dag.py:3089} INFO - Sync 1 DAGs
[2026-08-08T20:04:46.662+0000] {logging_mixin.py:188} INFO - [2026-08-08T20:04:46.662+0000] {dag.py:3947} INFO - Setting next_dagrun for feature_pipeline to 2026-08-08 20:00:00+00:00, run_after=2026-08-08 21:00:00+00:00
[2026-08-08T20:04:46.702+0000] {processor.py:183} INFO - Processing /opt/airflow/dags/feature_pipeline_dag.py took 2.109 seconds
[2026-08-08T20:05:16.983+0000] {processor.py:161} INFO - Started process (PID=1508) to work on /opt/airflow/dags/feature_pipeline_dag.py
[2026-08-08T20:05:16.986+0000] {processor.py:830} INFO - Processing file /opt/airflow/dags/feature_pipeline_dag.py for tasks to queue
[2026-08-08T20:05:16.988+0000] {logging_mixin.py:188} INFO - [2026-08-08T20:05:16.987+0000] {dagbag.py:545} INFO - Filling up the DagBag from /opt/airflow/dags/feature_pipeline_dag.py
[2026-08-08T20:05:18.432+0000] {processor.py:840} INFO - DAG(s) 'feature_pipeline' retrieved from /opt/airflow/dags/feature_pipeline_dag.py
[2026-08-08T20:05:18.493+0000] {logging_mixin.py:188} INFO - [2026-08-08T20:05:18.491+0000] {dag.py:3089} INFO - Sync 1 DAGs
[2026-08-08T20:05:18.841+0000] {logging_mixin.py:188} INFO - [2026-08-08T20:05:18.841+0000] {dag.py:3947} INFO - Setting next_dagrun for feature_pipeline to 2026-08-08 20:00:00+00:00, run_after=2026-08-08 21:00:00+00:00
[2026-08-08T20:05:18.878+0000] {processor.py:183} INFO - Processing /opt/airflow/dags/feature_pipeline_dag.py took 1.914 seconds
[2026-08-08T20:05:49.568+0000] {processor.py:161} INFO - Started process (PID=1520) to work on /opt/airflow/dags/feature_pipeline_dag.py
[2026-08-08T20:05:49.571+0000] {processor.py:830} INFO - Processing file /opt/airflow/dags/feature_pipeline_dag.py for tasks to queue
[2026-08-08T20:05:49.573+0000] {logging_mixin.py:188} INFO - [2026-08-08T20:05:49.573+0000] {dagbag.py:545} INFO - Filling up the DagBag from /opt/airflow/dags/feature_pipeline_dag.py
[2026-08-08T20:05:51.152+0000] {processor.py:840} INFO - DAG(s) 'feature_pipeline' retrieved from /opt/airflow/dags/feature_pipeline_dag.py
[2026-08-08T20:05:51.650+0000] {logging_mixin.py:188} INFO - [2026-08-08T20:05:51.231+0000] {dag.py:3089} INFO - Sync 1 DAGs
[2026-08-08T20:05:51.696+0000] {logging_mixin.py:188} INFO - [2026-08-08T20:05:51.695+0000] {dag.py:3947} INFO - Setting next_dagrun for feature_pipeline to 2026-08-08 20:00:00+00:00, run_after=2026-08-08 21:00:00+00:00
[2026-08-08T20:05:51.731+0000] {processor.py:183} INFO - Processing /opt/airflow/dags/feature_pipeline_dag.py took 2.184 seconds
[2026-08-08T20:06:21.990+0000] {processor.py:161} INFO - Started process (PID=1532) to work on /opt/airflow/dags/feature_pipeline_dag.py
[2026-08-08T20:06:21.993+0000] {processor.py:830} INFO - Processing file /opt/airflow/dags/feature_pipeline_dag.py for tasks to queue
[2026-08-08T20:06:21.995+0000] {logging_mixin.py:188} INFO - [2026-08-08T20:06:21.994+0000] {dagbag.py:545} INFO - Filling up the DagBag from /opt/airflow/dags/feature_pipeline_dag.py
[2026-08-08T20:06:23.524+0000] {processor.py:840} INFO - DAG(s) 'feature_pipeline' retrieved from /opt/airflow/dags/feature_pipeline_dag.py
[2026-08-08T20:06:23.976+0000] {logging_mixin.py:188} INFO - [2026-08-08T20:06:23.975+0000] {dag.py:3089} INFO - Sync 1 DAGs
[2026-08-08T20:06:24.018+0000] {logging_mixin.py:188} INFO - [2026-08-08T20:06:24.018+0000] {dag.py:3947} INFO - Setting next_dagrun for feature_pipeline to 2026-08-08 20:00:00+00:00, run_after=2026-08-08 21:00:00+00:00
[2026-08-08T20:06:24.054+0000] {processor.py:183} INFO - Processing /opt/airflow/dags/feature_pipeline_dag.py took 2.083 seconds
[2026-08-08T20:53:05.027+0000] {processor.py:161} INFO - Started process (PID=1544) to work on /opt/airflow/dags/feature_pipeline_dag.py
[2026-08-08T20:53:05.054+0000] {processor.py:830} INFO - Processing file /opt/airflow/dags/feature_pipeline_dag.py for tasks to queue
[2026-08-08T20:53:05.057+0000] {logging_mixin.py:188} INFO - [2026-08-08T20:53:05.056+0000] {dagbag.py:545} INFO - Filling up the DagBag from /opt/airflow/dags/feature_pipeline_dag.py
[2026-08-08T20:53:08.999+0000] {processor.py:840} INFO - DAG(s) 'feature_pipeline' retrieved from /opt/airflow/dags/feature_pipeline_dag.py
[2026-08-08T20:53:09.064+0000] {logging_mixin.py:188} INFO - [2026-08-08T20:53:09.063+0000] {dag.py:3089} INFO - Sync 1 DAGs
[2026-08-08T20:53:09.107+0000] {logging_mixin.py:188} INFO - [2026-08-08T20:53:09.107+0000] {dag.py:3947} INFO - Setting next_dagrun for feature_pipeline to 2026-08-08 20:00:00+00:00, run_after=2026-08-08 21:00:00+00:00
[2026-08-08T20:53:09.144+0000] {processor.py:183} INFO - Processing /opt/airflow/dags/feature_pipeline_dag.py took 4.145 seconds
[2026-08-08T20:53:39.413+0000] {processor.py:161} INFO - Started process (PID=1556) to work on /opt/airflow/dags/feature_pipeline_dag.py
[2026-08-08T20:53:39.417+0000] {processor.py:830} INFO - Processing file /opt/airflow/dags/feature_pipeline_dag.py for tasks to queue
[2026-08-08T20:53:39.426+0000] {logging_mixin.py:188} INFO - [2026-08-08T20:53:39.420+0000] {dagbag.py:545} INFO - Filling up the DagBag from /opt/airflow/dags/feature_pipeline_dag.py
[2026-08-08T20:53:42.010+0000] {processor.py:840} INFO - DAG(s) 'feature_pipeline' retrieved from /opt/airflow/dags/feature_pipeline_dag.py
[2026-08-08T20:53:42.063+0000] {logging_mixin.py:188} INFO - [2026-08-08T20:53:42.063+0000] {dag.py:3089} INFO - Sync 1 DAGs
[2026-08-08T20:53:42.108+0000] {logging_mixin.py:188} INFO - [2026-08-08T20:53:42.107+0000] {dag.py:3947} INFO - Setting next_dagrun for feature_pipeline to 2026-08-08 20:00:00+00:00, run_after=2026-08-08 21:00:00+00:00
[2026-08-08T20:53:42.145+0000] {processor.py:183} INFO - Processing /opt/airflow/dags/feature_pipeline_dag.py took 2.772 seconds
[2026-08-08T20:54:12.598+0000] {processor.py:161} INFO - Started process (PID=1568) to work on /opt/airflow/dags/feature_pipeline_dag.py
[2026-08-08T20:54:12.600+0000] {processor.py:830} INFO - Processing file /opt/airflow/dags/feature_pipeline_dag.py for tasks to queue
[2026-08-08T20:54:12.603+0000] {logging_mixin.py:188} INFO - [2026-08-08T20:54:12.602+0000] {dagbag.py:545} INFO - Filling up the DagBag from /opt/airflow/dags/feature_pipeline_dag.py
[2026-08-08T20:54:14.331+0000] {processor.py:840} INFO - DAG(s) 'feature_pipeline' retrieved from /opt/airflow/dags/feature_pipeline_dag.py
[2026-08-08T20:54:14.375+0000] {logging_mixin.py:188} INFO - [2026-08-08T20:54:14.375+0000] {dag.py:3089} INFO - Sync 1 DAGs
[2026-08-08T20:54:14.414+0000] {logging_mixin.py:188} INFO - [2026-08-08T20:54:14.414+0000] {dag.py:3947} INFO - Setting next_dagrun for feature_pipeline to 2026-08-08 20:00:00+00:00, run_after=2026-08-08 21:00:00+00:00
[2026-08-08T20:54:14.444+0000] {processor.py:183} INFO - Processing /opt/airflow/dags/feature_pipeline_dag.py took 1.864 seconds
[2026-08-08T20:54:45.400+0000] {processor.py:161} INFO - Started process (PID=1580) to work on /opt/airflow/dags/feature_pipeline_dag.py
[2026-08-08T20:54:45.403+0000] {processor.py:830} INFO - Processing file /opt/airflow/dags/feature_pipeline_dag.py for tasks to queue
[2026-08-08T20:54:45.405+0000] {logging_mixin.py:188} INFO - [2026-08-08T20:54:45.405+0000] {dagbag.py:545} INFO - Filling up the DagBag from /opt/airflow/dags/feature_pipeline_dag.py
[2026-08-08T20:54:47.526+0000] {processor.py:840} INFO - DAG(s) 'feature_pipeline' retrieved from /opt/airflow/dags/feature_pipeline_dag.py
[2026-08-08T20:54:47.629+0000] {logging_mixin.py:188} INFO - [2026-08-08T20:54:47.626+0000] {dag.py:3089} INFO - Sync 1 DAGs
[2026-08-08T20:54:48.077+0000] {logging_mixin.py:188} INFO - [2026-08-08T20:54:48.077+0000] {dag.py:3947} INFO - Setting next_dagrun for feature_pipeline to 2026-08-08 20:00:00+00:00, run_after=2026-08-08 21:00:00+00:00
[2026-08-08T20:54:48.159+0000] {processor.py:183} INFO - Processing /opt/airflow/dags/feature_pipeline_dag.py took 2.848 seconds
[2026-08-08T20:55:10.185+0000] {processor.py:161} INFO - Started process (PID=1592) to work on /opt/airflow/dags/feature_pipeline_dag.py
[2026-08-08T20:55:10.188+0000] {processor.py:830} INFO - Processing file /opt/airflow/dags/feature_pipeline_dag.py for tasks to queue
[2026-08-08T20:55:10.192+0000] {logging_mixin.py:188} INFO - [2026-08-08T20:55:10.190+0000] {dagbag.py:545} INFO - Filling up the DagBag from /opt/airflow/dags/feature_pipeline_dag.py
[2026-08-08T20:55:11.683+0000] {processor.py:840} INFO - DAG(s) 'feature_pipeline' retrieved from /opt/airflow/dags/feature_pipeline_dag.py
[2026-08-08T20:55:12.610+0000] {logging_mixin.py:188} INFO - [2026-08-08T20:55:12.609+0000] {dag.py:3089} INFO - Sync 1 DAGs
[2026-08-08T20:55:12.653+0000] {logging_mixin.py:188} INFO - [2026-08-08T20:55:12.653+0000] {dag.py:3947} INFO - Setting next_dagrun for feature_pipeline to 2026-08-08 20:00:00+00:00, run_after=2026-08-08 21:00:00+00:00
[2026-08-08T20:55:12.713+0000] {processor.py:183} INFO - Processing /opt/airflow/dags/feature_pipeline_dag.py took 2.547 seconds
[2026-08-08T20:55:43.556+0000] {processor.py:161} INFO - Started process (PID=1604) to work on /opt/airflow/dags/feature_pipeline_dag.py
[2026-08-08T20:55:43.558+0000] {processor.py:830} INFO - Processing file /opt/airflow/dags/feature_pipeline_dag.py for tasks to queue
[2026-08-08T20:55:43.562+0000] {logging_mixin.py:188} INFO - [2026-08-08T20:55:43.561+0000] {dagbag.py:545} INFO - Filling up the DagBag from /opt/airflow/dags/feature_pipeline_dag.py
[2026-08-08T20:55:44.979+0000] {processor.py:840} INFO - DAG(s) 'feature_pipeline' retrieved from /opt/airflow/dags/feature_pipeline_dag.py
[2026-08-08T20:55:45.392+0000] {logging_mixin.py:188} INFO - [2026-08-08T20:55:45.391+0000] {dag.py:3089} INFO - Sync 1 DAGs
[2026-08-08T20:55:45.432+0000] {logging_mixin.py:188} INFO - [2026-08-08T20:55:45.432+0000] {dag.py:3947} INFO - Setting next_dagrun for feature_pipeline to 2026-08-08 20:00:00+00:00, run_after=2026-08-08 21:00:00+00:00
[2026-08-08T20:55:45.471+0000] {processor.py:183} INFO - Processing /opt/airflow/dags/feature_pipeline_dag.py took 1.929 seconds
[2026-08-08T20:56:15.827+0000] {processor.py:161} INFO - Started process (PID=1616) to work on /opt/airflow/dags/feature_pipeline_dag.py
[2026-08-08T20:56:15.830+0000] {processor.py:830} INFO - Processing file /opt/airflow/dags/feature_pipeline_dag.py for tasks to queue
[2026-08-08T20:56:15.832+0000] {logging_mixin.py:188} INFO - [2026-08-08T20:56:15.831+0000] {dagbag.py:545} INFO - Filling up the DagBag from /opt/airflow/dags/feature_pipeline_dag.py
[2026-08-08T20:56:17.737+0000] {processor.py:840} INFO - DAG(s) 'feature_pipeline' retrieved from /opt/airflow/dags/feature_pipeline_dag.py
[2026-08-08T20:56:17.805+0000] {logging_mixin.py:188} INFO - [2026-08-08T20:56:17.804+0000] {dag.py:3089} INFO - Sync 1 DAGs
[2026-08-08T20:56:17.854+0000] {logging_mixin.py:188} INFO - [2026-08-08T20:56:17.853+0000] {dag.py:3947} INFO - Setting next_dagrun for feature_pipeline to 2026-08-08 20:00:00+00:00, run_after=2026-08-08 21:00:00+00:00
[2026-08-08T20:56:17.893+0000] {processor.py:183} INFO - Processing /opt/airflow/dags/feature_pipeline_dag.py took 2.084 seconds
[2026-08-08T20:56:48.207+0000] {processor.py:161} INFO - Started process (PID=1628) to work on /opt/airflow/dags/feature_pipeline_dag.py
[2026-08-08T20:56:48.210+0000] {processor.py:830} INFO - Processing file /opt/airflow/dags/feature_pipeline_dag.py for tasks to queue
[2026-08-08T20:56:48.212+0000] {logging_mixin.py:188} INFO - [2026-08-08T20:56:48.212+0000] {dagbag.py:545} INFO - Filling up the DagBag from /opt/airflow/dags/feature_pipeline_dag.py
[2026-08-08T20:56:49.967+0000] {processor.py:840} INFO - DAG(s) 'feature_pipeline' retrieved from /opt/airflow/dags/feature_pipeline_dag.py
[2026-08-08T20:56:50.021+0000] {logging_mixin.py:188} INFO - [2026-08-08T20:56:50.021+0000] {dag.py:3089} INFO - Sync 1 DAGs
[2026-08-08T20:56:50.069+0000] {logging_mixin.py:188} INFO - [2026-08-08T20:56:50.068+0000] {dag.py:3947} INFO - Setting next_dagrun for feature_pipeline to 2026-08-08 20:00:00+00:00, run_after=2026-08-08 21:00:00+00:00
[2026-08-08T20:56:50.110+0000] {processor.py:183} INFO - Processing /opt/airflow/dags/feature_pipeline_dag.py took 1.920 seconds
[2026-08-08T20:57:20.553+0000] {processor.py:161} INFO - Started process (PID=1640) to work on /opt/airflow/dags/feature_pipeline_dag.py
[2026-08-08T20:57:20.557+0000] {processor.py:830} INFO - Processing file /opt/airflow/dags/feature_pipeline_dag.py for tasks to queue
[2026-08-08T20:57:20.559+0000] {logging_mixin.py:188} INFO - [2026-08-08T20:57:20.558+0000] {dagbag.py:545} INFO - Filling up the DagBag from /opt/airflow/dags/feature_pipeline_dag.py
[2026-08-08T20:57:21.975+0000] {processor.py:840} INFO - DAG(s) 'feature_pipeline' retrieved from /opt/airflow/dags/feature_pipeline_dag.py
[2026-08-08T20:57:22.035+0000] {logging_mixin.py:188} INFO - [2026-08-08T20:57:22.034+0000] {dag.py:3089} INFO - Sync 1 DAGs
[2026-08-08T20:57:22.423+0000] {logging_mixin.py:188} INFO - [2026-08-08T20:57:22.422+0000] {dag.py:3947} INFO - Setting next_dagrun for feature_pipeline to 2026-08-08 20:00:00+00:00, run_after=2026-08-08 21:00:00+00:00
[2026-08-08T20:57:22.463+0000] {processor.py:183} INFO - Processing /opt/airflow/dags/feature_pipeline_dag.py took 1.926 seconds
[2026-08-08T20:57:53.022+0000] {processor.py:161} INFO - Started process (PID=1652) to work on /opt/airflow/dags/feature_pipeline_dag.py
[2026-08-08T20:57:53.024+0000] {processor.py:830} INFO - Processing file /opt/airflow/dags/feature_pipeline_dag.py for tasks to queue
[2026-08-08T20:57:53.027+0000] {logging_mixin.py:188} INFO - [2026-08-08T20:57:53.026+0000] {dagbag.py:545} INFO - Filling up the DagBag from /opt/airflow/dags/feature_pipeline_dag.py
[2026-08-08T20:57:54.486+0000] {processor.py:840} INFO - DAG(s) 'feature_pipeline' retrieved from /opt/airflow/dags/feature_pipeline_dag.py
[2026-08-08T20:57:54.553+0000] {logging_mixin.py:188} INFO - [2026-08-08T20:57:54.552+0000] {dag.py:3089} INFO - Sync 1 DAGs
[2026-08-08T20:57:54.936+0000] {logging_mixin.py:188} INFO - [2026-08-08T20:57:54.936+0000] {dag.py:3947} INFO - Setting next_dagrun for feature_pipeline to 2026-08-08 20:00:00+00:00, run_after=2026-08-08 21:00:00+00:00
[2026-08-08T20:57:54.986+0000] {processor.py:183} INFO - Processing /opt/airflow/dags/feature_pipeline_dag.py took 1.979 seconds
[2026-08-08T20:58:25.712+0000] {processor.py:161} INFO - Started process (PID=1664) to work on /opt/airflow/dags/feature_pipeline_dag.py
[2026-08-08T20:58:25.715+0000] {processor.py:830} INFO - Processing file /opt/airflow/dags/feature_pipeline_dag.py for tasks to queue
[2026-08-08T20:58:25.717+0000] {logging_mixin.py:188} INFO - [2026-08-08T20:58:25.716+0000] {dagbag.py:545} INFO - Filling up the DagBag from /opt/airflow/dags/feature_pipeline_dag.py
[2026-08-08T20:58:27.339+0000] {processor.py:840} INFO - DAG(s) 'feature_pipeline' retrieved from /opt/airflow/dags/feature_pipeline_dag.py
[2026-08-08T20:58:27.401+0000] {logging_mixin.py:188} INFO - [2026-08-08T20:58:27.400+0000] {dag.py:3089} INFO - Sync 1 DAGs
[2026-08-08T20:58:27.441+0000] {logging_mixin.py:188} INFO - [2026-08-08T20:58:27.440+0000] {dag.py:3947} INFO - Setting next_dagrun for feature_pipeline to 2026-08-08 20:00:00+00:00, run_after=2026-08-08 21:00:00+00:00
[2026-08-08T20:58:27.472+0000] {processor.py:183} INFO - Processing /opt/airflow/dags/feature_pipeline_dag.py took 1.776 seconds
[2026-08-08T20:59:54.473+0000] {processor.py:161} INFO - Started process (PID=168) to work on /opt/airflow/dags/feature_pipeline_dag.py
[2026-08-08T20:59:54.476+0000] {processor.py:830} INFO - Processing file /opt/airflow/dags/feature_pipeline_dag.py for tasks to queue
[2026-08-08T20:59:54.482+0000] {logging_mixin.py:188} INFO - [2026-08-08T20:59:54.481+0000] {dagbag.py:545} INFO - Filling up the DagBag from /opt/airflow/dags/feature_pipeline_dag.py
[2026-08-08T21:00:01.566+0000] {processor.py:840} INFO - DAG(s) 'feature_pipeline' retrieved from /opt/airflow/dags/feature_pipeline_dag.py
[2026-08-08T21:00:01.638+0000] {logging_mixin.py:188} INFO - [2026-08-08T21:00:01.638+0000] {dag.py:3089} INFO - Sync 1 DAGs
[2026-08-08T21:00:01.692+0000] {logging_mixin.py:188} INFO - [2026-08-08T21:00:01.691+0000] {dag.py:3947} INFO - Setting next_dagrun for feature_pipeline to 2026-08-08 21:00:00+00:00, run_after=2026-08-08 22:00:00+00:00
[2026-08-08T21:00:01.743+0000] {processor.py:183} INFO - Processing /opt/airflow/dags/feature_pipeline_dag.py took 7.292 seconds
[2026-08-08T21:00:32.781+0000] {processor.py:161} INFO - Started process (PID=191) to work on /opt/airflow/dags/feature_pipeline_dag.py
[2026-08-08T21:00:32.794+0000] {processor.py:830} INFO - Processing file /opt/airflow/dags/feature_pipeline_dag.py for tasks to queue
[2026-08-08T21:00:32.828+0000] {logging_mixin.py:188} INFO - [2026-08-08T21:00:32.826+0000] {dagbag.py:545} INFO - Filling up the DagBag from /opt/airflow/dags/feature_pipeline_dag.py
[2026-08-08T21:01:00.340+0000] {processor.py:840} INFO - DAG(s) 'feature_pipeline' retrieved from /opt/airflow/dags/feature_pipeline_dag.py
[2026-08-08T21:01:06.408+0000] {logging_mixin.py:188} INFO - [2026-08-08T21:01:06.359+0000] {dag.py:3089} INFO - Sync 1 DAGs
[2026-08-08T21:01:06.540+0000] {logging_mixin.py:188} INFO - [2026-08-08T21:01:06.540+0000] {dag.py:3947} INFO - Setting next_dagrun for feature_pipeline to 2026-08-08 21:00:00+00:00, run_after=2026-08-08 22:00:00+00:00
[2026-08-08T21:01:06.663+0000] {processor.py:183} INFO - Processing /opt/airflow/dags/feature_pipeline_dag.py took 34.075 seconds
[2026-08-08T21:01:38.846+0000] {processor.py:161} INFO - Started process (PID=335) to work on /opt/airflow/dags/feature_pipeline_dag.py
[2026-08-08T21:01:38.851+0000] {processor.py:830} INFO - Processing file /opt/airflow/dags/feature_pipeline_dag.py for tasks to queue
[2026-08-08T21:01:38.940+0000] {logging_mixin.py:188} INFO - [2026-08-08T21:01:38.918+0000] {dagbag.py:545} INFO - Filling up the DagBag from /opt/airflow/dags/feature_pipeline_dag.py
[2026-08-08T21:01:48.790+0000] {processor.py:840} INFO - DAG(s) 'feature_pipeline' retrieved from /opt/airflow/dags/feature_pipeline_dag.py
[2026-08-08T21:01:48.888+0000] {logging_mixin.py:188} INFO - [2026-08-08T21:01:48.887+0000] {dag.py:3089} INFO - Sync 1 DAGs
[2026-08-08T21:01:48.955+0000] {logging_mixin.py:188} INFO - [2026-08-08T21:01:48.954+0000] {dag.py:3947} INFO - Setting next_dagrun for feature_pipeline to 2026-08-08 21:00:00+00:00, run_after=2026-08-08 22:00:00+00:00
[2026-08-08T21:01:49.000+0000] {processor.py:183} INFO - Processing /opt/airflow/dags/feature_pipeline_dag.py took 10.794 seconds
[2026-08-08T21:02:19.841+0000] {processor.py:161} INFO - Started process (PID=427) to work on /opt/airflow/dags/feature_pipeline_dag.py
[2026-08-08T21:02:19.847+0000] {processor.py:830} INFO - Processing file /opt/airflow/dags/feature_pipeline_dag.py for tasks to queue
[2026-08-08T21:02:19.859+0000] {logging_mixin.py:188} INFO - [2026-08-08T21:02:19.858+0000] {dagbag.py:545} INFO - Filling up the DagBag from /opt/airflow/dags/feature_pipeline_dag.py
[2026-08-08T21:02:22.318+0000] {processor.py:840} INFO - DAG(s) 'feature_pipeline' retrieved from /opt/airflow/dags/feature_pipeline_dag.py
[2026-08-08T21:02:22.369+0000] {logging_mixin.py:188} INFO - [2026-08-08T21:02:22.368+0000] {dag.py:3089} INFO - Sync 1 DAGs
[2026-08-08T21:02:22.412+0000] {logging_mixin.py:188} INFO - [2026-08-08T21:02:22.411+0000] {dag.py:3947} INFO - Setting next_dagrun for feature_pipeline to 2026-08-08 21:00:00+00:00, run_after=2026-08-08 22:00:00+00:00
[2026-08-08T21:02:22.648+0000] {processor.py:183} INFO - Processing /opt/airflow/dags/feature_pipeline_dag.py took 2.869 seconds
[2026-08-08T21:02:53.007+0000] {processor.py:161} INFO - Started process (PID=439) to work on /opt/airflow/dags/feature_pipeline_dag.py
[2026-08-08T21:02:53.010+0000] {processor.py:830} INFO - Processing file /opt/airflow/dags/feature_pipeline_dag.py for tasks to queue
[2026-08-08T21:02:53.016+0000] {logging_mixin.py:188} INFO - [2026-08-08T21:02:53.015+0000] {dagbag.py:545} INFO - Filling up the DagBag from /opt/airflow/dags/feature_pipeline_dag.py
[2026-08-08T21:02:54.454+0000] {processor.py:840} INFO - DAG(s) 'feature_pipeline' retrieved from /opt/airflow/dags/feature_pipeline_dag.py
[2026-08-08T21:02:54.515+0000] {logging_mixin.py:188} INFO - [2026-08-08T21:02:54.514+0000] {dag.py:3089} INFO - Sync 1 DAGs
[2026-08-08T21:02:54.868+0000] {logging_mixin.py:188} INFO - [2026-08-08T21:02:54.867+0000] {dag.py:3947} INFO - Setting next_dagrun for feature_pipeline to 2026-08-08 21:00:00+00:00, run_after=2026-08-08 22:00:00+00:00
[2026-08-08T21:02:54.906+0000] {processor.py:183} INFO - Processing /opt/airflow/dags/feature_pipeline_dag.py took 1.916 seconds
[2026-08-08T21:03:25.555+0000] {processor.py:161} INFO - Started process (PID=451) to work on /opt/airflow/dags/feature_pipeline_dag.py
[2026-08-08T21:03:25.559+0000] {processor.py:830} INFO - Processing file /opt/airflow/dags/feature_pipeline_dag.py for tasks to queue
[2026-08-08T21:03:25.564+0000] {logging_mixin.py:188} INFO - [2026-08-08T21:03:25.563+0000] {dagbag.py:545} INFO - Filling up the DagBag from /opt/airflow/dags/feature_pipeline_dag.py
[2026-08-08T21:03:27.075+0000] {processor.py:840} INFO - DAG(s) 'feature_pipeline' retrieved from /opt/airflow/dags/feature_pipeline_dag.py
[2026-08-08T21:03:27.464+0000] {logging_mixin.py:188} INFO - [2026-08-08T21:03:27.463+0000] {dag.py:3089} INFO - Sync 1 DAGs
[2026-08-08T21:03:27.506+0000] {logging_mixin.py:188} INFO - [2026-08-08T21:03:27.505+0000] {dag.py:3947} INFO - Setting next_dagrun for feature_pipeline to 2026-08-08 21:00:00+00:00, run_after=2026-08-08 22:00:00+00:00
[2026-08-08T21:03:27.547+0000] {processor.py:183} INFO - Processing /opt/airflow/dags/feature_pipeline_dag.py took 2.085 seconds
[2026-08-08T21:03:58.028+0000] {processor.py:161} INFO - Started process (PID=463) to work on /opt/airflow/dags/feature_pipeline_dag.py
[2026-08-08T21:03:58.031+0000] {processor.py:830} INFO - Processing file /opt/airflow/dags/feature_pipeline_dag.py for tasks to queue
[2026-08-08T21:03:58.037+0000] {logging_mixin.py:188} INFO - [2026-08-08T21:03:58.035+0000] {dagbag.py:545} INFO - Filling up the DagBag from /opt/airflow/dags/feature_pipeline_dag.py
[2026-08-08T21:03:59.487+0000] {processor.py:840} INFO - DAG(s) 'feature_pipeline' retrieved from /opt/airflow/dags/feature_pipeline_dag.py
[2026-08-08T21:03:59.918+0000] {logging_mixin.py:188} INFO - [2026-08-08T21:03:59.917+0000] {dag.py:3089} INFO - Sync 1 DAGs
[2026-08-08T21:03:59.961+0000] {logging_mixin.py:188} INFO - [2026-08-08T21:03:59.961+0000] {dag.py:3947} INFO - Setting next_dagrun for feature_pipeline to 2026-08-08 21:00:00+00:00, run_after=2026-08-08 22:00:00+00:00
[2026-08-08T21:03:59.997+0000] {processor.py:183} INFO - Processing /opt/airflow/dags/feature_pipeline_dag.py took 1.988 seconds
[2026-08-08T21:04:30.509+0000] {processor.py:161} INFO - Started process (PID=475) to work on /opt/airflow/dags/feature_pipeline_dag.py
[2026-08-08T21:04:30.511+0000] {processor.py:830} INFO - Processing file /opt/airflow/dags/feature_pipeline_dag.py for tasks to queue
[2026-08-08T21:04:30.517+0000] {logging_mixin.py:188} INFO - [2026-08-08T21:04:30.517+0000] {dagbag.py:545} INFO - Filling up the DagBag from /opt/airflow/dags/feature_pipeline_dag.py
[2026-08-08T21:04:32.357+0000] {processor.py:840} INFO - DAG(s) 'feature_pipeline' retrieved from /opt/airflow/dags/feature_pipeline_dag.py
[2026-08-08T21:04:32.405+0000] {logging_mixin.py:188} INFO - [2026-08-08T21:04:32.404+0000] {dag.py:3089} INFO - Sync 1 DAGs
[2026-08-08T21:04:32.439+0000] {logging_mixin.py:188} INFO - [2026-08-08T21:04:32.438+0000] {dag.py:3947} INFO - Setting next_dagrun for feature_pipeline to 2026-08-08 21:00:00+00:00, run_after=2026-08-08 22:00:00+00:00
[2026-08-08T21:04:32.479+0000] {processor.py:183} INFO - Processing /opt/airflow/dags/feature_pipeline_dag.py took 1.976 seconds
[2026-08-08T21:05:03.147+0000] {processor.py:161} INFO - Started process (PID=487) to work on /opt/airflow/dags/feature_pipeline_dag.py
[2026-08-08T21:05:03.150+0000] {processor.py:830} INFO - Processing file /opt/airflow/dags/feature_pipeline_dag.py for tasks to queue
[2026-08-08T21:05:03.155+0000] {logging_mixin.py:188} INFO - [2026-08-08T21:05:03.154+0000] {dagbag.py:545} INFO - Filling up the DagBag from /opt/airflow/dags/feature_pipeline_dag.py
[2026-08-08T21:05:04.769+0000] {processor.py:840} INFO - DAG(s) 'feature_pipeline' retrieved from /opt/airflow/dags/feature_pipeline_dag.py
[2026-08-08T21:05:04.827+0000] {logging_mixin.py:188} INFO - [2026-08-08T21:05:04.826+0000] {dag.py:3089} INFO - Sync 1 DAGs
[2026-08-08T21:05:04.871+0000] {logging_mixin.py:188} INFO - [2026-08-08T21:05:04.870+0000] {dag.py:3947} INFO - Setting next_dagrun for feature_pipeline to 2026-08-08 21:00:00+00:00, run_after=2026-08-08 22:00:00+00:00
[2026-08-08T21:05:05.181+0000] {processor.py:183} INFO - Processing /opt/airflow/dags/feature_pipeline_dag.py took 2.052 seconds
[2026-08-08T21:05:35.743+0000] {processor.py:161} INFO - Started process (PID=499) to work on /opt/airflow/dags/feature_pipeline_dag.py
[2026-08-08T21:05:35.745+0000] {processor.py:830} INFO - Processing file /opt/airflow/dags/feature_pipeline_dag.py for tasks to queue
[2026-08-08T21:05:35.751+0000] {logging_mixin.py:188} INFO - [2026-08-08T21:05:35.750+0000] {dagbag.py:545} INFO - Filling up the DagBag from /opt/airflow/dags/feature_pipeline_dag.py
[2026-08-08T21:05:38.319+0000] {processor.py:840} INFO - DAG(s) 'feature_pipeline' retrieved from /opt/airflow/dags/feature_pipeline_dag.py
[2026-08-08T21:05:38.493+0000] {logging_mixin.py:188} INFO - [2026-08-08T21:05:38.492+0000] {dag.py:3089} INFO - Sync 1 DAGs
[2026-08-08T21:05:39.433+0000] {logging_mixin.py:188} INFO - [2026-08-08T21:05:39.432+0000] {dag.py:3947} INFO - Setting next_dagrun for feature_pipeline to 2026-08-08 21:00:00+00:00, run_after=2026-08-08 22:00:00+00:00
[2026-08-08T21:05:39.479+0000] {processor.py:183} INFO - Processing /opt/airflow/dags/feature_pipeline_dag.py took 3.755 seconds
[2026-08-08T21:06:10.043+0000] {processor.py:161} INFO - Started process (PID=527) to work on /opt/airflow/dags/feature_pipeline_dag.py
[2026-08-08T21:06:10.046+0000] {processor.py:830} INFO - Processing file /opt/airflow/dags/feature_pipeline_dag.py for tasks to queue
[2026-08-08T21:06:10.054+0000] {logging_mixin.py:188} INFO - [2026-08-08T21:06:10.053+0000] {dagbag.py:545} INFO - Filling up the DagBag from /opt/airflow/dags/feature_pipeline_dag.py
[2026-08-08T21:06:15.984+0000] {processor.py:840} INFO - DAG(s) 'feature_pipeline' retrieved from /opt/airflow/dags/feature_pipeline_dag.py
[2026-08-08T21:06:16.379+0000] {logging_mixin.py:188} INFO - [2026-08-08T21:06:16.378+0000] {dag.py:3089} INFO - Sync 1 DAGs
[2026-08-08T21:06:17.819+0000] {logging_mixin.py:188} INFO - [2026-08-08T21:06:17.816+0000] {dag.py:3947} INFO - Setting next_dagrun for feature_pipeline to 2026-08-08 21:00:00+00:00, run_after=2026-08-08 22:00:00+00:00
[2026-08-08T21:06:18.001+0000] {processor.py:183} INFO - Processing /opt/airflow/dags/feature_pipeline_dag.py took 8.043 seconds
[2026-08-08T21:06:48.681+0000] {processor.py:161} INFO - Started process (PID=743) to work on /opt/airflow/dags/feature_pipeline_dag.py
[2026-08-08T21:06:48.686+0000] {processor.py:830} INFO - Processing file /opt/airflow/dags/feature_pipeline_dag.py for tasks to queue
[2026-08-08T21:06:48.693+0000] {logging_mixin.py:188} INFO - [2026-08-08T21:06:48.692+0000] {dagbag.py:545} INFO - Filling up the DagBag from /opt/airflow/dags/feature_pipeline_dag.py
[2026-08-08T21:06:51.949+0000] {processor.py:840} INFO - DAG(s) 'feature_pipeline' retrieved from /opt/airflow/dags/feature_pipeline_dag.py
[2026-08-08T21:06:52.318+0000] {logging_mixin.py:188} INFO - [2026-08-08T21:06:52.317+0000] {dag.py:3089} INFO - Sync 1 DAGs
[2026-08-08T21:06:52.365+0000] {logging_mixin.py:188} INFO - [2026-08-08T21:06:52.365+0000] {dag.py:3947} INFO - Setting next_dagrun for feature_pipeline to 2026-08-08 21:00:00+00:00, run_after=2026-08-08 22:00:00+00:00
[2026-08-08T21:06:52.407+0000] {processor.py:183} INFO - Processing /opt/airflow/dags/feature_pipeline_dag.py took 3.776 seconds
[2026-08-08T21:07:22.921+0000] {processor.py:161} INFO - Started process (PID=1203) to work on /opt/airflow/dags/feature_pipeline_dag.py
[2026-08-08T21:07:22.924+0000] {processor.py:830} INFO - Processing file /opt/airflow/dags/feature_pipeline_dag.py for tasks to queue
[2026-08-08T21:07:22.929+0000] {logging_mixin.py:188} INFO - [2026-08-08T21:07:22.928+0000] {dagbag.py:545} INFO - Filling up the DagBag from /opt/airflow/dags/feature_pipeline_dag.py
[2026-08-08T21:07:25.360+0000] {processor.py:840} INFO - DAG(s) 'feature_pipeline' retrieved from /opt/airflow/dags/feature_pipeline_dag.py
[2026-08-08T21:07:26.160+0000] {logging_mixin.py:188} INFO - [2026-08-08T21:07:26.159+0000] {dag.py:3089} INFO - Sync 1 DAGs
[2026-08-08T21:07:26.214+0000] {logging_mixin.py:188} INFO - [2026-08-08T21:07:26.213+0000] {dag.py:3947} INFO - Setting next_dagrun for feature_pipeline to 2026-08-08 21:00:00+00:00, run_after=2026-08-08 22:00:00+00:00
[2026-08-08T21:07:26.276+0000] {processor.py:183} INFO - Processing /opt/airflow/dags/feature_pipeline_dag.py took 3.373 seconds
[2026-08-08T21:07:56.789+0000] {processor.py:161} INFO - Started process (PID=1521) to work on /opt/airflow/dags/feature_pipeline_dag.py
[2026-08-08T21:07:56.793+0000] {processor.py:830} INFO - Processing file /opt/airflow/dags/feature_pipeline_dag.py for tasks to queue
[2026-08-08T21:07:56.803+0000] {logging_mixin.py:188} INFO - [2026-08-08T21:07:56.802+0000] {dagbag.py:545} INFO - Filling up the DagBag from /opt/airflow/dags/feature_pipeline_dag.py
[2026-08-08T21:07:59.940+0000] {processor.py:840} INFO - DAG(s) 'feature_pipeline' retrieved from /opt/airflow/dags/feature_pipeline_dag.py
[2026-08-08T21:08:00.012+0000] {logging_mixin.py:188} INFO - [2026-08-08T21:08:00.011+0000] {dag.py:3089} INFO - Sync 1 DAGs
[2026-08-08T21:08:00.068+0000] {logging_mixin.py:188} INFO - [2026-08-08T21:08:00.068+0000] {dag.py:3947} INFO - Setting next_dagrun for feature_pipeline to 2026-08-08 21:00:00+00:00, run_after=2026-08-08 22:00:00+00:00
[2026-08-08T21:08:00.121+0000] {processor.py:183} INFO - Processing /opt/airflow/dags/feature_pipeline_dag.py took 3.351 seconds
[2026-08-08T21:08:30.651+0000] {processor.py:161} INFO - Started process (PID=1533) to work on /opt/airflow/dags/feature_pipeline_dag.py
[2026-08-08T21:08:30.653+0000] {processor.py:830} INFO - Processing file /opt/airflow/dags/feature_pipeline_dag.py for tasks to queue
[2026-08-08T21:08:30.660+0000] {logging_mixin.py:188} INFO - [2026-08-08T21:08:30.659+0000] {dagbag.py:545} INFO - Filling up the DagBag from /opt/airflow/dags/feature_pipeline_dag.py
[2026-08-08T21:08:32.296+0000] {processor.py:840} INFO - DAG(s) 'feature_pipeline' retrieved from /opt/airflow/dags/feature_pipeline_dag.py
[2026-08-08T21:08:32.372+0000] {logging_mixin.py:188} INFO - [2026-08-08T21:08:32.371+0000] {dag.py:3089} INFO - Sync 1 DAGs
[2026-08-08T21:08:32.618+0000] {logging_mixin.py:188} INFO - [2026-08-08T21:08:32.617+0000] {dag.py:3947} INFO - Setting next_dagrun for feature_pipeline to 2026-08-08 21:00:00+00:00, run_after=2026-08-08 22:00:00+00:00
[2026-08-08T21:08:35.373+0000] {processor.py:183} INFO - Processing /opt/airflow/dags/feature_pipeline_dag.py took 4.786 seconds
[2026-08-08T21:09:05.927+0000] {processor.py:161} INFO - Started process (PID=1547) to work on /opt/airflow/dags/feature_pipeline_dag.py
[2026-08-08T21:09:05.931+0000] {processor.py:830} INFO - Processing file /opt/airflow/dags/feature_pipeline_dag.py for tasks to queue
[2026-08-08T21:09:05.936+0000] {logging_mixin.py:188} INFO - [2026-08-08T21:09:05.935+0000] {dagbag.py:545} INFO - Filling up the DagBag from /opt/airflow/dags/feature_pipeline_dag.py
[2026-08-08T21:09:07.528+0000] {processor.py:840} INFO - DAG(s) 'feature_pipeline' retrieved from /opt/airflow/dags/feature_pipeline_dag.py
[2026-08-08T21:09:07.634+0000] {logging_mixin.py:188} INFO - [2026-08-08T21:09:07.633+0000] {dag.py:3089} INFO - Sync 1 DAGs
[2026-08-08T21:09:08.070+0000] {logging_mixin.py:188} INFO - [2026-08-08T21:09:08.070+0000] {dag.py:3947} INFO - Setting next_dagrun for feature_pipeline to 2026-08-08 21:00:00+00:00, run_after=2026-08-08 22:00:00+00:00
[2026-08-08T21:09:08.108+0000] {processor.py:183} INFO - Processing /opt/airflow/dags/feature_pipeline_dag.py took 2.204 seconds
[2026-08-08T21:09:38.506+0000] {processor.py:161} INFO - Started process (PID=1559) to work on /opt/airflow/dags/feature_pipeline_dag.py
[2026-08-08T21:09:38.509+0000] {processor.py:830} INFO - Processing file /opt/airflow/dags/feature_pipeline_dag.py for tasks to queue
[2026-08-08T21:09:38.514+0000] {logging_mixin.py:188} INFO - [2026-08-08T21:09:38.513+0000] {dagbag.py:545} INFO - Filling up the DagBag from /opt/airflow/dags/feature_pipeline_dag.py
[2026-08-08T21:09:40.027+0000] {processor.py:840} INFO - DAG(s) 'feature_pipeline' retrieved from /opt/airflow/dags/feature_pipeline_dag.py
[2026-08-08T21:09:40.554+0000] {logging_mixin.py:188} INFO - [2026-08-08T21:09:40.553+0000] {dag.py:3089} INFO - Sync 1 DAGs
[2026-08-08T21:09:40.600+0000] {logging_mixin.py:188} INFO - [2026-08-08T21:09:40.600+0000] {dag.py:3947} INFO - Setting next_dagrun for feature_pipeline to 2026-08-08 21:00:00+00:00, run_after=2026-08-08 22:00:00+00:00
[2026-08-08T21:09:40.643+0000] {processor.py:183} INFO - Processing /opt/airflow/dags/feature_pipeline_dag.py took 2.157 seconds
[2026-08-08T21:10:11.342+0000] {processor.py:161} INFO - Started process (PID=1571) to work on /opt/airflow/dags/feature_pipeline_dag.py
[2026-08-08T21:10:11.345+0000] {processor.py:830} INFO - Processing file /opt/airflow/dags/feature_pipeline_dag.py for tasks to queue
[2026-08-08T21:10:11.354+0000] {logging_mixin.py:188} INFO - [2026-08-08T21:10:11.353+0000] {dagbag.py:545} INFO - Filling up the DagBag from /opt/airflow/dags/feature_pipeline_dag.py
[2026-08-08T21:10:12.851+0000] {processor.py:840} INFO - DAG(s) 'feature_pipeline' retrieved from /opt/airflow/dags/feature_pipeline_dag.py
[2026-08-08T21:10:13.311+0000] {logging_mixin.py:188} INFO - [2026-08-08T21:10:13.310+0000] {dag.py:3089} INFO - Sync 1 DAGs
[2026-08-08T21:10:13.361+0000] {logging_mixin.py:188} INFO - [2026-08-08T21:10:13.361+0000] {dag.py:3947} INFO - Setting next_dagrun for feature_pipeline to 2026-08-08 21:00:00+00:00, run_after=2026-08-08 22:00:00+00:00
[2026-08-08T21:10:13.399+0000] {processor.py:183} INFO - Processing /opt/airflow/dags/feature_pipeline_dag.py took 2.078 seconds
[2026-08-08T21:10:43.950+0000] {processor.py:161} INFO - Started process (PID=1583) to work on /opt/airflow/dags/feature_pipeline_dag.py
[2026-08-08T21:10:43.958+0000] {processor.py:830} INFO - Processing file /opt/airflow/dags/feature_pipeline_dag.py for tasks to queue
[2026-08-08T21:10:43.968+0000] {logging_mixin.py:188} INFO - [2026-08-08T21:10:43.966+0000] {dagbag.py:545} INFO - Filling up the DagBag from /opt/airflow/dags/feature_pipeline_dag.py
[2026-08-08T21:10:54.224+0000] {processor.py:840} INFO - DAG(s) 'feature_pipeline' retrieved from /opt/airflow/dags/feature_pipeline_dag.py
[2026-08-08T21:10:54.502+0000] {logging_mixin.py:188} INFO - [2026-08-08T21:10:54.501+0000] {dag.py:3089} INFO - Sync 1 DAGs
[2026-08-08T21:10:55.561+0000] {logging_mixin.py:188} INFO - [2026-08-08T21:10:55.561+0000] {dag.py:3947} INFO - Setting next_dagrun for feature_pipeline to 2026-08-08 21:00:00+00:00, run_after=2026-08-08 22:00:00+00:00
[2026-08-08T21:10:55.802+0000] {processor.py:183} INFO - Processing /opt/airflow/dags/feature_pipeline_dag.py took 11.881 seconds
[2026-08-08T21:11:26.405+0000] {processor.py:161} INFO - Started process (PID=1595) to work on /opt/airflow/dags/feature_pipeline_dag.py
[2026-08-08T21:11:26.407+0000] {processor.py:830} INFO - Processing file /opt/airflow/dags/feature_pipeline_dag.py for tasks to queue
[2026-08-08T21:11:26.416+0000] {logging_mixin.py:188} INFO - [2026-08-08T21:11:26.415+0000] {dagbag.py:545} INFO - Filling up the DagBag from /opt/airflow/dags/feature_pipeline_dag.py
[2026-08-08T21:11:28.111+0000] {processor.py:840} INFO - DAG(s) 'feature_pipeline' retrieved from /opt/airflow/dags/feature_pipeline_dag.py
[2026-08-08T21:11:28.180+0000] {logging_mixin.py:188} INFO - [2026-08-08T21:11:28.179+0000] {dag.py:3089} INFO - Sync 1 DAGs
[2026-08-08T21:11:28.245+0000] {logging_mixin.py:188} INFO - [2026-08-08T21:11:28.244+0000] {dag.py:3947} INFO - Setting next_dagrun for feature_pipeline to 2026-08-08 21:00:00+00:00, run_after=2026-08-08 22:00:00+00:00
[2026-08-08T21:11:28.644+0000] {processor.py:183} INFO - Processing /opt/airflow/dags/feature_pipeline_dag.py took 2.262 seconds
[2026-08-08T21:11:59.148+0000] {processor.py:161} INFO - Started process (PID=1607) to work on /opt/airflow/dags/feature_pipeline_dag.py
[2026-08-08T21:11:59.151+0000] {processor.py:830} INFO - Processing file /opt/airflow/dags/feature_pipeline_dag.py for tasks to queue
[2026-08-08T21:11:59.160+0000] {logging_mixin.py:188} INFO - [2026-08-08T21:11:59.159+0000] {dagbag.py:545} INFO - Filling up the DagBag from /opt/airflow/dags/feature_pipeline_dag.py
[2026-08-08T21:12:00.798+0000] {processor.py:840} INFO - DAG(s) 'feature_pipeline' retrieved from /opt/airflow/dags/feature_pipeline_dag.py
[2026-08-08T21:12:00.901+0000] {logging_mixin.py:188} INFO - [2026-08-08T21:12:00.900+0000] {dag.py:3089} INFO - Sync 1 DAGs
[2026-08-08T21:12:01.437+0000] {logging_mixin.py:188} INFO - [2026-08-08T21:12:01.437+0000] {dag.py:3947} INFO - Setting next_dagrun for feature_pipeline to 2026-08-08 21:00:00+00:00, run_after=2026-08-08 22:00:00+00:00
[2026-08-08T21:12:01.477+0000] {processor.py:183} INFO - Processing /opt/airflow/dags/feature_pipeline_dag.py took 2.353 seconds
[2026-08-08T21:12:31.942+0000] {processor.py:161} INFO - Started process (PID=1619) to work on /opt/airflow/dags/feature_pipeline_dag.py
[2026-08-08T21:12:31.944+0000] {processor.py:830} INFO - Processing file /opt/airflow/dags/feature_pipeline_dag.py for tasks to queue
[2026-08-08T21:12:31.949+0000] {logging_mixin.py:188} INFO - [2026-08-08T21:12:31.948+0000] {dagbag.py:545} INFO - Filling up the DagBag from /opt/airflow/dags/feature_pipeline_dag.py
[2026-08-08T21:12:33.786+0000] {processor.py:840} INFO - DAG(s) 'feature_pipeline' retrieved from /opt/airflow/dags/feature_pipeline_dag.py
[2026-08-08T21:12:33.925+0000] {logging_mixin.py:188} INFO - [2026-08-08T21:12:33.924+0000] {dag.py:3089} INFO - Sync 1 DAGs
[2026-08-08T21:12:34.364+0000] {logging_mixin.py:188} INFO - [2026-08-08T21:12:34.363+0000] {dag.py:3947} INFO - Setting next_dagrun for feature_pipeline to 2026-08-08 21:00:00+00:00, run_after=2026-08-08 22:00:00+00:00
[2026-08-08T21:12:34.417+0000] {processor.py:183} INFO - Processing /opt/airflow/dags/feature_pipeline_dag.py took 2.451 seconds
[2026-08-08T21:13:05.276+0000] {processor.py:161} INFO - Started process (PID=1631) to work on /opt/airflow/dags/feature_pipeline_dag.py
[2026-08-08T21:13:05.278+0000] {processor.py:830} INFO - Processing file /opt/airflow/dags/feature_pipeline_dag.py for tasks to queue
[2026-08-08T21:13:05.283+0000] {logging_mixin.py:188} INFO - [2026-08-08T21:13:05.282+0000] {dagbag.py:545} INFO - Filling up the DagBag from /opt/airflow/dags/feature_pipeline_dag.py
[2026-08-08T21:13:06.785+0000] {processor.py:840} INFO - DAG(s) 'feature_pipeline' retrieved from /opt/airflow/dags/feature_pipeline_dag.py
[2026-08-08T21:13:07.227+0000] {logging_mixin.py:188} INFO - [2026-08-08T21:13:07.226+0000] {dag.py:3089} INFO - Sync 1 DAGs
[2026-08-08T21:13:07.293+0000] {logging_mixin.py:188} INFO - [2026-08-08T21:13:07.293+0000] {dag.py:3947} INFO - Setting next_dagrun for feature_pipeline to 2026-08-08 21:00:00+00:00, run_after=2026-08-08 22:00:00+00:00
[2026-08-08T21:13:07.342+0000] {processor.py:183} INFO - Processing /opt/airflow/dags/feature_pipeline_dag.py took 2.082 seconds
[2026-08-08T21:13:37.900+0000] {processor.py:161} INFO - Started process (PID=1643) to work on /opt/airflow/dags/feature_pipeline_dag.py
[2026-08-08T21:13:37.905+0000] {processor.py:830} INFO - Processing file /opt/airflow/dags/feature_pipeline_dag.py for tasks to queue
[2026-08-08T21:13:37.914+0000] {logging_mixin.py:188} INFO - [2026-08-08T21:13:37.912+0000] {dagbag.py:545} INFO - Filling up the DagBag from /opt/airflow/dags/feature_pipeline_dag.py
[2026-08-08T21:13:39.516+0000] {processor.py:840} INFO - DAG(s) 'feature_pipeline' retrieved from /opt/airflow/dags/feature_pipeline_dag.py
[2026-08-08T21:13:39.941+0000] {logging_mixin.py:188} INFO - [2026-08-08T21:13:39.940+0000] {dag.py:3089} INFO - Sync 1 DAGs
[2026-08-08T21:13:39.980+0000] {logging_mixin.py:188} INFO - [2026-08-08T21:13:39.979+0000] {dag.py:3947} INFO - Setting next_dagrun for feature_pipeline to 2026-08-08 21:00:00+00:00, run_after=2026-08-08 22:00:00+00:00
[2026-08-08T21:13:40.017+0000] {processor.py:183} INFO - Processing /opt/airflow/dags/feature_pipeline_dag.py took 2.147 seconds
[2026-08-08T21:14:10.412+0000] {processor.py:161} INFO - Started process (PID=1655) to work on /opt/airflow/dags/feature_pipeline_dag.py
[2026-08-08T21:14:10.414+0000] {processor.py:830} INFO - Processing file /opt/airflow/dags/feature_pipeline_dag.py for tasks to queue
[2026-08-08T21:14:10.422+0000] {logging_mixin.py:188} INFO - [2026-08-08T21:14:10.421+0000] {dagbag.py:545} INFO - Filling up the DagBag from /opt/airflow/dags/feature_pipeline_dag.py
[2026-08-08T21:14:11.987+0000] {processor.py:840} INFO - DAG(s) 'feature_pipeline' retrieved from /opt/airflow/dags/feature_pipeline_dag.py
[2026-08-08T21:14:12.059+0000] {logging_mixin.py:188} INFO - [2026-08-08T21:14:12.058+0000] {dag.py:3089} INFO - Sync 1 DAGs
[2026-08-08T21:14:12.112+0000] {logging_mixin.py:188} INFO - [2026-08-08T21:14:12.112+0000] {dag.py:3947} INFO - Setting next_dagrun for feature_pipeline to 2026-08-08 21:00:00+00:00, run_after=2026-08-08 22:00:00+00:00
[2026-08-08T21:14:12.158+0000] {processor.py:183} INFO - Processing /opt/airflow/dags/feature_pipeline_dag.py took 1.773 seconds
[2026-08-08T21:14:42.957+0000] {processor.py:161} INFO - Started process (PID=1667) to work on /opt/airflow/dags/feature_pipeline_dag.py
[2026-08-08T21:14:42.961+0000] {processor.py:830} INFO - Processing file /opt/airflow/dags/feature_pipeline_dag.py for tasks to queue
[2026-08-08T21:14:42.971+0000] {logging_mixin.py:188} INFO - [2026-08-08T21:14:42.969+0000] {dagbag.py:545} INFO - Filling up the DagBag from /opt/airflow/dags/feature_pipeline_dag.py
[2026-08-08T21:14:44.575+0000] {processor.py:840} INFO - DAG(s) 'feature_pipeline' retrieved from /opt/airflow/dags/feature_pipeline_dag.py
[2026-08-08T21:14:44.653+0000] {logging_mixin.py:188} INFO - [2026-08-08T21:14:44.652+0000] {dag.py:3089} INFO - Sync 1 DAGs
[2026-08-08T21:14:44.707+0000] {logging_mixin.py:188} INFO - [2026-08-08T21:14:44.707+0000] {dag.py:3947} INFO - Setting next_dagrun for feature_pipeline to 2026-08-08 21:00:00+00:00, run_after=2026-08-08 22:00:00+00:00
[2026-08-08T21:14:45.101+0000] {processor.py:183} INFO - Processing /opt/airflow/dags/feature_pipeline_dag.py took 2.171 seconds
[2026-08-08T21:15:15.680+0000] {processor.py:161} INFO - Started process (PID=1679) to work on /opt/airflow/dags/feature_pipeline_dag.py
[2026-08-08T21:15:15.682+0000] {processor.py:830} INFO - Processing file /opt/airflow/dags/feature_pipeline_dag.py for tasks to queue
[2026-08-08T21:15:15.688+0000] {logging_mixin.py:188} INFO - [2026-08-08T21:15:15.687+0000] {dagbag.py:545} INFO - Filling up the DagBag from /opt/airflow/dags/feature_pipeline_dag.py
[2026-08-08T21:15:17.243+0000] {processor.py:840} INFO - DAG(s) 'feature_pipeline' retrieved from /opt/airflow/dags/feature_pipeline_dag.py
[2026-08-08T21:15:17.317+0000] {logging_mixin.py:188} INFO - [2026-08-08T21:15:17.316+0000] {dag.py:3089} INFO - Sync 1 DAGs
[2026-08-08T21:15:17.786+0000] {logging_mixin.py:188} INFO - [2026-08-08T21:15:17.786+0000] {dag.py:3947} INFO - Setting next_dagrun for feature_pipeline to 2026-08-08 21:00:00+00:00, run_after=2026-08-08 22:00:00+00:00
[2026-08-08T21:15:17.839+0000] {processor.py:183} INFO - Processing /opt/airflow/dags/feature_pipeline_dag.py took 2.179 seconds
[2026-08-08T21:15:48.332+0000] {processor.py:161} INFO - Started process (PID=1691) to work on /opt/airflow/dags/feature_pipeline_dag.py
[2026-08-08T21:15:48.334+0000] {processor.py:830} INFO - Processing file /opt/airflow/dags/feature_pipeline_dag.py for tasks to queue
[2026-08-08T21:15:48.339+0000] {logging_mixin.py:188} INFO - [2026-08-08T21:15:48.338+0000] {dagbag.py:545} INFO - Filling up the DagBag from /opt/airflow/dags/feature_pipeline_dag.py
[2026-08-08T21:15:49.896+0000] {processor.py:840} INFO - DAG(s) 'feature_pipeline' retrieved from /opt/airflow/dags/feature_pipeline_dag.py
[2026-08-08T21:15:50.332+0000] {logging_mixin.py:188} INFO - [2026-08-08T21:15:50.331+0000] {dag.py:3089} INFO - Sync 1 DAGs
[2026-08-08T21:15:50.377+0000] {logging_mixin.py:188} INFO - [2026-08-08T21:15:50.377+0000] {dag.py:3947} INFO - Setting next_dagrun for feature_pipeline to 2026-08-08 21:00:00+00:00, run_after=2026-08-08 22:00:00+00:00
[2026-08-08T21:15:50.412+0000] {processor.py:183} INFO - Processing /opt/airflow/dags/feature_pipeline_dag.py took 2.098 seconds
[2026-08-08T21:16:20.877+0000] {processor.py:161} INFO - Started process (PID=1703) to work on /opt/airflow/dags/feature_pipeline_dag.py
[2026-08-08T21:16:20.880+0000] {processor.py:830} INFO - Processing file /opt/airflow/dags/feature_pipeline_dag.py for tasks to queue
[2026-08-08T21:16:20.885+0000] {logging_mixin.py:188} INFO - [2026-08-08T21:16:20.884+0000] {dagbag.py:545} INFO - Filling up the DagBag from /opt/airflow/dags/feature_pipeline_dag.py
[2026-08-08T21:16:22.397+0000] {processor.py:840} INFO - DAG(s) 'feature_pipeline' retrieved from /opt/airflow/dags/feature_pipeline_dag.py
[2026-08-08T21:16:22.858+0000] {logging_mixin.py:188} INFO - [2026-08-08T21:16:22.857+0000] {dag.py:3089} INFO - Sync 1 DAGs
[2026-08-08T21:16:22.902+0000] {logging_mixin.py:188} INFO - [2026-08-08T21:16:22.901+0000] {dag.py:3947} INFO - Setting next_dagrun for feature_pipeline to 2026-08-08 21:00:00+00:00, run_after=2026-08-08 22:00:00+00:00
[2026-08-08T21:16:22.942+0000] {processor.py:183} INFO - Processing /opt/airflow/dags/feature_pipeline_dag.py took 2.084 seconds
[2026-08-08T21:16:53.636+0000] {processor.py:161} INFO - Started process (PID=1715) to work on /opt/airflow/dags/feature_pipeline_dag.py
[2026-08-08T21:16:53.639+0000] {processor.py:830} INFO - Processing file /opt/airflow/dags/feature_pipeline_dag.py for tasks to queue
[2026-08-08T21:16:53.645+0000] {logging_mixin.py:188} INFO - [2026-08-08T21:16:53.644+0000] {dagbag.py:545} INFO - Filling up the DagBag from /opt/airflow/dags/feature_pipeline_dag.py
[2026-08-08T21:16:55.584+0000] {processor.py:840} INFO - DAG(s) 'feature_pipeline' retrieved from /opt/airflow/dags/feature_pipeline_dag.py
[2026-08-08T21:16:55.669+0000] {logging_mixin.py:188} INFO - [2026-08-08T21:16:55.669+0000] {dag.py:3089} INFO - Sync 1 DAGs
[2026-08-08T21:16:55.711+0000] {logging_mixin.py:188} INFO - [2026-08-08T21:16:55.710+0000] {dag.py:3947} INFO - Setting next_dagrun for feature_pipeline to 2026-08-08 21:00:00+00:00, run_after=2026-08-08 22:00:00+00:00
[2026-08-08T21:16:55.751+0000] {processor.py:183} INFO - Processing /opt/airflow/dags/feature_pipeline_dag.py took 2.132 seconds
[2026-08-08T21:17:26.214+0000] {processor.py:161} INFO - Started process (PID=1727) to work on /opt/airflow/dags/feature_pipeline_dag.py
[2026-08-08T21:17:26.217+0000] {processor.py:830} INFO - Processing file /opt/airflow/dags/feature_pipeline_dag.py for tasks to queue
[2026-08-08T21:17:26.220+0000] {logging_mixin.py:188} INFO - [2026-08-08T21:17:26.220+0000] {dagbag.py:545} INFO - Filling up the DagBag from /opt/airflow/dags/feature_pipeline_dag.py
[2026-08-08T21:17:27.745+0000] {processor.py:840} INFO - DAG(s) 'feature_pipeline' retrieved from /opt/airflow/dags/feature_pipeline_dag.py
[2026-08-08T21:17:27.807+0000] {logging_mixin.py:188} INFO - [2026-08-08T21:17:27.806+0000] {dag.py:3089} INFO - Sync 1 DAGs
[2026-08-08T21:17:27.854+0000] {logging_mixin.py:188} INFO - [2026-08-08T21:17:27.854+0000] {dag.py:3947} INFO - Setting next_dagrun for feature_pipeline to 2026-08-08 21:00:00+00:00, run_after=2026-08-08 22:00:00+00:00
[2026-08-08T21:17:28.236+0000] {processor.py:183} INFO - Processing /opt/airflow/dags/feature_pipeline_dag.py took 2.040 seconds
[2026-08-08T21:17:58.647+0000] {processor.py:161} INFO - Started process (PID=1739) to work on /opt/airflow/dags/feature_pipeline_dag.py
[2026-08-08T21:17:58.650+0000] {processor.py:830} INFO - Processing file /opt/airflow/dags/feature_pipeline_dag.py for tasks to queue
[2026-08-08T21:17:58.654+0000] {logging_mixin.py:188} INFO - [2026-08-08T21:17:58.653+0000] {dagbag.py:545} INFO - Filling up the DagBag from /opt/airflow/dags/feature_pipeline_dag.py
[2026-08-08T21:18:00.140+0000] {processor.py:840} INFO - DAG(s) 'feature_pipeline' retrieved from /opt/airflow/dags/feature_pipeline_dag.py
[2026-08-08T21:18:00.205+0000] {logging_mixin.py:188} INFO - [2026-08-08T21:18:00.204+0000] {dag.py:3089} INFO - Sync 1 DAGs
[2026-08-08T21:18:00.586+0000] {logging_mixin.py:188} INFO - [2026-08-08T21:18:00.585+0000] {dag.py:3947} INFO - Setting next_dagrun for feature_pipeline to 2026-08-08 21:00:00+00:00, run_after=2026-08-08 22:00:00+00:00
[2026-08-08T21:18:00.616+0000] {processor.py:183} INFO - Processing /opt/airflow/dags/feature_pipeline_dag.py took 1.986 seconds
[2026-08-08T21:18:30.999+0000] {processor.py:161} INFO - Started process (PID=1751) to work on /opt/airflow/dags/feature_pipeline_dag.py
[2026-08-08T21:18:31.002+0000] {processor.py:830} INFO - Processing file /opt/airflow/dags/feature_pipeline_dag.py for tasks to queue
[2026-08-08T21:18:31.007+0000] {logging_mixin.py:188} INFO - [2026-08-08T21:18:31.006+0000] {dagbag.py:545} INFO - Filling up the DagBag from /opt/airflow/dags/feature_pipeline_dag.py
[2026-08-08T21:18:32.408+0000] {processor.py:840} INFO - DAG(s) 'feature_pipeline' retrieved from /opt/airflow/dags/feature_pipeline_dag.py
[2026-08-08T21:18:32.477+0000] {logging_mixin.py:188} INFO - [2026-08-08T21:18:32.476+0000] {dag.py:3089} INFO - Sync 1 DAGs
[2026-08-08T21:18:32.837+0000] {logging_mixin.py:188} INFO - [2026-08-08T21:18:32.837+0000] {dag.py:3947} INFO - Setting next_dagrun for feature_pipeline to 2026-08-08 21:00:00+00:00, run_after=2026-08-08 22:00:00+00:00
[2026-08-08T21:18:32.870+0000] {processor.py:183} INFO - Processing /opt/airflow/dags/feature_pipeline_dag.py took 1.890 seconds
[2026-08-08T21:19:03.328+0000] {processor.py:161} INFO - Started process (PID=1763) to work on /opt/airflow/dags/feature_pipeline_dag.py
[2026-08-08T21:19:03.331+0000] {processor.py:830} INFO - Processing file /opt/airflow/dags/feature_pipeline_dag.py for tasks to queue
[2026-08-08T21:19:03.337+0000] {logging_mixin.py:188} INFO - [2026-08-08T21:19:03.336+0000] {dagbag.py:545} INFO - Filling up the DagBag from /opt/airflow/dags/feature_pipeline_dag.py
[2026-08-08T21:19:04.907+0000] {processor.py:840} INFO - DAG(s) 'feature_pipeline' retrieved from /opt/airflow/dags/feature_pipeline_dag.py
[2026-08-08T21:19:05.328+0000] {logging_mixin.py:188} INFO - [2026-08-08T21:19:05.327+0000] {dag.py:3089} INFO - Sync 1 DAGs
[2026-08-08T21:19:05.370+0000] {logging_mixin.py:188} INFO - [2026-08-08T21:19:05.369+0000] {dag.py:3947} INFO - Setting next_dagrun for feature_pipeline to 2026-08-08 21:00:00+00:00, run_after=2026-08-08 22:00:00+00:00
[2026-08-08T21:19:05.407+0000] {processor.py:183} INFO - Processing /opt/airflow/dags/feature_pipeline_dag.py took 2.102 seconds
[2026-08-08T21:19:35.857+0000] {processor.py:161} INFO - Started process (PID=1775) to work on /opt/airflow/dags/feature_pipeline_dag.py
[2026-08-08T21:19:35.860+0000] {processor.py:830} INFO - Processing file /opt/airflow/dags/feature_pipeline_dag.py for tasks to queue
[2026-08-08T21:19:35.866+0000] {logging_mixin.py:188} INFO - [2026-08-08T21:19:35.865+0000] {dagbag.py:545} INFO - Filling up the DagBag from /opt/airflow/dags/feature_pipeline_dag.py
[2026-08-08T21:19:37.355+0000] {processor.py:840} INFO - DAG(s) 'feature_pipeline' retrieved from /opt/airflow/dags/feature_pipeline_dag.py
[2026-08-08T21:19:37.730+0000] {logging_mixin.py:188} INFO - [2026-08-08T21:19:37.730+0000] {dag.py:3089} INFO - Sync 1 DAGs
[2026-08-08T21:19:37.777+0000] {logging_mixin.py:188} INFO - [2026-08-08T21:19:37.777+0000] {dag.py:3947} INFO - Setting next_dagrun for feature_pipeline to 2026-08-08 21:00:00+00:00, run_after=2026-08-08 22:00:00+00:00
[2026-08-08T21:19:37.811+0000] {processor.py:183} INFO - Processing /opt/airflow/dags/feature_pipeline_dag.py took 1.973 seconds
[2026-08-08T21:20:08.418+0000] {processor.py:161} INFO - Started process (PID=1787) to work on /opt/airflow/dags/feature_pipeline_dag.py
[2026-08-08T21:20:08.421+0000] {processor.py:830} INFO - Processing file /opt/airflow/dags/feature_pipeline_dag.py for tasks to queue
[2026-08-08T21:20:08.428+0000] {logging_mixin.py:188} INFO - [2026-08-08T21:20:08.427+0000] {dagbag.py:545} INFO - Filling up the DagBag from /opt/airflow/dags/feature_pipeline_dag.py
[2026-08-08T21:20:10.203+0000] {processor.py:840} INFO - DAG(s) 'feature_pipeline' retrieved from /opt/airflow/dags/feature_pipeline_dag.py
[2026-08-08T21:20:10.259+0000] {logging_mixin.py:188} INFO - [2026-08-08T21:20:10.258+0000] {dag.py:3089} INFO - Sync 1 DAGs
[2026-08-08T21:20:10.306+0000] {logging_mixin.py:188} INFO - [2026-08-08T21:20:10.306+0000] {dag.py:3947} INFO - Setting next_dagrun for feature_pipeline to 2026-08-08 21:00:00+00:00, run_after=2026-08-08 22:00:00+00:00
[2026-08-08T21:20:10.346+0000] {processor.py:183} INFO - Processing /opt/airflow/dags/feature_pipeline_dag.py took 1.952 seconds
[2026-08-08T21:20:40.869+0000] {processor.py:161} INFO - Started process (PID=1799) to work on /opt/airflow/dags/feature_pipeline_dag.py
[2026-08-08T21:20:40.873+0000] {processor.py:830} INFO - Processing file /opt/airflow/dags/feature_pipeline_dag.py for tasks to queue
[2026-08-08T21:20:40.880+0000] {logging_mixin.py:188} INFO - [2026-08-08T21:20:40.879+0000] {dagbag.py:545} INFO - Filling up the DagBag from /opt/airflow/dags/feature_pipeline_dag.py
[2026-08-08T21:20:42.397+0000] {processor.py:840} INFO - DAG(s) 'feature_pipeline' retrieved from /opt/airflow/dags/feature_pipeline_dag.py
[2026-08-08T21:20:42.464+0000] {logging_mixin.py:188} INFO - [2026-08-08T21:20:42.463+0000] {dag.py:3089} INFO - Sync 1 DAGs
[2026-08-08T21:20:42.520+0000] {logging_mixin.py:188} INFO - [2026-08-08T21:20:42.520+0000] {dag.py:3947} INFO - Setting next_dagrun for feature_pipeline to 2026-08-08 21:00:00+00:00, run_after=2026-08-08 22:00:00+00:00
[2026-08-08T21:20:42.946+0000] {processor.py:183} INFO - Processing /opt/airflow/dags/feature_pipeline_dag.py took 2.105 seconds
[2026-08-08T21:21:13.292+0000] {processor.py:161} INFO - Started process (PID=1814) to work on /opt/airflow/dags/feature_pipeline_dag.py
[2026-08-08T21:21:13.295+0000] {processor.py:830} INFO - Processing file /opt/airflow/dags/feature_pipeline_dag.py for tasks to queue
[2026-08-08T21:21:13.301+0000] {logging_mixin.py:188} INFO - [2026-08-08T21:21:13.300+0000] {dagbag.py:545} INFO - Filling up the DagBag from /opt/airflow/dags/feature_pipeline_dag.py
[2026-08-08T21:21:14.832+0000] {processor.py:840} INFO - DAG(s) 'feature_pipeline' retrieved from /opt/airflow/dags/feature_pipeline_dag.py
[2026-08-08T21:21:14.898+0000] {logging_mixin.py:188} INFO - [2026-08-08T21:21:14.897+0000] {dag.py:3089} INFO - Sync 1 DAGs
[2026-08-08T21:21:15.269+0000] {logging_mixin.py:188} INFO - [2026-08-08T21:21:15.268+0000] {dag.py:3947} INFO - Setting next_dagrun for feature_pipeline to 2026-08-08 21:00:00+00:00, run_after=2026-08-08 22:00:00+00:00
[2026-08-08T21:21:15.302+0000] {processor.py:183} INFO - Processing /opt/airflow/dags/feature_pipeline_dag.py took 2.030 seconds
[2026-08-08T21:21:45.568+0000] {processor.py:161} INFO - Started process (PID=1823) to work on /opt/airflow/dags/feature_pipeline_dag.py
[2026-08-08T21:21:45.570+0000] {processor.py:830} INFO - Processing file /opt/airflow/dags/feature_pipeline_dag.py for tasks to queue
[2026-08-08T21:21:45.575+0000] {logging_mixin.py:188} INFO - [2026-08-08T21:21:45.574+0000] {dagbag.py:545} INFO - Filling up the DagBag from /opt/airflow/dags/feature_pipeline_dag.py
[2026-08-08T21:21:47.176+0000] {processor.py:840} INFO - DAG(s) 'feature_pipeline' retrieved from /opt/airflow/dags/feature_pipeline_dag.py
[2026-08-08T21:21:47.249+0000] {logging_mixin.py:188} INFO - [2026-08-08T21:21:47.248+0000] {dag.py:3089} INFO - Sync 1 DAGs
[2026-08-08T21:21:47.573+0000] {logging_mixin.py:188} INFO - [2026-08-08T21:21:47.573+0000] {dag.py:3947} INFO - Setting next_dagrun for feature_pipeline to 2026-08-08 21:00:00+00:00, run_after=2026-08-08 22:00:00+00:00
[2026-08-08T21:21:47.607+0000] {processor.py:183} INFO - Processing /opt/airflow/dags/feature_pipeline_dag.py took 2.061 seconds
[2026-08-08T21:22:18.084+0000] {processor.py:161} INFO - Started process (PID=1835) to work on /opt/airflow/dags/feature_pipeline_dag.py
[2026-08-08T21:22:18.087+0000] {processor.py:830} INFO - Processing file /opt/airflow/dags/feature_pipeline_dag.py for tasks to queue
[2026-08-08T21:22:18.092+0000] {logging_mixin.py:188} INFO - [2026-08-08T21:22:18.091+0000] {dagbag.py:545} INFO - Filling up the DagBag from /opt/airflow/dags/feature_pipeline_dag.py
[2026-08-08T21:22:19.631+0000] {processor.py:840} INFO - DAG(s) 'feature_pipeline' retrieved from /opt/airflow/dags/feature_pipeline_dag.py
[2026-08-08T21:22:20.143+0000] {logging_mixin.py:188} INFO - [2026-08-08T21:22:20.142+0000] {dag.py:3089} INFO - Sync 1 DAGs
[2026-08-08T21:22:20.186+0000] {logging_mixin.py:188} INFO - [2026-08-08T21:22:20.185+0000] {dag.py:3947} INFO - Setting next_dagrun for feature_pipeline to 2026-08-08 21:00:00+00:00, run_after=2026-08-08 22:00:00+00:00
[2026-08-08T21:22:20.222+0000] {processor.py:183} INFO - Processing /opt/airflow/dags/feature_pipeline_dag.py took 2.162 seconds
[2026-08-08T21:22:50.615+0000] {processor.py:161} INFO - Started process (PID=1847) to work on /opt/airflow/dags/feature_pipeline_dag.py
[2026-08-08T21:22:50.618+0000] {processor.py:830} INFO - Processing file /opt/airflow/dags/feature_pipeline_dag.py for tasks to queue
[2026-08-08T21:22:50.626+0000] {logging_mixin.py:188} INFO - [2026-08-08T21:22:50.625+0000] {dagbag.py:545} INFO - Filling up the DagBag from /opt/airflow/dags/feature_pipeline_dag.py
[2026-08-08T21:22:52.141+0000] {processor.py:840} INFO - DAG(s) 'feature_pipeline' retrieved from /opt/airflow/dags/feature_pipeline_dag.py
[2026-08-08T21:22:52.568+0000] {logging_mixin.py:188} INFO - [2026-08-08T21:22:52.567+0000] {dag.py:3089} INFO - Sync 1 DAGs
[2026-08-08T21:22:52.612+0000] {logging_mixin.py:188} INFO - [2026-08-08T21:22:52.612+0000] {dag.py:3947} INFO - Setting next_dagrun for feature_pipeline to 2026-08-08 21:00:00+00:00, run_after=2026-08-08 22:00:00+00:00
[2026-08-08T21:22:52.648+0000] {processor.py:183} INFO - Processing /opt/airflow/dags/feature_pipeline_dag.py took 2.053 seconds
[2026-08-08T21:23:23.240+0000] {processor.py:161} INFO - Started process (PID=1859) to work on /opt/airflow/dags/feature_pipeline_dag.py
[2026-08-08T21:23:23.242+0000] {processor.py:830} INFO - Processing file /opt/airflow/dags/feature_pipeline_dag.py for tasks to queue
[2026-08-08T21:23:23.247+0000] {logging_mixin.py:188} INFO - [2026-08-08T21:23:23.246+0000] {dagbag.py:545} INFO - Filling up the DagBag from /opt/airflow/dags/feature_pipeline_dag.py
[2026-08-08T21:23:25.228+0000] {processor.py:840} INFO - DAG(s) 'feature_pipeline' retrieved from /opt/airflow/dags/feature_pipeline_dag.py
[2026-08-08T21:23:25.279+0000] {logging_mixin.py:188} INFO - [2026-08-08T21:23:25.278+0000] {dag.py:3089} INFO - Sync 1 DAGs
[2026-08-08T21:23:25.317+0000] {logging_mixin.py:188} INFO - [2026-08-08T21:23:25.316+0000] {dag.py:3947} INFO - Setting next_dagrun for feature_pipeline to 2026-08-08 21:00:00+00:00, run_after=2026-08-08 22:00:00+00:00
[2026-08-08T21:23:25.351+0000] {processor.py:183} INFO - Processing /opt/airflow/dags/feature_pipeline_dag.py took 2.134 seconds
[2026-08-08T21:23:55.692+0000] {processor.py:161} INFO - Started process (PID=1871) to work on /opt/airflow/dags/feature_pipeline_dag.py
[2026-08-08T21:23:55.695+0000] {processor.py:830} INFO - Processing file /opt/airflow/dags/feature_pipeline_dag.py for tasks to queue
[2026-08-08T21:23:55.700+0000] {logging_mixin.py:188} INFO - [2026-08-08T21:23:55.699+0000] {dagbag.py:545} INFO - Filling up the DagBag from /opt/airflow/dags/feature_pipeline_dag.py
[2026-08-08T21:23:57.139+0000] {processor.py:840} INFO - DAG(s) 'feature_pipeline' retrieved from /opt/airflow/dags/feature_pipeline_dag.py
[2026-08-08T21:23:57.202+0000] {logging_mixin.py:188} INFO - [2026-08-08T21:23:57.201+0000] {dag.py:3089} INFO - Sync 1 DAGs
[2026-08-08T21:23:57.256+0000] {logging_mixin.py:188} INFO - [2026-08-08T21:23:57.256+0000] {dag.py:3947} INFO - Setting next_dagrun for feature_pipeline to 2026-08-08 21:00:00+00:00, run_after=2026-08-08 22:00:00+00:00
[2026-08-08T21:23:57.595+0000] {processor.py:183} INFO - Processing /opt/airflow/dags/feature_pipeline_dag.py took 1.921 seconds
[2026-08-08T21:24:28.035+0000] {processor.py:161} INFO - Started process (PID=1883) to work on /opt/airflow/dags/feature_pipeline_dag.py
[2026-08-08T21:24:28.037+0000] {processor.py:830} INFO - Processing file /opt/airflow/dags/feature_pipeline_dag.py for tasks to queue
[2026-08-08T21:24:28.042+0000] {logging_mixin.py:188} INFO - [2026-08-08T21:24:28.041+0000] {dagbag.py:545} INFO - Filling up the DagBag from /opt/airflow/dags/feature_pipeline_dag.py
[2026-08-08T21:24:29.438+0000] {processor.py:840} INFO - DAG(s) 'feature_pipeline' retrieved from /opt/airflow/dags/feature_pipeline_dag.py
[2026-08-08T21:24:29.502+0000] {logging_mixin.py:188} INFO - [2026-08-08T21:24:29.501+0000] {dag.py:3089} INFO - Sync 1 DAGs
[2026-08-08T21:24:29.998+0000] {logging_mixin.py:188} INFO - [2026-08-08T21:24:29.998+0000] {dag.py:3947} INFO - Setting next_dagrun for feature_pipeline to 2026-08-08 21:00:00+00:00, run_after=2026-08-08 22:00:00+00:00
[2026-08-08T21:24:30.041+0000] {processor.py:183} INFO - Processing /opt/airflow/dags/feature_pipeline_dag.py took 2.027 seconds
[2026-08-08T21:25:00.616+0000] {processor.py:161} INFO - Started process (PID=1895) to work on /opt/airflow/dags/feature_pipeline_dag.py
[2026-08-08T21:25:00.618+0000] {processor.py:830} INFO - Processing file /opt/airflow/dags/feature_pipeline_dag.py for tasks to queue
[2026-08-08T21:25:00.625+0000] {logging_mixin.py:188} INFO - [2026-08-08T21:25:00.623+0000] {dagbag.py:545} INFO - Filling up the DagBag from /opt/airflow/dags/feature_pipeline_dag.py
[2026-08-08T21:25:02.163+0000] {processor.py:840} INFO - DAG(s) 'feature_pipeline' retrieved from /opt/airflow/dags/feature_pipeline_dag.py
[2026-08-08T21:25:02.600+0000] {logging_mixin.py:188} INFO - [2026-08-08T21:25:02.598+0000] {dag.py:3089} INFO - Sync 1 DAGs
[2026-08-08T21:25:02.642+0000] {logging_mixin.py:188} INFO - [2026-08-08T21:25:02.642+0000] {dag.py:3947} INFO - Setting next_dagrun for feature_pipeline to 2026-08-08 21:00:00+00:00, run_after=2026-08-08 22:00:00+00:00
[2026-08-08T21:25:02.673+0000] {processor.py:183} INFO - Processing /opt/airflow/dags/feature_pipeline_dag.py took 2.086 seconds
[2026-08-08T21:25:33.109+0000] {processor.py:161} INFO - Started process (PID=1907) to work on /opt/airflow/dags/feature_pipeline_dag.py
[2026-08-08T21:25:33.114+0000] {processor.py:830} INFO - Processing file /opt/airflow/dags/feature_pipeline_dag.py for tasks to queue
[2026-08-08T21:25:33.121+0000] {logging_mixin.py:188} INFO - [2026-08-08T21:25:33.120+0000] {dagbag.py:545} INFO - Filling up the DagBag from /opt/airflow/dags/feature_pipeline_dag.py
[2026-08-08T21:25:34.667+0000] {processor.py:840} INFO - DAG(s) 'feature_pipeline' retrieved from /opt/airflow/dags/feature_pipeline_dag.py
[2026-08-08T21:25:35.027+0000] {logging_mixin.py:188} INFO - [2026-08-08T21:25:35.027+0000] {dag.py:3089} INFO - Sync 1 DAGs
[2026-08-08T21:25:35.068+0000] {logging_mixin.py:188} INFO - [2026-08-08T21:25:35.067+0000] {dag.py:3947} INFO - Setting next_dagrun for feature_pipeline to 2026-08-08 21:00:00+00:00, run_after=2026-08-08 22:00:00+00:00
[2026-08-08T21:25:35.103+0000] {processor.py:183} INFO - Processing /opt/airflow/dags/feature_pipeline_dag.py took 2.023 seconds
[2026-08-08T21:26:05.590+0000] {processor.py:161} INFO - Started process (PID=1919) to work on /opt/airflow/dags/feature_pipeline_dag.py
[2026-08-08T21:26:05.593+0000] {processor.py:830} INFO - Processing file /opt/airflow/dags/feature_pipeline_dag.py for tasks to queue
[2026-08-08T21:26:05.599+0000] {logging_mixin.py:188} INFO - [2026-08-08T21:26:05.598+0000] {dagbag.py:545} INFO - Filling up the DagBag from /opt/airflow/dags/feature_pipeline_dag.py
[2026-08-08T21:26:07.328+0000] {processor.py:840} INFO - DAG(s) 'feature_pipeline' retrieved from /opt/airflow/dags/feature_pipeline_dag.py
[2026-08-08T21:26:07.382+0000] {logging_mixin.py:188} INFO - [2026-08-08T21:26:07.382+0000] {dag.py:3089} INFO - Sync 1 DAGs
[2026-08-08T21:26:07.426+0000] {logging_mixin.py:188} INFO - [2026-08-08T21:26:07.426+0000] {dag.py:3947} INFO - Setting next_dagrun for feature_pipeline to 2026-08-08 21:00:00+00:00, run_after=2026-08-08 22:00:00+00:00
[2026-08-08T21:26:07.462+0000] {processor.py:183} INFO - Processing /opt/airflow/dags/feature_pipeline_dag.py took 1.894 seconds
[2026-08-08T21:26:37.958+0000] {processor.py:161} INFO - Started process (PID=1931) to work on /opt/airflow/dags/feature_pipeline_dag.py
[2026-08-08T21:26:37.961+0000] {processor.py:830} INFO - Processing file /opt/airflow/dags/feature_pipeline_dag.py for tasks to queue
[2026-08-08T21:26:37.966+0000] {logging_mixin.py:188} INFO - [2026-08-08T21:26:37.965+0000] {dagbag.py:545} INFO - Filling up the DagBag from /opt/airflow/dags/feature_pipeline_dag.py
[2026-08-08T21:26:39.528+0000] {processor.py:840} INFO - DAG(s) 'feature_pipeline' retrieved from /opt/airflow/dags/feature_pipeline_dag.py
[2026-08-08T21:26:39.596+0000] {logging_mixin.py:188} INFO - [2026-08-08T21:26:39.595+0000] {dag.py:3089} INFO - Sync 1 DAGs
[2026-08-08T21:26:39.645+0000] {logging_mixin.py:188} INFO - [2026-08-08T21:26:39.645+0000] {dag.py:3947} INFO - Setting next_dagrun for feature_pipeline to 2026-08-08 21:00:00+00:00, run_after=2026-08-08 22:00:00+00:00
[2026-08-08T21:26:40.015+0000] {processor.py:183} INFO - Processing /opt/airflow/dags/feature_pipeline_dag.py took 2.082 seconds
[2026-08-08T21:27:10.410+0000] {processor.py:161} INFO - Started process (PID=1943) to work on /opt/airflow/dags/feature_pipeline_dag.py
[2026-08-08T21:27:10.413+0000] {processor.py:830} INFO - Processing file /opt/airflow/dags/feature_pipeline_dag.py for tasks to queue
[2026-08-08T21:27:10.418+0000] {logging_mixin.py:188} INFO - [2026-08-08T21:27:10.417+0000] {dagbag.py:545} INFO - Filling up the DagBag from /opt/airflow/dags/feature_pipeline_dag.py
[2026-08-08T21:27:11.891+0000] {processor.py:840} INFO - DAG(s) 'feature_pipeline' retrieved from /opt/airflow/dags/feature_pipeline_dag.py
[2026-08-08T21:27:11.950+0000] {logging_mixin.py:188} INFO - [2026-08-08T21:27:11.949+0000] {dag.py:3089} INFO - Sync 1 DAGs
[2026-08-08T21:27:12.412+0000] {logging_mixin.py:188} INFO - [2026-08-08T21:27:12.411+0000] {dag.py:3947} INFO - Setting next_dagrun for feature_pipeline to 2026-08-08 21:00:00+00:00, run_after=2026-08-08 22:00:00+00:00
[2026-08-08T21:27:12.452+0000] {processor.py:183} INFO - Processing /opt/airflow/dags/feature_pipeline_dag.py took 2.062 seconds
[2026-08-08T21:27:43.018+0000] {processor.py:161} INFO - Started process (PID=1955) to work on /opt/airflow/dags/feature_pipeline_dag.py
[2026-08-08T21:27:43.022+0000] {processor.py:830} INFO - Processing file /opt/airflow/dags/feature_pipeline_dag.py for tasks to queue
[2026-08-08T21:27:43.030+0000] {logging_mixin.py:188} INFO - [2026-08-08T21:27:43.029+0000] {dagbag.py:545} INFO - Filling up the DagBag from /opt/airflow/dags/feature_pipeline_dag.py
[2026-08-08T21:27:44.572+0000] {processor.py:840} INFO - DAG(s) 'feature_pipeline' retrieved from /opt/airflow/dags/feature_pipeline_dag.py
[2026-08-08T21:27:44.635+0000] {logging_mixin.py:188} INFO - [2026-08-08T21:27:44.634+0000] {dag.py:3089} INFO - Sync 1 DAGs
[2026-08-08T21:27:45.104+0000] {logging_mixin.py:188} INFO - [2026-08-08T21:27:45.103+0000] {dag.py:3947} INFO - Setting next_dagrun for feature_pipeline to 2026-08-08 21:00:00+00:00, run_after=2026-08-08 22:00:00+00:00
[2026-08-08T21:27:45.139+0000] {processor.py:183} INFO - Processing /opt/airflow/dags/feature_pipeline_dag.py took 2.161 seconds
[2026-08-08T21:28:15.776+0000] {processor.py:161} INFO - Started process (PID=1967) to work on /opt/airflow/dags/feature_pipeline_dag.py
[2026-08-08T21:28:15.779+0000] {processor.py:830} INFO - Processing file /opt/airflow/dags/feature_pipeline_dag.py for tasks to queue
[2026-08-08T21:28:15.787+0000] {logging_mixin.py:188} INFO - [2026-08-08T21:28:15.786+0000] {dagbag.py:545} INFO - Filling up the DagBag from /opt/airflow/dags/feature_pipeline_dag.py
[2026-08-08T21:28:17.816+0000] {processor.py:840} INFO - DAG(s) 'feature_pipeline' retrieved from /opt/airflow/dags/feature_pipeline_dag.py
[2026-08-08T21:28:17.879+0000] {logging_mixin.py:188} INFO - [2026-08-08T21:28:17.878+0000] {dag.py:3089} INFO - Sync 1 DAGs
[2026-08-08T21:28:17.923+0000] {logging_mixin.py:188} INFO - [2026-08-08T21:28:17.923+0000] {dag.py:3947} INFO - Setting next_dagrun for feature_pipeline to 2026-08-08 21:00:00+00:00, run_after=2026-08-08 22:00:00+00:00
[2026-08-08T21:28:17.962+0000] {processor.py:183} INFO - Processing /opt/airflow/dags/feature_pipeline_dag.py took 2.205 seconds
[2026-08-08T21:28:48.161+0000] {processor.py:161} INFO - Started process (PID=1979) to work on /opt/airflow/dags/feature_pipeline_dag.py
[2026-08-08T21:28:48.164+0000] {processor.py:830} INFO - Processing file /opt/airflow/dags/feature_pipeline_dag.py for tasks to queue
[2026-08-08T21:28:48.171+0000] {logging_mixin.py:188} INFO - [2026-08-08T21:28:48.170+0000] {dagbag.py:545} INFO - Filling up the DagBag from /opt/airflow/dags/feature_pipeline_dag.py
[2026-08-08T21:28:49.636+0000] {processor.py:840} INFO - DAG(s) 'feature_pipeline' retrieved from /opt/airflow/dags/feature_pipeline_dag.py
[2026-08-08T21:28:50.136+0000] {logging_mixin.py:188} INFO - [2026-08-08T21:28:50.136+0000] {dag.py:3089} INFO - Sync 1 DAGs
[2026-08-08T21:28:50.178+0000] {logging_mixin.py:188} INFO - [2026-08-08T21:28:50.178+0000] {dag.py:3947} INFO - Setting next_dagrun for feature_pipeline to 2026-08-08 21:00:00+00:00, run_after=2026-08-08 22:00:00+00:00
[2026-08-08T21:28:50.212+0000] {processor.py:183} INFO - Processing /opt/airflow/dags/feature_pipeline_dag.py took 2.074 seconds
[2026-08-08T21:29:20.792+0000] {processor.py:161} INFO - Started process (PID=1991) to work on /opt/airflow/dags/feature_pipeline_dag.py
[2026-08-08T21:29:20.795+0000] {processor.py:830} INFO - Processing file /opt/airflow/dags/feature_pipeline_dag.py for tasks to queue
[2026-08-08T21:29:20.800+0000] {logging_mixin.py:188} INFO - [2026-08-08T21:29:20.799+0000] {dagbag.py:545} INFO - Filling up the DagBag from /opt/airflow/dags/feature_pipeline_dag.py
[2026-08-08T21:29:22.638+0000] {processor.py:840} INFO - DAG(s) 'feature_pipeline' retrieved from /opt/airflow/dags/feature_pipeline_dag.py
[2026-08-08T21:29:22.691+0000] {logging_mixin.py:188} INFO - [2026-08-08T21:29:22.690+0000] {dag.py:3089} INFO - Sync 1 DAGs
[2026-08-08T21:29:22.743+0000] {logging_mixin.py:188} INFO - [2026-08-08T21:29:22.743+0000] {dag.py:3947} INFO - Setting next_dagrun for feature_pipeline to 2026-08-08 21:00:00+00:00, run_after=2026-08-08 22:00:00+00:00
[2026-08-08T21:29:22.780+0000] {processor.py:183} INFO - Processing /opt/airflow/dags/feature_pipeline_dag.py took 2.007 seconds
[2026-08-08T21:29:53.248+0000] {processor.py:161} INFO - Started process (PID=2003) to work on /opt/airflow/dags/feature_pipeline_dag.py
[2026-08-08T21:29:53.251+0000] {processor.py:830} INFO - Processing file /opt/airflow/dags/feature_pipeline_dag.py for tasks to queue
[2026-08-08T21:29:53.256+0000] {logging_mixin.py:188} INFO - [2026-08-08T21:29:53.255+0000] {dagbag.py:545} INFO - Filling up the DagBag from /opt/airflow/dags/feature_pipeline_dag.py
[2026-08-08T21:29:54.916+0000] {processor.py:840} INFO - DAG(s) 'feature_pipeline' retrieved from /opt/airflow/dags/feature_pipeline_dag.py
[2026-08-08T21:29:54.986+0000] {logging_mixin.py:188} INFO - [2026-08-08T21:29:54.985+0000] {dag.py:3089} INFO - Sync 1 DAGs
[2026-08-08T21:29:55.374+0000] {logging_mixin.py:188} INFO - [2026-08-08T21:29:55.373+0000] {dag.py:3947} INFO - Setting next_dagrun for feature_pipeline to 2026-08-08 21:00:00+00:00, run_after=2026-08-08 22:00:00+00:00
[2026-08-08T21:29:55.409+0000] {processor.py:183} INFO - Processing /opt/airflow/dags/feature_pipeline_dag.py took 2.179 seconds
[2026-08-08T21:30:26.042+0000] {processor.py:161} INFO - Started process (PID=2015) to work on /opt/airflow/dags/feature_pipeline_dag.py
[2026-08-08T21:30:26.045+0000] {processor.py:830} INFO - Processing file /opt/airflow/dags/feature_pipeline_dag.py for tasks to queue
[2026-08-08T21:30:26.052+0000] {logging_mixin.py:188} INFO - [2026-08-08T21:30:26.051+0000] {dagbag.py:545} INFO - Filling up the DagBag from /opt/airflow/dags/feature_pipeline_dag.py
[2026-08-08T21:30:27.510+0000] {processor.py:840} INFO - DAG(s) 'feature_pipeline' retrieved from /opt/airflow/dags/feature_pipeline_dag.py
[2026-08-08T21:30:27.576+0000] {logging_mixin.py:188} INFO - [2026-08-08T21:30:27.575+0000] {dag.py:3089} INFO - Sync 1 DAGs
[2026-08-08T21:30:27.999+0000] {logging_mixin.py:188} INFO - [2026-08-08T21:30:27.998+0000] {dag.py:3947} INFO - Setting next_dagrun for feature_pipeline to 2026-08-08 21:00:00+00:00, run_after=2026-08-08 22:00:00+00:00
[2026-08-08T21:30:28.040+0000] {processor.py:183} INFO - Processing /opt/airflow/dags/feature_pipeline_dag.py took 2.015 seconds
[2026-08-08T21:30:58.467+0000] {processor.py:161} INFO - Started process (PID=2027) to work on /opt/airflow/dags/feature_pipeline_dag.py
[2026-08-08T21:30:58.469+0000] {processor.py:830} INFO - Processing file /opt/airflow/dags/feature_pipeline_dag.py for tasks to queue
[2026-08-08T21:30:58.473+0000] {logging_mixin.py:188} INFO - [2026-08-08T21:30:58.473+0000] {dagbag.py:545} INFO - Filling up the DagBag from /opt/airflow/dags/feature_pipeline_dag.py
[2026-08-08T21:31:00.010+0000] {processor.py:840} INFO - DAG(s) 'feature_pipeline' retrieved from /opt/airflow/dags/feature_pipeline_dag.py
[2026-08-08T21:31:00.507+0000] {logging_mixin.py:188} INFO - [2026-08-08T21:31:00.506+0000] {dag.py:3089} INFO - Sync 1 DAGs
[2026-08-08T21:31:00.553+0000] {logging_mixin.py:188} INFO - [2026-08-08T21:31:00.553+0000] {dag.py:3947} INFO - Setting next_dagrun for feature_pipeline to 2026-08-08 21:00:00+00:00, run_after=2026-08-08 22:00:00+00:00
[2026-08-08T21:31:00.590+0000] {processor.py:183} INFO - Processing /opt/airflow/dags/feature_pipeline_dag.py took 2.145 seconds
[2026-08-08T21:31:30.998+0000] {processor.py:161} INFO - Started process (PID=2039) to work on /opt/airflow/dags/feature_pipeline_dag.py
[2026-08-08T21:31:31.001+0000] {processor.py:830} INFO - Processing file /opt/airflow/dags/feature_pipeline_dag.py for tasks to queue
[2026-08-08T21:31:31.006+0000] {logging_mixin.py:188} INFO - [2026-08-08T21:31:31.005+0000] {dagbag.py:545} INFO - Filling up the DagBag from /opt/airflow/dags/feature_pipeline_dag.py
[2026-08-08T21:31:32.449+0000] {processor.py:840} INFO - DAG(s) 'feature_pipeline' retrieved from /opt/airflow/dags/feature_pipeline_dag.py
[2026-08-08T21:31:32.910+0000] {logging_mixin.py:188} INFO - [2026-08-08T21:31:32.909+0000] {dag.py:3089} INFO - Sync 1 DAGs
[2026-08-08T21:31:32.954+0000] {logging_mixin.py:188} INFO - [2026-08-08T21:31:32.954+0000] {dag.py:3947} INFO - Setting next_dagrun for feature_pipeline to 2026-08-08 21:00:00+00:00, run_after=2026-08-08 22:00:00+00:00
[2026-08-08T21:31:32.991+0000] {processor.py:183} INFO - Processing /opt/airflow/dags/feature_pipeline_dag.py took 2.041 seconds
[2026-08-08T21:55:11.094+0000] {processor.py:161} INFO - Started process (PID=2051) to work on /opt/airflow/dags/feature_pipeline_dag.py
[2026-08-08T21:55:11.099+0000] {processor.py:830} INFO - Processing file /opt/airflow/dags/feature_pipeline_dag.py for tasks to queue
[2026-08-08T21:55:11.109+0000] {logging_mixin.py:188} INFO - [2026-08-08T21:55:11.108+0000] {dagbag.py:545} INFO - Filling up the DagBag from /opt/airflow/dags/feature_pipeline_dag.py
[2026-08-08T21:55:14.503+0000] {processor.py:840} INFO - DAG(s) 'feature_pipeline' retrieved from /opt/airflow/dags/feature_pipeline_dag.py
[2026-08-08T21:55:14.582+0000] {logging_mixin.py:188} INFO - [2026-08-08T21:55:14.581+0000] {dag.py:3089} INFO - Sync 1 DAGs
[2026-08-08T21:55:14.638+0000] {logging_mixin.py:188} INFO - [2026-08-08T21:55:14.638+0000] {dag.py:3947} INFO - Setting next_dagrun for feature_pipeline to 2026-08-08 21:00:00+00:00, run_after=2026-08-08 22:00:00+00:00
[2026-08-08T21:55:14.727+0000] {processor.py:183} INFO - Processing /opt/airflow/dags/feature_pipeline_dag.py took 3.706 seconds
[2026-08-08T21:55:44.964+0000] {processor.py:161} INFO - Started process (PID=2063) to work on /opt/airflow/dags/feature_pipeline_dag.py
[2026-08-08T21:55:44.967+0000] {processor.py:830} INFO - Processing file /opt/airflow/dags/feature_pipeline_dag.py for tasks to queue
[2026-08-08T21:55:44.974+0000] {logging_mixin.py:188} INFO - [2026-08-08T21:55:44.973+0000] {dagbag.py:545} INFO - Filling up the DagBag from /opt/airflow/dags/feature_pipeline_dag.py
[2026-08-08T21:55:46.419+0000] {processor.py:840} INFO - DAG(s) 'feature_pipeline' retrieved from /opt/airflow/dags/feature_pipeline_dag.py
[2026-08-08T21:55:46.485+0000] {logging_mixin.py:188} INFO - [2026-08-08T21:55:46.484+0000] {dag.py:3089} INFO - Sync 1 DAGs
[2026-08-08T21:55:46.543+0000] {logging_mixin.py:188} INFO - [2026-08-08T21:55:46.542+0000] {dag.py:3947} INFO - Setting next_dagrun for feature_pipeline to 2026-08-08 21:00:00+00:00, run_after=2026-08-08 22:00:00+00:00
[2026-08-08T21:55:46.899+0000] {processor.py:183} INFO - Processing /opt/airflow/dags/feature_pipeline_dag.py took 1.961 seconds
[2026-08-08T21:56:17.155+0000] {processor.py:161} INFO - Started process (PID=2075) to work on /opt/airflow/dags/feature_pipeline_dag.py
[2026-08-08T21:56:17.157+0000] {processor.py:830} INFO - Processing file /opt/airflow/dags/feature_pipeline_dag.py for tasks to queue
[2026-08-08T21:56:17.161+0000] {logging_mixin.py:188} INFO - [2026-08-08T21:56:17.160+0000] {dagbag.py:545} INFO - Filling up the DagBag from /opt/airflow/dags/feature_pipeline_dag.py
[2026-08-08T21:56:18.263+0000] {processor.py:840} INFO - DAG(s) 'feature_pipeline' retrieved from /opt/airflow/dags/feature_pipeline_dag.py
[2026-08-08T21:56:18.322+0000] {logging_mixin.py:188} INFO - [2026-08-08T21:56:18.322+0000] {dag.py:3089} INFO - Sync 1 DAGs
[2026-08-08T21:56:18.749+0000] {logging_mixin.py:188} INFO - [2026-08-08T21:56:18.749+0000] {dag.py:3947} INFO - Setting next_dagrun for feature_pipeline to 2026-08-08 21:00:00+00:00, run_after=2026-08-08 22:00:00+00:00
[2026-08-08T21:56:18.777+0000] {processor.py:183} INFO - Processing /opt/airflow/dags/feature_pipeline_dag.py took 1.637 seconds
[2026-08-08T21:56:49.140+0000] {processor.py:161} INFO - Started process (PID=2087) to work on /opt/airflow/dags/feature_pipeline_dag.py
[2026-08-08T21:56:49.143+0000] {processor.py:830} INFO - Processing file /opt/airflow/dags/feature_pipeline_dag.py for tasks to queue
[2026-08-08T21:56:49.147+0000] {logging_mixin.py:188} INFO - [2026-08-08T21:56:49.147+0000] {dagbag.py:545} INFO - Filling up the DagBag from /opt/airflow/dags/feature_pipeline_dag.py
[2026-08-08T21:56:50.664+0000] {processor.py:840} INFO - DAG(s) 'feature_pipeline' retrieved from /opt/airflow/dags/feature_pipeline_dag.py
[2026-08-08T21:56:50.735+0000] {logging_mixin.py:188} INFO - [2026-08-08T21:56:50.734+0000] {dag.py:3089} INFO - Sync 1 DAGs
[2026-08-08T21:56:51.131+0000] {logging_mixin.py:188} INFO - [2026-08-08T21:56:51.130+0000] {dag.py:3947} INFO - Setting next_dagrun for feature_pipeline to 2026-08-08 21:00:00+00:00, run_after=2026-08-08 22:00:00+00:00
[2026-08-08T21:56:51.167+0000] {processor.py:183} INFO - Processing /opt/airflow/dags/feature_pipeline_dag.py took 2.047 seconds
[2026-08-08T21:57:21.630+0000] {processor.py:161} INFO - Started process (PID=2099) to work on /opt/airflow/dags/feature_pipeline_dag.py
[2026-08-08T21:57:21.633+0000] {processor.py:830} INFO - Processing file /opt/airflow/dags/feature_pipeline_dag.py for tasks to queue
[2026-08-08T21:57:21.641+0000] {logging_mixin.py:188} INFO - [2026-08-08T21:57:21.640+0000] {dagbag.py:545} INFO - Filling up the DagBag from /opt/airflow/dags/feature_pipeline_dag.py
[2026-08-08T21:57:23.499+0000] {processor.py:840} INFO - DAG(s) 'feature_pipeline' retrieved from /opt/airflow/dags/feature_pipeline_dag.py
[2026-08-08T21:57:23.562+0000] {logging_mixin.py:188} INFO - [2026-08-08T21:57:23.561+0000] {dag.py:3089} INFO - Sync 1 DAGs
[2026-08-08T21:57:23.608+0000] {logging_mixin.py:188} INFO - [2026-08-08T21:57:23.608+0000] {dag.py:3947} INFO - Setting next_dagrun for feature_pipeline to 2026-08-08 21:00:00+00:00, run_after=2026-08-08 22:00:00+00:00
[2026-08-08T21:57:23.648+0000] {processor.py:183} INFO - Processing /opt/airflow/dags/feature_pipeline_dag.py took 2.042 seconds
[2026-08-08T21:57:54.137+0000] {processor.py:161} INFO - Started process (PID=2111) to work on /opt/airflow/dags/feature_pipeline_dag.py
[2026-08-08T21:57:54.140+0000] {processor.py:830} INFO - Processing file /opt/airflow/dags/feature_pipeline_dag.py for tasks to queue
[2026-08-08T21:57:54.145+0000] {logging_mixin.py:188} INFO - [2026-08-08T21:57:54.144+0000] {dagbag.py:545} INFO - Filling up the DagBag from /opt/airflow/dags/feature_pipeline_dag.py
[2026-08-08T21:57:55.631+0000] {processor.py:840} INFO - DAG(s) 'feature_pipeline' retrieved from /opt/airflow/dags/feature_pipeline_dag.py
[2026-08-08T21:57:56.068+0000] {logging_mixin.py:188} INFO - [2026-08-08T21:57:56.067+0000] {dag.py:3089} INFO - Sync 1 DAGs
[2026-08-08T21:57:56.110+0000] {logging_mixin.py:188} INFO - [2026-08-08T21:57:56.109+0000] {dag.py:3947} INFO - Setting next_dagrun for feature_pipeline to 2026-08-08 21:00:00+00:00, run_after=2026-08-08 22:00:00+00:00
[2026-08-08T21:57:56.148+0000] {processor.py:183} INFO - Processing /opt/airflow/dags/feature_pipeline_dag.py took 2.032 seconds
[2026-08-08T21:58:26.646+0000] {processor.py:161} INFO - Started process (PID=2123) to work on /opt/airflow/dags/feature_pipeline_dag.py
[2026-08-08T21:58:26.649+0000] {processor.py:830} INFO - Processing file /opt/airflow/dags/feature_pipeline_dag.py for tasks to queue
[2026-08-08T21:58:26.653+0000] {logging_mixin.py:188} INFO - [2026-08-08T21:58:26.653+0000] {dagbag.py:545} INFO - Filling up the DagBag from /opt/airflow/dags/feature_pipeline_dag.py
[2026-08-08T21:58:28.438+0000] {processor.py:840} INFO - DAG(s) 'feature_pipeline' retrieved from /opt/airflow/dags/feature_pipeline_dag.py
[2026-08-08T21:58:28.487+0000] {logging_mixin.py:188} INFO - [2026-08-08T21:58:28.486+0000] {dag.py:3089} INFO - Sync 1 DAGs
[2026-08-08T21:58:28.536+0000] {logging_mixin.py:188} INFO - [2026-08-08T21:58:28.535+0000] {dag.py:3947} INFO - Setting next_dagrun for feature_pipeline to 2026-08-08 21:00:00+00:00, run_after=2026-08-08 22:00:00+00:00
[2026-08-08T21:58:28.569+0000] {processor.py:183} INFO - Processing /opt/airflow/dags/feature_pipeline_dag.py took 1.945 seconds
[2026-08-08T21:58:59.049+0000] {processor.py:161} INFO - Started process (PID=2135) to work on /opt/airflow/dags/feature_pipeline_dag.py
[2026-08-08T21:58:59.052+0000] {processor.py:830} INFO - Processing file /opt/airflow/dags/feature_pipeline_dag.py for tasks to queue
[2026-08-08T21:58:59.057+0000] {logging_mixin.py:188} INFO - [2026-08-08T21:58:59.056+0000] {dagbag.py:545} INFO - Filling up the DagBag from /opt/airflow/dags/feature_pipeline_dag.py
[2026-08-08T21:59:00.598+0000] {processor.py:840} INFO - DAG(s) 'feature_pipeline' retrieved from /opt/airflow/dags/feature_pipeline_dag.py
[2026-08-08T21:59:00.661+0000] {logging_mixin.py:188} INFO - [2026-08-08T21:59:00.660+0000] {dag.py:3089} INFO - Sync 1 DAGs
[2026-08-08T21:59:00.710+0000] {logging_mixin.py:188} INFO - [2026-08-08T21:59:00.710+0000] {dag.py:3947} INFO - Setting next_dagrun for feature_pipeline to 2026-08-08 21:00:00+00:00, run_after=2026-08-08 22:00:00+00:00
[2026-08-08T21:59:01.153+0000] {processor.py:183} INFO - Processing /opt/airflow/dags/feature_pipeline_dag.py took 2.124 seconds
[2026-08-08T21:59:31.524+0000] {processor.py:161} INFO - Started process (PID=2147) to work on /opt/airflow/dags/feature_pipeline_dag.py
[2026-08-08T21:59:31.527+0000] {processor.py:830} INFO - Processing file /opt/airflow/dags/feature_pipeline_dag.py for tasks to queue
[2026-08-08T21:59:31.532+0000] {logging_mixin.py:188} INFO - [2026-08-08T21:59:31.531+0000] {dagbag.py:545} INFO - Filling up the DagBag from /opt/airflow/dags/feature_pipeline_dag.py
[2026-08-08T21:59:32.892+0000] {processor.py:840} INFO - DAG(s) 'feature_pipeline' retrieved from /opt/airflow/dags/feature_pipeline_dag.py
[2026-08-08T21:59:32.955+0000] {logging_mixin.py:188} INFO - [2026-08-08T21:59:32.954+0000] {dag.py:3089} INFO - Sync 1 DAGs
[2026-08-08T21:59:33.353+0000] {logging_mixin.py:188} INFO - [2026-08-08T21:59:33.353+0000] {dag.py:3947} INFO - Setting next_dagrun for feature_pipeline to 2026-08-08 21:00:00+00:00, run_after=2026-08-08 22:00:00+00:00
[2026-08-08T21:59:33.389+0000] {processor.py:183} INFO - Processing /opt/airflow/dags/feature_pipeline_dag.py took 1.884 seconds
[2026-08-08T22:00:03.858+0000] {processor.py:161} INFO - Started process (PID=2160) to work on /opt/airflow/dags/feature_pipeline_dag.py
[2026-08-08T22:00:03.861+0000] {processor.py:830} INFO - Processing file /opt/airflow/dags/feature_pipeline_dag.py for tasks to queue
[2026-08-08T22:00:03.869+0000] {logging_mixin.py:188} INFO - [2026-08-08T22:00:03.868+0000] {dagbag.py:545} INFO - Filling up the DagBag from /opt/airflow/dags/feature_pipeline_dag.py
[2026-08-08T22:00:05.409+0000] {processor.py:840} INFO - DAG(s) 'feature_pipeline' retrieved from /opt/airflow/dags/feature_pipeline_dag.py
[2026-08-08T22:00:05.857+0000] {logging_mixin.py:188} INFO - [2026-08-08T22:00:05.856+0000] {dag.py:3089} INFO - Sync 1 DAGs
[2026-08-08T22:00:05.901+0000] {logging_mixin.py:188} INFO - [2026-08-08T22:00:05.901+0000] {dag.py:3947} INFO - Setting next_dagrun for feature_pipeline to 2026-08-08 22:00:00+00:00, run_after=2026-08-08 23:00:00+00:00
[2026-08-08T22:00:05.970+0000] {processor.py:183} INFO - Processing /opt/airflow/dags/feature_pipeline_dag.py took 2.132 seconds
[2026-08-08T22:00:36.547+0000] {processor.py:161} INFO - Started process (PID=2174) to work on /opt/airflow/dags/feature_pipeline_dag.py
[2026-08-08T22:00:36.550+0000] {processor.py:830} INFO - Processing file /opt/airflow/dags/feature_pipeline_dag.py for tasks to queue
[2026-08-08T22:00:36.554+0000] {logging_mixin.py:188} INFO - [2026-08-08T22:00:36.554+0000] {dagbag.py:545} INFO - Filling up the DagBag from /opt/airflow/dags/feature_pipeline_dag.py
[2026-08-08T22:00:38.029+0000] {processor.py:840} INFO - DAG(s) 'feature_pipeline' retrieved from /opt/airflow/dags/feature_pipeline_dag.py
[2026-08-08T22:00:38.502+0000] {logging_mixin.py:188} INFO - [2026-08-08T22:00:38.501+0000] {dag.py:3089} INFO - Sync 1 DAGs
[2026-08-08T22:00:38.544+0000] {logging_mixin.py:188} INFO - [2026-08-08T22:00:38.544+0000] {dag.py:3947} INFO - Setting next_dagrun for feature_pipeline to 2026-08-08 22:00:00+00:00, run_after=2026-08-08 23:00:00+00:00
[2026-08-08T22:00:38.580+0000] {processor.py:183} INFO - Processing /opt/airflow/dags/feature_pipeline_dag.py took 2.054 seconds
[2026-08-08T22:01:08.966+0000] {processor.py:161} INFO - Started process (PID=2186) to work on /opt/airflow/dags/feature_pipeline_dag.py
[2026-08-08T22:01:08.969+0000] {processor.py:830} INFO - Processing file /opt/airflow/dags/feature_pipeline_dag.py for tasks to queue
[2026-08-08T22:01:08.975+0000] {logging_mixin.py:188} INFO - [2026-08-08T22:01:08.974+0000] {dagbag.py:545} INFO - Filling up the DagBag from /opt/airflow/dags/feature_pipeline_dag.py
[2026-08-08T22:01:10.923+0000] {processor.py:840} INFO - DAG(s) 'feature_pipeline' retrieved from /opt/airflow/dags/feature_pipeline_dag.py
[2026-08-08T22:01:10.988+0000] {logging_mixin.py:188} INFO - [2026-08-08T22:01:10.987+0000] {dag.py:3089} INFO - Sync 1 DAGs
[2026-08-08T22:01:11.034+0000] {logging_mixin.py:188} INFO - [2026-08-08T22:01:11.034+0000] {dag.py:3947} INFO - Setting next_dagrun for feature_pipeline to 2026-08-08 22:00:00+00:00, run_after=2026-08-08 23:00:00+00:00
[2026-08-08T22:01:11.070+0000] {processor.py:183} INFO - Processing /opt/airflow/dags/feature_pipeline_dag.py took 2.124 seconds
[2026-08-08T22:01:41.459+0000] {processor.py:161} INFO - Started process (PID=2198) to work on /opt/airflow/dags/feature_pipeline_dag.py
[2026-08-08T22:01:41.461+0000] {processor.py:830} INFO - Processing file /opt/airflow/dags/feature_pipeline_dag.py for tasks to queue
[2026-08-08T22:01:41.469+0000] {logging_mixin.py:188} INFO - [2026-08-08T22:01:41.468+0000] {dagbag.py:545} INFO - Filling up the DagBag from /opt/airflow/dags/feature_pipeline_dag.py
[2026-08-08T22:01:42.892+0000] {processor.py:840} INFO - DAG(s) 'feature_pipeline' retrieved from /opt/airflow/dags/feature_pipeline_dag.py
[2026-08-08T22:01:42.959+0000] {logging_mixin.py:188} INFO - [2026-08-08T22:01:42.958+0000] {dag.py:3089} INFO - Sync 1 DAGs
[2026-08-08T22:01:43.004+0000] {logging_mixin.py:188} INFO - [2026-08-08T22:01:43.004+0000] {dag.py:3947} INFO - Setting next_dagrun for feature_pipeline to 2026-08-08 22:00:00+00:00, run_after=2026-08-08 23:00:00+00:00
[2026-08-08T22:01:43.352+0000] {processor.py:183} INFO - Processing /opt/airflow/dags/feature_pipeline_dag.py took 1.918 seconds
[2026-08-08T22:02:13.761+0000] {processor.py:161} INFO - Started process (PID=2210) to work on /opt/airflow/dags/feature_pipeline_dag.py
[2026-08-08T22:02:13.764+0000] {processor.py:830} INFO - Processing file /opt/airflow/dags/feature_pipeline_dag.py for tasks to queue
[2026-08-08T22:02:13.769+0000] {logging_mixin.py:188} INFO - [2026-08-08T22:02:13.768+0000] {dagbag.py:545} INFO - Filling up the DagBag from /opt/airflow/dags/feature_pipeline_dag.py
[2026-08-08T22:02:15.264+0000] {processor.py:840} INFO - DAG(s) 'feature_pipeline' retrieved from /opt/airflow/dags/feature_pipeline_dag.py
[2026-08-08T22:02:15.328+0000] {logging_mixin.py:188} INFO - [2026-08-08T22:02:15.327+0000] {dag.py:3089} INFO - Sync 1 DAGs
[2026-08-08T22:02:15.780+0000] {logging_mixin.py:188} INFO - [2026-08-08T22:02:15.780+0000] {dag.py:3947} INFO - Setting next_dagrun for feature_pipeline to 2026-08-08 22:00:00+00:00, run_after=2026-08-08 23:00:00+00:00
[2026-08-08T22:02:15.828+0000] {processor.py:183} INFO - Processing /opt/airflow/dags/feature_pipeline_dag.py took 2.096 seconds
[2026-08-08T22:02:46.238+0000] {processor.py:161} INFO - Started process (PID=2222) to work on /opt/airflow/dags/feature_pipeline_dag.py
[2026-08-08T22:02:46.242+0000] {processor.py:830} INFO - Processing file /opt/airflow/dags/feature_pipeline_dag.py for tasks to queue
[2026-08-08T22:02:46.252+0000] {logging_mixin.py:188} INFO - [2026-08-08T22:02:46.248+0000] {dagbag.py:545} INFO - Filling up the DagBag from /opt/airflow/dags/feature_pipeline_dag.py
[2026-08-08T22:02:47.786+0000] {processor.py:840} INFO - DAG(s) 'feature_pipeline' retrieved from /opt/airflow/dags/feature_pipeline_dag.py
[2026-08-08T22:02:47.877+0000] {logging_mixin.py:188} INFO - [2026-08-08T22:02:47.876+0000] {dag.py:3089} INFO - Sync 1 DAGs
[2026-08-08T22:02:48.330+0000] {logging_mixin.py:188} INFO - [2026-08-08T22:02:48.329+0000] {dag.py:3947} INFO - Setting next_dagrun for feature_pipeline to 2026-08-08 22:00:00+00:00, run_after=2026-08-08 23:00:00+00:00
[2026-08-08T22:02:48.365+0000] {processor.py:183} INFO - Processing /opt/airflow/dags/feature_pipeline_dag.py took 2.147 seconds
[2026-08-08T22:03:18.883+0000] {processor.py:161} INFO - Started process (PID=2234) to work on /opt/airflow/dags/feature_pipeline_dag.py
[2026-08-08T22:03:18.886+0000] {processor.py:830} INFO - Processing file /opt/airflow/dags/feature_pipeline_dag.py for tasks to queue
[2026-08-08T22:03:18.891+0000] {logging_mixin.py:188} INFO - [2026-08-08T22:03:18.890+0000] {dagbag.py:545} INFO - Filling up the DagBag from /opt/airflow/dags/feature_pipeline_dag.py
[2026-08-08T22:03:20.771+0000] {processor.py:840} INFO - DAG(s) 'feature_pipeline' retrieved from /opt/airflow/dags/feature_pipeline_dag.py
[2026-08-08T22:03:20.821+0000] {logging_mixin.py:188} INFO - [2026-08-08T22:03:20.821+0000] {dag.py:3089} INFO - Sync 1 DAGs
[2026-08-08T22:03:20.857+0000] {logging_mixin.py:188} INFO - [2026-08-08T22:03:20.856+0000] {dag.py:3947} INFO - Setting next_dagrun for feature_pipeline to 2026-08-08 22:00:00+00:00, run_after=2026-08-08 23:00:00+00:00
[2026-08-08T22:03:20.889+0000] {processor.py:183} INFO - Processing /opt/airflow/dags/feature_pipeline_dag.py took 2.033 seconds
[2026-08-08T22:03:51.309+0000] {processor.py:161} INFO - Started process (PID=2246) to work on /opt/airflow/dags/feature_pipeline_dag.py
[2026-08-08T22:03:51.311+0000] {processor.py:830} INFO - Processing file /opt/airflow/dags/feature_pipeline_dag.py for tasks to queue
[2026-08-08T22:03:51.316+0000] {logging_mixin.py:188} INFO - [2026-08-08T22:03:51.315+0000] {dagbag.py:545} INFO - Filling up the DagBag from /opt/airflow/dags/feature_pipeline_dag.py
[2026-08-08T22:03:52.724+0000] {processor.py:840} INFO - DAG(s) 'feature_pipeline' retrieved from /opt/airflow/dags/feature_pipeline_dag.py
[2026-08-08T22:03:53.116+0000] {logging_mixin.py:188} INFO - [2026-08-08T22:03:53.115+0000] {dag.py:3089} INFO - Sync 1 DAGs
[2026-08-08T22:03:53.158+0000] {logging_mixin.py:188} INFO - [2026-08-08T22:03:53.158+0000] {dag.py:3947} INFO - Setting next_dagrun for feature_pipeline to 2026-08-08 22:00:00+00:00, run_after=2026-08-08 23:00:00+00:00
[2026-08-08T22:03:53.196+0000] {processor.py:183} INFO - Processing /opt/airflow/dags/feature_pipeline_dag.py took 1.908 seconds
[2026-08-08T22:04:23.671+0000] {processor.py:161} INFO - Started process (PID=2258) to work on /opt/airflow/dags/feature_pipeline_dag.py
[2026-08-08T22:04:23.674+0000] {processor.py:830} INFO - Processing file /opt/airflow/dags/feature_pipeline_dag.py for tasks to queue
[2026-08-08T22:04:23.679+0000] {logging_mixin.py:188} INFO - [2026-08-08T22:04:23.678+0000] {dagbag.py:545} INFO - Filling up the DagBag from /opt/airflow/dags/feature_pipeline_dag.py
[2026-08-08T22:04:25.500+0000] {processor.py:840} INFO - DAG(s) 'feature_pipeline' retrieved from /opt/airflow/dags/feature_pipeline_dag.py
[2026-08-08T22:04:25.560+0000] {logging_mixin.py:188} INFO - [2026-08-08T22:04:25.559+0000] {dag.py:3089} INFO - Sync 1 DAGs
[2026-08-08T22:04:25.609+0000] {logging_mixin.py:188} INFO - [2026-08-08T22:04:25.609+0000] {dag.py:3947} INFO - Setting next_dagrun for feature_pipeline to 2026-08-08 22:00:00+00:00, run_after=2026-08-08 23:00:00+00:00
[2026-08-08T22:04:25.653+0000] {processor.py:183} INFO - Processing /opt/airflow/dags/feature_pipeline_dag.py took 2.000 seconds
[2026-08-08T22:04:56.142+0000] {processor.py:161} INFO - Started process (PID=2270) to work on /opt/airflow/dags/feature_pipeline_dag.py
[2026-08-08T22:04:56.144+0000] {processor.py:830} INFO - Processing file /opt/airflow/dags/feature_pipeline_dag.py for tasks to queue
[2026-08-08T22:04:56.149+0000] {logging_mixin.py:188} INFO - [2026-08-08T22:04:56.148+0000] {dagbag.py:545} INFO - Filling up the DagBag from /opt/airflow/dags/feature_pipeline_dag.py
[2026-08-08T22:04:57.609+0000] {processor.py:840} INFO - DAG(s) 'feature_pipeline' retrieved from /opt/airflow/dags/feature_pipeline_dag.py
[2026-08-08T22:04:57.674+0000] {logging_mixin.py:188} INFO - [2026-08-08T22:04:57.673+0000] {dag.py:3089} INFO - Sync 1 DAGs
[2026-08-08T22:04:57.725+0000] {logging_mixin.py:188} INFO - [2026-08-08T22:04:57.725+0000] {dag.py:3947} INFO - Setting next_dagrun for feature_pipeline to 2026-08-08 22:00:00+00:00, run_after=2026-08-08 23:00:00+00:00
[2026-08-08T22:04:58.316+0000] {processor.py:183} INFO - Processing /opt/airflow/dags/feature_pipeline_dag.py took 2.196 seconds
[2026-08-08T22:05:28.766+0000] {processor.py:161} INFO - Started process (PID=2282) to work on /opt/airflow/dags/feature_pipeline_dag.py
[2026-08-08T22:05:28.769+0000] {processor.py:830} INFO - Processing file /opt/airflow/dags/feature_pipeline_dag.py for tasks to queue
[2026-08-08T22:05:28.777+0000] {logging_mixin.py:188} INFO - [2026-08-08T22:05:28.776+0000] {dagbag.py:545} INFO - Filling up the DagBag from /opt/airflow/dags/feature_pipeline_dag.py
[2026-08-08T22:05:30.211+0000] {processor.py:840} INFO - DAG(s) 'feature_pipeline' retrieved from /opt/airflow/dags/feature_pipeline_dag.py
[2026-08-08T22:05:30.273+0000] {logging_mixin.py:188} INFO - [2026-08-08T22:05:30.272+0000] {dag.py:3089} INFO - Sync 1 DAGs
[2026-08-08T22:05:30.820+0000] {logging_mixin.py:188} INFO - [2026-08-08T22:05:30.819+0000] {dag.py:3947} INFO - Setting next_dagrun for feature_pipeline to 2026-08-08 22:00:00+00:00, run_after=2026-08-08 23:00:00+00:00
[2026-08-08T22:05:30.859+0000] {processor.py:183} INFO - Processing /opt/airflow/dags/feature_pipeline_dag.py took 2.114 seconds
[2026-08-08T22:06:01.224+0000] {processor.py:161} INFO - Started process (PID=2294) to work on /opt/airflow/dags/feature_pipeline_dag.py
[2026-08-08T22:06:01.227+0000] {processor.py:830} INFO - Processing file /opt/airflow/dags/feature_pipeline_dag.py for tasks to queue
[2026-08-08T22:06:01.232+0000] {logging_mixin.py:188} INFO - [2026-08-08T22:06:01.231+0000] {dagbag.py:545} INFO - Filling up the DagBag from /opt/airflow/dags/feature_pipeline_dag.py
[2026-08-08T22:06:02.693+0000] {processor.py:840} INFO - DAG(s) 'feature_pipeline' retrieved from /opt/airflow/dags/feature_pipeline_dag.py
[2026-08-08T22:06:03.121+0000] {logging_mixin.py:188} INFO - [2026-08-08T22:06:03.120+0000] {dag.py:3089} INFO - Sync 1 DAGs
[2026-08-08T22:06:03.164+0000] {logging_mixin.py:188} INFO - [2026-08-08T22:06:03.164+0000] {dag.py:3947} INFO - Setting next_dagrun for feature_pipeline to 2026-08-08 22:00:00+00:00, run_after=2026-08-08 23:00:00+00:00
[2026-08-08T22:06:03.198+0000] {processor.py:183} INFO - Processing /opt/airflow/dags/feature_pipeline_dag.py took 1.997 seconds
[2026-08-08T22:06:33.604+0000] {processor.py:161} INFO - Started process (PID=2306) to work on /opt/airflow/dags/feature_pipeline_dag.py
[2026-08-08T22:06:33.607+0000] {processor.py:830} INFO - Processing file /opt/airflow/dags/feature_pipeline_dag.py for tasks to queue
[2026-08-08T22:06:33.612+0000] {logging_mixin.py:188} INFO - [2026-08-08T22:06:33.611+0000] {dagbag.py:545} INFO - Filling up the DagBag from /opt/airflow/dags/feature_pipeline_dag.py
[2026-08-08T22:06:35.704+0000] {processor.py:840} INFO - DAG(s) 'feature_pipeline' retrieved from /opt/airflow/dags/feature_pipeline_dag.py
[2026-08-08T22:06:35.767+0000] {logging_mixin.py:188} INFO - [2026-08-08T22:06:35.767+0000] {dag.py:3089} INFO - Sync 1 DAGs
[2026-08-08T22:06:35.807+0000] {logging_mixin.py:188} INFO - [2026-08-08T22:06:35.806+0000] {dag.py:3947} INFO - Setting next_dagrun for feature_pipeline to 2026-08-08 22:00:00+00:00, run_after=2026-08-08 23:00:00+00:00
[2026-08-08T22:06:35.845+0000] {processor.py:183} INFO - Processing /opt/airflow/dags/feature_pipeline_dag.py took 2.265 seconds
[2026-08-08T23:08:56.848+0000] {processor.py:161} INFO - Started process (PID=2318) to work on /opt/airflow/dags/feature_pipeline_dag.py
[2026-08-08T23:08:56.852+0000] {processor.py:830} INFO - Processing file /opt/airflow/dags/feature_pipeline_dag.py for tasks to queue
[2026-08-08T23:08:56.869+0000] {logging_mixin.py:188} INFO - [2026-08-08T23:08:56.867+0000] {dagbag.py:545} INFO - Filling up the DagBag from /opt/airflow/dags/feature_pipeline_dag.py
[2026-08-08T23:08:58.657+0000] {processor.py:840} INFO - DAG(s) 'feature_pipeline' retrieved from /opt/airflow/dags/feature_pipeline_dag.py
[2026-08-08T23:08:58.712+0000] {logging_mixin.py:188} INFO - [2026-08-08T23:08:58.711+0000] {dag.py:3089} INFO - Sync 1 DAGs
[2026-08-08T23:08:58.757+0000] {logging_mixin.py:188} INFO - [2026-08-08T23:08:58.756+0000] {dag.py:3947} INFO - Setting next_dagrun for feature_pipeline to 2026-08-08 23:00:00+00:00, run_after=2026-08-09 00:00:00+00:00
[2026-08-08T23:08:58.789+0000] {processor.py:183} INFO - Processing /opt/airflow/dags/feature_pipeline_dag.py took 1.970 seconds
[2026-08-08T23:09:29.234+0000] {processor.py:161} INFO - Started process (PID=2333) to work on /opt/airflow/dags/feature_pipeline_dag.py
[2026-08-08T23:09:29.237+0000] {processor.py:830} INFO - Processing file /opt/airflow/dags/feature_pipeline_dag.py for tasks to queue
[2026-08-08T23:09:29.241+0000] {logging_mixin.py:188} INFO - [2026-08-08T23:09:29.241+0000] {dagbag.py:545} INFO - Filling up the DagBag from /opt/airflow/dags/feature_pipeline_dag.py
[2026-08-08T23:09:30.720+0000] {processor.py:840} INFO - DAG(s) 'feature_pipeline' retrieved from /opt/airflow/dags/feature_pipeline_dag.py
[2026-08-08T23:09:30.763+0000] {logging_mixin.py:188} INFO - [2026-08-08T23:09:30.762+0000] {dag.py:3089} INFO - Sync 1 DAGs
[2026-08-08T23:09:30.796+0000] {logging_mixin.py:188} INFO - [2026-08-08T23:09:30.796+0000] {dag.py:3947} INFO - Setting next_dagrun for feature_pipeline to 2026-08-08 23:00:00+00:00, run_after=2026-08-09 00:00:00+00:00
[2026-08-08T23:09:30.827+0000] {processor.py:183} INFO - Processing /opt/airflow/dags/feature_pipeline_dag.py took 1.612 seconds
[2026-08-08T23:10:01.223+0000] {processor.py:161} INFO - Started process (PID=2345) to work on /opt/airflow/dags/feature_pipeline_dag.py
[2026-08-08T23:10:01.225+0000] {processor.py:830} INFO - Processing file /opt/airflow/dags/feature_pipeline_dag.py for tasks to queue
[2026-08-08T23:10:01.230+0000] {logging_mixin.py:188} INFO - [2026-08-08T23:10:01.230+0000] {dagbag.py:545} INFO - Filling up the DagBag from /opt/airflow/dags/feature_pipeline_dag.py
[2026-08-08T23:10:02.528+0000] {processor.py:840} INFO - DAG(s) 'feature_pipeline' retrieved from /opt/airflow/dags/feature_pipeline_dag.py
[2026-08-08T23:10:02.589+0000] {logging_mixin.py:188} INFO - [2026-08-08T23:10:02.589+0000] {dag.py:3089} INFO - Sync 1 DAGs
[2026-08-08T23:10:02.985+0000] {logging_mixin.py:188} INFO - [2026-08-08T23:10:02.985+0000] {dag.py:3947} INFO - Setting next_dagrun for feature_pipeline to 2026-08-08 23:00:00+00:00, run_after=2026-08-09 00:00:00+00:00
[2026-08-08T23:10:03.010+0000] {processor.py:183} INFO - Processing /opt/airflow/dags/feature_pipeline_dag.py took 1.803 seconds
[2026-08-08T23:10:33.950+0000] {processor.py:161} INFO - Started process (PID=2357) to work on /opt/airflow/dags/feature_pipeline_dag.py
[2026-08-08T23:10:33.952+0000] {processor.py:830} INFO - Processing file /opt/airflow/dags/feature_pipeline_dag.py for tasks to queue
[2026-08-08T23:10:33.955+0000] {logging_mixin.py:188} INFO - [2026-08-08T23:10:33.955+0000] {dagbag.py:545} INFO - Filling up the DagBag from /opt/airflow/dags/feature_pipeline_dag.py
[2026-08-08T23:10:35.038+0000] {processor.py:840} INFO - DAG(s) 'feature_pipeline' retrieved from /opt/airflow/dags/feature_pipeline_dag.py
[2026-08-08T23:10:35.091+0000] {logging_mixin.py:188} INFO - [2026-08-08T23:10:35.090+0000] {dag.py:3089} INFO - Sync 1 DAGs
[2026-08-08T23:10:35.405+0000] {logging_mixin.py:188} INFO - [2026-08-08T23:10:35.405+0000] {dag.py:3947} INFO - Setting next_dagrun for feature_pipeline to 2026-08-08 23:00:00+00:00, run_after=2026-08-09 00:00:00+00:00
[2026-08-08T23:10:35.444+0000] {processor.py:183} INFO - Processing /opt/airflow/dags/feature_pipeline_dag.py took 1.506 seconds
[2026-08-08T23:11:05.792+0000] {processor.py:161} INFO - Started process (PID=2369) to work on /opt/airflow/dags/feature_pipeline_dag.py
[2026-08-08T23:11:05.794+0000] {processor.py:830} INFO - Processing file /opt/airflow/dags/feature_pipeline_dag.py for tasks to queue
[2026-08-08T23:11:05.798+0000] {logging_mixin.py:188} INFO - [2026-08-08T23:11:05.797+0000] {dagbag.py:545} INFO - Filling up the DagBag from /opt/airflow/dags/feature_pipeline_dag.py
[2026-08-08T23:11:07.340+0000] {processor.py:840} INFO - DAG(s) 'feature_pipeline' retrieved from /opt/airflow/dags/feature_pipeline_dag.py
[2026-08-08T23:11:07.386+0000] {logging_mixin.py:188} INFO - [2026-08-08T23:11:07.385+0000] {dag.py:3089} INFO - Sync 1 DAGs
[2026-08-08T23:11:07.418+0000] {logging_mixin.py:188} INFO - [2026-08-08T23:11:07.418+0000] {dag.py:3947} INFO - Setting next_dagrun for feature_pipeline to 2026-08-08 23:00:00+00:00, run_after=2026-08-09 00:00:00+00:00
[2026-08-08T23:11:07.452+0000] {processor.py:183} INFO - Processing /opt/airflow/dags/feature_pipeline_dag.py took 1.676 seconds
[2026-08-08T23:11:37.855+0000] {processor.py:161} INFO - Started process (PID=2381) to work on /opt/airflow/dags/feature_pipeline_dag.py
[2026-08-08T23:11:37.857+0000] {processor.py:830} INFO - Processing file /opt/airflow/dags/feature_pipeline_dag.py for tasks to queue
[2026-08-08T23:11:37.863+0000] {logging_mixin.py:188} INFO - [2026-08-08T23:11:37.862+0000] {dagbag.py:545} INFO - Filling up the DagBag from /opt/airflow/dags/feature_pipeline_dag.py
[2026-08-08T23:11:39.031+0000] {processor.py:840} INFO - DAG(s) 'feature_pipeline' retrieved from /opt/airflow/dags/feature_pipeline_dag.py
[2026-08-08T23:11:39.362+0000] {logging_mixin.py:188} INFO - [2026-08-08T23:11:39.361+0000] {dag.py:3089} INFO - Sync 1 DAGs
[2026-08-08T23:11:39.392+0000] {logging_mixin.py:188} INFO - [2026-08-08T23:11:39.392+0000] {dag.py:3947} INFO - Setting next_dagrun for feature_pipeline to 2026-08-08 23:00:00+00:00, run_after=2026-08-09 00:00:00+00:00
[2026-08-08T23:11:39.421+0000] {processor.py:183} INFO - Processing /opt/airflow/dags/feature_pipeline_dag.py took 1.581 seconds
[2026-08-08T23:12:09.828+0000] {processor.py:161} INFO - Started process (PID=2393) to work on /opt/airflow/dags/feature_pipeline_dag.py
[2026-08-08T23:12:09.831+0000] {processor.py:830} INFO - Processing file /opt/airflow/dags/feature_pipeline_dag.py for tasks to queue
[2026-08-08T23:12:09.836+0000] {logging_mixin.py:188} INFO - [2026-08-08T23:12:09.835+0000] {dagbag.py:545} INFO - Filling up the DagBag from /opt/airflow/dags/feature_pipeline_dag.py
[2026-08-08T23:12:11.670+0000] {processor.py:840} INFO - DAG(s) 'feature_pipeline' retrieved from /opt/airflow/dags/feature_pipeline_dag.py
[2026-08-08T23:12:11.722+0000] {logging_mixin.py:188} INFO - [2026-08-08T23:12:11.721+0000] {dag.py:3089} INFO - Sync 1 DAGs
[2026-08-08T23:12:11.765+0000] {logging_mixin.py:188} INFO - [2026-08-08T23:12:11.765+0000] {dag.py:3947} INFO - Setting next_dagrun for feature_pipeline to 2026-08-08 23:00:00+00:00, run_after=2026-08-09 00:00:00+00:00
[2026-08-08T23:12:11.803+0000] {processor.py:183} INFO - Processing /opt/airflow/dags/feature_pipeline_dag.py took 2.002 seconds
[2026-08-08T23:12:42.299+0000] {processor.py:161} INFO - Started process (PID=2405) to work on /opt/airflow/dags/feature_pipeline_dag.py
[2026-08-08T23:12:42.302+0000] {processor.py:830} INFO - Processing file /opt/airflow/dags/feature_pipeline_dag.py for tasks to queue
[2026-08-08T23:12:42.307+0000] {logging_mixin.py:188} INFO - [2026-08-08T23:12:42.306+0000] {dagbag.py:545} INFO - Filling up the DagBag from /opt/airflow/dags/feature_pipeline_dag.py
[2026-08-08T23:12:44.145+0000] {processor.py:840} INFO - DAG(s) 'feature_pipeline' retrieved from /opt/airflow/dags/feature_pipeline_dag.py
[2026-08-08T23:12:44.196+0000] {logging_mixin.py:188} INFO - [2026-08-08T23:12:44.195+0000] {dag.py:3089} INFO - Sync 1 DAGs
[2026-08-08T23:12:44.234+0000] {logging_mixin.py:188} INFO - [2026-08-08T23:12:44.234+0000] {dag.py:3947} INFO - Setting next_dagrun for feature_pipeline to 2026-08-08 23:00:00+00:00, run_after=2026-08-09 00:00:00+00:00
[2026-08-08T23:12:44.270+0000] {processor.py:183} INFO - Processing /opt/airflow/dags/feature_pipeline_dag.py took 1.993 seconds
[2026-08-08T23:13:14.757+0000] {processor.py:161} INFO - Started process (PID=2417) to work on /opt/airflow/dags/feature_pipeline_dag.py
[2026-08-08T23:13:14.760+0000] {processor.py:830} INFO - Processing file /opt/airflow/dags/feature_pipeline_dag.py for tasks to queue
[2026-08-08T23:13:14.764+0000] {logging_mixin.py:188} INFO - [2026-08-08T23:13:14.764+0000] {dagbag.py:545} INFO - Filling up the DagBag from /opt/airflow/dags/feature_pipeline_dag.py
[2026-08-08T23:13:16.313+0000] {processor.py:840} INFO - DAG(s) 'feature_pipeline' retrieved from /opt/airflow/dags/feature_pipeline_dag.py
[2026-08-08T23:13:16.381+0000] {logging_mixin.py:188} INFO - [2026-08-08T23:13:16.380+0000] {dag.py:3089} INFO - Sync 1 DAGs
[2026-08-08T23:13:16.779+0000] {logging_mixin.py:188} INFO - [2026-08-08T23:13:16.779+0000] {dag.py:3947} INFO - Setting next_dagrun for feature_pipeline to 2026-08-08 23:00:00+00:00, run_after=2026-08-09 00:00:00+00:00
[2026-08-08T23:13:16.813+0000] {processor.py:183} INFO - Processing /opt/airflow/dags/feature_pipeline_dag.py took 2.073 seconds
[2026-08-08T23:13:47.227+0000] {processor.py:161} INFO - Started process (PID=2429) to work on /opt/airflow/dags/feature_pipeline_dag.py
[2026-08-08T23:13:47.230+0000] {processor.py:830} INFO - Processing file /opt/airflow/dags/feature_pipeline_dag.py for tasks to queue
[2026-08-08T23:13:47.235+0000] {logging_mixin.py:188} INFO - [2026-08-08T23:13:47.234+0000] {dagbag.py:545} INFO - Filling up the DagBag from /opt/airflow/dags/feature_pipeline_dag.py
[2026-08-08T23:13:48.682+0000] {processor.py:840} INFO - DAG(s) 'feature_pipeline' retrieved from /opt/airflow/dags/feature_pipeline_dag.py
[2026-08-08T23:13:49.048+0000] {logging_mixin.py:188} INFO - [2026-08-08T23:13:49.047+0000] {dag.py:3089} INFO - Sync 1 DAGs
[2026-08-08T23:13:49.088+0000] {logging_mixin.py:188} INFO - [2026-08-08T23:13:49.087+0000] {dag.py:3947} INFO - Setting next_dagrun for feature_pipeline to 2026-08-08 23:00:00+00:00, run_after=2026-08-09 00:00:00+00:00
[2026-08-08T23:13:49.130+0000] {processor.py:183} INFO - Processing /opt/airflow/dags/feature_pipeline_dag.py took 1.929 seconds
[2026-08-08T23:14:19.800+0000] {processor.py:161} INFO - Started process (PID=2441) to work on /opt/airflow/dags/feature_pipeline_dag.py
[2026-08-08T23:14:19.805+0000] {processor.py:830} INFO - Processing file /opt/airflow/dags/feature_pipeline_dag.py for tasks to queue
[2026-08-08T23:14:19.822+0000] {logging_mixin.py:188} INFO - [2026-08-08T23:14:19.821+0000] {dagbag.py:545} INFO - Filling up the DagBag from /opt/airflow/dags/feature_pipeline_dag.py
[2026-08-08T23:14:21.724+0000] {processor.py:840} INFO - DAG(s) 'feature_pipeline' retrieved from /opt/airflow/dags/feature_pipeline_dag.py
[2026-08-08T23:14:21.774+0000] {logging_mixin.py:188} INFO - [2026-08-08T23:14:21.773+0000] {dag.py:3089} INFO - Sync 1 DAGs
[2026-08-08T23:14:21.818+0000] {logging_mixin.py:188} INFO - [2026-08-08T23:14:21.818+0000] {dag.py:3947} INFO - Setting next_dagrun for feature_pipeline to 2026-08-08 23:00:00+00:00, run_after=2026-08-09 00:00:00+00:00
[2026-08-08T23:14:21.857+0000] {processor.py:183} INFO - Processing /opt/airflow/dags/feature_pipeline_dag.py took 2.090 seconds
[2026-08-08T23:14:52.280+0000] {processor.py:161} INFO - Started process (PID=2453) to work on /opt/airflow/dags/feature_pipeline_dag.py
[2026-08-08T23:14:52.283+0000] {processor.py:830} INFO - Processing file /opt/airflow/dags/feature_pipeline_dag.py for tasks to queue
[2026-08-08T23:14:52.288+0000] {logging_mixin.py:188} INFO - [2026-08-08T23:14:52.288+0000] {dagbag.py:545} INFO - Filling up the DagBag from /opt/airflow/dags/feature_pipeline_dag.py
[2026-08-08T23:14:54.367+0000] {processor.py:840} INFO - DAG(s) 'feature_pipeline' retrieved from /opt/airflow/dags/feature_pipeline_dag.py
[2026-08-08T23:14:54.418+0000] {logging_mixin.py:188} INFO - [2026-08-08T23:14:54.417+0000] {dag.py:3089} INFO - Sync 1 DAGs
[2026-08-08T23:14:54.469+0000] {logging_mixin.py:188} INFO - [2026-08-08T23:14:54.469+0000] {dag.py:3947} INFO - Setting next_dagrun for feature_pipeline to 2026-08-08 23:00:00+00:00, run_after=2026-08-09 00:00:00+00:00
[2026-08-08T23:14:54.505+0000] {processor.py:183} INFO - Processing /opt/airflow/dags/feature_pipeline_dag.py took 2.244 seconds
[2026-08-08T23:15:24.901+0000] {processor.py:161} INFO - Started process (PID=2465) to work on /opt/airflow/dags/feature_pipeline_dag.py
[2026-08-08T23:15:24.904+0000] {processor.py:830} INFO - Processing file /opt/airflow/dags/feature_pipeline_dag.py for tasks to queue
[2026-08-08T23:15:24.909+0000] {logging_mixin.py:188} INFO - [2026-08-08T23:15:24.908+0000] {dagbag.py:545} INFO - Filling up the DagBag from /opt/airflow/dags/feature_pipeline_dag.py
[2026-08-08T23:15:26.828+0000] {processor.py:840} INFO - DAG(s) 'feature_pipeline' retrieved from /opt/airflow/dags/feature_pipeline_dag.py
[2026-08-08T23:15:26.878+0000] {logging_mixin.py:188} INFO - [2026-08-08T23:15:26.877+0000] {dag.py:3089} INFO - Sync 1 DAGs
[2026-08-08T23:15:26.920+0000] {logging_mixin.py:188} INFO - [2026-08-08T23:15:26.920+0000] {dag.py:3947} INFO - Setting next_dagrun for feature_pipeline to 2026-08-08 23:00:00+00:00, run_after=2026-08-09 00:00:00+00:00
[2026-08-08T23:15:26.960+0000] {processor.py:183} INFO - Processing /opt/airflow/dags/feature_pipeline_dag.py took 2.082 seconds
[2026-08-08T23:15:57.344+0000] {processor.py:161} INFO - Started process (PID=2477) to work on /opt/airflow/dags/feature_pipeline_dag.py
[2026-08-08T23:15:57.347+0000] {processor.py:830} INFO - Processing file /opt/airflow/dags/feature_pipeline_dag.py for tasks to queue
[2026-08-08T23:15:57.352+0000] {logging_mixin.py:188} INFO - [2026-08-08T23:15:57.351+0000] {dagbag.py:545} INFO - Filling up the DagBag from /opt/airflow/dags/feature_pipeline_dag.py
[2026-08-08T23:15:58.867+0000] {processor.py:840} INFO - DAG(s) 'feature_pipeline' retrieved from /opt/airflow/dags/feature_pipeline_dag.py
[2026-08-08T23:15:58.936+0000] {logging_mixin.py:188} INFO - [2026-08-08T23:15:58.935+0000] {dag.py:3089} INFO - Sync 1 DAGs
[2026-08-08T23:15:59.336+0000] {logging_mixin.py:188} INFO - [2026-08-08T23:15:59.335+0000] {dag.py:3947} INFO - Setting next_dagrun for feature_pipeline to 2026-08-08 23:00:00+00:00, run_after=2026-08-09 00:00:00+00:00
[2026-08-08T23:15:59.372+0000] {processor.py:183} INFO - Processing /opt/airflow/dags/feature_pipeline_dag.py took 2.051 seconds
[2026-08-08T23:16:29.808+0000] {processor.py:161} INFO - Started process (PID=2489) to work on /opt/airflow/dags/feature_pipeline_dag.py
[2026-08-08T23:16:29.813+0000] {processor.py:830} INFO - Processing file /opt/airflow/dags/feature_pipeline_dag.py for tasks to queue
[2026-08-08T23:16:29.819+0000] {logging_mixin.py:188} INFO - [2026-08-08T23:16:29.818+0000] {dagbag.py:545} INFO - Filling up the DagBag from /opt/airflow/dags/feature_pipeline_dag.py
[2026-08-08T23:16:31.477+0000] {processor.py:840} INFO - DAG(s) 'feature_pipeline' retrieved from /opt/airflow/dags/feature_pipeline_dag.py
[2026-08-08T23:16:31.555+0000] {logging_mixin.py:188} INFO - [2026-08-08T23:16:31.554+0000] {dag.py:3089} INFO - Sync 1 DAGs
[2026-08-08T23:16:31.972+0000] {logging_mixin.py:188} INFO - [2026-08-08T23:16:31.971+0000] {dag.py:3947} INFO - Setting next_dagrun for feature_pipeline to 2026-08-08 23:00:00+00:00, run_after=2026-08-09 00:00:00+00:00
[2026-08-08T23:16:32.011+0000] {processor.py:183} INFO - Processing /opt/airflow/dags/feature_pipeline_dag.py took 2.224 seconds
[2026-08-08T23:17:02.497+0000] {processor.py:161} INFO - Started process (PID=2501) to work on /opt/airflow/dags/feature_pipeline_dag.py
[2026-08-08T23:17:02.501+0000] {processor.py:830} INFO - Processing file /opt/airflow/dags/feature_pipeline_dag.py for tasks to queue
[2026-08-08T23:17:02.508+0000] {logging_mixin.py:188} INFO - [2026-08-08T23:17:02.507+0000] {dagbag.py:545} INFO - Filling up the DagBag from /opt/airflow/dags/feature_pipeline_dag.py
[2026-08-08T23:17:04.315+0000] {processor.py:840} INFO - DAG(s) 'feature_pipeline' retrieved from /opt/airflow/dags/feature_pipeline_dag.py
[2026-08-08T23:17:04.374+0000] {logging_mixin.py:188} INFO - [2026-08-08T23:17:04.373+0000] {dag.py:3089} INFO - Sync 1 DAGs
[2026-08-08T23:17:04.413+0000] {logging_mixin.py:188} INFO - [2026-08-08T23:17:04.412+0000] {dag.py:3947} INFO - Setting next_dagrun for feature_pipeline to 2026-08-08 23:00:00+00:00, run_after=2026-08-09 00:00:00+00:00
[2026-08-08T23:17:04.445+0000] {processor.py:183} INFO - Processing /opt/airflow/dags/feature_pipeline_dag.py took 1.972 seconds
[2026-08-08T23:17:34.946+0000] {processor.py:161} INFO - Started process (PID=2513) to work on /opt/airflow/dags/feature_pipeline_dag.py
[2026-08-08T23:17:34.949+0000] {processor.py:830} INFO - Processing file /opt/airflow/dags/feature_pipeline_dag.py for tasks to queue
[2026-08-08T23:17:34.957+0000] {logging_mixin.py:188} INFO - [2026-08-08T23:17:34.955+0000] {dagbag.py:545} INFO - Filling up the DagBag from /opt/airflow/dags/feature_pipeline_dag.py
[2026-08-08T23:17:36.496+0000] {processor.py:840} INFO - DAG(s) 'feature_pipeline' retrieved from /opt/airflow/dags/feature_pipeline_dag.py
[2026-08-08T23:17:36.908+0000] {logging_mixin.py:188} INFO - [2026-08-08T23:17:36.907+0000] {dag.py:3089} INFO - Sync 1 DAGs
[2026-08-08T23:17:36.947+0000] {logging_mixin.py:188} INFO - [2026-08-08T23:17:36.946+0000] {dag.py:3947} INFO - Setting next_dagrun for feature_pipeline to 2026-08-08 23:00:00+00:00, run_after=2026-08-09 00:00:00+00:00
[2026-08-08T23:17:36.995+0000] {processor.py:183} INFO - Processing /opt/airflow/dags/feature_pipeline_dag.py took 2.089 seconds
[2026-08-08T23:18:07.526+0000] {processor.py:161} INFO - Started process (PID=2525) to work on /opt/airflow/dags/feature_pipeline_dag.py
[2026-08-08T23:18:07.528+0000] {processor.py:830} INFO - Processing file /opt/airflow/dags/feature_pipeline_dag.py for tasks to queue
[2026-08-08T23:18:07.535+0000] {logging_mixin.py:188} INFO - [2026-08-08T23:18:07.534+0000] {dagbag.py:545} INFO - Filling up the DagBag from /opt/airflow/dags/feature_pipeline_dag.py
[2026-08-08T23:18:09.584+0000] {processor.py:840} INFO - DAG(s) 'feature_pipeline' retrieved from /opt/airflow/dags/feature_pipeline_dag.py
[2026-08-08T23:18:09.634+0000] {logging_mixin.py:188} INFO - [2026-08-08T23:18:09.633+0000] {dag.py:3089} INFO - Sync 1 DAGs
[2026-08-08T23:18:09.670+0000] {logging_mixin.py:188} INFO - [2026-08-08T23:18:09.670+0000] {dag.py:3947} INFO - Setting next_dagrun for feature_pipeline to 2026-08-08 23:00:00+00:00, run_after=2026-08-09 00:00:00+00:00
[2026-08-08T23:18:09.703+0000] {processor.py:183} INFO - Processing /opt/airflow/dags/feature_pipeline_dag.py took 2.199 seconds
[2026-08-08T23:18:40.121+0000] {processor.py:161} INFO - Started process (PID=2537) to work on /opt/airflow/dags/feature_pipeline_dag.py
[2026-08-08T23:18:40.124+0000] {processor.py:830} INFO - Processing file /opt/airflow/dags/feature_pipeline_dag.py for tasks to queue
[2026-08-08T23:18:40.131+0000] {logging_mixin.py:188} INFO - [2026-08-08T23:18:40.130+0000] {dagbag.py:545} INFO - Filling up the DagBag from /opt/airflow/dags/feature_pipeline_dag.py
[2026-08-08T23:18:42.098+0000] {processor.py:840} INFO - DAG(s) 'feature_pipeline' retrieved from /opt/airflow/dags/feature_pipeline_dag.py
[2026-08-08T23:18:42.152+0000] {logging_mixin.py:188} INFO - [2026-08-08T23:18:42.151+0000] {dag.py:3089} INFO - Sync 1 DAGs
[2026-08-08T23:18:42.194+0000] {logging_mixin.py:188} INFO - [2026-08-08T23:18:42.193+0000] {dag.py:3947} INFO - Setting next_dagrun for feature_pipeline to 2026-08-08 23:00:00+00:00, run_after=2026-08-09 00:00:00+00:00
[2026-08-08T23:18:42.229+0000] {processor.py:183} INFO - Processing /opt/airflow/dags/feature_pipeline_dag.py took 2.133 seconds
[2026-08-08T23:19:12.740+0000] {processor.py:161} INFO - Started process (PID=2549) to work on /opt/airflow/dags/feature_pipeline_dag.py
[2026-08-08T23:19:12.743+0000] {processor.py:830} INFO - Processing file /opt/airflow/dags/feature_pipeline_dag.py for tasks to queue
[2026-08-08T23:19:12.748+0000] {logging_mixin.py:188} INFO - [2026-08-08T23:19:12.747+0000] {dagbag.py:545} INFO - Filling up the DagBag from /opt/airflow/dags/feature_pipeline_dag.py
[2026-08-08T23:19:14.209+0000] {processor.py:840} INFO - DAG(s) 'feature_pipeline' retrieved from /opt/airflow/dags/feature_pipeline_dag.py
[2026-08-08T23:19:14.277+0000] {logging_mixin.py:188} INFO - [2026-08-08T23:19:14.276+0000] {dag.py:3089} INFO - Sync 1 DAGs
[2026-08-08T23:19:14.748+0000] {logging_mixin.py:188} INFO - [2026-08-08T23:19:14.747+0000] {dag.py:3947} INFO - Setting next_dagrun for feature_pipeline to 2026-08-08 23:00:00+00:00, run_after=2026-08-09 00:00:00+00:00
[2026-08-08T23:19:14.787+0000] {processor.py:183} INFO - Processing /opt/airflow/dags/feature_pipeline_dag.py took 2.067 seconds
[2026-08-08T23:19:45.273+0000] {processor.py:161} INFO - Started process (PID=2561) to work on /opt/airflow/dags/feature_pipeline_dag.py
[2026-08-08T23:19:45.275+0000] {processor.py:830} INFO - Processing file /opt/airflow/dags/feature_pipeline_dag.py for tasks to queue
[2026-08-08T23:19:45.279+0000] {logging_mixin.py:188} INFO - [2026-08-08T23:19:45.279+0000] {dagbag.py:545} INFO - Filling up the DagBag from /opt/airflow/dags/feature_pipeline_dag.py
[2026-08-08T23:19:47.005+0000] {processor.py:840} INFO - DAG(s) 'feature_pipeline' retrieved from /opt/airflow/dags/feature_pipeline_dag.py
[2026-08-08T23:19:47.407+0000] {logging_mixin.py:188} INFO - [2026-08-08T23:19:47.406+0000] {dag.py:3089} INFO - Sync 1 DAGs
[2026-08-08T23:19:47.456+0000] {logging_mixin.py:188} INFO - [2026-08-08T23:19:47.456+0000] {dag.py:3947} INFO - Setting next_dagrun for feature_pipeline to 2026-08-08 23:00:00+00:00, run_after=2026-08-09 00:00:00+00:00
[2026-08-08T23:19:47.488+0000] {processor.py:183} INFO - Processing /opt/airflow/dags/feature_pipeline_dag.py took 2.234 seconds
[2026-08-08T23:20:17.943+0000] {processor.py:161} INFO - Started process (PID=2573) to work on /opt/airflow/dags/feature_pipeline_dag.py
[2026-08-08T23:20:17.946+0000] {processor.py:830} INFO - Processing file /opt/airflow/dags/feature_pipeline_dag.py for tasks to queue
[2026-08-08T23:20:17.951+0000] {logging_mixin.py:188} INFO - [2026-08-08T23:20:17.950+0000] {dagbag.py:545} INFO - Filling up the DagBag from /opt/airflow/dags/feature_pipeline_dag.py
[2026-08-08T23:20:19.815+0000] {processor.py:840} INFO - DAG(s) 'feature_pipeline' retrieved from /opt/airflow/dags/feature_pipeline_dag.py
[2026-08-08T23:20:19.866+0000] {logging_mixin.py:188} INFO - [2026-08-08T23:20:19.866+0000] {dag.py:3089} INFO - Sync 1 DAGs
[2026-08-08T23:20:19.908+0000] {logging_mixin.py:188} INFO - [2026-08-08T23:20:19.908+0000] {dag.py:3947} INFO - Setting next_dagrun for feature_pipeline to 2026-08-08 23:00:00+00:00, run_after=2026-08-09 00:00:00+00:00
[2026-08-08T23:20:19.946+0000] {processor.py:183} INFO - Processing /opt/airflow/dags/feature_pipeline_dag.py took 2.023 seconds
[2026-08-08T23:20:50.422+0000] {processor.py:161} INFO - Started process (PID=2585) to work on /opt/airflow/dags/feature_pipeline_dag.py
[2026-08-08T23:20:50.424+0000] {processor.py:830} INFO - Processing file /opt/airflow/dags/feature_pipeline_dag.py for tasks to queue
[2026-08-08T23:20:50.430+0000] {logging_mixin.py:188} INFO - [2026-08-08T23:20:50.430+0000] {dagbag.py:545} INFO - Filling up the DagBag from /opt/airflow/dags/feature_pipeline_dag.py
[2026-08-08T23:20:52.238+0000] {processor.py:840} INFO - DAG(s) 'feature_pipeline' retrieved from /opt/airflow/dags/feature_pipeline_dag.py
[2026-08-08T23:20:52.289+0000] {logging_mixin.py:188} INFO - [2026-08-08T23:20:52.288+0000] {dag.py:3089} INFO - Sync 1 DAGs
[2026-08-08T23:20:52.341+0000] {logging_mixin.py:188} INFO - [2026-08-08T23:20:52.340+0000] {dag.py:3947} INFO - Setting next_dagrun for feature_pipeline to 2026-08-08 23:00:00+00:00, run_after=2026-08-09 00:00:00+00:00
[2026-08-08T23:20:52.376+0000] {processor.py:183} INFO - Processing /opt/airflow/dags/feature_pipeline_dag.py took 1.973 seconds
[2026-08-08T23:21:22.862+0000] {processor.py:161} INFO - Started process (PID=2597) to work on /opt/airflow/dags/feature_pipeline_dag.py
[2026-08-08T23:21:22.865+0000] {processor.py:830} INFO - Processing file /opt/airflow/dags/feature_pipeline_dag.py for tasks to queue
[2026-08-08T23:21:22.870+0000] {logging_mixin.py:188} INFO - [2026-08-08T23:21:22.869+0000] {dagbag.py:545} INFO - Filling up the DagBag from /opt/airflow/dags/feature_pipeline_dag.py
[2026-08-08T23:21:24.849+0000] {processor.py:840} INFO - DAG(s) 'feature_pipeline' retrieved from /opt/airflow/dags/feature_pipeline_dag.py
[2026-08-08T23:21:24.905+0000] {logging_mixin.py:188} INFO - [2026-08-08T23:21:24.904+0000] {dag.py:3089} INFO - Sync 1 DAGs
[2026-08-08T23:21:24.944+0000] {logging_mixin.py:188} INFO - [2026-08-08T23:21:24.944+0000] {dag.py:3947} INFO - Setting next_dagrun for feature_pipeline to 2026-08-08 23:00:00+00:00, run_after=2026-08-09 00:00:00+00:00
[2026-08-08T23:21:24.978+0000] {processor.py:183} INFO - Processing /opt/airflow/dags/feature_pipeline_dag.py took 2.137 seconds
[2026-08-08T23:21:55.407+0000] {processor.py:161} INFO - Started process (PID=2609) to work on /opt/airflow/dags/feature_pipeline_dag.py
[2026-08-08T23:21:55.410+0000] {processor.py:830} INFO - Processing file /opt/airflow/dags/feature_pipeline_dag.py for tasks to queue
[2026-08-08T23:21:55.415+0000] {logging_mixin.py:188} INFO - [2026-08-08T23:21:55.414+0000] {dagbag.py:545} INFO - Filling up the DagBag from /opt/airflow/dags/feature_pipeline_dag.py
[2026-08-08T23:21:57.403+0000] {processor.py:840} INFO - DAG(s) 'feature_pipeline' retrieved from /opt/airflow/dags/feature_pipeline_dag.py
[2026-08-08T23:21:57.454+0000] {logging_mixin.py:188} INFO - [2026-08-08T23:21:57.453+0000] {dag.py:3089} INFO - Sync 1 DAGs
[2026-08-08T23:21:57.492+0000] {logging_mixin.py:188} INFO - [2026-08-08T23:21:57.492+0000] {dag.py:3947} INFO - Setting next_dagrun for feature_pipeline to 2026-08-08 23:00:00+00:00, run_after=2026-08-09 00:00:00+00:00
[2026-08-08T23:21:57.527+0000] {processor.py:183} INFO - Processing /opt/airflow/dags/feature_pipeline_dag.py took 2.138 seconds
[2026-08-08T23:22:27.842+0000] {processor.py:161} INFO - Started process (PID=2621) to work on /opt/airflow/dags/feature_pipeline_dag.py
[2026-08-08T23:22:27.845+0000] {processor.py:830} INFO - Processing file /opt/airflow/dags/feature_pipeline_dag.py for tasks to queue
[2026-08-08T23:22:27.851+0000] {logging_mixin.py:188} INFO - [2026-08-08T23:22:27.850+0000] {dagbag.py:545} INFO - Filling up the DagBag from /opt/airflow/dags/feature_pipeline_dag.py
[2026-08-08T23:22:29.380+0000] {processor.py:840} INFO - DAG(s) 'feature_pipeline' retrieved from /opt/airflow/dags/feature_pipeline_dag.py
[2026-08-08T23:22:29.445+0000] {logging_mixin.py:188} INFO - [2026-08-08T23:22:29.444+0000] {dag.py:3089} INFO - Sync 1 DAGs
[2026-08-08T23:22:29.874+0000] {logging_mixin.py:188} INFO - [2026-08-08T23:22:29.874+0000] {dag.py:3947} INFO - Setting next_dagrun for feature_pipeline to 2026-08-08 23:00:00+00:00, run_after=2026-08-09 00:00:00+00:00
[2026-08-08T23:22:29.909+0000] {processor.py:183} INFO - Processing /opt/airflow/dags/feature_pipeline_dag.py took 2.086 seconds
[2026-08-08T23:23:00.359+0000] {processor.py:161} INFO - Started process (PID=2633) to work on /opt/airflow/dags/feature_pipeline_dag.py
[2026-08-08T23:23:00.363+0000] {processor.py:830} INFO - Processing file /opt/airflow/dags/feature_pipeline_dag.py for tasks to queue
[2026-08-08T23:23:00.368+0000] {logging_mixin.py:188} INFO - [2026-08-08T23:23:00.368+0000] {dagbag.py:545} INFO - Filling up the DagBag from /opt/airflow/dags/feature_pipeline_dag.py
[2026-08-08T23:23:02.429+0000] {processor.py:840} INFO - DAG(s) 'feature_pipeline' retrieved from /opt/airflow/dags/feature_pipeline_dag.py
[2026-08-08T23:23:02.498+0000] {logging_mixin.py:188} INFO - [2026-08-08T23:23:02.497+0000] {dag.py:3089} INFO - Sync 1 DAGs
[2026-08-08T23:23:02.534+0000] {logging_mixin.py:188} INFO - [2026-08-08T23:23:02.534+0000] {dag.py:3947} INFO - Setting next_dagrun for feature_pipeline to 2026-08-08 23:00:00+00:00, run_after=2026-08-09 00:00:00+00:00
[2026-08-08T23:23:02.567+0000] {processor.py:183} INFO - Processing /opt/airflow/dags/feature_pipeline_dag.py took 2.229 seconds
[2026-08-08T23:23:32.970+0000] {processor.py:161} INFO - Started process (PID=2645) to work on /opt/airflow/dags/feature_pipeline_dag.py
[2026-08-08T23:23:32.973+0000] {processor.py:830} INFO - Processing file /opt/airflow/dags/feature_pipeline_dag.py for tasks to queue
[2026-08-08T23:23:32.978+0000] {logging_mixin.py:188} INFO - [2026-08-08T23:23:32.977+0000] {dagbag.py:545} INFO - Filling up the DagBag from /opt/airflow/dags/feature_pipeline_dag.py
[2026-08-08T23:23:34.480+0000] {processor.py:840} INFO - DAG(s) 'feature_pipeline' retrieved from /opt/airflow/dags/feature_pipeline_dag.py
[2026-08-08T23:23:34.863+0000] {logging_mixin.py:188} INFO - [2026-08-08T23:23:34.863+0000] {dag.py:3089} INFO - Sync 1 DAGs
[2026-08-08T23:23:34.901+0000] {logging_mixin.py:188} INFO - [2026-08-08T23:23:34.900+0000] {dag.py:3947} INFO - Setting next_dagrun for feature_pipeline to 2026-08-08 23:00:00+00:00, run_after=2026-08-09 00:00:00+00:00
[2026-08-08T23:23:34.934+0000] {processor.py:183} INFO - Processing /opt/airflow/dags/feature_pipeline_dag.py took 1.984 seconds
[2026-08-08T23:24:05.486+0000] {processor.py:161} INFO - Started process (PID=2657) to work on /opt/airflow/dags/feature_pipeline_dag.py
[2026-08-08T23:24:05.489+0000] {processor.py:830} INFO - Processing file /opt/airflow/dags/feature_pipeline_dag.py for tasks to queue
[2026-08-08T23:24:05.493+0000] {logging_mixin.py:188} INFO - [2026-08-08T23:24:05.493+0000] {dagbag.py:545} INFO - Filling up the DagBag from /opt/airflow/dags/feature_pipeline_dag.py
[2026-08-08T23:24:07.334+0000] {processor.py:840} INFO - DAG(s) 'feature_pipeline' retrieved from /opt/airflow/dags/feature_pipeline_dag.py
[2026-08-08T23:24:07.381+0000] {logging_mixin.py:188} INFO - [2026-08-08T23:24:07.380+0000] {dag.py:3089} INFO - Sync 1 DAGs
[2026-08-08T23:24:07.420+0000] {logging_mixin.py:188} INFO - [2026-08-08T23:24:07.420+0000] {dag.py:3947} INFO - Setting next_dagrun for feature_pipeline to 2026-08-08 23:00:00+00:00, run_after=2026-08-09 00:00:00+00:00
[2026-08-08T23:24:07.457+0000] {processor.py:183} INFO - Processing /opt/airflow/dags/feature_pipeline_dag.py took 1.994 seconds
[2026-08-08T23:24:37.928+0000] {processor.py:161} INFO - Started process (PID=2669) to work on /opt/airflow/dags/feature_pipeline_dag.py
[2026-08-08T23:24:37.931+0000] {processor.py:830} INFO - Processing file /opt/airflow/dags/feature_pipeline_dag.py for tasks to queue
[2026-08-08T23:24:37.938+0000] {logging_mixin.py:188} INFO - [2026-08-08T23:24:37.936+0000] {dagbag.py:545} INFO - Filling up the DagBag from /opt/airflow/dags/feature_pipeline_dag.py
[2026-08-08T23:24:40.063+0000] {processor.py:840} INFO - DAG(s) 'feature_pipeline' retrieved from /opt/airflow/dags/feature_pipeline_dag.py
[2026-08-08T23:24:40.114+0000] {logging_mixin.py:188} INFO - [2026-08-08T23:24:40.113+0000] {dag.py:3089} INFO - Sync 1 DAGs
[2026-08-08T23:24:40.157+0000] {logging_mixin.py:188} INFO - [2026-08-08T23:24:40.156+0000] {dag.py:3947} INFO - Setting next_dagrun for feature_pipeline to 2026-08-08 23:00:00+00:00, run_after=2026-08-09 00:00:00+00:00
[2026-08-08T23:24:40.194+0000] {processor.py:183} INFO - Processing /opt/airflow/dags/feature_pipeline_dag.py took 2.289 seconds
[2026-08-08T23:25:10.584+0000] {processor.py:161} INFO - Started process (PID=2681) to work on /opt/airflow/dags/feature_pipeline_dag.py
[2026-08-08T23:25:10.587+0000] {processor.py:830} INFO - Processing file /opt/airflow/dags/feature_pipeline_dag.py for tasks to queue
[2026-08-08T23:25:10.595+0000] {logging_mixin.py:188} INFO - [2026-08-08T23:25:10.594+0000] {dagbag.py:545} INFO - Filling up the DagBag from /opt/airflow/dags/feature_pipeline_dag.py
[2026-08-08T23:25:12.555+0000] {processor.py:840} INFO - DAG(s) 'feature_pipeline' retrieved from /opt/airflow/dags/feature_pipeline_dag.py
[2026-08-08T23:25:12.619+0000] {logging_mixin.py:188} INFO - [2026-08-08T23:25:12.618+0000] {dag.py:3089} INFO - Sync 1 DAGs
[2026-08-08T23:25:12.667+0000] {logging_mixin.py:188} INFO - [2026-08-08T23:25:12.666+0000] {dag.py:3947} INFO - Setting next_dagrun for feature_pipeline to 2026-08-08 23:00:00+00:00, run_after=2026-08-09 00:00:00+00:00
[2026-08-08T23:25:12.709+0000] {processor.py:183} INFO - Processing /opt/airflow/dags/feature_pipeline_dag.py took 2.145 seconds
[2026-08-08T23:25:43.052+0000] {processor.py:161} INFO - Started process (PID=2693) to work on /opt/airflow/dags/feature_pipeline_dag.py
[2026-08-08T23:25:43.055+0000] {processor.py:830} INFO - Processing file /opt/airflow/dags/feature_pipeline_dag.py for tasks to queue
[2026-08-08T23:25:43.061+0000] {logging_mixin.py:188} INFO - [2026-08-08T23:25:43.060+0000] {dagbag.py:545} INFO - Filling up the DagBag from /opt/airflow/dags/feature_pipeline_dag.py
[2026-08-08T23:25:44.615+0000] {processor.py:840} INFO - DAG(s) 'feature_pipeline' retrieved from /opt/airflow/dags/feature_pipeline_dag.py
[2026-08-08T23:25:45.041+0000] {logging_mixin.py:188} INFO - [2026-08-08T23:25:45.040+0000] {dag.py:3089} INFO - Sync 1 DAGs
[2026-08-08T23:25:45.083+0000] {logging_mixin.py:188} INFO - [2026-08-08T23:25:45.082+0000] {dag.py:3947} INFO - Setting next_dagrun for feature_pipeline to 2026-08-08 23:00:00+00:00, run_after=2026-08-09 00:00:00+00:00
[2026-08-08T23:25:45.118+0000] {processor.py:183} INFO - Processing /opt/airflow/dags/feature_pipeline_dag.py took 2.087 seconds
[2026-08-08T23:26:15.531+0000] {processor.py:161} INFO - Started process (PID=2705) to work on /opt/airflow/dags/feature_pipeline_dag.py
[2026-08-08T23:26:15.535+0000] {processor.py:830} INFO - Processing file /opt/airflow/dags/feature_pipeline_dag.py for tasks to queue
[2026-08-08T23:26:15.540+0000] {logging_mixin.py:188} INFO - [2026-08-08T23:26:15.540+0000] {dagbag.py:545} INFO - Filling up the DagBag from /opt/airflow/dags/feature_pipeline_dag.py
[2026-08-08T23:26:17.024+0000] {processor.py:840} INFO - DAG(s) 'feature_pipeline' retrieved from /opt/airflow/dags/feature_pipeline_dag.py
[2026-08-08T23:26:17.485+0000] {logging_mixin.py:188} INFO - [2026-08-08T23:26:17.484+0000] {dag.py:3089} INFO - Sync 1 DAGs
[2026-08-08T23:26:17.534+0000] {logging_mixin.py:188} INFO - [2026-08-08T23:26:17.534+0000] {dag.py:3947} INFO - Setting next_dagrun for feature_pipeline to 2026-08-08 23:00:00+00:00, run_after=2026-08-09 00:00:00+00:00
[2026-08-08T23:26:17.575+0000] {processor.py:183} INFO - Processing /opt/airflow/dags/feature_pipeline_dag.py took 2.069 seconds
[2026-08-08T23:26:48.050+0000] {processor.py:161} INFO - Started process (PID=2717) to work on /opt/airflow/dags/feature_pipeline_dag.py
[2026-08-08T23:26:48.053+0000] {processor.py:830} INFO - Processing file /opt/airflow/dags/feature_pipeline_dag.py for tasks to queue
[2026-08-08T23:26:48.058+0000] {logging_mixin.py:188} INFO - [2026-08-08T23:26:48.057+0000] {dagbag.py:545} INFO - Filling up the DagBag from /opt/airflow/dags/feature_pipeline_dag.py
[2026-08-08T23:26:49.989+0000] {processor.py:840} INFO - DAG(s) 'feature_pipeline' retrieved from /opt/airflow/dags/feature_pipeline_dag.py
[2026-08-08T23:26:50.043+0000] {logging_mixin.py:188} INFO - [2026-08-08T23:26:50.042+0000] {dag.py:3089} INFO - Sync 1 DAGs
[2026-08-08T23:26:50.090+0000] {logging_mixin.py:188} INFO - [2026-08-08T23:26:50.089+0000] {dag.py:3947} INFO - Setting next_dagrun for feature_pipeline to 2026-08-08 23:00:00+00:00, run_after=2026-08-09 00:00:00+00:00
[2026-08-08T23:26:50.128+0000] {processor.py:183} INFO - Processing /opt/airflow/dags/feature_pipeline_dag.py took 2.099 seconds
[2026-08-08T23:27:20.598+0000] {processor.py:161} INFO - Started process (PID=2729) to work on /opt/airflow/dags/feature_pipeline_dag.py
[2026-08-08T23:27:20.601+0000] {processor.py:830} INFO - Processing file /opt/airflow/dags/feature_pipeline_dag.py for tasks to queue
[2026-08-08T23:27:20.608+0000] {logging_mixin.py:188} INFO - [2026-08-08T23:27:20.607+0000] {dagbag.py:545} INFO - Filling up the DagBag from /opt/airflow/dags/feature_pipeline_dag.py
[2026-08-08T23:27:22.507+0000] {processor.py:840} INFO - DAG(s) 'feature_pipeline' retrieved from /opt/airflow/dags/feature_pipeline_dag.py
[2026-08-08T23:27:22.564+0000] {logging_mixin.py:188} INFO - [2026-08-08T23:27:22.563+0000] {dag.py:3089} INFO - Sync 1 DAGs
[2026-08-08T23:27:22.602+0000] {logging_mixin.py:188} INFO - [2026-08-08T23:27:22.602+0000] {dag.py:3947} INFO - Setting next_dagrun for feature_pipeline to 2026-08-08 23:00:00+00:00, run_after=2026-08-09 00:00:00+00:00
[2026-08-08T23:27:22.635+0000] {processor.py:183} INFO - Processing /opt/airflow/dags/feature_pipeline_dag.py took 2.069 seconds
[2026-08-08T23:27:53.030+0000] {processor.py:161} INFO - Started process (PID=2741) to work on /opt/airflow/dags/feature_pipeline_dag.py
[2026-08-08T23:27:53.033+0000] {processor.py:830} INFO - Processing file /opt/airflow/dags/feature_pipeline_dag.py for tasks to queue
[2026-08-08T23:27:53.040+0000] {logging_mixin.py:188} INFO - [2026-08-08T23:27:53.039+0000] {dagbag.py:545} INFO - Filling up the DagBag from /opt/airflow/dags/feature_pipeline_dag.py
[2026-08-08T23:27:55.138+0000] {processor.py:840} INFO - DAG(s) 'feature_pipeline' retrieved from /opt/airflow/dags/feature_pipeline_dag.py
[2026-08-08T23:27:55.188+0000] {logging_mixin.py:188} INFO - [2026-08-08T23:27:55.187+0000] {dag.py:3089} INFO - Sync 1 DAGs
[2026-08-08T23:27:55.225+0000] {logging_mixin.py:188} INFO - [2026-08-08T23:27:55.225+0000] {dag.py:3947} INFO - Setting next_dagrun for feature_pipeline to 2026-08-08 23:00:00+00:00, run_after=2026-08-09 00:00:00+00:00
[2026-08-08T23:27:55.257+0000] {processor.py:183} INFO - Processing /opt/airflow/dags/feature_pipeline_dag.py took 2.249 seconds
[2026-08-08T23:28:25.687+0000] {processor.py:161} INFO - Started process (PID=2753) to work on /opt/airflow/dags/feature_pipeline_dag.py
[2026-08-08T23:28:25.690+0000] {processor.py:830} INFO - Processing file /opt/airflow/dags/feature_pipeline_dag.py for tasks to queue
[2026-08-08T23:28:25.694+0000] {logging_mixin.py:188} INFO - [2026-08-08T23:28:25.694+0000] {dagbag.py:545} INFO - Filling up the DagBag from /opt/airflow/dags/feature_pipeline_dag.py
[2026-08-08T23:28:27.738+0000] {processor.py:840} INFO - DAG(s) 'feature_pipeline' retrieved from /opt/airflow/dags/feature_pipeline_dag.py
[2026-08-08T23:28:27.795+0000] {logging_mixin.py:188} INFO - [2026-08-08T23:28:27.794+0000] {dag.py:3089} INFO - Sync 1 DAGs
[2026-08-08T23:28:27.835+0000] {logging_mixin.py:188} INFO - [2026-08-08T23:28:27.835+0000] {dag.py:3947} INFO - Setting next_dagrun for feature_pipeline to 2026-08-08 23:00:00+00:00, run_after=2026-08-09 00:00:00+00:00
[2026-08-08T23:28:27.868+0000] {processor.py:183} INFO - Processing /opt/airflow/dags/feature_pipeline_dag.py took 2.206 seconds
