[2026-08-08T18:38:57.173+0000] {processor.py:161} INFO - Started process (PID=170) to work on /opt/airflow/dags/training_pipeline_dag.py
[2026-08-08T18:38:57.177+0000] {processor.py:830} INFO - Processing file /opt/airflow/dags/training_pipeline_dag.py for tasks to queue
[2026-08-08T18:38:57.183+0000] {logging_mixin.py:188} INFO - [2026-08-08T18:38:57.182+0000] {dagbag.py:545} INFO - Filling up the DagBag from /opt/airflow/dags/training_pipeline_dag.py
[2026-08-08T18:39:24.705+0000] {logging_mixin.py:188} INFO - [2026-08-08T18:39:24.704+0000] {timeout.py:68} ERROR - Process timed out, PID: 170
[2026-08-08T18:39:55.658+0000] {processor.py:161} INFO - Started process (PID=186) to work on /opt/airflow/dags/training_pipeline_dag.py
[2026-08-08T18:39:55.661+0000] {processor.py:830} INFO - Processing file /opt/airflow/dags/training_pipeline_dag.py for tasks to queue
[2026-08-08T18:39:55.679+0000] {logging_mixin.py:188} INFO - [2026-08-08T18:39:55.668+0000] {dagbag.py:545} INFO - Filling up the DagBag from /opt/airflow/dags/training_pipeline_dag.py
[2026-08-08T18:40:00.627+0000] {processor.py:840} INFO - DAG(s) 'training_pipeline' retrieved from /opt/airflow/dags/training_pipeline_dag.py
[2026-08-08T18:40:01.253+0000] {logging_mixin.py:188} INFO - [2026-08-08T18:40:01.252+0000] {dag.py:3089} INFO - Sync 1 DAGs
[2026-08-08T18:40:01.294+0000] {logging_mixin.py:188} INFO - [2026-08-08T18:40:01.294+0000] {dag.py:3947} INFO - Setting next_dagrun for training_pipeline to 2026-08-08 00:00:00+00:00, run_after=2026-08-09 00:00:00+00:00
[2026-08-08T18:40:01.349+0000] {processor.py:183} INFO - Processing /opt/airflow/dags/training_pipeline_dag.py took 5.712 seconds
[2026-08-08T18:40:31.848+0000] {processor.py:161} INFO - Started process (PID=198) to work on /opt/airflow/dags/training_pipeline_dag.py
[2026-08-08T18:40:31.852+0000] {processor.py:830} INFO - Processing file /opt/airflow/dags/training_pipeline_dag.py for tasks to queue
[2026-08-08T18:40:31.856+0000] {logging_mixin.py:188} INFO - [2026-08-08T18:40:31.854+0000] {dagbag.py:545} INFO - Filling up the DagBag from /opt/airflow/dags/training_pipeline_dag.py
[2026-08-08T18:40:34.269+0000] {processor.py:840} INFO - DAG(s) 'training_pipeline' retrieved from /opt/airflow/dags/training_pipeline_dag.py
[2026-08-08T18:40:34.326+0000] {logging_mixin.py:188} INFO - [2026-08-08T18:40:34.325+0000] {dag.py:3089} INFO - Sync 1 DAGs
[2026-08-08T18:40:34.385+0000] {logging_mixin.py:188} INFO - [2026-08-08T18:40:34.385+0000] {dag.py:3947} INFO - Setting next_dagrun for training_pipeline to 2026-08-08 00:00:00+00:00, run_after=2026-08-09 00:00:00+00:00
[2026-08-08T18:40:34.435+0000] {processor.py:183} INFO - Processing /opt/airflow/dags/training_pipeline_dag.py took 2.649 seconds
[2026-08-08T18:41:05.455+0000] {processor.py:161} INFO - Started process (PID=210) to work on /opt/airflow/dags/training_pipeline_dag.py
[2026-08-08T18:41:05.459+0000] {processor.py:830} INFO - Processing file /opt/airflow/dags/training_pipeline_dag.py for tasks to queue
[2026-08-08T18:41:05.463+0000] {logging_mixin.py:188} INFO - [2026-08-08T18:41:05.461+0000] {dagbag.py:545} INFO - Filling up the DagBag from /opt/airflow/dags/training_pipeline_dag.py
[2026-08-08T18:41:07.260+0000] {processor.py:840} INFO - DAG(s) 'training_pipeline' retrieved from /opt/airflow/dags/training_pipeline_dag.py
[2026-08-08T18:41:07.315+0000] {logging_mixin.py:188} INFO - [2026-08-08T18:41:07.314+0000] {dag.py:3089} INFO - Sync 1 DAGs
[2026-08-08T18:41:07.351+0000] {logging_mixin.py:188} INFO - [2026-08-08T18:41:07.350+0000] {dag.py:3947} INFO - Setting next_dagrun for training_pipeline to 2026-08-08 00:00:00+00:00, run_after=2026-08-09 00:00:00+00:00
[2026-08-08T18:41:07.388+0000] {processor.py:183} INFO - Processing /opt/airflow/dags/training_pipeline_dag.py took 1.958 seconds
[2026-08-08T18:41:38.126+0000] {processor.py:161} INFO - Started process (PID=222) to work on /opt/airflow/dags/training_pipeline_dag.py
[2026-08-08T18:41:38.129+0000] {processor.py:830} INFO - Processing file /opt/airflow/dags/training_pipeline_dag.py for tasks to queue
[2026-08-08T18:41:38.132+0000] {logging_mixin.py:188} INFO - [2026-08-08T18:41:38.131+0000] {dagbag.py:545} INFO - Filling up the DagBag from /opt/airflow/dags/training_pipeline_dag.py
[2026-08-08T18:41:37.468+0000] {processor.py:840} INFO - DAG(s) 'training_pipeline' retrieved from /opt/airflow/dags/training_pipeline_dag.py
[2026-08-08T18:41:37.521+0000] {logging_mixin.py:188} INFO - [2026-08-08T18:41:37.520+0000] {dag.py:3089} INFO - Sync 1 DAGs
[2026-08-08T18:41:37.563+0000] {logging_mixin.py:188} INFO - [2026-08-08T18:41:37.563+0000] {dag.py:3947} INFO - Setting next_dagrun for training_pipeline to 2026-08-08 00:00:00+00:00, run_after=2026-08-09 00:00:00+00:00
[2026-08-08T18:41:37.790+0000] {processor.py:183} INFO - Processing /opt/airflow/dags/training_pipeline_dag.py took 2.129 seconds
[2026-08-08T18:42:09.162+0000] {processor.py:161} INFO - Started process (PID=234) to work on /opt/airflow/dags/training_pipeline_dag.py
[2026-08-08T18:42:09.165+0000] {processor.py:830} INFO - Processing file /opt/airflow/dags/training_pipeline_dag.py for tasks to queue
[2026-08-08T18:42:09.168+0000] {logging_mixin.py:188} INFO - [2026-08-08T18:42:09.167+0000] {dagbag.py:545} INFO - Filling up the DagBag from /opt/airflow/dags/training_pipeline_dag.py
[2026-08-08T18:42:06.496+0000] {processor.py:840} INFO - DAG(s) 'training_pipeline' retrieved from /opt/airflow/dags/training_pipeline_dag.py
[2026-08-08T18:42:06.620+0000] {logging_mixin.py:188} INFO - [2026-08-08T18:42:06.618+0000] {dag.py:3089} INFO - Sync 1 DAGs
[2026-08-08T18:42:06.909+0000] {logging_mixin.py:188} INFO - [2026-08-08T18:42:06.909+0000] {dag.py:3947} INFO - Setting next_dagrun for training_pipeline to 2026-08-08 00:00:00+00:00, run_after=2026-08-09 00:00:00+00:00
[2026-08-08T18:42:06.969+0000] {processor.py:183} INFO - Processing /opt/airflow/dags/training_pipeline_dag.py took 2.547 seconds
[2026-08-08T18:42:37.215+0000] {processor.py:161} INFO - Started process (PID=246) to work on /opt/airflow/dags/training_pipeline_dag.py
[2026-08-08T18:42:37.218+0000] {processor.py:830} INFO - Processing file /opt/airflow/dags/training_pipeline_dag.py for tasks to queue
[2026-08-08T18:42:37.220+0000] {logging_mixin.py:188} INFO - [2026-08-08T18:42:37.220+0000] {dagbag.py:545} INFO - Filling up the DagBag from /opt/airflow/dags/training_pipeline_dag.py
[2026-08-08T18:42:38.985+0000] {processor.py:840} INFO - DAG(s) 'training_pipeline' retrieved from /opt/airflow/dags/training_pipeline_dag.py
[2026-08-08T18:42:39.211+0000] {logging_mixin.py:188} INFO - [2026-08-08T18:42:39.210+0000] {dag.py:3089} INFO - Sync 1 DAGs
[2026-08-08T18:42:39.247+0000] {logging_mixin.py:188} INFO - [2026-08-08T18:42:39.247+0000] {dag.py:3947} INFO - Setting next_dagrun for training_pipeline to 2026-08-08 00:00:00+00:00, run_after=2026-08-09 00:00:00+00:00
[2026-08-08T18:42:39.285+0000] {processor.py:183} INFO - Processing /opt/airflow/dags/training_pipeline_dag.py took 2.088 seconds
[2026-08-08T18:43:10.019+0000] {processor.py:161} INFO - Started process (PID=258) to work on /opt/airflow/dags/training_pipeline_dag.py
[2026-08-08T18:43:10.021+0000] {processor.py:830} INFO - Processing file /opt/airflow/dags/training_pipeline_dag.py for tasks to queue
[2026-08-08T18:43:10.024+0000] {logging_mixin.py:188} INFO - [2026-08-08T18:43:10.023+0000] {dagbag.py:545} INFO - Filling up the DagBag from /opt/airflow/dags/training_pipeline_dag.py
[2026-08-08T18:43:11.528+0000] {processor.py:840} INFO - DAG(s) 'training_pipeline' retrieved from /opt/airflow/dags/training_pipeline_dag.py
[2026-08-08T18:43:11.973+0000] {logging_mixin.py:188} INFO - [2026-08-08T18:43:11.972+0000] {dag.py:3089} INFO - Sync 1 DAGs
[2026-08-08T18:43:12.027+0000] {logging_mixin.py:188} INFO - [2026-08-08T18:43:12.026+0000] {dag.py:3947} INFO - Setting next_dagrun for training_pipeline to 2026-08-08 00:00:00+00:00, run_after=2026-08-09 00:00:00+00:00
[2026-08-08T18:43:12.072+0000] {processor.py:183} INFO - Processing /opt/airflow/dags/training_pipeline_dag.py took 2.075 seconds
[2026-08-08T18:43:42.613+0000] {processor.py:161} INFO - Started process (PID=270) to work on /opt/airflow/dags/training_pipeline_dag.py
[2026-08-08T18:43:42.616+0000] {processor.py:830} INFO - Processing file /opt/airflow/dags/training_pipeline_dag.py for tasks to queue
[2026-08-08T18:43:42.619+0000] {logging_mixin.py:188} INFO - [2026-08-08T18:43:42.618+0000] {dagbag.py:545} INFO - Filling up the DagBag from /opt/airflow/dags/training_pipeline_dag.py
[2026-08-08T18:43:44.509+0000] {processor.py:840} INFO - DAG(s) 'training_pipeline' retrieved from /opt/airflow/dags/training_pipeline_dag.py
[2026-08-08T18:43:44.562+0000] {logging_mixin.py:188} INFO - [2026-08-08T18:43:44.561+0000] {dag.py:3089} INFO - Sync 1 DAGs
[2026-08-08T18:43:44.604+0000] {logging_mixin.py:188} INFO - [2026-08-08T18:43:44.604+0000] {dag.py:3947} INFO - Setting next_dagrun for training_pipeline to 2026-08-08 00:00:00+00:00, run_after=2026-08-09 00:00:00+00:00
[2026-08-08T18:43:44.643+0000] {processor.py:183} INFO - Processing /opt/airflow/dags/training_pipeline_dag.py took 2.049 seconds
[2026-08-08T18:44:15.464+0000] {processor.py:161} INFO - Started process (PID=282) to work on /opt/airflow/dags/training_pipeline_dag.py
[2026-08-08T18:44:15.467+0000] {processor.py:830} INFO - Processing file /opt/airflow/dags/training_pipeline_dag.py for tasks to queue
[2026-08-08T18:44:15.469+0000] {logging_mixin.py:188} INFO - [2026-08-08T18:44:15.468+0000] {dagbag.py:545} INFO - Filling up the DagBag from /opt/airflow/dags/training_pipeline_dag.py
[2026-08-08T18:44:17.009+0000] {processor.py:840} INFO - DAG(s) 'training_pipeline' retrieved from /opt/airflow/dags/training_pipeline_dag.py
[2026-08-08T18:44:17.086+0000] {logging_mixin.py:188} INFO - [2026-08-08T18:44:17.085+0000] {dag.py:3089} INFO - Sync 1 DAGs
[2026-08-08T18:44:17.148+0000] {logging_mixin.py:188} INFO - [2026-08-08T18:44:17.147+0000] {dag.py:3947} INFO - Setting next_dagrun for training_pipeline to 2026-08-08 00:00:00+00:00, run_after=2026-08-09 00:00:00+00:00
[2026-08-08T18:44:17.666+0000] {processor.py:183} INFO - Processing /opt/airflow/dags/training_pipeline_dag.py took 2.216 seconds
[2026-08-08T18:44:47.952+0000] {processor.py:161} INFO - Started process (PID=294) to work on /opt/airflow/dags/training_pipeline_dag.py
[2026-08-08T18:44:47.956+0000] {processor.py:830} INFO - Processing file /opt/airflow/dags/training_pipeline_dag.py for tasks to queue
[2026-08-08T18:44:47.958+0000] {logging_mixin.py:188} INFO - [2026-08-08T18:44:47.957+0000] {dagbag.py:545} INFO - Filling up the DagBag from /opt/airflow/dags/training_pipeline_dag.py
[2026-08-08T18:44:49.818+0000] {processor.py:840} INFO - DAG(s) 'training_pipeline' retrieved from /opt/airflow/dags/training_pipeline_dag.py
[2026-08-08T18:44:49.868+0000] {logging_mixin.py:188} INFO - [2026-08-08T18:44:49.867+0000] {dag.py:3089} INFO - Sync 1 DAGs
[2026-08-08T18:44:49.911+0000] {logging_mixin.py:188} INFO - [2026-08-08T18:44:49.910+0000] {dag.py:3947} INFO - Setting next_dagrun for training_pipeline to 2026-08-08 00:00:00+00:00, run_after=2026-08-09 00:00:00+00:00
[2026-08-08T18:44:49.953+0000] {processor.py:183} INFO - Processing /opt/airflow/dags/training_pipeline_dag.py took 2.023 seconds
[2026-08-08T18:45:23.362+0000] {processor.py:161} INFO - Started process (PID=306) to work on /opt/airflow/dags/training_pipeline_dag.py
[2026-08-08T18:45:23.364+0000] {processor.py:830} INFO - Processing file /opt/airflow/dags/training_pipeline_dag.py for tasks to queue
[2026-08-08T18:45:23.367+0000] {logging_mixin.py:188} INFO - [2026-08-08T18:45:23.366+0000] {dagbag.py:545} INFO - Filling up the DagBag from /opt/airflow/dags/training_pipeline_dag.py
[2026-08-08T18:45:19.872+0000] {processor.py:840} INFO - DAG(s) 'training_pipeline' retrieved from /opt/airflow/dags/training_pipeline_dag.py
[2026-08-08T18:45:20.272+0000] {logging_mixin.py:188} INFO - [2026-08-08T18:45:19.936+0000] {dag.py:3089} INFO - Sync 1 DAGs
[2026-08-08T18:45:20.314+0000] {logging_mixin.py:188} INFO - [2026-08-08T18:45:20.313+0000] {dag.py:3947} INFO - Setting next_dagrun for training_pipeline to 2026-08-08 00:00:00+00:00, run_after=2026-08-09 00:00:00+00:00
[2026-08-08T18:45:20.352+0000] {processor.py:183} INFO - Processing /opt/airflow/dags/training_pipeline_dag.py took 1.931 seconds
[2026-08-08T18:45:50.984+0000] {processor.py:161} INFO - Started process (PID=318) to work on /opt/airflow/dags/training_pipeline_dag.py
[2026-08-08T18:45:50.987+0000] {processor.py:830} INFO - Processing file /opt/airflow/dags/training_pipeline_dag.py for tasks to queue
[2026-08-08T18:45:50.990+0000] {logging_mixin.py:188} INFO - [2026-08-08T18:45:50.989+0000] {dagbag.py:545} INFO - Filling up the DagBag from /opt/airflow/dags/training_pipeline_dag.py
[2026-08-08T18:45:47.685+0000] {processor.py:840} INFO - DAG(s) 'training_pipeline' retrieved from /opt/airflow/dags/training_pipeline_dag.py
[2026-08-08T18:45:48.070+0000] {logging_mixin.py:188} INFO - [2026-08-08T18:45:48.070+0000] {dag.py:3089} INFO - Sync 1 DAGs
[2026-08-08T18:45:48.228+0000] {logging_mixin.py:188} INFO - [2026-08-08T18:45:48.227+0000] {dag.py:3947} INFO - Setting next_dagrun for training_pipeline to 2026-08-08 00:00:00+00:00, run_after=2026-08-09 00:00:00+00:00
[2026-08-08T18:45:48.296+0000] {processor.py:183} INFO - Processing /opt/airflow/dags/training_pipeline_dag.py took 2.104 seconds
[2026-08-08T18:46:19.557+0000] {processor.py:161} INFO - Started process (PID=328) to work on /opt/airflow/dags/training_pipeline_dag.py
[2026-08-08T18:46:19.559+0000] {processor.py:830} INFO - Processing file /opt/airflow/dags/training_pipeline_dag.py for tasks to queue
[2026-08-08T18:46:19.562+0000] {logging_mixin.py:188} INFO - [2026-08-08T18:46:19.561+0000] {dagbag.py:545} INFO - Filling up the DagBag from /opt/airflow/dags/training_pipeline_dag.py
[2026-08-08T18:46:21.373+0000] {processor.py:840} INFO - DAG(s) 'training_pipeline' retrieved from /opt/airflow/dags/training_pipeline_dag.py
[2026-08-08T18:46:21.422+0000] {logging_mixin.py:188} INFO - [2026-08-08T18:46:21.421+0000] {dag.py:3089} INFO - Sync 1 DAGs
[2026-08-08T18:46:21.463+0000] {logging_mixin.py:188} INFO - [2026-08-08T18:46:21.462+0000] {dag.py:3947} INFO - Setting next_dagrun for training_pipeline to 2026-08-08 00:00:00+00:00, run_after=2026-08-09 00:00:00+00:00
[2026-08-08T18:46:21.502+0000] {processor.py:183} INFO - Processing /opt/airflow/dags/training_pipeline_dag.py took 2.094 seconds
[2026-08-08T18:46:51.991+0000] {processor.py:161} INFO - Started process (PID=340) to work on /opt/airflow/dags/training_pipeline_dag.py
[2026-08-08T18:46:51.995+0000] {processor.py:830} INFO - Processing file /opt/airflow/dags/training_pipeline_dag.py for tasks to queue
[2026-08-08T18:46:51.998+0000] {logging_mixin.py:188} INFO - [2026-08-08T18:46:51.997+0000] {dagbag.py:545} INFO - Filling up the DagBag from /opt/airflow/dags/training_pipeline_dag.py
[2026-08-08T18:46:54.161+0000] {processor.py:840} INFO - DAG(s) 'training_pipeline' retrieved from /opt/airflow/dags/training_pipeline_dag.py
[2026-08-08T18:46:54.211+0000] {logging_mixin.py:188} INFO - [2026-08-08T18:46:54.211+0000] {dag.py:3089} INFO - Sync 1 DAGs
[2026-08-08T18:46:54.249+0000] {logging_mixin.py:188} INFO - [2026-08-08T18:46:54.249+0000] {dag.py:3947} INFO - Setting next_dagrun for training_pipeline to 2026-08-08 00:00:00+00:00, run_after=2026-08-09 00:00:00+00:00
[2026-08-08T18:46:54.287+0000] {processor.py:183} INFO - Processing /opt/airflow/dags/training_pipeline_dag.py took 2.318 seconds
[2026-08-08T18:47:25.121+0000] {processor.py:161} INFO - Started process (PID=354) to work on /opt/airflow/dags/training_pipeline_dag.py
[2026-08-08T18:47:25.123+0000] {processor.py:830} INFO - Processing file /opt/airflow/dags/training_pipeline_dag.py for tasks to queue
[2026-08-08T18:47:25.126+0000] {logging_mixin.py:188} INFO - [2026-08-08T18:47:25.126+0000] {dagbag.py:545} INFO - Filling up the DagBag from /opt/airflow/dags/training_pipeline_dag.py
[2026-08-08T18:47:26.587+0000] {processor.py:840} INFO - DAG(s) 'training_pipeline' retrieved from /opt/airflow/dags/training_pipeline_dag.py
[2026-08-08T18:47:26.641+0000] {logging_mixin.py:188} INFO - [2026-08-08T18:47:26.640+0000] {dag.py:3089} INFO - Sync 1 DAGs
[2026-08-08T18:47:26.685+0000] {logging_mixin.py:188} INFO - [2026-08-08T18:47:26.684+0000] {dag.py:3947} INFO - Setting next_dagrun for training_pipeline to 2026-08-08 00:00:00+00:00, run_after=2026-08-09 00:00:00+00:00
[2026-08-08T18:47:26.717+0000] {processor.py:183} INFO - Processing /opt/airflow/dags/training_pipeline_dag.py took 1.609 seconds
[2026-08-08T18:47:57.105+0000] {processor.py:161} INFO - Started process (PID=363) to work on /opt/airflow/dags/training_pipeline_dag.py
[2026-08-08T18:47:57.107+0000] {processor.py:830} INFO - Processing file /opt/airflow/dags/training_pipeline_dag.py for tasks to queue
[2026-08-08T18:47:57.110+0000] {logging_mixin.py:188} INFO - [2026-08-08T18:47:57.109+0000] {dagbag.py:545} INFO - Filling up the DagBag from /opt/airflow/dags/training_pipeline_dag.py
[2026-08-08T18:47:53.769+0000] {processor.py:840} INFO - DAG(s) 'training_pipeline' retrieved from /opt/airflow/dags/training_pipeline_dag.py
[2026-08-08T18:47:53.981+0000] {logging_mixin.py:188} INFO - [2026-08-08T18:47:53.979+0000] {dag.py:3089} INFO - Sync 1 DAGs
[2026-08-08T18:47:54.711+0000] {logging_mixin.py:188} INFO - [2026-08-08T18:47:54.711+0000] {dag.py:3947} INFO - Setting next_dagrun for training_pipeline to 2026-08-08 00:00:00+00:00, run_after=2026-08-09 00:00:00+00:00
[2026-08-08T18:47:54.745+0000] {processor.py:183} INFO - Processing /opt/airflow/dags/training_pipeline_dag.py took 2.435 seconds
[2026-08-08T18:48:22.525+0000] {processor.py:161} INFO - Started process (PID=375) to work on /opt/airflow/dags/training_pipeline_dag.py
[2026-08-08T18:48:22.528+0000] {processor.py:830} INFO - Processing file /opt/airflow/dags/training_pipeline_dag.py for tasks to queue
[2026-08-08T18:48:22.533+0000] {logging_mixin.py:188} INFO - [2026-08-08T18:48:22.531+0000] {dagbag.py:545} INFO - Filling up the DagBag from /opt/airflow/dags/training_pipeline_dag.py
[2026-08-08T18:48:23.786+0000] {processor.py:840} INFO - DAG(s) 'training_pipeline' retrieved from /opt/airflow/dags/training_pipeline_dag.py
[2026-08-08T18:48:25.720+0000] {logging_mixin.py:188} INFO - [2026-08-08T18:48:23.928+0000] {dag.py:3089} INFO - Sync 1 DAGs
[2026-08-08T18:48:25.785+0000] {logging_mixin.py:188} INFO - [2026-08-08T18:48:25.784+0000] {dag.py:3947} INFO - Setting next_dagrun for training_pipeline to 2026-08-08 00:00:00+00:00, run_after=2026-08-09 00:00:00+00:00
[2026-08-08T18:48:25.878+0000] {processor.py:183} INFO - Processing /opt/airflow/dags/training_pipeline_dag.py took 3.378 seconds
[2026-08-08T18:48:57.109+0000] {processor.py:161} INFO - Started process (PID=387) to work on /opt/airflow/dags/training_pipeline_dag.py
[2026-08-08T18:48:57.112+0000] {processor.py:830} INFO - Processing file /opt/airflow/dags/training_pipeline_dag.py for tasks to queue
[2026-08-08T18:48:57.115+0000] {logging_mixin.py:188} INFO - [2026-08-08T18:48:57.114+0000] {dagbag.py:545} INFO - Filling up the DagBag from /opt/airflow/dags/training_pipeline_dag.py
[2026-08-08T18:48:58.699+0000] {processor.py:840} INFO - DAG(s) 'training_pipeline' retrieved from /opt/airflow/dags/training_pipeline_dag.py
[2026-08-08T18:48:59.118+0000] {logging_mixin.py:188} INFO - [2026-08-08T18:48:59.115+0000] {dag.py:3089} INFO - Sync 1 DAGs
[2026-08-08T18:48:59.266+0000] {logging_mixin.py:188} INFO - [2026-08-08T18:48:59.265+0000] {dag.py:3947} INFO - Setting next_dagrun for training_pipeline to 2026-08-08 00:00:00+00:00, run_after=2026-08-09 00:00:00+00:00
[2026-08-08T18:48:59.346+0000] {processor.py:183} INFO - Processing /opt/airflow/dags/training_pipeline_dag.py took 2.261 seconds
[2026-08-08T18:49:32.462+0000] {processor.py:161} INFO - Started process (PID=399) to work on /opt/airflow/dags/training_pipeline_dag.py
[2026-08-08T18:49:32.466+0000] {processor.py:830} INFO - Processing file /opt/airflow/dags/training_pipeline_dag.py for tasks to queue
[2026-08-08T18:49:32.469+0000] {logging_mixin.py:188} INFO - [2026-08-08T18:49:32.467+0000] {dagbag.py:545} INFO - Filling up the DagBag from /opt/airflow/dags/training_pipeline_dag.py
[2026-08-08T18:49:29.246+0000] {processor.py:840} INFO - DAG(s) 'training_pipeline' retrieved from /opt/airflow/dags/training_pipeline_dag.py
[2026-08-08T18:49:29.294+0000] {logging_mixin.py:188} INFO - [2026-08-08T18:49:29.293+0000] {dag.py:3089} INFO - Sync 1 DAGs
[2026-08-08T18:49:29.335+0000] {logging_mixin.py:188} INFO - [2026-08-08T18:49:29.334+0000] {dag.py:3947} INFO - Setting next_dagrun for training_pipeline to 2026-08-08 00:00:00+00:00, run_after=2026-08-09 00:00:00+00:00
[2026-08-08T18:49:29.371+0000] {processor.py:183} INFO - Processing /opt/airflow/dags/training_pipeline_dag.py took 1.904 seconds
[2026-08-08T18:49:59.900+0000] {processor.py:161} INFO - Started process (PID=411) to work on /opt/airflow/dags/training_pipeline_dag.py
[2026-08-08T18:49:59.907+0000] {processor.py:830} INFO - Processing file /opt/airflow/dags/training_pipeline_dag.py for tasks to queue
[2026-08-08T18:49:59.912+0000] {logging_mixin.py:188} INFO - [2026-08-08T18:49:59.910+0000] {dagbag.py:545} INFO - Filling up the DagBag from /opt/airflow/dags/training_pipeline_dag.py
[2026-08-08T18:50:01.833+0000] {processor.py:840} INFO - DAG(s) 'training_pipeline' retrieved from /opt/airflow/dags/training_pipeline_dag.py
[2026-08-08T18:50:01.883+0000] {logging_mixin.py:188} INFO - [2026-08-08T18:50:01.881+0000] {dag.py:3089} INFO - Sync 1 DAGs
[2026-08-08T18:50:01.920+0000] {logging_mixin.py:188} INFO - [2026-08-08T18:50:01.919+0000] {dag.py:3947} INFO - Setting next_dagrun for training_pipeline to 2026-08-08 00:00:00+00:00, run_after=2026-08-09 00:00:00+00:00
[2026-08-08T18:50:01.955+0000] {processor.py:183} INFO - Processing /opt/airflow/dags/training_pipeline_dag.py took 2.074 seconds
[2026-08-08T18:50:32.981+0000] {processor.py:161} INFO - Started process (PID=423) to work on /opt/airflow/dags/training_pipeline_dag.py
[2026-08-08T18:50:32.984+0000] {processor.py:830} INFO - Processing file /opt/airflow/dags/training_pipeline_dag.py for tasks to queue
[2026-08-08T18:50:32.987+0000] {logging_mixin.py:188} INFO - [2026-08-08T18:50:32.986+0000] {dagbag.py:545} INFO - Filling up the DagBag from /opt/airflow/dags/training_pipeline_dag.py
[2026-08-08T18:50:34.614+0000] {processor.py:840} INFO - DAG(s) 'training_pipeline' retrieved from /opt/airflow/dags/training_pipeline_dag.py
[2026-08-08T18:50:34.658+0000] {logging_mixin.py:188} INFO - [2026-08-08T18:50:34.657+0000] {dag.py:3089} INFO - Sync 1 DAGs
[2026-08-08T18:50:34.695+0000] {logging_mixin.py:188} INFO - [2026-08-08T18:50:34.695+0000] {dag.py:3947} INFO - Setting next_dagrun for training_pipeline to 2026-08-08 00:00:00+00:00, run_after=2026-08-09 00:00:00+00:00
[2026-08-08T18:50:34.733+0000] {processor.py:183} INFO - Processing /opt/airflow/dags/training_pipeline_dag.py took 1.769 seconds
[2026-08-08T18:51:02.813+0000] {processor.py:161} INFO - Started process (PID=435) to work on /opt/airflow/dags/training_pipeline_dag.py
[2026-08-08T18:51:02.816+0000] {processor.py:830} INFO - Processing file /opt/airflow/dags/training_pipeline_dag.py for tasks to queue
[2026-08-08T18:51:02.819+0000] {logging_mixin.py:188} INFO - [2026-08-08T18:51:02.818+0000] {dagbag.py:545} INFO - Filling up the DagBag from /opt/airflow/dags/training_pipeline_dag.py
[2026-08-08T18:51:04.074+0000] {processor.py:840} INFO - DAG(s) 'training_pipeline' retrieved from /opt/airflow/dags/training_pipeline_dag.py
[2026-08-08T18:51:04.133+0000] {logging_mixin.py:188} INFO - [2026-08-08T18:51:04.130+0000] {dag.py:3089} INFO - Sync 1 DAGs
[2026-08-08T18:51:04.472+0000] {logging_mixin.py:188} INFO - [2026-08-08T18:51:04.472+0000] {dag.py:3947} INFO - Setting next_dagrun for training_pipeline to 2026-08-08 00:00:00+00:00, run_after=2026-08-09 00:00:00+00:00
[2026-08-08T18:51:04.512+0000] {processor.py:183} INFO - Processing /opt/airflow/dags/training_pipeline_dag.py took 1.725 seconds
[2026-08-08T18:51:35.157+0000] {processor.py:161} INFO - Started process (PID=447) to work on /opt/airflow/dags/training_pipeline_dag.py
[2026-08-08T18:51:35.159+0000] {processor.py:830} INFO - Processing file /opt/airflow/dags/training_pipeline_dag.py for tasks to queue
[2026-08-08T18:51:35.161+0000] {logging_mixin.py:188} INFO - [2026-08-08T18:51:35.160+0000] {dagbag.py:545} INFO - Filling up the DagBag from /opt/airflow/dags/training_pipeline_dag.py
[2026-08-08T18:51:36.558+0000] {processor.py:840} INFO - DAG(s) 'training_pipeline' retrieved from /opt/airflow/dags/training_pipeline_dag.py
[2026-08-08T18:51:37.052+0000] {logging_mixin.py:188} INFO - [2026-08-08T18:51:37.050+0000] {dag.py:3089} INFO - Sync 1 DAGs
[2026-08-08T18:51:37.098+0000] {logging_mixin.py:188} INFO - [2026-08-08T18:51:37.098+0000] {dag.py:3947} INFO - Setting next_dagrun for training_pipeline to 2026-08-08 00:00:00+00:00, run_after=2026-08-09 00:00:00+00:00
[2026-08-08T18:51:37.140+0000] {processor.py:183} INFO - Processing /opt/airflow/dags/training_pipeline_dag.py took 2.000 seconds
[2026-08-08T18:52:07.700+0000] {processor.py:161} INFO - Started process (PID=459) to work on /opt/airflow/dags/training_pipeline_dag.py
[2026-08-08T18:52:07.703+0000] {processor.py:830} INFO - Processing file /opt/airflow/dags/training_pipeline_dag.py for tasks to queue
[2026-08-08T18:52:07.705+0000] {logging_mixin.py:188} INFO - [2026-08-08T18:52:07.704+0000] {dagbag.py:545} INFO - Filling up the DagBag from /opt/airflow/dags/training_pipeline_dag.py
[2026-08-08T18:52:09.106+0000] {processor.py:840} INFO - DAG(s) 'training_pipeline' retrieved from /opt/airflow/dags/training_pipeline_dag.py
[2026-08-08T18:52:09.498+0000] {logging_mixin.py:188} INFO - [2026-08-08T18:52:09.498+0000] {dag.py:3089} INFO - Sync 1 DAGs
[2026-08-08T18:52:09.542+0000] {logging_mixin.py:188} INFO - [2026-08-08T18:52:09.541+0000] {dag.py:3947} INFO - Setting next_dagrun for training_pipeline to 2026-08-08 00:00:00+00:00, run_after=2026-08-09 00:00:00+00:00
[2026-08-08T18:52:09.577+0000] {processor.py:183} INFO - Processing /opt/airflow/dags/training_pipeline_dag.py took 1.893 seconds
[2026-08-08T18:52:43.923+0000] {processor.py:161} INFO - Started process (PID=471) to work on /opt/airflow/dags/training_pipeline_dag.py
[2026-08-08T18:52:43.926+0000] {processor.py:830} INFO - Processing file /opt/airflow/dags/training_pipeline_dag.py for tasks to queue
[2026-08-08T18:52:43.930+0000] {logging_mixin.py:188} INFO - [2026-08-08T18:52:43.929+0000] {dagbag.py:545} INFO - Filling up the DagBag from /opt/airflow/dags/training_pipeline_dag.py
[2026-08-08T18:52:41.231+0000] {processor.py:840} INFO - DAG(s) 'training_pipeline' retrieved from /opt/airflow/dags/training_pipeline_dag.py
[2026-08-08T18:52:41.284+0000] {logging_mixin.py:188} INFO - [2026-08-08T18:52:41.283+0000] {dag.py:3089} INFO - Sync 1 DAGs
[2026-08-08T18:52:41.332+0000] {logging_mixin.py:188} INFO - [2026-08-08T18:52:41.332+0000] {dag.py:3947} INFO - Setting next_dagrun for training_pipeline to 2026-08-08 00:00:00+00:00, run_after=2026-08-09 00:00:00+00:00
[2026-08-08T18:52:41.372+0000] {processor.py:183} INFO - Processing /opt/airflow/dags/training_pipeline_dag.py took 2.215 seconds
[2026-08-08T18:53:11.773+0000] {processor.py:161} INFO - Started process (PID=483) to work on /opt/airflow/dags/training_pipeline_dag.py
[2026-08-08T18:53:11.776+0000] {processor.py:830} INFO - Processing file /opt/airflow/dags/training_pipeline_dag.py for tasks to queue
[2026-08-08T18:53:11.779+0000] {logging_mixin.py:188} INFO - [2026-08-08T18:53:11.778+0000] {dagbag.py:545} INFO - Filling up the DagBag from /opt/airflow/dags/training_pipeline_dag.py
[2026-08-08T18:53:13.827+0000] {processor.py:840} INFO - DAG(s) 'training_pipeline' retrieved from /opt/airflow/dags/training_pipeline_dag.py
[2026-08-08T18:53:14.021+0000] {logging_mixin.py:188} INFO - [2026-08-08T18:53:14.020+0000] {dag.py:3089} INFO - Sync 1 DAGs
[2026-08-08T18:53:14.095+0000] {logging_mixin.py:188} INFO - [2026-08-08T18:53:14.094+0000] {dag.py:3947} INFO - Setting next_dagrun for training_pipeline to 2026-08-08 00:00:00+00:00, run_after=2026-08-09 00:00:00+00:00
[2026-08-08T18:53:14.157+0000] {processor.py:183} INFO - Processing /opt/airflow/dags/training_pipeline_dag.py took 2.403 seconds
[2026-08-08T18:53:44.847+0000] {processor.py:161} INFO - Started process (PID=495) to work on /opt/airflow/dags/training_pipeline_dag.py
[2026-08-08T18:53:44.856+0000] {processor.py:830} INFO - Processing file /opt/airflow/dags/training_pipeline_dag.py for tasks to queue
[2026-08-08T18:53:44.859+0000] {logging_mixin.py:188} INFO - [2026-08-08T18:53:44.858+0000] {dagbag.py:545} INFO - Filling up the DagBag from /opt/airflow/dags/training_pipeline_dag.py
[2026-08-08T18:53:46.675+0000] {processor.py:840} INFO - DAG(s) 'training_pipeline' retrieved from /opt/airflow/dags/training_pipeline_dag.py
[2026-08-08T18:53:46.724+0000] {logging_mixin.py:188} INFO - [2026-08-08T18:53:46.723+0000] {dag.py:3089} INFO - Sync 1 DAGs
[2026-08-08T18:53:46.764+0000] {logging_mixin.py:188} INFO - [2026-08-08T18:53:46.764+0000] {dag.py:3947} INFO - Setting next_dagrun for training_pipeline to 2026-08-08 00:00:00+00:00, run_after=2026-08-09 00:00:00+00:00
[2026-08-08T18:53:46.802+0000] {processor.py:183} INFO - Processing /opt/airflow/dags/training_pipeline_dag.py took 1.980 seconds
[2026-08-08T18:54:17.718+0000] {processor.py:161} INFO - Started process (PID=507) to work on /opt/airflow/dags/training_pipeline_dag.py
[2026-08-08T18:54:17.721+0000] {processor.py:830} INFO - Processing file /opt/airflow/dags/training_pipeline_dag.py for tasks to queue
[2026-08-08T18:54:17.724+0000] {logging_mixin.py:188} INFO - [2026-08-08T18:54:17.723+0000] {dagbag.py:545} INFO - Filling up the DagBag from /opt/airflow/dags/training_pipeline_dag.py
[2026-08-08T18:54:19.295+0000] {processor.py:840} INFO - DAG(s) 'training_pipeline' retrieved from /opt/airflow/dags/training_pipeline_dag.py
[2026-08-08T18:54:19.759+0000] {logging_mixin.py:188} INFO - [2026-08-08T18:54:19.364+0000] {dag.py:3089} INFO - Sync 1 DAGs
[2026-08-08T18:54:19.864+0000] {logging_mixin.py:188} INFO - [2026-08-08T18:54:19.863+0000] {dag.py:3947} INFO - Setting next_dagrun for training_pipeline to 2026-08-08 00:00:00+00:00, run_after=2026-08-09 00:00:00+00:00
[2026-08-08T18:54:19.934+0000] {processor.py:183} INFO - Processing /opt/airflow/dags/training_pipeline_dag.py took 2.235 seconds
[2026-08-08T18:54:50.590+0000] {processor.py:161} INFO - Started process (PID=519) to work on /opt/airflow/dags/training_pipeline_dag.py
[2026-08-08T18:54:50.594+0000] {processor.py:830} INFO - Processing file /opt/airflow/dags/training_pipeline_dag.py for tasks to queue
[2026-08-08T18:54:50.597+0000] {logging_mixin.py:188} INFO - [2026-08-08T18:54:50.596+0000] {dagbag.py:545} INFO - Filling up the DagBag from /opt/airflow/dags/training_pipeline_dag.py
[2026-08-08T18:54:52.125+0000] {processor.py:840} INFO - DAG(s) 'training_pipeline' retrieved from /opt/airflow/dags/training_pipeline_dag.py
[2026-08-08T18:54:52.581+0000] {logging_mixin.py:188} INFO - [2026-08-08T18:54:52.579+0000] {dag.py:3089} INFO - Sync 1 DAGs
[2026-08-08T18:54:52.651+0000] {logging_mixin.py:188} INFO - [2026-08-08T18:54:52.651+0000] {dag.py:3947} INFO - Setting next_dagrun for training_pipeline to 2026-08-08 00:00:00+00:00, run_after=2026-08-09 00:00:00+00:00
[2026-08-08T18:54:52.743+0000] {processor.py:183} INFO - Processing /opt/airflow/dags/training_pipeline_dag.py took 2.172 seconds
[2026-08-08T18:55:23.561+0000] {processor.py:161} INFO - Started process (PID=531) to work on /opt/airflow/dags/training_pipeline_dag.py
[2026-08-08T18:55:23.564+0000] {processor.py:830} INFO - Processing file /opt/airflow/dags/training_pipeline_dag.py for tasks to queue
[2026-08-08T18:55:23.567+0000] {logging_mixin.py:188} INFO - [2026-08-08T18:55:23.567+0000] {dagbag.py:545} INFO - Filling up the DagBag from /opt/airflow/dags/training_pipeline_dag.py
[2026-08-08T18:55:25.413+0000] {processor.py:840} INFO - DAG(s) 'training_pipeline' retrieved from /opt/airflow/dags/training_pipeline_dag.py
[2026-08-08T18:55:25.466+0000] {logging_mixin.py:188} INFO - [2026-08-08T18:55:25.465+0000] {dag.py:3089} INFO - Sync 1 DAGs
[2026-08-08T18:55:25.511+0000] {logging_mixin.py:188} INFO - [2026-08-08T18:55:25.511+0000] {dag.py:3947} INFO - Setting next_dagrun for training_pipeline to 2026-08-08 00:00:00+00:00, run_after=2026-08-09 00:00:00+00:00
[2026-08-08T18:55:25.556+0000] {processor.py:183} INFO - Processing /opt/airflow/dags/training_pipeline_dag.py took 2.014 seconds
[2026-08-08T18:55:57.775+0000] {processor.py:161} INFO - Started process (PID=543) to work on /opt/airflow/dags/training_pipeline_dag.py
[2026-08-08T18:55:57.778+0000] {processor.py:830} INFO - Processing file /opt/airflow/dags/training_pipeline_dag.py for tasks to queue
[2026-08-08T18:55:57.781+0000] {logging_mixin.py:188} INFO - [2026-08-08T18:55:57.780+0000] {dagbag.py:545} INFO - Filling up the DagBag from /opt/airflow/dags/training_pipeline_dag.py
[2026-08-08T18:55:54.824+0000] {processor.py:840} INFO - DAG(s) 'training_pipeline' retrieved from /opt/airflow/dags/training_pipeline_dag.py
[2026-08-08T18:55:54.885+0000] {logging_mixin.py:188} INFO - [2026-08-08T18:55:54.884+0000] {dag.py:3089} INFO - Sync 1 DAGs
[2026-08-08T18:55:54.927+0000] {logging_mixin.py:188} INFO - [2026-08-08T18:55:54.927+0000] {dag.py:3947} INFO - Setting next_dagrun for training_pipeline to 2026-08-08 00:00:00+00:00, run_after=2026-08-09 00:00:00+00:00
[2026-08-08T18:55:54.968+0000] {processor.py:183} INFO - Processing /opt/airflow/dags/training_pipeline_dag.py took 2.003 seconds
[2026-08-08T18:56:25.691+0000] {processor.py:161} INFO - Started process (PID=555) to work on /opt/airflow/dags/training_pipeline_dag.py
[2026-08-08T18:56:25.694+0000] {processor.py:830} INFO - Processing file /opt/airflow/dags/training_pipeline_dag.py for tasks to queue
[2026-08-08T18:56:25.698+0000] {logging_mixin.py:188} INFO - [2026-08-08T18:56:25.696+0000] {dagbag.py:545} INFO - Filling up the DagBag from /opt/airflow/dags/training_pipeline_dag.py
[2026-08-08T18:56:27.613+0000] {processor.py:840} INFO - DAG(s) 'training_pipeline' retrieved from /opt/airflow/dags/training_pipeline_dag.py
[2026-08-08T18:56:27.661+0000] {logging_mixin.py:188} INFO - [2026-08-08T18:56:27.661+0000] {dag.py:3089} INFO - Sync 1 DAGs
[2026-08-08T18:56:27.704+0000] {logging_mixin.py:188} INFO - [2026-08-08T18:56:27.704+0000] {dag.py:3947} INFO - Setting next_dagrun for training_pipeline to 2026-08-08 00:00:00+00:00, run_after=2026-08-09 00:00:00+00:00
[2026-08-08T18:56:27.743+0000] {processor.py:183} INFO - Processing /opt/airflow/dags/training_pipeline_dag.py took 2.073 seconds
[2026-08-08T18:56:58.434+0000] {processor.py:161} INFO - Started process (PID=567) to work on /opt/airflow/dags/training_pipeline_dag.py
[2026-08-08T18:56:58.437+0000] {processor.py:830} INFO - Processing file /opt/airflow/dags/training_pipeline_dag.py for tasks to queue
[2026-08-08T18:56:58.439+0000] {logging_mixin.py:188} INFO - [2026-08-08T18:56:58.438+0000] {dagbag.py:545} INFO - Filling up the DagBag from /opt/airflow/dags/training_pipeline_dag.py
[2026-08-08T18:57:00.068+0000] {processor.py:840} INFO - DAG(s) 'training_pipeline' retrieved from /opt/airflow/dags/training_pipeline_dag.py
[2026-08-08T18:57:00.149+0000] {logging_mixin.py:188} INFO - [2026-08-08T18:57:00.147+0000] {dag.py:3089} INFO - Sync 1 DAGs
[2026-08-08T18:57:00.608+0000] {logging_mixin.py:188} INFO - [2026-08-08T18:57:00.606+0000] {dag.py:3947} INFO - Setting next_dagrun for training_pipeline to 2026-08-08 00:00:00+00:00, run_after=2026-08-09 00:00:00+00:00
[2026-08-08T18:57:00.664+0000] {processor.py:183} INFO - Processing /opt/airflow/dags/training_pipeline_dag.py took 2.249 seconds
[2026-08-08T18:57:31.308+0000] {processor.py:161} INFO - Started process (PID=579) to work on /opt/airflow/dags/training_pipeline_dag.py
[2026-08-08T18:57:31.313+0000] {processor.py:830} INFO - Processing file /opt/airflow/dags/training_pipeline_dag.py for tasks to queue
[2026-08-08T18:57:31.316+0000] {logging_mixin.py:188} INFO - [2026-08-08T18:57:31.315+0000] {dagbag.py:545} INFO - Filling up the DagBag from /opt/airflow/dags/training_pipeline_dag.py
[2026-08-08T18:57:32.892+0000] {processor.py:840} INFO - DAG(s) 'training_pipeline' retrieved from /opt/airflow/dags/training_pipeline_dag.py
[2026-08-08T18:57:33.341+0000] {logging_mixin.py:188} INFO - [2026-08-08T18:57:33.339+0000] {dag.py:3089} INFO - Sync 1 DAGs
[2026-08-08T18:57:33.397+0000] {logging_mixin.py:188} INFO - [2026-08-08T18:57:33.396+0000] {dag.py:3947} INFO - Setting next_dagrun for training_pipeline to 2026-08-08 00:00:00+00:00, run_after=2026-08-09 00:00:00+00:00
[2026-08-08T18:57:33.494+0000] {processor.py:183} INFO - Processing /opt/airflow/dags/training_pipeline_dag.py took 2.206 seconds
[2026-08-08T18:58:04.265+0000] {processor.py:161} INFO - Started process (PID=591) to work on /opt/airflow/dags/training_pipeline_dag.py
[2026-08-08T18:58:04.268+0000] {processor.py:830} INFO - Processing file /opt/airflow/dags/training_pipeline_dag.py for tasks to queue
[2026-08-08T18:58:04.271+0000] {logging_mixin.py:188} INFO - [2026-08-08T18:58:04.270+0000] {dagbag.py:545} INFO - Filling up the DagBag from /opt/airflow/dags/training_pipeline_dag.py
[2026-08-08T18:58:05.942+0000] {processor.py:840} INFO - DAG(s) 'training_pipeline' retrieved from /opt/airflow/dags/training_pipeline_dag.py
[2026-08-08T18:58:06.492+0000] {logging_mixin.py:188} INFO - [2026-08-08T18:58:06.491+0000] {dag.py:3089} INFO - Sync 1 DAGs
[2026-08-08T18:58:06.583+0000] {logging_mixin.py:188} INFO - [2026-08-08T18:58:06.582+0000] {dag.py:3947} INFO - Setting next_dagrun for training_pipeline to 2026-08-08 00:00:00+00:00, run_after=2026-08-09 00:00:00+00:00
[2026-08-08T18:58:06.639+0000] {processor.py:183} INFO - Processing /opt/airflow/dags/training_pipeline_dag.py took 2.396 seconds
[2026-08-08T18:58:37.538+0000] {processor.py:161} INFO - Started process (PID=603) to work on /opt/airflow/dags/training_pipeline_dag.py
[2026-08-08T18:58:37.541+0000] {processor.py:830} INFO - Processing file /opt/airflow/dags/training_pipeline_dag.py for tasks to queue
[2026-08-08T18:58:37.543+0000] {logging_mixin.py:188} INFO - [2026-08-08T18:58:37.542+0000] {dagbag.py:545} INFO - Filling up the DagBag from /opt/airflow/dags/training_pipeline_dag.py
[2026-08-08T18:58:39.676+0000] {processor.py:840} INFO - DAG(s) 'training_pipeline' retrieved from /opt/airflow/dags/training_pipeline_dag.py
[2026-08-08T18:58:39.738+0000] {logging_mixin.py:188} INFO - [2026-08-08T18:58:39.736+0000] {dag.py:3089} INFO - Sync 1 DAGs
[2026-08-08T18:58:39.788+0000] {logging_mixin.py:188} INFO - [2026-08-08T18:58:39.787+0000] {dag.py:3947} INFO - Setting next_dagrun for training_pipeline to 2026-08-08 00:00:00+00:00, run_after=2026-08-09 00:00:00+00:00
[2026-08-08T18:58:39.835+0000] {processor.py:183} INFO - Processing /opt/airflow/dags/training_pipeline_dag.py took 2.319 seconds
[2026-08-08T18:59:12.178+0000] {processor.py:161} INFO - Started process (PID=615) to work on /opt/airflow/dags/training_pipeline_dag.py
[2026-08-08T18:59:12.183+0000] {processor.py:830} INFO - Processing file /opt/airflow/dags/training_pipeline_dag.py for tasks to queue
[2026-08-08T18:59:12.188+0000] {logging_mixin.py:188} INFO - [2026-08-08T18:59:12.186+0000] {dagbag.py:545} INFO - Filling up the DagBag from /opt/airflow/dags/training_pipeline_dag.py
[2026-08-08T18:59:09.085+0000] {processor.py:840} INFO - DAG(s) 'training_pipeline' retrieved from /opt/airflow/dags/training_pipeline_dag.py
[2026-08-08T18:59:09.154+0000] {logging_mixin.py:188} INFO - [2026-08-08T18:59:09.153+0000] {dag.py:3089} INFO - Sync 1 DAGs
[2026-08-08T18:59:09.213+0000] {logging_mixin.py:188} INFO - [2026-08-08T18:59:09.212+0000] {dag.py:3947} INFO - Setting next_dagrun for training_pipeline to 2026-08-08 00:00:00+00:00, run_after=2026-08-09 00:00:00+00:00
[2026-08-08T18:59:09.260+0000] {processor.py:183} INFO - Processing /opt/airflow/dags/training_pipeline_dag.py took 2.086 seconds
[2026-08-08T18:59:39.813+0000] {processor.py:161} INFO - Started process (PID=627) to work on /opt/airflow/dags/training_pipeline_dag.py
[2026-08-08T18:59:39.816+0000] {processor.py:830} INFO - Processing file /opt/airflow/dags/training_pipeline_dag.py for tasks to queue
[2026-08-08T18:59:39.819+0000] {logging_mixin.py:188} INFO - [2026-08-08T18:59:39.818+0000] {dagbag.py:545} INFO - Filling up the DagBag from /opt/airflow/dags/training_pipeline_dag.py
[2026-08-08T18:59:36.843+0000] {processor.py:840} INFO - DAG(s) 'training_pipeline' retrieved from /opt/airflow/dags/training_pipeline_dag.py
[2026-08-08T18:59:36.888+0000] {logging_mixin.py:188} INFO - [2026-08-08T18:59:36.887+0000] {dag.py:3089} INFO - Sync 1 DAGs
[2026-08-08T18:59:36.927+0000] {logging_mixin.py:188} INFO - [2026-08-08T18:59:36.927+0000] {dag.py:3947} INFO - Setting next_dagrun for training_pipeline to 2026-08-08 00:00:00+00:00, run_after=2026-08-09 00:00:00+00:00
[2026-08-08T18:59:36.966+0000] {processor.py:183} INFO - Processing /opt/airflow/dags/training_pipeline_dag.py took 2.029 seconds
[2026-08-08T19:00:07.256+0000] {processor.py:161} INFO - Started process (PID=641) to work on /opt/airflow/dags/training_pipeline_dag.py
[2026-08-08T19:00:07.259+0000] {processor.py:830} INFO - Processing file /opt/airflow/dags/training_pipeline_dag.py for tasks to queue
[2026-08-08T19:00:07.263+0000] {logging_mixin.py:188} INFO - [2026-08-08T19:00:07.261+0000] {dagbag.py:545} INFO - Filling up the DagBag from /opt/airflow/dags/training_pipeline_dag.py
[2026-08-08T19:00:04.232+0000] {processor.py:840} INFO - DAG(s) 'training_pipeline' retrieved from /opt/airflow/dags/training_pipeline_dag.py
[2026-08-08T19:00:06.754+0000] {logging_mixin.py:188} INFO - [2026-08-08T19:00:04.491+0000] {dag.py:3089} INFO - Sync 1 DAGs
[2026-08-08T19:00:06.960+0000] {logging_mixin.py:188} INFO - [2026-08-08T19:00:06.959+0000] {dag.py:3947} INFO - Setting next_dagrun for training_pipeline to 2026-08-08 00:00:00+00:00, run_after=2026-08-09 00:00:00+00:00
[2026-08-08T19:00:07.163+0000] {processor.py:183} INFO - Processing /opt/airflow/dags/training_pipeline_dag.py took 4.789 seconds
[2026-08-08T19:00:38.065+0000] {processor.py:161} INFO - Started process (PID=676) to work on /opt/airflow/dags/training_pipeline_dag.py
[2026-08-08T19:00:38.068+0000] {processor.py:830} INFO - Processing file /opt/airflow/dags/training_pipeline_dag.py for tasks to queue
[2026-08-08T19:00:38.072+0000] {logging_mixin.py:188} INFO - [2026-08-08T19:00:38.071+0000] {dagbag.py:545} INFO - Filling up the DagBag from /opt/airflow/dags/training_pipeline_dag.py
[2026-08-08T19:00:39.856+0000] {processor.py:840} INFO - DAG(s) 'training_pipeline' retrieved from /opt/airflow/dags/training_pipeline_dag.py
[2026-08-08T19:00:40.272+0000] {logging_mixin.py:188} INFO - [2026-08-08T19:00:40.270+0000] {dag.py:3089} INFO - Sync 1 DAGs
[2026-08-08T19:00:40.394+0000] {logging_mixin.py:188} INFO - [2026-08-08T19:00:40.393+0000] {dag.py:3947} INFO - Setting next_dagrun for training_pipeline to 2026-08-08 00:00:00+00:00, run_after=2026-08-09 00:00:00+00:00
[2026-08-08T19:00:40.491+0000] {processor.py:183} INFO - Processing /opt/airflow/dags/training_pipeline_dag.py took 2.447 seconds
[2026-08-08T19:01:11.030+0000] {processor.py:161} INFO - Started process (PID=718) to work on /opt/airflow/dags/training_pipeline_dag.py
[2026-08-08T19:01:11.033+0000] {processor.py:830} INFO - Processing file /opt/airflow/dags/training_pipeline_dag.py for tasks to queue
[2026-08-08T19:01:11.036+0000] {logging_mixin.py:188} INFO - [2026-08-08T19:01:11.035+0000] {dagbag.py:545} INFO - Filling up the DagBag from /opt/airflow/dags/training_pipeline_dag.py
[2026-08-08T19:01:12.899+0000] {processor.py:840} INFO - DAG(s) 'training_pipeline' retrieved from /opt/airflow/dags/training_pipeline_dag.py
[2026-08-08T19:01:13.068+0000] {logging_mixin.py:188} INFO - [2026-08-08T19:01:13.067+0000] {dag.py:3089} INFO - Sync 1 DAGs
[2026-08-08T19:01:13.254+0000] {logging_mixin.py:188} INFO - [2026-08-08T19:01:13.252+0000] {dag.py:3947} INFO - Setting next_dagrun for training_pipeline to 2026-08-08 00:00:00+00:00, run_after=2026-08-09 00:00:00+00:00
[2026-08-08T19:01:13.360+0000] {processor.py:183} INFO - Processing /opt/airflow/dags/training_pipeline_dag.py took 2.351 seconds
[2026-08-08T19:01:44.133+0000] {processor.py:161} INFO - Started process (PID=733) to work on /opt/airflow/dags/training_pipeline_dag.py
[2026-08-08T19:01:44.136+0000] {processor.py:830} INFO - Processing file /opt/airflow/dags/training_pipeline_dag.py for tasks to queue
[2026-08-08T19:01:44.139+0000] {logging_mixin.py:188} INFO - [2026-08-08T19:01:44.137+0000] {dagbag.py:545} INFO - Filling up the DagBag from /opt/airflow/dags/training_pipeline_dag.py
[2026-08-08T19:01:46.128+0000] {processor.py:840} INFO - DAG(s) 'training_pipeline' retrieved from /opt/airflow/dags/training_pipeline_dag.py
[2026-08-08T19:01:46.188+0000] {logging_mixin.py:188} INFO - [2026-08-08T19:01:46.187+0000] {dag.py:3089} INFO - Sync 1 DAGs
[2026-08-08T19:01:46.242+0000] {logging_mixin.py:188} INFO - [2026-08-08T19:01:46.241+0000] {dag.py:3947} INFO - Setting next_dagrun for training_pipeline to 2026-08-08 00:00:00+00:00, run_after=2026-08-09 00:00:00+00:00
[2026-08-08T19:01:46.293+0000] {processor.py:183} INFO - Processing /opt/airflow/dags/training_pipeline_dag.py took 2.182 seconds
[2026-08-08T19:13:55.166+0000] {processor.py:161} INFO - Started process (PID=743) to work on /opt/airflow/dags/training_pipeline_dag.py
[2026-08-08T19:13:55.167+0000] {processor.py:830} INFO - Processing file /opt/airflow/dags/training_pipeline_dag.py for tasks to queue
[2026-08-08T19:13:55.169+0000] {logging_mixin.py:188} INFO - [2026-08-08T19:13:55.169+0000] {dagbag.py:545} INFO - Filling up the DagBag from /opt/airflow/dags/training_pipeline_dag.py
[2026-08-08T19:13:57.256+0000] {processor.py:840} INFO - DAG(s) 'training_pipeline' retrieved from /opt/airflow/dags/training_pipeline_dag.py
[2026-08-08T19:13:57.341+0000] {logging_mixin.py:188} INFO - [2026-08-08T19:13:57.340+0000] {dag.py:3089} INFO - Sync 1 DAGs
[2026-08-08T19:13:57.380+0000] {logging_mixin.py:188} INFO - [2026-08-08T19:13:57.380+0000] {dag.py:3947} INFO - Setting next_dagrun for training_pipeline to 2026-08-08 00:00:00+00:00, run_after=2026-08-09 00:00:00+00:00
[2026-08-08T19:13:57.682+0000] {processor.py:183} INFO - Processing /opt/airflow/dags/training_pipeline_dag.py took 2.530 seconds
[2026-08-08T19:14:28.569+0000] {processor.py:161} INFO - Started process (PID=757) to work on /opt/airflow/dags/training_pipeline_dag.py
[2026-08-08T19:14:28.587+0000] {processor.py:830} INFO - Processing file /opt/airflow/dags/training_pipeline_dag.py for tasks to queue
[2026-08-08T19:14:28.597+0000] {logging_mixin.py:188} INFO - [2026-08-08T19:14:28.592+0000] {dagbag.py:545} INFO - Filling up the DagBag from /opt/airflow/dags/training_pipeline_dag.py
[2026-08-08T19:14:34.366+0000] {processor.py:840} INFO - DAG(s) 'training_pipeline' retrieved from /opt/airflow/dags/training_pipeline_dag.py
[2026-08-08T19:14:31.881+0000] {logging_mixin.py:188} INFO - [2026-08-08T19:14:34.477+0000] {dag.py:3089} INFO - Sync 1 DAGs
[2026-08-08T19:14:31.920+0000] {logging_mixin.py:188} INFO - [2026-08-08T19:14:31.920+0000] {dag.py:3947} INFO - Setting next_dagrun for training_pipeline to 2026-08-08 00:00:00+00:00, run_after=2026-08-09 00:00:00+00:00
[2026-08-08T19:14:31.958+0000] {processor.py:183} INFO - Processing /opt/airflow/dags/training_pipeline_dag.py took 3.448 seconds
[2026-08-08T19:15:02.992+0000] {processor.py:161} INFO - Started process (PID=769) to work on /opt/airflow/dags/training_pipeline_dag.py
[2026-08-08T19:15:02.994+0000] {processor.py:830} INFO - Processing file /opt/airflow/dags/training_pipeline_dag.py for tasks to queue
[2026-08-08T19:15:02.998+0000] {logging_mixin.py:188} INFO - [2026-08-08T19:15:02.996+0000] {dagbag.py:545} INFO - Filling up the DagBag from /opt/airflow/dags/training_pipeline_dag.py
[2026-08-08T19:14:59.831+0000] {processor.py:840} INFO - DAG(s) 'training_pipeline' retrieved from /opt/airflow/dags/training_pipeline_dag.py
[2026-08-08T19:15:00.272+0000] {logging_mixin.py:188} INFO - [2026-08-08T19:15:00.271+0000] {dag.py:3089} INFO - Sync 1 DAGs
[2026-08-08T19:15:00.311+0000] {logging_mixin.py:188} INFO - [2026-08-08T19:15:00.311+0000] {dag.py:3947} INFO - Setting next_dagrun for training_pipeline to 2026-08-08 00:00:00+00:00, run_after=2026-08-09 00:00:00+00:00
[2026-08-08T19:15:00.347+0000] {processor.py:183} INFO - Processing /opt/airflow/dags/training_pipeline_dag.py took 1.685 seconds
[2026-08-08T19:15:31.016+0000] {processor.py:161} INFO - Started process (PID=781) to work on /opt/airflow/dags/training_pipeline_dag.py
[2026-08-08T19:15:31.019+0000] {processor.py:830} INFO - Processing file /opt/airflow/dags/training_pipeline_dag.py for tasks to queue
[2026-08-08T19:15:31.022+0000] {logging_mixin.py:188} INFO - [2026-08-08T19:15:31.021+0000] {dagbag.py:545} INFO - Filling up the DagBag from /opt/airflow/dags/training_pipeline_dag.py
[2026-08-08T19:15:33.012+0000] {processor.py:840} INFO - DAG(s) 'training_pipeline' retrieved from /opt/airflow/dags/training_pipeline_dag.py
[2026-08-08T19:15:33.073+0000] {logging_mixin.py:188} INFO - [2026-08-08T19:15:33.072+0000] {dag.py:3089} INFO - Sync 1 DAGs
[2026-08-08T19:15:33.119+0000] {logging_mixin.py:188} INFO - [2026-08-08T19:15:33.119+0000] {dag.py:3947} INFO - Setting next_dagrun for training_pipeline to 2026-08-08 00:00:00+00:00, run_after=2026-08-09 00:00:00+00:00
[2026-08-08T19:15:33.157+0000] {processor.py:183} INFO - Processing /opt/airflow/dags/training_pipeline_dag.py took 2.158 seconds
[2026-08-08T19:16:03.925+0000] {processor.py:161} INFO - Started process (PID=793) to work on /opt/airflow/dags/training_pipeline_dag.py
[2026-08-08T19:16:03.928+0000] {processor.py:830} INFO - Processing file /opt/airflow/dags/training_pipeline_dag.py for tasks to queue
[2026-08-08T19:16:03.930+0000] {logging_mixin.py:188} INFO - [2026-08-08T19:16:03.930+0000] {dagbag.py:545} INFO - Filling up the DagBag from /opt/airflow/dags/training_pipeline_dag.py
[2026-08-08T19:16:05.895+0000] {processor.py:840} INFO - DAG(s) 'training_pipeline' retrieved from /opt/airflow/dags/training_pipeline_dag.py
[2026-08-08T19:16:05.956+0000] {logging_mixin.py:188} INFO - [2026-08-08T19:16:05.955+0000] {dag.py:3089} INFO - Sync 1 DAGs
[2026-08-08T19:16:05.997+0000] {logging_mixin.py:188} INFO - [2026-08-08T19:16:05.995+0000] {dag.py:3947} INFO - Setting next_dagrun for training_pipeline to 2026-08-08 00:00:00+00:00, run_after=2026-08-09 00:00:00+00:00
[2026-08-08T19:16:06.041+0000] {processor.py:183} INFO - Processing /opt/airflow/dags/training_pipeline_dag.py took 2.133 seconds
[2026-08-08T19:16:36.882+0000] {processor.py:161} INFO - Started process (PID=805) to work on /opt/airflow/dags/training_pipeline_dag.py
[2026-08-08T19:16:36.885+0000] {processor.py:830} INFO - Processing file /opt/airflow/dags/training_pipeline_dag.py for tasks to queue
[2026-08-08T19:16:36.888+0000] {logging_mixin.py:188} INFO - [2026-08-08T19:16:36.887+0000] {dagbag.py:545} INFO - Filling up the DagBag from /opt/airflow/dags/training_pipeline_dag.py
[2026-08-08T19:16:39.056+0000] {processor.py:840} INFO - DAG(s) 'training_pipeline' retrieved from /opt/airflow/dags/training_pipeline_dag.py
[2026-08-08T19:16:39.111+0000] {logging_mixin.py:188} INFO - [2026-08-08T19:16:39.110+0000] {dag.py:3089} INFO - Sync 1 DAGs
[2026-08-08T19:16:39.155+0000] {logging_mixin.py:188} INFO - [2026-08-08T19:16:39.155+0000] {dag.py:3947} INFO - Setting next_dagrun for training_pipeline to 2026-08-08 00:00:00+00:00, run_after=2026-08-09 00:00:00+00:00
[2026-08-08T19:16:39.194+0000] {processor.py:183} INFO - Processing /opt/airflow/dags/training_pipeline_dag.py took 2.329 seconds
[2026-08-08T19:17:10.175+0000] {processor.py:161} INFO - Started process (PID=817) to work on /opt/airflow/dags/training_pipeline_dag.py
[2026-08-08T19:17:10.178+0000] {processor.py:830} INFO - Processing file /opt/airflow/dags/training_pipeline_dag.py for tasks to queue
[2026-08-08T19:17:10.180+0000] {logging_mixin.py:188} INFO - [2026-08-08T19:17:10.179+0000] {dagbag.py:545} INFO - Filling up the DagBag from /opt/airflow/dags/training_pipeline_dag.py
[2026-08-08T19:17:12.038+0000] {processor.py:840} INFO - DAG(s) 'training_pipeline' retrieved from /opt/airflow/dags/training_pipeline_dag.py
[2026-08-08T19:17:12.095+0000] {logging_mixin.py:188} INFO - [2026-08-08T19:17:12.094+0000] {dag.py:3089} INFO - Sync 1 DAGs
[2026-08-08T19:17:12.139+0000] {logging_mixin.py:188} INFO - [2026-08-08T19:17:12.139+0000] {dag.py:3947} INFO - Setting next_dagrun for training_pipeline to 2026-08-08 00:00:00+00:00, run_after=2026-08-09 00:00:00+00:00
[2026-08-08T19:17:12.180+0000] {processor.py:183} INFO - Processing /opt/airflow/dags/training_pipeline_dag.py took 2.022 seconds
[2026-08-08T19:17:43.060+0000] {processor.py:161} INFO - Started process (PID=829) to work on /opt/airflow/dags/training_pipeline_dag.py
[2026-08-08T19:17:43.063+0000] {processor.py:830} INFO - Processing file /opt/airflow/dags/training_pipeline_dag.py for tasks to queue
[2026-08-08T19:17:43.066+0000] {logging_mixin.py:188} INFO - [2026-08-08T19:17:43.065+0000] {dagbag.py:545} INFO - Filling up the DagBag from /opt/airflow/dags/training_pipeline_dag.py
[2026-08-08T19:17:44.603+0000] {processor.py:840} INFO - DAG(s) 'training_pipeline' retrieved from /opt/airflow/dags/training_pipeline_dag.py
[2026-08-08T19:17:45.053+0000] {logging_mixin.py:188} INFO - [2026-08-08T19:17:45.052+0000] {dag.py:3089} INFO - Sync 1 DAGs
[2026-08-08T19:17:45.101+0000] {logging_mixin.py:188} INFO - [2026-08-08T19:17:45.100+0000] {dag.py:3947} INFO - Setting next_dagrun for training_pipeline to 2026-08-08 00:00:00+00:00, run_after=2026-08-09 00:00:00+00:00
[2026-08-08T19:17:45.141+0000] {processor.py:183} INFO - Processing /opt/airflow/dags/training_pipeline_dag.py took 2.100 seconds
[2026-08-08T19:18:16.755+0000] {processor.py:161} INFO - Started process (PID=841) to work on /opt/airflow/dags/training_pipeline_dag.py
[2026-08-08T19:18:16.758+0000] {processor.py:830} INFO - Processing file /opt/airflow/dags/training_pipeline_dag.py for tasks to queue
[2026-08-08T19:18:16.760+0000] {logging_mixin.py:188} INFO - [2026-08-08T19:18:16.759+0000] {dagbag.py:545} INFO - Filling up the DagBag from /opt/airflow/dags/training_pipeline_dag.py
[2026-08-08T19:18:14.616+0000] {processor.py:840} INFO - DAG(s) 'training_pipeline' retrieved from /opt/airflow/dags/training_pipeline_dag.py
[2026-08-08T19:18:14.680+0000] {logging_mixin.py:188} INFO - [2026-08-08T19:18:14.679+0000] {dag.py:3089} INFO - Sync 1 DAGs
[2026-08-08T19:18:14.735+0000] {logging_mixin.py:188} INFO - [2026-08-08T19:18:14.735+0000] {dag.py:3947} INFO - Setting next_dagrun for training_pipeline to 2026-08-08 00:00:00+00:00, run_after=2026-08-09 00:00:00+00:00
[2026-08-08T19:18:14.777+0000] {processor.py:183} INFO - Processing /opt/airflow/dags/training_pipeline_dag.py took 2.301 seconds
[2026-08-08T19:18:45.590+0000] {processor.py:161} INFO - Started process (PID=853) to work on /opt/airflow/dags/training_pipeline_dag.py
[2026-08-08T19:18:45.593+0000] {processor.py:830} INFO - Processing file /opt/airflow/dags/training_pipeline_dag.py for tasks to queue
[2026-08-08T19:18:45.596+0000] {logging_mixin.py:188} INFO - [2026-08-08T19:18:45.595+0000] {dagbag.py:545} INFO - Filling up the DagBag from /opt/airflow/dags/training_pipeline_dag.py
[2026-08-08T19:18:47.720+0000] {processor.py:840} INFO - DAG(s) 'training_pipeline' retrieved from /opt/airflow/dags/training_pipeline_dag.py
[2026-08-08T19:18:47.780+0000] {logging_mixin.py:188} INFO - [2026-08-08T19:18:47.779+0000] {dag.py:3089} INFO - Sync 1 DAGs
[2026-08-08T19:18:47.820+0000] {logging_mixin.py:188} INFO - [2026-08-08T19:18:47.820+0000] {dag.py:3947} INFO - Setting next_dagrun for training_pipeline to 2026-08-08 00:00:00+00:00, run_after=2026-08-09 00:00:00+00:00
[2026-08-08T19:18:47.876+0000] {processor.py:183} INFO - Processing /opt/airflow/dags/training_pipeline_dag.py took 2.303 seconds
[2026-08-08T19:19:18.437+0000] {processor.py:161} INFO - Started process (PID=865) to work on /opt/airflow/dags/training_pipeline_dag.py
[2026-08-08T19:19:18.440+0000] {processor.py:830} INFO - Processing file /opt/airflow/dags/training_pipeline_dag.py for tasks to queue
[2026-08-08T19:19:18.443+0000] {logging_mixin.py:188} INFO - [2026-08-08T19:19:18.442+0000] {dagbag.py:545} INFO - Filling up the DagBag from /opt/airflow/dags/training_pipeline_dag.py
[2026-08-08T19:19:20.556+0000] {processor.py:840} INFO - DAG(s) 'training_pipeline' retrieved from /opt/airflow/dags/training_pipeline_dag.py
[2026-08-08T19:19:20.614+0000] {logging_mixin.py:188} INFO - [2026-08-08T19:19:20.614+0000] {dag.py:3089} INFO - Sync 1 DAGs
[2026-08-08T19:19:20.658+0000] {logging_mixin.py:188} INFO - [2026-08-08T19:19:20.657+0000] {dag.py:3947} INFO - Setting next_dagrun for training_pipeline to 2026-08-08 00:00:00+00:00, run_after=2026-08-09 00:00:00+00:00
[2026-08-08T19:19:20.702+0000] {processor.py:183} INFO - Processing /opt/airflow/dags/training_pipeline_dag.py took 2.293 seconds
[2026-08-08T19:19:51.379+0000] {processor.py:161} INFO - Started process (PID=877) to work on /opt/airflow/dags/training_pipeline_dag.py
[2026-08-08T19:19:51.385+0000] {processor.py:830} INFO - Processing file /opt/airflow/dags/training_pipeline_dag.py for tasks to queue
[2026-08-08T19:19:51.387+0000] {logging_mixin.py:188} INFO - [2026-08-08T19:19:51.387+0000] {dagbag.py:545} INFO - Filling up the DagBag from /opt/airflow/dags/training_pipeline_dag.py
[2026-08-08T19:19:53.432+0000] {processor.py:840} INFO - DAG(s) 'training_pipeline' retrieved from /opt/airflow/dags/training_pipeline_dag.py
[2026-08-08T19:19:53.489+0000] {logging_mixin.py:188} INFO - [2026-08-08T19:19:53.488+0000] {dag.py:3089} INFO - Sync 1 DAGs
[2026-08-08T19:19:53.533+0000] {logging_mixin.py:188} INFO - [2026-08-08T19:19:53.533+0000] {dag.py:3947} INFO - Setting next_dagrun for training_pipeline to 2026-08-08 00:00:00+00:00, run_after=2026-08-09 00:00:00+00:00
[2026-08-08T19:19:53.569+0000] {processor.py:183} INFO - Processing /opt/airflow/dags/training_pipeline_dag.py took 2.214 seconds
[2026-08-08T19:20:23.982+0000] {processor.py:161} INFO - Started process (PID=889) to work on /opt/airflow/dags/training_pipeline_dag.py
[2026-08-08T19:20:23.985+0000] {processor.py:830} INFO - Processing file /opt/airflow/dags/training_pipeline_dag.py for tasks to queue
[2026-08-08T19:20:23.988+0000] {logging_mixin.py:188} INFO - [2026-08-08T19:20:23.987+0000] {dagbag.py:545} INFO - Filling up the DagBag from /opt/airflow/dags/training_pipeline_dag.py
[2026-08-08T19:20:25.544+0000] {processor.py:840} INFO - DAG(s) 'training_pipeline' retrieved from /opt/airflow/dags/training_pipeline_dag.py
[2026-08-08T19:20:26.040+0000] {logging_mixin.py:188} INFO - [2026-08-08T19:20:26.039+0000] {dag.py:3089} INFO - Sync 1 DAGs
[2026-08-08T19:20:26.090+0000] {logging_mixin.py:188} INFO - [2026-08-08T19:20:26.090+0000] {dag.py:3947} INFO - Setting next_dagrun for training_pipeline to 2026-08-08 00:00:00+00:00, run_after=2026-08-09 00:00:00+00:00
[2026-08-08T19:20:26.137+0000] {processor.py:183} INFO - Processing /opt/airflow/dags/training_pipeline_dag.py took 2.175 seconds
[2026-08-08T19:20:57.054+0000] {processor.py:161} INFO - Started process (PID=901) to work on /opt/airflow/dags/training_pipeline_dag.py
[2026-08-08T19:20:57.058+0000] {processor.py:830} INFO - Processing file /opt/airflow/dags/training_pipeline_dag.py for tasks to queue
[2026-08-08T19:20:57.061+0000] {logging_mixin.py:188} INFO - [2026-08-08T19:20:57.060+0000] {dagbag.py:545} INFO - Filling up the DagBag from /opt/airflow/dags/training_pipeline_dag.py
[2026-08-08T19:20:58.673+0000] {processor.py:840} INFO - DAG(s) 'training_pipeline' retrieved from /opt/airflow/dags/training_pipeline_dag.py
[2026-08-08T19:20:59.099+0000] {logging_mixin.py:188} INFO - [2026-08-08T19:20:59.098+0000] {dag.py:3089} INFO - Sync 1 DAGs
[2026-08-08T19:20:59.154+0000] {logging_mixin.py:188} INFO - [2026-08-08T19:20:59.153+0000] {dag.py:3947} INFO - Setting next_dagrun for training_pipeline to 2026-08-08 00:00:00+00:00, run_after=2026-08-09 00:00:00+00:00
[2026-08-08T19:20:59.224+0000] {processor.py:183} INFO - Processing /opt/airflow/dags/training_pipeline_dag.py took 2.190 seconds
[2026-08-08T19:21:30.088+0000] {processor.py:161} INFO - Started process (PID=913) to work on /opt/airflow/dags/training_pipeline_dag.py
[2026-08-08T19:21:30.092+0000] {processor.py:830} INFO - Processing file /opt/airflow/dags/training_pipeline_dag.py for tasks to queue
[2026-08-08T19:21:30.097+0000] {logging_mixin.py:188} INFO - [2026-08-08T19:21:30.096+0000] {dagbag.py:545} INFO - Filling up the DagBag from /opt/airflow/dags/training_pipeline_dag.py
[2026-08-08T19:21:32.221+0000] {processor.py:840} INFO - DAG(s) 'training_pipeline' retrieved from /opt/airflow/dags/training_pipeline_dag.py
[2026-08-08T19:21:32.279+0000] {logging_mixin.py:188} INFO - [2026-08-08T19:21:32.278+0000] {dag.py:3089} INFO - Sync 1 DAGs
[2026-08-08T19:21:32.319+0000] {logging_mixin.py:188} INFO - [2026-08-08T19:21:32.318+0000] {dag.py:3947} INFO - Setting next_dagrun for training_pipeline to 2026-08-08 00:00:00+00:00, run_after=2026-08-09 00:00:00+00:00
[2026-08-08T19:21:32.356+0000] {processor.py:183} INFO - Processing /opt/airflow/dags/training_pipeline_dag.py took 2.297 seconds
[2026-08-08T19:22:03.112+0000] {processor.py:161} INFO - Started process (PID=925) to work on /opt/airflow/dags/training_pipeline_dag.py
[2026-08-08T19:22:03.116+0000] {processor.py:830} INFO - Processing file /opt/airflow/dags/training_pipeline_dag.py for tasks to queue
[2026-08-08T19:22:03.118+0000] {logging_mixin.py:188} INFO - [2026-08-08T19:22:03.118+0000] {dagbag.py:545} INFO - Filling up the DagBag from /opt/airflow/dags/training_pipeline_dag.py
[2026-08-08T19:22:05.175+0000] {processor.py:840} INFO - DAG(s) 'training_pipeline' retrieved from /opt/airflow/dags/training_pipeline_dag.py
[2026-08-08T19:22:05.247+0000] {logging_mixin.py:188} INFO - [2026-08-08T19:22:05.246+0000] {dag.py:3089} INFO - Sync 1 DAGs
[2026-08-08T19:22:05.309+0000] {logging_mixin.py:188} INFO - [2026-08-08T19:22:05.308+0000] {dag.py:3947} INFO - Setting next_dagrun for training_pipeline to 2026-08-08 00:00:00+00:00, run_after=2026-08-09 00:00:00+00:00
[2026-08-08T19:22:05.354+0000] {processor.py:183} INFO - Processing /opt/airflow/dags/training_pipeline_dag.py took 2.263 seconds
[2026-08-08T19:22:35.931+0000] {processor.py:161} INFO - Started process (PID=937) to work on /opt/airflow/dags/training_pipeline_dag.py
[2026-08-08T19:22:35.933+0000] {processor.py:830} INFO - Processing file /opt/airflow/dags/training_pipeline_dag.py for tasks to queue
[2026-08-08T19:22:35.936+0000] {logging_mixin.py:188} INFO - [2026-08-08T19:22:35.935+0000] {dagbag.py:545} INFO - Filling up the DagBag from /opt/airflow/dags/training_pipeline_dag.py
[2026-08-08T19:22:37.830+0000] {processor.py:840} INFO - DAG(s) 'training_pipeline' retrieved from /opt/airflow/dags/training_pipeline_dag.py
[2026-08-08T19:22:37.880+0000] {logging_mixin.py:188} INFO - [2026-08-08T19:22:37.879+0000] {dag.py:3089} INFO - Sync 1 DAGs
[2026-08-08T19:22:37.921+0000] {logging_mixin.py:188} INFO - [2026-08-08T19:22:37.921+0000] {dag.py:3947} INFO - Setting next_dagrun for training_pipeline to 2026-08-08 00:00:00+00:00, run_after=2026-08-09 00:00:00+00:00
[2026-08-08T19:22:37.962+0000] {processor.py:183} INFO - Processing /opt/airflow/dags/training_pipeline_dag.py took 2.050 seconds
[2026-08-08T19:23:08.589+0000] {processor.py:161} INFO - Started process (PID=949) to work on /opt/airflow/dags/training_pipeline_dag.py
[2026-08-08T19:23:08.591+0000] {processor.py:830} INFO - Processing file /opt/airflow/dags/training_pipeline_dag.py for tasks to queue
[2026-08-08T19:23:08.594+0000] {logging_mixin.py:188} INFO - [2026-08-08T19:23:08.593+0000] {dagbag.py:545} INFO - Filling up the DagBag from /opt/airflow/dags/training_pipeline_dag.py
[2026-08-08T19:23:10.171+0000] {processor.py:840} INFO - DAG(s) 'training_pipeline' retrieved from /opt/airflow/dags/training_pipeline_dag.py
[2026-08-08T19:23:10.664+0000] {logging_mixin.py:188} INFO - [2026-08-08T19:23:10.662+0000] {dag.py:3089} INFO - Sync 1 DAGs
[2026-08-08T19:23:10.714+0000] {logging_mixin.py:188} INFO - [2026-08-08T19:23:10.713+0000] {dag.py:3947} INFO - Setting next_dagrun for training_pipeline to 2026-08-08 00:00:00+00:00, run_after=2026-08-09 00:00:00+00:00
[2026-08-08T19:23:10.756+0000] {processor.py:183} INFO - Processing /opt/airflow/dags/training_pipeline_dag.py took 2.186 seconds
[2026-08-08T19:23:41.222+0000] {processor.py:161} INFO - Started process (PID=961) to work on /opt/airflow/dags/training_pipeline_dag.py
[2026-08-08T19:23:41.224+0000] {processor.py:830} INFO - Processing file /opt/airflow/dags/training_pipeline_dag.py for tasks to queue
[2026-08-08T19:23:41.227+0000] {logging_mixin.py:188} INFO - [2026-08-08T19:23:41.226+0000] {dagbag.py:545} INFO - Filling up the DagBag from /opt/airflow/dags/training_pipeline_dag.py
[2026-08-08T19:23:42.808+0000] {processor.py:840} INFO - DAG(s) 'training_pipeline' retrieved from /opt/airflow/dags/training_pipeline_dag.py
[2026-08-08T19:23:43.274+0000] {logging_mixin.py:188} INFO - [2026-08-08T19:23:43.273+0000] {dag.py:3089} INFO - Sync 1 DAGs
[2026-08-08T19:23:43.324+0000] {logging_mixin.py:188} INFO - [2026-08-08T19:23:43.323+0000] {dag.py:3947} INFO - Setting next_dagrun for training_pipeline to 2026-08-08 00:00:00+00:00, run_after=2026-08-09 00:00:00+00:00
[2026-08-08T19:23:43.366+0000] {processor.py:183} INFO - Processing /opt/airflow/dags/training_pipeline_dag.py took 2.164 seconds
[2026-08-08T19:25:00.929+0000] {processor.py:161} INFO - Started process (PID=973) to work on /opt/airflow/dags/training_pipeline_dag.py
[2026-08-08T19:25:00.930+0000] {processor.py:830} INFO - Processing file /opt/airflow/dags/training_pipeline_dag.py for tasks to queue
[2026-08-08T19:25:00.932+0000] {logging_mixin.py:188} INFO - [2026-08-08T19:25:00.932+0000] {dagbag.py:545} INFO - Filling up the DagBag from /opt/airflow/dags/training_pipeline_dag.py
[2026-08-08T19:25:03.498+0000] {processor.py:840} INFO - DAG(s) 'training_pipeline' retrieved from /opt/airflow/dags/training_pipeline_dag.py
[2026-08-08T19:25:03.568+0000] {logging_mixin.py:188} INFO - [2026-08-08T19:25:03.567+0000] {dag.py:3089} INFO - Sync 1 DAGs
[2026-08-08T19:25:03.613+0000] {logging_mixin.py:188} INFO - [2026-08-08T19:25:03.613+0000] {dag.py:3947} INFO - Setting next_dagrun for training_pipeline to 2026-08-08 00:00:00+00:00, run_after=2026-08-09 00:00:00+00:00
[2026-08-08T19:25:03.649+0000] {processor.py:183} INFO - Processing /opt/airflow/dags/training_pipeline_dag.py took 2.735 seconds
[2026-08-08T19:25:34.295+0000] {processor.py:161} INFO - Started process (PID=985) to work on /opt/airflow/dags/training_pipeline_dag.py
[2026-08-08T19:25:34.298+0000] {processor.py:830} INFO - Processing file /opt/airflow/dags/training_pipeline_dag.py for tasks to queue
[2026-08-08T19:25:34.300+0000] {logging_mixin.py:188} INFO - [2026-08-08T19:25:34.299+0000] {dagbag.py:545} INFO - Filling up the DagBag from /opt/airflow/dags/training_pipeline_dag.py
[2026-08-08T19:25:35.849+0000] {processor.py:840} INFO - DAG(s) 'training_pipeline' retrieved from /opt/airflow/dags/training_pipeline_dag.py
[2026-08-08T19:25:35.895+0000] {logging_mixin.py:188} INFO - [2026-08-08T19:25:35.894+0000] {dag.py:3089} INFO - Sync 1 DAGs
[2026-08-08T19:25:35.942+0000] {logging_mixin.py:188} INFO - [2026-08-08T19:25:35.942+0000] {dag.py:3947} INFO - Setting next_dagrun for training_pipeline to 2026-08-08 00:00:00+00:00, run_after=2026-08-09 00:00:00+00:00
[2026-08-08T19:25:35.978+0000] {processor.py:183} INFO - Processing /opt/airflow/dags/training_pipeline_dag.py took 1.698 seconds
[2026-08-08T19:26:06.512+0000] {processor.py:161} INFO - Started process (PID=997) to work on /opt/airflow/dags/training_pipeline_dag.py
[2026-08-08T19:26:06.514+0000] {processor.py:830} INFO - Processing file /opt/airflow/dags/training_pipeline_dag.py for tasks to queue
[2026-08-08T19:26:06.516+0000] {logging_mixin.py:188} INFO - [2026-08-08T19:26:06.516+0000] {dagbag.py:545} INFO - Filling up the DagBag from /opt/airflow/dags/training_pipeline_dag.py
[2026-08-08T19:26:08.122+0000] {processor.py:840} INFO - DAG(s) 'training_pipeline' retrieved from /opt/airflow/dags/training_pipeline_dag.py
[2026-08-08T19:26:08.277+0000] {logging_mixin.py:188} INFO - [2026-08-08T19:26:08.277+0000] {dag.py:3089} INFO - Sync 1 DAGs
[2026-08-08T19:26:08.397+0000] {logging_mixin.py:188} INFO - [2026-08-08T19:26:08.396+0000] {dag.py:3947} INFO - Setting next_dagrun for training_pipeline to 2026-08-08 00:00:00+00:00, run_after=2026-08-09 00:00:00+00:00
[2026-08-08T19:26:08.450+0000] {processor.py:183} INFO - Processing /opt/airflow/dags/training_pipeline_dag.py took 1.954 seconds
[2026-08-08T19:26:39.238+0000] {processor.py:161} INFO - Started process (PID=1009) to work on /opt/airflow/dags/training_pipeline_dag.py
[2026-08-08T19:26:39.241+0000] {processor.py:830} INFO - Processing file /opt/airflow/dags/training_pipeline_dag.py for tasks to queue
[2026-08-08T19:26:39.244+0000] {logging_mixin.py:188} INFO - [2026-08-08T19:26:39.243+0000] {dagbag.py:545} INFO - Filling up the DagBag from /opt/airflow/dags/training_pipeline_dag.py
[2026-08-08T19:26:41.135+0000] {processor.py:840} INFO - DAG(s) 'training_pipeline' retrieved from /opt/airflow/dags/training_pipeline_dag.py
[2026-08-08T19:26:41.195+0000] {logging_mixin.py:188} INFO - [2026-08-08T19:26:41.191+0000] {dag.py:3089} INFO - Sync 1 DAGs
[2026-08-08T19:26:41.240+0000] {logging_mixin.py:188} INFO - [2026-08-08T19:26:41.240+0000] {dag.py:3947} INFO - Setting next_dagrun for training_pipeline to 2026-08-08 00:00:00+00:00, run_after=2026-08-09 00:00:00+00:00
[2026-08-08T19:26:41.284+0000] {processor.py:183} INFO - Processing /opt/airflow/dags/training_pipeline_dag.py took 2.063 seconds
[2026-08-08T19:27:12.017+0000] {processor.py:161} INFO - Started process (PID=1021) to work on /opt/airflow/dags/training_pipeline_dag.py
[2026-08-08T19:27:12.020+0000] {processor.py:830} INFO - Processing file /opt/airflow/dags/training_pipeline_dag.py for tasks to queue
[2026-08-08T19:27:12.022+0000] {logging_mixin.py:188} INFO - [2026-08-08T19:27:12.021+0000] {dagbag.py:545} INFO - Filling up the DagBag from /opt/airflow/dags/training_pipeline_dag.py
[2026-08-08T19:27:13.628+0000] {processor.py:840} INFO - DAG(s) 'training_pipeline' retrieved from /opt/airflow/dags/training_pipeline_dag.py
[2026-08-08T19:27:14.091+0000] {logging_mixin.py:188} INFO - [2026-08-08T19:27:14.091+0000] {dag.py:3089} INFO - Sync 1 DAGs
[2026-08-08T19:27:14.146+0000] {logging_mixin.py:188} INFO - [2026-08-08T19:27:14.146+0000] {dag.py:3947} INFO - Setting next_dagrun for training_pipeline to 2026-08-08 00:00:00+00:00, run_after=2026-08-09 00:00:00+00:00
[2026-08-08T19:27:14.192+0000] {processor.py:183} INFO - Processing /opt/airflow/dags/training_pipeline_dag.py took 2.194 seconds
[2026-08-08T19:27:44.811+0000] {processor.py:161} INFO - Started process (PID=1033) to work on /opt/airflow/dags/training_pipeline_dag.py
[2026-08-08T19:27:44.814+0000] {processor.py:830} INFO - Processing file /opt/airflow/dags/training_pipeline_dag.py for tasks to queue
[2026-08-08T19:27:44.817+0000] {logging_mixin.py:188} INFO - [2026-08-08T19:27:44.816+0000] {dagbag.py:545} INFO - Filling up the DagBag from /opt/airflow/dags/training_pipeline_dag.py
[2026-08-08T19:27:46.689+0000] {processor.py:840} INFO - DAG(s) 'training_pipeline' retrieved from /opt/airflow/dags/training_pipeline_dag.py
[2026-08-08T19:27:46.744+0000] {logging_mixin.py:188} INFO - [2026-08-08T19:27:46.743+0000] {dag.py:3089} INFO - Sync 1 DAGs
[2026-08-08T19:27:46.830+0000] {logging_mixin.py:188} INFO - [2026-08-08T19:27:46.829+0000] {dag.py:3947} INFO - Setting next_dagrun for training_pipeline to 2026-08-08 00:00:00+00:00, run_after=2026-08-09 00:00:00+00:00
[2026-08-08T19:27:46.922+0000] {processor.py:183} INFO - Processing /opt/airflow/dags/training_pipeline_dag.py took 2.136 seconds
[2026-08-08T19:28:17.281+0000] {processor.py:161} INFO - Started process (PID=1045) to work on /opt/airflow/dags/training_pipeline_dag.py
[2026-08-08T19:28:17.285+0000] {processor.py:830} INFO - Processing file /opt/airflow/dags/training_pipeline_dag.py for tasks to queue
[2026-08-08T19:28:17.287+0000] {logging_mixin.py:188} INFO - [2026-08-08T19:28:17.286+0000] {dagbag.py:545} INFO - Filling up the DagBag from /opt/airflow/dags/training_pipeline_dag.py
[2026-08-08T19:28:19.127+0000] {processor.py:840} INFO - DAG(s) 'training_pipeline' retrieved from /opt/airflow/dags/training_pipeline_dag.py
[2026-08-08T19:28:19.175+0000] {logging_mixin.py:188} INFO - [2026-08-08T19:28:19.174+0000] {dag.py:3089} INFO - Sync 1 DAGs
[2026-08-08T19:28:19.217+0000] {logging_mixin.py:188} INFO - [2026-08-08T19:28:19.217+0000] {dag.py:3947} INFO - Setting next_dagrun for training_pipeline to 2026-08-08 00:00:00+00:00, run_after=2026-08-09 00:00:00+00:00
[2026-08-08T19:28:19.257+0000] {processor.py:183} INFO - Processing /opt/airflow/dags/training_pipeline_dag.py took 1.999 seconds
[2026-08-08T19:28:50.019+0000] {processor.py:161} INFO - Started process (PID=1057) to work on /opt/airflow/dags/training_pipeline_dag.py
[2026-08-08T19:28:50.023+0000] {processor.py:830} INFO - Processing file /opt/airflow/dags/training_pipeline_dag.py for tasks to queue
[2026-08-08T19:28:50.025+0000] {logging_mixin.py:188} INFO - [2026-08-08T19:28:50.024+0000] {dagbag.py:545} INFO - Filling up the DagBag from /opt/airflow/dags/training_pipeline_dag.py
[2026-08-08T19:28:53.040+0000] {processor.py:840} INFO - DAG(s) 'training_pipeline' retrieved from /opt/airflow/dags/training_pipeline_dag.py
[2026-08-08T19:28:53.201+0000] {logging_mixin.py:188} INFO - [2026-08-08T19:28:53.200+0000] {dag.py:3089} INFO - Sync 1 DAGs
[2026-08-08T19:28:53.247+0000] {logging_mixin.py:188} INFO - [2026-08-08T19:28:53.247+0000] {dag.py:3947} INFO - Setting next_dagrun for training_pipeline to 2026-08-08 00:00:00+00:00, run_after=2026-08-09 00:00:00+00:00
[2026-08-08T19:28:53.291+0000] {processor.py:183} INFO - Processing /opt/airflow/dags/training_pipeline_dag.py took 2.310 seconds
[2026-08-08T19:29:23.491+0000] {processor.py:161} INFO - Started process (PID=1066) to work on /opt/airflow/dags/training_pipeline_dag.py
[2026-08-08T19:29:23.495+0000] {processor.py:830} INFO - Processing file /opt/airflow/dags/training_pipeline_dag.py for tasks to queue
[2026-08-08T19:29:23.498+0000] {logging_mixin.py:188} INFO - [2026-08-08T19:29:23.497+0000] {dagbag.py:545} INFO - Filling up the DagBag from /opt/airflow/dags/training_pipeline_dag.py
[2026-08-08T19:29:25.446+0000] {processor.py:840} INFO - DAG(s) 'training_pipeline' retrieved from /opt/airflow/dags/training_pipeline_dag.py
[2026-08-08T19:29:25.501+0000] {logging_mixin.py:188} INFO - [2026-08-08T19:29:25.497+0000] {dag.py:3089} INFO - Sync 1 DAGs
[2026-08-08T19:29:25.538+0000] {logging_mixin.py:188} INFO - [2026-08-08T19:29:25.538+0000] {dag.py:3947} INFO - Setting next_dagrun for training_pipeline to 2026-08-08 00:00:00+00:00, run_after=2026-08-09 00:00:00+00:00
[2026-08-08T19:29:25.573+0000] {processor.py:183} INFO - Processing /opt/airflow/dags/training_pipeline_dag.py took 2.105 seconds
[2026-08-08T19:29:56.392+0000] {processor.py:161} INFO - Started process (PID=1081) to work on /opt/airflow/dags/training_pipeline_dag.py
[2026-08-08T19:29:56.394+0000] {processor.py:830} INFO - Processing file /opt/airflow/dags/training_pipeline_dag.py for tasks to queue
[2026-08-08T19:29:56.398+0000] {logging_mixin.py:188} INFO - [2026-08-08T19:29:56.397+0000] {dagbag.py:545} INFO - Filling up the DagBag from /opt/airflow/dags/training_pipeline_dag.py
[2026-08-08T19:29:58.156+0000] {processor.py:840} INFO - DAG(s) 'training_pipeline' retrieved from /opt/airflow/dags/training_pipeline_dag.py
[2026-08-08T19:29:58.568+0000] {logging_mixin.py:188} INFO - [2026-08-08T19:29:58.567+0000] {dag.py:3089} INFO - Sync 1 DAGs
[2026-08-08T19:29:58.609+0000] {logging_mixin.py:188} INFO - [2026-08-08T19:29:58.608+0000] {dag.py:3947} INFO - Setting next_dagrun for training_pipeline to 2026-08-08 00:00:00+00:00, run_after=2026-08-09 00:00:00+00:00
[2026-08-08T19:29:58.649+0000] {processor.py:183} INFO - Processing /opt/airflow/dags/training_pipeline_dag.py took 2.277 seconds
[2026-08-08T19:30:29.656+0000] {processor.py:161} INFO - Started process (PID=1093) to work on /opt/airflow/dags/training_pipeline_dag.py
[2026-08-08T19:30:29.659+0000] {processor.py:830} INFO - Processing file /opt/airflow/dags/training_pipeline_dag.py for tasks to queue
[2026-08-08T19:30:29.661+0000] {logging_mixin.py:188} INFO - [2026-08-08T19:30:29.661+0000] {dagbag.py:545} INFO - Filling up the DagBag from /opt/airflow/dags/training_pipeline_dag.py
[2026-08-08T19:30:31.773+0000] {processor.py:840} INFO - DAG(s) 'training_pipeline' retrieved from /opt/airflow/dags/training_pipeline_dag.py
[2026-08-08T19:30:31.821+0000] {logging_mixin.py:188} INFO - [2026-08-08T19:30:31.820+0000] {dag.py:3089} INFO - Sync 1 DAGs
[2026-08-08T19:30:31.857+0000] {logging_mixin.py:188} INFO - [2026-08-08T19:30:31.856+0000] {dag.py:3947} INFO - Setting next_dagrun for training_pipeline to 2026-08-08 00:00:00+00:00, run_after=2026-08-09 00:00:00+00:00
[2026-08-08T19:30:31.892+0000] {processor.py:183} INFO - Processing /opt/airflow/dags/training_pipeline_dag.py took 2.256 seconds
[2026-08-08T19:31:02.891+0000] {processor.py:161} INFO - Started process (PID=1105) to work on /opt/airflow/dags/training_pipeline_dag.py
[2026-08-08T19:31:02.894+0000] {processor.py:830} INFO - Processing file /opt/airflow/dags/training_pipeline_dag.py for tasks to queue
[2026-08-08T19:31:02.897+0000] {logging_mixin.py:188} INFO - [2026-08-08T19:31:02.896+0000] {dagbag.py:545} INFO - Filling up the DagBag from /opt/airflow/dags/training_pipeline_dag.py
[2026-08-08T19:31:04.629+0000] {processor.py:840} INFO - DAG(s) 'training_pipeline' retrieved from /opt/airflow/dags/training_pipeline_dag.py
[2026-08-08T19:31:04.733+0000] {logging_mixin.py:188} INFO - [2026-08-08T19:31:04.732+0000] {dag.py:3089} INFO - Sync 1 DAGs
[2026-08-08T19:31:04.809+0000] {logging_mixin.py:188} INFO - [2026-08-08T19:31:04.809+0000] {dag.py:3947} INFO - Setting next_dagrun for training_pipeline to 2026-08-08 00:00:00+00:00, run_after=2026-08-09 00:00:00+00:00
[2026-08-08T19:31:04.861+0000] {processor.py:183} INFO - Processing /opt/airflow/dags/training_pipeline_dag.py took 1.990 seconds
[2026-08-08T19:31:35.999+0000] {processor.py:161} INFO - Started process (PID=1117) to work on /opt/airflow/dags/training_pipeline_dag.py
[2026-08-08T19:31:36.002+0000] {processor.py:830} INFO - Processing file /opt/airflow/dags/training_pipeline_dag.py for tasks to queue
[2026-08-08T19:31:36.005+0000] {logging_mixin.py:188} INFO - [2026-08-08T19:31:36.004+0000] {dagbag.py:545} INFO - Filling up the DagBag from /opt/airflow/dags/training_pipeline_dag.py
[2026-08-08T19:31:38.149+0000] {processor.py:840} INFO - DAG(s) 'training_pipeline' retrieved from /opt/airflow/dags/training_pipeline_dag.py
[2026-08-08T19:31:38.220+0000] {logging_mixin.py:188} INFO - [2026-08-08T19:31:38.218+0000] {dag.py:3089} INFO - Sync 1 DAGs
[2026-08-08T19:31:38.267+0000] {logging_mixin.py:188} INFO - [2026-08-08T19:31:38.267+0000] {dag.py:3947} INFO - Setting next_dagrun for training_pipeline to 2026-08-08 00:00:00+00:00, run_after=2026-08-09 00:00:00+00:00
[2026-08-08T19:31:38.305+0000] {processor.py:183} INFO - Processing /opt/airflow/dags/training_pipeline_dag.py took 2.325 seconds
[2026-08-08T19:32:09.488+0000] {processor.py:161} INFO - Started process (PID=1129) to work on /opt/airflow/dags/training_pipeline_dag.py
[2026-08-08T19:32:09.493+0000] {processor.py:830} INFO - Processing file /opt/airflow/dags/training_pipeline_dag.py for tasks to queue
[2026-08-08T19:32:09.495+0000] {logging_mixin.py:188} INFO - [2026-08-08T19:32:09.494+0000] {dagbag.py:545} INFO - Filling up the DagBag from /opt/airflow/dags/training_pipeline_dag.py
[2026-08-08T19:32:11.483+0000] {processor.py:840} INFO - DAG(s) 'training_pipeline' retrieved from /opt/airflow/dags/training_pipeline_dag.py
[2026-08-08T19:32:11.543+0000] {logging_mixin.py:188} INFO - [2026-08-08T19:32:11.541+0000] {dag.py:3089} INFO - Sync 1 DAGs
[2026-08-08T19:32:11.595+0000] {logging_mixin.py:188} INFO - [2026-08-08T19:32:11.594+0000] {dag.py:3947} INFO - Setting next_dagrun for training_pipeline to 2026-08-08 00:00:00+00:00, run_after=2026-08-09 00:00:00+00:00
[2026-08-08T19:32:11.668+0000] {processor.py:183} INFO - Processing /opt/airflow/dags/training_pipeline_dag.py took 2.201 seconds
[2026-08-08T19:32:44.037+0000] {processor.py:161} INFO - Started process (PID=1141) to work on /opt/airflow/dags/training_pipeline_dag.py
[2026-08-08T19:32:44.039+0000] {processor.py:830} INFO - Processing file /opt/airflow/dags/training_pipeline_dag.py for tasks to queue
[2026-08-08T19:32:44.042+0000] {logging_mixin.py:188} INFO - [2026-08-08T19:32:44.041+0000] {dagbag.py:545} INFO - Filling up the DagBag from /opt/airflow/dags/training_pipeline_dag.py
[2026-08-08T19:32:41.458+0000] {processor.py:840} INFO - DAG(s) 'training_pipeline' retrieved from /opt/airflow/dags/training_pipeline_dag.py
[2026-08-08T19:32:41.985+0000] {logging_mixin.py:188} INFO - [2026-08-08T19:32:41.983+0000] {dag.py:3089} INFO - Sync 1 DAGs
[2026-08-08T19:32:42.030+0000] {logging_mixin.py:188} INFO - [2026-08-08T19:32:42.029+0000] {dag.py:3947} INFO - Setting next_dagrun for training_pipeline to 2026-08-08 00:00:00+00:00, run_after=2026-08-09 00:00:00+00:00
[2026-08-08T19:32:42.070+0000] {processor.py:183} INFO - Processing /opt/airflow/dags/training_pipeline_dag.py took 2.121 seconds
[2026-08-08T19:33:13.032+0000] {processor.py:161} INFO - Started process (PID=1153) to work on /opt/airflow/dags/training_pipeline_dag.py
[2026-08-08T19:33:13.036+0000] {processor.py:830} INFO - Processing file /opt/airflow/dags/training_pipeline_dag.py for tasks to queue
[2026-08-08T19:33:13.040+0000] {logging_mixin.py:188} INFO - [2026-08-08T19:33:13.039+0000] {dagbag.py:545} INFO - Filling up the DagBag from /opt/airflow/dags/training_pipeline_dag.py
[2026-08-08T19:33:15.117+0000] {processor.py:840} INFO - DAG(s) 'training_pipeline' retrieved from /opt/airflow/dags/training_pipeline_dag.py
[2026-08-08T19:33:15.186+0000] {logging_mixin.py:188} INFO - [2026-08-08T19:33:15.185+0000] {dag.py:3089} INFO - Sync 1 DAGs
[2026-08-08T19:33:15.243+0000] {logging_mixin.py:188} INFO - [2026-08-08T19:33:15.242+0000] {dag.py:3947} INFO - Setting next_dagrun for training_pipeline to 2026-08-08 00:00:00+00:00, run_after=2026-08-09 00:00:00+00:00
[2026-08-08T19:33:15.287+0000] {processor.py:183} INFO - Processing /opt/airflow/dags/training_pipeline_dag.py took 2.286 seconds
[2026-08-08T19:33:45.894+0000] {processor.py:161} INFO - Started process (PID=1165) to work on /opt/airflow/dags/training_pipeline_dag.py
[2026-08-08T19:33:45.897+0000] {processor.py:830} INFO - Processing file /opt/airflow/dags/training_pipeline_dag.py for tasks to queue
[2026-08-08T19:33:45.900+0000] {logging_mixin.py:188} INFO - [2026-08-08T19:33:45.899+0000] {dagbag.py:545} INFO - Filling up the DagBag from /opt/airflow/dags/training_pipeline_dag.py
[2026-08-08T19:33:47.819+0000] {processor.py:840} INFO - DAG(s) 'training_pipeline' retrieved from /opt/airflow/dags/training_pipeline_dag.py
[2026-08-08T19:33:47.869+0000] {logging_mixin.py:188} INFO - [2026-08-08T19:33:47.869+0000] {dag.py:3089} INFO - Sync 1 DAGs
[2026-08-08T19:33:47.910+0000] {logging_mixin.py:188} INFO - [2026-08-08T19:33:47.910+0000] {dag.py:3947} INFO - Setting next_dagrun for training_pipeline to 2026-08-08 00:00:00+00:00, run_after=2026-08-09 00:00:00+00:00
[2026-08-08T19:33:47.952+0000] {processor.py:183} INFO - Processing /opt/airflow/dags/training_pipeline_dag.py took 2.078 seconds
[2026-08-08T19:34:18.616+0000] {processor.py:161} INFO - Started process (PID=1177) to work on /opt/airflow/dags/training_pipeline_dag.py
[2026-08-08T19:34:18.618+0000] {processor.py:830} INFO - Processing file /opt/airflow/dags/training_pipeline_dag.py for tasks to queue
[2026-08-08T19:34:18.620+0000] {logging_mixin.py:188} INFO - [2026-08-08T19:34:18.620+0000] {dagbag.py:545} INFO - Filling up the DagBag from /opt/airflow/dags/training_pipeline_dag.py
[2026-08-08T19:34:20.274+0000] {processor.py:840} INFO - DAG(s) 'training_pipeline' retrieved from /opt/airflow/dags/training_pipeline_dag.py
[2026-08-08T19:34:20.329+0000] {logging_mixin.py:188} INFO - [2026-08-08T19:34:20.328+0000] {dag.py:3089} INFO - Sync 1 DAGs
[2026-08-08T19:34:20.382+0000] {logging_mixin.py:188} INFO - [2026-08-08T19:34:20.381+0000] {dag.py:3947} INFO - Setting next_dagrun for training_pipeline to 2026-08-08 00:00:00+00:00, run_after=2026-08-09 00:00:00+00:00
[2026-08-08T19:34:20.427+0000] {processor.py:183} INFO - Processing /opt/airflow/dags/training_pipeline_dag.py took 1.828 seconds
[2026-08-08T19:34:51.253+0000] {processor.py:161} INFO - Started process (PID=1189) to work on /opt/airflow/dags/training_pipeline_dag.py
[2026-08-08T19:34:51.257+0000] {processor.py:830} INFO - Processing file /opt/airflow/dags/training_pipeline_dag.py for tasks to queue
[2026-08-08T19:34:51.260+0000] {logging_mixin.py:188} INFO - [2026-08-08T19:34:51.259+0000] {dagbag.py:545} INFO - Filling up the DagBag from /opt/airflow/dags/training_pipeline_dag.py
[2026-08-08T19:34:53.200+0000] {processor.py:840} INFO - DAG(s) 'training_pipeline' retrieved from /opt/airflow/dags/training_pipeline_dag.py
[2026-08-08T19:34:53.267+0000] {logging_mixin.py:188} INFO - [2026-08-08T19:34:53.266+0000] {dag.py:3089} INFO - Sync 1 DAGs
[2026-08-08T19:34:53.325+0000] {logging_mixin.py:188} INFO - [2026-08-08T19:34:53.324+0000] {dag.py:3947} INFO - Setting next_dagrun for training_pipeline to 2026-08-08 00:00:00+00:00, run_after=2026-08-09 00:00:00+00:00
[2026-08-08T19:34:53.372+0000] {processor.py:183} INFO - Processing /opt/airflow/dags/training_pipeline_dag.py took 2.144 seconds
[2026-08-08T19:35:24.532+0000] {processor.py:161} INFO - Started process (PID=1201) to work on /opt/airflow/dags/training_pipeline_dag.py
[2026-08-08T19:35:24.535+0000] {processor.py:830} INFO - Processing file /opt/airflow/dags/training_pipeline_dag.py for tasks to queue
[2026-08-08T19:35:24.538+0000] {logging_mixin.py:188} INFO - [2026-08-08T19:35:24.537+0000] {dagbag.py:545} INFO - Filling up the DagBag from /opt/airflow/dags/training_pipeline_dag.py
[2026-08-08T19:35:26.529+0000] {processor.py:840} INFO - DAG(s) 'training_pipeline' retrieved from /opt/airflow/dags/training_pipeline_dag.py
[2026-08-08T19:35:26.585+0000] {logging_mixin.py:188} INFO - [2026-08-08T19:35:26.584+0000] {dag.py:3089} INFO - Sync 1 DAGs
[2026-08-08T19:35:26.624+0000] {logging_mixin.py:188} INFO - [2026-08-08T19:35:26.624+0000] {dag.py:3947} INFO - Setting next_dagrun for training_pipeline to 2026-08-08 00:00:00+00:00, run_after=2026-08-09 00:00:00+00:00
[2026-08-08T19:35:26.662+0000] {processor.py:183} INFO - Processing /opt/airflow/dags/training_pipeline_dag.py took 2.151 seconds
[2026-08-08T19:35:56.993+0000] {processor.py:161} INFO - Started process (PID=1213) to work on /opt/airflow/dags/training_pipeline_dag.py
[2026-08-08T19:35:56.996+0000] {processor.py:830} INFO - Processing file /opt/airflow/dags/training_pipeline_dag.py for tasks to queue
[2026-08-08T19:35:56.999+0000] {logging_mixin.py:188} INFO - [2026-08-08T19:35:56.998+0000] {dagbag.py:545} INFO - Filling up the DagBag from /opt/airflow/dags/training_pipeline_dag.py
[2026-08-08T19:35:58.962+0000] {processor.py:840} INFO - DAG(s) 'training_pipeline' retrieved from /opt/airflow/dags/training_pipeline_dag.py
[2026-08-08T19:35:59.018+0000] {logging_mixin.py:188} INFO - [2026-08-08T19:35:59.017+0000] {dag.py:3089} INFO - Sync 1 DAGs
[2026-08-08T19:35:59.058+0000] {logging_mixin.py:188} INFO - [2026-08-08T19:35:59.058+0000] {dag.py:3947} INFO - Setting next_dagrun for training_pipeline to 2026-08-08 00:00:00+00:00, run_after=2026-08-09 00:00:00+00:00
[2026-08-08T19:35:59.095+0000] {processor.py:183} INFO - Processing /opt/airflow/dags/training_pipeline_dag.py took 2.124 seconds
[2026-08-08T19:36:29.779+0000] {processor.py:161} INFO - Started process (PID=1225) to work on /opt/airflow/dags/training_pipeline_dag.py
[2026-08-08T19:36:29.782+0000] {processor.py:830} INFO - Processing file /opt/airflow/dags/training_pipeline_dag.py for tasks to queue
[2026-08-08T19:36:29.785+0000] {logging_mixin.py:188} INFO - [2026-08-08T19:36:29.784+0000] {dagbag.py:545} INFO - Filling up the DagBag from /opt/airflow/dags/training_pipeline_dag.py
[2026-08-08T19:36:31.688+0000] {processor.py:840} INFO - DAG(s) 'training_pipeline' retrieved from /opt/airflow/dags/training_pipeline_dag.py
[2026-08-08T19:36:31.741+0000] {logging_mixin.py:188} INFO - [2026-08-08T19:36:31.740+0000] {dag.py:3089} INFO - Sync 1 DAGs
[2026-08-08T19:36:31.781+0000] {logging_mixin.py:188} INFO - [2026-08-08T19:36:31.781+0000] {dag.py:3947} INFO - Setting next_dagrun for training_pipeline to 2026-08-08 00:00:00+00:00, run_after=2026-08-09 00:00:00+00:00
[2026-08-08T19:36:31.820+0000] {processor.py:183} INFO - Processing /opt/airflow/dags/training_pipeline_dag.py took 2.064 seconds
[2026-08-08T19:37:02.417+0000] {processor.py:161} INFO - Started process (PID=1237) to work on /opt/airflow/dags/training_pipeline_dag.py
[2026-08-08T19:37:02.421+0000] {processor.py:830} INFO - Processing file /opt/airflow/dags/training_pipeline_dag.py for tasks to queue
[2026-08-08T19:37:02.424+0000] {logging_mixin.py:188} INFO - [2026-08-08T19:37:02.423+0000] {dagbag.py:545} INFO - Filling up the DagBag from /opt/airflow/dags/training_pipeline_dag.py
[2026-08-08T19:37:04.317+0000] {processor.py:840} INFO - DAG(s) 'training_pipeline' retrieved from /opt/airflow/dags/training_pipeline_dag.py
[2026-08-08T19:37:04.376+0000] {logging_mixin.py:188} INFO - [2026-08-08T19:37:04.375+0000] {dag.py:3089} INFO - Sync 1 DAGs
[2026-08-08T19:37:04.424+0000] {logging_mixin.py:188} INFO - [2026-08-08T19:37:04.424+0000] {dag.py:3947} INFO - Setting next_dagrun for training_pipeline to 2026-08-08 00:00:00+00:00, run_after=2026-08-09 00:00:00+00:00
[2026-08-08T19:37:04.461+0000] {processor.py:183} INFO - Processing /opt/airflow/dags/training_pipeline_dag.py took 2.065 seconds
[2026-08-08T19:37:34.984+0000] {processor.py:161} INFO - Started process (PID=1249) to work on /opt/airflow/dags/training_pipeline_dag.py
[2026-08-08T19:37:34.988+0000] {processor.py:830} INFO - Processing file /opt/airflow/dags/training_pipeline_dag.py for tasks to queue
[2026-08-08T19:37:34.991+0000] {logging_mixin.py:188} INFO - [2026-08-08T19:37:34.990+0000] {dagbag.py:545} INFO - Filling up the DagBag from /opt/airflow/dags/training_pipeline_dag.py
[2026-08-08T19:37:36.820+0000] {processor.py:840} INFO - DAG(s) 'training_pipeline' retrieved from /opt/airflow/dags/training_pipeline_dag.py
[2026-08-08T19:37:36.886+0000] {logging_mixin.py:188} INFO - [2026-08-08T19:37:36.885+0000] {dag.py:3089} INFO - Sync 1 DAGs
[2026-08-08T19:37:36.932+0000] {logging_mixin.py:188} INFO - [2026-08-08T19:37:36.932+0000] {dag.py:3947} INFO - Setting next_dagrun for training_pipeline to 2026-08-08 00:00:00+00:00, run_after=2026-08-09 00:00:00+00:00
[2026-08-08T19:37:36.974+0000] {processor.py:183} INFO - Processing /opt/airflow/dags/training_pipeline_dag.py took 2.014 seconds
[2026-08-08T19:38:07.634+0000] {processor.py:161} INFO - Started process (PID=1261) to work on /opt/airflow/dags/training_pipeline_dag.py
[2026-08-08T19:38:07.637+0000] {processor.py:830} INFO - Processing file /opt/airflow/dags/training_pipeline_dag.py for tasks to queue
[2026-08-08T19:38:07.640+0000] {logging_mixin.py:188} INFO - [2026-08-08T19:38:07.639+0000] {dagbag.py:545} INFO - Filling up the DagBag from /opt/airflow/dags/training_pipeline_dag.py
[2026-08-08T19:38:09.592+0000] {processor.py:840} INFO - DAG(s) 'training_pipeline' retrieved from /opt/airflow/dags/training_pipeline_dag.py
[2026-08-08T19:38:09.650+0000] {logging_mixin.py:188} INFO - [2026-08-08T19:38:09.648+0000] {dag.py:3089} INFO - Sync 1 DAGs
[2026-08-08T19:38:09.695+0000] {logging_mixin.py:188} INFO - [2026-08-08T19:38:09.695+0000] {dag.py:3947} INFO - Setting next_dagrun for training_pipeline to 2026-08-08 00:00:00+00:00, run_after=2026-08-09 00:00:00+00:00
[2026-08-08T19:38:09.730+0000] {processor.py:183} INFO - Processing /opt/airflow/dags/training_pipeline_dag.py took 2.115 seconds
[2026-08-08T19:38:40.564+0000] {processor.py:161} INFO - Started process (PID=1273) to work on /opt/airflow/dags/training_pipeline_dag.py
[2026-08-08T19:38:40.567+0000] {processor.py:830} INFO - Processing file /opt/airflow/dags/training_pipeline_dag.py for tasks to queue
[2026-08-08T19:38:40.570+0000] {logging_mixin.py:188} INFO - [2026-08-08T19:38:40.569+0000] {dagbag.py:545} INFO - Filling up the DagBag from /opt/airflow/dags/training_pipeline_dag.py
[2026-08-08T19:38:44.016+0000] {processor.py:840} INFO - DAG(s) 'training_pipeline' retrieved from /opt/airflow/dags/training_pipeline_dag.py
[2026-08-08T19:38:44.072+0000] {logging_mixin.py:188} INFO - [2026-08-08T19:38:44.071+0000] {dag.py:3089} INFO - Sync 1 DAGs
[2026-08-08T19:38:44.123+0000] {logging_mixin.py:188} INFO - [2026-08-08T19:38:44.123+0000] {dag.py:3947} INFO - Setting next_dagrun for training_pipeline to 2026-08-08 00:00:00+00:00, run_after=2026-08-09 00:00:00+00:00
[2026-08-08T19:38:44.166+0000] {processor.py:183} INFO - Processing /opt/airflow/dags/training_pipeline_dag.py took 2.045 seconds
[2026-08-08T19:39:15.157+0000] {processor.py:161} INFO - Started process (PID=1288) to work on /opt/airflow/dags/training_pipeline_dag.py
[2026-08-08T19:39:15.160+0000] {processor.py:830} INFO - Processing file /opt/airflow/dags/training_pipeline_dag.py for tasks to queue
[2026-08-08T19:39:15.162+0000] {logging_mixin.py:188} INFO - [2026-08-08T19:39:15.161+0000] {dagbag.py:545} INFO - Filling up the DagBag from /opt/airflow/dags/training_pipeline_dag.py
[2026-08-08T19:39:16.882+0000] {processor.py:840} INFO - DAG(s) 'training_pipeline' retrieved from /opt/airflow/dags/training_pipeline_dag.py
[2026-08-08T19:39:16.939+0000] {logging_mixin.py:188} INFO - [2026-08-08T19:39:16.938+0000] {dag.py:3089} INFO - Sync 1 DAGs
[2026-08-08T19:39:16.985+0000] {logging_mixin.py:188} INFO - [2026-08-08T19:39:16.985+0000] {dag.py:3947} INFO - Setting next_dagrun for training_pipeline to 2026-08-08 00:00:00+00:00, run_after=2026-08-09 00:00:00+00:00
[2026-08-08T19:39:17.024+0000] {processor.py:183} INFO - Processing /opt/airflow/dags/training_pipeline_dag.py took 1.886 seconds
[2026-08-08T19:39:47.949+0000] {processor.py:161} INFO - Started process (PID=1300) to work on /opt/airflow/dags/training_pipeline_dag.py
[2026-08-08T19:39:47.953+0000] {processor.py:830} INFO - Processing file /opt/airflow/dags/training_pipeline_dag.py for tasks to queue
[2026-08-08T19:39:47.957+0000] {logging_mixin.py:188} INFO - [2026-08-08T19:39:47.956+0000] {dagbag.py:545} INFO - Filling up the DagBag from /opt/airflow/dags/training_pipeline_dag.py
[2026-08-08T19:39:49.658+0000] {processor.py:840} INFO - DAG(s) 'training_pipeline' retrieved from /opt/airflow/dags/training_pipeline_dag.py
[2026-08-08T19:39:49.710+0000] {logging_mixin.py:188} INFO - [2026-08-08T19:39:49.709+0000] {dag.py:3089} INFO - Sync 1 DAGs
[2026-08-08T19:39:49.752+0000] {logging_mixin.py:188} INFO - [2026-08-08T19:39:49.751+0000] {dag.py:3947} INFO - Setting next_dagrun for training_pipeline to 2026-08-08 00:00:00+00:00, run_after=2026-08-09 00:00:00+00:00
[2026-08-08T19:39:49.790+0000] {processor.py:183} INFO - Processing /opt/airflow/dags/training_pipeline_dag.py took 1.871 seconds
[2026-08-08T19:40:20.565+0000] {processor.py:161} INFO - Started process (PID=1312) to work on /opt/airflow/dags/training_pipeline_dag.py
[2026-08-08T19:40:20.568+0000] {processor.py:830} INFO - Processing file /opt/airflow/dags/training_pipeline_dag.py for tasks to queue
[2026-08-08T19:40:20.571+0000] {logging_mixin.py:188} INFO - [2026-08-08T19:40:20.570+0000] {dagbag.py:545} INFO - Filling up the DagBag from /opt/airflow/dags/training_pipeline_dag.py
[2026-08-08T19:40:22.287+0000] {processor.py:840} INFO - DAG(s) 'training_pipeline' retrieved from /opt/airflow/dags/training_pipeline_dag.py
[2026-08-08T19:40:22.338+0000] {logging_mixin.py:188} INFO - [2026-08-08T19:40:22.337+0000] {dag.py:3089} INFO - Sync 1 DAGs
[2026-08-08T19:40:22.377+0000] {logging_mixin.py:188} INFO - [2026-08-08T19:40:22.377+0000] {dag.py:3947} INFO - Setting next_dagrun for training_pipeline to 2026-08-08 00:00:00+00:00, run_after=2026-08-09 00:00:00+00:00
[2026-08-08T19:40:22.414+0000] {processor.py:183} INFO - Processing /opt/airflow/dags/training_pipeline_dag.py took 1.864 seconds
[2026-08-08T19:40:53.357+0000] {processor.py:161} INFO - Started process (PID=1324) to work on /opt/airflow/dags/training_pipeline_dag.py
[2026-08-08T19:40:53.361+0000] {processor.py:830} INFO - Processing file /opt/airflow/dags/training_pipeline_dag.py for tasks to queue
[2026-08-08T19:40:53.364+0000] {logging_mixin.py:188} INFO - [2026-08-08T19:40:53.363+0000] {dagbag.py:545} INFO - Filling up the DagBag from /opt/airflow/dags/training_pipeline_dag.py
[2026-08-08T19:40:54.993+0000] {processor.py:840} INFO - DAG(s) 'training_pipeline' retrieved from /opt/airflow/dags/training_pipeline_dag.py
[2026-08-08T19:40:55.042+0000] {logging_mixin.py:188} INFO - [2026-08-08T19:40:55.041+0000] {dag.py:3089} INFO - Sync 1 DAGs
[2026-08-08T19:40:55.079+0000] {logging_mixin.py:188} INFO - [2026-08-08T19:40:55.078+0000] {dag.py:3947} INFO - Setting next_dagrun for training_pipeline to 2026-08-08 00:00:00+00:00, run_after=2026-08-09 00:00:00+00:00
[2026-08-08T19:40:55.118+0000] {processor.py:183} INFO - Processing /opt/airflow/dags/training_pipeline_dag.py took 1.777 seconds
[2026-08-08T19:41:25.822+0000] {processor.py:161} INFO - Started process (PID=1336) to work on /opt/airflow/dags/training_pipeline_dag.py
[2026-08-08T19:41:25.825+0000] {processor.py:830} INFO - Processing file /opt/airflow/dags/training_pipeline_dag.py for tasks to queue
[2026-08-08T19:41:25.827+0000] {logging_mixin.py:188} INFO - [2026-08-08T19:41:25.826+0000] {dagbag.py:545} INFO - Filling up the DagBag from /opt/airflow/dags/training_pipeline_dag.py
[2026-08-08T19:41:27.615+0000] {processor.py:840} INFO - DAG(s) 'training_pipeline' retrieved from /opt/airflow/dags/training_pipeline_dag.py
[2026-08-08T19:41:27.676+0000] {logging_mixin.py:188} INFO - [2026-08-08T19:41:27.675+0000] {dag.py:3089} INFO - Sync 1 DAGs
[2026-08-08T19:41:27.724+0000] {logging_mixin.py:188} INFO - [2026-08-08T19:41:27.723+0000] {dag.py:3947} INFO - Setting next_dagrun for training_pipeline to 2026-08-08 00:00:00+00:00, run_after=2026-08-09 00:00:00+00:00
[2026-08-08T19:41:27.763+0000] {processor.py:183} INFO - Processing /opt/airflow/dags/training_pipeline_dag.py took 1.960 seconds
[2026-08-08T19:41:57.971+0000] {processor.py:161} INFO - Started process (PID=1348) to work on /opt/airflow/dags/training_pipeline_dag.py
[2026-08-08T19:41:57.974+0000] {processor.py:830} INFO - Processing file /opt/airflow/dags/training_pipeline_dag.py for tasks to queue
[2026-08-08T19:41:57.976+0000] {logging_mixin.py:188} INFO - [2026-08-08T19:41:57.976+0000] {dagbag.py:545} INFO - Filling up the DagBag from /opt/airflow/dags/training_pipeline_dag.py
[2026-08-08T19:41:55.686+0000] {processor.py:840} INFO - DAG(s) 'training_pipeline' retrieved from /opt/airflow/dags/training_pipeline_dag.py
[2026-08-08T19:41:55.742+0000] {logging_mixin.py:188} INFO - [2026-08-08T19:41:55.741+0000] {dag.py:3089} INFO - Sync 1 DAGs
[2026-08-08T19:41:55.788+0000] {logging_mixin.py:188} INFO - [2026-08-08T19:41:55.788+0000] {dag.py:3947} INFO - Setting next_dagrun for training_pipeline to 2026-08-08 00:00:00+00:00, run_after=2026-08-09 00:00:00+00:00
[2026-08-08T19:41:55.828+0000] {processor.py:183} INFO - Processing /opt/airflow/dags/training_pipeline_dag.py took 1.967 seconds
[2026-08-08T19:42:22.215+0000] {processor.py:161} INFO - Started process (PID=1358) to work on /opt/airflow/dags/training_pipeline_dag.py
[2026-08-08T19:42:22.218+0000] {processor.py:830} INFO - Processing file /opt/airflow/dags/training_pipeline_dag.py for tasks to queue
[2026-08-08T19:42:22.220+0000] {logging_mixin.py:188} INFO - [2026-08-08T19:42:22.219+0000] {dagbag.py:545} INFO - Filling up the DagBag from /opt/airflow/dags/training_pipeline_dag.py
[2026-08-08T19:42:24.048+0000] {processor.py:840} INFO - DAG(s) 'training_pipeline' retrieved from /opt/airflow/dags/training_pipeline_dag.py
[2026-08-08T19:42:24.096+0000] {logging_mixin.py:188} INFO - [2026-08-08T19:42:24.094+0000] {dag.py:3089} INFO - Sync 1 DAGs
[2026-08-08T19:42:24.141+0000] {logging_mixin.py:188} INFO - [2026-08-08T19:42:24.141+0000] {dag.py:3947} INFO - Setting next_dagrun for training_pipeline to 2026-08-08 00:00:00+00:00, run_after=2026-08-09 00:00:00+00:00
[2026-08-08T19:42:24.177+0000] {processor.py:183} INFO - Processing /opt/airflow/dags/training_pipeline_dag.py took 1.980 seconds
[2026-08-08T19:42:54.854+0000] {processor.py:161} INFO - Started process (PID=1372) to work on /opt/airflow/dags/training_pipeline_dag.py
[2026-08-08T19:42:54.856+0000] {processor.py:830} INFO - Processing file /opt/airflow/dags/training_pipeline_dag.py for tasks to queue
[2026-08-08T19:42:54.858+0000] {logging_mixin.py:188} INFO - [2026-08-08T19:42:54.858+0000] {dagbag.py:545} INFO - Filling up the DagBag from /opt/airflow/dags/training_pipeline_dag.py
[2026-08-08T19:42:56.718+0000] {processor.py:840} INFO - DAG(s) 'training_pipeline' retrieved from /opt/airflow/dags/training_pipeline_dag.py
[2026-08-08T19:42:56.796+0000] {logging_mixin.py:188} INFO - [2026-08-08T19:42:56.795+0000] {dag.py:3089} INFO - Sync 1 DAGs
[2026-08-08T19:42:56.868+0000] {logging_mixin.py:188} INFO - [2026-08-08T19:42:56.867+0000] {dag.py:3947} INFO - Setting next_dagrun for training_pipeline to 2026-08-08 00:00:00+00:00, run_after=2026-08-09 00:00:00+00:00
[2026-08-08T19:42:56.915+0000] {processor.py:183} INFO - Processing /opt/airflow/dags/training_pipeline_dag.py took 2.075 seconds
[2026-08-08T19:43:27.587+0000] {processor.py:161} INFO - Started process (PID=1384) to work on /opt/airflow/dags/training_pipeline_dag.py
[2026-08-08T19:43:27.589+0000] {processor.py:830} INFO - Processing file /opt/airflow/dags/training_pipeline_dag.py for tasks to queue
[2026-08-08T19:43:27.591+0000] {logging_mixin.py:188} INFO - [2026-08-08T19:43:27.590+0000] {dagbag.py:545} INFO - Filling up the DagBag from /opt/airflow/dags/training_pipeline_dag.py
[2026-08-08T19:43:29.311+0000] {processor.py:840} INFO - DAG(s) 'training_pipeline' retrieved from /opt/airflow/dags/training_pipeline_dag.py
[2026-08-08T19:43:29.364+0000] {logging_mixin.py:188} INFO - [2026-08-08T19:43:29.364+0000] {dag.py:3089} INFO - Sync 1 DAGs
[2026-08-08T19:43:29.410+0000] {logging_mixin.py:188} INFO - [2026-08-08T19:43:29.409+0000] {dag.py:3947} INFO - Setting next_dagrun for training_pipeline to 2026-08-08 00:00:00+00:00, run_after=2026-08-09 00:00:00+00:00
[2026-08-08T19:43:29.449+0000] {processor.py:183} INFO - Processing /opt/airflow/dags/training_pipeline_dag.py took 1.878 seconds
[2026-08-08T19:44:00.175+0000] {processor.py:161} INFO - Started process (PID=1396) to work on /opt/airflow/dags/training_pipeline_dag.py
[2026-08-08T19:44:00.178+0000] {processor.py:830} INFO - Processing file /opt/airflow/dags/training_pipeline_dag.py for tasks to queue
[2026-08-08T19:44:00.180+0000] {logging_mixin.py:188} INFO - [2026-08-08T19:44:00.179+0000] {dagbag.py:545} INFO - Filling up the DagBag from /opt/airflow/dags/training_pipeline_dag.py
[2026-08-08T19:44:01.796+0000] {processor.py:840} INFO - DAG(s) 'training_pipeline' retrieved from /opt/airflow/dags/training_pipeline_dag.py
[2026-08-08T19:44:01.852+0000] {logging_mixin.py:188} INFO - [2026-08-08T19:44:01.851+0000] {dag.py:3089} INFO - Sync 1 DAGs
[2026-08-08T19:44:01.891+0000] {logging_mixin.py:188} INFO - [2026-08-08T19:44:01.891+0000] {dag.py:3947} INFO - Setting next_dagrun for training_pipeline to 2026-08-08 00:00:00+00:00, run_after=2026-08-09 00:00:00+00:00
[2026-08-08T19:44:01.929+0000] {processor.py:183} INFO - Processing /opt/airflow/dags/training_pipeline_dag.py took 1.768 seconds
[2026-08-08T20:03:06.054+0000] {processor.py:161} INFO - Started process (PID=1405) to work on /opt/airflow/dags/training_pipeline_dag.py
[2026-08-08T20:03:06.061+0000] {processor.py:830} INFO - Processing file /opt/airflow/dags/training_pipeline_dag.py for tasks to queue
[2026-08-08T20:03:06.065+0000] {logging_mixin.py:188} INFO - [2026-08-08T20:03:06.064+0000] {dagbag.py:545} INFO - Filling up the DagBag from /opt/airflow/dags/training_pipeline_dag.py
[2026-08-08T20:03:08.441+0000] {processor.py:840} INFO - DAG(s) 'training_pipeline' retrieved from /opt/airflow/dags/training_pipeline_dag.py
[2026-08-08T20:03:08.556+0000] {logging_mixin.py:188} INFO - [2026-08-08T20:03:08.555+0000] {dag.py:3089} INFO - Sync 1 DAGs
[2026-08-08T20:03:08.633+0000] {logging_mixin.py:188} INFO - [2026-08-08T20:03:08.631+0000] {dag.py:3947} INFO - Setting next_dagrun for training_pipeline to 2026-08-08 00:00:00+00:00, run_after=2026-08-09 00:00:00+00:00
[2026-08-08T20:03:08.706+0000] {processor.py:183} INFO - Processing /opt/airflow/dags/training_pipeline_dag.py took 2.690 seconds
[2026-08-08T20:03:39.848+0000] {processor.py:161} INFO - Started process (PID=1456) to work on /opt/airflow/dags/training_pipeline_dag.py
[2026-08-08T20:03:39.850+0000] {processor.py:830} INFO - Processing file /opt/airflow/dags/training_pipeline_dag.py for tasks to queue
[2026-08-08T20:03:39.851+0000] {logging_mixin.py:188} INFO - [2026-08-08T20:03:39.851+0000] {dagbag.py:545} INFO - Filling up the DagBag from /opt/airflow/dags/training_pipeline_dag.py
[2026-08-08T20:03:41.949+0000] {processor.py:840} INFO - DAG(s) 'training_pipeline' retrieved from /opt/airflow/dags/training_pipeline_dag.py
[2026-08-08T20:03:42.090+0000] {logging_mixin.py:188} INFO - [2026-08-08T20:03:42.087+0000] {dag.py:3089} INFO - Sync 1 DAGs
[2026-08-08T20:03:42.309+0000] {logging_mixin.py:188} INFO - [2026-08-08T20:03:42.309+0000] {dag.py:3947} INFO - Setting next_dagrun for training_pipeline to 2026-08-08 00:00:00+00:00, run_after=2026-08-09 00:00:00+00:00
[2026-08-08T20:03:42.368+0000] {processor.py:183} INFO - Processing /opt/airflow/dags/training_pipeline_dag.py took 2.534 seconds
[2026-08-08T20:04:12.743+0000] {processor.py:161} INFO - Started process (PID=1484) to work on /opt/airflow/dags/training_pipeline_dag.py
[2026-08-08T20:04:12.745+0000] {processor.py:830} INFO - Processing file /opt/airflow/dags/training_pipeline_dag.py for tasks to queue
[2026-08-08T20:04:12.747+0000] {logging_mixin.py:188} INFO - [2026-08-08T20:04:12.746+0000] {dagbag.py:545} INFO - Filling up the DagBag from /opt/airflow/dags/training_pipeline_dag.py
[2026-08-08T20:04:14.120+0000] {processor.py:840} INFO - DAG(s) 'training_pipeline' retrieved from /opt/airflow/dags/training_pipeline_dag.py
[2026-08-08T20:04:14.160+0000] {logging_mixin.py:188} INFO - [2026-08-08T20:04:14.160+0000] {dag.py:3089} INFO - Sync 1 DAGs
[2026-08-08T20:04:14.194+0000] {logging_mixin.py:188} INFO - [2026-08-08T20:04:14.193+0000] {dag.py:3947} INFO - Setting next_dagrun for training_pipeline to 2026-08-08 00:00:00+00:00, run_after=2026-08-09 00:00:00+00:00
[2026-08-08T20:04:14.222+0000] {processor.py:183} INFO - Processing /opt/airflow/dags/training_pipeline_dag.py took 1.505 seconds
[2026-08-08T20:04:44.632+0000] {processor.py:161} INFO - Started process (PID=1499) to work on /opt/airflow/dags/training_pipeline_dag.py
[2026-08-08T20:04:44.634+0000] {processor.py:830} INFO - Processing file /opt/airflow/dags/training_pipeline_dag.py for tasks to queue
[2026-08-08T20:04:44.636+0000] {logging_mixin.py:188} INFO - [2026-08-08T20:04:44.636+0000] {dagbag.py:545} INFO - Filling up the DagBag from /opt/airflow/dags/training_pipeline_dag.py
[2026-08-08T20:04:46.452+0000] {processor.py:840} INFO - DAG(s) 'training_pipeline' retrieved from /opt/airflow/dags/training_pipeline_dag.py
[2026-08-08T20:04:46.508+0000] {logging_mixin.py:188} INFO - [2026-08-08T20:04:46.505+0000] {dag.py:3089} INFO - Sync 1 DAGs
[2026-08-08T20:04:46.554+0000] {logging_mixin.py:188} INFO - [2026-08-08T20:04:46.554+0000] {dag.py:3947} INFO - Setting next_dagrun for training_pipeline to 2026-08-08 00:00:00+00:00, run_after=2026-08-09 00:00:00+00:00
[2026-08-08T20:04:46.595+0000] {processor.py:183} INFO - Processing /opt/airflow/dags/training_pipeline_dag.py took 1.979 seconds
[2026-08-08T20:05:17.002+0000] {processor.py:161} INFO - Started process (PID=1511) to work on /opt/airflow/dags/training_pipeline_dag.py
[2026-08-08T20:05:17.005+0000] {processor.py:830} INFO - Processing file /opt/airflow/dags/training_pipeline_dag.py for tasks to queue
[2026-08-08T20:05:17.008+0000] {logging_mixin.py:188} INFO - [2026-08-08T20:05:17.007+0000] {dagbag.py:545} INFO - Filling up the DagBag from /opt/airflow/dags/training_pipeline_dag.py
[2026-08-08T20:05:18.613+0000] {processor.py:840} INFO - DAG(s) 'training_pipeline' retrieved from /opt/airflow/dags/training_pipeline_dag.py
[2026-08-08T20:05:18.666+0000] {logging_mixin.py:188} INFO - [2026-08-08T20:05:18.665+0000] {dag.py:3089} INFO - Sync 1 DAGs
[2026-08-08T20:05:18.705+0000] {logging_mixin.py:188} INFO - [2026-08-08T20:05:18.704+0000] {dag.py:3947} INFO - Setting next_dagrun for training_pipeline to 2026-08-08 00:00:00+00:00, run_after=2026-08-09 00:00:00+00:00
[2026-08-08T20:05:18.742+0000] {processor.py:183} INFO - Processing /opt/airflow/dags/training_pipeline_dag.py took 1.757 seconds
[2026-08-08T20:05:49.587+0000] {processor.py:161} INFO - Started process (PID=1523) to work on /opt/airflow/dags/training_pipeline_dag.py
[2026-08-08T20:05:49.591+0000] {processor.py:830} INFO - Processing file /opt/airflow/dags/training_pipeline_dag.py for tasks to queue
[2026-08-08T20:05:49.594+0000] {logging_mixin.py:188} INFO - [2026-08-08T20:05:49.593+0000] {dagbag.py:545} INFO - Filling up the DagBag from /opt/airflow/dags/training_pipeline_dag.py
[2026-08-08T20:05:51.519+0000] {processor.py:840} INFO - DAG(s) 'training_pipeline' retrieved from /opt/airflow/dags/training_pipeline_dag.py
[2026-08-08T20:05:51.579+0000] {logging_mixin.py:188} INFO - [2026-08-08T20:05:51.578+0000] {dag.py:3089} INFO - Sync 1 DAGs
[2026-08-08T20:05:51.629+0000] {logging_mixin.py:188} INFO - [2026-08-08T20:05:51.628+0000] {dag.py:3947} INFO - Setting next_dagrun for training_pipeline to 2026-08-08 00:00:00+00:00, run_after=2026-08-09 00:00:00+00:00
[2026-08-08T20:05:51.668+0000] {processor.py:183} INFO - Processing /opt/airflow/dags/training_pipeline_dag.py took 2.098 seconds
[2026-08-08T20:06:22.017+0000] {processor.py:161} INFO - Started process (PID=1535) to work on /opt/airflow/dags/training_pipeline_dag.py
[2026-08-08T20:06:22.019+0000] {processor.py:830} INFO - Processing file /opt/airflow/dags/training_pipeline_dag.py for tasks to queue
[2026-08-08T20:06:22.022+0000] {logging_mixin.py:188} INFO - [2026-08-08T20:06:22.021+0000] {dagbag.py:545} INFO - Filling up the DagBag from /opt/airflow/dags/training_pipeline_dag.py
[2026-08-08T20:06:23.822+0000] {processor.py:840} INFO - DAG(s) 'training_pipeline' retrieved from /opt/airflow/dags/training_pipeline_dag.py
[2026-08-08T20:06:23.880+0000] {logging_mixin.py:188} INFO - [2026-08-08T20:06:23.879+0000] {dag.py:3089} INFO - Sync 1 DAGs
[2026-08-08T20:06:23.919+0000] {logging_mixin.py:188} INFO - [2026-08-08T20:06:23.918+0000] {dag.py:3947} INFO - Setting next_dagrun for training_pipeline to 2026-08-08 00:00:00+00:00, run_after=2026-08-09 00:00:00+00:00
[2026-08-08T20:06:23.960+0000] {processor.py:183} INFO - Processing /opt/airflow/dags/training_pipeline_dag.py took 1.962 seconds
[2026-08-08T20:53:05.057+0000] {processor.py:161} INFO - Started process (PID=1547) to work on /opt/airflow/dags/training_pipeline_dag.py
[2026-08-08T20:53:05.069+0000] {processor.py:830} INFO - Processing file /opt/airflow/dags/training_pipeline_dag.py for tasks to queue
[2026-08-08T20:53:05.077+0000] {logging_mixin.py:188} INFO - [2026-08-08T20:53:05.076+0000] {dagbag.py:545} INFO - Filling up the DagBag from /opt/airflow/dags/training_pipeline_dag.py
[2026-08-08T20:53:09.107+0000] {processor.py:840} INFO - DAG(s) 'training_pipeline' retrieved from /opt/airflow/dags/training_pipeline_dag.py
[2026-08-08T20:53:09.172+0000] {logging_mixin.py:188} INFO - [2026-08-08T20:53:09.170+0000] {dag.py:3089} INFO - Sync 1 DAGs
[2026-08-08T20:53:09.234+0000] {logging_mixin.py:188} INFO - [2026-08-08T20:53:09.230+0000] {dag.py:3947} INFO - Setting next_dagrun for training_pipeline to 2026-08-08 00:00:00+00:00, run_after=2026-08-09 00:00:00+00:00
[2026-08-08T20:53:09.278+0000] {processor.py:183} INFO - Processing /opt/airflow/dags/training_pipeline_dag.py took 4.261 seconds
[2026-08-08T20:53:40.325+0000] {processor.py:161} INFO - Started process (PID=1560) to work on /opt/airflow/dags/training_pipeline_dag.py
[2026-08-08T20:53:40.328+0000] {processor.py:830} INFO - Processing file /opt/airflow/dags/training_pipeline_dag.py for tasks to queue
[2026-08-08T20:53:40.330+0000] {logging_mixin.py:188} INFO - [2026-08-08T20:53:40.329+0000] {dagbag.py:545} INFO - Filling up the DagBag from /opt/airflow/dags/training_pipeline_dag.py
[2026-08-08T20:53:41.983+0000] {processor.py:840} INFO - DAG(s) 'training_pipeline' retrieved from /opt/airflow/dags/training_pipeline_dag.py
[2026-08-08T20:53:42.043+0000] {logging_mixin.py:188} INFO - [2026-08-08T20:53:42.042+0000] {dag.py:3089} INFO - Sync 1 DAGs
[2026-08-08T20:53:42.088+0000] {logging_mixin.py:188} INFO - [2026-08-08T20:53:42.087+0000] {dag.py:3947} INFO - Setting next_dagrun for training_pipeline to 2026-08-08 00:00:00+00:00, run_after=2026-08-09 00:00:00+00:00
[2026-08-08T20:53:42.125+0000] {processor.py:183} INFO - Processing /opt/airflow/dags/training_pipeline_dag.py took 1.813 seconds
[2026-08-08T20:54:12.605+0000] {processor.py:161} INFO - Started process (PID=1571) to work on /opt/airflow/dags/training_pipeline_dag.py
[2026-08-08T20:54:12.608+0000] {processor.py:830} INFO - Processing file /opt/airflow/dags/training_pipeline_dag.py for tasks to queue
[2026-08-08T20:54:12.610+0000] {logging_mixin.py:188} INFO - [2026-08-08T20:54:12.609+0000] {dagbag.py:545} INFO - Filling up the DagBag from /opt/airflow/dags/training_pipeline_dag.py
[2026-08-08T20:54:14.276+0000] {processor.py:840} INFO - DAG(s) 'training_pipeline' retrieved from /opt/airflow/dags/training_pipeline_dag.py
[2026-08-08T20:54:14.327+0000] {logging_mixin.py:188} INFO - [2026-08-08T20:54:14.326+0000] {dag.py:3089} INFO - Sync 1 DAGs
[2026-08-08T20:54:14.358+0000] {logging_mixin.py:188} INFO - [2026-08-08T20:54:14.358+0000] {dag.py:3947} INFO - Setting next_dagrun for training_pipeline to 2026-08-08 00:00:00+00:00, run_after=2026-08-09 00:00:00+00:00
[2026-08-08T20:54:14.390+0000] {processor.py:183} INFO - Processing /opt/airflow/dags/training_pipeline_dag.py took 1.799 seconds
[2026-08-08T20:54:45.409+0000] {processor.py:161} INFO - Started process (PID=1583) to work on /opt/airflow/dags/training_pipeline_dag.py
[2026-08-08T20:54:45.412+0000] {processor.py:830} INFO - Processing file /opt/airflow/dags/training_pipeline_dag.py for tasks to queue
[2026-08-08T20:54:45.415+0000] {logging_mixin.py:188} INFO - [2026-08-08T20:54:45.414+0000] {dagbag.py:545} INFO - Filling up the DagBag from /opt/airflow/dags/training_pipeline_dag.py
[2026-08-08T20:54:47.570+0000] {processor.py:840} INFO - DAG(s) 'training_pipeline' retrieved from /opt/airflow/dags/training_pipeline_dag.py
[2026-08-08T20:54:47.642+0000] {logging_mixin.py:188} INFO - [2026-08-08T20:54:47.641+0000] {dag.py:3089} INFO - Sync 1 DAGs
[2026-08-08T20:54:47.686+0000] {logging_mixin.py:188} INFO - [2026-08-08T20:54:47.686+0000] {dag.py:3947} INFO - Setting next_dagrun for training_pipeline to 2026-08-08 00:00:00+00:00, run_after=2026-08-09 00:00:00+00:00
[2026-08-08T20:54:47.772+0000] {processor.py:183} INFO - Processing /opt/airflow/dags/training_pipeline_dag.py took 2.385 seconds
[2026-08-08T20:55:18.360+0000] {processor.py:161} INFO - Started process (PID=1598) to work on /opt/airflow/dags/training_pipeline_dag.py
[2026-08-08T20:55:18.363+0000] {processor.py:830} INFO - Processing file /opt/airflow/dags/training_pipeline_dag.py for tasks to queue
[2026-08-08T20:55:18.367+0000] {logging_mixin.py:188} INFO - [2026-08-08T20:55:18.367+0000] {dagbag.py:545} INFO - Filling up the DagBag from /opt/airflow/dags/training_pipeline_dag.py
[2026-08-08T20:55:20.133+0000] {processor.py:840} INFO - DAG(s) 'training_pipeline' retrieved from /opt/airflow/dags/training_pipeline_dag.py
[2026-08-08T20:55:20.188+0000] {logging_mixin.py:188} INFO - [2026-08-08T20:55:20.187+0000] {dag.py:3089} INFO - Sync 1 DAGs
[2026-08-08T20:55:20.232+0000] {logging_mixin.py:188} INFO - [2026-08-08T20:55:20.231+0000] {dag.py:3947} INFO - Setting next_dagrun for training_pipeline to 2026-08-08 00:00:00+00:00, run_after=2026-08-09 00:00:00+00:00
[2026-08-08T20:55:20.268+0000] {processor.py:183} INFO - Processing /opt/airflow/dags/training_pipeline_dag.py took 1.928 seconds
[2026-08-08T20:55:50.670+0000] {processor.py:161} INFO - Started process (PID=1610) to work on /opt/airflow/dags/training_pipeline_dag.py
[2026-08-08T20:55:50.672+0000] {processor.py:830} INFO - Processing file /opt/airflow/dags/training_pipeline_dag.py for tasks to queue
[2026-08-08T20:55:50.675+0000] {logging_mixin.py:188} INFO - [2026-08-08T20:55:50.674+0000] {dagbag.py:545} INFO - Filling up the DagBag from /opt/airflow/dags/training_pipeline_dag.py
[2026-08-08T20:55:52.328+0000] {processor.py:840} INFO - DAG(s) 'training_pipeline' retrieved from /opt/airflow/dags/training_pipeline_dag.py
[2026-08-08T20:55:52.379+0000] {logging_mixin.py:188} INFO - [2026-08-08T20:55:52.379+0000] {dag.py:3089} INFO - Sync 1 DAGs
[2026-08-08T20:55:52.421+0000] {logging_mixin.py:188} INFO - [2026-08-08T20:55:52.420+0000] {dag.py:3947} INFO - Setting next_dagrun for training_pipeline to 2026-08-08 00:00:00+00:00, run_after=2026-08-09 00:00:00+00:00
[2026-08-08T20:55:52.464+0000] {processor.py:183} INFO - Processing /opt/airflow/dags/training_pipeline_dag.py took 1.810 seconds
[2026-08-08T20:56:22.971+0000] {processor.py:161} INFO - Started process (PID=1622) to work on /opt/airflow/dags/training_pipeline_dag.py
[2026-08-08T20:56:22.974+0000] {processor.py:830} INFO - Processing file /opt/airflow/dags/training_pipeline_dag.py for tasks to queue
[2026-08-08T20:56:22.977+0000] {logging_mixin.py:188} INFO - [2026-08-08T20:56:22.976+0000] {dagbag.py:545} INFO - Filling up the DagBag from /opt/airflow/dags/training_pipeline_dag.py
[2026-08-08T20:56:24.653+0000] {processor.py:840} INFO - DAG(s) 'training_pipeline' retrieved from /opt/airflow/dags/training_pipeline_dag.py
[2026-08-08T20:56:24.729+0000] {logging_mixin.py:188} INFO - [2026-08-08T20:56:24.727+0000] {dag.py:3089} INFO - Sync 1 DAGs
[2026-08-08T20:56:24.775+0000] {logging_mixin.py:188} INFO - [2026-08-08T20:56:24.775+0000] {dag.py:3947} INFO - Setting next_dagrun for training_pipeline to 2026-08-08 00:00:00+00:00, run_after=2026-08-09 00:00:00+00:00
[2026-08-08T20:56:24.825+0000] {processor.py:183} INFO - Processing /opt/airflow/dags/training_pipeline_dag.py took 1.875 seconds
[2026-08-08T20:56:55.328+0000] {processor.py:161} INFO - Started process (PID=1634) to work on /opt/airflow/dags/training_pipeline_dag.py
[2026-08-08T20:56:55.332+0000] {processor.py:830} INFO - Processing file /opt/airflow/dags/training_pipeline_dag.py for tasks to queue
[2026-08-08T20:56:55.335+0000] {logging_mixin.py:188} INFO - [2026-08-08T20:56:55.334+0000] {dagbag.py:545} INFO - Filling up the DagBag from /opt/airflow/dags/training_pipeline_dag.py
[2026-08-08T20:56:56.977+0000] {processor.py:840} INFO - DAG(s) 'training_pipeline' retrieved from /opt/airflow/dags/training_pipeline_dag.py
[2026-08-08T20:56:57.037+0000] {logging_mixin.py:188} INFO - [2026-08-08T20:56:57.034+0000] {dag.py:3089} INFO - Sync 1 DAGs
[2026-08-08T20:56:57.078+0000] {logging_mixin.py:188} INFO - [2026-08-08T20:56:57.077+0000] {dag.py:3947} INFO - Setting next_dagrun for training_pipeline to 2026-08-08 00:00:00+00:00, run_after=2026-08-09 00:00:00+00:00
[2026-08-08T20:56:57.117+0000] {processor.py:183} INFO - Processing /opt/airflow/dags/training_pipeline_dag.py took 1.809 seconds
[2026-08-08T20:57:27.680+0000] {processor.py:161} INFO - Started process (PID=1646) to work on /opt/airflow/dags/training_pipeline_dag.py
[2026-08-08T20:57:27.684+0000] {processor.py:830} INFO - Processing file /opt/airflow/dags/training_pipeline_dag.py for tasks to queue
[2026-08-08T20:57:27.687+0000] {logging_mixin.py:188} INFO - [2026-08-08T20:57:27.686+0000] {dagbag.py:545} INFO - Filling up the DagBag from /opt/airflow/dags/training_pipeline_dag.py
[2026-08-08T20:57:29.500+0000] {processor.py:840} INFO - DAG(s) 'training_pipeline' retrieved from /opt/airflow/dags/training_pipeline_dag.py
[2026-08-08T20:57:29.561+0000] {logging_mixin.py:188} INFO - [2026-08-08T20:57:29.561+0000] {dag.py:3089} INFO - Sync 1 DAGs
[2026-08-08T20:57:29.599+0000] {logging_mixin.py:188} INFO - [2026-08-08T20:57:29.598+0000] {dag.py:3947} INFO - Setting next_dagrun for training_pipeline to 2026-08-08 00:00:00+00:00, run_after=2026-08-09 00:00:00+00:00
[2026-08-08T20:57:29.639+0000] {processor.py:183} INFO - Processing /opt/airflow/dags/training_pipeline_dag.py took 1.975 seconds
[2026-08-08T20:58:00.165+0000] {processor.py:161} INFO - Started process (PID=1658) to work on /opt/airflow/dags/training_pipeline_dag.py
[2026-08-08T20:58:00.169+0000] {processor.py:830} INFO - Processing file /opt/airflow/dags/training_pipeline_dag.py for tasks to queue
[2026-08-08T20:58:00.172+0000] {logging_mixin.py:188} INFO - [2026-08-08T20:58:00.171+0000] {dagbag.py:545} INFO - Filling up the DagBag from /opt/airflow/dags/training_pipeline_dag.py
[2026-08-08T20:58:02.281+0000] {processor.py:840} INFO - DAG(s) 'training_pipeline' retrieved from /opt/airflow/dags/training_pipeline_dag.py
[2026-08-08T20:58:02.337+0000] {logging_mixin.py:188} INFO - [2026-08-08T20:58:02.336+0000] {dag.py:3089} INFO - Sync 1 DAGs
[2026-08-08T20:58:02.379+0000] {logging_mixin.py:188} INFO - [2026-08-08T20:58:02.379+0000] {dag.py:3947} INFO - Setting next_dagrun for training_pipeline to 2026-08-08 00:00:00+00:00, run_after=2026-08-09 00:00:00+00:00
[2026-08-08T20:58:02.426+0000] {processor.py:183} INFO - Processing /opt/airflow/dags/training_pipeline_dag.py took 2.280 seconds
[2026-08-08T20:58:32.690+0000] {processor.py:161} INFO - Started process (PID=1670) to work on /opt/airflow/dags/training_pipeline_dag.py
[2026-08-08T20:58:32.695+0000] {processor.py:830} INFO - Processing file /opt/airflow/dags/training_pipeline_dag.py for tasks to queue
[2026-08-08T20:58:32.698+0000] {logging_mixin.py:188} INFO - [2026-08-08T20:58:32.697+0000] {dagbag.py:545} INFO - Filling up the DagBag from /opt/airflow/dags/training_pipeline_dag.py
[2026-08-08T20:58:34.449+0000] {processor.py:840} INFO - DAG(s) 'training_pipeline' retrieved from /opt/airflow/dags/training_pipeline_dag.py
[2026-08-08T20:58:34.515+0000] {logging_mixin.py:188} INFO - [2026-08-08T20:58:34.514+0000] {dag.py:3089} INFO - Sync 1 DAGs
[2026-08-08T20:58:34.606+0000] {logging_mixin.py:188} INFO - [2026-08-08T20:58:34.606+0000] {dag.py:3947} INFO - Setting next_dagrun for training_pipeline to 2026-08-08 00:00:00+00:00, run_after=2026-08-09 00:00:00+00:00
[2026-08-08T20:58:34.650+0000] {processor.py:183} INFO - Processing /opt/airflow/dags/training_pipeline_dag.py took 1.986 seconds
[2026-08-08T20:59:54.492+0000] {processor.py:161} INFO - Started process (PID=171) to work on /opt/airflow/dags/training_pipeline_dag.py
[2026-08-08T20:59:54.495+0000] {processor.py:830} INFO - Processing file /opt/airflow/dags/training_pipeline_dag.py for tasks to queue
[2026-08-08T20:59:54.502+0000] {logging_mixin.py:188} INFO - [2026-08-08T20:59:54.501+0000] {dagbag.py:545} INFO - Filling up the DagBag from /opt/airflow/dags/training_pipeline_dag.py
[2026-08-08T21:00:01.265+0000] {processor.py:840} INFO - DAG(s) 'training_pipeline' retrieved from /opt/airflow/dags/training_pipeline_dag.py
[2026-08-08T21:00:01.372+0000] {logging_mixin.py:188} INFO - [2026-08-08T21:00:01.371+0000] {dag.py:3089} INFO - Sync 1 DAGs
[2026-08-08T21:00:01.416+0000] {logging_mixin.py:188} INFO - [2026-08-08T21:00:01.416+0000] {dag.py:3947} INFO - Setting next_dagrun for training_pipeline to 2026-08-08 00:00:00+00:00, run_after=2026-08-09 00:00:00+00:00
[2026-08-08T21:00:01.455+0000] {processor.py:183} INFO - Processing /opt/airflow/dags/training_pipeline_dag.py took 6.982 seconds
[2026-08-08T21:00:32.780+0000] {processor.py:161} INFO - Started process (PID=194) to work on /opt/airflow/dags/training_pipeline_dag.py
[2026-08-08T21:00:32.787+0000] {processor.py:830} INFO - Processing file /opt/airflow/dags/training_pipeline_dag.py for tasks to queue
[2026-08-08T21:00:32.828+0000] {logging_mixin.py:188} INFO - [2026-08-08T21:00:32.822+0000] {dagbag.py:545} INFO - Filling up the DagBag from /opt/airflow/dags/training_pipeline_dag.py
[2026-08-08T21:00:58.539+0000] {processor.py:840} INFO - DAG(s) 'training_pipeline' retrieved from /opt/airflow/dags/training_pipeline_dag.py
[2026-08-08T21:01:06.423+0000] {logging_mixin.py:188} INFO - [2026-08-08T21:01:06.422+0000] {dag.py:3089} INFO - Sync 1 DAGs
[2026-08-08T21:01:06.587+0000] {logging_mixin.py:188} INFO - [2026-08-08T21:01:06.587+0000] {dag.py:3947} INFO - Setting next_dagrun for training_pipeline to 2026-08-08 00:00:00+00:00, run_after=2026-08-09 00:00:00+00:00
[2026-08-08T21:01:06.669+0000] {processor.py:183} INFO - Processing /opt/airflow/dags/training_pipeline_dag.py took 34.015 seconds
[2026-08-08T21:01:38.846+0000] {processor.py:161} INFO - Started process (PID=336) to work on /opt/airflow/dags/training_pipeline_dag.py
[2026-08-08T21:01:38.850+0000] {processor.py:830} INFO - Processing file /opt/airflow/dags/training_pipeline_dag.py for tasks to queue
[2026-08-08T21:01:38.940+0000] {logging_mixin.py:188} INFO - [2026-08-08T21:01:38.921+0000] {dagbag.py:545} INFO - Filling up the DagBag from /opt/airflow/dags/training_pipeline_dag.py
[2026-08-08T21:01:48.379+0000] {processor.py:840} INFO - DAG(s) 'training_pipeline' retrieved from /opt/airflow/dags/training_pipeline_dag.py
[2026-08-08T21:01:48.530+0000] {logging_mixin.py:188} INFO - [2026-08-08T21:01:48.529+0000] {dag.py:3089} INFO - Sync 1 DAGs
[2026-08-08T21:01:48.606+0000] {logging_mixin.py:188} INFO - [2026-08-08T21:01:48.605+0000] {dag.py:3947} INFO - Setting next_dagrun for training_pipeline to 2026-08-08 00:00:00+00:00, run_after=2026-08-09 00:00:00+00:00
[2026-08-08T21:01:48.937+0000] {processor.py:183} INFO - Processing /opt/airflow/dags/training_pipeline_dag.py took 10.731 seconds
[2026-08-08T21:02:19.841+0000] {processor.py:161} INFO - Started process (PID=430) to work on /opt/airflow/dags/training_pipeline_dag.py
[2026-08-08T21:02:19.847+0000] {processor.py:830} INFO - Processing file /opt/airflow/dags/training_pipeline_dag.py for tasks to queue
[2026-08-08T21:02:19.855+0000] {logging_mixin.py:188} INFO - [2026-08-08T21:02:19.853+0000] {dagbag.py:545} INFO - Filling up the DagBag from /opt/airflow/dags/training_pipeline_dag.py
[2026-08-08T21:02:22.176+0000] {processor.py:840} INFO - DAG(s) 'training_pipeline' retrieved from /opt/airflow/dags/training_pipeline_dag.py
[2026-08-08T21:02:22.240+0000] {logging_mixin.py:188} INFO - [2026-08-08T21:02:22.233+0000] {dag.py:3089} INFO - Sync 1 DAGs
[2026-08-08T21:02:22.460+0000] {logging_mixin.py:188} INFO - [2026-08-08T21:02:22.459+0000] {dag.py:3947} INFO - Setting next_dagrun for training_pipeline to 2026-08-08 00:00:00+00:00, run_after=2026-08-09 00:00:00+00:00
[2026-08-08T21:02:22.497+0000] {processor.py:183} INFO - Processing /opt/airflow/dags/training_pipeline_dag.py took 2.708 seconds
[2026-08-08T21:02:53.036+0000] {processor.py:161} INFO - Started process (PID=442) to work on /opt/airflow/dags/training_pipeline_dag.py
[2026-08-08T21:02:53.039+0000] {processor.py:830} INFO - Processing file /opt/airflow/dags/training_pipeline_dag.py for tasks to queue
[2026-08-08T21:02:53.045+0000] {logging_mixin.py:188} INFO - [2026-08-08T21:02:53.044+0000] {dagbag.py:545} INFO - Filling up the DagBag from /opt/airflow/dags/training_pipeline_dag.py
[2026-08-08T21:02:54.410+0000] {processor.py:840} INFO - DAG(s) 'training_pipeline' retrieved from /opt/airflow/dags/training_pipeline_dag.py
[2026-08-08T21:02:54.741+0000] {logging_mixin.py:188} INFO - [2026-08-08T21:02:54.741+0000] {dag.py:3089} INFO - Sync 1 DAGs
[2026-08-08T21:02:54.776+0000] {logging_mixin.py:188} INFO - [2026-08-08T21:02:54.776+0000] {dag.py:3947} INFO - Setting next_dagrun for training_pipeline to 2026-08-08 00:00:00+00:00, run_after=2026-08-09 00:00:00+00:00
[2026-08-08T21:02:54.810+0000] {processor.py:183} INFO - Processing /opt/airflow/dags/training_pipeline_dag.py took 1.791 seconds
[2026-08-08T21:03:25.591+0000] {processor.py:161} INFO - Started process (PID=454) to work on /opt/airflow/dags/training_pipeline_dag.py
[2026-08-08T21:03:25.594+0000] {processor.py:830} INFO - Processing file /opt/airflow/dags/training_pipeline_dag.py for tasks to queue
[2026-08-08T21:03:25.599+0000] {logging_mixin.py:188} INFO - [2026-08-08T21:03:25.598+0000] {dagbag.py:545} INFO - Filling up the DagBag from /opt/airflow/dags/training_pipeline_dag.py
[2026-08-08T21:03:27.339+0000] {processor.py:840} INFO - DAG(s) 'training_pipeline' retrieved from /opt/airflow/dags/training_pipeline_dag.py
[2026-08-08T21:03:27.389+0000] {logging_mixin.py:188} INFO - [2026-08-08T21:03:27.388+0000] {dag.py:3089} INFO - Sync 1 DAGs
[2026-08-08T21:03:27.427+0000] {logging_mixin.py:188} INFO - [2026-08-08T21:03:27.427+0000] {dag.py:3947} INFO - Setting next_dagrun for training_pipeline to 2026-08-08 00:00:00+00:00, run_after=2026-08-09 00:00:00+00:00
[2026-08-08T21:03:27.467+0000] {processor.py:183} INFO - Processing /opt/airflow/dags/training_pipeline_dag.py took 1.894 seconds
[2026-08-08T21:03:58.046+0000] {processor.py:161} INFO - Started process (PID=466) to work on /opt/airflow/dags/training_pipeline_dag.py
[2026-08-08T21:03:58.048+0000] {processor.py:830} INFO - Processing file /opt/airflow/dags/training_pipeline_dag.py for tasks to queue
[2026-08-08T21:03:58.057+0000] {logging_mixin.py:188} INFO - [2026-08-08T21:03:58.056+0000] {dagbag.py:545} INFO - Filling up the DagBag from /opt/airflow/dags/training_pipeline_dag.py
[2026-08-08T21:03:59.725+0000] {processor.py:840} INFO - DAG(s) 'training_pipeline' retrieved from /opt/airflow/dags/training_pipeline_dag.py
[2026-08-08T21:03:59.778+0000] {logging_mixin.py:188} INFO - [2026-08-08T21:03:59.777+0000] {dag.py:3089} INFO - Sync 1 DAGs
[2026-08-08T21:03:59.814+0000] {logging_mixin.py:188} INFO - [2026-08-08T21:03:59.814+0000] {dag.py:3947} INFO - Setting next_dagrun for training_pipeline to 2026-08-08 00:00:00+00:00, run_after=2026-08-09 00:00:00+00:00
[2026-08-08T21:03:59.849+0000] {processor.py:183} INFO - Processing /opt/airflow/dags/training_pipeline_dag.py took 1.821 seconds
[2026-08-08T21:04:30.515+0000] {processor.py:161} INFO - Started process (PID=478) to work on /opt/airflow/dags/training_pipeline_dag.py
[2026-08-08T21:04:30.518+0000] {processor.py:830} INFO - Processing file /opt/airflow/dags/training_pipeline_dag.py for tasks to queue
[2026-08-08T21:04:30.524+0000] {logging_mixin.py:188} INFO - [2026-08-08T21:04:30.523+0000] {dagbag.py:545} INFO - Filling up the DagBag from /opt/airflow/dags/training_pipeline_dag.py
[2026-08-08T21:04:32.325+0000] {processor.py:840} INFO - DAG(s) 'training_pipeline' retrieved from /opt/airflow/dags/training_pipeline_dag.py
[2026-08-08T21:04:32.381+0000] {logging_mixin.py:188} INFO - [2026-08-08T21:04:32.380+0000] {dag.py:3089} INFO - Sync 1 DAGs
[2026-08-08T21:04:32.419+0000] {logging_mixin.py:188} INFO - [2026-08-08T21:04:32.419+0000] {dag.py:3947} INFO - Setting next_dagrun for training_pipeline to 2026-08-08 00:00:00+00:00, run_after=2026-08-09 00:00:00+00:00
[2026-08-08T21:04:32.454+0000] {processor.py:183} INFO - Processing /opt/airflow/dags/training_pipeline_dag.py took 1.941 seconds
[2026-08-08T21:05:03.168+0000] {processor.py:161} INFO - Started process (PID=490) to work on /opt/airflow/dags/training_pipeline_dag.py
[2026-08-08T21:05:03.170+0000] {processor.py:830} INFO - Processing file /opt/airflow/dags/training_pipeline_dag.py for tasks to queue
[2026-08-08T21:05:03.175+0000] {logging_mixin.py:188} INFO - [2026-08-08T21:05:03.174+0000] {dagbag.py:545} INFO - Filling up the DagBag from /opt/airflow/dags/training_pipeline_dag.py
[2026-08-08T21:05:04.988+0000] {processor.py:840} INFO - DAG(s) 'training_pipeline' retrieved from /opt/airflow/dags/training_pipeline_dag.py
[2026-08-08T21:05:05.036+0000] {logging_mixin.py:188} INFO - [2026-08-08T21:05:05.036+0000] {dag.py:3089} INFO - Sync 1 DAGs
[2026-08-08T21:05:05.078+0000] {logging_mixin.py:188} INFO - [2026-08-08T21:05:05.077+0000] {dag.py:3947} INFO - Setting next_dagrun for training_pipeline to 2026-08-08 00:00:00+00:00, run_after=2026-08-09 00:00:00+00:00
[2026-08-08T21:05:05.116+0000] {processor.py:183} INFO - Processing /opt/airflow/dags/training_pipeline_dag.py took 1.964 seconds
[2026-08-08T21:05:35.828+0000] {processor.py:161} INFO - Started process (PID=502) to work on /opt/airflow/dags/training_pipeline_dag.py
[2026-08-08T21:05:35.831+0000] {processor.py:830} INFO - Processing file /opt/airflow/dags/training_pipeline_dag.py for tasks to queue
[2026-08-08T21:05:35.836+0000] {logging_mixin.py:188} INFO - [2026-08-08T21:05:35.835+0000] {dagbag.py:545} INFO - Filling up the DagBag from /opt/airflow/dags/training_pipeline_dag.py
[2026-08-08T21:05:38.167+0000] {processor.py:840} INFO - DAG(s) 'training_pipeline' retrieved from /opt/airflow/dags/training_pipeline_dag.py
[2026-08-08T21:05:38.996+0000] {logging_mixin.py:188} INFO - [2026-08-08T21:05:38.311+0000] {dag.py:3089} INFO - Sync 1 DAGs
[2026-08-08T21:05:39.073+0000] {logging_mixin.py:188} INFO - [2026-08-08T21:05:39.072+0000] {dag.py:3947} INFO - Setting next_dagrun for training_pipeline to 2026-08-08 00:00:00+00:00, run_after=2026-08-09 00:00:00+00:00
[2026-08-08T21:05:39.158+0000] {processor.py:183} INFO - Processing /opt/airflow/dags/training_pipeline_dag.py took 3.376 seconds
[2026-08-08T21:06:10.236+0000] {processor.py:161} INFO - Started process (PID=530) to work on /opt/airflow/dags/training_pipeline_dag.py
[2026-08-08T21:06:10.242+0000] {processor.py:830} INFO - Processing file /opt/airflow/dags/training_pipeline_dag.py for tasks to queue
[2026-08-08T21:06:10.253+0000] {logging_mixin.py:188} INFO - [2026-08-08T21:06:10.252+0000] {dagbag.py:545} INFO - Filling up the DagBag from /opt/airflow/dags/training_pipeline_dag.py
[2026-08-08T21:06:15.265+0000] {processor.py:840} INFO - DAG(s) 'training_pipeline' retrieved from /opt/airflow/dags/training_pipeline_dag.py
[2026-08-08T21:06:17.210+0000] {logging_mixin.py:188} INFO - [2026-08-08T21:06:17.209+0000] {dag.py:3089} INFO - Sync 1 DAGs
[2026-08-08T21:06:17.282+0000] {logging_mixin.py:188} INFO - [2026-08-08T21:06:17.281+0000] {dag.py:3947} INFO - Setting next_dagrun for training_pipeline to 2026-08-08 00:00:00+00:00, run_after=2026-08-09 00:00:00+00:00
[2026-08-08T21:06:17.352+0000] {processor.py:183} INFO - Processing /opt/airflow/dags/training_pipeline_dag.py took 7.216 seconds
[2026-08-08T21:06:47.681+0000] {processor.py:161} INFO - Started process (PID=740) to work on /opt/airflow/dags/training_pipeline_dag.py
[2026-08-08T21:06:47.693+0000] {processor.py:830} INFO - Processing file /opt/airflow/dags/training_pipeline_dag.py for tasks to queue
[2026-08-08T21:06:47.702+0000] {logging_mixin.py:188} INFO - [2026-08-08T21:06:47.699+0000] {dagbag.py:545} INFO - Filling up the DagBag from /opt/airflow/dags/training_pipeline_dag.py
[2026-08-08T21:06:51.812+0000] {processor.py:840} INFO - DAG(s) 'training_pipeline' retrieved from /opt/airflow/dags/training_pipeline_dag.py
[2026-08-08T21:06:51.868+0000] {logging_mixin.py:188} INFO - [2026-08-08T21:06:51.867+0000] {dag.py:3089} INFO - Sync 1 DAGs
[2026-08-08T21:06:51.914+0000] {logging_mixin.py:188} INFO - [2026-08-08T21:06:51.913+0000] {dag.py:3947} INFO - Setting next_dagrun for training_pipeline to 2026-08-08 00:00:00+00:00, run_after=2026-08-09 00:00:00+00:00
[2026-08-08T21:06:51.957+0000] {processor.py:183} INFO - Processing /opt/airflow/dags/training_pipeline_dag.py took 4.341 seconds
[2026-08-08T21:07:22.473+0000] {processor.py:161} INFO - Started process (PID=1200) to work on /opt/airflow/dags/training_pipeline_dag.py
[2026-08-08T21:07:22.475+0000] {processor.py:830} INFO - Processing file /opt/airflow/dags/training_pipeline_dag.py for tasks to queue
[2026-08-08T21:07:22.481+0000] {logging_mixin.py:188} INFO - [2026-08-08T21:07:22.480+0000] {dagbag.py:545} INFO - Filling up the DagBag from /opt/airflow/dags/training_pipeline_dag.py
[2026-08-08T21:07:25.352+0000] {processor.py:840} INFO - DAG(s) 'training_pipeline' retrieved from /opt/airflow/dags/training_pipeline_dag.py
[2026-08-08T21:07:25.619+0000] {logging_mixin.py:188} INFO - [2026-08-08T21:07:25.618+0000] {dag.py:3089} INFO - Sync 1 DAGs
[2026-08-08T21:07:25.698+0000] {logging_mixin.py:188} INFO - [2026-08-08T21:07:25.698+0000] {dag.py:3947} INFO - Setting next_dagrun for training_pipeline to 2026-08-08 00:00:00+00:00, run_after=2026-08-09 00:00:00+00:00
[2026-08-08T21:07:25.754+0000] {processor.py:183} INFO - Processing /opt/airflow/dags/training_pipeline_dag.py took 3.300 seconds
[2026-08-08T21:07:56.319+0000] {processor.py:161} INFO - Started process (PID=1518) to work on /opt/airflow/dags/training_pipeline_dag.py
[2026-08-08T21:07:56.321+0000] {processor.py:830} INFO - Processing file /opt/airflow/dags/training_pipeline_dag.py for tasks to queue
[2026-08-08T21:07:56.327+0000] {logging_mixin.py:188} INFO - [2026-08-08T21:07:56.327+0000] {dagbag.py:545} INFO - Filling up the DagBag from /opt/airflow/dags/training_pipeline_dag.py
[2026-08-08T21:08:00.134+0000] {processor.py:840} INFO - DAG(s) 'training_pipeline' retrieved from /opt/airflow/dags/training_pipeline_dag.py
[2026-08-08T21:08:00.200+0000] {logging_mixin.py:188} INFO - [2026-08-08T21:08:00.199+0000] {dag.py:3089} INFO - Sync 1 DAGs
[2026-08-08T21:08:00.238+0000] {logging_mixin.py:188} INFO - [2026-08-08T21:08:00.238+0000] {dag.py:3947} INFO - Setting next_dagrun for training_pipeline to 2026-08-08 00:00:00+00:00, run_after=2026-08-09 00:00:00+00:00
[2026-08-08T21:08:00.295+0000] {processor.py:183} INFO - Processing /opt/airflow/dags/training_pipeline_dag.py took 3.995 seconds
[2026-08-08T21:08:30.682+0000] {processor.py:161} INFO - Started process (PID=1536) to work on /opt/airflow/dags/training_pipeline_dag.py
[2026-08-08T21:08:30.685+0000] {processor.py:830} INFO - Processing file /opt/airflow/dags/training_pipeline_dag.py for tasks to queue
[2026-08-08T21:08:30.693+0000] {logging_mixin.py:188} INFO - [2026-08-08T21:08:30.690+0000] {dagbag.py:545} INFO - Filling up the DagBag from /opt/airflow/dags/training_pipeline_dag.py
[2026-08-08T21:08:32.272+0000] {processor.py:840} INFO - DAG(s) 'training_pipeline' retrieved from /opt/airflow/dags/training_pipeline_dag.py
[2026-08-08T21:08:32.351+0000] {logging_mixin.py:188} INFO - [2026-08-08T21:08:32.348+0000] {dag.py:3089} INFO - Sync 1 DAGs
[2026-08-08T21:08:34.345+0000] {logging_mixin.py:188} INFO - [2026-08-08T21:08:34.343+0000] {dag.py:3947} INFO - Setting next_dagrun for training_pipeline to 2026-08-08 00:00:00+00:00, run_after=2026-08-09 00:00:00+00:00
[2026-08-08T21:08:35.375+0000] {processor.py:183} INFO - Processing /opt/airflow/dags/training_pipeline_dag.py took 4.759 seconds
[2026-08-08T21:09:05.954+0000] {processor.py:161} INFO - Started process (PID=1550) to work on /opt/airflow/dags/training_pipeline_dag.py
[2026-08-08T21:09:05.958+0000] {processor.py:830} INFO - Processing file /opt/airflow/dags/training_pipeline_dag.py for tasks to queue
[2026-08-08T21:09:05.963+0000] {logging_mixin.py:188} INFO - [2026-08-08T21:09:05.962+0000] {dagbag.py:545} INFO - Filling up the DagBag from /opt/airflow/dags/training_pipeline_dag.py
[2026-08-08T21:09:07.436+0000] {processor.py:840} INFO - DAG(s) 'training_pipeline' retrieved from /opt/airflow/dags/training_pipeline_dag.py
[2026-08-08T21:09:08.030+0000] {logging_mixin.py:188} INFO - [2026-08-08T21:09:08.030+0000] {dag.py:3089} INFO - Sync 1 DAGs
[2026-08-08T21:09:08.071+0000] {logging_mixin.py:188} INFO - [2026-08-08T21:09:08.071+0000] {dag.py:3947} INFO - Setting next_dagrun for training_pipeline to 2026-08-08 00:00:00+00:00, run_after=2026-08-09 00:00:00+00:00
[2026-08-08T21:09:08.112+0000] {processor.py:183} INFO - Processing /opt/airflow/dags/training_pipeline_dag.py took 2.178 seconds
[2026-08-08T21:09:38.531+0000] {processor.py:161} INFO - Started process (PID=1562) to work on /opt/airflow/dags/training_pipeline_dag.py
[2026-08-08T21:09:38.533+0000] {processor.py:830} INFO - Processing file /opt/airflow/dags/training_pipeline_dag.py for tasks to queue
[2026-08-08T21:09:38.539+0000] {logging_mixin.py:188} INFO - [2026-08-08T21:09:38.538+0000] {dagbag.py:545} INFO - Filling up the DagBag from /opt/airflow/dags/training_pipeline_dag.py
[2026-08-08T21:09:39.943+0000] {processor.py:840} INFO - DAG(s) 'training_pipeline' retrieved from /opt/airflow/dags/training_pipeline_dag.py
[2026-08-08T21:09:40.539+0000] {logging_mixin.py:188} INFO - [2026-08-08T21:09:40.538+0000] {dag.py:3089} INFO - Sync 1 DAGs
[2026-08-08T21:09:40.586+0000] {logging_mixin.py:188} INFO - [2026-08-08T21:09:40.585+0000] {dag.py:3947} INFO - Setting next_dagrun for training_pipeline to 2026-08-08 00:00:00+00:00, run_after=2026-08-09 00:00:00+00:00
[2026-08-08T21:09:40.627+0000] {processor.py:183} INFO - Processing /opt/airflow/dags/training_pipeline_dag.py took 2.113 seconds
[2026-08-08T21:10:11.362+0000] {processor.py:161} INFO - Started process (PID=1574) to work on /opt/airflow/dags/training_pipeline_dag.py
[2026-08-08T21:10:11.365+0000] {processor.py:830} INFO - Processing file /opt/airflow/dags/training_pipeline_dag.py for tasks to queue
[2026-08-08T21:10:11.372+0000] {logging_mixin.py:188} INFO - [2026-08-08T21:10:11.371+0000] {dagbag.py:545} INFO - Filling up the DagBag from /opt/airflow/dags/training_pipeline_dag.py
[2026-08-08T21:10:13.088+0000] {processor.py:840} INFO - DAG(s) 'training_pipeline' retrieved from /opt/airflow/dags/training_pipeline_dag.py
[2026-08-08T21:10:13.153+0000] {logging_mixin.py:188} INFO - [2026-08-08T21:10:13.152+0000] {dag.py:3089} INFO - Sync 1 DAGs
[2026-08-08T21:10:13.249+0000] {logging_mixin.py:188} INFO - [2026-08-08T21:10:13.248+0000] {dag.py:3947} INFO - Setting next_dagrun for training_pipeline to 2026-08-08 00:00:00+00:00, run_after=2026-08-09 00:00:00+00:00
[2026-08-08T21:10:13.323+0000] {processor.py:183} INFO - Processing /opt/airflow/dags/training_pipeline_dag.py took 1.981 seconds
[2026-08-08T21:10:43.996+0000] {processor.py:161} INFO - Started process (PID=1586) to work on /opt/airflow/dags/training_pipeline_dag.py
[2026-08-08T21:10:44.013+0000] {processor.py:830} INFO - Processing file /opt/airflow/dags/training_pipeline_dag.py for tasks to queue
[2026-08-08T21:10:44.024+0000] {logging_mixin.py:188} INFO - [2026-08-08T21:10:44.022+0000] {dagbag.py:545} INFO - Filling up the DagBag from /opt/airflow/dags/training_pipeline_dag.py
[2026-08-08T21:10:54.223+0000] {processor.py:840} INFO - DAG(s) 'training_pipeline' retrieved from /opt/airflow/dags/training_pipeline_dag.py
[2026-08-08T21:10:54.502+0000] {logging_mixin.py:188} INFO - [2026-08-08T21:10:54.501+0000] {dag.py:3089} INFO - Sync 1 DAGs
[2026-08-08T21:10:55.559+0000] {logging_mixin.py:188} INFO - [2026-08-08T21:10:55.558+0000] {dag.py:3947} INFO - Setting next_dagrun for training_pipeline to 2026-08-08 00:00:00+00:00, run_after=2026-08-09 00:00:00+00:00
[2026-08-08T21:10:55.802+0000] {processor.py:183} INFO - Processing /opt/airflow/dags/training_pipeline_dag.py took 11.836 seconds
[2026-08-08T21:11:26.426+0000] {processor.py:161} INFO - Started process (PID=1598) to work on /opt/airflow/dags/training_pipeline_dag.py
[2026-08-08T21:11:26.428+0000] {processor.py:830} INFO - Processing file /opt/airflow/dags/training_pipeline_dag.py for tasks to queue
[2026-08-08T21:11:26.437+0000] {logging_mixin.py:188} INFO - [2026-08-08T21:11:26.437+0000] {dagbag.py:545} INFO - Filling up the DagBag from /opt/airflow/dags/training_pipeline_dag.py
[2026-08-08T21:11:28.015+0000] {processor.py:840} INFO - DAG(s) 'training_pipeline' retrieved from /opt/airflow/dags/training_pipeline_dag.py
[2026-08-08T21:11:28.087+0000] {logging_mixin.py:188} INFO - [2026-08-08T21:11:28.084+0000] {dag.py:3089} INFO - Sync 1 DAGs
[2026-08-08T21:11:28.572+0000] {logging_mixin.py:188} INFO - [2026-08-08T21:11:28.571+0000] {dag.py:3947} INFO - Setting next_dagrun for training_pipeline to 2026-08-08 00:00:00+00:00, run_after=2026-08-09 00:00:00+00:00
[2026-08-08T21:11:28.619+0000] {processor.py:183} INFO - Processing /opt/airflow/dags/training_pipeline_dag.py took 2.212 seconds
[2026-08-08T21:11:59.169+0000] {processor.py:161} INFO - Started process (PID=1610) to work on /opt/airflow/dags/training_pipeline_dag.py
[2026-08-08T21:11:59.172+0000] {processor.py:830} INFO - Processing file /opt/airflow/dags/training_pipeline_dag.py for tasks to queue
[2026-08-08T21:11:59.177+0000] {logging_mixin.py:188} INFO - [2026-08-08T21:11:59.176+0000] {dagbag.py:545} INFO - Filling up the DagBag from /opt/airflow/dags/training_pipeline_dag.py
[2026-08-08T21:12:00.718+0000] {processor.py:840} INFO - DAG(s) 'training_pipeline' retrieved from /opt/airflow/dags/training_pipeline_dag.py
[2026-08-08T21:12:01.304+0000] {logging_mixin.py:188} INFO - [2026-08-08T21:12:01.302+0000] {dag.py:3089} INFO - Sync 1 DAGs
[2026-08-08T21:12:01.359+0000] {logging_mixin.py:188} INFO - [2026-08-08T21:12:01.358+0000] {dag.py:3947} INFO - Setting next_dagrun for training_pipeline to 2026-08-08 00:00:00+00:00, run_after=2026-08-09 00:00:00+00:00
[2026-08-08T21:12:01.396+0000] {processor.py:183} INFO - Processing /opt/airflow/dags/training_pipeline_dag.py took 2.249 seconds
[2026-08-08T21:12:31.993+0000] {processor.py:161} INFO - Started process (PID=1622) to work on /opt/airflow/dags/training_pipeline_dag.py
[2026-08-08T21:12:31.995+0000] {processor.py:830} INFO - Processing file /opt/airflow/dags/training_pipeline_dag.py for tasks to queue
[2026-08-08T21:12:32.001+0000] {logging_mixin.py:188} INFO - [2026-08-08T21:12:32.000+0000] {dagbag.py:545} INFO - Filling up the DagBag from /opt/airflow/dags/training_pipeline_dag.py
[2026-08-08T21:12:33.786+0000] {processor.py:840} INFO - DAG(s) 'training_pipeline' retrieved from /opt/airflow/dags/training_pipeline_dag.py
[2026-08-08T21:12:34.287+0000] {logging_mixin.py:188} INFO - [2026-08-08T21:12:34.286+0000] {dag.py:3089} INFO - Sync 1 DAGs
[2026-08-08T21:12:34.331+0000] {logging_mixin.py:188} INFO - [2026-08-08T21:12:34.330+0000] {dag.py:3947} INFO - Setting next_dagrun for training_pipeline to 2026-08-08 00:00:00+00:00, run_after=2026-08-09 00:00:00+00:00
[2026-08-08T21:12:34.377+0000] {processor.py:183} INFO - Processing /opt/airflow/dags/training_pipeline_dag.py took 2.340 seconds
[2026-08-08T21:13:05.296+0000] {processor.py:161} INFO - Started process (PID=1634) to work on /opt/airflow/dags/training_pipeline_dag.py
[2026-08-08T21:13:05.299+0000] {processor.py:830} INFO - Processing file /opt/airflow/dags/training_pipeline_dag.py for tasks to queue
[2026-08-08T21:13:05.304+0000] {logging_mixin.py:188} INFO - [2026-08-08T21:13:05.303+0000] {dagbag.py:545} INFO - Filling up the DagBag from /opt/airflow/dags/training_pipeline_dag.py
[2026-08-08T21:13:07.151+0000] {processor.py:840} INFO - DAG(s) 'training_pipeline' retrieved from /opt/airflow/dags/training_pipeline_dag.py
[2026-08-08T21:13:07.251+0000] {logging_mixin.py:188} INFO - [2026-08-08T21:13:07.250+0000] {dag.py:3089} INFO - Sync 1 DAGs
[2026-08-08T21:13:07.313+0000] {logging_mixin.py:188} INFO - [2026-08-08T21:13:07.312+0000] {dag.py:3947} INFO - Setting next_dagrun for training_pipeline to 2026-08-08 00:00:00+00:00, run_after=2026-08-09 00:00:00+00:00
[2026-08-08T21:13:07.353+0000] {processor.py:183} INFO - Processing /opt/airflow/dags/training_pipeline_dag.py took 2.072 seconds
[2026-08-08T21:13:37.930+0000] {processor.py:161} INFO - Started process (PID=1646) to work on /opt/airflow/dags/training_pipeline_dag.py
[2026-08-08T21:13:37.933+0000] {processor.py:830} INFO - Processing file /opt/airflow/dags/training_pipeline_dag.py for tasks to queue
[2026-08-08T21:13:37.940+0000] {logging_mixin.py:188} INFO - [2026-08-08T21:13:37.938+0000] {dagbag.py:545} INFO - Filling up the DagBag from /opt/airflow/dags/training_pipeline_dag.py
[2026-08-08T21:13:39.762+0000] {processor.py:840} INFO - DAG(s) 'training_pipeline' retrieved from /opt/airflow/dags/training_pipeline_dag.py
[2026-08-08T21:13:39.816+0000] {logging_mixin.py:188} INFO - [2026-08-08T21:13:39.815+0000] {dag.py:3089} INFO - Sync 1 DAGs
[2026-08-08T21:13:39.857+0000] {logging_mixin.py:188} INFO - [2026-08-08T21:13:39.857+0000] {dag.py:3947} INFO - Setting next_dagrun for training_pipeline to 2026-08-08 00:00:00+00:00, run_after=2026-08-09 00:00:00+00:00
[2026-08-08T21:13:39.896+0000] {processor.py:183} INFO - Processing /opt/airflow/dags/training_pipeline_dag.py took 1.990 seconds
[2026-08-08T21:14:10.427+0000] {processor.py:161} INFO - Started process (PID=1658) to work on /opt/airflow/dags/training_pipeline_dag.py
[2026-08-08T21:14:10.429+0000] {processor.py:830} INFO - Processing file /opt/airflow/dags/training_pipeline_dag.py for tasks to queue
[2026-08-08T21:14:10.435+0000] {logging_mixin.py:188} INFO - [2026-08-08T21:14:10.434+0000] {dagbag.py:545} INFO - Filling up the DagBag from /opt/airflow/dags/training_pipeline_dag.py
[2026-08-08T21:14:12.302+0000] {processor.py:840} INFO - DAG(s) 'training_pipeline' retrieved from /opt/airflow/dags/training_pipeline_dag.py
[2026-08-08T21:14:12.352+0000] {logging_mixin.py:188} INFO - [2026-08-08T21:14:12.351+0000] {dag.py:3089} INFO - Sync 1 DAGs
[2026-08-08T21:14:12.395+0000] {logging_mixin.py:188} INFO - [2026-08-08T21:14:12.394+0000] {dag.py:3947} INFO - Setting next_dagrun for training_pipeline to 2026-08-08 00:00:00+00:00, run_after=2026-08-09 00:00:00+00:00
[2026-08-08T21:14:12.433+0000] {processor.py:183} INFO - Processing /opt/airflow/dags/training_pipeline_dag.py took 2.023 seconds
[2026-08-08T21:14:43.014+0000] {processor.py:161} INFO - Started process (PID=1670) to work on /opt/airflow/dags/training_pipeline_dag.py
[2026-08-08T21:14:43.020+0000] {processor.py:830} INFO - Processing file /opt/airflow/dags/training_pipeline_dag.py for tasks to queue
[2026-08-08T21:14:43.027+0000] {logging_mixin.py:188} INFO - [2026-08-08T21:14:43.025+0000] {dagbag.py:545} INFO - Filling up the DagBag from /opt/airflow/dags/training_pipeline_dag.py
[2026-08-08T21:14:44.480+0000] {processor.py:840} INFO - DAG(s) 'training_pipeline' retrieved from /opt/airflow/dags/training_pipeline_dag.py
[2026-08-08T21:14:44.556+0000] {logging_mixin.py:188} INFO - [2026-08-08T21:14:44.553+0000] {dag.py:3089} INFO - Sync 1 DAGs
[2026-08-08T21:14:44.966+0000] {logging_mixin.py:188} INFO - [2026-08-08T21:14:44.965+0000] {dag.py:3947} INFO - Setting next_dagrun for training_pipeline to 2026-08-08 00:00:00+00:00, run_after=2026-08-09 00:00:00+00:00
[2026-08-08T21:14:45.007+0000] {processor.py:183} INFO - Processing /opt/airflow/dags/training_pipeline_dag.py took 2.019 seconds
[2026-08-08T21:15:15.700+0000] {processor.py:161} INFO - Started process (PID=1682) to work on /opt/airflow/dags/training_pipeline_dag.py
[2026-08-08T21:15:15.703+0000] {processor.py:830} INFO - Processing file /opt/airflow/dags/training_pipeline_dag.py for tasks to queue
[2026-08-08T21:15:15.709+0000] {logging_mixin.py:188} INFO - [2026-08-08T21:15:15.708+0000] {dagbag.py:545} INFO - Filling up the DagBag from /opt/airflow/dags/training_pipeline_dag.py
[2026-08-08T21:15:17.111+0000] {processor.py:840} INFO - DAG(s) 'training_pipeline' retrieved from /opt/airflow/dags/training_pipeline_dag.py
[2026-08-08T21:15:17.605+0000] {logging_mixin.py:188} INFO - [2026-08-08T21:15:17.604+0000] {dag.py:3089} INFO - Sync 1 DAGs
[2026-08-08T21:15:17.655+0000] {logging_mixin.py:188} INFO - [2026-08-08T21:15:17.654+0000] {dag.py:3947} INFO - Setting next_dagrun for training_pipeline to 2026-08-08 00:00:00+00:00, run_after=2026-08-09 00:00:00+00:00
[2026-08-08T21:15:17.760+0000] {processor.py:183} INFO - Processing /opt/airflow/dags/training_pipeline_dag.py took 2.076 seconds
[2026-08-08T21:15:48.354+0000] {processor.py:161} INFO - Started process (PID=1694) to work on /opt/airflow/dags/training_pipeline_dag.py
[2026-08-08T21:15:48.356+0000] {processor.py:830} INFO - Processing file /opt/airflow/dags/training_pipeline_dag.py for tasks to queue
[2026-08-08T21:15:48.361+0000] {logging_mixin.py:188} INFO - [2026-08-08T21:15:48.361+0000] {dagbag.py:545} INFO - Filling up the DagBag from /opt/airflow/dags/training_pipeline_dag.py
[2026-08-08T21:15:49.822+0000] {processor.py:840} INFO - DAG(s) 'training_pipeline' retrieved from /opt/airflow/dags/training_pipeline_dag.py
[2026-08-08T21:15:50.284+0000] {logging_mixin.py:188} INFO - [2026-08-08T21:15:50.283+0000] {dag.py:3089} INFO - Sync 1 DAGs
[2026-08-08T21:15:50.327+0000] {logging_mixin.py:188} INFO - [2026-08-08T21:15:50.326+0000] {dag.py:3947} INFO - Setting next_dagrun for training_pipeline to 2026-08-08 00:00:00+00:00, run_after=2026-08-09 00:00:00+00:00
[2026-08-08T21:15:50.364+0000] {processor.py:183} INFO - Processing /opt/airflow/dags/training_pipeline_dag.py took 2.026 seconds
[2026-08-08T21:16:20.901+0000] {processor.py:161} INFO - Started process (PID=1706) to work on /opt/airflow/dags/training_pipeline_dag.py
[2026-08-08T21:16:20.904+0000] {processor.py:830} INFO - Processing file /opt/airflow/dags/training_pipeline_dag.py for tasks to queue
[2026-08-08T21:16:20.908+0000] {logging_mixin.py:188} INFO - [2026-08-08T21:16:20.907+0000] {dagbag.py:545} INFO - Filling up the DagBag from /opt/airflow/dags/training_pipeline_dag.py
[2026-08-08T21:16:22.789+0000] {processor.py:840} INFO - DAG(s) 'training_pipeline' retrieved from /opt/airflow/dags/training_pipeline_dag.py
[2026-08-08T21:16:22.845+0000] {logging_mixin.py:188} INFO - [2026-08-08T21:16:22.844+0000] {dag.py:3089} INFO - Sync 1 DAGs
[2026-08-08T21:16:22.893+0000] {logging_mixin.py:188} INFO - [2026-08-08T21:16:22.892+0000] {dag.py:3947} INFO - Setting next_dagrun for training_pipeline to 2026-08-08 00:00:00+00:00, run_after=2026-08-09 00:00:00+00:00
[2026-08-08T21:16:22.928+0000] {processor.py:183} INFO - Processing /opt/airflow/dags/training_pipeline_dag.py took 2.043 seconds
[2026-08-08T21:16:53.656+0000] {processor.py:161} INFO - Started process (PID=1718) to work on /opt/airflow/dags/training_pipeline_dag.py
[2026-08-08T21:16:53.659+0000] {processor.py:830} INFO - Processing file /opt/airflow/dags/training_pipeline_dag.py for tasks to queue
[2026-08-08T21:16:53.665+0000] {logging_mixin.py:188} INFO - [2026-08-08T21:16:53.665+0000] {dagbag.py:545} INFO - Filling up the DagBag from /opt/airflow/dags/training_pipeline_dag.py
[2026-08-08T21:16:55.492+0000] {processor.py:840} INFO - DAG(s) 'training_pipeline' retrieved from /opt/airflow/dags/training_pipeline_dag.py
[2026-08-08T21:16:55.552+0000] {logging_mixin.py:188} INFO - [2026-08-08T21:16:55.551+0000] {dag.py:3089} INFO - Sync 1 DAGs
[2026-08-08T21:16:55.596+0000] {logging_mixin.py:188} INFO - [2026-08-08T21:16:55.595+0000] {dag.py:3947} INFO - Setting next_dagrun for training_pipeline to 2026-08-08 00:00:00+00:00, run_after=2026-08-09 00:00:00+00:00
[2026-08-08T21:16:55.634+0000] {processor.py:183} INFO - Processing /opt/airflow/dags/training_pipeline_dag.py took 1.992 seconds
[2026-08-08T21:17:26.229+0000] {processor.py:161} INFO - Started process (PID=1730) to work on /opt/airflow/dags/training_pipeline_dag.py
[2026-08-08T21:17:26.231+0000] {processor.py:830} INFO - Processing file /opt/airflow/dags/training_pipeline_dag.py for tasks to queue
[2026-08-08T21:17:26.236+0000] {logging_mixin.py:188} INFO - [2026-08-08T21:17:26.235+0000] {dagbag.py:545} INFO - Filling up the DagBag from /opt/airflow/dags/training_pipeline_dag.py
[2026-08-08T21:17:27.929+0000] {processor.py:840} INFO - DAG(s) 'training_pipeline' retrieved from /opt/airflow/dags/training_pipeline_dag.py
[2026-08-08T21:17:27.978+0000] {logging_mixin.py:188} INFO - [2026-08-08T21:17:27.977+0000] {dag.py:3089} INFO - Sync 1 DAGs
[2026-08-08T21:17:28.018+0000] {logging_mixin.py:188} INFO - [2026-08-08T21:17:28.017+0000] {dag.py:3947} INFO - Setting next_dagrun for training_pipeline to 2026-08-08 00:00:00+00:00, run_after=2026-08-09 00:00:00+00:00
[2026-08-08T21:17:28.055+0000] {processor.py:183} INFO - Processing /opt/airflow/dags/training_pipeline_dag.py took 1.841 seconds
[2026-08-08T21:17:58.669+0000] {processor.py:161} INFO - Started process (PID=1742) to work on /opt/airflow/dags/training_pipeline_dag.py
[2026-08-08T21:17:58.671+0000] {processor.py:830} INFO - Processing file /opt/airflow/dags/training_pipeline_dag.py for tasks to queue
[2026-08-08T21:17:58.677+0000] {logging_mixin.py:188} INFO - [2026-08-08T21:17:58.676+0000] {dagbag.py:545} INFO - Filling up the DagBag from /opt/airflow/dags/training_pipeline_dag.py
[2026-08-08T21:18:00.025+0000] {processor.py:840} INFO - DAG(s) 'training_pipeline' retrieved from /opt/airflow/dags/training_pipeline_dag.py
[2026-08-08T21:18:00.420+0000] {logging_mixin.py:188} INFO - [2026-08-08T21:18:00.094+0000] {dag.py:3089} INFO - Sync 1 DAGs
[2026-08-08T21:18:00.464+0000] {logging_mixin.py:188} INFO - [2026-08-08T21:18:00.464+0000] {dag.py:3947} INFO - Setting next_dagrun for training_pipeline to 2026-08-08 00:00:00+00:00, run_after=2026-08-09 00:00:00+00:00
[2026-08-08T21:18:00.507+0000] {processor.py:183} INFO - Processing /opt/airflow/dags/training_pipeline_dag.py took 1.854 seconds
[2026-08-08T21:18:31.024+0000] {processor.py:161} INFO - Started process (PID=1754) to work on /opt/airflow/dags/training_pipeline_dag.py
[2026-08-08T21:18:31.026+0000] {processor.py:830} INFO - Processing file /opt/airflow/dags/training_pipeline_dag.py for tasks to queue
[2026-08-08T21:18:31.030+0000] {logging_mixin.py:188} INFO - [2026-08-08T21:18:31.029+0000] {dagbag.py:545} INFO - Filling up the DagBag from /opt/airflow/dags/training_pipeline_dag.py
[2026-08-08T21:18:32.329+0000] {processor.py:840} INFO - DAG(s) 'training_pipeline' retrieved from /opt/airflow/dags/training_pipeline_dag.py
[2026-08-08T21:18:32.716+0000] {logging_mixin.py:188} INFO - [2026-08-08T21:18:32.715+0000] {dag.py:3089} INFO - Sync 1 DAGs
[2026-08-08T21:18:32.777+0000] {logging_mixin.py:188} INFO - [2026-08-08T21:18:32.776+0000] {dag.py:3947} INFO - Setting next_dagrun for training_pipeline to 2026-08-08 00:00:00+00:00, run_after=2026-08-09 00:00:00+00:00
[2026-08-08T21:18:32.814+0000] {processor.py:183} INFO - Processing /opt/airflow/dags/training_pipeline_dag.py took 1.806 seconds
[2026-08-08T21:19:03.356+0000] {processor.py:161} INFO - Started process (PID=1766) to work on /opt/airflow/dags/training_pipeline_dag.py
[2026-08-08T21:19:03.360+0000] {processor.py:830} INFO - Processing file /opt/airflow/dags/training_pipeline_dag.py for tasks to queue
[2026-08-08T21:19:03.366+0000] {logging_mixin.py:188} INFO - [2026-08-08T21:19:03.365+0000] {dagbag.py:545} INFO - Filling up the DagBag from /opt/airflow/dags/training_pipeline_dag.py
[2026-08-08T21:19:05.223+0000] {processor.py:840} INFO - DAG(s) 'training_pipeline' retrieved from /opt/airflow/dags/training_pipeline_dag.py
[2026-08-08T21:19:05.277+0000] {logging_mixin.py:188} INFO - [2026-08-08T21:19:05.276+0000] {dag.py:3089} INFO - Sync 1 DAGs
[2026-08-08T21:19:05.314+0000] {logging_mixin.py:188} INFO - [2026-08-08T21:19:05.314+0000] {dag.py:3947} INFO - Setting next_dagrun for training_pipeline to 2026-08-08 00:00:00+00:00, run_after=2026-08-09 00:00:00+00:00
[2026-08-08T21:19:05.351+0000] {processor.py:183} INFO - Processing /opt/airflow/dags/training_pipeline_dag.py took 2.017 seconds
[2026-08-08T21:19:35.870+0000] {processor.py:161} INFO - Started process (PID=1778) to work on /opt/airflow/dags/training_pipeline_dag.py
[2026-08-08T21:19:35.873+0000] {processor.py:830} INFO - Processing file /opt/airflow/dags/training_pipeline_dag.py for tasks to queue
[2026-08-08T21:19:35.880+0000] {logging_mixin.py:188} INFO - [2026-08-08T21:19:35.879+0000] {dagbag.py:545} INFO - Filling up the DagBag from /opt/airflow/dags/training_pipeline_dag.py
[2026-08-08T21:19:37.612+0000] {processor.py:840} INFO - DAG(s) 'training_pipeline' retrieved from /opt/airflow/dags/training_pipeline_dag.py
[2026-08-08T21:19:37.664+0000] {logging_mixin.py:188} INFO - [2026-08-08T21:19:37.663+0000] {dag.py:3089} INFO - Sync 1 DAGs
[2026-08-08T21:19:37.705+0000] {logging_mixin.py:188} INFO - [2026-08-08T21:19:37.704+0000] {dag.py:3947} INFO - Setting next_dagrun for training_pipeline to 2026-08-08 00:00:00+00:00, run_after=2026-08-09 00:00:00+00:00
[2026-08-08T21:19:37.758+0000] {processor.py:183} INFO - Processing /opt/airflow/dags/training_pipeline_dag.py took 1.905 seconds
[2026-08-08T21:20:08.438+0000] {processor.py:161} INFO - Started process (PID=1790) to work on /opt/airflow/dags/training_pipeline_dag.py
[2026-08-08T21:20:08.441+0000] {processor.py:830} INFO - Processing file /opt/airflow/dags/training_pipeline_dag.py for tasks to queue
[2026-08-08T21:20:08.446+0000] {logging_mixin.py:188} INFO - [2026-08-08T21:20:08.445+0000] {dagbag.py:545} INFO - Filling up the DagBag from /opt/airflow/dags/training_pipeline_dag.py
[2026-08-08T21:20:10.209+0000] {processor.py:840} INFO - DAG(s) 'training_pipeline' retrieved from /opt/airflow/dags/training_pipeline_dag.py
[2026-08-08T21:20:10.260+0000] {logging_mixin.py:188} INFO - [2026-08-08T21:20:10.259+0000] {dag.py:3089} INFO - Sync 1 DAGs
[2026-08-08T21:20:10.307+0000] {logging_mixin.py:188} INFO - [2026-08-08T21:20:10.307+0000] {dag.py:3947} INFO - Setting next_dagrun for training_pipeline to 2026-08-08 00:00:00+00:00, run_after=2026-08-09 00:00:00+00:00
[2026-08-08T21:20:10.344+0000] {processor.py:183} INFO - Processing /opt/airflow/dags/training_pipeline_dag.py took 1.927 seconds
[2026-08-08T21:20:40.898+0000] {processor.py:161} INFO - Started process (PID=1802) to work on /opt/airflow/dags/training_pipeline_dag.py
[2026-08-08T21:20:40.901+0000] {processor.py:830} INFO - Processing file /opt/airflow/dags/training_pipeline_dag.py for tasks to queue
[2026-08-08T21:20:40.907+0000] {logging_mixin.py:188} INFO - [2026-08-08T21:20:40.906+0000] {dagbag.py:545} INFO - Filling up the DagBag from /opt/airflow/dags/training_pipeline_dag.py
[2026-08-08T21:20:42.628+0000] {processor.py:840} INFO - DAG(s) 'training_pipeline' retrieved from /opt/airflow/dags/training_pipeline_dag.py
[2026-08-08T21:20:42.677+0000] {logging_mixin.py:188} INFO - [2026-08-08T21:20:42.676+0000] {dag.py:3089} INFO - Sync 1 DAGs
[2026-08-08T21:20:42.715+0000] {logging_mixin.py:188} INFO - [2026-08-08T21:20:42.715+0000] {dag.py:3947} INFO - Setting next_dagrun for training_pipeline to 2026-08-08 00:00:00+00:00, run_after=2026-08-09 00:00:00+00:00
[2026-08-08T21:20:42.755+0000] {processor.py:183} INFO - Processing /opt/airflow/dags/training_pipeline_dag.py took 1.880 seconds
[2026-08-08T21:21:13.064+0000] {processor.py:161} INFO - Started process (PID=1811) to work on /opt/airflow/dags/training_pipeline_dag.py
[2026-08-08T21:21:13.067+0000] {processor.py:830} INFO - Processing file /opt/airflow/dags/training_pipeline_dag.py for tasks to queue
[2026-08-08T21:21:13.073+0000] {logging_mixin.py:188} INFO - [2026-08-08T21:21:13.072+0000] {dagbag.py:545} INFO - Filling up the DagBag from /opt/airflow/dags/training_pipeline_dag.py
[2026-08-08T21:21:14.524+0000] {processor.py:840} INFO - DAG(s) 'training_pipeline' retrieved from /opt/airflow/dags/training_pipeline_dag.py
[2026-08-08T21:21:14.950+0000] {logging_mixin.py:188} INFO - [2026-08-08T21:21:14.949+0000] {dag.py:3089} INFO - Sync 1 DAGs
[2026-08-08T21:21:14.996+0000] {logging_mixin.py:188} INFO - [2026-08-08T21:21:14.995+0000] {dag.py:3947} INFO - Setting next_dagrun for training_pipeline to 2026-08-08 00:00:00+00:00, run_after=2026-08-09 00:00:00+00:00
[2026-08-08T21:21:15.037+0000] {processor.py:183} INFO - Processing /opt/airflow/dags/training_pipeline_dag.py took 1.993 seconds
[2026-08-08T21:21:45.592+0000] {processor.py:161} INFO - Started process (PID=1826) to work on /opt/airflow/dags/training_pipeline_dag.py
[2026-08-08T21:21:45.595+0000] {processor.py:830} INFO - Processing file /opt/airflow/dags/training_pipeline_dag.py for tasks to queue
[2026-08-08T21:21:45.602+0000] {logging_mixin.py:188} INFO - [2026-08-08T21:21:45.601+0000] {dagbag.py:545} INFO - Filling up the DagBag from /opt/airflow/dags/training_pipeline_dag.py
[2026-08-08T21:21:47.109+0000] {processor.py:840} INFO - DAG(s) 'training_pipeline' retrieved from /opt/airflow/dags/training_pipeline_dag.py
[2026-08-08T21:21:47.510+0000] {logging_mixin.py:188} INFO - [2026-08-08T21:21:47.509+0000] {dag.py:3089} INFO - Sync 1 DAGs
[2026-08-08T21:21:47.547+0000] {logging_mixin.py:188} INFO - [2026-08-08T21:21:47.546+0000] {dag.py:3947} INFO - Setting next_dagrun for training_pipeline to 2026-08-08 00:00:00+00:00, run_after=2026-08-09 00:00:00+00:00
[2026-08-08T21:21:47.582+0000] {processor.py:183} INFO - Processing /opt/airflow/dags/training_pipeline_dag.py took 2.009 seconds
[2026-08-08T21:22:18.106+0000] {processor.py:161} INFO - Started process (PID=1838) to work on /opt/airflow/dags/training_pipeline_dag.py
[2026-08-08T21:22:18.108+0000] {processor.py:830} INFO - Processing file /opt/airflow/dags/training_pipeline_dag.py for tasks to queue
[2026-08-08T21:22:18.114+0000] {logging_mixin.py:188} INFO - [2026-08-08T21:22:18.113+0000] {dagbag.py:545} INFO - Filling up the DagBag from /opt/airflow/dags/training_pipeline_dag.py
[2026-08-08T21:22:19.967+0000] {processor.py:840} INFO - DAG(s) 'training_pipeline' retrieved from /opt/airflow/dags/training_pipeline_dag.py
[2026-08-08T21:22:20.030+0000] {logging_mixin.py:188} INFO - [2026-08-08T21:22:20.029+0000] {dag.py:3089} INFO - Sync 1 DAGs
[2026-08-08T21:22:20.076+0000] {logging_mixin.py:188} INFO - [2026-08-08T21:22:20.076+0000] {dag.py:3947} INFO - Setting next_dagrun for training_pipeline to 2026-08-08 00:00:00+00:00, run_after=2026-08-09 00:00:00+00:00
[2026-08-08T21:22:20.114+0000] {processor.py:183} INFO - Processing /opt/airflow/dags/training_pipeline_dag.py took 2.027 seconds
[2026-08-08T21:22:50.639+0000] {processor.py:161} INFO - Started process (PID=1850) to work on /opt/airflow/dags/training_pipeline_dag.py
[2026-08-08T21:22:50.642+0000] {processor.py:830} INFO - Processing file /opt/airflow/dags/training_pipeline_dag.py for tasks to queue
[2026-08-08T21:22:50.649+0000] {logging_mixin.py:188} INFO - [2026-08-08T21:22:50.648+0000] {dagbag.py:545} INFO - Filling up the DagBag from /opt/airflow/dags/training_pipeline_dag.py
[2026-08-08T21:22:52.464+0000] {processor.py:840} INFO - DAG(s) 'training_pipeline' retrieved from /opt/airflow/dags/training_pipeline_dag.py
[2026-08-08T21:22:52.517+0000] {logging_mixin.py:188} INFO - [2026-08-08T21:22:52.515+0000] {dag.py:3089} INFO - Sync 1 DAGs
[2026-08-08T21:22:52.561+0000] {logging_mixin.py:188} INFO - [2026-08-08T21:22:52.560+0000] {dag.py:3947} INFO - Setting next_dagrun for training_pipeline to 2026-08-08 00:00:00+00:00, run_after=2026-08-09 00:00:00+00:00
[2026-08-08T21:22:52.599+0000] {processor.py:183} INFO - Processing /opt/airflow/dags/training_pipeline_dag.py took 1.981 seconds
[2026-08-08T21:23:23.265+0000] {processor.py:161} INFO - Started process (PID=1862) to work on /opt/airflow/dags/training_pipeline_dag.py
[2026-08-08T21:23:23.268+0000] {processor.py:830} INFO - Processing file /opt/airflow/dags/training_pipeline_dag.py for tasks to queue
[2026-08-08T21:23:23.274+0000] {logging_mixin.py:188} INFO - [2026-08-08T21:23:23.273+0000] {dagbag.py:545} INFO - Filling up the DagBag from /opt/airflow/dags/training_pipeline_dag.py
[2026-08-08T21:23:25.140+0000] {processor.py:840} INFO - DAG(s) 'training_pipeline' retrieved from /opt/airflow/dags/training_pipeline_dag.py
[2026-08-08T21:23:25.193+0000] {logging_mixin.py:188} INFO - [2026-08-08T21:23:25.192+0000] {dag.py:3089} INFO - Sync 1 DAGs
[2026-08-08T21:23:25.239+0000] {logging_mixin.py:188} INFO - [2026-08-08T21:23:25.238+0000] {dag.py:3947} INFO - Setting next_dagrun for training_pipeline to 2026-08-08 00:00:00+00:00, run_after=2026-08-09 00:00:00+00:00
[2026-08-08T21:23:25.274+0000] {processor.py:183} INFO - Processing /opt/airflow/dags/training_pipeline_dag.py took 2.032 seconds
[2026-08-08T21:23:55.712+0000] {processor.py:161} INFO - Started process (PID=1874) to work on /opt/airflow/dags/training_pipeline_dag.py
[2026-08-08T21:23:55.715+0000] {processor.py:830} INFO - Processing file /opt/airflow/dags/training_pipeline_dag.py for tasks to queue
[2026-08-08T21:23:55.720+0000] {logging_mixin.py:188} INFO - [2026-08-08T21:23:55.719+0000] {dagbag.py:545} INFO - Filling up the DagBag from /opt/airflow/dags/training_pipeline_dag.py
[2026-08-08T21:23:57.389+0000] {processor.py:840} INFO - DAG(s) 'training_pipeline' retrieved from /opt/airflow/dags/training_pipeline_dag.py
[2026-08-08T21:23:57.438+0000] {logging_mixin.py:188} INFO - [2026-08-08T21:23:57.435+0000] {dag.py:3089} INFO - Sync 1 DAGs
[2026-08-08T21:23:57.477+0000] {logging_mixin.py:188} INFO - [2026-08-08T21:23:57.476+0000] {dag.py:3947} INFO - Setting next_dagrun for training_pipeline to 2026-08-08 00:00:00+00:00, run_after=2026-08-09 00:00:00+00:00
[2026-08-08T21:23:57.513+0000] {processor.py:183} INFO - Processing /opt/airflow/dags/training_pipeline_dag.py took 1.817 seconds
[2026-08-08T21:24:28.055+0000] {processor.py:161} INFO - Started process (PID=1886) to work on /opt/airflow/dags/training_pipeline_dag.py
[2026-08-08T21:24:28.058+0000] {processor.py:830} INFO - Processing file /opt/airflow/dags/training_pipeline_dag.py for tasks to queue
[2026-08-08T21:24:28.063+0000] {logging_mixin.py:188} INFO - [2026-08-08T21:24:28.062+0000] {dagbag.py:545} INFO - Filling up the DagBag from /opt/airflow/dags/training_pipeline_dag.py
[2026-08-08T21:24:29.351+0000] {processor.py:840} INFO - DAG(s) 'training_pipeline' retrieved from /opt/airflow/dags/training_pipeline_dag.py
[2026-08-08T21:24:29.850+0000] {logging_mixin.py:188} INFO - [2026-08-08T21:24:29.849+0000] {dag.py:3089} INFO - Sync 1 DAGs
[2026-08-08T21:24:29.897+0000] {logging_mixin.py:188} INFO - [2026-08-08T21:24:29.896+0000] {dag.py:3947} INFO - Setting next_dagrun for training_pipeline to 2026-08-08 00:00:00+00:00, run_after=2026-08-09 00:00:00+00:00
[2026-08-08T21:24:29.938+0000] {processor.py:183} INFO - Processing /opt/airflow/dags/training_pipeline_dag.py took 1.902 seconds
[2026-08-08T21:25:00.646+0000] {processor.py:161} INFO - Started process (PID=1898) to work on /opt/airflow/dags/training_pipeline_dag.py
[2026-08-08T21:25:00.649+0000] {processor.py:830} INFO - Processing file /opt/airflow/dags/training_pipeline_dag.py for tasks to queue
[2026-08-08T21:25:00.656+0000] {logging_mixin.py:188} INFO - [2026-08-08T21:25:00.655+0000] {dagbag.py:545} INFO - Filling up the DagBag from /opt/airflow/dags/training_pipeline_dag.py
[2026-08-08T21:25:02.484+0000] {processor.py:840} INFO - DAG(s) 'training_pipeline' retrieved from /opt/airflow/dags/training_pipeline_dag.py
[2026-08-08T21:25:02.529+0000] {logging_mixin.py:188} INFO - [2026-08-08T21:25:02.528+0000] {dag.py:3089} INFO - Sync 1 DAGs
[2026-08-08T21:25:02.566+0000] {logging_mixin.py:188} INFO - [2026-08-08T21:25:02.565+0000] {dag.py:3947} INFO - Setting next_dagrun for training_pipeline to 2026-08-08 00:00:00+00:00, run_after=2026-08-09 00:00:00+00:00
[2026-08-08T21:25:02.600+0000] {processor.py:183} INFO - Processing /opt/airflow/dags/training_pipeline_dag.py took 1.978 seconds
[2026-08-08T21:25:33.130+0000] {processor.py:161} INFO - Started process (PID=1910) to work on /opt/airflow/dags/training_pipeline_dag.py
[2026-08-08T21:25:33.133+0000] {processor.py:830} INFO - Processing file /opt/airflow/dags/training_pipeline_dag.py for tasks to queue
[2026-08-08T21:25:33.139+0000] {logging_mixin.py:188} INFO - [2026-08-08T21:25:33.138+0000] {dagbag.py:545} INFO - Filling up the DagBag from /opt/airflow/dags/training_pipeline_dag.py
[2026-08-08T21:25:35.036+0000] {processor.py:840} INFO - DAG(s) 'training_pipeline' retrieved from /opt/airflow/dags/training_pipeline_dag.py
[2026-08-08T21:25:35.087+0000] {logging_mixin.py:188} INFO - [2026-08-08T21:25:35.087+0000] {dag.py:3089} INFO - Sync 1 DAGs
[2026-08-08T21:25:35.134+0000] {logging_mixin.py:188} INFO - [2026-08-08T21:25:35.133+0000] {dag.py:3947} INFO - Setting next_dagrun for training_pipeline to 2026-08-08 00:00:00+00:00, run_after=2026-08-09 00:00:00+00:00
[2026-08-08T21:25:35.167+0000] {processor.py:183} INFO - Processing /opt/airflow/dags/training_pipeline_dag.py took 2.059 seconds
[2026-08-08T21:26:05.614+0000] {processor.py:161} INFO - Started process (PID=1922) to work on /opt/airflow/dags/training_pipeline_dag.py
[2026-08-08T21:26:05.618+0000] {processor.py:830} INFO - Processing file /opt/airflow/dags/training_pipeline_dag.py for tasks to queue
[2026-08-08T21:26:05.624+0000] {logging_mixin.py:188} INFO - [2026-08-08T21:26:05.622+0000] {dagbag.py:545} INFO - Filling up the DagBag from /opt/airflow/dags/training_pipeline_dag.py
[2026-08-08T21:26:07.384+0000] {processor.py:840} INFO - DAG(s) 'training_pipeline' retrieved from /opt/airflow/dags/training_pipeline_dag.py
[2026-08-08T21:26:07.437+0000] {logging_mixin.py:188} INFO - [2026-08-08T21:26:07.436+0000] {dag.py:3089} INFO - Sync 1 DAGs
[2026-08-08T21:26:07.481+0000] {logging_mixin.py:188} INFO - [2026-08-08T21:26:07.481+0000] {dag.py:3947} INFO - Setting next_dagrun for training_pipeline to 2026-08-08 00:00:00+00:00, run_after=2026-08-09 00:00:00+00:00
[2026-08-08T21:26:07.513+0000] {processor.py:183} INFO - Processing /opt/airflow/dags/training_pipeline_dag.py took 1.921 seconds
[2026-08-08T21:26:37.974+0000] {processor.py:161} INFO - Started process (PID=1934) to work on /opt/airflow/dags/training_pipeline_dag.py
[2026-08-08T21:26:37.976+0000] {processor.py:830} INFO - Processing file /opt/airflow/dags/training_pipeline_dag.py for tasks to queue
[2026-08-08T21:26:37.981+0000] {logging_mixin.py:188} INFO - [2026-08-08T21:26:37.980+0000] {dagbag.py:545} INFO - Filling up the DagBag from /opt/airflow/dags/training_pipeline_dag.py
[2026-08-08T21:26:39.729+0000] {processor.py:840} INFO - DAG(s) 'training_pipeline' retrieved from /opt/airflow/dags/training_pipeline_dag.py
[2026-08-08T21:26:39.776+0000] {logging_mixin.py:188} INFO - [2026-08-08T21:26:39.775+0000] {dag.py:3089} INFO - Sync 1 DAGs
[2026-08-08T21:26:39.815+0000] {logging_mixin.py:188} INFO - [2026-08-08T21:26:39.814+0000] {dag.py:3947} INFO - Setting next_dagrun for training_pipeline to 2026-08-08 00:00:00+00:00, run_after=2026-08-09 00:00:00+00:00
[2026-08-08T21:26:39.850+0000] {processor.py:183} INFO - Processing /opt/airflow/dags/training_pipeline_dag.py took 1.893 seconds
[2026-08-08T21:27:10.430+0000] {processor.py:161} INFO - Started process (PID=1946) to work on /opt/airflow/dags/training_pipeline_dag.py
[2026-08-08T21:27:10.433+0000] {processor.py:830} INFO - Processing file /opt/airflow/dags/training_pipeline_dag.py for tasks to queue
[2026-08-08T21:27:10.439+0000] {logging_mixin.py:188} INFO - [2026-08-08T21:27:10.438+0000] {dagbag.py:545} INFO - Filling up the DagBag from /opt/airflow/dags/training_pipeline_dag.py
[2026-08-08T21:27:11.821+0000] {processor.py:840} INFO - DAG(s) 'training_pipeline' retrieved from /opt/airflow/dags/training_pipeline_dag.py
[2026-08-08T21:27:12.377+0000] {logging_mixin.py:188} INFO - [2026-08-08T21:27:12.376+0000] {dag.py:3089} INFO - Sync 1 DAGs
[2026-08-08T21:27:12.419+0000] {logging_mixin.py:188} INFO - [2026-08-08T21:27:12.419+0000] {dag.py:3947} INFO - Setting next_dagrun for training_pipeline to 2026-08-08 00:00:00+00:00, run_after=2026-08-09 00:00:00+00:00
[2026-08-08T21:27:12.458+0000] {processor.py:183} INFO - Processing /opt/airflow/dags/training_pipeline_dag.py took 2.045 seconds
[2026-08-08T21:27:43.071+0000] {processor.py:161} INFO - Started process (PID=1958) to work on /opt/airflow/dags/training_pipeline_dag.py
[2026-08-08T21:27:43.075+0000] {processor.py:830} INFO - Processing file /opt/airflow/dags/training_pipeline_dag.py for tasks to queue
[2026-08-08T21:27:43.083+0000] {logging_mixin.py:188} INFO - [2026-08-08T21:27:43.081+0000] {dagbag.py:545} INFO - Filling up the DagBag from /opt/airflow/dags/training_pipeline_dag.py
[2026-08-08T21:27:44.482+0000] {processor.py:840} INFO - DAG(s) 'training_pipeline' retrieved from /opt/airflow/dags/training_pipeline_dag.py
[2026-08-08T21:27:44.955+0000] {logging_mixin.py:188} INFO - [2026-08-08T21:27:44.954+0000] {dag.py:3089} INFO - Sync 1 DAGs
[2026-08-08T21:27:44.998+0000] {logging_mixin.py:188} INFO - [2026-08-08T21:27:44.997+0000] {dag.py:3947} INFO - Setting next_dagrun for training_pipeline to 2026-08-08 00:00:00+00:00, run_after=2026-08-09 00:00:00+00:00
[2026-08-08T21:27:45.042+0000] {processor.py:183} INFO - Processing /opt/airflow/dags/training_pipeline_dag.py took 2.003 seconds
[2026-08-08T21:28:15.801+0000] {processor.py:161} INFO - Started process (PID=1970) to work on /opt/airflow/dags/training_pipeline_dag.py
[2026-08-08T21:28:15.804+0000] {processor.py:830} INFO - Processing file /opt/airflow/dags/training_pipeline_dag.py for tasks to queue
[2026-08-08T21:28:15.813+0000] {logging_mixin.py:188} INFO - [2026-08-08T21:28:15.812+0000] {dagbag.py:545} INFO - Filling up the DagBag from /opt/airflow/dags/training_pipeline_dag.py
[2026-08-08T21:28:17.829+0000] {processor.py:840} INFO - DAG(s) 'training_pipeline' retrieved from /opt/airflow/dags/training_pipeline_dag.py
[2026-08-08T21:28:17.880+0000] {logging_mixin.py:188} INFO - [2026-08-08T21:28:17.879+0000] {dag.py:3089} INFO - Sync 1 DAGs
[2026-08-08T21:28:17.922+0000] {logging_mixin.py:188} INFO - [2026-08-08T21:28:17.922+0000] {dag.py:3947} INFO - Setting next_dagrun for training_pipeline to 2026-08-08 00:00:00+00:00, run_after=2026-08-09 00:00:00+00:00
[2026-08-08T21:28:17.965+0000] {processor.py:183} INFO - Processing /opt/airflow/dags/training_pipeline_dag.py took 2.186 seconds
[2026-08-08T21:28:48.193+0000] {processor.py:161} INFO - Started process (PID=1982) to work on /opt/airflow/dags/training_pipeline_dag.py
[2026-08-08T21:28:48.195+0000] {processor.py:830} INFO - Processing file /opt/airflow/dags/training_pipeline_dag.py for tasks to queue
[2026-08-08T21:28:48.201+0000] {logging_mixin.py:188} INFO - [2026-08-08T21:28:48.200+0000] {dagbag.py:545} INFO - Filling up the DagBag from /opt/airflow/dags/training_pipeline_dag.py
[2026-08-08T21:28:49.982+0000] {processor.py:840} INFO - DAG(s) 'training_pipeline' retrieved from /opt/airflow/dags/training_pipeline_dag.py
[2026-08-08T21:28:50.035+0000] {logging_mixin.py:188} INFO - [2026-08-08T21:28:50.034+0000] {dag.py:3089} INFO - Sync 1 DAGs
[2026-08-08T21:28:50.076+0000] {logging_mixin.py:188} INFO - [2026-08-08T21:28:50.076+0000] {dag.py:3947} INFO - Setting next_dagrun for training_pipeline to 2026-08-08 00:00:00+00:00, run_after=2026-08-09 00:00:00+00:00
[2026-08-08T21:28:50.116+0000] {processor.py:183} INFO - Processing /opt/airflow/dags/training_pipeline_dag.py took 1.945 seconds
[2026-08-08T21:29:20.812+0000] {processor.py:161} INFO - Started process (PID=1994) to work on /opt/airflow/dags/training_pipeline_dag.py
[2026-08-08T21:29:20.815+0000] {processor.py:830} INFO - Processing file /opt/airflow/dags/training_pipeline_dag.py for tasks to queue
[2026-08-08T21:29:20.819+0000] {logging_mixin.py:188} INFO - [2026-08-08T21:29:20.819+0000] {dagbag.py:545} INFO - Filling up the DagBag from /opt/airflow/dags/training_pipeline_dag.py
[2026-08-08T21:29:22.594+0000] {processor.py:840} INFO - DAG(s) 'training_pipeline' retrieved from /opt/airflow/dags/training_pipeline_dag.py
[2026-08-08T21:29:22.642+0000] {logging_mixin.py:188} INFO - [2026-08-08T21:29:22.641+0000] {dag.py:3089} INFO - Sync 1 DAGs
[2026-08-08T21:29:22.688+0000] {logging_mixin.py:188} INFO - [2026-08-08T21:29:22.687+0000] {dag.py:3947} INFO - Setting next_dagrun for training_pipeline to 2026-08-08 00:00:00+00:00, run_after=2026-08-09 00:00:00+00:00
[2026-08-08T21:29:22.724+0000] {processor.py:183} INFO - Processing /opt/airflow/dags/training_pipeline_dag.py took 1.927 seconds
[2026-08-08T21:29:53.274+0000] {processor.py:161} INFO - Started process (PID=2006) to work on /opt/airflow/dags/training_pipeline_dag.py
[2026-08-08T21:29:53.276+0000] {processor.py:830} INFO - Processing file /opt/airflow/dags/training_pipeline_dag.py for tasks to queue
[2026-08-08T21:29:53.281+0000] {logging_mixin.py:188} INFO - [2026-08-08T21:29:53.280+0000] {dagbag.py:545} INFO - Filling up the DagBag from /opt/airflow/dags/training_pipeline_dag.py
[2026-08-08T21:29:55.243+0000] {processor.py:840} INFO - DAG(s) 'training_pipeline' retrieved from /opt/airflow/dags/training_pipeline_dag.py
[2026-08-08T21:29:55.298+0000] {logging_mixin.py:188} INFO - [2026-08-08T21:29:55.296+0000] {dag.py:3089} INFO - Sync 1 DAGs
[2026-08-08T21:29:55.345+0000] {logging_mixin.py:188} INFO - [2026-08-08T21:29:55.344+0000] {dag.py:3947} INFO - Setting next_dagrun for training_pipeline to 2026-08-08 00:00:00+00:00, run_after=2026-08-09 00:00:00+00:00
[2026-08-08T21:29:55.380+0000] {processor.py:183} INFO - Processing /opt/airflow/dags/training_pipeline_dag.py took 2.125 seconds
[2026-08-08T21:30:26.064+0000] {processor.py:161} INFO - Started process (PID=2018) to work on /opt/airflow/dags/training_pipeline_dag.py
[2026-08-08T21:30:26.067+0000] {processor.py:830} INFO - Processing file /opt/airflow/dags/training_pipeline_dag.py for tasks to queue
[2026-08-08T21:30:26.074+0000] {logging_mixin.py:188} INFO - [2026-08-08T21:30:26.073+0000] {dagbag.py:545} INFO - Filling up the DagBag from /opt/airflow/dags/training_pipeline_dag.py
[2026-08-08T21:30:27.397+0000] {processor.py:840} INFO - DAG(s) 'training_pipeline' retrieved from /opt/airflow/dags/training_pipeline_dag.py
[2026-08-08T21:30:27.777+0000] {logging_mixin.py:188} INFO - [2026-08-08T21:30:27.777+0000] {dag.py:3089} INFO - Sync 1 DAGs
[2026-08-08T21:30:27.828+0000] {logging_mixin.py:188} INFO - [2026-08-08T21:30:27.827+0000] {dag.py:3947} INFO - Setting next_dagrun for training_pipeline to 2026-08-08 00:00:00+00:00, run_after=2026-08-09 00:00:00+00:00
[2026-08-08T21:30:27.867+0000] {processor.py:183} INFO - Processing /opt/airflow/dags/training_pipeline_dag.py took 1.821 seconds
[2026-08-08T21:30:58.487+0000] {processor.py:161} INFO - Started process (PID=2030) to work on /opt/airflow/dags/training_pipeline_dag.py
[2026-08-08T21:30:58.490+0000] {processor.py:830} INFO - Processing file /opt/airflow/dags/training_pipeline_dag.py for tasks to queue
[2026-08-08T21:30:58.495+0000] {logging_mixin.py:188} INFO - [2026-08-08T21:30:58.495+0000] {dagbag.py:545} INFO - Filling up the DagBag from /opt/airflow/dags/training_pipeline_dag.py
[2026-08-08T21:31:00.372+0000] {processor.py:840} INFO - DAG(s) 'training_pipeline' retrieved from /opt/airflow/dags/training_pipeline_dag.py
[2026-08-08T21:31:00.429+0000] {logging_mixin.py:188} INFO - [2026-08-08T21:31:00.428+0000] {dag.py:3089} INFO - Sync 1 DAGs
[2026-08-08T21:31:00.479+0000] {logging_mixin.py:188} INFO - [2026-08-08T21:31:00.478+0000] {dag.py:3947} INFO - Setting next_dagrun for training_pipeline to 2026-08-08 00:00:00+00:00, run_after=2026-08-09 00:00:00+00:00
[2026-08-08T21:31:00.519+0000] {processor.py:183} INFO - Processing /opt/airflow/dags/training_pipeline_dag.py took 2.050 seconds
[2026-08-08T21:31:31.020+0000] {processor.py:161} INFO - Started process (PID=2042) to work on /opt/airflow/dags/training_pipeline_dag.py
[2026-08-08T21:31:31.023+0000] {processor.py:830} INFO - Processing file /opt/airflow/dags/training_pipeline_dag.py for tasks to queue
[2026-08-08T21:31:31.027+0000] {logging_mixin.py:188} INFO - [2026-08-08T21:31:31.026+0000] {dagbag.py:545} INFO - Filling up the DagBag from /opt/airflow/dags/training_pipeline_dag.py
[2026-08-08T21:31:32.796+0000] {processor.py:840} INFO - DAG(s) 'training_pipeline' retrieved from /opt/airflow/dags/training_pipeline_dag.py
[2026-08-08T21:31:32.842+0000] {logging_mixin.py:188} INFO - [2026-08-08T21:31:32.842+0000] {dag.py:3089} INFO - Sync 1 DAGs
[2026-08-08T21:31:32.879+0000] {logging_mixin.py:188} INFO - [2026-08-08T21:31:32.878+0000] {dag.py:3947} INFO - Setting next_dagrun for training_pipeline to 2026-08-08 00:00:00+00:00, run_after=2026-08-09 00:00:00+00:00
[2026-08-08T21:31:32.915+0000] {processor.py:183} INFO - Processing /opt/airflow/dags/training_pipeline_dag.py took 1.939 seconds
[2026-08-08T21:55:11.137+0000] {processor.py:161} INFO - Started process (PID=2054) to work on /opt/airflow/dags/training_pipeline_dag.py
[2026-08-08T21:55:11.140+0000] {processor.py:830} INFO - Processing file /opt/airflow/dags/training_pipeline_dag.py for tasks to queue
[2026-08-08T21:55:11.145+0000] {logging_mixin.py:188} INFO - [2026-08-08T21:55:11.144+0000] {dagbag.py:545} INFO - Filling up the DagBag from /opt/airflow/dags/training_pipeline_dag.py
[2026-08-08T21:55:14.292+0000] {processor.py:840} INFO - DAG(s) 'training_pipeline' retrieved from /opt/airflow/dags/training_pipeline_dag.py
[2026-08-08T21:55:14.383+0000] {logging_mixin.py:188} INFO - [2026-08-08T21:55:14.381+0000] {dag.py:3089} INFO - Sync 1 DAGs
[2026-08-08T21:55:14.447+0000] {logging_mixin.py:188} INFO - [2026-08-08T21:55:14.447+0000] {dag.py:3947} INFO - Setting next_dagrun for training_pipeline to 2026-08-08 00:00:00+00:00, run_after=2026-08-09 00:00:00+00:00
[2026-08-08T21:55:14.508+0000] {processor.py:183} INFO - Processing /opt/airflow/dags/training_pipeline_dag.py took 3.420 seconds
[2026-08-08T21:55:44.964+0000] {processor.py:161} INFO - Started process (PID=2066) to work on /opt/airflow/dags/training_pipeline_dag.py
[2026-08-08T21:55:44.967+0000] {processor.py:830} INFO - Processing file /opt/airflow/dags/training_pipeline_dag.py for tasks to queue
[2026-08-08T21:55:44.974+0000] {logging_mixin.py:188} INFO - [2026-08-08T21:55:44.973+0000] {dagbag.py:545} INFO - Filling up the DagBag from /opt/airflow/dags/training_pipeline_dag.py
[2026-08-08T21:55:46.606+0000] {processor.py:840} INFO - DAG(s) 'training_pipeline' retrieved from /opt/airflow/dags/training_pipeline_dag.py
[2026-08-08T21:55:46.652+0000] {logging_mixin.py:188} INFO - [2026-08-08T21:55:46.650+0000] {dag.py:3089} INFO - Sync 1 DAGs
[2026-08-08T21:55:46.689+0000] {logging_mixin.py:188} INFO - [2026-08-08T21:55:46.689+0000] {dag.py:3947} INFO - Setting next_dagrun for training_pipeline to 2026-08-08 00:00:00+00:00, run_after=2026-08-09 00:00:00+00:00
[2026-08-08T21:55:46.726+0000] {processor.py:183} INFO - Processing /opt/airflow/dags/training_pipeline_dag.py took 1.775 seconds
[2026-08-08T21:56:17.172+0000] {processor.py:161} INFO - Started process (PID=2078) to work on /opt/airflow/dags/training_pipeline_dag.py
[2026-08-08T21:56:17.175+0000] {processor.py:830} INFO - Processing file /opt/airflow/dags/training_pipeline_dag.py for tasks to queue
[2026-08-08T21:56:17.181+0000] {logging_mixin.py:188} INFO - [2026-08-08T21:56:17.180+0000] {dagbag.py:545} INFO - Filling up the DagBag from /opt/airflow/dags/training_pipeline_dag.py
[2026-08-08T21:56:18.595+0000] {processor.py:840} INFO - DAG(s) 'training_pipeline' retrieved from /opt/airflow/dags/training_pipeline_dag.py
[2026-08-08T21:56:18.637+0000] {logging_mixin.py:188} INFO - [2026-08-08T21:56:18.636+0000] {dag.py:3089} INFO - Sync 1 DAGs
[2026-08-08T21:56:18.666+0000] {logging_mixin.py:188} INFO - [2026-08-08T21:56:18.666+0000] {dag.py:3947} INFO - Setting next_dagrun for training_pipeline to 2026-08-08 00:00:00+00:00, run_after=2026-08-09 00:00:00+00:00
[2026-08-08T21:56:18.695+0000] {processor.py:183} INFO - Processing /opt/airflow/dags/training_pipeline_dag.py took 1.537 seconds
[2026-08-08T21:56:49.166+0000] {processor.py:161} INFO - Started process (PID=2090) to work on /opt/airflow/dags/training_pipeline_dag.py
[2026-08-08T21:56:49.169+0000] {processor.py:830} INFO - Processing file /opt/airflow/dags/training_pipeline_dag.py for tasks to queue
[2026-08-08T21:56:49.175+0000] {logging_mixin.py:188} INFO - [2026-08-08T21:56:49.174+0000] {dagbag.py:545} INFO - Filling up the DagBag from /opt/airflow/dags/training_pipeline_dag.py
[2026-08-08T21:56:50.575+0000] {processor.py:840} INFO - DAG(s) 'training_pipeline' retrieved from /opt/airflow/dags/training_pipeline_dag.py
[2026-08-08T21:56:51.036+0000] {logging_mixin.py:188} INFO - [2026-08-08T21:56:51.035+0000] {dag.py:3089} INFO - Sync 1 DAGs
[2026-08-08T21:56:51.078+0000] {logging_mixin.py:188} INFO - [2026-08-08T21:56:51.078+0000] {dag.py:3947} INFO - Setting next_dagrun for training_pipeline to 2026-08-08 00:00:00+00:00, run_after=2026-08-09 00:00:00+00:00
[2026-08-08T21:56:51.115+0000] {processor.py:183} INFO - Processing /opt/airflow/dags/training_pipeline_dag.py took 1.969 seconds
[2026-08-08T21:57:21.657+0000] {processor.py:161} INFO - Started process (PID=2102) to work on /opt/airflow/dags/training_pipeline_dag.py
[2026-08-08T21:57:21.660+0000] {processor.py:830} INFO - Processing file /opt/airflow/dags/training_pipeline_dag.py for tasks to queue
[2026-08-08T21:57:21.667+0000] {logging_mixin.py:188} INFO - [2026-08-08T21:57:21.666+0000] {dagbag.py:545} INFO - Filling up the DagBag from /opt/airflow/dags/training_pipeline_dag.py
[2026-08-08T21:57:23.563+0000] {processor.py:840} INFO - DAG(s) 'training_pipeline' retrieved from /opt/airflow/dags/training_pipeline_dag.py
[2026-08-08T21:57:23.642+0000] {logging_mixin.py:188} INFO - [2026-08-08T21:57:23.641+0000] {dag.py:3089} INFO - Sync 1 DAGs
[2026-08-08T21:57:23.683+0000] {logging_mixin.py:188} INFO - [2026-08-08T21:57:23.682+0000] {dag.py:3947} INFO - Setting next_dagrun for training_pipeline to 2026-08-08 00:00:00+00:00, run_after=2026-08-09 00:00:00+00:00
[2026-08-08T21:57:23.713+0000] {processor.py:183} INFO - Processing /opt/airflow/dags/training_pipeline_dag.py took 2.079 seconds
[2026-08-08T21:57:54.159+0000] {processor.py:161} INFO - Started process (PID=2114) to work on /opt/airflow/dags/training_pipeline_dag.py
[2026-08-08T21:57:54.161+0000] {processor.py:830} INFO - Processing file /opt/airflow/dags/training_pipeline_dag.py for tasks to queue
[2026-08-08T21:57:54.166+0000] {logging_mixin.py:188} INFO - [2026-08-08T21:57:54.165+0000] {dagbag.py:545} INFO - Filling up the DagBag from /opt/airflow/dags/training_pipeline_dag.py
[2026-08-08T21:57:55.995+0000] {processor.py:840} INFO - DAG(s) 'training_pipeline' retrieved from /opt/airflow/dags/training_pipeline_dag.py
[2026-08-08T21:57:56.046+0000] {logging_mixin.py:188} INFO - [2026-08-08T21:57:56.045+0000] {dag.py:3089} INFO - Sync 1 DAGs
[2026-08-08T21:57:56.088+0000] {logging_mixin.py:188} INFO - [2026-08-08T21:57:56.087+0000] {dag.py:3947} INFO - Setting next_dagrun for training_pipeline to 2026-08-08 00:00:00+00:00, run_after=2026-08-09 00:00:00+00:00
[2026-08-08T21:57:56.126+0000] {processor.py:183} INFO - Processing /opt/airflow/dags/training_pipeline_dag.py took 1.983 seconds
[2026-08-08T21:58:26.666+0000] {processor.py:161} INFO - Started process (PID=2126) to work on /opt/airflow/dags/training_pipeline_dag.py
[2026-08-08T21:58:26.668+0000] {processor.py:830} INFO - Processing file /opt/airflow/dags/training_pipeline_dag.py for tasks to queue
[2026-08-08T21:58:26.674+0000] {logging_mixin.py:188} INFO - [2026-08-08T21:58:26.673+0000] {dagbag.py:545} INFO - Filling up the DagBag from /opt/airflow/dags/training_pipeline_dag.py
[2026-08-08T21:58:28.393+0000] {processor.py:840} INFO - DAG(s) 'training_pipeline' retrieved from /opt/airflow/dags/training_pipeline_dag.py
[2026-08-08T21:58:28.443+0000] {logging_mixin.py:188} INFO - [2026-08-08T21:58:28.442+0000] {dag.py:3089} INFO - Sync 1 DAGs
[2026-08-08T21:58:28.484+0000] {logging_mixin.py:188} INFO - [2026-08-08T21:58:28.483+0000] {dag.py:3947} INFO - Setting next_dagrun for training_pipeline to 2026-08-08 00:00:00+00:00, run_after=2026-08-09 00:00:00+00:00
[2026-08-08T21:58:28.518+0000] {processor.py:183} INFO - Processing /opt/airflow/dags/training_pipeline_dag.py took 1.870 seconds
[2026-08-08T21:58:59.075+0000] {processor.py:161} INFO - Started process (PID=2138) to work on /opt/airflow/dags/training_pipeline_dag.py
[2026-08-08T21:58:59.077+0000] {processor.py:830} INFO - Processing file /opt/airflow/dags/training_pipeline_dag.py for tasks to queue
[2026-08-08T21:58:59.082+0000] {logging_mixin.py:188} INFO - [2026-08-08T21:58:59.081+0000] {dagbag.py:545} INFO - Filling up the DagBag from /opt/airflow/dags/training_pipeline_dag.py
[2026-08-08T21:59:00.849+0000] {processor.py:840} INFO - DAG(s) 'training_pipeline' retrieved from /opt/airflow/dags/training_pipeline_dag.py
[2026-08-08T21:59:00.911+0000] {logging_mixin.py:188} INFO - [2026-08-08T21:59:00.908+0000] {dag.py:3089} INFO - Sync 1 DAGs
[2026-08-08T21:59:00.961+0000] {logging_mixin.py:188} INFO - [2026-08-08T21:59:00.960+0000] {dag.py:3947} INFO - Setting next_dagrun for training_pipeline to 2026-08-08 00:00:00+00:00, run_after=2026-08-09 00:00:00+00:00
[2026-08-08T21:59:01.000+0000] {processor.py:183} INFO - Processing /opt/airflow/dags/training_pipeline_dag.py took 1.943 seconds
[2026-08-08T21:59:31.546+0000] {processor.py:161} INFO - Started process (PID=2150) to work on /opt/airflow/dags/training_pipeline_dag.py
[2026-08-08T21:59:31.548+0000] {processor.py:830} INFO - Processing file /opt/airflow/dags/training_pipeline_dag.py for tasks to queue
[2026-08-08T21:59:31.553+0000] {logging_mixin.py:188} INFO - [2026-08-08T21:59:31.552+0000] {dagbag.py:545} INFO - Filling up the DagBag from /opt/airflow/dags/training_pipeline_dag.py
[2026-08-08T21:59:32.807+0000] {processor.py:840} INFO - DAG(s) 'training_pipeline' retrieved from /opt/airflow/dags/training_pipeline_dag.py
[2026-08-08T21:59:33.250+0000] {logging_mixin.py:188} INFO - [2026-08-08T21:59:33.249+0000] {dag.py:3089} INFO - Sync 1 DAGs
[2026-08-08T21:59:33.287+0000] {logging_mixin.py:188} INFO - [2026-08-08T21:59:33.286+0000] {dag.py:3947} INFO - Setting next_dagrun for training_pipeline to 2026-08-08 00:00:00+00:00, run_after=2026-08-09 00:00:00+00:00
[2026-08-08T21:59:33.321+0000] {processor.py:183} INFO - Processing /opt/airflow/dags/training_pipeline_dag.py took 1.793 seconds
[2026-08-08T22:00:03.892+0000] {processor.py:161} INFO - Started process (PID=2163) to work on /opt/airflow/dags/training_pipeline_dag.py
[2026-08-08T22:00:03.895+0000] {processor.py:830} INFO - Processing file /opt/airflow/dags/training_pipeline_dag.py for tasks to queue
[2026-08-08T22:00:03.903+0000] {logging_mixin.py:188} INFO - [2026-08-08T22:00:03.902+0000] {dagbag.py:545} INFO - Filling up the DagBag from /opt/airflow/dags/training_pipeline_dag.py
[2026-08-08T22:00:05.792+0000] {processor.py:840} INFO - DAG(s) 'training_pipeline' retrieved from /opt/airflow/dags/training_pipeline_dag.py
[2026-08-08T22:00:05.839+0000] {logging_mixin.py:188} INFO - [2026-08-08T22:00:05.838+0000] {dag.py:3089} INFO - Sync 1 DAGs
[2026-08-08T22:00:05.879+0000] {logging_mixin.py:188} INFO - [2026-08-08T22:00:05.878+0000] {dag.py:3947} INFO - Setting next_dagrun for training_pipeline to 2026-08-08 00:00:00+00:00, run_after=2026-08-09 00:00:00+00:00
[2026-08-08T22:00:05.915+0000] {processor.py:183} INFO - Processing /opt/airflow/dags/training_pipeline_dag.py took 2.045 seconds
[2026-08-08T22:00:36.576+0000] {processor.py:161} INFO - Started process (PID=2177) to work on /opt/airflow/dags/training_pipeline_dag.py
[2026-08-08T22:00:36.579+0000] {processor.py:830} INFO - Processing file /opt/airflow/dags/training_pipeline_dag.py for tasks to queue
[2026-08-08T22:00:36.584+0000] {logging_mixin.py:188} INFO - [2026-08-08T22:00:36.583+0000] {dagbag.py:545} INFO - Filling up the DagBag from /opt/airflow/dags/training_pipeline_dag.py
[2026-08-08T22:00:38.439+0000] {processor.py:840} INFO - DAG(s) 'training_pipeline' retrieved from /opt/airflow/dags/training_pipeline_dag.py
[2026-08-08T22:00:38.497+0000] {logging_mixin.py:188} INFO - [2026-08-08T22:00:38.496+0000] {dag.py:3089} INFO - Sync 1 DAGs
[2026-08-08T22:00:38.541+0000] {logging_mixin.py:188} INFO - [2026-08-08T22:00:38.540+0000] {dag.py:3947} INFO - Setting next_dagrun for training_pipeline to 2026-08-08 00:00:00+00:00, run_after=2026-08-09 00:00:00+00:00
[2026-08-08T22:00:38.580+0000] {processor.py:183} INFO - Processing /opt/airflow/dags/training_pipeline_dag.py took 2.030 seconds
[2026-08-08T22:01:08.988+0000] {processor.py:161} INFO - Started process (PID=2189) to work on /opt/airflow/dags/training_pipeline_dag.py
[2026-08-08T22:01:08.991+0000] {processor.py:830} INFO - Processing file /opt/airflow/dags/training_pipeline_dag.py for tasks to queue
[2026-08-08T22:01:08.995+0000] {logging_mixin.py:188} INFO - [2026-08-08T22:01:08.995+0000] {dagbag.py:545} INFO - Filling up the DagBag from /opt/airflow/dags/training_pipeline_dag.py
[2026-08-08T22:01:10.790+0000] {processor.py:840} INFO - DAG(s) 'training_pipeline' retrieved from /opt/airflow/dags/training_pipeline_dag.py
[2026-08-08T22:01:10.853+0000] {logging_mixin.py:188} INFO - [2026-08-08T22:01:10.852+0000] {dag.py:3089} INFO - Sync 1 DAGs
[2026-08-08T22:01:10.906+0000] {logging_mixin.py:188} INFO - [2026-08-08T22:01:10.906+0000] {dag.py:3947} INFO - Setting next_dagrun for training_pipeline to 2026-08-08 00:00:00+00:00, run_after=2026-08-09 00:00:00+00:00
[2026-08-08T22:01:10.945+0000] {processor.py:183} INFO - Processing /opt/airflow/dags/training_pipeline_dag.py took 1.973 seconds
[2026-08-08T22:01:41.482+0000] {processor.py:161} INFO - Started process (PID=2201) to work on /opt/airflow/dags/training_pipeline_dag.py
[2026-08-08T22:01:41.486+0000] {processor.py:830} INFO - Processing file /opt/airflow/dags/training_pipeline_dag.py for tasks to queue
[2026-08-08T22:01:41.492+0000] {logging_mixin.py:188} INFO - [2026-08-08T22:01:41.491+0000] {dagbag.py:545} INFO - Filling up the DagBag from /opt/airflow/dags/training_pipeline_dag.py
[2026-08-08T22:01:43.134+0000] {processor.py:840} INFO - DAG(s) 'training_pipeline' retrieved from /opt/airflow/dags/training_pipeline_dag.py
[2026-08-08T22:01:43.182+0000] {logging_mixin.py:188} INFO - [2026-08-08T22:01:43.181+0000] {dag.py:3089} INFO - Sync 1 DAGs
[2026-08-08T22:01:43.225+0000] {logging_mixin.py:188} INFO - [2026-08-08T22:01:43.225+0000] {dag.py:3947} INFO - Setting next_dagrun for training_pipeline to 2026-08-08 00:00:00+00:00, run_after=2026-08-09 00:00:00+00:00
[2026-08-08T22:01:43.261+0000] {processor.py:183} INFO - Processing /opt/airflow/dags/training_pipeline_dag.py took 1.800 seconds
[2026-08-08T22:02:13.782+0000] {processor.py:161} INFO - Started process (PID=2213) to work on /opt/airflow/dags/training_pipeline_dag.py
[2026-08-08T22:02:13.783+0000] {processor.py:830} INFO - Processing file /opt/airflow/dags/training_pipeline_dag.py for tasks to queue
[2026-08-08T22:02:13.788+0000] {logging_mixin.py:188} INFO - [2026-08-08T22:02:13.787+0000] {dagbag.py:545} INFO - Filling up the DagBag from /opt/airflow/dags/training_pipeline_dag.py
[2026-08-08T22:02:15.577+0000] {processor.py:840} INFO - DAG(s) 'training_pipeline' retrieved from /opt/airflow/dags/training_pipeline_dag.py
[2026-08-08T22:02:15.635+0000] {logging_mixin.py:188} INFO - [2026-08-08T22:02:15.634+0000] {dag.py:3089} INFO - Sync 1 DAGs
[2026-08-08T22:02:15.682+0000] {logging_mixin.py:188} INFO - [2026-08-08T22:02:15.682+0000] {dag.py:3947} INFO - Setting next_dagrun for training_pipeline to 2026-08-08 00:00:00+00:00, run_after=2026-08-09 00:00:00+00:00
[2026-08-08T22:02:15.725+0000] {processor.py:183} INFO - Processing /opt/airflow/dags/training_pipeline_dag.py took 1.968 seconds
[2026-08-08T22:02:46.268+0000] {processor.py:161} INFO - Started process (PID=2225) to work on /opt/airflow/dags/training_pipeline_dag.py
[2026-08-08T22:02:46.271+0000] {processor.py:830} INFO - Processing file /opt/airflow/dags/training_pipeline_dag.py for tasks to queue
[2026-08-08T22:02:46.279+0000] {logging_mixin.py:188} INFO - [2026-08-08T22:02:46.278+0000] {dagbag.py:545} INFO - Filling up the DagBag from /opt/airflow/dags/training_pipeline_dag.py
[2026-08-08T22:02:47.812+0000] {processor.py:840} INFO - DAG(s) 'training_pipeline' retrieved from /opt/airflow/dags/training_pipeline_dag.py
[2026-08-08T22:02:48.330+0000] {logging_mixin.py:188} INFO - [2026-08-08T22:02:48.329+0000] {dag.py:3089} INFO - Sync 1 DAGs
[2026-08-08T22:02:48.376+0000] {logging_mixin.py:188} INFO - [2026-08-08T22:02:48.375+0000] {dag.py:3947} INFO - Setting next_dagrun for training_pipeline to 2026-08-08 00:00:00+00:00, run_after=2026-08-09 00:00:00+00:00
[2026-08-08T22:02:48.410+0000] {processor.py:183} INFO - Processing /opt/airflow/dags/training_pipeline_dag.py took 2.169 seconds
[2026-08-08T22:03:18.902+0000] {processor.py:161} INFO - Started process (PID=2237) to work on /opt/airflow/dags/training_pipeline_dag.py
[2026-08-08T22:03:18.904+0000] {processor.py:830} INFO - Processing file /opt/airflow/dags/training_pipeline_dag.py for tasks to queue
[2026-08-08T22:03:18.910+0000] {logging_mixin.py:188} INFO - [2026-08-08T22:03:18.909+0000] {dagbag.py:545} INFO - Filling up the DagBag from /opt/airflow/dags/training_pipeline_dag.py
[2026-08-08T22:03:20.676+0000] {processor.py:840} INFO - DAG(s) 'training_pipeline' retrieved from /opt/airflow/dags/training_pipeline_dag.py
[2026-08-08T22:03:20.723+0000] {logging_mixin.py:188} INFO - [2026-08-08T22:03:20.722+0000] {dag.py:3089} INFO - Sync 1 DAGs
[2026-08-08T22:03:20.767+0000] {logging_mixin.py:188} INFO - [2026-08-08T22:03:20.766+0000] {dag.py:3947} INFO - Setting next_dagrun for training_pipeline to 2026-08-08 00:00:00+00:00, run_after=2026-08-09 00:00:00+00:00
[2026-08-08T22:03:20.801+0000] {processor.py:183} INFO - Processing /opt/airflow/dags/training_pipeline_dag.py took 1.919 seconds
[2026-08-08T22:03:51.329+0000] {processor.py:161} INFO - Started process (PID=2249) to work on /opt/airflow/dags/training_pipeline_dag.py
[2026-08-08T22:03:51.331+0000] {processor.py:830} INFO - Processing file /opt/airflow/dags/training_pipeline_dag.py for tasks to queue
[2026-08-08T22:03:51.336+0000] {logging_mixin.py:188} INFO - [2026-08-08T22:03:51.335+0000] {dagbag.py:545} INFO - Filling up the DagBag from /opt/airflow/dags/training_pipeline_dag.py
[2026-08-08T22:03:53.037+0000] {processor.py:840} INFO - DAG(s) 'training_pipeline' retrieved from /opt/airflow/dags/training_pipeline_dag.py
[2026-08-08T22:03:53.089+0000] {logging_mixin.py:188} INFO - [2026-08-08T22:03:53.088+0000] {dag.py:3089} INFO - Sync 1 DAGs
[2026-08-08T22:03:53.132+0000] {logging_mixin.py:188} INFO - [2026-08-08T22:03:53.132+0000] {dag.py:3947} INFO - Setting next_dagrun for training_pipeline to 2026-08-08 00:00:00+00:00, run_after=2026-08-09 00:00:00+00:00
[2026-08-08T22:03:53.167+0000] {processor.py:183} INFO - Processing /opt/airflow/dags/training_pipeline_dag.py took 1.854 seconds
[2026-08-08T22:04:23.697+0000] {processor.py:161} INFO - Started process (PID=2261) to work on /opt/airflow/dags/training_pipeline_dag.py
[2026-08-08T22:04:23.699+0000] {processor.py:830} INFO - Processing file /opt/airflow/dags/training_pipeline_dag.py for tasks to queue
[2026-08-08T22:04:23.704+0000] {logging_mixin.py:188} INFO - [2026-08-08T22:04:23.703+0000] {dagbag.py:545} INFO - Filling up the DagBag from /opt/airflow/dags/training_pipeline_dag.py
[2026-08-08T22:04:25.497+0000] {processor.py:840} INFO - DAG(s) 'training_pipeline' retrieved from /opt/airflow/dags/training_pipeline_dag.py
[2026-08-08T22:04:25.553+0000] {logging_mixin.py:188} INFO - [2026-08-08T22:04:25.552+0000] {dag.py:3089} INFO - Sync 1 DAGs
[2026-08-08T22:04:25.601+0000] {logging_mixin.py:188} INFO - [2026-08-08T22:04:25.600+0000] {dag.py:3947} INFO - Setting next_dagrun for training_pipeline to 2026-08-08 00:00:00+00:00, run_after=2026-08-09 00:00:00+00:00
[2026-08-08T22:04:25.643+0000] {processor.py:183} INFO - Processing /opt/airflow/dags/training_pipeline_dag.py took 1.967 seconds
[2026-08-08T22:04:56.162+0000] {processor.py:161} INFO - Started process (PID=2273) to work on /opt/airflow/dags/training_pipeline_dag.py
[2026-08-08T22:04:56.163+0000] {processor.py:830} INFO - Processing file /opt/airflow/dags/training_pipeline_dag.py for tasks to queue
[2026-08-08T22:04:56.168+0000] {logging_mixin.py:188} INFO - [2026-08-08T22:04:56.168+0000] {dagbag.py:545} INFO - Filling up the DagBag from /opt/airflow/dags/training_pipeline_dag.py
[2026-08-08T22:04:57.936+0000] {processor.py:840} INFO - DAG(s) 'training_pipeline' retrieved from /opt/airflow/dags/training_pipeline_dag.py
[2026-08-08T22:04:58.002+0000] {logging_mixin.py:188} INFO - [2026-08-08T22:04:57.998+0000] {dag.py:3089} INFO - Sync 1 DAGs
[2026-08-08T22:04:58.054+0000] {logging_mixin.py:188} INFO - [2026-08-08T22:04:58.053+0000] {dag.py:3947} INFO - Setting next_dagrun for training_pipeline to 2026-08-08 00:00:00+00:00, run_after=2026-08-09 00:00:00+00:00
[2026-08-08T22:04:58.130+0000] {processor.py:183} INFO - Processing /opt/airflow/dags/training_pipeline_dag.py took 1.983 seconds
[2026-08-08T22:05:28.795+0000] {processor.py:161} INFO - Started process (PID=2285) to work on /opt/airflow/dags/training_pipeline_dag.py
[2026-08-08T22:05:28.797+0000] {processor.py:830} INFO - Processing file /opt/airflow/dags/training_pipeline_dag.py for tasks to queue
[2026-08-08T22:05:28.805+0000] {logging_mixin.py:188} INFO - [2026-08-08T22:05:28.804+0000] {dagbag.py:545} INFO - Filling up the DagBag from /opt/airflow/dags/training_pipeline_dag.py
[2026-08-08T22:05:30.550+0000] {processor.py:840} INFO - DAG(s) 'training_pipeline' retrieved from /opt/airflow/dags/training_pipeline_dag.py
[2026-08-08T22:05:30.612+0000] {logging_mixin.py:188} INFO - [2026-08-08T22:05:30.611+0000] {dag.py:3089} INFO - Sync 1 DAGs
[2026-08-08T22:05:30.666+0000] {logging_mixin.py:188} INFO - [2026-08-08T22:05:30.665+0000] {dag.py:3947} INFO - Setting next_dagrun for training_pipeline to 2026-08-08 00:00:00+00:00, run_after=2026-08-09 00:00:00+00:00
[2026-08-08T22:05:30.707+0000] {processor.py:183} INFO - Processing /opt/airflow/dags/training_pipeline_dag.py took 1.931 seconds
[2026-08-08T22:06:01.247+0000] {processor.py:161} INFO - Started process (PID=2297) to work on /opt/airflow/dags/training_pipeline_dag.py
[2026-08-08T22:06:01.250+0000] {processor.py:830} INFO - Processing file /opt/airflow/dags/training_pipeline_dag.py for tasks to queue
[2026-08-08T22:06:01.256+0000] {logging_mixin.py:188} INFO - [2026-08-08T22:06:01.255+0000] {dagbag.py:545} INFO - Filling up the DagBag from /opt/airflow/dags/training_pipeline_dag.py
[2026-08-08T22:06:02.961+0000] {processor.py:840} INFO - DAG(s) 'training_pipeline' retrieved from /opt/airflow/dags/training_pipeline_dag.py
[2026-08-08T22:06:03.014+0000] {logging_mixin.py:188} INFO - [2026-08-08T22:06:03.013+0000] {dag.py:3089} INFO - Sync 1 DAGs
[2026-08-08T22:06:03.051+0000] {logging_mixin.py:188} INFO - [2026-08-08T22:06:03.051+0000] {dag.py:3947} INFO - Setting next_dagrun for training_pipeline to 2026-08-08 00:00:00+00:00, run_after=2026-08-09 00:00:00+00:00
[2026-08-08T22:06:03.087+0000] {processor.py:183} INFO - Processing /opt/airflow/dags/training_pipeline_dag.py took 1.861 seconds
[2026-08-08T22:06:33.626+0000] {processor.py:161} INFO - Started process (PID=2309) to work on /opt/airflow/dags/training_pipeline_dag.py
[2026-08-08T22:06:33.629+0000] {processor.py:830} INFO - Processing file /opt/airflow/dags/training_pipeline_dag.py for tasks to queue
[2026-08-08T22:06:33.635+0000] {logging_mixin.py:188} INFO - [2026-08-08T22:06:33.634+0000] {dagbag.py:545} INFO - Filling up the DagBag from /opt/airflow/dags/training_pipeline_dag.py
[2026-08-08T22:06:35.532+0000] {processor.py:840} INFO - DAG(s) 'training_pipeline' retrieved from /opt/airflow/dags/training_pipeline_dag.py
[2026-08-08T22:06:35.609+0000] {logging_mixin.py:188} INFO - [2026-08-08T22:06:35.608+0000] {dag.py:3089} INFO - Sync 1 DAGs
[2026-08-08T22:06:35.668+0000] {logging_mixin.py:188} INFO - [2026-08-08T22:06:35.667+0000] {dag.py:3947} INFO - Setting next_dagrun for training_pipeline to 2026-08-08 00:00:00+00:00, run_after=2026-08-09 00:00:00+00:00
[2026-08-08T22:06:35.713+0000] {processor.py:183} INFO - Processing /opt/airflow/dags/training_pipeline_dag.py took 2.105 seconds
[2026-08-08T23:08:56.899+0000] {processor.py:161} INFO - Started process (PID=2321) to work on /opt/airflow/dags/training_pipeline_dag.py
[2026-08-08T23:08:56.908+0000] {processor.py:830} INFO - Processing file /opt/airflow/dags/training_pipeline_dag.py for tasks to queue
[2026-08-08T23:08:56.913+0000] {logging_mixin.py:188} INFO - [2026-08-08T23:08:56.912+0000] {dagbag.py:545} INFO - Filling up the DagBag from /opt/airflow/dags/training_pipeline_dag.py
[2026-08-08T23:08:58.695+0000] {processor.py:840} INFO - DAG(s) 'training_pipeline' retrieved from /opt/airflow/dags/training_pipeline_dag.py
[2026-08-08T23:08:58.747+0000] {logging_mixin.py:188} INFO - [2026-08-08T23:08:58.745+0000] {dag.py:3089} INFO - Sync 1 DAGs
[2026-08-08T23:08:58.788+0000] {logging_mixin.py:188} INFO - [2026-08-08T23:08:58.787+0000] {dag.py:3947} INFO - Setting next_dagrun for training_pipeline to 2026-08-08 00:00:00+00:00, run_after=2026-08-09 00:00:00+00:00
[2026-08-08T23:08:58.818+0000] {processor.py:183} INFO - Processing /opt/airflow/dags/training_pipeline_dag.py took 1.946 seconds
[2026-08-08T23:09:29.252+0000] {processor.py:161} INFO - Started process (PID=2336) to work on /opt/airflow/dags/training_pipeline_dag.py
[2026-08-08T23:09:29.255+0000] {processor.py:830} INFO - Processing file /opt/airflow/dags/training_pipeline_dag.py for tasks to queue
[2026-08-08T23:09:29.260+0000] {logging_mixin.py:188} INFO - [2026-08-08T23:09:29.259+0000] {dagbag.py:545} INFO - Filling up the DagBag from /opt/airflow/dags/training_pipeline_dag.py
[2026-08-08T23:09:30.687+0000] {processor.py:840} INFO - DAG(s) 'training_pipeline' retrieved from /opt/airflow/dags/training_pipeline_dag.py
[2026-08-08T23:09:30.732+0000] {logging_mixin.py:188} INFO - [2026-08-08T23:09:30.731+0000] {dag.py:3089} INFO - Sync 1 DAGs
[2026-08-08T23:09:30.770+0000] {logging_mixin.py:188} INFO - [2026-08-08T23:09:30.770+0000] {dag.py:3947} INFO - Setting next_dagrun for training_pipeline to 2026-08-08 00:00:00+00:00, run_after=2026-08-09 00:00:00+00:00
[2026-08-08T23:09:30.804+0000] {processor.py:183} INFO - Processing /opt/airflow/dags/training_pipeline_dag.py took 1.567 seconds
[2026-08-08T23:10:01.237+0000] {processor.py:161} INFO - Started process (PID=2348) to work on /opt/airflow/dags/training_pipeline_dag.py
[2026-08-08T23:10:01.238+0000] {processor.py:830} INFO - Processing file /opt/airflow/dags/training_pipeline_dag.py for tasks to queue
[2026-08-08T23:10:01.244+0000] {logging_mixin.py:188} INFO - [2026-08-08T23:10:01.243+0000] {dagbag.py:545} INFO - Filling up the DagBag from /opt/airflow/dags/training_pipeline_dag.py
[2026-08-08T23:10:02.786+0000] {processor.py:840} INFO - DAG(s) 'training_pipeline' retrieved from /opt/airflow/dags/training_pipeline_dag.py
[2026-08-08T23:10:02.839+0000] {logging_mixin.py:188} INFO - [2026-08-08T23:10:02.838+0000] {dag.py:3089} INFO - Sync 1 DAGs
[2026-08-08T23:10:02.880+0000] {logging_mixin.py:188} INFO - [2026-08-08T23:10:02.880+0000] {dag.py:3947} INFO - Setting next_dagrun for training_pipeline to 2026-08-08 00:00:00+00:00, run_after=2026-08-09 00:00:00+00:00
[2026-08-08T23:10:02.913+0000] {processor.py:183} INFO - Processing /opt/airflow/dags/training_pipeline_dag.py took 1.689 seconds
[2026-08-08T23:10:33.964+0000] {processor.py:161} INFO - Started process (PID=2360) to work on /opt/airflow/dags/training_pipeline_dag.py
[2026-08-08T23:10:33.966+0000] {processor.py:830} INFO - Processing file /opt/airflow/dags/training_pipeline_dag.py for tasks to queue
[2026-08-08T23:10:33.969+0000] {logging_mixin.py:188} INFO - [2026-08-08T23:10:33.969+0000] {dagbag.py:545} INFO - Filling up the DagBag from /opt/airflow/dags/training_pipeline_dag.py
[2026-08-08T23:10:35.264+0000] {processor.py:840} INFO - DAG(s) 'training_pipeline' retrieved from /opt/airflow/dags/training_pipeline_dag.py
[2026-08-08T23:10:35.307+0000] {logging_mixin.py:188} INFO - [2026-08-08T23:10:35.306+0000] {dag.py:3089} INFO - Sync 1 DAGs
[2026-08-08T23:10:35.340+0000] {logging_mixin.py:188} INFO - [2026-08-08T23:10:35.339+0000] {dag.py:3947} INFO - Setting next_dagrun for training_pipeline to 2026-08-08 00:00:00+00:00, run_after=2026-08-09 00:00:00+00:00
[2026-08-08T23:10:35.379+0000] {processor.py:183} INFO - Processing /opt/airflow/dags/training_pipeline_dag.py took 1.426 seconds
[2026-08-08T23:11:05.807+0000] {processor.py:161} INFO - Started process (PID=2372) to work on /opt/airflow/dags/training_pipeline_dag.py
[2026-08-08T23:11:05.810+0000] {processor.py:830} INFO - Processing file /opt/airflow/dags/training_pipeline_dag.py for tasks to queue
[2026-08-08T23:11:05.815+0000] {logging_mixin.py:188} INFO - [2026-08-08T23:11:05.815+0000] {dagbag.py:545} INFO - Filling up the DagBag from /opt/airflow/dags/training_pipeline_dag.py
[2026-08-08T23:11:07.307+0000] {processor.py:840} INFO - DAG(s) 'training_pipeline' retrieved from /opt/airflow/dags/training_pipeline_dag.py
[2026-08-08T23:11:07.355+0000] {logging_mixin.py:188} INFO - [2026-08-08T23:11:07.354+0000] {dag.py:3089} INFO - Sync 1 DAGs
[2026-08-08T23:11:07.387+0000] {logging_mixin.py:188} INFO - [2026-08-08T23:11:07.387+0000] {dag.py:3947} INFO - Setting next_dagrun for training_pipeline to 2026-08-08 00:00:00+00:00, run_after=2026-08-09 00:00:00+00:00
[2026-08-08T23:11:07.417+0000] {processor.py:183} INFO - Processing /opt/airflow/dags/training_pipeline_dag.py took 1.624 seconds
[2026-08-08T23:11:37.880+0000] {processor.py:161} INFO - Started process (PID=2384) to work on /opt/airflow/dags/training_pipeline_dag.py
[2026-08-08T23:11:37.882+0000] {processor.py:830} INFO - Processing file /opt/airflow/dags/training_pipeline_dag.py for tasks to queue
[2026-08-08T23:11:37.890+0000] {logging_mixin.py:188} INFO - [2026-08-08T23:11:37.889+0000] {dagbag.py:545} INFO - Filling up the DagBag from /opt/airflow/dags/training_pipeline_dag.py
[2026-08-08T23:11:39.259+0000] {processor.py:840} INFO - DAG(s) 'training_pipeline' retrieved from /opt/airflow/dags/training_pipeline_dag.py
[2026-08-08T23:11:39.299+0000] {logging_mixin.py:188} INFO - [2026-08-08T23:11:39.299+0000] {dag.py:3089} INFO - Sync 1 DAGs
[2026-08-08T23:11:39.329+0000] {logging_mixin.py:188} INFO - [2026-08-08T23:11:39.329+0000] {dag.py:3947} INFO - Setting next_dagrun for training_pipeline to 2026-08-08 00:00:00+00:00, run_after=2026-08-09 00:00:00+00:00
[2026-08-08T23:11:39.362+0000] {processor.py:183} INFO - Processing /opt/airflow/dags/training_pipeline_dag.py took 1.498 seconds
[2026-08-08T23:12:09.851+0000] {processor.py:161} INFO - Started process (PID=2396) to work on /opt/airflow/dags/training_pipeline_dag.py
[2026-08-08T23:12:09.854+0000] {processor.py:830} INFO - Processing file /opt/airflow/dags/training_pipeline_dag.py for tasks to queue
[2026-08-08T23:12:09.860+0000] {logging_mixin.py:188} INFO - [2026-08-08T23:12:09.859+0000] {dagbag.py:545} INFO - Filling up the DagBag from /opt/airflow/dags/training_pipeline_dag.py
[2026-08-08T23:12:11.628+0000] {processor.py:840} INFO - DAG(s) 'training_pipeline' retrieved from /opt/airflow/dags/training_pipeline_dag.py
[2026-08-08T23:12:11.686+0000] {logging_mixin.py:188} INFO - [2026-08-08T23:12:11.685+0000] {dag.py:3089} INFO - Sync 1 DAGs
[2026-08-08T23:12:11.726+0000] {logging_mixin.py:188} INFO - [2026-08-08T23:12:11.726+0000] {dag.py:3947} INFO - Setting next_dagrun for training_pipeline to 2026-08-08 00:00:00+00:00, run_after=2026-08-09 00:00:00+00:00
[2026-08-08T23:12:11.762+0000] {processor.py:183} INFO - Processing /opt/airflow/dags/training_pipeline_dag.py took 1.937 seconds
[2026-08-08T23:12:42.319+0000] {processor.py:161} INFO - Started process (PID=2408) to work on /opt/airflow/dags/training_pipeline_dag.py
[2026-08-08T23:12:42.321+0000] {processor.py:830} INFO - Processing file /opt/airflow/dags/training_pipeline_dag.py for tasks to queue
[2026-08-08T23:12:42.327+0000] {logging_mixin.py:188} INFO - [2026-08-08T23:12:42.327+0000] {dagbag.py:545} INFO - Filling up the DagBag from /opt/airflow/dags/training_pipeline_dag.py
[2026-08-08T23:12:44.056+0000] {processor.py:840} INFO - DAG(s) 'training_pipeline' retrieved from /opt/airflow/dags/training_pipeline_dag.py
[2026-08-08T23:12:44.105+0000] {logging_mixin.py:188} INFO - [2026-08-08T23:12:44.103+0000] {dag.py:3089} INFO - Sync 1 DAGs
[2026-08-08T23:12:44.147+0000] {logging_mixin.py:188} INFO - [2026-08-08T23:12:44.147+0000] {dag.py:3947} INFO - Setting next_dagrun for training_pipeline to 2026-08-08 00:00:00+00:00, run_after=2026-08-09 00:00:00+00:00
[2026-08-08T23:12:44.185+0000] {processor.py:183} INFO - Processing /opt/airflow/dags/training_pipeline_dag.py took 1.884 seconds
[2026-08-08T23:13:14.784+0000] {processor.py:161} INFO - Started process (PID=2420) to work on /opt/airflow/dags/training_pipeline_dag.py
[2026-08-08T23:13:14.787+0000] {processor.py:830} INFO - Processing file /opt/airflow/dags/training_pipeline_dag.py for tasks to queue
[2026-08-08T23:13:14.793+0000] {logging_mixin.py:188} INFO - [2026-08-08T23:13:14.792+0000] {dagbag.py:545} INFO - Filling up the DagBag from /opt/airflow/dags/training_pipeline_dag.py
[2026-08-08T23:13:16.543+0000] {processor.py:840} INFO - DAG(s) 'training_pipeline' retrieved from /opt/airflow/dags/training_pipeline_dag.py
[2026-08-08T23:13:16.600+0000] {logging_mixin.py:188} INFO - [2026-08-08T23:13:16.598+0000] {dag.py:3089} INFO - Sync 1 DAGs
[2026-08-08T23:13:16.643+0000] {logging_mixin.py:188} INFO - [2026-08-08T23:13:16.643+0000] {dag.py:3947} INFO - Setting next_dagrun for training_pipeline to 2026-08-08 00:00:00+00:00, run_after=2026-08-09 00:00:00+00:00
[2026-08-08T23:13:16.679+0000] {processor.py:183} INFO - Processing /opt/airflow/dags/training_pipeline_dag.py took 1.912 seconds
[2026-08-08T23:13:47.246+0000] {processor.py:161} INFO - Started process (PID=2432) to work on /opt/airflow/dags/training_pipeline_dag.py
[2026-08-08T23:13:47.248+0000] {processor.py:830} INFO - Processing file /opt/airflow/dags/training_pipeline_dag.py for tasks to queue
[2026-08-08T23:13:47.253+0000] {logging_mixin.py:188} INFO - [2026-08-08T23:13:47.253+0000] {dagbag.py:545} INFO - Filling up the DagBag from /opt/airflow/dags/training_pipeline_dag.py
[2026-08-08T23:13:48.984+0000] {processor.py:840} INFO - DAG(s) 'training_pipeline' retrieved from /opt/airflow/dags/training_pipeline_dag.py
[2026-08-08T23:13:49.035+0000] {logging_mixin.py:188} INFO - [2026-08-08T23:13:49.034+0000] {dag.py:3089} INFO - Sync 1 DAGs
[2026-08-08T23:13:49.073+0000] {logging_mixin.py:188} INFO - [2026-08-08T23:13:49.073+0000] {dag.py:3947} INFO - Setting next_dagrun for training_pipeline to 2026-08-08 00:00:00+00:00, run_after=2026-08-09 00:00:00+00:00
[2026-08-08T23:13:49.110+0000] {processor.py:183} INFO - Processing /opt/airflow/dags/training_pipeline_dag.py took 1.882 seconds
[2026-08-08T23:14:19.848+0000] {processor.py:161} INFO - Started process (PID=2444) to work on /opt/airflow/dags/training_pipeline_dag.py
[2026-08-08T23:14:19.853+0000] {processor.py:830} INFO - Processing file /opt/airflow/dags/training_pipeline_dag.py for tasks to queue
[2026-08-08T23:14:19.861+0000] {logging_mixin.py:188} INFO - [2026-08-08T23:14:19.860+0000] {dagbag.py:545} INFO - Filling up the DagBag from /opt/airflow/dags/training_pipeline_dag.py
[2026-08-08T23:14:21.641+0000] {processor.py:840} INFO - DAG(s) 'training_pipeline' retrieved from /opt/airflow/dags/training_pipeline_dag.py
[2026-08-08T23:14:21.695+0000] {logging_mixin.py:188} INFO - [2026-08-08T23:14:21.694+0000] {dag.py:3089} INFO - Sync 1 DAGs
[2026-08-08T23:14:21.740+0000] {logging_mixin.py:188} INFO - [2026-08-08T23:14:21.739+0000] {dag.py:3947} INFO - Setting next_dagrun for training_pipeline to 2026-08-08 00:00:00+00:00, run_after=2026-08-09 00:00:00+00:00
[2026-08-08T23:14:21.776+0000] {processor.py:183} INFO - Processing /opt/airflow/dags/training_pipeline_dag.py took 1.956 seconds
[2026-08-08T23:14:52.303+0000] {processor.py:161} INFO - Started process (PID=2456) to work on /opt/airflow/dags/training_pipeline_dag.py
[2026-08-08T23:14:52.306+0000] {processor.py:830} INFO - Processing file /opt/airflow/dags/training_pipeline_dag.py for tasks to queue
[2026-08-08T23:14:52.310+0000] {logging_mixin.py:188} INFO - [2026-08-08T23:14:52.310+0000] {dagbag.py:545} INFO - Filling up the DagBag from /opt/airflow/dags/training_pipeline_dag.py
[2026-08-08T23:14:54.241+0000] {processor.py:840} INFO - DAG(s) 'training_pipeline' retrieved from /opt/airflow/dags/training_pipeline_dag.py
[2026-08-08T23:14:54.294+0000] {logging_mixin.py:188} INFO - [2026-08-08T23:14:54.292+0000] {dag.py:3089} INFO - Sync 1 DAGs
[2026-08-08T23:14:54.343+0000] {logging_mixin.py:188} INFO - [2026-08-08T23:14:54.342+0000] {dag.py:3947} INFO - Setting next_dagrun for training_pipeline to 2026-08-08 00:00:00+00:00, run_after=2026-08-09 00:00:00+00:00
[2026-08-08T23:14:54.381+0000] {processor.py:183} INFO - Processing /opt/airflow/dags/training_pipeline_dag.py took 2.094 seconds
[2026-08-08T23:15:24.919+0000] {processor.py:161} INFO - Started process (PID=2468) to work on /opt/airflow/dags/training_pipeline_dag.py
[2026-08-08T23:15:24.922+0000] {processor.py:830} INFO - Processing file /opt/airflow/dags/training_pipeline_dag.py for tasks to queue
[2026-08-08T23:15:24.928+0000] {logging_mixin.py:188} INFO - [2026-08-08T23:15:24.927+0000] {dagbag.py:545} INFO - Filling up the DagBag from /opt/airflow/dags/training_pipeline_dag.py
[2026-08-08T23:15:26.622+0000] {processor.py:840} INFO - DAG(s) 'training_pipeline' retrieved from /opt/airflow/dags/training_pipeline_dag.py
[2026-08-08T23:15:26.682+0000] {logging_mixin.py:188} INFO - [2026-08-08T23:15:26.681+0000] {dag.py:3089} INFO - Sync 1 DAGs
[2026-08-08T23:15:26.728+0000] {logging_mixin.py:188} INFO - [2026-08-08T23:15:26.728+0000] {dag.py:3947} INFO - Setting next_dagrun for training_pipeline to 2026-08-08 00:00:00+00:00, run_after=2026-08-09 00:00:00+00:00
[2026-08-08T23:15:26.768+0000] {processor.py:183} INFO - Processing /opt/airflow/dags/training_pipeline_dag.py took 1.867 seconds
[2026-08-08T23:15:57.368+0000] {processor.py:161} INFO - Started process (PID=2480) to work on /opt/airflow/dags/training_pipeline_dag.py
[2026-08-08T23:15:57.371+0000] {processor.py:830} INFO - Processing file /opt/airflow/dags/training_pipeline_dag.py for tasks to queue
[2026-08-08T23:15:57.377+0000] {logging_mixin.py:188} INFO - [2026-08-08T23:15:57.376+0000] {dagbag.py:545} INFO - Filling up the DagBag from /opt/airflow/dags/training_pipeline_dag.py
[2026-08-08T23:15:59.173+0000] {processor.py:840} INFO - DAG(s) 'training_pipeline' retrieved from /opt/airflow/dags/training_pipeline_dag.py
[2026-08-08T23:15:59.224+0000] {logging_mixin.py:188} INFO - [2026-08-08T23:15:59.223+0000] {dag.py:3089} INFO - Sync 1 DAGs
[2026-08-08T23:15:59.270+0000] {logging_mixin.py:188} INFO - [2026-08-08T23:15:59.270+0000] {dag.py:3947} INFO - Setting next_dagrun for training_pipeline to 2026-08-08 00:00:00+00:00, run_after=2026-08-09 00:00:00+00:00
[2026-08-08T23:15:59.306+0000] {processor.py:183} INFO - Processing /opt/airflow/dags/training_pipeline_dag.py took 1.957 seconds
[2026-08-08T23:16:29.836+0000] {processor.py:161} INFO - Started process (PID=2492) to work on /opt/airflow/dags/training_pipeline_dag.py
[2026-08-08T23:16:29.838+0000] {processor.py:830} INFO - Processing file /opt/airflow/dags/training_pipeline_dag.py for tasks to queue
[2026-08-08T23:16:29.842+0000] {logging_mixin.py:188} INFO - [2026-08-08T23:16:29.841+0000] {dagbag.py:545} INFO - Filling up the DagBag from /opt/airflow/dags/training_pipeline_dag.py
[2026-08-08T23:16:31.838+0000] {processor.py:840} INFO - DAG(s) 'training_pipeline' retrieved from /opt/airflow/dags/training_pipeline_dag.py
[2026-08-08T23:16:31.898+0000] {logging_mixin.py:188} INFO - [2026-08-08T23:16:31.897+0000] {dag.py:3089} INFO - Sync 1 DAGs
[2026-08-08T23:16:31.940+0000] {logging_mixin.py:188} INFO - [2026-08-08T23:16:31.939+0000] {dag.py:3947} INFO - Setting next_dagrun for training_pipeline to 2026-08-08 00:00:00+00:00, run_after=2026-08-09 00:00:00+00:00
[2026-08-08T23:16:31.975+0000] {processor.py:183} INFO - Processing /opt/airflow/dags/training_pipeline_dag.py took 2.155 seconds
[2026-08-08T23:17:02.517+0000] {processor.py:161} INFO - Started process (PID=2504) to work on /opt/airflow/dags/training_pipeline_dag.py
[2026-08-08T23:17:02.520+0000] {processor.py:830} INFO - Processing file /opt/airflow/dags/training_pipeline_dag.py for tasks to queue
[2026-08-08T23:17:02.528+0000] {logging_mixin.py:188} INFO - [2026-08-08T23:17:02.527+0000] {dagbag.py:545} INFO - Filling up the DagBag from /opt/airflow/dags/training_pipeline_dag.py
[2026-08-08T23:17:04.275+0000] {processor.py:840} INFO - DAG(s) 'training_pipeline' retrieved from /opt/airflow/dags/training_pipeline_dag.py
[2026-08-08T23:17:04.327+0000] {logging_mixin.py:188} INFO - [2026-08-08T23:17:04.326+0000] {dag.py:3089} INFO - Sync 1 DAGs
[2026-08-08T23:17:04.373+0000] {logging_mixin.py:188} INFO - [2026-08-08T23:17:04.372+0000] {dag.py:3947} INFO - Setting next_dagrun for training_pipeline to 2026-08-08 00:00:00+00:00, run_after=2026-08-09 00:00:00+00:00
[2026-08-08T23:17:04.407+0000] {processor.py:183} INFO - Processing /opt/airflow/dags/training_pipeline_dag.py took 1.907 seconds
[2026-08-08T23:17:34.961+0000] {processor.py:161} INFO - Started process (PID=2516) to work on /opt/airflow/dags/training_pipeline_dag.py
[2026-08-08T23:17:34.964+0000] {processor.py:830} INFO - Processing file /opt/airflow/dags/training_pipeline_dag.py for tasks to queue
[2026-08-08T23:17:34.970+0000] {logging_mixin.py:188} INFO - [2026-08-08T23:17:34.969+0000] {dagbag.py:545} INFO - Filling up the DagBag from /opt/airflow/dags/training_pipeline_dag.py
[2026-08-08T23:17:36.889+0000] {processor.py:840} INFO - DAG(s) 'training_pipeline' retrieved from /opt/airflow/dags/training_pipeline_dag.py
[2026-08-08T23:17:36.935+0000] {logging_mixin.py:188} INFO - [2026-08-08T23:17:36.934+0000] {dag.py:3089} INFO - Sync 1 DAGs
[2026-08-08T23:17:36.984+0000] {logging_mixin.py:188} INFO - [2026-08-08T23:17:36.983+0000] {dag.py:3947} INFO - Setting next_dagrun for training_pipeline to 2026-08-08 00:00:00+00:00, run_after=2026-08-09 00:00:00+00:00
[2026-08-08T23:17:37.033+0000] {processor.py:183} INFO - Processing /opt/airflow/dags/training_pipeline_dag.py took 2.095 seconds
[2026-08-08T23:18:07.556+0000] {processor.py:161} INFO - Started process (PID=2528) to work on /opt/airflow/dags/training_pipeline_dag.py
[2026-08-08T23:18:07.559+0000] {processor.py:830} INFO - Processing file /opt/airflow/dags/training_pipeline_dag.py for tasks to queue
[2026-08-08T23:18:07.563+0000] {logging_mixin.py:188} INFO - [2026-08-08T23:18:07.563+0000] {dagbag.py:545} INFO - Filling up the DagBag from /opt/airflow/dags/training_pipeline_dag.py
[2026-08-08T23:18:09.437+0000] {processor.py:840} INFO - DAG(s) 'training_pipeline' retrieved from /opt/airflow/dags/training_pipeline_dag.py
[2026-08-08T23:18:09.487+0000] {logging_mixin.py:188} INFO - [2026-08-08T23:18:09.486+0000] {dag.py:3089} INFO - Sync 1 DAGs
[2026-08-08T23:18:09.530+0000] {logging_mixin.py:188} INFO - [2026-08-08T23:18:09.529+0000] {dag.py:3947} INFO - Setting next_dagrun for training_pipeline to 2026-08-08 00:00:00+00:00, run_after=2026-08-09 00:00:00+00:00
[2026-08-08T23:18:09.570+0000] {processor.py:183} INFO - Processing /opt/airflow/dags/training_pipeline_dag.py took 2.033 seconds
[2026-08-08T23:18:40.145+0000] {processor.py:161} INFO - Started process (PID=2540) to work on /opt/airflow/dags/training_pipeline_dag.py
[2026-08-08T23:18:40.148+0000] {processor.py:830} INFO - Processing file /opt/airflow/dags/training_pipeline_dag.py for tasks to queue
[2026-08-08T23:18:40.155+0000] {logging_mixin.py:188} INFO - [2026-08-08T23:18:40.154+0000] {dagbag.py:545} INFO - Filling up the DagBag from /opt/airflow/dags/training_pipeline_dag.py
[2026-08-08T23:18:42.098+0000] {processor.py:840} INFO - DAG(s) 'training_pipeline' retrieved from /opt/airflow/dags/training_pipeline_dag.py
[2026-08-08T23:18:42.150+0000] {logging_mixin.py:188} INFO - [2026-08-08T23:18:42.148+0000] {dag.py:3089} INFO - Sync 1 DAGs
[2026-08-08T23:18:42.191+0000] {logging_mixin.py:188} INFO - [2026-08-08T23:18:42.191+0000] {dag.py:3947} INFO - Setting next_dagrun for training_pipeline to 2026-08-08 00:00:00+00:00, run_after=2026-08-09 00:00:00+00:00
[2026-08-08T23:18:42.226+0000] {processor.py:183} INFO - Processing /opt/airflow/dags/training_pipeline_dag.py took 2.100 seconds
[2026-08-08T23:19:12.764+0000] {processor.py:161} INFO - Started process (PID=2552) to work on /opt/airflow/dags/training_pipeline_dag.py
[2026-08-08T23:19:12.766+0000] {processor.py:830} INFO - Processing file /opt/airflow/dags/training_pipeline_dag.py for tasks to queue
[2026-08-08T23:19:12.771+0000] {logging_mixin.py:188} INFO - [2026-08-08T23:19:12.771+0000] {dagbag.py:545} INFO - Filling up the DagBag from /opt/airflow/dags/training_pipeline_dag.py
[2026-08-08T23:19:14.571+0000] {processor.py:840} INFO - DAG(s) 'training_pipeline' retrieved from /opt/airflow/dags/training_pipeline_dag.py
[2026-08-08T23:19:14.637+0000] {logging_mixin.py:188} INFO - [2026-08-08T23:19:14.636+0000] {dag.py:3089} INFO - Sync 1 DAGs
[2026-08-08T23:19:14.693+0000] {logging_mixin.py:188} INFO - [2026-08-08T23:19:14.693+0000] {dag.py:3947} INFO - Setting next_dagrun for training_pipeline to 2026-08-08 00:00:00+00:00, run_after=2026-08-09 00:00:00+00:00
[2026-08-08T23:19:14.736+0000] {processor.py:183} INFO - Processing /opt/airflow/dags/training_pipeline_dag.py took 1.990 seconds
[2026-08-08T23:19:45.288+0000] {processor.py:161} INFO - Started process (PID=2564) to work on /opt/airflow/dags/training_pipeline_dag.py
[2026-08-08T23:19:45.290+0000] {processor.py:830} INFO - Processing file /opt/airflow/dags/training_pipeline_dag.py for tasks to queue
[2026-08-08T23:19:45.294+0000] {logging_mixin.py:188} INFO - [2026-08-08T23:19:45.294+0000] {dagbag.py:545} INFO - Filling up the DagBag from /opt/airflow/dags/training_pipeline_dag.py
[2026-08-08T23:19:47.294+0000] {processor.py:840} INFO - DAG(s) 'training_pipeline' retrieved from /opt/airflow/dags/training_pipeline_dag.py
[2026-08-08T23:19:47.345+0000] {logging_mixin.py:188} INFO - [2026-08-08T23:19:47.345+0000] {dag.py:3089} INFO - Sync 1 DAGs
[2026-08-08T23:19:47.389+0000] {logging_mixin.py:188} INFO - [2026-08-08T23:19:47.388+0000] {dag.py:3947} INFO - Setting next_dagrun for training_pipeline to 2026-08-08 00:00:00+00:00, run_after=2026-08-09 00:00:00+00:00
[2026-08-08T23:19:47.426+0000] {processor.py:183} INFO - Processing /opt/airflow/dags/training_pipeline_dag.py took 2.154 seconds
[2026-08-08T23:20:17.967+0000] {processor.py:161} INFO - Started process (PID=2576) to work on /opt/airflow/dags/training_pipeline_dag.py
[2026-08-08T23:20:17.970+0000] {processor.py:830} INFO - Processing file /opt/airflow/dags/training_pipeline_dag.py for tasks to queue
[2026-08-08T23:20:17.974+0000] {logging_mixin.py:188} INFO - [2026-08-08T23:20:17.974+0000] {dagbag.py:545} INFO - Filling up the DagBag from /opt/airflow/dags/training_pipeline_dag.py
[2026-08-08T23:20:19.771+0000] {processor.py:840} INFO - DAG(s) 'training_pipeline' retrieved from /opt/airflow/dags/training_pipeline_dag.py
[2026-08-08T23:20:19.824+0000] {logging_mixin.py:188} INFO - [2026-08-08T23:20:19.823+0000] {dag.py:3089} INFO - Sync 1 DAGs
[2026-08-08T23:20:19.870+0000] {logging_mixin.py:188} INFO - [2026-08-08T23:20:19.870+0000] {dag.py:3947} INFO - Setting next_dagrun for training_pipeline to 2026-08-08 00:00:00+00:00, run_after=2026-08-09 00:00:00+00:00
[2026-08-08T23:20:19.913+0000] {processor.py:183} INFO - Processing /opt/airflow/dags/training_pipeline_dag.py took 1.964 seconds
[2026-08-08T23:20:50.439+0000] {processor.py:161} INFO - Started process (PID=2588) to work on /opt/airflow/dags/training_pipeline_dag.py
[2026-08-08T23:20:50.442+0000] {processor.py:830} INFO - Processing file /opt/airflow/dags/training_pipeline_dag.py for tasks to queue
[2026-08-08T23:20:50.447+0000] {logging_mixin.py:188} INFO - [2026-08-08T23:20:50.446+0000] {dagbag.py:545} INFO - Filling up the DagBag from /opt/airflow/dags/training_pipeline_dag.py
[2026-08-08T23:20:52.143+0000] {processor.py:840} INFO - DAG(s) 'training_pipeline' retrieved from /opt/airflow/dags/training_pipeline_dag.py
[2026-08-08T23:20:52.190+0000] {logging_mixin.py:188} INFO - [2026-08-08T23:20:52.189+0000] {dag.py:3089} INFO - Sync 1 DAGs
[2026-08-08T23:20:52.229+0000] {logging_mixin.py:188} INFO - [2026-08-08T23:20:52.229+0000] {dag.py:3947} INFO - Setting next_dagrun for training_pipeline to 2026-08-08 00:00:00+00:00, run_after=2026-08-09 00:00:00+00:00
[2026-08-08T23:20:52.263+0000] {processor.py:183} INFO - Processing /opt/airflow/dags/training_pipeline_dag.py took 1.839 seconds
[2026-08-08T23:21:22.886+0000] {processor.py:161} INFO - Started process (PID=2600) to work on /opt/airflow/dags/training_pipeline_dag.py
[2026-08-08T23:21:22.889+0000] {processor.py:830} INFO - Processing file /opt/airflow/dags/training_pipeline_dag.py for tasks to queue
[2026-08-08T23:21:22.895+0000] {logging_mixin.py:188} INFO - [2026-08-08T23:21:22.894+0000] {dagbag.py:545} INFO - Filling up the DagBag from /opt/airflow/dags/training_pipeline_dag.py
[2026-08-08T23:21:24.767+0000] {processor.py:840} INFO - DAG(s) 'training_pipeline' retrieved from /opt/airflow/dags/training_pipeline_dag.py
[2026-08-08T23:21:24.816+0000] {logging_mixin.py:188} INFO - [2026-08-08T23:21:24.815+0000] {dag.py:3089} INFO - Sync 1 DAGs
[2026-08-08T23:21:24.866+0000] {logging_mixin.py:188} INFO - [2026-08-08T23:21:24.865+0000] {dag.py:3947} INFO - Setting next_dagrun for training_pipeline to 2026-08-08 00:00:00+00:00, run_after=2026-08-09 00:00:00+00:00
[2026-08-08T23:21:24.902+0000] {processor.py:183} INFO - Processing /opt/airflow/dags/training_pipeline_dag.py took 2.035 seconds
[2026-08-08T23:21:55.431+0000] {processor.py:161} INFO - Started process (PID=2612) to work on /opt/airflow/dags/training_pipeline_dag.py
[2026-08-08T23:21:55.434+0000] {processor.py:830} INFO - Processing file /opt/airflow/dags/training_pipeline_dag.py for tasks to queue
[2026-08-08T23:21:55.440+0000] {logging_mixin.py:188} INFO - [2026-08-08T23:21:55.439+0000] {dagbag.py:545} INFO - Filling up the DagBag from /opt/airflow/dags/training_pipeline_dag.py
[2026-08-08T23:21:57.229+0000] {processor.py:840} INFO - DAG(s) 'training_pipeline' retrieved from /opt/airflow/dags/training_pipeline_dag.py
[2026-08-08T23:21:57.284+0000] {logging_mixin.py:188} INFO - [2026-08-08T23:21:57.283+0000] {dag.py:3089} INFO - Sync 1 DAGs
[2026-08-08T23:21:57.321+0000] {logging_mixin.py:188} INFO - [2026-08-08T23:21:57.320+0000] {dag.py:3947} INFO - Setting next_dagrun for training_pipeline to 2026-08-08 00:00:00+00:00, run_after=2026-08-09 00:00:00+00:00
[2026-08-08T23:21:57.354+0000] {processor.py:183} INFO - Processing /opt/airflow/dags/training_pipeline_dag.py took 1.942 seconds
[2026-08-08T23:22:27.869+0000] {processor.py:161} INFO - Started process (PID=2624) to work on /opt/airflow/dags/training_pipeline_dag.py
[2026-08-08T23:22:27.872+0000] {processor.py:830} INFO - Processing file /opt/airflow/dags/training_pipeline_dag.py for tasks to queue
[2026-08-08T23:22:27.883+0000] {logging_mixin.py:188} INFO - [2026-08-08T23:22:27.882+0000] {dagbag.py:545} INFO - Filling up the DagBag from /opt/airflow/dags/training_pipeline_dag.py
[2026-08-08T23:22:29.716+0000] {processor.py:840} INFO - DAG(s) 'training_pipeline' retrieved from /opt/airflow/dags/training_pipeline_dag.py
[2026-08-08T23:22:29.771+0000] {logging_mixin.py:188} INFO - [2026-08-08T23:22:29.770+0000] {dag.py:3089} INFO - Sync 1 DAGs
[2026-08-08T23:22:29.811+0000] {logging_mixin.py:188} INFO - [2026-08-08T23:22:29.810+0000] {dag.py:3947} INFO - Setting next_dagrun for training_pipeline to 2026-08-08 00:00:00+00:00, run_after=2026-08-09 00:00:00+00:00
[2026-08-08T23:22:29.847+0000] {processor.py:183} INFO - Processing /opt/airflow/dags/training_pipeline_dag.py took 1.998 seconds
[2026-08-08T23:23:00.384+0000] {processor.py:161} INFO - Started process (PID=2636) to work on /opt/airflow/dags/training_pipeline_dag.py
[2026-08-08T23:23:00.387+0000] {processor.py:830} INFO - Processing file /opt/airflow/dags/training_pipeline_dag.py for tasks to queue
[2026-08-08T23:23:00.393+0000] {logging_mixin.py:188} INFO - [2026-08-08T23:23:00.392+0000] {dagbag.py:545} INFO - Filling up the DagBag from /opt/airflow/dags/training_pipeline_dag.py
[2026-08-08T23:23:02.324+0000] {processor.py:840} INFO - DAG(s) 'training_pipeline' retrieved from /opt/airflow/dags/training_pipeline_dag.py
[2026-08-08T23:23:02.383+0000] {logging_mixin.py:188} INFO - [2026-08-08T23:23:02.382+0000] {dag.py:3089} INFO - Sync 1 DAGs
[2026-08-08T23:23:02.429+0000] {logging_mixin.py:188} INFO - [2026-08-08T23:23:02.429+0000] {dag.py:3947} INFO - Setting next_dagrun for training_pipeline to 2026-08-08 00:00:00+00:00, run_after=2026-08-09 00:00:00+00:00
[2026-08-08T23:23:02.474+0000] {processor.py:183} INFO - Processing /opt/airflow/dags/training_pipeline_dag.py took 2.112 seconds
[2026-08-08T23:23:32.997+0000] {processor.py:161} INFO - Started process (PID=2648) to work on /opt/airflow/dags/training_pipeline_dag.py
[2026-08-08T23:23:33.000+0000] {processor.py:830} INFO - Processing file /opt/airflow/dags/training_pipeline_dag.py for tasks to queue
[2026-08-08T23:23:33.005+0000] {logging_mixin.py:188} INFO - [2026-08-08T23:23:33.004+0000] {dagbag.py:545} INFO - Filling up the DagBag from /opt/airflow/dags/training_pipeline_dag.py
[2026-08-08T23:23:34.707+0000] {processor.py:840} INFO - DAG(s) 'training_pipeline' retrieved from /opt/airflow/dags/training_pipeline_dag.py
[2026-08-08T23:23:34.761+0000] {logging_mixin.py:188} INFO - [2026-08-08T23:23:34.760+0000] {dag.py:3089} INFO - Sync 1 DAGs
[2026-08-08T23:23:34.800+0000] {logging_mixin.py:188} INFO - [2026-08-08T23:23:34.799+0000] {dag.py:3947} INFO - Setting next_dagrun for training_pipeline to 2026-08-08 00:00:00+00:00, run_after=2026-08-09 00:00:00+00:00
[2026-08-08T23:23:34.837+0000] {processor.py:183} INFO - Processing /opt/airflow/dags/training_pipeline_dag.py took 1.859 seconds
[2026-08-08T23:24:05.505+0000] {processor.py:161} INFO - Started process (PID=2660) to work on /opt/airflow/dags/training_pipeline_dag.py
[2026-08-08T23:24:05.508+0000] {processor.py:830} INFO - Processing file /opt/airflow/dags/training_pipeline_dag.py for tasks to queue
[2026-08-08T23:24:05.515+0000] {logging_mixin.py:188} INFO - [2026-08-08T23:24:05.514+0000] {dagbag.py:545} INFO - Filling up the DagBag from /opt/airflow/dags/training_pipeline_dag.py
[2026-08-08T23:24:07.188+0000] {processor.py:840} INFO - DAG(s) 'training_pipeline' retrieved from /opt/airflow/dags/training_pipeline_dag.py
[2026-08-08T23:24:07.244+0000] {logging_mixin.py:188} INFO - [2026-08-08T23:24:07.243+0000] {dag.py:3089} INFO - Sync 1 DAGs
[2026-08-08T23:24:07.282+0000] {logging_mixin.py:188} INFO - [2026-08-08T23:24:07.282+0000] {dag.py:3947} INFO - Setting next_dagrun for training_pipeline to 2026-08-08 00:00:00+00:00, run_after=2026-08-09 00:00:00+00:00
[2026-08-08T23:24:07.317+0000] {processor.py:183} INFO - Processing /opt/airflow/dags/training_pipeline_dag.py took 1.832 seconds
[2026-08-08T23:24:37.953+0000] {processor.py:161} INFO - Started process (PID=2672) to work on /opt/airflow/dags/training_pipeline_dag.py
[2026-08-08T23:24:37.956+0000] {processor.py:830} INFO - Processing file /opt/airflow/dags/training_pipeline_dag.py for tasks to queue
[2026-08-08T23:24:37.962+0000] {logging_mixin.py:188} INFO - [2026-08-08T23:24:37.961+0000] {dagbag.py:545} INFO - Filling up the DagBag from /opt/airflow/dags/training_pipeline_dag.py
[2026-08-08T23:24:39.907+0000] {processor.py:840} INFO - DAG(s) 'training_pipeline' retrieved from /opt/airflow/dags/training_pipeline_dag.py
[2026-08-08T23:24:39.964+0000] {logging_mixin.py:188} INFO - [2026-08-08T23:24:39.961+0000] {dag.py:3089} INFO - Sync 1 DAGs
[2026-08-08T23:24:40.005+0000] {logging_mixin.py:188} INFO - [2026-08-08T23:24:40.004+0000] {dag.py:3947} INFO - Setting next_dagrun for training_pipeline to 2026-08-08 00:00:00+00:00, run_after=2026-08-09 00:00:00+00:00
[2026-08-08T23:24:40.043+0000] {processor.py:183} INFO - Processing /opt/airflow/dags/training_pipeline_dag.py took 2.112 seconds
[2026-08-08T23:25:10.606+0000] {processor.py:161} INFO - Started process (PID=2684) to work on /opt/airflow/dags/training_pipeline_dag.py
[2026-08-08T23:25:10.608+0000] {processor.py:830} INFO - Processing file /opt/airflow/dags/training_pipeline_dag.py for tasks to queue
[2026-08-08T23:25:10.615+0000] {logging_mixin.py:188} INFO - [2026-08-08T23:25:10.614+0000] {dagbag.py:545} INFO - Filling up the DagBag from /opt/airflow/dags/training_pipeline_dag.py
[2026-08-08T23:25:12.392+0000] {processor.py:840} INFO - DAG(s) 'training_pipeline' retrieved from /opt/airflow/dags/training_pipeline_dag.py
[2026-08-08T23:25:12.447+0000] {logging_mixin.py:188} INFO - [2026-08-08T23:25:12.446+0000] {dag.py:3089} INFO - Sync 1 DAGs
[2026-08-08T23:25:12.487+0000] {logging_mixin.py:188} INFO - [2026-08-08T23:25:12.486+0000] {dag.py:3947} INFO - Setting next_dagrun for training_pipeline to 2026-08-08 00:00:00+00:00, run_after=2026-08-09 00:00:00+00:00
[2026-08-08T23:25:12.529+0000] {processor.py:183} INFO - Processing /opt/airflow/dags/training_pipeline_dag.py took 1.939 seconds
[2026-08-08T23:25:43.084+0000] {processor.py:161} INFO - Started process (PID=2696) to work on /opt/airflow/dags/training_pipeline_dag.py
[2026-08-08T23:25:43.088+0000] {processor.py:830} INFO - Processing file /opt/airflow/dags/training_pipeline_dag.py for tasks to queue
[2026-08-08T23:25:43.095+0000] {logging_mixin.py:188} INFO - [2026-08-08T23:25:43.094+0000] {dagbag.py:545} INFO - Filling up the DagBag from /opt/airflow/dags/training_pipeline_dag.py
[2026-08-08T23:25:44.887+0000] {processor.py:840} INFO - DAG(s) 'training_pipeline' retrieved from /opt/airflow/dags/training_pipeline_dag.py
[2026-08-08T23:25:44.939+0000] {logging_mixin.py:188} INFO - [2026-08-08T23:25:44.938+0000] {dag.py:3089} INFO - Sync 1 DAGs
[2026-08-08T23:25:44.982+0000] {logging_mixin.py:188} INFO - [2026-08-08T23:25:44.981+0000] {dag.py:3947} INFO - Setting next_dagrun for training_pipeline to 2026-08-08 00:00:00+00:00, run_after=2026-08-09 00:00:00+00:00
[2026-08-08T23:25:45.019+0000] {processor.py:183} INFO - Processing /opt/airflow/dags/training_pipeline_dag.py took 1.962 seconds
[2026-08-08T23:26:15.559+0000] {processor.py:161} INFO - Started process (PID=2708) to work on /opt/airflow/dags/training_pipeline_dag.py
[2026-08-08T23:26:15.562+0000] {processor.py:830} INFO - Processing file /opt/airflow/dags/training_pipeline_dag.py for tasks to queue
[2026-08-08T23:26:15.568+0000] {logging_mixin.py:188} INFO - [2026-08-08T23:26:15.567+0000] {dagbag.py:545} INFO - Filling up the DagBag from /opt/airflow/dags/training_pipeline_dag.py
[2026-08-08T23:26:17.405+0000] {processor.py:840} INFO - DAG(s) 'training_pipeline' retrieved from /opt/airflow/dags/training_pipeline_dag.py
[2026-08-08T23:26:17.457+0000] {logging_mixin.py:188} INFO - [2026-08-08T23:26:17.457+0000] {dag.py:3089} INFO - Sync 1 DAGs
[2026-08-08T23:26:17.503+0000] {logging_mixin.py:188} INFO - [2026-08-08T23:26:17.502+0000] {dag.py:3947} INFO - Setting next_dagrun for training_pipeline to 2026-08-08 00:00:00+00:00, run_after=2026-08-09 00:00:00+00:00
[2026-08-08T23:26:17.542+0000] {processor.py:183} INFO - Processing /opt/airflow/dags/training_pipeline_dag.py took 2.003 seconds
[2026-08-08T23:26:48.072+0000] {processor.py:161} INFO - Started process (PID=2720) to work on /opt/airflow/dags/training_pipeline_dag.py
[2026-08-08T23:26:48.075+0000] {processor.py:830} INFO - Processing file /opt/airflow/dags/training_pipeline_dag.py for tasks to queue
[2026-08-08T23:26:48.081+0000] {logging_mixin.py:188} INFO - [2026-08-08T23:26:48.080+0000] {dagbag.py:545} INFO - Filling up the DagBag from /opt/airflow/dags/training_pipeline_dag.py
[2026-08-08T23:26:49.922+0000] {processor.py:840} INFO - DAG(s) 'training_pipeline' retrieved from /opt/airflow/dags/training_pipeline_dag.py
[2026-08-08T23:26:49.987+0000] {logging_mixin.py:188} INFO - [2026-08-08T23:26:49.986+0000] {dag.py:3089} INFO - Sync 1 DAGs
[2026-08-08T23:26:50.032+0000] {logging_mixin.py:188} INFO - [2026-08-08T23:26:50.032+0000] {dag.py:3947} INFO - Setting next_dagrun for training_pipeline to 2026-08-08 00:00:00+00:00, run_after=2026-08-09 00:00:00+00:00
[2026-08-08T23:26:50.072+0000] {processor.py:183} INFO - Processing /opt/airflow/dags/training_pipeline_dag.py took 2.019 seconds
[2026-08-08T23:27:20.619+0000] {processor.py:161} INFO - Started process (PID=2732) to work on /opt/airflow/dags/training_pipeline_dag.py
[2026-08-08T23:27:20.622+0000] {processor.py:830} INFO - Processing file /opt/airflow/dags/training_pipeline_dag.py for tasks to queue
[2026-08-08T23:27:20.628+0000] {logging_mixin.py:188} INFO - [2026-08-08T23:27:20.627+0000] {dagbag.py:545} INFO - Filling up the DagBag from /opt/airflow/dags/training_pipeline_dag.py
[2026-08-08T23:27:22.411+0000] {processor.py:840} INFO - DAG(s) 'training_pipeline' retrieved from /opt/airflow/dags/training_pipeline_dag.py
[2026-08-08T23:27:22.459+0000] {logging_mixin.py:188} INFO - [2026-08-08T23:27:22.458+0000] {dag.py:3089} INFO - Sync 1 DAGs
[2026-08-08T23:27:22.503+0000] {logging_mixin.py:188} INFO - [2026-08-08T23:27:22.502+0000] {dag.py:3947} INFO - Setting next_dagrun for training_pipeline to 2026-08-08 00:00:00+00:00, run_after=2026-08-09 00:00:00+00:00
[2026-08-08T23:27:22.540+0000] {processor.py:183} INFO - Processing /opt/airflow/dags/training_pipeline_dag.py took 1.943 seconds
[2026-08-08T23:27:53.047+0000] {processor.py:161} INFO - Started process (PID=2744) to work on /opt/airflow/dags/training_pipeline_dag.py
[2026-08-08T23:27:53.049+0000] {processor.py:830} INFO - Processing file /opt/airflow/dags/training_pipeline_dag.py for tasks to queue
[2026-08-08T23:27:53.057+0000] {logging_mixin.py:188} INFO - [2026-08-08T23:27:53.056+0000] {dagbag.py:545} INFO - Filling up the DagBag from /opt/airflow/dags/training_pipeline_dag.py
[2026-08-08T23:27:55.043+0000] {processor.py:840} INFO - DAG(s) 'training_pipeline' retrieved from /opt/airflow/dags/training_pipeline_dag.py
[2026-08-08T23:27:55.098+0000] {logging_mixin.py:188} INFO - [2026-08-08T23:27:55.096+0000] {dag.py:3089} INFO - Sync 1 DAGs
[2026-08-08T23:27:55.141+0000] {logging_mixin.py:188} INFO - [2026-08-08T23:27:55.141+0000] {dag.py:3947} INFO - Setting next_dagrun for training_pipeline to 2026-08-08 00:00:00+00:00, run_after=2026-08-09 00:00:00+00:00
[2026-08-08T23:27:55.175+0000] {processor.py:183} INFO - Processing /opt/airflow/dags/training_pipeline_dag.py took 2.146 seconds
[2026-08-08T23:28:25.715+0000] {processor.py:161} INFO - Started process (PID=2756) to work on /opt/airflow/dags/training_pipeline_dag.py
[2026-08-08T23:28:25.717+0000] {processor.py:830} INFO - Processing file /opt/airflow/dags/training_pipeline_dag.py for tasks to queue
[2026-08-08T23:28:25.722+0000] {logging_mixin.py:188} INFO - [2026-08-08T23:28:25.722+0000] {dagbag.py:545} INFO - Filling up the DagBag from /opt/airflow/dags/training_pipeline_dag.py
[2026-08-08T23:28:27.605+0000] {processor.py:840} INFO - DAG(s) 'training_pipeline' retrieved from /opt/airflow/dags/training_pipeline_dag.py
[2026-08-08T23:28:27.662+0000] {logging_mixin.py:188} INFO - [2026-08-08T23:28:27.662+0000] {dag.py:3089} INFO - Sync 1 DAGs
[2026-08-08T23:28:27.713+0000] {logging_mixin.py:188} INFO - [2026-08-08T23:28:27.712+0000] {dag.py:3947} INFO - Setting next_dagrun for training_pipeline to 2026-08-08 00:00:00+00:00, run_after=2026-08-09 00:00:00+00:00
[2026-08-08T23:28:27.754+0000] {processor.py:183} INFO - Processing /opt/airflow/dags/training_pipeline_dag.py took 2.060 seconds
