[2026-08-30T10:38:52.063+0000] {processor.py:161} INFO - Started process (PID=167) to work on /opt/airflow/dags/feature_pipeline_dag.py
[2026-08-30T10:38:52.212+0000] {processor.py:830} INFO - Processing file /opt/airflow/dags/feature_pipeline_dag.py for tasks to queue
[2026-08-30T10:38:52.343+0000] {logging_mixin.py:188} INFO - [2026-08-30T10:38:52.340+0000] {dagbag.py:545} INFO - Filling up the DagBag from /opt/airflow/dags/feature_pipeline_dag.py
[2026-08-30T10:39:14.318+0000] {processor.py:840} INFO - DAG(s) 'feature_pipeline' retrieved from /opt/airflow/dags/feature_pipeline_dag.py
[2026-08-30T10:39:15.076+0000] {logging_mixin.py:188} INFO - [2026-08-30T10:39:15.075+0000] {dag.py:3089} INFO - Sync 1 DAGs
[2026-08-30T10:39:15.276+0000] {logging_mixin.py:188} INFO - [2026-08-30T10:39:15.276+0000] {dag.py:3947} INFO - Setting next_dagrun for feature_pipeline to 2026-08-30 10:00:00+00:00, run_after=2026-08-30 11:00:00+00:00
[2026-08-30T10:39:15.370+0000] {processor.py:183} INFO - Processing /opt/airflow/dags/feature_pipeline_dag.py took 23.664 seconds
[2026-08-30T10:39:45.967+0000] {processor.py:161} INFO - Started process (PID=210) to work on /opt/airflow/dags/feature_pipeline_dag.py
[2026-08-30T10:39:45.974+0000] {processor.py:830} INFO - Processing file /opt/airflow/dags/feature_pipeline_dag.py for tasks to queue
[2026-08-30T10:39:46.053+0000] {logging_mixin.py:188} INFO - [2026-08-30T10:39:45.981+0000] {dagbag.py:545} INFO - Filling up the DagBag from /opt/airflow/dags/feature_pipeline_dag.py
[2026-08-30T10:40:10.827+0000] {processor.py:840} INFO - DAG(s) 'feature_pipeline' retrieved from /opt/airflow/dags/feature_pipeline_dag.py
[2026-08-30T10:40:11.653+0000] {logging_mixin.py:188} INFO - [2026-08-30T10:40:11.651+0000] {dag.py:3089} INFO - Sync 1 DAGs
[2026-08-30T10:40:11.880+0000] {logging_mixin.py:188} INFO - [2026-08-30T10:40:11.879+0000] {dag.py:3947} INFO - Setting next_dagrun for feature_pipeline to 2026-08-30 10:00:00+00:00, run_after=2026-08-30 11:00:00+00:00
[2026-08-30T10:40:11.939+0000] {processor.py:183} INFO - Processing /opt/airflow/dags/feature_pipeline_dag.py took 28.306 seconds
[2026-08-30T10:40:42.765+0000] {processor.py:161} INFO - Started process (PID=281) to work on /opt/airflow/dags/feature_pipeline_dag.py
[2026-08-30T10:40:42.771+0000] {processor.py:830} INFO - Processing file /opt/airflow/dags/feature_pipeline_dag.py for tasks to queue
[2026-08-30T10:40:42.779+0000] {logging_mixin.py:188} INFO - [2026-08-30T10:40:42.775+0000] {dagbag.py:545} INFO - Filling up the DagBag from /opt/airflow/dags/feature_pipeline_dag.py
[2026-08-30T10:40:50.976+0000] {processor.py:840} INFO - DAG(s) 'feature_pipeline' retrieved from /opt/airflow/dags/feature_pipeline_dag.py
[2026-08-30T10:40:51.276+0000] {logging_mixin.py:188} INFO - [2026-08-30T10:40:51.275+0000] {dag.py:3089} INFO - Sync 1 DAGs
[2026-08-30T10:40:51.337+0000] {logging_mixin.py:188} INFO - [2026-08-30T10:40:51.337+0000] {dag.py:3947} INFO - Setting next_dagrun for feature_pipeline to 2026-08-30 10:00:00+00:00, run_after=2026-08-30 11:00:00+00:00
[2026-08-30T10:40:51.768+0000] {processor.py:183} INFO - Processing /opt/airflow/dags/feature_pipeline_dag.py took 11.338 seconds
[2026-08-30T10:41:22.656+0000] {processor.py:161} INFO - Started process (PID=403) to work on /opt/airflow/dags/feature_pipeline_dag.py
[2026-08-30T10:41:22.660+0000] {processor.py:830} INFO - Processing file /opt/airflow/dags/feature_pipeline_dag.py for tasks to queue
[2026-08-30T10:41:22.663+0000] {logging_mixin.py:188} INFO - [2026-08-30T10:41:22.662+0000] {dagbag.py:545} INFO - Filling up the DagBag from /opt/airflow/dags/feature_pipeline_dag.py
[2026-08-30T10:41:25.742+0000] {processor.py:840} INFO - DAG(s) 'feature_pipeline' retrieved from /opt/airflow/dags/feature_pipeline_dag.py
[2026-08-30T10:41:25.820+0000] {logging_mixin.py:188} INFO - [2026-08-30T10:41:25.819+0000] {dag.py:3089} INFO - Sync 1 DAGs
[2026-08-30T10:41:26.429+0000] {logging_mixin.py:188} INFO - [2026-08-30T10:41:26.429+0000] {dag.py:3947} INFO - Setting next_dagrun for feature_pipeline to 2026-08-30 10:00:00+00:00, run_after=2026-08-30 11:00:00+00:00
[2026-08-30T10:41:26.643+0000] {processor.py:183} INFO - Processing /opt/airflow/dags/feature_pipeline_dag.py took 4.005 seconds
[2026-08-30T10:41:57.126+0000] {processor.py:161} INFO - Started process (PID=467) to work on /opt/airflow/dags/feature_pipeline_dag.py
[2026-08-30T10:41:57.147+0000] {processor.py:830} INFO - Processing file /opt/airflow/dags/feature_pipeline_dag.py for tasks to queue
[2026-08-30T10:41:57.150+0000] {logging_mixin.py:188} INFO - [2026-08-30T10:41:57.149+0000] {dagbag.py:545} INFO - Filling up the DagBag from /opt/airflow/dags/feature_pipeline_dag.py
[2026-08-30T10:42:08.657+0000] {processor.py:840} INFO - DAG(s) 'feature_pipeline' retrieved from /opt/airflow/dags/feature_pipeline_dag.py
[2026-08-30T10:42:09.167+0000] {logging_mixin.py:188} INFO - [2026-08-30T10:42:09.166+0000] {dag.py:3089} INFO - Sync 1 DAGs
[2026-08-30T10:42:13.533+0000] {logging_mixin.py:188} INFO - [2026-08-30T10:42:13.532+0000] {dag.py:3947} INFO - Setting next_dagrun for feature_pipeline to 2026-08-30 10:00:00+00:00, run_after=2026-08-30 11:00:00+00:00
[2026-08-30T10:42:13.629+0000] {processor.py:183} INFO - Processing /opt/airflow/dags/feature_pipeline_dag.py took 19.013 seconds
[2026-08-30T10:42:45.191+0000] {processor.py:161} INFO - Started process (PID=537) to work on /opt/airflow/dags/feature_pipeline_dag.py
[2026-08-30T10:42:45.216+0000] {processor.py:830} INFO - Processing file /opt/airflow/dags/feature_pipeline_dag.py for tasks to queue
[2026-08-30T10:42:45.237+0000] {logging_mixin.py:188} INFO - [2026-08-30T10:42:45.228+0000] {dagbag.py:545} INFO - Filling up the DagBag from /opt/airflow/dags/feature_pipeline_dag.py
[2026-08-30T10:42:48.774+0000] {processor.py:840} INFO - DAG(s) 'feature_pipeline' retrieved from /opt/airflow/dags/feature_pipeline_dag.py
[2026-08-30T10:42:57.708+0000] {logging_mixin.py:188} INFO - [2026-08-30T10:42:57.706+0000] {dag.py:3089} INFO - Sync 1 DAGs
[2026-08-30T10:42:58.065+0000] {logging_mixin.py:188} INFO - [2026-08-30T10:42:58.064+0000] {dag.py:3947} INFO - Setting next_dagrun for feature_pipeline to 2026-08-30 10:00:00+00:00, run_after=2026-08-30 11:00:00+00:00
[2026-08-30T10:43:00.170+0000] {processor.py:183} INFO - Processing /opt/airflow/dags/feature_pipeline_dag.py took 15.235 seconds
[2026-08-30T10:43:30.512+0000] {processor.py:161} INFO - Started process (PID=654) to work on /opt/airflow/dags/feature_pipeline_dag.py
[2026-08-30T10:43:30.577+0000] {processor.py:830} INFO - Processing file /opt/airflow/dags/feature_pipeline_dag.py for tasks to queue
[2026-08-30T10:43:30.580+0000] {logging_mixin.py:188} INFO - [2026-08-30T10:43:30.579+0000] {dagbag.py:545} INFO - Filling up the DagBag from /opt/airflow/dags/feature_pipeline_dag.py
[2026-08-30T10:43:33.483+0000] {processor.py:840} INFO - DAG(s) 'feature_pipeline' retrieved from /opt/airflow/dags/feature_pipeline_dag.py
[2026-08-30T10:43:33.557+0000] {logging_mixin.py:188} INFO - [2026-08-30T10:43:33.556+0000] {dag.py:3089} INFO - Sync 1 DAGs
[2026-08-30T10:43:33.599+0000] {logging_mixin.py:188} INFO - [2026-08-30T10:43:33.599+0000] {dag.py:3947} INFO - Setting next_dagrun for feature_pipeline to 2026-08-30 10:00:00+00:00, run_after=2026-08-30 11:00:00+00:00
[2026-08-30T10:43:33.643+0000] {processor.py:183} INFO - Processing /opt/airflow/dags/feature_pipeline_dag.py took 3.154 seconds
[2026-08-30T10:44:04.400+0000] {processor.py:161} INFO - Started process (PID=776) to work on /opt/airflow/dags/feature_pipeline_dag.py
[2026-08-30T10:44:04.404+0000] {processor.py:830} INFO - Processing file /opt/airflow/dags/feature_pipeline_dag.py for tasks to queue
[2026-08-30T10:44:04.407+0000] {logging_mixin.py:188} INFO - [2026-08-30T10:44:04.406+0000] {dagbag.py:545} INFO - Filling up the DagBag from /opt/airflow/dags/feature_pipeline_dag.py
[2026-08-30T10:44:07.447+0000] {processor.py:840} INFO - DAG(s) 'feature_pipeline' retrieved from /opt/airflow/dags/feature_pipeline_dag.py
[2026-08-30T10:44:07.511+0000] {logging_mixin.py:188} INFO - [2026-08-30T10:44:07.510+0000] {dag.py:3089} INFO - Sync 1 DAGs
[2026-08-30T10:44:07.569+0000] {logging_mixin.py:188} INFO - [2026-08-30T10:44:07.569+0000] {dag.py:3947} INFO - Setting next_dagrun for feature_pipeline to 2026-08-30 10:00:00+00:00, run_after=2026-08-30 11:00:00+00:00
[2026-08-30T10:44:08.058+0000] {processor.py:183} INFO - Processing /opt/airflow/dags/feature_pipeline_dag.py took 6.032 seconds
[2026-08-30T10:44:39.395+0000] {processor.py:161} INFO - Started process (PID=844) to work on /opt/airflow/dags/feature_pipeline_dag.py
[2026-08-30T10:44:39.406+0000] {processor.py:830} INFO - Processing file /opt/airflow/dags/feature_pipeline_dag.py for tasks to queue
[2026-08-30T10:44:39.410+0000] {logging_mixin.py:188} INFO - [2026-08-30T10:44:39.409+0000] {dagbag.py:545} INFO - Filling up the DagBag from /opt/airflow/dags/feature_pipeline_dag.py
[2026-08-30T10:44:41.131+0000] {processor.py:840} INFO - DAG(s) 'feature_pipeline' retrieved from /opt/airflow/dags/feature_pipeline_dag.py
[2026-08-30T10:44:41.195+0000] {logging_mixin.py:188} INFO - [2026-08-30T10:44:41.194+0000] {dag.py:3089} INFO - Sync 1 DAGs
[2026-08-30T10:44:41.572+0000] {logging_mixin.py:188} INFO - [2026-08-30T10:44:41.571+0000] {dag.py:3947} INFO - Setting next_dagrun for feature_pipeline to 2026-08-30 10:00:00+00:00, run_after=2026-08-30 11:00:00+00:00
[2026-08-30T10:44:41.828+0000] {processor.py:183} INFO - Processing /opt/airflow/dags/feature_pipeline_dag.py took 2.489 seconds
[2026-08-30T10:45:12.306+0000] {processor.py:161} INFO - Started process (PID=904) to work on /opt/airflow/dags/feature_pipeline_dag.py
[2026-08-30T10:45:12.308+0000] {processor.py:830} INFO - Processing file /opt/airflow/dags/feature_pipeline_dag.py for tasks to queue
[2026-08-30T10:45:12.311+0000] {logging_mixin.py:188} INFO - [2026-08-30T10:45:12.310+0000] {dagbag.py:545} INFO - Filling up the DagBag from /opt/airflow/dags/feature_pipeline_dag.py
[2026-08-30T10:45:14.117+0000] {processor.py:840} INFO - DAG(s) 'feature_pipeline' retrieved from /opt/airflow/dags/feature_pipeline_dag.py
[2026-08-30T10:45:14.198+0000] {logging_mixin.py:188} INFO - [2026-08-30T10:45:14.197+0000] {dag.py:3089} INFO - Sync 1 DAGs
[2026-08-30T10:45:14.628+0000] {logging_mixin.py:188} INFO - [2026-08-30T10:45:14.627+0000] {dag.py:3947} INFO - Setting next_dagrun for feature_pipeline to 2026-08-30 10:00:00+00:00, run_after=2026-08-30 11:00:00+00:00
[2026-08-30T10:45:14.671+0000] {processor.py:183} INFO - Processing /opt/airflow/dags/feature_pipeline_dag.py took 2.393 seconds
[2026-08-30T10:45:45.288+0000] {processor.py:161} INFO - Started process (PID=961) to work on /opt/airflow/dags/feature_pipeline_dag.py
[2026-08-30T10:45:45.304+0000] {processor.py:830} INFO - Processing file /opt/airflow/dags/feature_pipeline_dag.py for tasks to queue
[2026-08-30T10:45:45.306+0000] {logging_mixin.py:188} INFO - [2026-08-30T10:45:45.306+0000] {dagbag.py:545} INFO - Filling up the DagBag from /opt/airflow/dags/feature_pipeline_dag.py
[2026-08-30T10:45:47.239+0000] {processor.py:840} INFO - DAG(s) 'feature_pipeline' retrieved from /opt/airflow/dags/feature_pipeline_dag.py
[2026-08-30T10:45:47.978+0000] {logging_mixin.py:188} INFO - [2026-08-30T10:45:47.977+0000] {dag.py:3089} INFO - Sync 1 DAGs
[2026-08-30T10:45:48.043+0000] {logging_mixin.py:188} INFO - [2026-08-30T10:45:48.043+0000] {dag.py:3947} INFO - Setting next_dagrun for feature_pipeline to 2026-08-30 10:00:00+00:00, run_after=2026-08-30 11:00:00+00:00
[2026-08-30T10:45:48.098+0000] {processor.py:183} INFO - Processing /opt/airflow/dags/feature_pipeline_dag.py took 2.833 seconds
[2026-08-30T10:46:18.745+0000] {processor.py:161} INFO - Started process (PID=997) to work on /opt/airflow/dags/feature_pipeline_dag.py
[2026-08-30T10:46:18.757+0000] {processor.py:830} INFO - Processing file /opt/airflow/dags/feature_pipeline_dag.py for tasks to queue
[2026-08-30T10:46:18.761+0000] {logging_mixin.py:188} INFO - [2026-08-30T10:46:18.760+0000] {dagbag.py:545} INFO - Filling up the DagBag from /opt/airflow/dags/feature_pipeline_dag.py
[2026-08-30T10:46:20.806+0000] {processor.py:840} INFO - DAG(s) 'feature_pipeline' retrieved from /opt/airflow/dags/feature_pipeline_dag.py
[2026-08-30T10:46:20.867+0000] {logging_mixin.py:188} INFO - [2026-08-30T10:46:20.866+0000] {dag.py:3089} INFO - Sync 1 DAGs
[2026-08-30T10:46:20.909+0000] {logging_mixin.py:188} INFO - [2026-08-30T10:46:20.908+0000] {dag.py:3947} INFO - Setting next_dagrun for feature_pipeline to 2026-08-30 10:00:00+00:00, run_after=2026-08-30 11:00:00+00:00
[2026-08-30T10:46:20.956+0000] {processor.py:183} INFO - Processing /opt/airflow/dags/feature_pipeline_dag.py took 2.245 seconds
[2026-08-30T10:46:51.308+0000] {processor.py:161} INFO - Started process (PID=1045) to work on /opt/airflow/dags/feature_pipeline_dag.py
[2026-08-30T10:46:51.312+0000] {processor.py:830} INFO - Processing file /opt/airflow/dags/feature_pipeline_dag.py for tasks to queue
[2026-08-30T10:46:51.314+0000] {logging_mixin.py:188} INFO - [2026-08-30T10:46:51.313+0000] {dagbag.py:545} INFO - Filling up the DagBag from /opt/airflow/dags/feature_pipeline_dag.py
[2026-08-30T10:46:54.694+0000] {processor.py:840} INFO - DAG(s) 'feature_pipeline' retrieved from /opt/airflow/dags/feature_pipeline_dag.py
[2026-08-30T10:46:54.782+0000] {logging_mixin.py:188} INFO - [2026-08-30T10:46:54.781+0000] {dag.py:3089} INFO - Sync 1 DAGs
[2026-08-30T10:46:54.851+0000] {logging_mixin.py:188} INFO - [2026-08-30T10:46:54.851+0000] {dag.py:3947} INFO - Setting next_dagrun for feature_pipeline to 2026-08-30 10:00:00+00:00, run_after=2026-08-30 11:00:00+00:00
[2026-08-30T10:46:54.906+0000] {processor.py:183} INFO - Processing /opt/airflow/dags/feature_pipeline_dag.py took 2.302 seconds
[2026-08-30T10:47:25.370+0000] {processor.py:161} INFO - Started process (PID=1075) to work on /opt/airflow/dags/feature_pipeline_dag.py
[2026-08-30T10:47:25.373+0000] {processor.py:830} INFO - Processing file /opt/airflow/dags/feature_pipeline_dag.py for tasks to queue
[2026-08-30T10:47:25.377+0000] {logging_mixin.py:188} INFO - [2026-08-30T10:47:25.376+0000] {dagbag.py:545} INFO - Filling up the DagBag from /opt/airflow/dags/feature_pipeline_dag.py
[2026-08-30T10:47:27.125+0000] {processor.py:840} INFO - DAG(s) 'feature_pipeline' retrieved from /opt/airflow/dags/feature_pipeline_dag.py
[2026-08-30T10:47:27.192+0000] {logging_mixin.py:188} INFO - [2026-08-30T10:47:27.191+0000] {dag.py:3089} INFO - Sync 1 DAGs
[2026-08-30T10:47:27.632+0000] {logging_mixin.py:188} INFO - [2026-08-30T10:47:27.631+0000] {dag.py:3947} INFO - Setting next_dagrun for feature_pipeline to 2026-08-30 10:00:00+00:00, run_after=2026-08-30 11:00:00+00:00
[2026-08-30T10:47:27.678+0000] {processor.py:183} INFO - Processing /opt/airflow/dags/feature_pipeline_dag.py took 2.329 seconds
[2026-08-30T10:47:59.956+0000] {processor.py:161} INFO - Started process (PID=1111) to work on /opt/airflow/dags/feature_pipeline_dag.py
[2026-08-30T10:47:59.960+0000] {processor.py:830} INFO - Processing file /opt/airflow/dags/feature_pipeline_dag.py for tasks to queue
[2026-08-30T10:47:59.962+0000] {logging_mixin.py:188} INFO - [2026-08-30T10:47:59.962+0000] {dagbag.py:545} INFO - Filling up the DagBag from /opt/airflow/dags/feature_pipeline_dag.py
[2026-08-30T10:48:03.801+0000] {processor.py:840} INFO - DAG(s) 'feature_pipeline' retrieved from /opt/airflow/dags/feature_pipeline_dag.py
[2026-08-30T10:48:03.901+0000] {logging_mixin.py:188} INFO - [2026-08-30T10:48:03.900+0000] {dag.py:3089} INFO - Sync 1 DAGs
[2026-08-30T10:48:04.458+0000] {logging_mixin.py:188} INFO - [2026-08-30T10:48:04.457+0000] {dag.py:3947} INFO - Setting next_dagrun for feature_pipeline to 2026-08-30 10:00:00+00:00, run_after=2026-08-30 11:00:00+00:00
[2026-08-30T10:48:04.551+0000] {processor.py:183} INFO - Processing /opt/airflow/dags/feature_pipeline_dag.py took 4.783 seconds
[2026-08-30T10:48:35.057+0000] {processor.py:161} INFO - Started process (PID=1175) to work on /opt/airflow/dags/feature_pipeline_dag.py
[2026-08-30T10:48:35.061+0000] {processor.py:830} INFO - Processing file /opt/airflow/dags/feature_pipeline_dag.py for tasks to queue
[2026-08-30T10:48:35.064+0000] {logging_mixin.py:188} INFO - [2026-08-30T10:48:35.063+0000] {dagbag.py:545} INFO - Filling up the DagBag from /opt/airflow/dags/feature_pipeline_dag.py
[2026-08-30T10:48:36.737+0000] {processor.py:840} INFO - DAG(s) 'feature_pipeline' retrieved from /opt/airflow/dags/feature_pipeline_dag.py
[2026-08-30T10:48:37.294+0000] {logging_mixin.py:188} INFO - [2026-08-30T10:48:37.293+0000] {dag.py:3089} INFO - Sync 1 DAGs
[2026-08-30T10:48:37.814+0000] {logging_mixin.py:188} INFO - [2026-08-30T10:48:37.813+0000] {dag.py:3947} INFO - Setting next_dagrun for feature_pipeline to 2026-08-30 10:00:00+00:00, run_after=2026-08-30 11:00:00+00:00
[2026-08-30T10:48:37.873+0000] {processor.py:183} INFO - Processing /opt/airflow/dags/feature_pipeline_dag.py took 2.837 seconds
[2026-08-30T10:49:08.585+0000] {processor.py:161} INFO - Started process (PID=1260) to work on /opt/airflow/dags/feature_pipeline_dag.py
[2026-08-30T10:49:08.588+0000] {processor.py:830} INFO - Processing file /opt/airflow/dags/feature_pipeline_dag.py for tasks to queue
[2026-08-30T10:49:08.590+0000] {logging_mixin.py:188} INFO - [2026-08-30T10:49:08.589+0000] {dagbag.py:545} INFO - Filling up the DagBag from /opt/airflow/dags/feature_pipeline_dag.py
[2026-08-30T10:49:10.540+0000] {processor.py:840} INFO - DAG(s) 'feature_pipeline' retrieved from /opt/airflow/dags/feature_pipeline_dag.py
[2026-08-30T10:49:10.599+0000] {logging_mixin.py:188} INFO - [2026-08-30T10:49:10.599+0000] {dag.py:3089} INFO - Sync 1 DAGs
[2026-08-30T10:49:10.639+0000] {logging_mixin.py:188} INFO - [2026-08-30T10:49:10.639+0000] {dag.py:3947} INFO - Setting next_dagrun for feature_pipeline to 2026-08-30 10:00:00+00:00, run_after=2026-08-30 11:00:00+00:00
[2026-08-30T10:49:10.683+0000] {processor.py:183} INFO - Processing /opt/airflow/dags/feature_pipeline_dag.py took 2.113 seconds
[2026-08-30T10:49:41.187+0000] {processor.py:161} INFO - Started process (PID=1337) to work on /opt/airflow/dags/feature_pipeline_dag.py
[2026-08-30T10:49:41.236+0000] {processor.py:830} INFO - Processing file /opt/airflow/dags/feature_pipeline_dag.py for tasks to queue
[2026-08-30T10:49:41.239+0000] {logging_mixin.py:188} INFO - [2026-08-30T10:49:41.238+0000] {dagbag.py:545} INFO - Filling up the DagBag from /opt/airflow/dags/feature_pipeline_dag.py
[2026-08-30T10:49:42.941+0000] {processor.py:840} INFO - DAG(s) 'feature_pipeline' retrieved from /opt/airflow/dags/feature_pipeline_dag.py
[2026-08-30T10:49:43.057+0000] {logging_mixin.py:188} INFO - [2026-08-30T10:49:43.055+0000] {dag.py:3089} INFO - Sync 1 DAGs
[2026-08-30T10:49:43.133+0000] {logging_mixin.py:188} INFO - [2026-08-30T10:49:43.133+0000] {dag.py:3947} INFO - Setting next_dagrun for feature_pipeline to 2026-08-30 10:00:00+00:00, run_after=2026-08-30 11:00:00+00:00
[2026-08-30T10:49:43.564+0000] {processor.py:183} INFO - Processing /opt/airflow/dags/feature_pipeline_dag.py took 2.409 seconds
[2026-08-30T10:50:13.942+0000] {processor.py:161} INFO - Started process (PID=1388) to work on /opt/airflow/dags/feature_pipeline_dag.py
[2026-08-30T10:50:13.945+0000] {processor.py:830} INFO - Processing file /opt/airflow/dags/feature_pipeline_dag.py for tasks to queue
[2026-08-30T10:50:13.948+0000] {logging_mixin.py:188} INFO - [2026-08-30T10:50:13.947+0000] {dagbag.py:545} INFO - Filling up the DagBag from /opt/airflow/dags/feature_pipeline_dag.py
[2026-08-30T10:50:15.581+0000] {processor.py:840} INFO - DAG(s) 'feature_pipeline' retrieved from /opt/airflow/dags/feature_pipeline_dag.py
[2026-08-30T10:50:15.652+0000] {logging_mixin.py:188} INFO - [2026-08-30T10:50:15.651+0000] {dag.py:3089} INFO - Sync 1 DAGs
[2026-08-30T10:50:17.820+0000] {logging_mixin.py:188} INFO - [2026-08-30T10:50:17.819+0000] {dag.py:3947} INFO - Setting next_dagrun for feature_pipeline to 2026-08-30 10:00:00+00:00, run_after=2026-08-30 11:00:00+00:00
[2026-08-30T10:50:17.912+0000] {processor.py:183} INFO - Processing /opt/airflow/dags/feature_pipeline_dag.py took 3.990 seconds
[2026-08-30T10:50:48.270+0000] {processor.py:161} INFO - Started process (PID=1448) to work on /opt/airflow/dags/feature_pipeline_dag.py
[2026-08-30T10:50:48.280+0000] {processor.py:830} INFO - Processing file /opt/airflow/dags/feature_pipeline_dag.py for tasks to queue
[2026-08-30T10:50:48.283+0000] {logging_mixin.py:188} INFO - [2026-08-30T10:50:48.282+0000] {dagbag.py:545} INFO - Filling up the DagBag from /opt/airflow/dags/feature_pipeline_dag.py
[2026-08-30T10:50:49.820+0000] {processor.py:840} INFO - DAG(s) 'feature_pipeline' retrieved from /opt/airflow/dags/feature_pipeline_dag.py
[2026-08-30T10:50:49.892+0000] {logging_mixin.py:188} INFO - [2026-08-30T10:50:49.891+0000] {dag.py:3089} INFO - Sync 1 DAGs
[2026-08-30T10:50:51.737+0000] {logging_mixin.py:188} INFO - [2026-08-30T10:50:51.736+0000] {dag.py:3947} INFO - Setting next_dagrun for feature_pipeline to 2026-08-30 10:00:00+00:00, run_after=2026-08-30 11:00:00+00:00
[2026-08-30T10:50:51.809+0000] {processor.py:183} INFO - Processing /opt/airflow/dags/feature_pipeline_dag.py took 3.563 seconds
[2026-08-30T10:51:22.069+0000] {processor.py:161} INFO - Started process (PID=1497) to work on /opt/airflow/dags/feature_pipeline_dag.py
[2026-08-30T10:51:22.072+0000] {processor.py:830} INFO - Processing file /opt/airflow/dags/feature_pipeline_dag.py for tasks to queue
[2026-08-30T10:51:22.074+0000] {logging_mixin.py:188} INFO - [2026-08-30T10:51:22.073+0000] {dagbag.py:545} INFO - Filling up the DagBag from /opt/airflow/dags/feature_pipeline_dag.py
[2026-08-30T10:51:23.574+0000] {processor.py:840} INFO - DAG(s) 'feature_pipeline' retrieved from /opt/airflow/dags/feature_pipeline_dag.py
[2026-08-30T10:51:23.952+0000] {logging_mixin.py:188} INFO - [2026-08-30T10:51:23.951+0000] {dag.py:3089} INFO - Sync 1 DAGs
[2026-08-30T10:51:23.991+0000] {logging_mixin.py:188} INFO - [2026-08-30T10:51:23.990+0000] {dag.py:3947} INFO - Setting next_dagrun for feature_pipeline to 2026-08-30 10:00:00+00:00, run_after=2026-08-30 11:00:00+00:00
[2026-08-30T10:51:24.027+0000] {processor.py:183} INFO - Processing /opt/airflow/dags/feature_pipeline_dag.py took 1.978 seconds
[2026-08-30T10:51:54.825+0000] {processor.py:161} INFO - Started process (PID=1525) to work on /opt/airflow/dags/feature_pipeline_dag.py
[2026-08-30T10:51:54.828+0000] {processor.py:830} INFO - Processing file /opt/airflow/dags/feature_pipeline_dag.py for tasks to queue
[2026-08-30T10:51:54.832+0000] {logging_mixin.py:188} INFO - [2026-08-30T10:51:54.831+0000] {dagbag.py:545} INFO - Filling up the DagBag from /opt/airflow/dags/feature_pipeline_dag.py
[2026-08-30T10:51:56.530+0000] {processor.py:840} INFO - DAG(s) 'feature_pipeline' retrieved from /opt/airflow/dags/feature_pipeline_dag.py
[2026-08-30T10:51:57.016+0000] {logging_mixin.py:188} INFO - [2026-08-30T10:51:57.015+0000] {dag.py:3089} INFO - Sync 1 DAGs
[2026-08-30T10:51:57.061+0000] {logging_mixin.py:188} INFO - [2026-08-30T10:51:57.061+0000] {dag.py:3947} INFO - Setting next_dagrun for feature_pipeline to 2026-08-30 10:00:00+00:00, run_after=2026-08-30 11:00:00+00:00
[2026-08-30T10:51:57.140+0000] {processor.py:183} INFO - Processing /opt/airflow/dags/feature_pipeline_dag.py took 2.340 seconds
[2026-08-30T10:52:27.724+0000] {processor.py:161} INFO - Started process (PID=1550) to work on /opt/airflow/dags/feature_pipeline_dag.py
[2026-08-30T10:52:27.727+0000] {processor.py:830} INFO - Processing file /opt/airflow/dags/feature_pipeline_dag.py for tasks to queue
[2026-08-30T10:52:27.729+0000] {logging_mixin.py:188} INFO - [2026-08-30T10:52:27.728+0000] {dagbag.py:545} INFO - Filling up the DagBag from /opt/airflow/dags/feature_pipeline_dag.py
[2026-08-30T10:52:29.790+0000] {processor.py:840} INFO - DAG(s) 'feature_pipeline' retrieved from /opt/airflow/dags/feature_pipeline_dag.py
[2026-08-30T10:52:29.845+0000] {logging_mixin.py:188} INFO - [2026-08-30T10:52:29.844+0000] {dag.py:3089} INFO - Sync 1 DAGs
[2026-08-30T10:52:29.887+0000] {logging_mixin.py:188} INFO - [2026-08-30T10:52:29.886+0000] {dag.py:3947} INFO - Setting next_dagrun for feature_pipeline to 2026-08-30 10:00:00+00:00, run_after=2026-08-30 11:00:00+00:00
[2026-08-30T10:52:29.925+0000] {processor.py:183} INFO - Processing /opt/airflow/dags/feature_pipeline_dag.py took 2.222 seconds
[2026-08-30T10:53:00.434+0000] {processor.py:161} INFO - Started process (PID=1595) to work on /opt/airflow/dags/feature_pipeline_dag.py
[2026-08-30T10:53:00.438+0000] {processor.py:830} INFO - Processing file /opt/airflow/dags/feature_pipeline_dag.py for tasks to queue
[2026-08-30T10:53:00.442+0000] {logging_mixin.py:188} INFO - [2026-08-30T10:53:00.440+0000] {dagbag.py:545} INFO - Filling up the DagBag from /opt/airflow/dags/feature_pipeline_dag.py
[2026-08-30T10:53:03.996+0000] {processor.py:840} INFO - DAG(s) 'feature_pipeline' retrieved from /opt/airflow/dags/feature_pipeline_dag.py
[2026-08-30T10:53:04.759+0000] {logging_mixin.py:188} INFO - [2026-08-30T10:53:04.758+0000] {dag.py:3089} INFO - Sync 1 DAGs
[2026-08-30T10:53:08.310+0000] {logging_mixin.py:188} INFO - [2026-08-30T10:53:08.309+0000] {dag.py:3947} INFO - Setting next_dagrun for feature_pipeline to 2026-08-30 10:00:00+00:00, run_after=2026-08-30 11:00:00+00:00
[2026-08-30T10:53:08.466+0000] {processor.py:183} INFO - Processing /opt/airflow/dags/feature_pipeline_dag.py took 8.061 seconds
[2026-08-30T10:53:38.884+0000] {processor.py:161} INFO - Started process (PID=1626) to work on /opt/airflow/dags/feature_pipeline_dag.py
[2026-08-30T10:53:38.887+0000] {processor.py:830} INFO - Processing file /opt/airflow/dags/feature_pipeline_dag.py for tasks to queue
[2026-08-30T10:53:38.890+0000] {logging_mixin.py:188} INFO - [2026-08-30T10:53:38.889+0000] {dagbag.py:545} INFO - Filling up the DagBag from /opt/airflow/dags/feature_pipeline_dag.py
[2026-08-30T10:53:40.413+0000] {processor.py:840} INFO - DAG(s) 'feature_pipeline' retrieved from /opt/airflow/dags/feature_pipeline_dag.py
[2026-08-30T10:53:40.469+0000] {logging_mixin.py:188} INFO - [2026-08-30T10:53:40.468+0000] {dag.py:3089} INFO - Sync 1 DAGs
[2026-08-30T10:53:40.800+0000] {logging_mixin.py:188} INFO - [2026-08-30T10:53:40.800+0000] {dag.py:3947} INFO - Setting next_dagrun for feature_pipeline to 2026-08-30 10:00:00+00:00, run_after=2026-08-30 11:00:00+00:00
[2026-08-30T10:53:40.890+0000] {processor.py:183} INFO - Processing /opt/airflow/dags/feature_pipeline_dag.py took 2.029 seconds
[2026-08-30T10:54:11.480+0000] {processor.py:161} INFO - Started process (PID=1693) to work on /opt/airflow/dags/feature_pipeline_dag.py
[2026-08-30T10:54:11.484+0000] {processor.py:830} INFO - Processing file /opt/airflow/dags/feature_pipeline_dag.py for tasks to queue
[2026-08-30T10:54:11.491+0000] {logging_mixin.py:188} INFO - [2026-08-30T10:54:11.487+0000] {dagbag.py:545} INFO - Filling up the DagBag from /opt/airflow/dags/feature_pipeline_dag.py
[2026-08-30T10:54:13.997+0000] {processor.py:840} INFO - DAG(s) 'feature_pipeline' retrieved from /opt/airflow/dags/feature_pipeline_dag.py
[2026-08-30T10:54:17.776+0000] {logging_mixin.py:188} INFO - [2026-08-30T10:54:17.775+0000] {dag.py:3089} INFO - Sync 1 DAGs
[2026-08-30T10:54:17.820+0000] {logging_mixin.py:188} INFO - [2026-08-30T10:54:17.819+0000] {dag.py:3947} INFO - Setting next_dagrun for feature_pipeline to 2026-08-30 10:00:00+00:00, run_after=2026-08-30 11:00:00+00:00
[2026-08-30T10:54:17.862+0000] {processor.py:183} INFO - Processing /opt/airflow/dags/feature_pipeline_dag.py took 8.772 seconds
[2026-08-30T10:54:48.259+0000] {processor.py:161} INFO - Started process (PID=1738) to work on /opt/airflow/dags/feature_pipeline_dag.py
[2026-08-30T10:54:48.262+0000] {processor.py:830} INFO - Processing file /opt/airflow/dags/feature_pipeline_dag.py for tasks to queue
[2026-08-30T10:54:48.265+0000] {logging_mixin.py:188} INFO - [2026-08-30T10:54:48.264+0000] {dagbag.py:545} INFO - Filling up the DagBag from /opt/airflow/dags/feature_pipeline_dag.py
[2026-08-30T10:54:52.100+0000] {processor.py:840} INFO - DAG(s) 'feature_pipeline' retrieved from /opt/airflow/dags/feature_pipeline_dag.py
[2026-08-30T10:54:52.191+0000] {logging_mixin.py:188} INFO - [2026-08-30T10:54:52.189+0000] {dag.py:3089} INFO - Sync 1 DAGs
[2026-08-30T10:54:52.259+0000] {logging_mixin.py:188} INFO - [2026-08-30T10:54:52.258+0000] {dag.py:3947} INFO - Setting next_dagrun for feature_pipeline to 2026-08-30 10:00:00+00:00, run_after=2026-08-30 11:00:00+00:00
[2026-08-30T10:54:52.322+0000] {processor.py:183} INFO - Processing /opt/airflow/dags/feature_pipeline_dag.py took 4.093 seconds
[2026-08-30T10:55:22.584+0000] {processor.py:161} INFO - Started process (PID=1765) to work on /opt/airflow/dags/feature_pipeline_dag.py
[2026-08-30T10:55:22.598+0000] {processor.py:830} INFO - Processing file /opt/airflow/dags/feature_pipeline_dag.py for tasks to queue
[2026-08-30T10:55:22.601+0000] {logging_mixin.py:188} INFO - [2026-08-30T10:55:22.600+0000] {dagbag.py:545} INFO - Filling up the DagBag from /opt/airflow/dags/feature_pipeline_dag.py
[2026-08-30T10:55:25.986+0000] {processor.py:840} INFO - DAG(s) 'feature_pipeline' retrieved from /opt/airflow/dags/feature_pipeline_dag.py
[2026-08-30T10:55:26.182+0000] {logging_mixin.py:188} INFO - [2026-08-30T10:55:26.181+0000] {dag.py:3089} INFO - Sync 1 DAGs
[2026-08-30T10:55:26.264+0000] {logging_mixin.py:188} INFO - [2026-08-30T10:55:26.263+0000] {dag.py:3947} INFO - Setting next_dagrun for feature_pipeline to 2026-08-30 10:00:00+00:00, run_after=2026-08-30 11:00:00+00:00
[2026-08-30T10:55:26.326+0000] {processor.py:183} INFO - Processing /opt/airflow/dags/feature_pipeline_dag.py took 3.778 seconds
[2026-08-30T10:55:56.676+0000] {processor.py:161} INFO - Started process (PID=1810) to work on /opt/airflow/dags/feature_pipeline_dag.py
[2026-08-30T10:55:56.681+0000] {processor.py:830} INFO - Processing file /opt/airflow/dags/feature_pipeline_dag.py for tasks to queue
[2026-08-30T10:55:56.684+0000] {logging_mixin.py:188} INFO - [2026-08-30T10:55:56.683+0000] {dagbag.py:545} INFO - Filling up the DagBag from /opt/airflow/dags/feature_pipeline_dag.py
[2026-08-30T10:55:58.529+0000] {processor.py:840} INFO - DAG(s) 'feature_pipeline' retrieved from /opt/airflow/dags/feature_pipeline_dag.py
[2026-08-30T10:55:58.607+0000] {logging_mixin.py:188} INFO - [2026-08-30T10:55:58.606+0000] {dag.py:3089} INFO - Sync 1 DAGs
[2026-08-30T10:55:59.182+0000] {logging_mixin.py:188} INFO - [2026-08-30T10:55:59.181+0000] {dag.py:3947} INFO - Setting next_dagrun for feature_pipeline to 2026-08-30 10:00:00+00:00, run_after=2026-08-30 11:00:00+00:00
[2026-08-30T10:55:59.224+0000] {processor.py:183} INFO - Processing /opt/airflow/dags/feature_pipeline_dag.py took 2.584 seconds
[2026-08-30T10:56:29.723+0000] {processor.py:161} INFO - Started process (PID=1899) to work on /opt/airflow/dags/feature_pipeline_dag.py
[2026-08-30T10:56:29.730+0000] {processor.py:830} INFO - Processing file /opt/airflow/dags/feature_pipeline_dag.py for tasks to queue
[2026-08-30T10:56:29.735+0000] {logging_mixin.py:188} INFO - [2026-08-30T10:56:29.733+0000] {dagbag.py:545} INFO - Filling up the DagBag from /opt/airflow/dags/feature_pipeline_dag.py
[2026-08-30T10:56:31.510+0000] {processor.py:840} INFO - DAG(s) 'feature_pipeline' retrieved from /opt/airflow/dags/feature_pipeline_dag.py
[2026-08-30T10:56:31.605+0000] {logging_mixin.py:188} INFO - [2026-08-30T10:56:31.605+0000] {dag.py:3089} INFO - Sync 1 DAGs
[2026-08-30T10:56:39.097+0000] {logging_mixin.py:188} INFO - [2026-08-30T10:56:39.097+0000] {dag.py:3947} INFO - Setting next_dagrun for feature_pipeline to 2026-08-30 10:00:00+00:00, run_after=2026-08-30 11:00:00+00:00
[2026-08-30T10:56:39.164+0000] {processor.py:183} INFO - Processing /opt/airflow/dags/feature_pipeline_dag.py took 12.266 seconds
[2026-08-30T10:57:09.771+0000] {processor.py:161} INFO - Started process (PID=1932) to work on /opt/airflow/dags/feature_pipeline_dag.py
[2026-08-30T10:57:09.773+0000] {processor.py:830} INFO - Processing file /opt/airflow/dags/feature_pipeline_dag.py for tasks to queue
[2026-08-30T10:57:09.775+0000] {logging_mixin.py:188} INFO - [2026-08-30T10:57:09.775+0000] {dagbag.py:545} INFO - Filling up the DagBag from /opt/airflow/dags/feature_pipeline_dag.py
[2026-08-30T10:57:11.511+0000] {processor.py:840} INFO - DAG(s) 'feature_pipeline' retrieved from /opt/airflow/dags/feature_pipeline_dag.py
[2026-08-30T10:57:18.720+0000] {logging_mixin.py:188} INFO - [2026-08-30T10:57:18.719+0000] {dag.py:3089} INFO - Sync 1 DAGs
[2026-08-30T10:57:18.762+0000] {logging_mixin.py:188} INFO - [2026-08-30T10:57:18.762+0000] {dag.py:3947} INFO - Setting next_dagrun for feature_pipeline to 2026-08-30 10:00:00+00:00, run_after=2026-08-30 11:00:00+00:00
[2026-08-30T10:57:18.802+0000] {processor.py:183} INFO - Processing /opt/airflow/dags/feature_pipeline_dag.py took 9.058 seconds
[2026-08-30T10:57:49.217+0000] {processor.py:161} INFO - Started process (PID=1962) to work on /opt/airflow/dags/feature_pipeline_dag.py
[2026-08-30T10:57:49.221+0000] {processor.py:830} INFO - Processing file /opt/airflow/dags/feature_pipeline_dag.py for tasks to queue
[2026-08-30T10:57:49.224+0000] {logging_mixin.py:188} INFO - [2026-08-30T10:57:49.223+0000] {dagbag.py:545} INFO - Filling up the DagBag from /opt/airflow/dags/feature_pipeline_dag.py
[2026-08-30T10:57:51.185+0000] {processor.py:840} INFO - DAG(s) 'feature_pipeline' retrieved from /opt/airflow/dags/feature_pipeline_dag.py
[2026-08-30T10:57:57.671+0000] {logging_mixin.py:188} INFO - [2026-08-30T10:57:57.670+0000] {dag.py:3089} INFO - Sync 1 DAGs
[2026-08-30T10:57:57.739+0000] {logging_mixin.py:188} INFO - [2026-08-30T10:57:57.739+0000] {dag.py:3947} INFO - Setting next_dagrun for feature_pipeline to 2026-08-30 10:00:00+00:00, run_after=2026-08-30 11:00:00+00:00
[2026-08-30T10:57:57.791+0000] {processor.py:183} INFO - Processing /opt/airflow/dags/feature_pipeline_dag.py took 8.597 seconds
[2026-08-30T10:58:29.052+0000] {processor.py:161} INFO - Started process (PID=1995) to work on /opt/airflow/dags/feature_pipeline_dag.py
[2026-08-30T10:58:29.058+0000] {processor.py:830} INFO - Processing file /opt/airflow/dags/feature_pipeline_dag.py for tasks to queue
[2026-08-30T10:58:29.116+0000] {logging_mixin.py:188} INFO - [2026-08-30T10:58:29.092+0000] {dagbag.py:545} INFO - Filling up the DagBag from /opt/airflow/dags/feature_pipeline_dag.py
[2026-08-30T10:58:35.725+0000] {processor.py:840} INFO - DAG(s) 'feature_pipeline' retrieved from /opt/airflow/dags/feature_pipeline_dag.py
[2026-08-30T10:58:35.805+0000] {logging_mixin.py:188} INFO - [2026-08-30T10:58:35.804+0000] {dag.py:3089} INFO - Sync 1 DAGs
[2026-08-30T10:58:35.861+0000] {logging_mixin.py:188} INFO - [2026-08-30T10:58:35.860+0000] {dag.py:3947} INFO - Setting next_dagrun for feature_pipeline to 2026-08-30 10:00:00+00:00, run_after=2026-08-30 11:00:00+00:00
[2026-08-30T10:58:35.907+0000] {processor.py:183} INFO - Processing /opt/airflow/dags/feature_pipeline_dag.py took 7.576 seconds
[2026-08-30T10:59:06.525+0000] {processor.py:161} INFO - Started process (PID=2025) to work on /opt/airflow/dags/feature_pipeline_dag.py
[2026-08-30T10:59:06.528+0000] {processor.py:830} INFO - Processing file /opt/airflow/dags/feature_pipeline_dag.py for tasks to queue
[2026-08-30T10:59:06.532+0000] {logging_mixin.py:188} INFO - [2026-08-30T10:59:06.530+0000] {dagbag.py:545} INFO - Filling up the DagBag from /opt/airflow/dags/feature_pipeline_dag.py
[2026-08-30T10:59:08.053+0000] {processor.py:840} INFO - DAG(s) 'feature_pipeline' retrieved from /opt/airflow/dags/feature_pipeline_dag.py
[2026-08-30T10:59:08.179+0000] {logging_mixin.py:188} INFO - [2026-08-30T10:59:08.178+0000] {dag.py:3089} INFO - Sync 1 DAGs
[2026-08-30T10:59:08.882+0000] {logging_mixin.py:188} INFO - [2026-08-30T10:59:08.881+0000] {dag.py:3947} INFO - Setting next_dagrun for feature_pipeline to 2026-08-30 10:00:00+00:00, run_after=2026-08-30 11:00:00+00:00
[2026-08-30T10:59:08.921+0000] {processor.py:183} INFO - Processing /opt/airflow/dags/feature_pipeline_dag.py took 2.421 seconds
[2026-08-30T10:59:39.672+0000] {processor.py:161} INFO - Started process (PID=2055) to work on /opt/airflow/dags/feature_pipeline_dag.py
[2026-08-30T10:59:39.678+0000] {processor.py:830} INFO - Processing file /opt/airflow/dags/feature_pipeline_dag.py for tasks to queue
[2026-08-30T10:59:39.681+0000] {logging_mixin.py:188} INFO - [2026-08-30T10:59:39.680+0000] {dagbag.py:545} INFO - Filling up the DagBag from /opt/airflow/dags/feature_pipeline_dag.py
[2026-08-30T10:59:41.678+0000] {processor.py:840} INFO - DAG(s) 'feature_pipeline' retrieved from /opt/airflow/dags/feature_pipeline_dag.py
[2026-08-30T10:59:41.769+0000] {logging_mixin.py:188} INFO - [2026-08-30T10:59:41.768+0000] {dag.py:3089} INFO - Sync 1 DAGs
[2026-08-30T10:59:42.275+0000] {logging_mixin.py:188} INFO - [2026-08-30T10:59:42.275+0000] {dag.py:3947} INFO - Setting next_dagrun for feature_pipeline to 2026-08-30 10:00:00+00:00, run_after=2026-08-30 11:00:00+00:00
[2026-08-30T10:59:42.318+0000] {processor.py:183} INFO - Processing /opt/airflow/dags/feature_pipeline_dag.py took 2.680 seconds
[2026-08-30T11:00:12.825+0000] {processor.py:161} INFO - Started process (PID=2103) to work on /opt/airflow/dags/feature_pipeline_dag.py
[2026-08-30T11:00:12.829+0000] {processor.py:830} INFO - Processing file /opt/airflow/dags/feature_pipeline_dag.py for tasks to queue
[2026-08-30T11:00:12.832+0000] {logging_mixin.py:188} INFO - [2026-08-30T11:00:12.831+0000] {dagbag.py:545} INFO - Filling up the DagBag from /opt/airflow/dags/feature_pipeline_dag.py
[2026-08-30T11:00:14.760+0000] {processor.py:840} INFO - DAG(s) 'feature_pipeline' retrieved from /opt/airflow/dags/feature_pipeline_dag.py
[2026-08-30T11:00:15.943+0000] {logging_mixin.py:188} INFO - [2026-08-30T11:00:15.942+0000] {dag.py:3089} INFO - Sync 1 DAGs
[2026-08-30T11:00:15.998+0000] {logging_mixin.py:188} INFO - [2026-08-30T11:00:15.997+0000] {dag.py:3947} INFO - Setting next_dagrun for feature_pipeline to 2026-08-30 11:00:00+00:00, run_after=2026-08-30 12:00:00+00:00
[2026-08-30T11:00:16.040+0000] {processor.py:183} INFO - Processing /opt/airflow/dags/feature_pipeline_dag.py took 3.239 seconds
[2026-08-30T11:00:46.568+0000] {processor.py:161} INFO - Started process (PID=2228) to work on /opt/airflow/dags/feature_pipeline_dag.py
[2026-08-30T11:00:46.650+0000] {processor.py:830} INFO - Processing file /opt/airflow/dags/feature_pipeline_dag.py for tasks to queue
[2026-08-30T11:00:43.400+0000] {logging_mixin.py:188} INFO - [2026-08-30T11:00:43.367+0000] {dagbag.py:545} INFO - Filling up the DagBag from /opt/airflow/dags/feature_pipeline_dag.py
[2026-08-30T11:01:06.602+0000] {processor.py:840} INFO - DAG(s) 'feature_pipeline' retrieved from /opt/airflow/dags/feature_pipeline_dag.py
[2026-08-30T11:01:06.850+0000] {logging_mixin.py:188} INFO - [2026-08-30T11:01:06.849+0000] {dag.py:3089} INFO - Sync 1 DAGs
[2026-08-30T11:01:06.931+0000] {logging_mixin.py:188} INFO - [2026-08-30T11:01:06.931+0000] {dag.py:3947} INFO - Setting next_dagrun for feature_pipeline to 2026-08-30 11:00:00+00:00, run_after=2026-08-30 12:00:00+00:00
[2026-08-30T11:01:07.025+0000] {processor.py:183} INFO - Processing /opt/airflow/dags/feature_pipeline_dag.py took 23.867 seconds
[2026-08-30T11:01:37.744+0000] {processor.py:161} INFO - Started process (PID=2315) to work on /opt/airflow/dags/feature_pipeline_dag.py
[2026-08-30T11:01:37.754+0000] {processor.py:830} INFO - Processing file /opt/airflow/dags/feature_pipeline_dag.py for tasks to queue
[2026-08-30T11:01:37.757+0000] {logging_mixin.py:188} INFO - [2026-08-30T11:01:37.756+0000] {dagbag.py:545} INFO - Filling up the DagBag from /opt/airflow/dags/feature_pipeline_dag.py
[2026-08-30T11:01:41.714+0000] {processor.py:840} INFO - DAG(s) 'feature_pipeline' retrieved from /opt/airflow/dags/feature_pipeline_dag.py
[2026-08-30T11:01:42.046+0000] {logging_mixin.py:188} INFO - [2026-08-30T11:01:42.045+0000] {dag.py:3089} INFO - Sync 1 DAGs
[2026-08-30T11:01:42.376+0000] {logging_mixin.py:188} INFO - [2026-08-30T11:01:42.376+0000] {dag.py:3947} INFO - Setting next_dagrun for feature_pipeline to 2026-08-30 11:00:00+00:00, run_after=2026-08-30 12:00:00+00:00
[2026-08-30T11:01:48.712+0000] {processor.py:183} INFO - Processing /opt/airflow/dags/feature_pipeline_dag.py took 11.992 seconds
[2026-08-30T11:02:19.237+0000] {processor.py:161} INFO - Started process (PID=2378) to work on /opt/airflow/dags/feature_pipeline_dag.py
[2026-08-30T11:02:19.241+0000] {processor.py:830} INFO - Processing file /opt/airflow/dags/feature_pipeline_dag.py for tasks to queue
[2026-08-30T11:02:19.247+0000] {logging_mixin.py:188} INFO - [2026-08-30T11:02:19.245+0000] {dagbag.py:545} INFO - Filling up the DagBag from /opt/airflow/dags/feature_pipeline_dag.py
[2026-08-30T11:02:20.964+0000] {processor.py:840} INFO - DAG(s) 'feature_pipeline' retrieved from /opt/airflow/dags/feature_pipeline_dag.py
[2026-08-30T11:02:21.038+0000] {logging_mixin.py:188} INFO - [2026-08-30T11:02:21.037+0000] {dag.py:3089} INFO - Sync 1 DAGs
[2026-08-30T11:02:21.604+0000] {logging_mixin.py:188} INFO - [2026-08-30T11:02:21.603+0000] {dag.py:3947} INFO - Setting next_dagrun for feature_pipeline to 2026-08-30 11:00:00+00:00, run_after=2026-08-30 12:00:00+00:00
[2026-08-30T11:02:21.672+0000] {processor.py:183} INFO - Processing /opt/airflow/dags/feature_pipeline_dag.py took 2.454 seconds
[2026-08-30T11:02:52.099+0000] {processor.py:161} INFO - Started process (PID=2424) to work on /opt/airflow/dags/feature_pipeline_dag.py
[2026-08-30T11:02:52.103+0000] {processor.py:830} INFO - Processing file /opt/airflow/dags/feature_pipeline_dag.py for tasks to queue
[2026-08-30T11:02:52.105+0000] {logging_mixin.py:188} INFO - [2026-08-30T11:02:52.105+0000] {dagbag.py:545} INFO - Filling up the DagBag from /opt/airflow/dags/feature_pipeline_dag.py
[2026-08-30T11:02:53.601+0000] {processor.py:840} INFO - DAG(s) 'feature_pipeline' retrieved from /opt/airflow/dags/feature_pipeline_dag.py
[2026-08-30T11:02:54.030+0000] {logging_mixin.py:188} INFO - [2026-08-30T11:02:54.029+0000] {dag.py:3089} INFO - Sync 1 DAGs
[2026-08-30T11:02:54.071+0000] {logging_mixin.py:188} INFO - [2026-08-30T11:02:54.070+0000] {dag.py:3947} INFO - Setting next_dagrun for feature_pipeline to 2026-08-30 11:00:00+00:00, run_after=2026-08-30 12:00:00+00:00
[2026-08-30T11:02:54.110+0000] {processor.py:183} INFO - Processing /opt/airflow/dags/feature_pipeline_dag.py took 2.133 seconds
[2026-08-30T11:03:24.318+0000] {processor.py:161} INFO - Started process (PID=2478) to work on /opt/airflow/dags/feature_pipeline_dag.py
[2026-08-30T11:03:24.322+0000] {processor.py:830} INFO - Processing file /opt/airflow/dags/feature_pipeline_dag.py for tasks to queue
[2026-08-30T11:03:24.326+0000] {logging_mixin.py:188} INFO - [2026-08-30T11:03:24.325+0000] {dagbag.py:545} INFO - Filling up the DagBag from /opt/airflow/dags/feature_pipeline_dag.py
[2026-08-30T11:03:26.762+0000] {processor.py:840} INFO - DAG(s) 'feature_pipeline' retrieved from /opt/airflow/dags/feature_pipeline_dag.py
[2026-08-30T11:03:27.405+0000] {logging_mixin.py:188} INFO - [2026-08-30T11:03:27.404+0000] {dag.py:3089} INFO - Sync 1 DAGs
[2026-08-30T11:03:27.523+0000] {logging_mixin.py:188} INFO - [2026-08-30T11:03:27.523+0000] {dag.py:3947} INFO - Setting next_dagrun for feature_pipeline to 2026-08-30 11:00:00+00:00, run_after=2026-08-30 12:00:00+00:00
[2026-08-30T11:03:27.589+0000] {processor.py:183} INFO - Processing /opt/airflow/dags/feature_pipeline_dag.py took 3.310 seconds
[2026-08-30T11:03:58.426+0000] {processor.py:161} INFO - Started process (PID=2573) to work on /opt/airflow/dags/feature_pipeline_dag.py
[2026-08-30T11:03:58.428+0000] {processor.py:830} INFO - Processing file /opt/airflow/dags/feature_pipeline_dag.py for tasks to queue
[2026-08-30T11:03:58.432+0000] {logging_mixin.py:188} INFO - [2026-08-30T11:03:58.431+0000] {dagbag.py:545} INFO - Filling up the DagBag from /opt/airflow/dags/feature_pipeline_dag.py
[2026-08-30T11:03:57.826+0000] {processor.py:840} INFO - DAG(s) 'feature_pipeline' retrieved from /opt/airflow/dags/feature_pipeline_dag.py
[2026-08-30T11:03:58.649+0000] {logging_mixin.py:188} INFO - [2026-08-30T11:03:58.648+0000] {dag.py:3089} INFO - Sync 1 DAGs
[2026-08-30T11:03:58.703+0000] {logging_mixin.py:188} INFO - [2026-08-30T11:03:58.702+0000] {dag.py:3947} INFO - Setting next_dagrun for feature_pipeline to 2026-08-30 11:00:00+00:00, run_after=2026-08-30 12:00:00+00:00
[2026-08-30T11:03:58.748+0000] {processor.py:183} INFO - Processing /opt/airflow/dags/feature_pipeline_dag.py took 2.642 seconds
[2026-08-30T11:04:28.988+0000] {processor.py:161} INFO - Started process (PID=2606) to work on /opt/airflow/dags/feature_pipeline_dag.py
[2026-08-30T11:04:28.991+0000] {processor.py:830} INFO - Processing file /opt/airflow/dags/feature_pipeline_dag.py for tasks to queue
[2026-08-30T11:04:28.994+0000] {logging_mixin.py:188} INFO - [2026-08-30T11:04:28.993+0000] {dagbag.py:545} INFO - Filling up the DagBag from /opt/airflow/dags/feature_pipeline_dag.py
[2026-08-30T11:04:30.551+0000] {processor.py:840} INFO - DAG(s) 'feature_pipeline' retrieved from /opt/airflow/dags/feature_pipeline_dag.py
[2026-08-30T11:04:31.028+0000] {logging_mixin.py:188} INFO - [2026-08-30T11:04:31.027+0000] {dag.py:3089} INFO - Sync 1 DAGs
[2026-08-30T11:04:31.068+0000] {logging_mixin.py:188} INFO - [2026-08-30T11:04:31.067+0000] {dag.py:3947} INFO - Setting next_dagrun for feature_pipeline to 2026-08-30 11:00:00+00:00, run_after=2026-08-30 12:00:00+00:00
[2026-08-30T11:04:31.110+0000] {processor.py:183} INFO - Processing /opt/airflow/dags/feature_pipeline_dag.py took 2.142 seconds
[2026-08-30T11:05:01.920+0000] {processor.py:161} INFO - Started process (PID=2627) to work on /opt/airflow/dags/feature_pipeline_dag.py
[2026-08-30T11:05:01.923+0000] {processor.py:830} INFO - Processing file /opt/airflow/dags/feature_pipeline_dag.py for tasks to queue
[2026-08-30T11:05:01.926+0000] {logging_mixin.py:188} INFO - [2026-08-30T11:05:01.925+0000] {dagbag.py:545} INFO - Filling up the DagBag from /opt/airflow/dags/feature_pipeline_dag.py
[2026-08-30T11:05:04.312+0000] {processor.py:840} INFO - DAG(s) 'feature_pipeline' retrieved from /opt/airflow/dags/feature_pipeline_dag.py
[2026-08-30T11:05:04.381+0000] {logging_mixin.py:188} INFO - [2026-08-30T11:05:04.380+0000] {dag.py:3089} INFO - Sync 1 DAGs
[2026-08-30T11:05:04.432+0000] {logging_mixin.py:188} INFO - [2026-08-30T11:05:04.431+0000] {dag.py:3947} INFO - Setting next_dagrun for feature_pipeline to 2026-08-30 11:00:00+00:00, run_after=2026-08-30 12:00:00+00:00
[2026-08-30T11:05:04.499+0000] {processor.py:183} INFO - Processing /opt/airflow/dags/feature_pipeline_dag.py took 2.597 seconds
[2026-08-30T11:05:35.397+0000] {processor.py:161} INFO - Started process (PID=2639) to work on /opt/airflow/dags/feature_pipeline_dag.py
[2026-08-30T11:05:35.400+0000] {processor.py:830} INFO - Processing file /opt/airflow/dags/feature_pipeline_dag.py for tasks to queue
[2026-08-30T11:05:35.404+0000] {logging_mixin.py:188} INFO - [2026-08-30T11:05:35.403+0000] {dagbag.py:545} INFO - Filling up the DagBag from /opt/airflow/dags/feature_pipeline_dag.py
[2026-08-30T11:05:38.238+0000] {processor.py:840} INFO - DAG(s) 'feature_pipeline' retrieved from /opt/airflow/dags/feature_pipeline_dag.py
[2026-08-30T11:05:38.478+0000] {logging_mixin.py:188} INFO - [2026-08-30T11:05:38.474+0000] {dag.py:3089} INFO - Sync 1 DAGs
[2026-08-30T11:05:39.173+0000] {logging_mixin.py:188} INFO - [2026-08-30T11:05:39.173+0000] {dag.py:3947} INFO - Setting next_dagrun for feature_pipeline to 2026-08-30 11:00:00+00:00, run_after=2026-08-30 12:00:00+00:00
[2026-08-30T11:05:39.221+0000] {processor.py:183} INFO - Processing /opt/airflow/dags/feature_pipeline_dag.py took 3.848 seconds
[2026-08-30T11:07:58.982+0000] {processor.py:161} INFO - Started process (PID=171) to work on /opt/airflow/dags/feature_pipeline_dag.py
[2026-08-30T11:07:58.987+0000] {processor.py:830} INFO - Processing file /opt/airflow/dags/feature_pipeline_dag.py for tasks to queue
[2026-08-30T11:07:58.995+0000] {logging_mixin.py:188} INFO - [2026-08-30T11:07:58.993+0000] {dagbag.py:545} INFO - Filling up the DagBag from /opt/airflow/dags/feature_pipeline_dag.py
[2026-08-30T11:08:25.922+0000] {processor.py:840} INFO - DAG(s) 'feature_pipeline' retrieved from /opt/airflow/dags/feature_pipeline_dag.py
[2026-08-30T11:08:30.795+0000] {logging_mixin.py:188} INFO - [2026-08-30T11:08:30.767+0000] {dag.py:3089} INFO - Sync 1 DAGs
[2026-08-30T11:08:30.952+0000] {logging_mixin.py:188} INFO - [2026-08-30T11:08:30.951+0000] {dag.py:3947} INFO - Setting next_dagrun for feature_pipeline to 2026-08-30 11:00:00+00:00, run_after=2026-08-30 12:00:00+00:00
[2026-08-30T11:08:33.006+0000] {processor.py:183} INFO - Processing /opt/airflow/dags/feature_pipeline_dag.py took 37.021 seconds
[2026-08-30T11:09:04.009+0000] {processor.py:161} INFO - Started process (PID=202) to work on /opt/airflow/dags/feature_pipeline_dag.py
[2026-08-30T11:09:04.042+0000] {processor.py:830} INFO - Processing file /opt/airflow/dags/feature_pipeline_dag.py for tasks to queue
[2026-08-30T11:09:04.228+0000] {logging_mixin.py:188} INFO - [2026-08-30T11:09:04.207+0000] {dagbag.py:545} INFO - Filling up the DagBag from /opt/airflow/dags/feature_pipeline_dag.py
[2026-08-30T11:09:06.649+0000] {processor.py:840} INFO - DAG(s) 'feature_pipeline' retrieved from /opt/airflow/dags/feature_pipeline_dag.py
[2026-08-30T11:09:06.735+0000] {logging_mixin.py:188} INFO - [2026-08-30T11:09:06.735+0000] {dag.py:3089} INFO - Sync 1 DAGs
[2026-08-30T11:09:06.779+0000] {logging_mixin.py:188} INFO - [2026-08-30T11:09:06.779+0000] {dag.py:3947} INFO - Setting next_dagrun for feature_pipeline to 2026-08-30 11:00:00+00:00, run_after=2026-08-30 12:00:00+00:00
[2026-08-30T11:09:07.197+0000] {processor.py:183} INFO - Processing /opt/airflow/dags/feature_pipeline_dag.py took 3.374 seconds
[2026-08-30T11:09:37.787+0000] {processor.py:161} INFO - Started process (PID=216) to work on /opt/airflow/dags/feature_pipeline_dag.py
[2026-08-30T11:09:37.790+0000] {processor.py:830} INFO - Processing file /opt/airflow/dags/feature_pipeline_dag.py for tasks to queue
[2026-08-30T11:09:37.796+0000] {logging_mixin.py:188} INFO - [2026-08-30T11:09:37.795+0000] {dagbag.py:545} INFO - Filling up the DagBag from /opt/airflow/dags/feature_pipeline_dag.py
[2026-08-30T11:09:37.234+0000] {processor.py:840} INFO - DAG(s) 'feature_pipeline' retrieved from /opt/airflow/dags/feature_pipeline_dag.py
[2026-08-30T11:09:37.297+0000] {logging_mixin.py:188} INFO - [2026-08-30T11:09:37.297+0000] {dag.py:3089} INFO - Sync 1 DAGs
[2026-08-30T11:09:37.344+0000] {logging_mixin.py:188} INFO - [2026-08-30T11:09:37.343+0000] {dag.py:3947} INFO - Setting next_dagrun for feature_pipeline to 2026-08-30 11:00:00+00:00, run_after=2026-08-30 12:00:00+00:00
[2026-08-30T11:09:37.389+0000] {processor.py:183} INFO - Processing /opt/airflow/dags/feature_pipeline_dag.py took 2.996 seconds
[2026-08-30T11:10:07.970+0000] {processor.py:161} INFO - Started process (PID=246) to work on /opt/airflow/dags/feature_pipeline_dag.py
[2026-08-30T11:10:07.973+0000] {processor.py:830} INFO - Processing file /opt/airflow/dags/feature_pipeline_dag.py for tasks to queue
[2026-08-30T11:10:07.982+0000] {logging_mixin.py:188} INFO - [2026-08-30T11:10:07.981+0000] {dagbag.py:545} INFO - Filling up the DagBag from /opt/airflow/dags/feature_pipeline_dag.py
[2026-08-30T11:10:10.513+0000] {processor.py:840} INFO - DAG(s) 'feature_pipeline' retrieved from /opt/airflow/dags/feature_pipeline_dag.py
[2026-08-30T11:10:10.690+0000] {logging_mixin.py:188} INFO - [2026-08-30T11:10:10.689+0000] {dag.py:3089} INFO - Sync 1 DAGs
[2026-08-30T11:10:10.759+0000] {logging_mixin.py:188} INFO - [2026-08-30T11:10:10.759+0000] {dag.py:3947} INFO - Setting next_dagrun for feature_pipeline to 2026-08-30 11:00:00+00:00, run_after=2026-08-30 12:00:00+00:00
[2026-08-30T11:10:11.025+0000] {processor.py:183} INFO - Processing /opt/airflow/dags/feature_pipeline_dag.py took 3.075 seconds
[2026-08-30T11:10:41.857+0000] {processor.py:161} INFO - Started process (PID=276) to work on /opt/airflow/dags/feature_pipeline_dag.py
[2026-08-30T11:10:41.859+0000] {processor.py:830} INFO - Processing file /opt/airflow/dags/feature_pipeline_dag.py for tasks to queue
[2026-08-30T11:10:41.864+0000] {logging_mixin.py:188} INFO - [2026-08-30T11:10:41.863+0000] {dagbag.py:545} INFO - Filling up the DagBag from /opt/airflow/dags/feature_pipeline_dag.py
[2026-08-30T11:10:43.776+0000] {processor.py:840} INFO - DAG(s) 'feature_pipeline' retrieved from /opt/airflow/dags/feature_pipeline_dag.py
[2026-08-30T11:10:43.886+0000] {logging_mixin.py:188} INFO - [2026-08-30T11:10:43.885+0000] {dag.py:3089} INFO - Sync 1 DAGs
[2026-08-30T11:10:44.471+0000] {logging_mixin.py:188} INFO - [2026-08-30T11:10:44.471+0000] {dag.py:3947} INFO - Setting next_dagrun for feature_pipeline to 2026-08-30 11:00:00+00:00, run_after=2026-08-30 12:00:00+00:00
[2026-08-30T11:10:44.526+0000] {processor.py:183} INFO - Processing /opt/airflow/dags/feature_pipeline_dag.py took 2.687 seconds
[2026-08-30T11:11:15.130+0000] {processor.py:161} INFO - Started process (PID=306) to work on /opt/airflow/dags/feature_pipeline_dag.py
[2026-08-30T11:11:15.133+0000] {processor.py:830} INFO - Processing file /opt/airflow/dags/feature_pipeline_dag.py for tasks to queue
[2026-08-30T11:11:15.138+0000] {logging_mixin.py:188} INFO - [2026-08-30T11:11:15.137+0000] {dagbag.py:545} INFO - Filling up the DagBag from /opt/airflow/dags/feature_pipeline_dag.py
[2026-08-30T11:11:16.844+0000] {processor.py:840} INFO - DAG(s) 'feature_pipeline' retrieved from /opt/airflow/dags/feature_pipeline_dag.py
[2026-08-30T11:11:17.395+0000] {logging_mixin.py:188} INFO - [2026-08-30T11:11:17.394+0000] {dag.py:3089} INFO - Sync 1 DAGs
[2026-08-30T11:11:17.445+0000] {logging_mixin.py:188} INFO - [2026-08-30T11:11:17.444+0000] {dag.py:3947} INFO - Setting next_dagrun for feature_pipeline to 2026-08-30 11:00:00+00:00, run_after=2026-08-30 12:00:00+00:00
[2026-08-30T11:11:17.567+0000] {processor.py:183} INFO - Processing /opt/airflow/dags/feature_pipeline_dag.py took 2.456 seconds
[2026-08-30T11:11:48.618+0000] {processor.py:161} INFO - Started process (PID=336) to work on /opt/airflow/dags/feature_pipeline_dag.py
[2026-08-30T11:11:48.625+0000] {processor.py:830} INFO - Processing file /opt/airflow/dags/feature_pipeline_dag.py for tasks to queue
[2026-08-30T11:11:48.632+0000] {logging_mixin.py:188} INFO - [2026-08-30T11:11:48.631+0000] {dagbag.py:545} INFO - Filling up the DagBag from /opt/airflow/dags/feature_pipeline_dag.py
[2026-08-30T11:11:51.146+0000] {processor.py:840} INFO - DAG(s) 'feature_pipeline' retrieved from /opt/airflow/dags/feature_pipeline_dag.py
[2026-08-30T11:11:51.602+0000] {logging_mixin.py:188} INFO - [2026-08-30T11:11:51.600+0000] {dag.py:3089} INFO - Sync 1 DAGs
[2026-08-30T11:11:51.666+0000] {logging_mixin.py:188} INFO - [2026-08-30T11:11:51.666+0000] {dag.py:3947} INFO - Setting next_dagrun for feature_pipeline to 2026-08-30 11:00:00+00:00, run_after=2026-08-30 12:00:00+00:00
[2026-08-30T11:11:51.711+0000] {processor.py:183} INFO - Processing /opt/airflow/dags/feature_pipeline_dag.py took 3.200 seconds
[2026-08-30T11:12:22.337+0000] {processor.py:161} INFO - Started process (PID=366) to work on /opt/airflow/dags/feature_pipeline_dag.py
[2026-08-30T11:12:22.340+0000] {processor.py:830} INFO - Processing file /opt/airflow/dags/feature_pipeline_dag.py for tasks to queue
[2026-08-30T11:12:22.345+0000] {logging_mixin.py:188} INFO - [2026-08-30T11:12:22.344+0000] {dagbag.py:545} INFO - Filling up the DagBag from /opt/airflow/dags/feature_pipeline_dag.py
[2026-08-30T11:12:21.963+0000] {processor.py:840} INFO - DAG(s) 'feature_pipeline' retrieved from /opt/airflow/dags/feature_pipeline_dag.py
[2026-08-30T11:12:22.228+0000] {logging_mixin.py:188} INFO - [2026-08-30T11:12:22.227+0000] {dag.py:3089} INFO - Sync 1 DAGs
[2026-08-30T11:12:22.582+0000] {logging_mixin.py:188} INFO - [2026-08-30T11:12:22.580+0000] {dag.py:3947} INFO - Setting next_dagrun for feature_pipeline to 2026-08-30 11:00:00+00:00, run_after=2026-08-30 12:00:00+00:00
[2026-08-30T11:12:22.742+0000] {processor.py:183} INFO - Processing /opt/airflow/dags/feature_pipeline_dag.py took 2.631 seconds
[2026-08-30T11:12:53.880+0000] {processor.py:161} INFO - Started process (PID=396) to work on /opt/airflow/dags/feature_pipeline_dag.py
[2026-08-30T11:12:53.883+0000] {processor.py:830} INFO - Processing file /opt/airflow/dags/feature_pipeline_dag.py for tasks to queue
[2026-08-30T11:12:53.889+0000] {logging_mixin.py:188} INFO - [2026-08-30T11:12:53.887+0000] {dagbag.py:545} INFO - Filling up the DagBag from /opt/airflow/dags/feature_pipeline_dag.py
[2026-08-30T11:12:55.503+0000] {processor.py:840} INFO - DAG(s) 'feature_pipeline' retrieved from /opt/airflow/dags/feature_pipeline_dag.py
[2026-08-30T11:12:55.589+0000] {logging_mixin.py:188} INFO - [2026-08-30T11:12:55.588+0000] {dag.py:3089} INFO - Sync 1 DAGs
[2026-08-30T11:12:56.279+0000] {logging_mixin.py:188} INFO - [2026-08-30T11:12:56.276+0000] {dag.py:3947} INFO - Setting next_dagrun for feature_pipeline to 2026-08-30 11:00:00+00:00, run_after=2026-08-30 12:00:00+00:00
[2026-08-30T11:12:56.476+0000] {processor.py:183} INFO - Processing /opt/airflow/dags/feature_pipeline_dag.py took 2.616 seconds
[2026-08-30T11:13:27.025+0000] {processor.py:161} INFO - Started process (PID=426) to work on /opt/airflow/dags/feature_pipeline_dag.py
[2026-08-30T11:13:27.028+0000] {processor.py:830} INFO - Processing file /opt/airflow/dags/feature_pipeline_dag.py for tasks to queue
[2026-08-30T11:13:27.033+0000] {logging_mixin.py:188} INFO - [2026-08-30T11:13:27.033+0000] {dagbag.py:545} INFO - Filling up the DagBag from /opt/airflow/dags/feature_pipeline_dag.py
[2026-08-30T11:13:28.639+0000] {processor.py:840} INFO - DAG(s) 'feature_pipeline' retrieved from /opt/airflow/dags/feature_pipeline_dag.py
[2026-08-30T11:13:28.717+0000] {logging_mixin.py:188} INFO - [2026-08-30T11:13:28.716+0000] {dag.py:3089} INFO - Sync 1 DAGs
[2026-08-30T11:13:29.204+0000] {logging_mixin.py:188} INFO - [2026-08-30T11:13:29.203+0000] {dag.py:3947} INFO - Setting next_dagrun for feature_pipeline to 2026-08-30 11:00:00+00:00, run_after=2026-08-30 12:00:00+00:00
[2026-08-30T11:13:29.252+0000] {processor.py:183} INFO - Processing /opt/airflow/dags/feature_pipeline_dag.py took 2.247 seconds
[2026-08-30T11:14:00.134+0000] {processor.py:161} INFO - Started process (PID=454) to work on /opt/airflow/dags/feature_pipeline_dag.py
[2026-08-30T11:14:00.137+0000] {processor.py:830} INFO - Processing file /opt/airflow/dags/feature_pipeline_dag.py for tasks to queue
[2026-08-30T11:14:00.145+0000] {logging_mixin.py:188} INFO - [2026-08-30T11:14:00.144+0000] {dagbag.py:545} INFO - Filling up the DagBag from /opt/airflow/dags/feature_pipeline_dag.py
[2026-08-30T11:14:05.378+0000] {processor.py:840} INFO - DAG(s) 'feature_pipeline' retrieved from /opt/airflow/dags/feature_pipeline_dag.py
[2026-08-30T11:14:06.111+0000] {logging_mixin.py:188} INFO - [2026-08-30T11:14:06.109+0000] {dag.py:3089} INFO - Sync 1 DAGs
[2026-08-30T11:14:06.170+0000] {logging_mixin.py:188} INFO - [2026-08-30T11:14:06.169+0000] {dag.py:3947} INFO - Setting next_dagrun for feature_pipeline to 2026-08-30 11:00:00+00:00, run_after=2026-08-30 12:00:00+00:00
[2026-08-30T11:14:06.233+0000] {processor.py:183} INFO - Processing /opt/airflow/dags/feature_pipeline_dag.py took 6.126 seconds
[2026-08-30T11:14:35.886+0000] {processor.py:161} INFO - Started process (PID=472) to work on /opt/airflow/dags/feature_pipeline_dag.py
[2026-08-30T11:14:35.888+0000] {processor.py:830} INFO - Processing file /opt/airflow/dags/feature_pipeline_dag.py for tasks to queue
[2026-08-30T11:14:35.893+0000] {logging_mixin.py:188} INFO - [2026-08-30T11:14:35.892+0000] {dagbag.py:545} INFO - Filling up the DagBag from /opt/airflow/dags/feature_pipeline_dag.py
[2026-08-30T11:14:37.937+0000] {processor.py:840} INFO - DAG(s) 'feature_pipeline' retrieved from /opt/airflow/dags/feature_pipeline_dag.py
[2026-08-30T11:14:38.600+0000] {logging_mixin.py:188} INFO - [2026-08-30T11:14:38.599+0000] {dag.py:3089} INFO - Sync 1 DAGs
[2026-08-30T11:14:39.093+0000] {logging_mixin.py:188} INFO - [2026-08-30T11:14:39.093+0000] {dag.py:3947} INFO - Setting next_dagrun for feature_pipeline to 2026-08-30 11:00:00+00:00, run_after=2026-08-30 12:00:00+00:00
[2026-08-30T11:14:39.285+0000] {processor.py:183} INFO - Processing /opt/airflow/dags/feature_pipeline_dag.py took 3.421 seconds
[2026-08-30T11:15:10.983+0000] {processor.py:161} INFO - Started process (PID=522) to work on /opt/airflow/dags/feature_pipeline_dag.py
[2026-08-30T11:15:10.987+0000] {processor.py:830} INFO - Processing file /opt/airflow/dags/feature_pipeline_dag.py for tasks to queue
[2026-08-30T11:15:07.610+0000] {logging_mixin.py:188} INFO - [2026-08-30T11:15:07.608+0000] {dagbag.py:545} INFO - Filling up the DagBag from /opt/airflow/dags/feature_pipeline_dag.py
[2026-08-30T11:15:09.858+0000] {processor.py:840} INFO - DAG(s) 'feature_pipeline' retrieved from /opt/airflow/dags/feature_pipeline_dag.py
[2026-08-30T11:15:09.942+0000] {logging_mixin.py:188} INFO - [2026-08-30T11:15:09.941+0000] {dag.py:3089} INFO - Sync 1 DAGs
[2026-08-30T11:15:09.997+0000] {logging_mixin.py:188} INFO - [2026-08-30T11:15:09.997+0000] {dag.py:3947} INFO - Setting next_dagrun for feature_pipeline to 2026-08-30 11:00:00+00:00, run_after=2026-08-30 12:00:00+00:00
[2026-08-30T11:15:10.041+0000] {processor.py:183} INFO - Processing /opt/airflow/dags/feature_pipeline_dag.py took 2.477 seconds
[2026-08-30T11:15:40.255+0000] {processor.py:161} INFO - Started process (PID=552) to work on /opt/airflow/dags/feature_pipeline_dag.py
[2026-08-30T11:15:40.258+0000] {processor.py:830} INFO - Processing file /opt/airflow/dags/feature_pipeline_dag.py for tasks to queue
[2026-08-30T11:15:40.263+0000] {logging_mixin.py:188} INFO - [2026-08-30T11:15:40.262+0000] {dagbag.py:545} INFO - Filling up the DagBag from /opt/airflow/dags/feature_pipeline_dag.py
[2026-08-30T11:15:41.685+0000] {processor.py:840} INFO - DAG(s) 'feature_pipeline' retrieved from /opt/airflow/dags/feature_pipeline_dag.py
[2026-08-30T11:15:41.760+0000] {logging_mixin.py:188} INFO - [2026-08-30T11:15:41.759+0000] {dag.py:3089} INFO - Sync 1 DAGs
[2026-08-30T11:15:41.838+0000] {logging_mixin.py:188} INFO - [2026-08-30T11:15:41.838+0000] {dag.py:3947} INFO - Setting next_dagrun for feature_pipeline to 2026-08-30 11:00:00+00:00, run_after=2026-08-30 12:00:00+00:00
[2026-08-30T11:15:42.331+0000] {processor.py:183} INFO - Processing /opt/airflow/dags/feature_pipeline_dag.py took 2.094 seconds
[2026-08-30T11:16:12.935+0000] {processor.py:161} INFO - Started process (PID=582) to work on /opt/airflow/dags/feature_pipeline_dag.py
[2026-08-30T11:16:12.938+0000] {processor.py:830} INFO - Processing file /opt/airflow/dags/feature_pipeline_dag.py for tasks to queue
[2026-08-30T11:16:12.943+0000] {logging_mixin.py:188} INFO - [2026-08-30T11:16:12.942+0000] {dagbag.py:545} INFO - Filling up the DagBag from /opt/airflow/dags/feature_pipeline_dag.py
[2026-08-30T11:16:14.805+0000] {processor.py:840} INFO - DAG(s) 'feature_pipeline' retrieved from /opt/airflow/dags/feature_pipeline_dag.py
[2026-08-30T11:16:14.910+0000] {logging_mixin.py:188} INFO - [2026-08-30T11:16:14.909+0000] {dag.py:3089} INFO - Sync 1 DAGs
[2026-08-30T11:16:15.564+0000] {logging_mixin.py:188} INFO - [2026-08-30T11:16:15.564+0000] {dag.py:3947} INFO - Setting next_dagrun for feature_pipeline to 2026-08-30 11:00:00+00:00, run_after=2026-08-30 12:00:00+00:00
[2026-08-30T11:16:15.625+0000] {processor.py:183} INFO - Processing /opt/airflow/dags/feature_pipeline_dag.py took 2.710 seconds
[2026-08-30T11:16:46.483+0000] {processor.py:161} INFO - Started process (PID=612) to work on /opt/airflow/dags/feature_pipeline_dag.py
[2026-08-30T11:16:46.485+0000] {processor.py:830} INFO - Processing file /opt/airflow/dags/feature_pipeline_dag.py for tasks to queue
[2026-08-30T11:16:46.490+0000] {logging_mixin.py:188} INFO - [2026-08-30T11:16:46.489+0000] {dagbag.py:545} INFO - Filling up the DagBag from /opt/airflow/dags/feature_pipeline_dag.py
[2026-08-30T11:16:48.270+0000] {processor.py:840} INFO - DAG(s) 'feature_pipeline' retrieved from /opt/airflow/dags/feature_pipeline_dag.py
[2026-08-30T11:16:48.348+0000] {logging_mixin.py:188} INFO - [2026-08-30T11:16:48.347+0000] {dag.py:3089} INFO - Sync 1 DAGs
[2026-08-30T11:16:48.837+0000] {logging_mixin.py:188} INFO - [2026-08-30T11:16:48.837+0000] {dag.py:3947} INFO - Setting next_dagrun for feature_pipeline to 2026-08-30 11:00:00+00:00, run_after=2026-08-30 12:00:00+00:00
[2026-08-30T11:16:48.884+0000] {processor.py:183} INFO - Processing /opt/airflow/dags/feature_pipeline_dag.py took 2.418 seconds
[2026-08-30T11:17:19.656+0000] {processor.py:161} INFO - Started process (PID=642) to work on /opt/airflow/dags/feature_pipeline_dag.py
[2026-08-30T11:17:19.659+0000] {processor.py:830} INFO - Processing file /opt/airflow/dags/feature_pipeline_dag.py for tasks to queue
[2026-08-30T11:17:19.664+0000] {logging_mixin.py:188} INFO - [2026-08-30T11:17:19.663+0000] {dagbag.py:545} INFO - Filling up the DagBag from /opt/airflow/dags/feature_pipeline_dag.py
[2026-08-30T11:17:22.354+0000] {processor.py:840} INFO - DAG(s) 'feature_pipeline' retrieved from /opt/airflow/dags/feature_pipeline_dag.py
[2026-08-30T11:17:22.759+0000] {logging_mixin.py:188} INFO - [2026-08-30T11:17:22.758+0000] {dag.py:3089} INFO - Sync 1 DAGs
[2026-08-30T11:17:22.808+0000] {logging_mixin.py:188} INFO - [2026-08-30T11:17:22.807+0000] {dag.py:3947} INFO - Setting next_dagrun for feature_pipeline to 2026-08-30 11:00:00+00:00, run_after=2026-08-30 12:00:00+00:00
[2026-08-30T11:17:22.853+0000] {processor.py:183} INFO - Processing /opt/airflow/dags/feature_pipeline_dag.py took 3.218 seconds
[2026-08-30T11:17:53.665+0000] {processor.py:161} INFO - Started process (PID=672) to work on /opt/airflow/dags/feature_pipeline_dag.py
[2026-08-30T11:17:53.668+0000] {processor.py:830} INFO - Processing file /opt/airflow/dags/feature_pipeline_dag.py for tasks to queue
[2026-08-30T11:17:53.673+0000] {logging_mixin.py:188} INFO - [2026-08-30T11:17:53.672+0000] {dagbag.py:545} INFO - Filling up the DagBag from /opt/airflow/dags/feature_pipeline_dag.py
[2026-08-30T11:17:55.475+0000] {processor.py:840} INFO - DAG(s) 'feature_pipeline' retrieved from /opt/airflow/dags/feature_pipeline_dag.py
[2026-08-30T11:17:55.526+0000] {logging_mixin.py:188} INFO - [2026-08-30T11:17:55.526+0000] {dag.py:3089} INFO - Sync 1 DAGs
[2026-08-30T11:17:55.565+0000] {logging_mixin.py:188} INFO - [2026-08-30T11:17:55.565+0000] {dag.py:3947} INFO - Setting next_dagrun for feature_pipeline to 2026-08-30 11:00:00+00:00, run_after=2026-08-30 12:00:00+00:00
[2026-08-30T11:17:55.623+0000] {processor.py:183} INFO - Processing /opt/airflow/dags/feature_pipeline_dag.py took 1.979 seconds
[2026-08-30T11:18:26.063+0000] {processor.py:161} INFO - Started process (PID=702) to work on /opt/airflow/dags/feature_pipeline_dag.py
[2026-08-30T11:18:26.067+0000] {processor.py:830} INFO - Processing file /opt/airflow/dags/feature_pipeline_dag.py for tasks to queue
[2026-08-30T11:18:26.072+0000] {logging_mixin.py:188} INFO - [2026-08-30T11:18:26.071+0000] {dagbag.py:545} INFO - Filling up the DagBag from /opt/airflow/dags/feature_pipeline_dag.py
[2026-08-30T11:18:27.621+0000] {processor.py:840} INFO - DAG(s) 'feature_pipeline' retrieved from /opt/airflow/dags/feature_pipeline_dag.py
[2026-08-30T11:18:27.686+0000] {logging_mixin.py:188} INFO - [2026-08-30T11:18:27.685+0000] {dag.py:3089} INFO - Sync 1 DAGs
[2026-08-30T11:18:27.735+0000] {logging_mixin.py:188} INFO - [2026-08-30T11:18:27.735+0000] {dag.py:3947} INFO - Setting next_dagrun for feature_pipeline to 2026-08-30 11:00:00+00:00, run_after=2026-08-30 12:00:00+00:00
[2026-08-30T11:18:28.079+0000] {processor.py:183} INFO - Processing /opt/airflow/dags/feature_pipeline_dag.py took 2.034 seconds
[2026-08-30T11:18:58.261+0000] {processor.py:161} INFO - Started process (PID=732) to work on /opt/airflow/dags/feature_pipeline_dag.py
[2026-08-30T11:18:58.264+0000] {processor.py:830} INFO - Processing file /opt/airflow/dags/feature_pipeline_dag.py for tasks to queue
[2026-08-30T11:18:58.271+0000] {logging_mixin.py:188} INFO - [2026-08-30T11:18:58.270+0000] {dagbag.py:545} INFO - Filling up the DagBag from /opt/airflow/dags/feature_pipeline_dag.py
[2026-08-30T11:18:59.809+0000] {processor.py:840} INFO - DAG(s) 'feature_pipeline' retrieved from /opt/airflow/dags/feature_pipeline_dag.py
[2026-08-30T11:18:59.875+0000] {logging_mixin.py:188} INFO - [2026-08-30T11:18:59.874+0000] {dag.py:3089} INFO - Sync 1 DAGs
[2026-08-30T11:19:00.262+0000] {logging_mixin.py:188} INFO - [2026-08-30T11:19:00.262+0000] {dag.py:3947} INFO - Setting next_dagrun for feature_pipeline to 2026-08-30 11:00:00+00:00, run_after=2026-08-30 12:00:00+00:00
[2026-08-30T11:19:00.306+0000] {processor.py:183} INFO - Processing /opt/airflow/dags/feature_pipeline_dag.py took 2.062 seconds
[2026-08-30T11:19:30.591+0000] {processor.py:161} INFO - Started process (PID=762) to work on /opt/airflow/dags/feature_pipeline_dag.py
[2026-08-30T11:19:30.594+0000] {processor.py:830} INFO - Processing file /opt/airflow/dags/feature_pipeline_dag.py for tasks to queue
[2026-08-30T11:19:30.599+0000] {logging_mixin.py:188} INFO - [2026-08-30T11:19:30.598+0000] {dagbag.py:545} INFO - Filling up the DagBag from /opt/airflow/dags/feature_pipeline_dag.py
[2026-08-30T11:19:32.330+0000] {processor.py:840} INFO - DAG(s) 'feature_pipeline' retrieved from /opt/airflow/dags/feature_pipeline_dag.py
[2026-08-30T11:19:32.449+0000] {logging_mixin.py:188} INFO - [2026-08-30T11:19:32.449+0000] {dag.py:3089} INFO - Sync 1 DAGs
[2026-08-30T11:19:32.943+0000] {logging_mixin.py:188} INFO - [2026-08-30T11:19:32.943+0000] {dag.py:3947} INFO - Setting next_dagrun for feature_pipeline to 2026-08-30 11:00:00+00:00, run_after=2026-08-30 12:00:00+00:00
[2026-08-30T11:19:32.984+0000] {processor.py:183} INFO - Processing /opt/airflow/dags/feature_pipeline_dag.py took 2.414 seconds
[2026-08-30T11:20:03.911+0000] {processor.py:161} INFO - Started process (PID=792) to work on /opt/airflow/dags/feature_pipeline_dag.py
[2026-08-30T11:20:03.914+0000] {processor.py:830} INFO - Processing file /opt/airflow/dags/feature_pipeline_dag.py for tasks to queue
[2026-08-30T11:20:03.920+0000] {logging_mixin.py:188} INFO - [2026-08-30T11:20:03.919+0000] {dagbag.py:545} INFO - Filling up the DagBag from /opt/airflow/dags/feature_pipeline_dag.py
[2026-08-30T11:20:05.602+0000] {processor.py:840} INFO - DAG(s) 'feature_pipeline' retrieved from /opt/airflow/dags/feature_pipeline_dag.py
[2026-08-30T11:20:06.108+0000] {logging_mixin.py:188} INFO - [2026-08-30T11:20:06.107+0000] {dag.py:3089} INFO - Sync 1 DAGs
[2026-08-30T11:20:06.162+0000] {logging_mixin.py:188} INFO - [2026-08-30T11:20:06.162+0000] {dag.py:3947} INFO - Setting next_dagrun for feature_pipeline to 2026-08-30 11:00:00+00:00, run_after=2026-08-30 12:00:00+00:00
[2026-08-30T11:20:06.217+0000] {processor.py:183} INFO - Processing /opt/airflow/dags/feature_pipeline_dag.py took 2.323 seconds
[2026-08-30T11:20:36.943+0000] {processor.py:161} INFO - Started process (PID=820) to work on /opt/airflow/dags/feature_pipeline_dag.py
[2026-08-30T11:20:36.947+0000] {processor.py:830} INFO - Processing file /opt/airflow/dags/feature_pipeline_dag.py for tasks to queue
[2026-08-30T11:20:37.205+0000] {logging_mixin.py:188} INFO - [2026-08-30T11:20:37.167+0000] {dagbag.py:545} INFO - Filling up the DagBag from /opt/airflow/dags/feature_pipeline_dag.py
[2026-08-30T11:20:40.981+0000] {processor.py:840} INFO - DAG(s) 'feature_pipeline' retrieved from /opt/airflow/dags/feature_pipeline_dag.py
[2026-08-30T11:20:41.550+0000] {logging_mixin.py:188} INFO - [2026-08-30T11:20:41.549+0000] {dag.py:3089} INFO - Sync 1 DAGs
[2026-08-30T11:20:41.600+0000] {logging_mixin.py:188} INFO - [2026-08-30T11:20:41.600+0000] {dag.py:3947} INFO - Setting next_dagrun for feature_pipeline to 2026-08-30 11:00:00+00:00, run_after=2026-08-30 12:00:00+00:00
[2026-08-30T11:20:41.646+0000] {processor.py:183} INFO - Processing /opt/airflow/dags/feature_pipeline_dag.py took 4.727 seconds
[2026-08-30T11:21:12.058+0000] {processor.py:161} INFO - Started process (PID=852) to work on /opt/airflow/dags/feature_pipeline_dag.py
[2026-08-30T11:21:12.061+0000] {processor.py:830} INFO - Processing file /opt/airflow/dags/feature_pipeline_dag.py for tasks to queue
[2026-08-30T11:21:12.066+0000] {logging_mixin.py:188} INFO - [2026-08-30T11:21:12.065+0000] {dagbag.py:545} INFO - Filling up the DagBag from /opt/airflow/dags/feature_pipeline_dag.py
[2026-08-30T11:21:14.217+0000] {processor.py:840} INFO - DAG(s) 'feature_pipeline' retrieved from /opt/airflow/dags/feature_pipeline_dag.py
[2026-08-30T11:21:14.296+0000] {logging_mixin.py:188} INFO - [2026-08-30T11:21:14.295+0000] {dag.py:3089} INFO - Sync 1 DAGs
[2026-08-30T11:21:14.339+0000] {logging_mixin.py:188} INFO - [2026-08-30T11:21:14.338+0000] {dag.py:3947} INFO - Setting next_dagrun for feature_pipeline to 2026-08-30 11:00:00+00:00, run_after=2026-08-30 12:00:00+00:00
[2026-08-30T11:21:14.381+0000] {processor.py:183} INFO - Processing /opt/airflow/dags/feature_pipeline_dag.py took 2.343 seconds
[2026-08-30T11:21:47.041+0000] {processor.py:161} INFO - Started process (PID=870) to work on /opt/airflow/dags/feature_pipeline_dag.py
[2026-08-30T11:21:47.070+0000] {processor.py:830} INFO - Processing file /opt/airflow/dags/feature_pipeline_dag.py for tasks to queue
[2026-08-30T11:21:47.308+0000] {logging_mixin.py:188} INFO - [2026-08-30T11:21:47.302+0000] {dagbag.py:545} INFO - Filling up the DagBag from /opt/airflow/dags/feature_pipeline_dag.py
[2026-08-30T11:22:04.045+0000] {processor.py:840} INFO - DAG(s) 'feature_pipeline' retrieved from /opt/airflow/dags/feature_pipeline_dag.py
[2026-08-30T11:22:05.450+0000] {logging_mixin.py:188} INFO - [2026-08-30T11:22:05.449+0000] {dag.py:3089} INFO - Sync 1 DAGs
[2026-08-30T11:22:18.498+0000] {logging_mixin.py:188} INFO - [2026-08-30T11:22:18.498+0000] {dag.py:3947} INFO - Setting next_dagrun for feature_pipeline to 2026-08-30 11:00:00+00:00, run_after=2026-08-30 12:00:00+00:00
[2026-08-30T11:22:18.924+0000] {processor.py:183} INFO - Processing /opt/airflow/dags/feature_pipeline_dag.py took 35.362 seconds
[2026-08-30T11:22:49.615+0000] {processor.py:161} INFO - Started process (PID=917) to work on /opt/airflow/dags/feature_pipeline_dag.py
[2026-08-30T11:22:49.618+0000] {processor.py:830} INFO - Processing file /opt/airflow/dags/feature_pipeline_dag.py for tasks to queue
[2026-08-30T11:22:49.624+0000] {logging_mixin.py:188} INFO - [2026-08-30T11:22:49.623+0000] {dagbag.py:545} INFO - Filling up the DagBag from /opt/airflow/dags/feature_pipeline_dag.py
[2026-08-30T11:22:51.233+0000] {processor.py:840} INFO - DAG(s) 'feature_pipeline' retrieved from /opt/airflow/dags/feature_pipeline_dag.py
[2026-08-30T11:22:53.555+0000] {logging_mixin.py:188} INFO - [2026-08-30T11:22:53.554+0000] {dag.py:3089} INFO - Sync 1 DAGs
[2026-08-30T11:22:53.635+0000] {logging_mixin.py:188} INFO - [2026-08-30T11:22:53.634+0000] {dag.py:3947} INFO - Setting next_dagrun for feature_pipeline to 2026-08-30 11:00:00+00:00, run_after=2026-08-30 12:00:00+00:00
[2026-08-30T11:22:53.684+0000] {processor.py:183} INFO - Processing /opt/airflow/dags/feature_pipeline_dag.py took 4.086 seconds
[2026-08-30T11:23:24.617+0000] {processor.py:161} INFO - Started process (PID=995) to work on /opt/airflow/dags/feature_pipeline_dag.py
[2026-08-30T11:23:24.620+0000] {processor.py:830} INFO - Processing file /opt/airflow/dags/feature_pipeline_dag.py for tasks to queue
[2026-08-30T11:23:24.625+0000] {logging_mixin.py:188} INFO - [2026-08-30T11:23:24.624+0000] {dagbag.py:545} INFO - Filling up the DagBag from /opt/airflow/dags/feature_pipeline_dag.py
[2026-08-30T11:23:26.133+0000] {processor.py:840} INFO - DAG(s) 'feature_pipeline' retrieved from /opt/airflow/dags/feature_pipeline_dag.py
[2026-08-30T11:23:26.515+0000] {logging_mixin.py:188} INFO - [2026-08-30T11:23:26.514+0000] {dag.py:3089} INFO - Sync 1 DAGs
[2026-08-30T11:23:26.552+0000] {logging_mixin.py:188} INFO - [2026-08-30T11:23:26.552+0000] {dag.py:3947} INFO - Setting next_dagrun for feature_pipeline to 2026-08-30 11:00:00+00:00, run_after=2026-08-30 12:00:00+00:00
[2026-08-30T11:23:26.589+0000] {processor.py:183} INFO - Processing /opt/airflow/dags/feature_pipeline_dag.py took 1.990 seconds
[2026-08-30T11:23:56.944+0000] {processor.py:161} INFO - Started process (PID=1080) to work on /opt/airflow/dags/feature_pipeline_dag.py
[2026-08-30T11:23:56.946+0000] {processor.py:830} INFO - Processing file /opt/airflow/dags/feature_pipeline_dag.py for tasks to queue
[2026-08-30T11:23:56.953+0000] {logging_mixin.py:188} INFO - [2026-08-30T11:23:56.952+0000] {dagbag.py:545} INFO - Filling up the DagBag from /opt/airflow/dags/feature_pipeline_dag.py
[2026-08-30T11:23:58.812+0000] {processor.py:840} INFO - DAG(s) 'feature_pipeline' retrieved from /opt/airflow/dags/feature_pipeline_dag.py
[2026-08-30T11:23:58.860+0000] {logging_mixin.py:188} INFO - [2026-08-30T11:23:58.860+0000] {dag.py:3089} INFO - Sync 1 DAGs
[2026-08-30T11:23:58.899+0000] {logging_mixin.py:188} INFO - [2026-08-30T11:23:58.899+0000] {dag.py:3947} INFO - Setting next_dagrun for feature_pipeline to 2026-08-30 11:00:00+00:00, run_after=2026-08-30 12:00:00+00:00
[2026-08-30T11:23:58.938+0000] {processor.py:183} INFO - Processing /opt/airflow/dags/feature_pipeline_dag.py took 2.014 seconds
[2026-08-30T11:24:29.424+0000] {processor.py:161} INFO - Started process (PID=1144) to work on /opt/airflow/dags/feature_pipeline_dag.py
[2026-08-30T11:24:29.427+0000] {processor.py:830} INFO - Processing file /opt/airflow/dags/feature_pipeline_dag.py for tasks to queue
[2026-08-30T11:24:29.433+0000] {logging_mixin.py:188} INFO - [2026-08-30T11:24:29.432+0000] {dagbag.py:545} INFO - Filling up the DagBag from /opt/airflow/dags/feature_pipeline_dag.py
[2026-08-30T11:24:31.329+0000] {processor.py:840} INFO - DAG(s) 'feature_pipeline' retrieved from /opt/airflow/dags/feature_pipeline_dag.py
[2026-08-30T11:24:31.385+0000] {logging_mixin.py:188} INFO - [2026-08-30T11:24:31.385+0000] {dag.py:3089} INFO - Sync 1 DAGs
[2026-08-30T11:24:31.433+0000] {logging_mixin.py:188} INFO - [2026-08-30T11:24:31.432+0000] {dag.py:3947} INFO - Setting next_dagrun for feature_pipeline to 2026-08-30 11:00:00+00:00, run_after=2026-08-30 12:00:00+00:00
[2026-08-30T11:24:31.767+0000] {processor.py:183} INFO - Processing /opt/airflow/dags/feature_pipeline_dag.py took 2.361 seconds
[2026-08-30T11:25:02.409+0000] {processor.py:161} INFO - Started process (PID=1174) to work on /opt/airflow/dags/feature_pipeline_dag.py
[2026-08-30T11:25:02.415+0000] {processor.py:830} INFO - Processing file /opt/airflow/dags/feature_pipeline_dag.py for tasks to queue
[2026-08-30T11:25:02.424+0000] {logging_mixin.py:188} INFO - [2026-08-30T11:25:02.422+0000] {dagbag.py:545} INFO - Filling up the DagBag from /opt/airflow/dags/feature_pipeline_dag.py
[2026-08-30T11:25:04.183+0000] {processor.py:840} INFO - DAG(s) 'feature_pipeline' retrieved from /opt/airflow/dags/feature_pipeline_dag.py
[2026-08-30T11:25:04.251+0000] {logging_mixin.py:188} INFO - [2026-08-30T11:25:04.250+0000] {dag.py:3089} INFO - Sync 1 DAGs
[2026-08-30T11:25:04.800+0000] {logging_mixin.py:188} INFO - [2026-08-30T11:25:04.799+0000] {dag.py:3947} INFO - Setting next_dagrun for feature_pipeline to 2026-08-30 11:00:00+00:00, run_after=2026-08-30 12:00:00+00:00
[2026-08-30T11:25:04.841+0000] {processor.py:183} INFO - Processing /opt/airflow/dags/feature_pipeline_dag.py took 2.459 seconds
[2026-08-30T11:25:35.298+0000] {processor.py:161} INFO - Started process (PID=1216) to work on /opt/airflow/dags/feature_pipeline_dag.py
[2026-08-30T11:25:35.306+0000] {processor.py:830} INFO - Processing file /opt/airflow/dags/feature_pipeline_dag.py for tasks to queue
[2026-08-30T11:25:35.319+0000] {logging_mixin.py:188} INFO - [2026-08-30T11:25:35.317+0000] {dagbag.py:545} INFO - Filling up the DagBag from /opt/airflow/dags/feature_pipeline_dag.py
[2026-08-30T11:25:36.926+0000] {processor.py:840} INFO - DAG(s) 'feature_pipeline' retrieved from /opt/airflow/dags/feature_pipeline_dag.py
[2026-08-30T11:25:37.012+0000] {logging_mixin.py:188} INFO - [2026-08-30T11:25:37.011+0000] {dag.py:3089} INFO - Sync 1 DAGs
[2026-08-30T11:25:37.391+0000] {logging_mixin.py:188} INFO - [2026-08-30T11:25:37.390+0000] {dag.py:3947} INFO - Setting next_dagrun for feature_pipeline to 2026-08-30 11:00:00+00:00, run_after=2026-08-30 12:00:00+00:00
[2026-08-30T11:25:37.433+0000] {processor.py:183} INFO - Processing /opt/airflow/dags/feature_pipeline_dag.py took 2.160 seconds
[2026-08-30T11:26:09.619+0000] {processor.py:161} INFO - Started process (PID=1263) to work on /opt/airflow/dags/feature_pipeline_dag.py
[2026-08-30T11:26:09.660+0000] {processor.py:830} INFO - Processing file /opt/airflow/dags/feature_pipeline_dag.py for tasks to queue
[2026-08-30T11:26:09.707+0000] {logging_mixin.py:188} INFO - [2026-08-30T11:26:09.706+0000] {dagbag.py:545} INFO - Filling up the DagBag from /opt/airflow/dags/feature_pipeline_dag.py
[2026-08-30T11:26:12.639+0000] {processor.py:840} INFO - DAG(s) 'feature_pipeline' retrieved from /opt/airflow/dags/feature_pipeline_dag.py
[2026-08-30T11:26:13.104+0000] {logging_mixin.py:188} INFO - [2026-08-30T11:26:13.103+0000] {dag.py:3089} INFO - Sync 1 DAGs
[2026-08-30T11:26:13.157+0000] {logging_mixin.py:188} INFO - [2026-08-30T11:26:13.156+0000] {dag.py:3947} INFO - Setting next_dagrun for feature_pipeline to 2026-08-30 11:00:00+00:00, run_after=2026-08-30 12:00:00+00:00
[2026-08-30T11:26:13.202+0000] {processor.py:183} INFO - Processing /opt/airflow/dags/feature_pipeline_dag.py took 4.542 seconds
[2026-08-30T11:26:44.206+0000] {processor.py:161} INFO - Started process (PID=1351) to work on /opt/airflow/dags/feature_pipeline_dag.py
[2026-08-30T11:26:44.209+0000] {processor.py:830} INFO - Processing file /opt/airflow/dags/feature_pipeline_dag.py for tasks to queue
[2026-08-30T11:26:44.216+0000] {logging_mixin.py:188} INFO - [2026-08-30T11:26:44.214+0000] {dagbag.py:545} INFO - Filling up the DagBag from /opt/airflow/dags/feature_pipeline_dag.py
[2026-08-30T11:26:43.429+0000] {processor.py:840} INFO - DAG(s) 'feature_pipeline' retrieved from /opt/airflow/dags/feature_pipeline_dag.py
[2026-08-30T11:26:56.189+0000] {logging_mixin.py:188} INFO - [2026-08-30T11:26:56.188+0000] {dag.py:3089} INFO - Sync 1 DAGs
[2026-08-30T11:26:56.268+0000] {logging_mixin.py:188} INFO - [2026-08-30T11:26:56.267+0000] {dag.py:3947} INFO - Setting next_dagrun for feature_pipeline to 2026-08-30 11:00:00+00:00, run_after=2026-08-30 12:00:00+00:00
[2026-08-30T11:26:56.321+0000] {processor.py:183} INFO - Processing /opt/airflow/dags/feature_pipeline_dag.py took 15.567 seconds
[2026-08-30T11:27:26.842+0000] {processor.py:161} INFO - Started process (PID=1432) to work on /opt/airflow/dags/feature_pipeline_dag.py
[2026-08-30T11:27:26.846+0000] {processor.py:830} INFO - Processing file /opt/airflow/dags/feature_pipeline_dag.py for tasks to queue
[2026-08-30T11:27:26.852+0000] {logging_mixin.py:188} INFO - [2026-08-30T11:27:26.851+0000] {dagbag.py:545} INFO - Filling up the DagBag from /opt/airflow/dags/feature_pipeline_dag.py
[2026-08-30T11:27:29.272+0000] {processor.py:840} INFO - DAG(s) 'feature_pipeline' retrieved from /opt/airflow/dags/feature_pipeline_dag.py
[2026-08-30T11:27:29.336+0000] {logging_mixin.py:188} INFO - [2026-08-30T11:27:29.335+0000] {dag.py:3089} INFO - Sync 1 DAGs
[2026-08-30T11:27:29.391+0000] {logging_mixin.py:188} INFO - [2026-08-30T11:27:29.390+0000] {dag.py:3947} INFO - Setting next_dagrun for feature_pipeline to 2026-08-30 11:00:00+00:00, run_after=2026-08-30 12:00:00+00:00
[2026-08-30T11:27:29.562+0000] {processor.py:183} INFO - Processing /opt/airflow/dags/feature_pipeline_dag.py took 2.744 seconds
[2026-08-30T11:28:00.009+0000] {processor.py:161} INFO - Started process (PID=1494) to work on /opt/airflow/dags/feature_pipeline_dag.py
[2026-08-30T11:28:00.012+0000] {processor.py:830} INFO - Processing file /opt/airflow/dags/feature_pipeline_dag.py for tasks to queue
[2026-08-30T11:28:00.020+0000] {logging_mixin.py:188} INFO - [2026-08-30T11:28:00.019+0000] {dagbag.py:545} INFO - Filling up the DagBag from /opt/airflow/dags/feature_pipeline_dag.py
[2026-08-30T11:28:01.588+0000] {processor.py:840} INFO - DAG(s) 'feature_pipeline' retrieved from /opt/airflow/dags/feature_pipeline_dag.py
[2026-08-30T11:28:01.668+0000] {logging_mixin.py:188} INFO - [2026-08-30T11:28:01.667+0000] {dag.py:3089} INFO - Sync 1 DAGs
[2026-08-30T11:28:02.024+0000] {logging_mixin.py:188} INFO - [2026-08-30T11:28:02.024+0000] {dag.py:3947} INFO - Setting next_dagrun for feature_pipeline to 2026-08-30 11:00:00+00:00, run_after=2026-08-30 12:00:00+00:00
[2026-08-30T11:28:02.060+0000] {processor.py:183} INFO - Processing /opt/airflow/dags/feature_pipeline_dag.py took 2.069 seconds
[2026-08-30T11:28:32.366+0000] {processor.py:161} INFO - Started process (PID=1552) to work on /opt/airflow/dags/feature_pipeline_dag.py
[2026-08-30T11:28:32.370+0000] {processor.py:830} INFO - Processing file /opt/airflow/dags/feature_pipeline_dag.py for tasks to queue
[2026-08-30T11:28:32.376+0000] {logging_mixin.py:188} INFO - [2026-08-30T11:28:32.375+0000] {dagbag.py:545} INFO - Filling up the DagBag from /opt/airflow/dags/feature_pipeline_dag.py
[2026-08-30T11:28:31.724+0000] {processor.py:840} INFO - DAG(s) 'feature_pipeline' retrieved from /opt/airflow/dags/feature_pipeline_dag.py
[2026-08-30T11:28:31.805+0000] {logging_mixin.py:188} INFO - [2026-08-30T11:28:31.804+0000] {dag.py:3089} INFO - Sync 1 DAGs
[2026-08-30T11:28:32.335+0000] {logging_mixin.py:188} INFO - [2026-08-30T11:28:32.335+0000] {dag.py:3947} INFO - Setting next_dagrun for feature_pipeline to 2026-08-30 11:00:00+00:00, run_after=2026-08-30 12:00:00+00:00
[2026-08-30T11:28:32.389+0000] {processor.py:183} INFO - Processing /opt/airflow/dags/feature_pipeline_dag.py took 2.293 seconds
[2026-08-30T11:29:02.854+0000] {processor.py:161} INFO - Started process (PID=1604) to work on /opt/airflow/dags/feature_pipeline_dag.py
[2026-08-30T11:29:02.861+0000] {processor.py:830} INFO - Processing file /opt/airflow/dags/feature_pipeline_dag.py for tasks to queue
[2026-08-30T11:29:02.867+0000] {logging_mixin.py:188} INFO - [2026-08-30T11:29:02.866+0000] {dagbag.py:545} INFO - Filling up the DagBag from /opt/airflow/dags/feature_pipeline_dag.py
[2026-08-30T11:29:04.707+0000] {processor.py:840} INFO - DAG(s) 'feature_pipeline' retrieved from /opt/airflow/dags/feature_pipeline_dag.py
[2026-08-30T11:29:05.094+0000] {logging_mixin.py:188} INFO - [2026-08-30T11:29:05.093+0000] {dag.py:3089} INFO - Sync 1 DAGs
[2026-08-30T11:29:05.137+0000] {logging_mixin.py:188} INFO - [2026-08-30T11:29:05.136+0000] {dag.py:3947} INFO - Setting next_dagrun for feature_pipeline to 2026-08-30 11:00:00+00:00, run_after=2026-08-30 12:00:00+00:00
[2026-08-30T11:29:05.224+0000] {processor.py:183} INFO - Processing /opt/airflow/dags/feature_pipeline_dag.py took 2.396 seconds
[2026-08-30T11:29:35.651+0000] {processor.py:161} INFO - Started process (PID=1664) to work on /opt/airflow/dags/feature_pipeline_dag.py
[2026-08-30T11:29:35.656+0000] {processor.py:830} INFO - Processing file /opt/airflow/dags/feature_pipeline_dag.py for tasks to queue
[2026-08-30T11:29:35.664+0000] {logging_mixin.py:188} INFO - [2026-08-30T11:29:35.663+0000] {dagbag.py:545} INFO - Filling up the DagBag from /opt/airflow/dags/feature_pipeline_dag.py
[2026-08-30T11:29:37.706+0000] {processor.py:840} INFO - DAG(s) 'feature_pipeline' retrieved from /opt/airflow/dags/feature_pipeline_dag.py
[2026-08-30T11:29:37.762+0000] {logging_mixin.py:188} INFO - [2026-08-30T11:29:37.761+0000] {dag.py:3089} INFO - Sync 1 DAGs
[2026-08-30T11:29:37.804+0000] {logging_mixin.py:188} INFO - [2026-08-30T11:29:37.804+0000] {dag.py:3947} INFO - Setting next_dagrun for feature_pipeline to 2026-08-30 11:00:00+00:00, run_after=2026-08-30 12:00:00+00:00
[2026-08-30T11:29:37.846+0000] {processor.py:183} INFO - Processing /opt/airflow/dags/feature_pipeline_dag.py took 2.216 seconds
[2026-08-30T11:30:08.521+0000] {processor.py:161} INFO - Started process (PID=1703) to work on /opt/airflow/dags/feature_pipeline_dag.py
[2026-08-30T11:30:08.524+0000] {processor.py:830} INFO - Processing file /opt/airflow/dags/feature_pipeline_dag.py for tasks to queue
[2026-08-30T11:30:08.529+0000] {logging_mixin.py:188} INFO - [2026-08-30T11:30:08.529+0000] {dagbag.py:545} INFO - Filling up the DagBag from /opt/airflow/dags/feature_pipeline_dag.py
[2026-08-30T11:30:11.074+0000] {processor.py:840} INFO - DAG(s) 'feature_pipeline' retrieved from /opt/airflow/dags/feature_pipeline_dag.py
[2026-08-30T11:30:11.124+0000] {logging_mixin.py:188} INFO - [2026-08-30T11:30:11.123+0000] {dag.py:3089} INFO - Sync 1 DAGs
[2026-08-30T11:30:11.163+0000] {logging_mixin.py:188} INFO - [2026-08-30T11:30:11.163+0000] {dag.py:3947} INFO - Setting next_dagrun for feature_pipeline to 2026-08-30 11:00:00+00:00, run_after=2026-08-30 12:00:00+00:00
[2026-08-30T11:30:11.214+0000] {processor.py:183} INFO - Processing /opt/airflow/dags/feature_pipeline_dag.py took 2.709 seconds
[2026-08-30T11:30:42.020+0000] {processor.py:161} INFO - Started process (PID=1733) to work on /opt/airflow/dags/feature_pipeline_dag.py
[2026-08-30T11:30:42.023+0000] {processor.py:830} INFO - Processing file /opt/airflow/dags/feature_pipeline_dag.py for tasks to queue
[2026-08-30T11:30:42.028+0000] {logging_mixin.py:188} INFO - [2026-08-30T11:30:42.027+0000] {dagbag.py:545} INFO - Filling up the DagBag from /opt/airflow/dags/feature_pipeline_dag.py
[2026-08-30T11:30:45.864+0000] {processor.py:840} INFO - DAG(s) 'feature_pipeline' retrieved from /opt/airflow/dags/feature_pipeline_dag.py
[2026-08-30T11:30:45.996+0000] {logging_mixin.py:188} INFO - [2026-08-30T11:30:45.995+0000] {dag.py:3089} INFO - Sync 1 DAGs
[2026-08-30T11:30:47.472+0000] {logging_mixin.py:188} INFO - [2026-08-30T11:30:47.472+0000] {dag.py:3947} INFO - Setting next_dagrun for feature_pipeline to 2026-08-30 11:00:00+00:00, run_after=2026-08-30 12:00:00+00:00
[2026-08-30T11:30:47.518+0000] {processor.py:183} INFO - Processing /opt/airflow/dags/feature_pipeline_dag.py took 5.517 seconds
[2026-08-30T11:31:18.115+0000] {processor.py:161} INFO - Started process (PID=1763) to work on /opt/airflow/dags/feature_pipeline_dag.py
[2026-08-30T11:31:18.122+0000] {processor.py:830} INFO - Processing file /opt/airflow/dags/feature_pipeline_dag.py for tasks to queue
[2026-08-30T11:31:18.128+0000] {logging_mixin.py:188} INFO - [2026-08-30T11:31:18.127+0000] {dagbag.py:545} INFO - Filling up the DagBag from /opt/airflow/dags/feature_pipeline_dag.py
[2026-08-30T11:31:19.751+0000] {processor.py:840} INFO - DAG(s) 'feature_pipeline' retrieved from /opt/airflow/dags/feature_pipeline_dag.py
[2026-08-30T11:31:19.827+0000] {logging_mixin.py:188} INFO - [2026-08-30T11:31:19.826+0000] {dag.py:3089} INFO - Sync 1 DAGs
[2026-08-30T11:31:17.864+0000] {logging_mixin.py:188} INFO - [2026-08-30T11:31:17.863+0000] {dag.py:3947} INFO - Setting next_dagrun for feature_pipeline to 2026-08-30 11:00:00+00:00, run_after=2026-08-30 12:00:00+00:00
[2026-08-30T11:31:17.911+0000] {processor.py:183} INFO - Processing /opt/airflow/dags/feature_pipeline_dag.py took 2.174 seconds
[2026-08-30T11:31:48.907+0000] {processor.py:161} INFO - Started process (PID=1793) to work on /opt/airflow/dags/feature_pipeline_dag.py
[2026-08-30T11:31:48.911+0000] {processor.py:830} INFO - Processing file /opt/airflow/dags/feature_pipeline_dag.py for tasks to queue
[2026-08-30T11:31:48.916+0000] {logging_mixin.py:188} INFO - [2026-08-30T11:31:48.915+0000] {dagbag.py:545} INFO - Filling up the DagBag from /opt/airflow/dags/feature_pipeline_dag.py
[2026-08-30T11:31:47.662+0000] {processor.py:840} INFO - DAG(s) 'feature_pipeline' retrieved from /opt/airflow/dags/feature_pipeline_dag.py
[2026-08-30T11:31:48.092+0000] {logging_mixin.py:188} INFO - [2026-08-30T11:31:48.091+0000] {dag.py:3089} INFO - Sync 1 DAGs
[2026-08-30T11:31:48.136+0000] {logging_mixin.py:188} INFO - [2026-08-30T11:31:48.136+0000] {dag.py:3947} INFO - Setting next_dagrun for feature_pipeline to 2026-08-30 11:00:00+00:00, run_after=2026-08-30 12:00:00+00:00
[2026-08-30T11:31:48.320+0000] {processor.py:183} INFO - Processing /opt/airflow/dags/feature_pipeline_dag.py took 2.846 seconds
[2026-08-30T11:32:18.739+0000] {processor.py:161} INFO - Started process (PID=1823) to work on /opt/airflow/dags/feature_pipeline_dag.py
[2026-08-30T11:32:18.741+0000] {processor.py:830} INFO - Processing file /opt/airflow/dags/feature_pipeline_dag.py for tasks to queue
[2026-08-30T11:32:18.746+0000] {logging_mixin.py:188} INFO - [2026-08-30T11:32:18.745+0000] {dagbag.py:545} INFO - Filling up the DagBag from /opt/airflow/dags/feature_pipeline_dag.py
[2026-08-30T11:32:20.699+0000] {processor.py:840} INFO - DAG(s) 'feature_pipeline' retrieved from /opt/airflow/dags/feature_pipeline_dag.py
[2026-08-30T11:32:20.765+0000] {logging_mixin.py:188} INFO - [2026-08-30T11:32:20.764+0000] {dag.py:3089} INFO - Sync 1 DAGs
[2026-08-30T11:32:20.813+0000] {logging_mixin.py:188} INFO - [2026-08-30T11:32:20.813+0000] {dag.py:3947} INFO - Setting next_dagrun for feature_pipeline to 2026-08-30 11:00:00+00:00, run_after=2026-08-30 12:00:00+00:00
[2026-08-30T11:32:20.854+0000] {processor.py:183} INFO - Processing /opt/airflow/dags/feature_pipeline_dag.py took 2.132 seconds
[2026-08-30T11:32:51.464+0000] {processor.py:161} INFO - Started process (PID=1853) to work on /opt/airflow/dags/feature_pipeline_dag.py
[2026-08-30T11:32:51.474+0000] {processor.py:830} INFO - Processing file /opt/airflow/dags/feature_pipeline_dag.py for tasks to queue
[2026-08-30T11:32:51.482+0000] {logging_mixin.py:188} INFO - [2026-08-30T11:32:51.481+0000] {dagbag.py:545} INFO - Filling up the DagBag from /opt/airflow/dags/feature_pipeline_dag.py
[2026-08-30T11:32:53.693+0000] {processor.py:840} INFO - DAG(s) 'feature_pipeline' retrieved from /opt/airflow/dags/feature_pipeline_dag.py
[2026-08-30T11:32:53.757+0000] {logging_mixin.py:188} INFO - [2026-08-30T11:32:53.756+0000] {dag.py:3089} INFO - Sync 1 DAGs
[2026-08-30T11:32:53.814+0000] {logging_mixin.py:188} INFO - [2026-08-30T11:32:53.814+0000] {dag.py:3947} INFO - Setting next_dagrun for feature_pipeline to 2026-08-30 11:00:00+00:00, run_after=2026-08-30 12:00:00+00:00
[2026-08-30T11:32:53.883+0000] {processor.py:183} INFO - Processing /opt/airflow/dags/feature_pipeline_dag.py took 2.442 seconds
[2026-08-30T11:33:25.038+0000] {processor.py:161} INFO - Started process (PID=1881) to work on /opt/airflow/dags/feature_pipeline_dag.py
[2026-08-30T11:33:25.041+0000] {processor.py:830} INFO - Processing file /opt/airflow/dags/feature_pipeline_dag.py for tasks to queue
[2026-08-30T11:33:25.046+0000] {logging_mixin.py:188} INFO - [2026-08-30T11:33:25.045+0000] {dagbag.py:545} INFO - Filling up the DagBag from /opt/airflow/dags/feature_pipeline_dag.py
[2026-08-30T11:33:26.880+0000] {processor.py:840} INFO - DAG(s) 'feature_pipeline' retrieved from /opt/airflow/dags/feature_pipeline_dag.py
[2026-08-30T11:33:26.945+0000] {logging_mixin.py:188} INFO - [2026-08-30T11:33:26.944+0000] {dag.py:3089} INFO - Sync 1 DAGs
[2026-08-30T11:33:27.326+0000] {logging_mixin.py:188} INFO - [2026-08-30T11:33:27.326+0000] {dag.py:3947} INFO - Setting next_dagrun for feature_pipeline to 2026-08-30 11:00:00+00:00, run_after=2026-08-30 12:00:00+00:00
[2026-08-30T11:33:27.370+0000] {processor.py:183} INFO - Processing /opt/airflow/dags/feature_pipeline_dag.py took 2.351 seconds
[2026-08-30T11:33:58.158+0000] {processor.py:161} INFO - Started process (PID=1899) to work on /opt/airflow/dags/feature_pipeline_dag.py
[2026-08-30T11:33:58.161+0000] {processor.py:830} INFO - Processing file /opt/airflow/dags/feature_pipeline_dag.py for tasks to queue
[2026-08-30T11:33:58.167+0000] {logging_mixin.py:188} INFO - [2026-08-30T11:33:58.165+0000] {dagbag.py:545} INFO - Filling up the DagBag from /opt/airflow/dags/feature_pipeline_dag.py
[2026-08-30T11:33:59.953+0000] {processor.py:840} INFO - DAG(s) 'feature_pipeline' retrieved from /opt/airflow/dags/feature_pipeline_dag.py
[2026-08-30T11:34:00.078+0000] {logging_mixin.py:188} INFO - [2026-08-30T11:34:00.077+0000] {dag.py:3089} INFO - Sync 1 DAGs
[2026-08-30T11:34:00.614+0000] {logging_mixin.py:188} INFO - [2026-08-30T11:34:00.614+0000] {dag.py:3947} INFO - Setting next_dagrun for feature_pipeline to 2026-08-30 11:00:00+00:00, run_after=2026-08-30 12:00:00+00:00
[2026-08-30T11:34:00.660+0000] {processor.py:183} INFO - Processing /opt/airflow/dags/feature_pipeline_dag.py took 2.523 seconds
[2026-08-30T11:34:31.455+0000] {processor.py:161} INFO - Started process (PID=1925) to work on /opt/airflow/dags/feature_pipeline_dag.py
[2026-08-30T11:34:31.459+0000] {processor.py:830} INFO - Processing file /opt/airflow/dags/feature_pipeline_dag.py for tasks to queue
[2026-08-30T11:34:31.466+0000] {logging_mixin.py:188} INFO - [2026-08-30T11:34:31.465+0000] {dagbag.py:545} INFO - Filling up the DagBag from /opt/airflow/dags/feature_pipeline_dag.py
[2026-08-30T11:34:33.118+0000] {processor.py:840} INFO - DAG(s) 'feature_pipeline' retrieved from /opt/airflow/dags/feature_pipeline_dag.py
[2026-08-30T11:34:33.518+0000] {logging_mixin.py:188} INFO - [2026-08-30T11:34:33.517+0000] {dag.py:3089} INFO - Sync 1 DAGs
[2026-08-30T11:34:33.563+0000] {logging_mixin.py:188} INFO - [2026-08-30T11:34:33.562+0000] {dag.py:3947} INFO - Setting next_dagrun for feature_pipeline to 2026-08-30 11:00:00+00:00, run_after=2026-08-30 12:00:00+00:00
[2026-08-30T11:34:33.605+0000] {processor.py:183} INFO - Processing /opt/airflow/dags/feature_pipeline_dag.py took 2.173 seconds
[2026-08-30T11:35:04.111+0000] {processor.py:161} INFO - Started process (PID=1955) to work on /opt/airflow/dags/feature_pipeline_dag.py
[2026-08-30T11:35:04.114+0000] {processor.py:830} INFO - Processing file /opt/airflow/dags/feature_pipeline_dag.py for tasks to queue
[2026-08-30T11:35:04.119+0000] {logging_mixin.py:188} INFO - [2026-08-30T11:35:04.118+0000] {dagbag.py:545} INFO - Filling up the DagBag from /opt/airflow/dags/feature_pipeline_dag.py
[2026-08-30T11:35:06.026+0000] {processor.py:840} INFO - DAG(s) 'feature_pipeline' retrieved from /opt/airflow/dags/feature_pipeline_dag.py
[2026-08-30T11:35:06.082+0000] {logging_mixin.py:188} INFO - [2026-08-30T11:35:06.081+0000] {dag.py:3089} INFO - Sync 1 DAGs
[2026-08-30T11:35:06.124+0000] {logging_mixin.py:188} INFO - [2026-08-30T11:35:06.124+0000] {dag.py:3947} INFO - Setting next_dagrun for feature_pipeline to 2026-08-30 11:00:00+00:00, run_after=2026-08-30 12:00:00+00:00
[2026-08-30T11:35:06.163+0000] {processor.py:183} INFO - Processing /opt/airflow/dags/feature_pipeline_dag.py took 2.071 seconds
[2026-08-30T11:35:36.868+0000] {processor.py:161} INFO - Started process (PID=1985) to work on /opt/airflow/dags/feature_pipeline_dag.py
[2026-08-30T11:35:36.871+0000] {processor.py:830} INFO - Processing file /opt/airflow/dags/feature_pipeline_dag.py for tasks to queue
[2026-08-30T11:35:36.877+0000] {logging_mixin.py:188} INFO - [2026-08-30T11:35:36.876+0000] {dagbag.py:545} INFO - Filling up the DagBag from /opt/airflow/dags/feature_pipeline_dag.py
[2026-08-30T11:35:43.858+0000] {processor.py:840} INFO - DAG(s) 'feature_pipeline' retrieved from /opt/airflow/dags/feature_pipeline_dag.py
[2026-08-30T11:35:43.952+0000] {logging_mixin.py:188} INFO - [2026-08-30T11:35:43.951+0000] {dag.py:3089} INFO - Sync 1 DAGs
[2026-08-30T11:35:44.021+0000] {logging_mixin.py:188} INFO - [2026-08-30T11:35:44.020+0000] {dag.py:3947} INFO - Setting next_dagrun for feature_pipeline to 2026-08-30 11:00:00+00:00, run_after=2026-08-30 12:00:00+00:00
[2026-08-30T11:35:44.085+0000] {processor.py:183} INFO - Processing /opt/airflow/dags/feature_pipeline_dag.py took 7.234 seconds
[2026-08-30T11:36:15.271+0000] {processor.py:161} INFO - Started process (PID=2018) to work on /opt/airflow/dags/feature_pipeline_dag.py
[2026-08-30T11:36:15.274+0000] {processor.py:830} INFO - Processing file /opt/airflow/dags/feature_pipeline_dag.py for tasks to queue
[2026-08-30T11:36:15.279+0000] {logging_mixin.py:188} INFO - [2026-08-30T11:36:15.278+0000] {dagbag.py:545} INFO - Filling up the DagBag from /opt/airflow/dags/feature_pipeline_dag.py
[2026-08-30T11:36:17.024+0000] {processor.py:840} INFO - DAG(s) 'feature_pipeline' retrieved from /opt/airflow/dags/feature_pipeline_dag.py
[2026-08-30T11:36:17.105+0000] {logging_mixin.py:188} INFO - [2026-08-30T11:36:17.104+0000] {dag.py:3089} INFO - Sync 1 DAGs
[2026-08-30T11:36:17.565+0000] {logging_mixin.py:188} INFO - [2026-08-30T11:36:17.565+0000] {dag.py:3947} INFO - Setting next_dagrun for feature_pipeline to 2026-08-30 11:00:00+00:00, run_after=2026-08-30 12:00:00+00:00
[2026-08-30T11:36:18.390+0000] {processor.py:183} INFO - Processing /opt/airflow/dags/feature_pipeline_dag.py took 3.137 seconds
[2026-08-30T11:36:48.927+0000] {processor.py:161} INFO - Started process (PID=2054) to work on /opt/airflow/dags/feature_pipeline_dag.py
[2026-08-30T11:36:48.931+0000] {processor.py:830} INFO - Processing file /opt/airflow/dags/feature_pipeline_dag.py for tasks to queue
[2026-08-30T11:36:48.936+0000] {logging_mixin.py:188} INFO - [2026-08-30T11:36:48.936+0000] {dagbag.py:545} INFO - Filling up the DagBag from /opt/airflow/dags/feature_pipeline_dag.py
[2026-08-30T11:36:50.857+0000] {processor.py:840} INFO - DAG(s) 'feature_pipeline' retrieved from /opt/airflow/dags/feature_pipeline_dag.py
[2026-08-30T11:36:50.940+0000] {logging_mixin.py:188} INFO - [2026-08-30T11:36:50.939+0000] {dag.py:3089} INFO - Sync 1 DAGs
[2026-08-30T11:36:51.407+0000] {logging_mixin.py:188} INFO - [2026-08-30T11:36:51.406+0000] {dag.py:3947} INFO - Setting next_dagrun for feature_pipeline to 2026-08-30 11:00:00+00:00, run_after=2026-08-30 12:00:00+00:00
[2026-08-30T11:36:51.450+0000] {processor.py:183} INFO - Processing /opt/airflow/dags/feature_pipeline_dag.py took 2.546 seconds
[2026-08-30T11:37:22.393+0000] {processor.py:161} INFO - Started process (PID=2151) to work on /opt/airflow/dags/feature_pipeline_dag.py
[2026-08-30T11:37:22.396+0000] {processor.py:830} INFO - Processing file /opt/airflow/dags/feature_pipeline_dag.py for tasks to queue
[2026-08-30T11:37:22.400+0000] {logging_mixin.py:188} INFO - [2026-08-30T11:37:22.399+0000] {dagbag.py:545} INFO - Filling up the DagBag from /opt/airflow/dags/feature_pipeline_dag.py
[2026-08-30T11:37:24.135+0000] {processor.py:840} INFO - DAG(s) 'feature_pipeline' retrieved from /opt/airflow/dags/feature_pipeline_dag.py
[2026-08-30T11:37:24.514+0000] {logging_mixin.py:188} INFO - [2026-08-30T11:37:24.513+0000] {dag.py:3089} INFO - Sync 1 DAGs
[2026-08-30T11:37:24.559+0000] {logging_mixin.py:188} INFO - [2026-08-30T11:37:24.559+0000] {dag.py:3947} INFO - Setting next_dagrun for feature_pipeline to 2026-08-30 11:00:00+00:00, run_after=2026-08-30 12:00:00+00:00
[2026-08-30T11:37:24.606+0000] {processor.py:183} INFO - Processing /opt/airflow/dags/feature_pipeline_dag.py took 2.233 seconds
[2026-08-30T11:37:55.012+0000] {processor.py:161} INFO - Started process (PID=2216) to work on /opt/airflow/dags/feature_pipeline_dag.py
[2026-08-30T11:37:55.028+0000] {processor.py:830} INFO - Processing file /opt/airflow/dags/feature_pipeline_dag.py for tasks to queue
[2026-08-30T11:37:55.038+0000] {logging_mixin.py:188} INFO - [2026-08-30T11:37:55.036+0000] {dagbag.py:545} INFO - Filling up the DagBag from /opt/airflow/dags/feature_pipeline_dag.py
[2026-08-30T11:37:57.289+0000] {processor.py:840} INFO - DAG(s) 'feature_pipeline' retrieved from /opt/airflow/dags/feature_pipeline_dag.py
[2026-08-30T11:37:57.342+0000] {logging_mixin.py:188} INFO - [2026-08-30T11:37:57.342+0000] {dag.py:3089} INFO - Sync 1 DAGs
[2026-08-30T11:37:57.384+0000] {logging_mixin.py:188} INFO - [2026-08-30T11:37:57.384+0000] {dag.py:3947} INFO - Setting next_dagrun for feature_pipeline to 2026-08-30 11:00:00+00:00, run_after=2026-08-30 12:00:00+00:00
[2026-08-30T11:37:57.422+0000] {processor.py:183} INFO - Processing /opt/airflow/dags/feature_pipeline_dag.py took 2.472 seconds
[2026-08-30T11:38:27.773+0000] {processor.py:161} INFO - Started process (PID=2291) to work on /opt/airflow/dags/feature_pipeline_dag.py
[2026-08-30T11:38:27.779+0000] {processor.py:830} INFO - Processing file /opt/airflow/dags/feature_pipeline_dag.py for tasks to queue
[2026-08-30T11:38:27.786+0000] {logging_mixin.py:188} INFO - [2026-08-30T11:38:27.785+0000] {dagbag.py:545} INFO - Filling up the DagBag from /opt/airflow/dags/feature_pipeline_dag.py
[2026-08-30T11:38:29.968+0000] {processor.py:840} INFO - DAG(s) 'feature_pipeline' retrieved from /opt/airflow/dags/feature_pipeline_dag.py
[2026-08-30T11:38:30.025+0000] {logging_mixin.py:188} INFO - [2026-08-30T11:38:30.025+0000] {dag.py:3089} INFO - Sync 1 DAGs
[2026-08-30T11:38:30.069+0000] {logging_mixin.py:188} INFO - [2026-08-30T11:38:30.069+0000] {dag.py:3947} INFO - Setting next_dagrun for feature_pipeline to 2026-08-30 11:00:00+00:00, run_after=2026-08-30 12:00:00+00:00
[2026-08-30T11:38:30.110+0000] {processor.py:183} INFO - Processing /opt/airflow/dags/feature_pipeline_dag.py took 2.371 seconds
[2026-08-30T11:39:01.114+0000] {processor.py:161} INFO - Started process (PID=2341) to work on /opt/airflow/dags/feature_pipeline_dag.py
[2026-08-30T11:39:01.117+0000] {processor.py:830} INFO - Processing file /opt/airflow/dags/feature_pipeline_dag.py for tasks to queue
[2026-08-30T11:39:01.123+0000] {logging_mixin.py:188} INFO - [2026-08-30T11:39:01.122+0000] {dagbag.py:545} INFO - Filling up the DagBag from /opt/airflow/dags/feature_pipeline_dag.py
[2026-08-30T11:39:02.793+0000] {processor.py:840} INFO - DAG(s) 'feature_pipeline' retrieved from /opt/airflow/dags/feature_pipeline_dag.py
[2026-08-30T11:39:02.868+0000] {logging_mixin.py:188} INFO - [2026-08-30T11:39:02.867+0000] {dag.py:3089} INFO - Sync 1 DAGs
[2026-08-30T11:39:03.302+0000] {logging_mixin.py:188} INFO - [2026-08-30T11:39:03.302+0000] {dag.py:3947} INFO - Setting next_dagrun for feature_pipeline to 2026-08-30 11:00:00+00:00, run_after=2026-08-30 12:00:00+00:00
[2026-08-30T11:39:03.342+0000] {processor.py:183} INFO - Processing /opt/airflow/dags/feature_pipeline_dag.py took 2.244 seconds
[2026-08-30T11:39:33.970+0000] {processor.py:161} INFO - Started process (PID=2394) to work on /opt/airflow/dags/feature_pipeline_dag.py
[2026-08-30T11:39:33.973+0000] {processor.py:830} INFO - Processing file /opt/airflow/dags/feature_pipeline_dag.py for tasks to queue
[2026-08-30T11:39:33.979+0000] {logging_mixin.py:188} INFO - [2026-08-30T11:39:33.978+0000] {dagbag.py:545} INFO - Filling up the DagBag from /opt/airflow/dags/feature_pipeline_dag.py
[2026-08-30T11:39:35.733+0000] {processor.py:840} INFO - DAG(s) 'feature_pipeline' retrieved from /opt/airflow/dags/feature_pipeline_dag.py
[2026-08-30T11:39:35.808+0000] {logging_mixin.py:188} INFO - [2026-08-30T11:39:35.807+0000] {dag.py:3089} INFO - Sync 1 DAGs
[2026-08-30T11:39:38.346+0000] {logging_mixin.py:188} INFO - [2026-08-30T11:39:38.346+0000] {dag.py:3947} INFO - Setting next_dagrun for feature_pipeline to 2026-08-30 11:00:00+00:00, run_after=2026-08-30 12:00:00+00:00
[2026-08-30T11:39:38.400+0000] {processor.py:183} INFO - Processing /opt/airflow/dags/feature_pipeline_dag.py took 4.449 seconds
[2026-08-30T11:40:09.268+0000] {processor.py:161} INFO - Started process (PID=2443) to work on /opt/airflow/dags/feature_pipeline_dag.py
[2026-08-30T11:40:09.272+0000] {processor.py:830} INFO - Processing file /opt/airflow/dags/feature_pipeline_dag.py for tasks to queue
[2026-08-30T11:40:09.277+0000] {logging_mixin.py:188} INFO - [2026-08-30T11:40:09.277+0000] {dagbag.py:545} INFO - Filling up the DagBag from /opt/airflow/dags/feature_pipeline_dag.py
[2026-08-30T11:40:11.071+0000] {processor.py:840} INFO - DAG(s) 'feature_pipeline' retrieved from /opt/airflow/dags/feature_pipeline_dag.py
[2026-08-30T11:40:11.128+0000] {logging_mixin.py:188} INFO - [2026-08-30T11:40:11.127+0000] {dag.py:3089} INFO - Sync 1 DAGs
[2026-08-30T11:40:11.166+0000] {logging_mixin.py:188} INFO - [2026-08-30T11:40:11.166+0000] {dag.py:3947} INFO - Setting next_dagrun for feature_pipeline to 2026-08-30 11:00:00+00:00, run_after=2026-08-30 12:00:00+00:00
[2026-08-30T11:40:11.201+0000] {processor.py:183} INFO - Processing /opt/airflow/dags/feature_pipeline_dag.py took 1.952 seconds
[2026-08-30T11:40:42.183+0000] {processor.py:161} INFO - Started process (PID=2475) to work on /opt/airflow/dags/feature_pipeline_dag.py
[2026-08-30T11:40:42.188+0000] {processor.py:830} INFO - Processing file /opt/airflow/dags/feature_pipeline_dag.py for tasks to queue
[2026-08-30T11:40:42.194+0000] {logging_mixin.py:188} INFO - [2026-08-30T11:40:42.193+0000] {dagbag.py:545} INFO - Filling up the DagBag from /opt/airflow/dags/feature_pipeline_dag.py
[2026-08-30T11:40:44.056+0000] {processor.py:840} INFO - DAG(s) 'feature_pipeline' retrieved from /opt/airflow/dags/feature_pipeline_dag.py
[2026-08-30T11:40:44.117+0000] {logging_mixin.py:188} INFO - [2026-08-30T11:40:44.117+0000] {dag.py:3089} INFO - Sync 1 DAGs
[2026-08-30T11:40:44.170+0000] {logging_mixin.py:188} INFO - [2026-08-30T11:40:44.170+0000] {dag.py:3947} INFO - Setting next_dagrun for feature_pipeline to 2026-08-30 11:00:00+00:00, run_after=2026-08-30 12:00:00+00:00
[2026-08-30T11:40:44.213+0000] {processor.py:183} INFO - Processing /opt/airflow/dags/feature_pipeline_dag.py took 2.046 seconds
[2026-08-30T11:41:14.885+0000] {processor.py:161} INFO - Started process (PID=2505) to work on /opt/airflow/dags/feature_pipeline_dag.py
[2026-08-30T11:41:14.888+0000] {processor.py:830} INFO - Processing file /opt/airflow/dags/feature_pipeline_dag.py for tasks to queue
[2026-08-30T11:41:14.893+0000] {logging_mixin.py:188} INFO - [2026-08-30T11:41:14.892+0000] {dagbag.py:545} INFO - Filling up the DagBag from /opt/airflow/dags/feature_pipeline_dag.py
[2026-08-30T11:41:16.809+0000] {processor.py:840} INFO - DAG(s) 'feature_pipeline' retrieved from /opt/airflow/dags/feature_pipeline_dag.py
[2026-08-30T11:41:16.868+0000] {logging_mixin.py:188} INFO - [2026-08-30T11:41:16.867+0000] {dag.py:3089} INFO - Sync 1 DAGs
[2026-08-30T11:41:16.913+0000] {logging_mixin.py:188} INFO - [2026-08-30T11:41:16.913+0000] {dag.py:3947} INFO - Setting next_dagrun for feature_pipeline to 2026-08-30 11:00:00+00:00, run_after=2026-08-30 12:00:00+00:00
[2026-08-30T11:41:16.953+0000] {processor.py:183} INFO - Processing /opt/airflow/dags/feature_pipeline_dag.py took 2.088 seconds
[2026-08-30T11:41:47.653+0000] {processor.py:161} INFO - Started process (PID=2539) to work on /opt/airflow/dags/feature_pipeline_dag.py
[2026-08-30T11:41:47.656+0000] {processor.py:830} INFO - Processing file /opt/airflow/dags/feature_pipeline_dag.py for tasks to queue
[2026-08-30T11:41:47.662+0000] {logging_mixin.py:188} INFO - [2026-08-30T11:41:47.661+0000] {dagbag.py:545} INFO - Filling up the DagBag from /opt/airflow/dags/feature_pipeline_dag.py
[2026-08-30T11:41:49.120+0000] {processor.py:840} INFO - DAG(s) 'feature_pipeline' retrieved from /opt/airflow/dags/feature_pipeline_dag.py
[2026-08-30T11:41:49.176+0000] {logging_mixin.py:188} INFO - [2026-08-30T11:41:49.175+0000] {dag.py:3089} INFO - Sync 1 DAGs
[2026-08-30T11:41:49.498+0000] {logging_mixin.py:188} INFO - [2026-08-30T11:41:49.498+0000] {dag.py:3947} INFO - Setting next_dagrun for feature_pipeline to 2026-08-30 11:00:00+00:00, run_after=2026-08-30 12:00:00+00:00
[2026-08-30T11:41:49.537+0000] {processor.py:183} INFO - Processing /opt/airflow/dags/feature_pipeline_dag.py took 1.905 seconds
[2026-08-30T11:42:20.194+0000] {processor.py:161} INFO - Started process (PID=2604) to work on /opt/airflow/dags/feature_pipeline_dag.py
[2026-08-30T11:42:20.197+0000] {processor.py:830} INFO - Processing file /opt/airflow/dags/feature_pipeline_dag.py for tasks to queue
[2026-08-30T11:42:20.202+0000] {logging_mixin.py:188} INFO - [2026-08-30T11:42:20.201+0000] {dagbag.py:545} INFO - Filling up the DagBag from /opt/airflow/dags/feature_pipeline_dag.py
[2026-08-30T11:42:21.743+0000] {processor.py:840} INFO - DAG(s) 'feature_pipeline' retrieved from /opt/airflow/dags/feature_pipeline_dag.py
[2026-08-30T11:42:21.812+0000] {logging_mixin.py:188} INFO - [2026-08-30T11:42:21.811+0000] {dag.py:3089} INFO - Sync 1 DAGs
[2026-08-30T11:42:22.245+0000] {logging_mixin.py:188} INFO - [2026-08-30T11:42:22.245+0000] {dag.py:3947} INFO - Setting next_dagrun for feature_pipeline to 2026-08-30 11:00:00+00:00, run_after=2026-08-30 12:00:00+00:00
[2026-08-30T11:42:22.294+0000] {processor.py:183} INFO - Processing /opt/airflow/dags/feature_pipeline_dag.py took 2.119 seconds
[2026-08-30T11:42:55.121+0000] {processor.py:161} INFO - Started process (PID=2686) to work on /opt/airflow/dags/feature_pipeline_dag.py
[2026-08-30T11:42:55.124+0000] {processor.py:830} INFO - Processing file /opt/airflow/dags/feature_pipeline_dag.py for tasks to queue
[2026-08-30T11:42:55.130+0000] {logging_mixin.py:188} INFO - [2026-08-30T11:42:55.129+0000] {dagbag.py:545} INFO - Filling up the DagBag from /opt/airflow/dags/feature_pipeline_dag.py
[2026-08-30T11:42:56.924+0000] {processor.py:840} INFO - DAG(s) 'feature_pipeline' retrieved from /opt/airflow/dags/feature_pipeline_dag.py
[2026-08-30T11:42:57.455+0000] {logging_mixin.py:188} INFO - [2026-08-30T11:42:57.454+0000] {dag.py:3089} INFO - Sync 1 DAGs
[2026-08-30T11:42:57.509+0000] {logging_mixin.py:188} INFO - [2026-08-30T11:42:57.509+0000] {dag.py:3947} INFO - Setting next_dagrun for feature_pipeline to 2026-08-30 11:00:00+00:00, run_after=2026-08-30 12:00:00+00:00
[2026-08-30T11:42:57.555+0000] {processor.py:183} INFO - Processing /opt/airflow/dags/feature_pipeline_dag.py took 2.453 seconds
[2026-08-30T11:43:28.321+0000] {processor.py:161} INFO - Started process (PID=2739) to work on /opt/airflow/dags/feature_pipeline_dag.py
[2026-08-30T11:43:28.324+0000] {processor.py:830} INFO - Processing file /opt/airflow/dags/feature_pipeline_dag.py for tasks to queue
[2026-08-30T11:43:28.331+0000] {logging_mixin.py:188} INFO - [2026-08-30T11:43:28.330+0000] {dagbag.py:545} INFO - Filling up the DagBag from /opt/airflow/dags/feature_pipeline_dag.py
[2026-08-30T11:43:32.082+0000] {processor.py:840} INFO - DAG(s) 'feature_pipeline' retrieved from /opt/airflow/dags/feature_pipeline_dag.py
[2026-08-30T11:43:32.858+0000] {logging_mixin.py:188} INFO - [2026-08-30T11:43:32.857+0000] {dag.py:3089} INFO - Sync 1 DAGs
[2026-08-30T11:43:33.055+0000] {logging_mixin.py:188} INFO - [2026-08-30T11:43:33.053+0000] {dag.py:3947} INFO - Setting next_dagrun for feature_pipeline to 2026-08-30 11:00:00+00:00, run_after=2026-08-30 12:00:00+00:00
[2026-08-30T11:43:34.566+0000] {processor.py:183} INFO - Processing /opt/airflow/dags/feature_pipeline_dag.py took 6.264 seconds
[2026-08-30T11:44:05.310+0000] {processor.py:161} INFO - Started process (PID=2767) to work on /opt/airflow/dags/feature_pipeline_dag.py
[2026-08-30T11:44:05.313+0000] {processor.py:830} INFO - Processing file /opt/airflow/dags/feature_pipeline_dag.py for tasks to queue
[2026-08-30T11:44:05.319+0000] {logging_mixin.py:188} INFO - [2026-08-30T11:44:05.318+0000] {dagbag.py:545} INFO - Filling up the DagBag from /opt/airflow/dags/feature_pipeline_dag.py
[2026-08-30T11:44:07.323+0000] {processor.py:840} INFO - DAG(s) 'feature_pipeline' retrieved from /opt/airflow/dags/feature_pipeline_dag.py
[2026-08-30T11:44:07.380+0000] {logging_mixin.py:188} INFO - [2026-08-30T11:44:07.379+0000] {dag.py:3089} INFO - Sync 1 DAGs
[2026-08-30T11:44:07.429+0000] {logging_mixin.py:188} INFO - [2026-08-30T11:44:07.428+0000] {dag.py:3947} INFO - Setting next_dagrun for feature_pipeline to 2026-08-30 11:00:00+00:00, run_after=2026-08-30 12:00:00+00:00
[2026-08-30T11:44:07.469+0000] {processor.py:183} INFO - Processing /opt/airflow/dags/feature_pipeline_dag.py took 2.185 seconds
[2026-08-30T11:44:38.286+0000] {processor.py:161} INFO - Started process (PID=2818) to work on /opt/airflow/dags/feature_pipeline_dag.py
[2026-08-30T11:44:38.289+0000] {processor.py:830} INFO - Processing file /opt/airflow/dags/feature_pipeline_dag.py for tasks to queue
[2026-08-30T11:44:38.295+0000] {logging_mixin.py:188} INFO - [2026-08-30T11:44:38.294+0000] {dagbag.py:545} INFO - Filling up the DagBag from /opt/airflow/dags/feature_pipeline_dag.py
[2026-08-30T11:44:39.919+0000] {processor.py:840} INFO - DAG(s) 'feature_pipeline' retrieved from /opt/airflow/dags/feature_pipeline_dag.py
[2026-08-30T11:44:39.978+0000] {logging_mixin.py:188} INFO - [2026-08-30T11:44:39.977+0000] {dag.py:3089} INFO - Sync 1 DAGs
[2026-08-30T11:44:40.333+0000] {logging_mixin.py:188} INFO - [2026-08-30T11:44:40.333+0000] {dag.py:3947} INFO - Setting next_dagrun for feature_pipeline to 2026-08-30 11:00:00+00:00, run_after=2026-08-30 12:00:00+00:00
[2026-08-30T11:44:40.373+0000] {processor.py:183} INFO - Processing /opt/airflow/dags/feature_pipeline_dag.py took 2.105 seconds
[2026-08-30T11:45:10.600+0000] {processor.py:161} INFO - Started process (PID=2869) to work on /opt/airflow/dags/feature_pipeline_dag.py
[2026-08-30T11:45:10.602+0000] {processor.py:830} INFO - Processing file /opt/airflow/dags/feature_pipeline_dag.py for tasks to queue
[2026-08-30T11:45:10.608+0000] {logging_mixin.py:188} INFO - [2026-08-30T11:45:10.607+0000] {dagbag.py:545} INFO - Filling up the DagBag from /opt/airflow/dags/feature_pipeline_dag.py
[2026-08-30T11:45:10.236+0000] {processor.py:840} INFO - DAG(s) 'feature_pipeline' retrieved from /opt/airflow/dags/feature_pipeline_dag.py
[2026-08-30T11:45:10.301+0000] {logging_mixin.py:188} INFO - [2026-08-30T11:45:10.300+0000] {dag.py:3089} INFO - Sync 1 DAGs
[2026-08-30T11:45:10.654+0000] {logging_mixin.py:188} INFO - [2026-08-30T11:45:10.654+0000] {dag.py:3947} INFO - Setting next_dagrun for feature_pipeline to 2026-08-30 11:00:00+00:00, run_after=2026-08-30 12:00:00+00:00
[2026-08-30T11:45:10.695+0000] {processor.py:183} INFO - Processing /opt/airflow/dags/feature_pipeline_dag.py took 2.037 seconds
[2026-08-30T11:45:41.485+0000] {processor.py:161} INFO - Started process (PID=2929) to work on /opt/airflow/dags/feature_pipeline_dag.py
[2026-08-30T11:45:41.487+0000] {processor.py:830} INFO - Processing file /opt/airflow/dags/feature_pipeline_dag.py for tasks to queue
[2026-08-30T11:45:41.493+0000] {logging_mixin.py:188} INFO - [2026-08-30T11:45:41.491+0000] {dagbag.py:545} INFO - Filling up the DagBag from /opt/airflow/dags/feature_pipeline_dag.py
[2026-08-30T11:45:42.941+0000] {processor.py:840} INFO - DAG(s) 'feature_pipeline' retrieved from /opt/airflow/dags/feature_pipeline_dag.py
[2026-08-30T11:45:43.297+0000] {logging_mixin.py:188} INFO - [2026-08-30T11:45:43.296+0000] {dag.py:3089} INFO - Sync 1 DAGs
[2026-08-30T11:45:43.337+0000] {logging_mixin.py:188} INFO - [2026-08-30T11:45:43.336+0000] {dag.py:3947} INFO - Setting next_dagrun for feature_pipeline to 2026-08-30 11:00:00+00:00, run_after=2026-08-30 12:00:00+00:00
[2026-08-30T11:45:43.374+0000] {processor.py:183} INFO - Processing /opt/airflow/dags/feature_pipeline_dag.py took 1.905 seconds
[2026-08-30T11:46:13.964+0000] {processor.py:161} INFO - Started process (PID=2980) to work on /opt/airflow/dags/feature_pipeline_dag.py
[2026-08-30T11:46:13.967+0000] {processor.py:830} INFO - Processing file /opt/airflow/dags/feature_pipeline_dag.py for tasks to queue
[2026-08-30T11:46:13.974+0000] {logging_mixin.py:188} INFO - [2026-08-30T11:46:13.972+0000] {dagbag.py:545} INFO - Filling up the DagBag from /opt/airflow/dags/feature_pipeline_dag.py
[2026-08-30T11:46:15.686+0000] {processor.py:840} INFO - DAG(s) 'feature_pipeline' retrieved from /opt/airflow/dags/feature_pipeline_dag.py
[2026-08-30T11:46:15.734+0000] {logging_mixin.py:188} INFO - [2026-08-30T11:46:15.733+0000] {dag.py:3089} INFO - Sync 1 DAGs
[2026-08-30T11:46:15.770+0000] {logging_mixin.py:188} INFO - [2026-08-30T11:46:15.770+0000] {dag.py:3947} INFO - Setting next_dagrun for feature_pipeline to 2026-08-30 11:00:00+00:00, run_after=2026-08-30 12:00:00+00:00
[2026-08-30T11:46:15.806+0000] {processor.py:183} INFO - Processing /opt/airflow/dags/feature_pipeline_dag.py took 1.864 seconds
[2026-08-30T11:46:46.595+0000] {processor.py:161} INFO - Started process (PID=3010) to work on /opt/airflow/dags/feature_pipeline_dag.py
[2026-08-30T11:46:46.598+0000] {processor.py:830} INFO - Processing file /opt/airflow/dags/feature_pipeline_dag.py for tasks to queue
[2026-08-30T11:46:46.605+0000] {logging_mixin.py:188} INFO - [2026-08-30T11:46:46.604+0000] {dagbag.py:545} INFO - Filling up the DagBag from /opt/airflow/dags/feature_pipeline_dag.py
[2026-08-30T11:46:48.657+0000] {processor.py:840} INFO - DAG(s) 'feature_pipeline' retrieved from /opt/airflow/dags/feature_pipeline_dag.py
[2026-08-30T11:46:48.715+0000] {logging_mixin.py:188} INFO - [2026-08-30T11:46:48.714+0000] {dag.py:3089} INFO - Sync 1 DAGs
[2026-08-30T11:46:48.764+0000] {logging_mixin.py:188} INFO - [2026-08-30T11:46:48.764+0000] {dag.py:3947} INFO - Setting next_dagrun for feature_pipeline to 2026-08-30 11:00:00+00:00, run_after=2026-08-30 12:00:00+00:00
[2026-08-30T11:46:48.808+0000] {processor.py:183} INFO - Processing /opt/airflow/dags/feature_pipeline_dag.py took 2.238 seconds
[2026-08-30T11:47:19.457+0000] {processor.py:161} INFO - Started process (PID=3040) to work on /opt/airflow/dags/feature_pipeline_dag.py
[2026-08-30T11:47:19.460+0000] {processor.py:830} INFO - Processing file /opt/airflow/dags/feature_pipeline_dag.py for tasks to queue
[2026-08-30T11:47:19.465+0000] {logging_mixin.py:188} INFO - [2026-08-30T11:47:19.464+0000] {dagbag.py:545} INFO - Filling up the DagBag from /opt/airflow/dags/feature_pipeline_dag.py
[2026-08-30T11:47:21.257+0000] {processor.py:840} INFO - DAG(s) 'feature_pipeline' retrieved from /opt/airflow/dags/feature_pipeline_dag.py
[2026-08-30T11:47:21.311+0000] {logging_mixin.py:188} INFO - [2026-08-30T11:47:21.310+0000] {dag.py:3089} INFO - Sync 1 DAGs
[2026-08-30T11:47:21.384+0000] {logging_mixin.py:188} INFO - [2026-08-30T11:47:21.383+0000] {dag.py:3947} INFO - Setting next_dagrun for feature_pipeline to 2026-08-30 11:00:00+00:00, run_after=2026-08-30 12:00:00+00:00
[2026-08-30T11:47:21.439+0000] {processor.py:183} INFO - Processing /opt/airflow/dags/feature_pipeline_dag.py took 2.001 seconds
[2026-08-30T11:47:52.066+0000] {processor.py:161} INFO - Started process (PID=3070) to work on /opt/airflow/dags/feature_pipeline_dag.py
[2026-08-30T11:47:52.069+0000] {processor.py:830} INFO - Processing file /opt/airflow/dags/feature_pipeline_dag.py for tasks to queue
[2026-08-30T11:47:52.075+0000] {logging_mixin.py:188} INFO - [2026-08-30T11:47:52.074+0000] {dagbag.py:545} INFO - Filling up the DagBag from /opt/airflow/dags/feature_pipeline_dag.py
[2026-08-30T11:47:53.754+0000] {processor.py:840} INFO - DAG(s) 'feature_pipeline' retrieved from /opt/airflow/dags/feature_pipeline_dag.py
[2026-08-30T11:47:53.829+0000] {logging_mixin.py:188} INFO - [2026-08-30T11:47:53.829+0000] {dag.py:3089} INFO - Sync 1 DAGs
[2026-08-30T11:47:54.208+0000] {logging_mixin.py:188} INFO - [2026-08-30T11:47:54.208+0000] {dag.py:3947} INFO - Setting next_dagrun for feature_pipeline to 2026-08-30 11:00:00+00:00, run_after=2026-08-30 12:00:00+00:00
[2026-08-30T11:47:54.246+0000] {processor.py:183} INFO - Processing /opt/airflow/dags/feature_pipeline_dag.py took 2.199 seconds
[2026-08-30T11:48:24.643+0000] {processor.py:161} INFO - Started process (PID=3100) to work on /opt/airflow/dags/feature_pipeline_dag.py
[2026-08-30T11:48:24.647+0000] {processor.py:830} INFO - Processing file /opt/airflow/dags/feature_pipeline_dag.py for tasks to queue
[2026-08-30T11:48:24.654+0000] {logging_mixin.py:188} INFO - [2026-08-30T11:48:24.653+0000] {dagbag.py:545} INFO - Filling up the DagBag from /opt/airflow/dags/feature_pipeline_dag.py
[2026-08-30T11:48:23.946+0000] {processor.py:840} INFO - DAG(s) 'feature_pipeline' retrieved from /opt/airflow/dags/feature_pipeline_dag.py
[2026-08-30T11:48:24.483+0000] {logging_mixin.py:188} INFO - [2026-08-30T11:48:24.483+0000] {dag.py:3089} INFO - Sync 1 DAGs
[2026-08-30T11:48:24.546+0000] {logging_mixin.py:188} INFO - [2026-08-30T11:48:24.545+0000] {dag.py:3947} INFO - Setting next_dagrun for feature_pipeline to 2026-08-30 11:00:00+00:00, run_after=2026-08-30 12:00:00+00:00
[2026-08-30T11:48:24.594+0000] {processor.py:183} INFO - Processing /opt/airflow/dags/feature_pipeline_dag.py took 2.104 seconds
[2026-08-30T11:48:55.637+0000] {processor.py:161} INFO - Started process (PID=3130) to work on /opt/airflow/dags/feature_pipeline_dag.py
[2026-08-30T11:48:55.640+0000] {processor.py:830} INFO - Processing file /opt/airflow/dags/feature_pipeline_dag.py for tasks to queue
[2026-08-30T11:48:55.645+0000] {logging_mixin.py:188} INFO - [2026-08-30T11:48:55.644+0000] {dagbag.py:545} INFO - Filling up the DagBag from /opt/airflow/dags/feature_pipeline_dag.py
[2026-08-30T11:48:57.473+0000] {processor.py:840} INFO - DAG(s) 'feature_pipeline' retrieved from /opt/airflow/dags/feature_pipeline_dag.py
[2026-08-30T11:48:57.538+0000] {logging_mixin.py:188} INFO - [2026-08-30T11:48:57.537+0000] {dag.py:3089} INFO - Sync 1 DAGs
[2026-08-30T11:48:57.584+0000] {logging_mixin.py:188} INFO - [2026-08-30T11:48:57.584+0000] {dag.py:3947} INFO - Setting next_dagrun for feature_pipeline to 2026-08-30 11:00:00+00:00, run_after=2026-08-30 12:00:00+00:00
[2026-08-30T11:48:57.622+0000] {processor.py:183} INFO - Processing /opt/airflow/dags/feature_pipeline_dag.py took 2.003 seconds
[2026-08-30T11:49:28.306+0000] {processor.py:161} INFO - Started process (PID=3160) to work on /opt/airflow/dags/feature_pipeline_dag.py
[2026-08-30T11:49:28.308+0000] {processor.py:830} INFO - Processing file /opt/airflow/dags/feature_pipeline_dag.py for tasks to queue
[2026-08-30T11:49:28.312+0000] {logging_mixin.py:188} INFO - [2026-08-30T11:49:28.312+0000] {dagbag.py:545} INFO - Filling up the DagBag from /opt/airflow/dags/feature_pipeline_dag.py
[2026-08-30T11:49:29.989+0000] {processor.py:840} INFO - DAG(s) 'feature_pipeline' retrieved from /opt/airflow/dags/feature_pipeline_dag.py
[2026-08-30T11:49:30.049+0000] {logging_mixin.py:188} INFO - [2026-08-30T11:49:30.048+0000] {dag.py:3089} INFO - Sync 1 DAGs
[2026-08-30T11:49:30.092+0000] {logging_mixin.py:188} INFO - [2026-08-30T11:49:30.092+0000] {dag.py:3947} INFO - Setting next_dagrun for feature_pipeline to 2026-08-30 11:00:00+00:00, run_after=2026-08-30 12:00:00+00:00
[2026-08-30T11:49:30.134+0000] {processor.py:183} INFO - Processing /opt/airflow/dags/feature_pipeline_dag.py took 1.848 seconds
[2026-08-30T11:50:01.030+0000] {processor.py:161} INFO - Started process (PID=3190) to work on /opt/airflow/dags/feature_pipeline_dag.py
[2026-08-30T11:50:01.032+0000] {processor.py:830} INFO - Processing file /opt/airflow/dags/feature_pipeline_dag.py for tasks to queue
[2026-08-30T11:50:01.040+0000] {logging_mixin.py:188} INFO - [2026-08-30T11:50:01.039+0000] {dagbag.py:545} INFO - Filling up the DagBag from /opt/airflow/dags/feature_pipeline_dag.py
[2026-08-30T11:50:02.881+0000] {processor.py:840} INFO - DAG(s) 'feature_pipeline' retrieved from /opt/airflow/dags/feature_pipeline_dag.py
[2026-08-30T11:50:02.936+0000] {logging_mixin.py:188} INFO - [2026-08-30T11:50:02.935+0000] {dag.py:3089} INFO - Sync 1 DAGs
[2026-08-30T11:50:02.976+0000] {logging_mixin.py:188} INFO - [2026-08-30T11:50:02.975+0000] {dag.py:3947} INFO - Setting next_dagrun for feature_pipeline to 2026-08-30 11:00:00+00:00, run_after=2026-08-30 12:00:00+00:00
[2026-08-30T11:50:03.024+0000] {processor.py:183} INFO - Processing /opt/airflow/dags/feature_pipeline_dag.py took 2.010 seconds
[2026-08-30T11:50:33.702+0000] {processor.py:161} INFO - Started process (PID=3220) to work on /opt/airflow/dags/feature_pipeline_dag.py
[2026-08-30T11:50:33.704+0000] {processor.py:830} INFO - Processing file /opt/airflow/dags/feature_pipeline_dag.py for tasks to queue
[2026-08-30T11:50:33.709+0000] {logging_mixin.py:188} INFO - [2026-08-30T11:50:33.708+0000] {dagbag.py:545} INFO - Filling up the DagBag from /opt/airflow/dags/feature_pipeline_dag.py
[2026-08-30T11:50:35.504+0000] {processor.py:840} INFO - DAG(s) 'feature_pipeline' retrieved from /opt/airflow/dags/feature_pipeline_dag.py
[2026-08-30T11:50:35.603+0000] {logging_mixin.py:188} INFO - [2026-08-30T11:50:35.601+0000] {dag.py:3089} INFO - Sync 1 DAGs
[2026-08-30T11:50:36.194+0000] {logging_mixin.py:188} INFO - [2026-08-30T11:50:36.193+0000] {dag.py:3947} INFO - Setting next_dagrun for feature_pipeline to 2026-08-30 11:00:00+00:00, run_after=2026-08-30 12:00:00+00:00
[2026-08-30T11:50:36.243+0000] {processor.py:183} INFO - Processing /opt/airflow/dags/feature_pipeline_dag.py took 2.558 seconds
[2026-08-30T11:51:06.884+0000] {processor.py:161} INFO - Started process (PID=3250) to work on /opt/airflow/dags/feature_pipeline_dag.py
[2026-08-30T11:51:06.901+0000] {processor.py:830} INFO - Processing file /opt/airflow/dags/feature_pipeline_dag.py for tasks to queue
[2026-08-30T11:51:06.906+0000] {logging_mixin.py:188} INFO - [2026-08-30T11:51:06.905+0000] {dagbag.py:545} INFO - Filling up the DagBag from /opt/airflow/dags/feature_pipeline_dag.py
[2026-08-30T11:51:08.553+0000] {processor.py:840} INFO - DAG(s) 'feature_pipeline' retrieved from /opt/airflow/dags/feature_pipeline_dag.py
[2026-08-30T11:51:09.012+0000] {logging_mixin.py:188} INFO - [2026-08-30T11:51:09.011+0000] {dag.py:3089} INFO - Sync 1 DAGs
[2026-08-30T11:51:09.065+0000] {logging_mixin.py:188} INFO - [2026-08-30T11:51:09.065+0000] {dag.py:3947} INFO - Setting next_dagrun for feature_pipeline to 2026-08-30 11:00:00+00:00, run_after=2026-08-30 12:00:00+00:00
[2026-08-30T11:51:09.108+0000] {processor.py:183} INFO - Processing /opt/airflow/dags/feature_pipeline_dag.py took 2.242 seconds
[2026-08-30T11:51:39.320+0000] {processor.py:161} INFO - Started process (PID=3280) to work on /opt/airflow/dags/feature_pipeline_dag.py
[2026-08-30T11:51:39.323+0000] {processor.py:830} INFO - Processing file /opt/airflow/dags/feature_pipeline_dag.py for tasks to queue
[2026-08-30T11:51:39.328+0000] {logging_mixin.py:188} INFO - [2026-08-30T11:51:39.327+0000] {dagbag.py:545} INFO - Filling up the DagBag from /opt/airflow/dags/feature_pipeline_dag.py
[2026-08-30T11:51:41.220+0000] {processor.py:840} INFO - DAG(s) 'feature_pipeline' retrieved from /opt/airflow/dags/feature_pipeline_dag.py
[2026-08-30T11:51:41.271+0000] {logging_mixin.py:188} INFO - [2026-08-30T11:51:41.270+0000] {dag.py:3089} INFO - Sync 1 DAGs
[2026-08-30T11:51:41.318+0000] {logging_mixin.py:188} INFO - [2026-08-30T11:51:41.317+0000] {dag.py:3947} INFO - Setting next_dagrun for feature_pipeline to 2026-08-30 11:00:00+00:00, run_after=2026-08-30 12:00:00+00:00
[2026-08-30T11:51:41.355+0000] {processor.py:183} INFO - Processing /opt/airflow/dags/feature_pipeline_dag.py took 2.056 seconds
[2026-08-30T11:52:11.986+0000] {processor.py:161} INFO - Started process (PID=3308) to work on /opt/airflow/dags/feature_pipeline_dag.py
[2026-08-30T11:52:11.989+0000] {processor.py:830} INFO - Processing file /opt/airflow/dags/feature_pipeline_dag.py for tasks to queue
[2026-08-30T11:52:11.995+0000] {logging_mixin.py:188} INFO - [2026-08-30T11:52:11.994+0000] {dagbag.py:545} INFO - Filling up the DagBag from /opt/airflow/dags/feature_pipeline_dag.py
[2026-08-30T11:52:13.804+0000] {processor.py:840} INFO - DAG(s) 'feature_pipeline' retrieved from /opt/airflow/dags/feature_pipeline_dag.py
[2026-08-30T11:52:13.854+0000] {logging_mixin.py:188} INFO - [2026-08-30T11:52:13.853+0000] {dag.py:3089} INFO - Sync 1 DAGs
[2026-08-30T11:52:13.890+0000] {logging_mixin.py:188} INFO - [2026-08-30T11:52:13.889+0000] {dag.py:3947} INFO - Setting next_dagrun for feature_pipeline to 2026-08-30 11:00:00+00:00, run_after=2026-08-30 12:00:00+00:00
[2026-08-30T11:52:13.924+0000] {processor.py:183} INFO - Processing /opt/airflow/dags/feature_pipeline_dag.py took 1.959 seconds
[2026-08-30T11:52:44.802+0000] {processor.py:161} INFO - Started process (PID=3326) to work on /opt/airflow/dags/feature_pipeline_dag.py
[2026-08-30T11:52:44.805+0000] {processor.py:830} INFO - Processing file /opt/airflow/dags/feature_pipeline_dag.py for tasks to queue
[2026-08-30T11:52:44.811+0000] {logging_mixin.py:188} INFO - [2026-08-30T11:52:44.810+0000] {dagbag.py:545} INFO - Filling up the DagBag from /opt/airflow/dags/feature_pipeline_dag.py
[2026-08-30T11:52:46.807+0000] {processor.py:840} INFO - DAG(s) 'feature_pipeline' retrieved from /opt/airflow/dags/feature_pipeline_dag.py
[2026-08-30T11:52:46.856+0000] {logging_mixin.py:188} INFO - [2026-08-30T11:52:46.856+0000] {dag.py:3089} INFO - Sync 1 DAGs
[2026-08-30T11:52:46.897+0000] {logging_mixin.py:188} INFO - [2026-08-30T11:52:46.897+0000] {dag.py:3947} INFO - Setting next_dagrun for feature_pipeline to 2026-08-30 11:00:00+00:00, run_after=2026-08-30 12:00:00+00:00
[2026-08-30T11:52:46.931+0000] {processor.py:183} INFO - Processing /opt/airflow/dags/feature_pipeline_dag.py took 2.150 seconds
[2026-08-30T11:53:17.808+0000] {processor.py:161} INFO - Started process (PID=3352) to work on /opt/airflow/dags/feature_pipeline_dag.py
[2026-08-30T11:53:17.811+0000] {processor.py:830} INFO - Processing file /opt/airflow/dags/feature_pipeline_dag.py for tasks to queue
[2026-08-30T11:53:17.817+0000] {logging_mixin.py:188} INFO - [2026-08-30T11:53:17.816+0000] {dagbag.py:545} INFO - Filling up the DagBag from /opt/airflow/dags/feature_pipeline_dag.py
[2026-08-30T11:53:19.346+0000] {processor.py:840} INFO - DAG(s) 'feature_pipeline' retrieved from /opt/airflow/dags/feature_pipeline_dag.py
[2026-08-30T11:53:19.428+0000] {logging_mixin.py:188} INFO - [2026-08-30T11:53:19.427+0000] {dag.py:3089} INFO - Sync 1 DAGs
[2026-08-30T11:53:19.875+0000] {logging_mixin.py:188} INFO - [2026-08-30T11:53:19.875+0000] {dag.py:3947} INFO - Setting next_dagrun for feature_pipeline to 2026-08-30 11:00:00+00:00, run_after=2026-08-30 12:00:00+00:00
[2026-08-30T11:53:19.920+0000] {processor.py:183} INFO - Processing /opt/airflow/dags/feature_pipeline_dag.py took 2.129 seconds
[2026-08-30T11:53:50.466+0000] {processor.py:161} INFO - Started process (PID=3382) to work on /opt/airflow/dags/feature_pipeline_dag.py
[2026-08-30T11:53:50.469+0000] {processor.py:830} INFO - Processing file /opt/airflow/dags/feature_pipeline_dag.py for tasks to queue
[2026-08-30T11:53:50.474+0000] {logging_mixin.py:188} INFO - [2026-08-30T11:53:50.473+0000] {dagbag.py:545} INFO - Filling up the DagBag from /opt/airflow/dags/feature_pipeline_dag.py
[2026-08-30T11:53:52.040+0000] {processor.py:840} INFO - DAG(s) 'feature_pipeline' retrieved from /opt/airflow/dags/feature_pipeline_dag.py
[2026-08-30T11:53:52.531+0000] {logging_mixin.py:188} INFO - [2026-08-30T11:53:52.530+0000] {dag.py:3089} INFO - Sync 1 DAGs
[2026-08-30T11:53:52.572+0000] {logging_mixin.py:188} INFO - [2026-08-30T11:53:52.572+0000] {dag.py:3947} INFO - Setting next_dagrun for feature_pipeline to 2026-08-30 11:00:00+00:00, run_after=2026-08-30 12:00:00+00:00
[2026-08-30T11:53:52.610+0000] {processor.py:183} INFO - Processing /opt/airflow/dags/feature_pipeline_dag.py took 2.161 seconds
[2026-08-30T11:54:23.102+0000] {processor.py:161} INFO - Started process (PID=3412) to work on /opt/airflow/dags/feature_pipeline_dag.py
[2026-08-30T11:54:23.104+0000] {processor.py:830} INFO - Processing file /opt/airflow/dags/feature_pipeline_dag.py for tasks to queue
[2026-08-30T11:54:23.110+0000] {logging_mixin.py:188} INFO - [2026-08-30T11:54:23.110+0000] {dagbag.py:545} INFO - Filling up the DagBag from /opt/airflow/dags/feature_pipeline_dag.py
[2026-08-30T11:54:24.846+0000] {processor.py:840} INFO - DAG(s) 'feature_pipeline' retrieved from /opt/airflow/dags/feature_pipeline_dag.py
[2026-08-30T11:54:24.898+0000] {logging_mixin.py:188} INFO - [2026-08-30T11:54:24.898+0000] {dag.py:3089} INFO - Sync 1 DAGs
[2026-08-30T11:54:24.939+0000] {logging_mixin.py:188} INFO - [2026-08-30T11:54:24.938+0000] {dag.py:3947} INFO - Setting next_dagrun for feature_pipeline to 2026-08-30 11:00:00+00:00, run_after=2026-08-30 12:00:00+00:00
[2026-08-30T11:54:26.244+0000] {processor.py:183} INFO - Processing /opt/airflow/dags/feature_pipeline_dag.py took 1.897 seconds
[2026-08-30T11:54:56.708+0000] {processor.py:161} INFO - Started process (PID=3442) to work on /opt/airflow/dags/feature_pipeline_dag.py
[2026-08-30T11:54:56.711+0000] {processor.py:830} INFO - Processing file /opt/airflow/dags/feature_pipeline_dag.py for tasks to queue
[2026-08-30T11:54:56.715+0000] {logging_mixin.py:188} INFO - [2026-08-30T11:54:56.714+0000] {dagbag.py:545} INFO - Filling up the DagBag from /opt/airflow/dags/feature_pipeline_dag.py
[2026-08-30T11:54:58.625+0000] {processor.py:840} INFO - DAG(s) 'feature_pipeline' retrieved from /opt/airflow/dags/feature_pipeline_dag.py
[2026-08-30T11:54:58.682+0000] {logging_mixin.py:188} INFO - [2026-08-30T11:54:58.681+0000] {dag.py:3089} INFO - Sync 1 DAGs
[2026-08-30T11:54:58.730+0000] {logging_mixin.py:188} INFO - [2026-08-30T11:54:58.729+0000] {dag.py:3947} INFO - Setting next_dagrun for feature_pipeline to 2026-08-30 11:00:00+00:00, run_after=2026-08-30 12:00:00+00:00
[2026-08-30T11:54:58.771+0000] {processor.py:183} INFO - Processing /opt/airflow/dags/feature_pipeline_dag.py took 2.079 seconds
[2026-08-30T11:55:29.862+0000] {processor.py:161} INFO - Started process (PID=3472) to work on /opt/airflow/dags/feature_pipeline_dag.py
[2026-08-30T11:55:29.864+0000] {processor.py:830} INFO - Processing file /opt/airflow/dags/feature_pipeline_dag.py for tasks to queue
[2026-08-30T11:55:29.869+0000] {logging_mixin.py:188} INFO - [2026-08-30T11:55:29.868+0000] {dagbag.py:545} INFO - Filling up the DagBag from /opt/airflow/dags/feature_pipeline_dag.py
[2026-08-30T11:55:31.753+0000] {processor.py:840} INFO - DAG(s) 'feature_pipeline' retrieved from /opt/airflow/dags/feature_pipeline_dag.py
[2026-08-30T11:55:31.805+0000] {logging_mixin.py:188} INFO - [2026-08-30T11:55:31.804+0000] {dag.py:3089} INFO - Sync 1 DAGs
[2026-08-30T11:55:31.849+0000] {logging_mixin.py:188} INFO - [2026-08-30T11:55:31.849+0000] {dag.py:3947} INFO - Setting next_dagrun for feature_pipeline to 2026-08-30 11:00:00+00:00, run_after=2026-08-30 12:00:00+00:00
[2026-08-30T11:55:31.895+0000] {processor.py:183} INFO - Processing /opt/airflow/dags/feature_pipeline_dag.py took 2.049 seconds
[2026-08-30T11:56:02.449+0000] {processor.py:161} INFO - Started process (PID=3502) to work on /opt/airflow/dags/feature_pipeline_dag.py
[2026-08-30T11:56:02.452+0000] {processor.py:830} INFO - Processing file /opt/airflow/dags/feature_pipeline_dag.py for tasks to queue
[2026-08-30T11:56:02.458+0000] {logging_mixin.py:188} INFO - [2026-08-30T11:56:02.457+0000] {dagbag.py:545} INFO - Filling up the DagBag from /opt/airflow/dags/feature_pipeline_dag.py
[2026-08-30T11:56:03.974+0000] {processor.py:840} INFO - DAG(s) 'feature_pipeline' retrieved from /opt/airflow/dags/feature_pipeline_dag.py
[2026-08-30T11:56:04.046+0000] {logging_mixin.py:188} INFO - [2026-08-30T11:56:04.045+0000] {dag.py:3089} INFO - Sync 1 DAGs
[2026-08-30T11:56:04.515+0000] {logging_mixin.py:188} INFO - [2026-08-30T11:56:04.515+0000] {dag.py:3947} INFO - Setting next_dagrun for feature_pipeline to 2026-08-30 11:00:00+00:00, run_after=2026-08-30 12:00:00+00:00
[2026-08-30T11:56:04.554+0000] {processor.py:183} INFO - Processing /opt/airflow/dags/feature_pipeline_dag.py took 2.122 seconds
[2026-08-30T11:56:35.108+0000] {processor.py:161} INFO - Started process (PID=3532) to work on /opt/airflow/dags/feature_pipeline_dag.py
[2026-08-30T11:56:35.111+0000] {processor.py:830} INFO - Processing file /opt/airflow/dags/feature_pipeline_dag.py for tasks to queue
[2026-08-30T11:56:35.116+0000] {logging_mixin.py:188} INFO - [2026-08-30T11:56:35.115+0000] {dagbag.py:545} INFO - Filling up the DagBag from /opt/airflow/dags/feature_pipeline_dag.py
[2026-08-30T11:56:36.559+0000] {processor.py:840} INFO - DAG(s) 'feature_pipeline' retrieved from /opt/airflow/dags/feature_pipeline_dag.py
[2026-08-30T11:56:36.927+0000] {logging_mixin.py:188} INFO - [2026-08-30T11:56:36.926+0000] {dag.py:3089} INFO - Sync 1 DAGs
[2026-08-30T11:56:36.968+0000] {logging_mixin.py:188} INFO - [2026-08-30T11:56:36.967+0000] {dag.py:3947} INFO - Setting next_dagrun for feature_pipeline to 2026-08-30 11:00:00+00:00, run_after=2026-08-30 12:00:00+00:00
[2026-08-30T11:56:37.003+0000] {processor.py:183} INFO - Processing /opt/airflow/dags/feature_pipeline_dag.py took 1.911 seconds
[2026-08-30T11:57:07.735+0000] {processor.py:161} INFO - Started process (PID=3562) to work on /opt/airflow/dags/feature_pipeline_dag.py
[2026-08-30T11:57:07.739+0000] {processor.py:830} INFO - Processing file /opt/airflow/dags/feature_pipeline_dag.py for tasks to queue
[2026-08-30T11:57:07.744+0000] {logging_mixin.py:188} INFO - [2026-08-30T11:57:07.743+0000] {dagbag.py:545} INFO - Filling up the DagBag from /opt/airflow/dags/feature_pipeline_dag.py
[2026-08-30T11:57:09.687+0000] {processor.py:840} INFO - DAG(s) 'feature_pipeline' retrieved from /opt/airflow/dags/feature_pipeline_dag.py
[2026-08-30T11:57:09.748+0000] {logging_mixin.py:188} INFO - [2026-08-30T11:57:09.747+0000] {dag.py:3089} INFO - Sync 1 DAGs
[2026-08-30T11:57:09.793+0000] {logging_mixin.py:188} INFO - [2026-08-30T11:57:09.792+0000] {dag.py:3947} INFO - Setting next_dagrun for feature_pipeline to 2026-08-30 11:00:00+00:00, run_after=2026-08-30 12:00:00+00:00
[2026-08-30T11:57:09.833+0000] {processor.py:183} INFO - Processing /opt/airflow/dags/feature_pipeline_dag.py took 2.117 seconds
[2026-08-30T11:57:40.162+0000] {processor.py:161} INFO - Started process (PID=3592) to work on /opt/airflow/dags/feature_pipeline_dag.py
[2026-08-30T11:57:40.165+0000] {processor.py:830} INFO - Processing file /opt/airflow/dags/feature_pipeline_dag.py for tasks to queue
[2026-08-30T11:57:40.171+0000] {logging_mixin.py:188} INFO - [2026-08-30T11:57:40.170+0000] {dagbag.py:545} INFO - Filling up the DagBag from /opt/airflow/dags/feature_pipeline_dag.py
[2026-08-30T11:57:41.915+0000] {processor.py:840} INFO - DAG(s) 'feature_pipeline' retrieved from /opt/airflow/dags/feature_pipeline_dag.py
[2026-08-30T11:57:41.967+0000] {logging_mixin.py:188} INFO - [2026-08-30T11:57:41.967+0000] {dag.py:3089} INFO - Sync 1 DAGs
[2026-08-30T11:57:42.008+0000] {logging_mixin.py:188} INFO - [2026-08-30T11:57:42.007+0000] {dag.py:3947} INFO - Setting next_dagrun for feature_pipeline to 2026-08-30 11:00:00+00:00, run_after=2026-08-30 12:00:00+00:00
[2026-08-30T11:57:42.048+0000] {processor.py:183} INFO - Processing /opt/airflow/dags/feature_pipeline_dag.py took 1.904 seconds
[2026-08-30T11:58:13.051+0000] {processor.py:161} INFO - Started process (PID=3622) to work on /opt/airflow/dags/feature_pipeline_dag.py
[2026-08-30T11:58:13.054+0000] {processor.py:830} INFO - Processing file /opt/airflow/dags/feature_pipeline_dag.py for tasks to queue
[2026-08-30T11:58:13.060+0000] {logging_mixin.py:188} INFO - [2026-08-30T11:58:13.059+0000] {dagbag.py:545} INFO - Filling up the DagBag from /opt/airflow/dags/feature_pipeline_dag.py
[2026-08-30T11:58:14.795+0000] {processor.py:840} INFO - DAG(s) 'feature_pipeline' retrieved from /opt/airflow/dags/feature_pipeline_dag.py
[2026-08-30T11:58:14.845+0000] {logging_mixin.py:188} INFO - [2026-08-30T11:58:14.844+0000] {dag.py:3089} INFO - Sync 1 DAGs
[2026-08-30T11:58:14.890+0000] {logging_mixin.py:188} INFO - [2026-08-30T11:58:14.889+0000] {dag.py:3947} INFO - Setting next_dagrun for feature_pipeline to 2026-08-30 11:00:00+00:00, run_after=2026-08-30 12:00:00+00:00
[2026-08-30T11:58:14.928+0000] {processor.py:183} INFO - Processing /opt/airflow/dags/feature_pipeline_dag.py took 1.899 seconds
[2026-08-30T11:58:45.168+0000] {processor.py:161} INFO - Started process (PID=3652) to work on /opt/airflow/dags/feature_pipeline_dag.py
[2026-08-30T11:58:45.171+0000] {processor.py:830} INFO - Processing file /opt/airflow/dags/feature_pipeline_dag.py for tasks to queue
[2026-08-30T11:58:45.175+0000] {logging_mixin.py:188} INFO - [2026-08-30T11:58:45.174+0000] {dagbag.py:545} INFO - Filling up the DagBag from /opt/airflow/dags/feature_pipeline_dag.py
[2026-08-30T11:58:46.785+0000] {processor.py:840} INFO - DAG(s) 'feature_pipeline' retrieved from /opt/airflow/dags/feature_pipeline_dag.py
[2026-08-30T11:58:46.849+0000] {logging_mixin.py:188} INFO - [2026-08-30T11:58:46.848+0000] {dag.py:3089} INFO - Sync 1 DAGs
[2026-08-30T11:58:47.293+0000] {logging_mixin.py:188} INFO - [2026-08-30T11:58:47.293+0000] {dag.py:3947} INFO - Setting next_dagrun for feature_pipeline to 2026-08-30 11:00:00+00:00, run_after=2026-08-30 12:00:00+00:00
[2026-08-30T11:58:47.339+0000] {processor.py:183} INFO - Processing /opt/airflow/dags/feature_pipeline_dag.py took 2.188 seconds
[2026-08-30T11:59:17.994+0000] {processor.py:161} INFO - Started process (PID=3682) to work on /opt/airflow/dags/feature_pipeline_dag.py
[2026-08-30T11:59:17.997+0000] {processor.py:830} INFO - Processing file /opt/airflow/dags/feature_pipeline_dag.py for tasks to queue
[2026-08-30T11:59:18.004+0000] {logging_mixin.py:188} INFO - [2026-08-30T11:59:18.003+0000] {dagbag.py:545} INFO - Filling up the DagBag from /opt/airflow/dags/feature_pipeline_dag.py
[2026-08-30T11:59:19.464+0000] {processor.py:840} INFO - DAG(s) 'feature_pipeline' retrieved from /opt/airflow/dags/feature_pipeline_dag.py
[2026-08-30T11:59:19.905+0000] {logging_mixin.py:188} INFO - [2026-08-30T11:59:19.904+0000] {dag.py:3089} INFO - Sync 1 DAGs
[2026-08-30T11:59:19.949+0000] {logging_mixin.py:188} INFO - [2026-08-30T11:59:19.949+0000] {dag.py:3947} INFO - Setting next_dagrun for feature_pipeline to 2026-08-30 11:00:00+00:00, run_after=2026-08-30 12:00:00+00:00
[2026-08-30T11:59:19.991+0000] {processor.py:183} INFO - Processing /opt/airflow/dags/feature_pipeline_dag.py took 2.017 seconds
[2026-08-30T11:59:50.612+0000] {processor.py:161} INFO - Started process (PID=3712) to work on /opt/airflow/dags/feature_pipeline_dag.py
[2026-08-30T11:59:50.614+0000] {processor.py:830} INFO - Processing file /opt/airflow/dags/feature_pipeline_dag.py for tasks to queue
[2026-08-30T11:59:50.619+0000] {logging_mixin.py:188} INFO - [2026-08-30T11:59:50.618+0000] {dagbag.py:545} INFO - Filling up the DagBag from /opt/airflow/dags/feature_pipeline_dag.py
[2026-08-30T11:59:52.579+0000] {processor.py:840} INFO - DAG(s) 'feature_pipeline' retrieved from /opt/airflow/dags/feature_pipeline_dag.py
[2026-08-30T11:59:52.635+0000] {logging_mixin.py:188} INFO - [2026-08-30T11:59:52.634+0000] {dag.py:3089} INFO - Sync 1 DAGs
[2026-08-30T11:59:52.676+0000] {logging_mixin.py:188} INFO - [2026-08-30T11:59:52.676+0000] {dag.py:3947} INFO - Setting next_dagrun for feature_pipeline to 2026-08-30 11:00:00+00:00, run_after=2026-08-30 12:00:00+00:00
[2026-08-30T11:59:52.714+0000] {processor.py:183} INFO - Processing /opt/airflow/dags/feature_pipeline_dag.py took 2.120 seconds
[2026-08-30T12:00:23.476+0000] {processor.py:161} INFO - Started process (PID=3748) to work on /opt/airflow/dags/feature_pipeline_dag.py
[2026-08-30T12:00:23.479+0000] {processor.py:830} INFO - Processing file /opt/airflow/dags/feature_pipeline_dag.py for tasks to queue
[2026-08-30T12:00:23.487+0000] {logging_mixin.py:188} INFO - [2026-08-30T12:00:23.486+0000] {dagbag.py:545} INFO - Filling up the DagBag from /opt/airflow/dags/feature_pipeline_dag.py
[2026-08-30T12:00:23.406+0000] {processor.py:840} INFO - DAG(s) 'feature_pipeline' retrieved from /opt/airflow/dags/feature_pipeline_dag.py
[2026-08-30T12:00:23.465+0000] {logging_mixin.py:188} INFO - [2026-08-30T12:00:23.464+0000] {dag.py:3089} INFO - Sync 1 DAGs
[2026-08-30T12:00:23.514+0000] {logging_mixin.py:188} INFO - [2026-08-30T12:00:23.514+0000] {dag.py:3947} INFO - Setting next_dagrun for feature_pipeline to 2026-08-30 12:00:00+00:00, run_after=2026-08-30 13:00:00+00:00
[2026-08-30T12:00:23.556+0000] {processor.py:183} INFO - Processing /opt/airflow/dags/feature_pipeline_dag.py took 2.403 seconds
[2026-08-30T12:00:54.635+0000] {processor.py:161} INFO - Started process (PID=3797) to work on /opt/airflow/dags/feature_pipeline_dag.py
[2026-08-30T12:00:54.645+0000] {processor.py:830} INFO - Processing file /opt/airflow/dags/feature_pipeline_dag.py for tasks to queue
[2026-08-30T12:00:54.649+0000] {logging_mixin.py:188} INFO - [2026-08-30T12:00:54.649+0000] {dagbag.py:545} INFO - Filling up the DagBag from /opt/airflow/dags/feature_pipeline_dag.py
[2026-08-30T12:00:56.817+0000] {processor.py:840} INFO - DAG(s) 'feature_pipeline' retrieved from /opt/airflow/dags/feature_pipeline_dag.py
[2026-08-30T12:00:56.881+0000] {logging_mixin.py:188} INFO - [2026-08-30T12:00:56.880+0000] {dag.py:3089} INFO - Sync 1 DAGs
[2026-08-30T12:00:56.946+0000] {logging_mixin.py:188} INFO - [2026-08-30T12:00:56.946+0000] {dag.py:3947} INFO - Setting next_dagrun for feature_pipeline to 2026-08-30 12:00:00+00:00, run_after=2026-08-30 13:00:00+00:00
[2026-08-30T12:00:56.992+0000] {processor.py:183} INFO - Processing /opt/airflow/dags/feature_pipeline_dag.py took 2.374 seconds
[2026-08-30T12:01:28.078+0000] {processor.py:161} INFO - Started process (PID=3842) to work on /opt/airflow/dags/feature_pipeline_dag.py
[2026-08-30T12:01:28.080+0000] {processor.py:830} INFO - Processing file /opt/airflow/dags/feature_pipeline_dag.py for tasks to queue
[2026-08-30T12:01:28.084+0000] {logging_mixin.py:188} INFO - [2026-08-30T12:01:28.083+0000] {dagbag.py:545} INFO - Filling up the DagBag from /opt/airflow/dags/feature_pipeline_dag.py
[2026-08-30T12:01:30.084+0000] {processor.py:840} INFO - DAG(s) 'feature_pipeline' retrieved from /opt/airflow/dags/feature_pipeline_dag.py
[2026-08-30T12:01:30.146+0000] {logging_mixin.py:188} INFO - [2026-08-30T12:01:30.145+0000] {dag.py:3089} INFO - Sync 1 DAGs
[2026-08-30T12:01:30.205+0000] {logging_mixin.py:188} INFO - [2026-08-30T12:01:30.204+0000] {dag.py:3947} INFO - Setting next_dagrun for feature_pipeline to 2026-08-30 12:00:00+00:00, run_after=2026-08-30 13:00:00+00:00
[2026-08-30T12:01:30.250+0000] {processor.py:183} INFO - Processing /opt/airflow/dags/feature_pipeline_dag.py took 2.187 seconds
[2026-08-30T12:02:01.118+0000] {processor.py:161} INFO - Started process (PID=3889) to work on /opt/airflow/dags/feature_pipeline_dag.py
[2026-08-30T12:02:01.125+0000] {processor.py:830} INFO - Processing file /opt/airflow/dags/feature_pipeline_dag.py for tasks to queue
[2026-08-30T12:02:01.163+0000] {logging_mixin.py:188} INFO - [2026-08-30T12:02:01.162+0000] {dagbag.py:545} INFO - Filling up the DagBag from /opt/airflow/dags/feature_pipeline_dag.py
[2026-08-30T12:02:03.142+0000] {processor.py:840} INFO - DAG(s) 'feature_pipeline' retrieved from /opt/airflow/dags/feature_pipeline_dag.py
[2026-08-30T12:02:03.483+0000] {logging_mixin.py:188} INFO - [2026-08-30T12:02:03.482+0000] {dag.py:3089} INFO - Sync 1 DAGs
[2026-08-30T12:02:03.545+0000] {logging_mixin.py:188} INFO - [2026-08-30T12:02:03.544+0000] {dag.py:3947} INFO - Setting next_dagrun for feature_pipeline to 2026-08-30 12:00:00+00:00, run_after=2026-08-30 13:00:00+00:00
[2026-08-30T12:02:03.584+0000] {processor.py:183} INFO - Processing /opt/airflow/dags/feature_pipeline_dag.py took 2.747 seconds
[2026-08-30T12:02:34.157+0000] {processor.py:161} INFO - Started process (PID=3923) to work on /opt/airflow/dags/feature_pipeline_dag.py
[2026-08-30T12:02:34.160+0000] {processor.py:830} INFO - Processing file /opt/airflow/dags/feature_pipeline_dag.py for tasks to queue
[2026-08-30T12:02:34.165+0000] {logging_mixin.py:188} INFO - [2026-08-30T12:02:34.164+0000] {dagbag.py:545} INFO - Filling up the DagBag from /opt/airflow/dags/feature_pipeline_dag.py
[2026-08-30T12:02:36.887+0000] {processor.py:840} INFO - DAG(s) 'feature_pipeline' retrieved from /opt/airflow/dags/feature_pipeline_dag.py
[2026-08-30T12:02:37.142+0000] {logging_mixin.py:188} INFO - [2026-08-30T12:02:37.141+0000] {dag.py:3089} INFO - Sync 1 DAGs
[2026-08-30T12:02:37.390+0000] {logging_mixin.py:188} INFO - [2026-08-30T12:02:37.389+0000] {dag.py:3947} INFO - Setting next_dagrun for feature_pipeline to 2026-08-30 12:00:00+00:00, run_after=2026-08-30 13:00:00+00:00
[2026-08-30T12:02:37.441+0000] {processor.py:183} INFO - Processing /opt/airflow/dags/feature_pipeline_dag.py took 3.298 seconds
[2026-08-30T12:03:08.348+0000] {processor.py:161} INFO - Started process (PID=4004) to work on /opt/airflow/dags/feature_pipeline_dag.py
[2026-08-30T12:03:08.362+0000] {processor.py:830} INFO - Processing file /opt/airflow/dags/feature_pipeline_dag.py for tasks to queue
[2026-08-30T12:03:08.382+0000] {logging_mixin.py:188} INFO - [2026-08-30T12:03:08.380+0000] {dagbag.py:545} INFO - Filling up the DagBag from /opt/airflow/dags/feature_pipeline_dag.py
[2026-08-30T12:03:11.760+0000] {processor.py:840} INFO - DAG(s) 'feature_pipeline' retrieved from /opt/airflow/dags/feature_pipeline_dag.py
[2026-08-30T12:03:12.226+0000] {logging_mixin.py:188} INFO - [2026-08-30T12:03:12.225+0000] {dag.py:3089} INFO - Sync 1 DAGs
[2026-08-30T12:03:12.399+0000] {logging_mixin.py:188} INFO - [2026-08-30T12:03:12.396+0000] {dag.py:3947} INFO - Setting next_dagrun for feature_pipeline to 2026-08-30 12:00:00+00:00, run_after=2026-08-30 13:00:00+00:00
[2026-08-30T12:03:12.457+0000] {processor.py:183} INFO - Processing /opt/airflow/dags/feature_pipeline_dag.py took 6.592 seconds
[2026-08-30T12:03:43.518+0000] {processor.py:161} INFO - Started process (PID=4031) to work on /opt/airflow/dags/feature_pipeline_dag.py
[2026-08-30T12:03:43.520+0000] {processor.py:830} INFO - Processing file /opt/airflow/dags/feature_pipeline_dag.py for tasks to queue
[2026-08-30T12:03:43.525+0000] {logging_mixin.py:188} INFO - [2026-08-30T12:03:43.524+0000] {dagbag.py:545} INFO - Filling up the DagBag from /opt/airflow/dags/feature_pipeline_dag.py
[2026-08-30T12:03:45.593+0000] {processor.py:840} INFO - DAG(s) 'feature_pipeline' retrieved from /opt/airflow/dags/feature_pipeline_dag.py
[2026-08-30T12:03:45.648+0000] {logging_mixin.py:188} INFO - [2026-08-30T12:03:45.647+0000] {dag.py:3089} INFO - Sync 1 DAGs
[2026-08-30T12:03:45.689+0000] {logging_mixin.py:188} INFO - [2026-08-30T12:03:45.688+0000] {dag.py:3947} INFO - Setting next_dagrun for feature_pipeline to 2026-08-30 12:00:00+00:00, run_after=2026-08-30 13:00:00+00:00
[2026-08-30T12:03:45.733+0000] {processor.py:183} INFO - Processing /opt/airflow/dags/feature_pipeline_dag.py took 2.233 seconds
[2026-08-30T12:04:16.899+0000] {processor.py:161} INFO - Started process (PID=4061) to work on /opt/airflow/dags/feature_pipeline_dag.py
[2026-08-30T12:04:16.902+0000] {processor.py:830} INFO - Processing file /opt/airflow/dags/feature_pipeline_dag.py for tasks to queue
[2026-08-30T12:04:16.907+0000] {logging_mixin.py:188} INFO - [2026-08-30T12:04:16.906+0000] {dagbag.py:545} INFO - Filling up the DagBag from /opt/airflow/dags/feature_pipeline_dag.py
[2026-08-30T12:04:18.861+0000] {processor.py:840} INFO - DAG(s) 'feature_pipeline' retrieved from /opt/airflow/dags/feature_pipeline_dag.py
[2026-08-30T12:04:18.921+0000] {logging_mixin.py:188} INFO - [2026-08-30T12:04:18.920+0000] {dag.py:3089} INFO - Sync 1 DAGs
[2026-08-30T12:04:18.980+0000] {logging_mixin.py:188} INFO - [2026-08-30T12:04:18.980+0000] {dag.py:3947} INFO - Setting next_dagrun for feature_pipeline to 2026-08-30 12:00:00+00:00, run_after=2026-08-30 13:00:00+00:00
[2026-08-30T12:04:19.022+0000] {processor.py:183} INFO - Processing /opt/airflow/dags/feature_pipeline_dag.py took 2.139 seconds
[2026-08-30T12:04:50.709+0000] {processor.py:161} INFO - Started process (PID=4091) to work on /opt/airflow/dags/feature_pipeline_dag.py
[2026-08-30T12:04:50.712+0000] {processor.py:830} INFO - Processing file /opt/airflow/dags/feature_pipeline_dag.py for tasks to queue
[2026-08-30T12:04:50.715+0000] {logging_mixin.py:188} INFO - [2026-08-30T12:04:50.715+0000] {dagbag.py:545} INFO - Filling up the DagBag from /opt/airflow/dags/feature_pipeline_dag.py
[2026-08-30T12:54:13.911+0000] {processor.py:161} INFO - Started process (PID=4119) to work on /opt/airflow/dags/feature_pipeline_dag.py
[2026-08-30T12:54:14.302+0000] {processor.py:830} INFO - Processing file /opt/airflow/dags/feature_pipeline_dag.py for tasks to queue
[2026-08-30T12:54:14.312+0000] {logging_mixin.py:188} INFO - [2026-08-30T12:54:14.310+0000] {dagbag.py:545} INFO - Filling up the DagBag from /opt/airflow/dags/feature_pipeline_dag.py
[2026-08-30T12:54:18.785+0000] {processor.py:840} INFO - DAG(s) 'feature_pipeline' retrieved from /opt/airflow/dags/feature_pipeline_dag.py
[2026-08-30T12:54:19.205+0000] {logging_mixin.py:188} INFO - [2026-08-30T12:54:19.203+0000] {dag.py:3089} INFO - Sync 1 DAGs
[2026-08-30T12:54:19.420+0000] {logging_mixin.py:188} INFO - [2026-08-30T12:54:19.419+0000] {dag.py:3947} INFO - Setting next_dagrun for feature_pipeline to 2026-08-30 12:00:00+00:00, run_after=2026-08-30 13:00:00+00:00
[2026-08-30T12:54:19.509+0000] {processor.py:183} INFO - Processing /opt/airflow/dags/feature_pipeline_dag.py took 5.643 seconds
[2026-08-30T12:54:50.085+0000] {processor.py:161} INFO - Started process (PID=4149) to work on /opt/airflow/dags/feature_pipeline_dag.py
[2026-08-30T12:54:50.087+0000] {processor.py:830} INFO - Processing file /opt/airflow/dags/feature_pipeline_dag.py for tasks to queue
[2026-08-30T12:54:50.092+0000] {logging_mixin.py:188} INFO - [2026-08-30T12:54:50.091+0000] {dagbag.py:545} INFO - Filling up the DagBag from /opt/airflow/dags/feature_pipeline_dag.py
[2026-08-30T12:54:51.606+0000] {processor.py:840} INFO - DAG(s) 'feature_pipeline' retrieved from /opt/airflow/dags/feature_pipeline_dag.py
[2026-08-30T12:54:51.646+0000] {logging_mixin.py:188} INFO - [2026-08-30T12:54:51.645+0000] {dag.py:3089} INFO - Sync 1 DAGs
[2026-08-30T12:54:51.674+0000] {logging_mixin.py:188} INFO - [2026-08-30T12:54:51.673+0000] {dag.py:3947} INFO - Setting next_dagrun for feature_pipeline to 2026-08-30 12:00:00+00:00, run_after=2026-08-30 13:00:00+00:00
[2026-08-30T12:54:51.704+0000] {processor.py:183} INFO - Processing /opt/airflow/dags/feature_pipeline_dag.py took 1.636 seconds
[2026-08-30T12:55:22.392+0000] {processor.py:161} INFO - Started process (PID=4179) to work on /opt/airflow/dags/feature_pipeline_dag.py
[2026-08-30T12:55:22.394+0000] {processor.py:830} INFO - Processing file /opt/airflow/dags/feature_pipeline_dag.py for tasks to queue
[2026-08-30T12:55:22.400+0000] {logging_mixin.py:188} INFO - [2026-08-30T12:55:22.400+0000] {dagbag.py:545} INFO - Filling up the DagBag from /opt/airflow/dags/feature_pipeline_dag.py
[2026-08-30T12:55:24.106+0000] {processor.py:840} INFO - DAG(s) 'feature_pipeline' retrieved from /opt/airflow/dags/feature_pipeline_dag.py
[2026-08-30T12:55:24.152+0000] {logging_mixin.py:188} INFO - [2026-08-30T12:55:24.151+0000] {dag.py:3089} INFO - Sync 1 DAGs
[2026-08-30T12:55:24.185+0000] {logging_mixin.py:188} INFO - [2026-08-30T12:55:24.184+0000] {dag.py:3947} INFO - Setting next_dagrun for feature_pipeline to 2026-08-30 12:00:00+00:00, run_after=2026-08-30 13:00:00+00:00
[2026-08-30T12:55:24.225+0000] {processor.py:183} INFO - Processing /opt/airflow/dags/feature_pipeline_dag.py took 1.851 seconds
[2026-08-30T12:55:54.610+0000] {processor.py:161} INFO - Started process (PID=4209) to work on /opt/airflow/dags/feature_pipeline_dag.py
[2026-08-30T12:55:54.613+0000] {processor.py:830} INFO - Processing file /opt/airflow/dags/feature_pipeline_dag.py for tasks to queue
[2026-08-30T12:55:54.619+0000] {logging_mixin.py:188} INFO - [2026-08-30T12:55:54.619+0000] {dagbag.py:545} INFO - Filling up the DagBag from /opt/airflow/dags/feature_pipeline_dag.py
[2026-08-30T12:55:56.545+0000] {processor.py:840} INFO - DAG(s) 'feature_pipeline' retrieved from /opt/airflow/dags/feature_pipeline_dag.py
[2026-08-30T12:55:56.605+0000] {logging_mixin.py:188} INFO - [2026-08-30T12:55:56.604+0000] {dag.py:3089} INFO - Sync 1 DAGs
[2026-08-30T12:55:56.650+0000] {logging_mixin.py:188} INFO - [2026-08-30T12:55:56.650+0000] {dag.py:3947} INFO - Setting next_dagrun for feature_pipeline to 2026-08-30 12:00:00+00:00, run_after=2026-08-30 13:00:00+00:00
[2026-08-30T12:55:56.686+0000] {processor.py:183} INFO - Processing /opt/airflow/dags/feature_pipeline_dag.py took 2.093 seconds
[2026-08-30T12:56:26.856+0000] {processor.py:161} INFO - Started process (PID=4239) to work on /opt/airflow/dags/feature_pipeline_dag.py
[2026-08-30T12:56:26.859+0000] {processor.py:830} INFO - Processing file /opt/airflow/dags/feature_pipeline_dag.py for tasks to queue
[2026-08-30T12:56:26.866+0000] {logging_mixin.py:188} INFO - [2026-08-30T12:56:26.865+0000] {dagbag.py:545} INFO - Filling up the DagBag from /opt/airflow/dags/feature_pipeline_dag.py
[2026-08-30T12:56:28.693+0000] {processor.py:840} INFO - DAG(s) 'feature_pipeline' retrieved from /opt/airflow/dags/feature_pipeline_dag.py
[2026-08-30T12:56:28.749+0000] {logging_mixin.py:188} INFO - [2026-08-30T12:56:28.748+0000] {dag.py:3089} INFO - Sync 1 DAGs
[2026-08-30T12:56:28.794+0000] {logging_mixin.py:188} INFO - [2026-08-30T12:56:28.794+0000] {dag.py:3947} INFO - Setting next_dagrun for feature_pipeline to 2026-08-30 12:00:00+00:00, run_after=2026-08-30 13:00:00+00:00
[2026-08-30T12:56:28.830+0000] {processor.py:183} INFO - Processing /opt/airflow/dags/feature_pipeline_dag.py took 1.996 seconds
[2026-08-30T12:56:59.182+0000] {processor.py:161} INFO - Started process (PID=4269) to work on /opt/airflow/dags/feature_pipeline_dag.py
[2026-08-30T12:56:59.185+0000] {processor.py:830} INFO - Processing file /opt/airflow/dags/feature_pipeline_dag.py for tasks to queue
[2026-08-30T12:56:59.189+0000] {logging_mixin.py:188} INFO - [2026-08-30T12:56:59.188+0000] {dagbag.py:545} INFO - Filling up the DagBag from /opt/airflow/dags/feature_pipeline_dag.py
[2026-08-30T12:57:00.736+0000] {processor.py:840} INFO - DAG(s) 'feature_pipeline' retrieved from /opt/airflow/dags/feature_pipeline_dag.py
[2026-08-30T12:57:01.196+0000] {logging_mixin.py:188} INFO - [2026-08-30T12:57:01.195+0000] {dag.py:3089} INFO - Sync 1 DAGs
[2026-08-30T12:57:01.243+0000] {logging_mixin.py:188} INFO - [2026-08-30T12:57:01.243+0000] {dag.py:3947} INFO - Setting next_dagrun for feature_pipeline to 2026-08-30 12:00:00+00:00, run_after=2026-08-30 13:00:00+00:00
[2026-08-30T12:57:01.281+0000] {processor.py:183} INFO - Processing /opt/airflow/dags/feature_pipeline_dag.py took 2.115 seconds
[2026-08-30T12:57:31.846+0000] {processor.py:161} INFO - Started process (PID=4299) to work on /opt/airflow/dags/feature_pipeline_dag.py
[2026-08-30T12:57:31.849+0000] {processor.py:830} INFO - Processing file /opt/airflow/dags/feature_pipeline_dag.py for tasks to queue
[2026-08-30T12:57:31.853+0000] {logging_mixin.py:188} INFO - [2026-08-30T12:57:31.853+0000] {dagbag.py:545} INFO - Filling up the DagBag from /opt/airflow/dags/feature_pipeline_dag.py
[2026-08-30T12:57:33.554+0000] {processor.py:840} INFO - DAG(s) 'feature_pipeline' retrieved from /opt/airflow/dags/feature_pipeline_dag.py
[2026-08-30T12:57:33.609+0000] {logging_mixin.py:188} INFO - [2026-08-30T12:57:33.608+0000] {dag.py:3089} INFO - Sync 1 DAGs
[2026-08-30T12:57:33.655+0000] {logging_mixin.py:188} INFO - [2026-08-30T12:57:33.654+0000] {dag.py:3947} INFO - Setting next_dagrun for feature_pipeline to 2026-08-30 12:00:00+00:00, run_after=2026-08-30 13:00:00+00:00
[2026-08-30T12:57:33.692+0000] {processor.py:183} INFO - Processing /opt/airflow/dags/feature_pipeline_dag.py took 1.864 seconds
[2026-08-30T12:59:12.757+0000] {processor.py:161} INFO - Started process (PID=4330) to work on /opt/airflow/dags/feature_pipeline_dag.py
[2026-08-30T12:59:12.925+0000] {processor.py:830} INFO - Processing file /opt/airflow/dags/feature_pipeline_dag.py for tasks to queue
[2026-08-30T12:59:12.947+0000] {logging_mixin.py:188} INFO - [2026-08-30T12:59:12.946+0000] {dagbag.py:545} INFO - Filling up the DagBag from /opt/airflow/dags/feature_pipeline_dag.py
[2026-08-30T12:59:23.512+0000] {processor.py:840} INFO - DAG(s) 'feature_pipeline' retrieved from /opt/airflow/dags/feature_pipeline_dag.py
[2026-08-30T12:59:23.597+0000] {logging_mixin.py:188} INFO - [2026-08-30T12:59:23.597+0000] {dag.py:3089} INFO - Sync 1 DAGs
[2026-08-30T12:59:23.624+0000] {logging_mixin.py:188} INFO - [2026-08-30T12:59:23.624+0000] {dag.py:3947} INFO - Setting next_dagrun for feature_pipeline to 2026-08-30 12:00:00+00:00, run_after=2026-08-30 13:00:00+00:00
[2026-08-30T12:59:23.647+0000] {processor.py:183} INFO - Processing /opt/airflow/dags/feature_pipeline_dag.py took 10.901 seconds
[2026-08-30T12:59:53.987+0000] {processor.py:161} INFO - Started process (PID=4360) to work on /opt/airflow/dags/feature_pipeline_dag.py
[2026-08-30T12:59:53.989+0000] {processor.py:830} INFO - Processing file /opt/airflow/dags/feature_pipeline_dag.py for tasks to queue
[2026-08-30T12:59:53.991+0000] {logging_mixin.py:188} INFO - [2026-08-30T12:59:53.991+0000] {dagbag.py:545} INFO - Filling up the DagBag from /opt/airflow/dags/feature_pipeline_dag.py
[2026-08-30T12:59:54.825+0000] {processor.py:840} INFO - DAG(s) 'feature_pipeline' retrieved from /opt/airflow/dags/feature_pipeline_dag.py
[2026-08-30T12:59:54.855+0000] {logging_mixin.py:188} INFO - [2026-08-30T12:59:54.854+0000] {dag.py:3089} INFO - Sync 1 DAGs
[2026-08-30T12:59:54.875+0000] {logging_mixin.py:188} INFO - [2026-08-30T12:59:54.875+0000] {dag.py:3947} INFO - Setting next_dagrun for feature_pipeline to 2026-08-30 12:00:00+00:00, run_after=2026-08-30 13:00:00+00:00
[2026-08-30T12:59:54.890+0000] {processor.py:183} INFO - Processing /opt/airflow/dags/feature_pipeline_dag.py took 0.910 seconds
[2026-08-30T13:00:25.225+0000] {processor.py:161} INFO - Started process (PID=4393) to work on /opt/airflow/dags/feature_pipeline_dag.py
[2026-08-30T13:00:25.242+0000] {processor.py:830} INFO - Processing file /opt/airflow/dags/feature_pipeline_dag.py for tasks to queue
[2026-08-30T13:00:25.245+0000] {logging_mixin.py:188} INFO - [2026-08-30T13:00:25.245+0000] {dagbag.py:545} INFO - Filling up the DagBag from /opt/airflow/dags/feature_pipeline_dag.py
[2026-08-30T13:00:26.200+0000] {processor.py:840} INFO - DAG(s) 'feature_pipeline' retrieved from /opt/airflow/dags/feature_pipeline_dag.py
[2026-08-30T13:00:26.224+0000] {logging_mixin.py:188} INFO - [2026-08-30T13:00:26.223+0000] {dag.py:3089} INFO - Sync 1 DAGs
[2026-08-30T13:00:26.252+0000] {logging_mixin.py:188} INFO - [2026-08-30T13:00:26.252+0000] {dag.py:3947} INFO - Setting next_dagrun for feature_pipeline to 2026-08-30 13:00:00+00:00, run_after=2026-08-30 14:00:00+00:00
[2026-08-30T13:00:26.274+0000] {processor.py:183} INFO - Processing /opt/airflow/dags/feature_pipeline_dag.py took 1.057 seconds
[2026-08-30T13:00:56.449+0000] {processor.py:161} INFO - Started process (PID=4423) to work on /opt/airflow/dags/feature_pipeline_dag.py
[2026-08-30T13:00:56.450+0000] {processor.py:830} INFO - Processing file /opt/airflow/dags/feature_pipeline_dag.py for tasks to queue
[2026-08-30T13:00:56.453+0000] {logging_mixin.py:188} INFO - [2026-08-30T13:00:56.452+0000] {dagbag.py:545} INFO - Filling up the DagBag from /opt/airflow/dags/feature_pipeline_dag.py
[2026-08-30T13:00:57.361+0000] {processor.py:840} INFO - DAG(s) 'feature_pipeline' retrieved from /opt/airflow/dags/feature_pipeline_dag.py
[2026-08-30T13:00:57.389+0000] {logging_mixin.py:188} INFO - [2026-08-30T13:00:57.389+0000] {dag.py:3089} INFO - Sync 1 DAGs
[2026-08-30T13:00:57.413+0000] {logging_mixin.py:188} INFO - [2026-08-30T13:00:57.413+0000] {dag.py:3947} INFO - Setting next_dagrun for feature_pipeline to 2026-08-30 13:00:00+00:00, run_after=2026-08-30 14:00:00+00:00
[2026-08-30T13:00:57.431+0000] {processor.py:183} INFO - Processing /opt/airflow/dags/feature_pipeline_dag.py took 0.994 seconds
[2026-08-30T13:01:27.693+0000] {processor.py:161} INFO - Started process (PID=4453) to work on /opt/airflow/dags/feature_pipeline_dag.py
[2026-08-30T13:01:27.694+0000] {processor.py:830} INFO - Processing file /opt/airflow/dags/feature_pipeline_dag.py for tasks to queue
[2026-08-30T13:01:27.696+0000] {logging_mixin.py:188} INFO - [2026-08-30T13:01:27.696+0000] {dagbag.py:545} INFO - Filling up the DagBag from /opt/airflow/dags/feature_pipeline_dag.py
[2026-08-30T13:01:28.443+0000] {processor.py:840} INFO - DAG(s) 'feature_pipeline' retrieved from /opt/airflow/dags/feature_pipeline_dag.py
[2026-08-30T13:01:28.467+0000] {logging_mixin.py:188} INFO - [2026-08-30T13:01:28.466+0000] {dag.py:3089} INFO - Sync 1 DAGs
[2026-08-30T13:01:28.483+0000] {logging_mixin.py:188} INFO - [2026-08-30T13:01:28.483+0000] {dag.py:3947} INFO - Setting next_dagrun for feature_pipeline to 2026-08-30 13:00:00+00:00, run_after=2026-08-30 14:00:00+00:00
[2026-08-30T13:01:28.498+0000] {processor.py:183} INFO - Processing /opt/airflow/dags/feature_pipeline_dag.py took 0.812 seconds
[2026-08-30T13:01:58.755+0000] {processor.py:161} INFO - Started process (PID=4483) to work on /opt/airflow/dags/feature_pipeline_dag.py
[2026-08-30T13:01:58.756+0000] {processor.py:830} INFO - Processing file /opt/airflow/dags/feature_pipeline_dag.py for tasks to queue
[2026-08-30T13:01:58.758+0000] {logging_mixin.py:188} INFO - [2026-08-30T13:01:58.758+0000] {dagbag.py:545} INFO - Filling up the DagBag from /opt/airflow/dags/feature_pipeline_dag.py
[2026-08-30T13:01:59.557+0000] {processor.py:840} INFO - DAG(s) 'feature_pipeline' retrieved from /opt/airflow/dags/feature_pipeline_dag.py
[2026-08-30T13:01:59.579+0000] {logging_mixin.py:188} INFO - [2026-08-30T13:01:59.579+0000] {dag.py:3089} INFO - Sync 1 DAGs
[2026-08-30T13:01:59.596+0000] {logging_mixin.py:188} INFO - [2026-08-30T13:01:59.596+0000] {dag.py:3947} INFO - Setting next_dagrun for feature_pipeline to 2026-08-30 13:00:00+00:00, run_after=2026-08-30 14:00:00+00:00
[2026-08-30T13:01:59.611+0000] {processor.py:183} INFO - Processing /opt/airflow/dags/feature_pipeline_dag.py took 0.864 seconds
[2026-08-30T13:02:29.857+0000] {processor.py:161} INFO - Started process (PID=4513) to work on /opt/airflow/dags/feature_pipeline_dag.py
[2026-08-30T13:02:29.858+0000] {processor.py:830} INFO - Processing file /opt/airflow/dags/feature_pipeline_dag.py for tasks to queue
[2026-08-30T13:02:29.860+0000] {logging_mixin.py:188} INFO - [2026-08-30T13:02:29.860+0000] {dagbag.py:545} INFO - Filling up the DagBag from /opt/airflow/dags/feature_pipeline_dag.py
[2026-08-30T13:02:30.647+0000] {processor.py:840} INFO - DAG(s) 'feature_pipeline' retrieved from /opt/airflow/dags/feature_pipeline_dag.py
[2026-08-30T13:02:30.671+0000] {logging_mixin.py:188} INFO - [2026-08-30T13:02:30.670+0000] {dag.py:3089} INFO - Sync 1 DAGs
[2026-08-30T13:02:30.688+0000] {logging_mixin.py:188} INFO - [2026-08-30T13:02:30.687+0000] {dag.py:3947} INFO - Setting next_dagrun for feature_pipeline to 2026-08-30 13:00:00+00:00, run_after=2026-08-30 14:00:00+00:00
[2026-08-30T13:02:30.706+0000] {processor.py:183} INFO - Processing /opt/airflow/dags/feature_pipeline_dag.py took 0.857 seconds
[2026-08-30T13:03:00.962+0000] {processor.py:161} INFO - Started process (PID=4543) to work on /opt/airflow/dags/feature_pipeline_dag.py
[2026-08-30T13:03:00.963+0000] {processor.py:830} INFO - Processing file /opt/airflow/dags/feature_pipeline_dag.py for tasks to queue
[2026-08-30T13:03:00.965+0000] {logging_mixin.py:188} INFO - [2026-08-30T13:03:00.965+0000] {dagbag.py:545} INFO - Filling up the DagBag from /opt/airflow/dags/feature_pipeline_dag.py
[2026-08-30T13:03:01.720+0000] {processor.py:840} INFO - DAG(s) 'feature_pipeline' retrieved from /opt/airflow/dags/feature_pipeline_dag.py
[2026-08-30T13:03:01.747+0000] {logging_mixin.py:188} INFO - [2026-08-30T13:03:01.747+0000] {dag.py:3089} INFO - Sync 1 DAGs
[2026-08-30T13:03:01.764+0000] {logging_mixin.py:188} INFO - [2026-08-30T13:03:01.764+0000] {dag.py:3947} INFO - Setting next_dagrun for feature_pipeline to 2026-08-30 13:00:00+00:00, run_after=2026-08-30 14:00:00+00:00
[2026-08-30T13:03:01.779+0000] {processor.py:183} INFO - Processing /opt/airflow/dags/feature_pipeline_dag.py took 0.823 seconds
[2026-08-30T13:03:32.039+0000] {processor.py:161} INFO - Started process (PID=4573) to work on /opt/airflow/dags/feature_pipeline_dag.py
[2026-08-30T13:03:32.040+0000] {processor.py:830} INFO - Processing file /opt/airflow/dags/feature_pipeline_dag.py for tasks to queue
[2026-08-30T13:03:32.042+0000] {logging_mixin.py:188} INFO - [2026-08-30T13:03:32.041+0000] {dagbag.py:545} INFO - Filling up the DagBag from /opt/airflow/dags/feature_pipeline_dag.py
[2026-08-30T13:03:33.203+0000] {processor.py:840} INFO - DAG(s) 'feature_pipeline' retrieved from /opt/airflow/dags/feature_pipeline_dag.py
[2026-08-30T13:03:33.227+0000] {logging_mixin.py:188} INFO - [2026-08-30T13:03:33.227+0000] {dag.py:3089} INFO - Sync 1 DAGs
[2026-08-30T13:03:33.245+0000] {logging_mixin.py:188} INFO - [2026-08-30T13:03:33.245+0000] {dag.py:3947} INFO - Setting next_dagrun for feature_pipeline to 2026-08-30 13:00:00+00:00, run_after=2026-08-30 14:00:00+00:00
[2026-08-30T13:03:33.261+0000] {processor.py:183} INFO - Processing /opt/airflow/dags/feature_pipeline_dag.py took 1.230 seconds
[2026-08-30T13:04:03.547+0000] {processor.py:161} INFO - Started process (PID=4603) to work on /opt/airflow/dags/feature_pipeline_dag.py
[2026-08-30T13:04:03.548+0000] {processor.py:830} INFO - Processing file /opt/airflow/dags/feature_pipeline_dag.py for tasks to queue
[2026-08-30T13:04:03.551+0000] {logging_mixin.py:188} INFO - [2026-08-30T13:04:03.551+0000] {dagbag.py:545} INFO - Filling up the DagBag from /opt/airflow/dags/feature_pipeline_dag.py
[2026-08-30T13:04:04.268+0000] {processor.py:840} INFO - DAG(s) 'feature_pipeline' retrieved from /opt/airflow/dags/feature_pipeline_dag.py
[2026-08-30T13:04:04.290+0000] {logging_mixin.py:188} INFO - [2026-08-30T13:04:04.290+0000] {dag.py:3089} INFO - Sync 1 DAGs
[2026-08-30T13:04:04.307+0000] {logging_mixin.py:188} INFO - [2026-08-30T13:04:04.306+0000] {dag.py:3947} INFO - Setting next_dagrun for feature_pipeline to 2026-08-30 13:00:00+00:00, run_after=2026-08-30 14:00:00+00:00
[2026-08-30T13:04:04.325+0000] {processor.py:183} INFO - Processing /opt/airflow/dags/feature_pipeline_dag.py took 0.786 seconds
[2026-08-30T13:04:34.792+0000] {processor.py:161} INFO - Started process (PID=4633) to work on /opt/airflow/dags/feature_pipeline_dag.py
[2026-08-30T13:04:34.794+0000] {processor.py:830} INFO - Processing file /opt/airflow/dags/feature_pipeline_dag.py for tasks to queue
[2026-08-30T13:04:34.796+0000] {logging_mixin.py:188} INFO - [2026-08-30T13:04:34.795+0000] {dagbag.py:545} INFO - Filling up the DagBag from /opt/airflow/dags/feature_pipeline_dag.py
[2026-08-30T13:04:35.628+0000] {processor.py:840} INFO - DAG(s) 'feature_pipeline' retrieved from /opt/airflow/dags/feature_pipeline_dag.py
[2026-08-30T13:04:35.654+0000] {logging_mixin.py:188} INFO - [2026-08-30T13:04:35.653+0000] {dag.py:3089} INFO - Sync 1 DAGs
[2026-08-30T13:04:35.671+0000] {logging_mixin.py:188} INFO - [2026-08-30T13:04:35.671+0000] {dag.py:3947} INFO - Setting next_dagrun for feature_pipeline to 2026-08-30 13:00:00+00:00, run_after=2026-08-30 14:00:00+00:00
[2026-08-30T13:04:35.685+0000] {processor.py:183} INFO - Processing /opt/airflow/dags/feature_pipeline_dag.py took 0.900 seconds
[2026-08-30T13:05:06.546+0000] {processor.py:161} INFO - Started process (PID=4664) to work on /opt/airflow/dags/feature_pipeline_dag.py
[2026-08-30T13:05:06.547+0000] {processor.py:830} INFO - Processing file /opt/airflow/dags/feature_pipeline_dag.py for tasks to queue
[2026-08-30T13:05:06.549+0000] {logging_mixin.py:188} INFO - [2026-08-30T13:05:06.548+0000] {dagbag.py:545} INFO - Filling up the DagBag from /opt/airflow/dags/feature_pipeline_dag.py
[2026-08-30T13:05:07.280+0000] {processor.py:840} INFO - DAG(s) 'feature_pipeline' retrieved from /opt/airflow/dags/feature_pipeline_dag.py
[2026-08-30T13:05:07.302+0000] {logging_mixin.py:188} INFO - [2026-08-30T13:05:07.302+0000] {dag.py:3089} INFO - Sync 1 DAGs
[2026-08-30T13:05:07.317+0000] {logging_mixin.py:188} INFO - [2026-08-30T13:05:07.317+0000] {dag.py:3947} INFO - Setting next_dagrun for feature_pipeline to 2026-08-30 13:00:00+00:00, run_after=2026-08-30 14:00:00+00:00
[2026-08-30T13:05:07.330+0000] {processor.py:183} INFO - Processing /opt/airflow/dags/feature_pipeline_dag.py took 0.792 seconds
[2026-08-30T13:05:37.936+0000] {processor.py:161} INFO - Started process (PID=4694) to work on /opt/airflow/dags/feature_pipeline_dag.py
[2026-08-30T13:05:37.937+0000] {processor.py:830} INFO - Processing file /opt/airflow/dags/feature_pipeline_dag.py for tasks to queue
[2026-08-30T13:05:37.939+0000] {logging_mixin.py:188} INFO - [2026-08-30T13:05:37.939+0000] {dagbag.py:545} INFO - Filling up the DagBag from /opt/airflow/dags/feature_pipeline_dag.py
[2026-08-30T13:05:38.648+0000] {processor.py:840} INFO - DAG(s) 'feature_pipeline' retrieved from /opt/airflow/dags/feature_pipeline_dag.py
[2026-08-30T13:05:38.668+0000] {logging_mixin.py:188} INFO - [2026-08-30T13:05:38.668+0000] {dag.py:3089} INFO - Sync 1 DAGs
[2026-08-30T13:05:38.684+0000] {logging_mixin.py:188} INFO - [2026-08-30T13:05:38.684+0000] {dag.py:3947} INFO - Setting next_dagrun for feature_pipeline to 2026-08-30 13:00:00+00:00, run_after=2026-08-30 14:00:00+00:00
[2026-08-30T13:05:38.699+0000] {processor.py:183} INFO - Processing /opt/airflow/dags/feature_pipeline_dag.py took 0.770 seconds
[2026-08-30T13:06:08.835+0000] {processor.py:161} INFO - Started process (PID=4712) to work on /opt/airflow/dags/feature_pipeline_dag.py
[2026-08-30T13:06:08.836+0000] {processor.py:830} INFO - Processing file /opt/airflow/dags/feature_pipeline_dag.py for tasks to queue
[2026-08-30T13:06:08.838+0000] {logging_mixin.py:188} INFO - [2026-08-30T13:06:08.838+0000] {dagbag.py:545} INFO - Filling up the DagBag from /opt/airflow/dags/feature_pipeline_dag.py
[2026-08-30T13:06:09.563+0000] {processor.py:840} INFO - DAG(s) 'feature_pipeline' retrieved from /opt/airflow/dags/feature_pipeline_dag.py
[2026-08-30T13:06:09.587+0000] {logging_mixin.py:188} INFO - [2026-08-30T13:06:09.586+0000] {dag.py:3089} INFO - Sync 1 DAGs
[2026-08-30T13:06:09.605+0000] {logging_mixin.py:188} INFO - [2026-08-30T13:06:09.604+0000] {dag.py:3947} INFO - Setting next_dagrun for feature_pipeline to 2026-08-30 13:00:00+00:00, run_after=2026-08-30 14:00:00+00:00
[2026-08-30T13:06:09.621+0000] {processor.py:183} INFO - Processing /opt/airflow/dags/feature_pipeline_dag.py took 0.793 seconds
[2026-08-30T13:06:40.374+0000] {processor.py:161} INFO - Started process (PID=4741) to work on /opt/airflow/dags/feature_pipeline_dag.py
[2026-08-30T13:06:40.375+0000] {processor.py:830} INFO - Processing file /opt/airflow/dags/feature_pipeline_dag.py for tasks to queue
[2026-08-30T13:06:40.377+0000] {logging_mixin.py:188} INFO - [2026-08-30T13:06:40.377+0000] {dagbag.py:545} INFO - Filling up the DagBag from /opt/airflow/dags/feature_pipeline_dag.py
[2026-08-30T13:06:41.105+0000] {processor.py:840} INFO - DAG(s) 'feature_pipeline' retrieved from /opt/airflow/dags/feature_pipeline_dag.py
[2026-08-30T13:06:41.130+0000] {logging_mixin.py:188} INFO - [2026-08-30T13:06:41.130+0000] {dag.py:3089} INFO - Sync 1 DAGs
[2026-08-30T13:06:41.152+0000] {logging_mixin.py:188} INFO - [2026-08-30T13:06:41.152+0000] {dag.py:3947} INFO - Setting next_dagrun for feature_pipeline to 2026-08-30 13:00:00+00:00, run_after=2026-08-30 14:00:00+00:00
[2026-08-30T13:06:41.170+0000] {processor.py:183} INFO - Processing /opt/airflow/dags/feature_pipeline_dag.py took 0.804 seconds
[2026-08-30T13:07:11.710+0000] {processor.py:161} INFO - Started process (PID=4768) to work on /opt/airflow/dags/feature_pipeline_dag.py
[2026-08-30T13:07:11.711+0000] {processor.py:830} INFO - Processing file /opt/airflow/dags/feature_pipeline_dag.py for tasks to queue
[2026-08-30T13:07:11.713+0000] {logging_mixin.py:188} INFO - [2026-08-30T13:07:11.713+0000] {dagbag.py:545} INFO - Filling up the DagBag from /opt/airflow/dags/feature_pipeline_dag.py
[2026-08-30T13:07:12.400+0000] {processor.py:840} INFO - DAG(s) 'feature_pipeline' retrieved from /opt/airflow/dags/feature_pipeline_dag.py
[2026-08-30T13:07:12.423+0000] {logging_mixin.py:188} INFO - [2026-08-30T13:07:12.423+0000] {dag.py:3089} INFO - Sync 1 DAGs
[2026-08-30T13:07:12.440+0000] {logging_mixin.py:188} INFO - [2026-08-30T13:07:12.440+0000] {dag.py:3947} INFO - Setting next_dagrun for feature_pipeline to 2026-08-30 13:00:00+00:00, run_after=2026-08-30 14:00:00+00:00
[2026-08-30T13:07:12.455+0000] {processor.py:183} INFO - Processing /opt/airflow/dags/feature_pipeline_dag.py took 0.753 seconds
[2026-08-30T13:07:42.565+0000] {processor.py:161} INFO - Started process (PID=4798) to work on /opt/airflow/dags/feature_pipeline_dag.py
[2026-08-30T13:07:42.566+0000] {processor.py:830} INFO - Processing file /opt/airflow/dags/feature_pipeline_dag.py for tasks to queue
[2026-08-30T13:07:42.568+0000] {logging_mixin.py:188} INFO - [2026-08-30T13:07:42.568+0000] {dagbag.py:545} INFO - Filling up the DagBag from /opt/airflow/dags/feature_pipeline_dag.py
[2026-08-30T13:07:43.265+0000] {processor.py:840} INFO - DAG(s) 'feature_pipeline' retrieved from /opt/airflow/dags/feature_pipeline_dag.py
[2026-08-30T13:07:43.286+0000] {logging_mixin.py:188} INFO - [2026-08-30T13:07:43.286+0000] {dag.py:3089} INFO - Sync 1 DAGs
[2026-08-30T13:07:43.301+0000] {logging_mixin.py:188} INFO - [2026-08-30T13:07:43.301+0000] {dag.py:3947} INFO - Setting next_dagrun for feature_pipeline to 2026-08-30 13:00:00+00:00, run_after=2026-08-30 14:00:00+00:00
[2026-08-30T13:07:43.315+0000] {processor.py:183} INFO - Processing /opt/airflow/dags/feature_pipeline_dag.py took 0.756 seconds
[2026-08-30T13:08:13.402+0000] {processor.py:161} INFO - Started process (PID=4828) to work on /opt/airflow/dags/feature_pipeline_dag.py
[2026-08-30T13:08:13.403+0000] {processor.py:830} INFO - Processing file /opt/airflow/dags/feature_pipeline_dag.py for tasks to queue
[2026-08-30T13:08:13.405+0000] {logging_mixin.py:188} INFO - [2026-08-30T13:08:13.404+0000] {dagbag.py:545} INFO - Filling up the DagBag from /opt/airflow/dags/feature_pipeline_dag.py
[2026-08-30T13:08:14.056+0000] {processor.py:840} INFO - DAG(s) 'feature_pipeline' retrieved from /opt/airflow/dags/feature_pipeline_dag.py
[2026-08-30T13:08:14.075+0000] {logging_mixin.py:188} INFO - [2026-08-30T13:08:14.075+0000] {dag.py:3089} INFO - Sync 1 DAGs
[2026-08-30T13:08:14.091+0000] {logging_mixin.py:188} INFO - [2026-08-30T13:08:14.090+0000] {dag.py:3947} INFO - Setting next_dagrun for feature_pipeline to 2026-08-30 13:00:00+00:00, run_after=2026-08-30 14:00:00+00:00
[2026-08-30T13:08:14.103+0000] {processor.py:183} INFO - Processing /opt/airflow/dags/feature_pipeline_dag.py took 0.711 seconds
[2026-08-30T13:08:44.264+0000] {processor.py:161} INFO - Started process (PID=4858) to work on /opt/airflow/dags/feature_pipeline_dag.py
[2026-08-30T13:08:44.264+0000] {processor.py:830} INFO - Processing file /opt/airflow/dags/feature_pipeline_dag.py for tasks to queue
[2026-08-30T13:08:44.267+0000] {logging_mixin.py:188} INFO - [2026-08-30T13:08:44.266+0000] {dagbag.py:545} INFO - Filling up the DagBag from /opt/airflow/dags/feature_pipeline_dag.py
[2026-08-30T13:08:44.928+0000] {processor.py:840} INFO - DAG(s) 'feature_pipeline' retrieved from /opt/airflow/dags/feature_pipeline_dag.py
[2026-08-30T13:08:44.949+0000] {logging_mixin.py:188} INFO - [2026-08-30T13:08:44.948+0000] {dag.py:3089} INFO - Sync 1 DAGs
[2026-08-30T13:08:44.965+0000] {logging_mixin.py:188} INFO - [2026-08-30T13:08:44.965+0000] {dag.py:3947} INFO - Setting next_dagrun for feature_pipeline to 2026-08-30 13:00:00+00:00, run_after=2026-08-30 14:00:00+00:00
[2026-08-30T13:08:44.981+0000] {processor.py:183} INFO - Processing /opt/airflow/dags/feature_pipeline_dag.py took 0.724 seconds
[2026-08-30T13:09:15.174+0000] {processor.py:161} INFO - Started process (PID=4888) to work on /opt/airflow/dags/feature_pipeline_dag.py
[2026-08-30T13:09:15.175+0000] {processor.py:830} INFO - Processing file /opt/airflow/dags/feature_pipeline_dag.py for tasks to queue
[2026-08-30T13:09:15.178+0000] {logging_mixin.py:188} INFO - [2026-08-30T13:09:15.178+0000] {dagbag.py:545} INFO - Filling up the DagBag from /opt/airflow/dags/feature_pipeline_dag.py
[2026-08-30T13:09:15.878+0000] {processor.py:840} INFO - DAG(s) 'feature_pipeline' retrieved from /opt/airflow/dags/feature_pipeline_dag.py
[2026-08-30T13:09:15.901+0000] {logging_mixin.py:188} INFO - [2026-08-30T13:09:15.901+0000] {dag.py:3089} INFO - Sync 1 DAGs
[2026-08-30T13:09:15.921+0000] {logging_mixin.py:188} INFO - [2026-08-30T13:09:15.920+0000] {dag.py:3947} INFO - Setting next_dagrun for feature_pipeline to 2026-08-30 13:00:00+00:00, run_after=2026-08-30 14:00:00+00:00
[2026-08-30T13:09:15.936+0000] {processor.py:183} INFO - Processing /opt/airflow/dags/feature_pipeline_dag.py took 0.769 seconds
[2026-08-30T13:09:46.261+0000] {processor.py:161} INFO - Started process (PID=4918) to work on /opt/airflow/dags/feature_pipeline_dag.py
[2026-08-30T13:09:46.262+0000] {processor.py:830} INFO - Processing file /opt/airflow/dags/feature_pipeline_dag.py for tasks to queue
[2026-08-30T13:09:46.264+0000] {logging_mixin.py:188} INFO - [2026-08-30T13:09:46.264+0000] {dagbag.py:545} INFO - Filling up the DagBag from /opt/airflow/dags/feature_pipeline_dag.py
[2026-08-30T13:09:46.940+0000] {processor.py:840} INFO - DAG(s) 'feature_pipeline' retrieved from /opt/airflow/dags/feature_pipeline_dag.py
[2026-08-30T13:09:46.960+0000] {logging_mixin.py:188} INFO - [2026-08-30T13:09:46.959+0000] {dag.py:3089} INFO - Sync 1 DAGs
[2026-08-30T13:09:46.975+0000] {logging_mixin.py:188} INFO - [2026-08-30T13:09:46.975+0000] {dag.py:3947} INFO - Setting next_dagrun for feature_pipeline to 2026-08-30 13:00:00+00:00, run_after=2026-08-30 14:00:00+00:00
[2026-08-30T13:09:46.990+0000] {processor.py:183} INFO - Processing /opt/airflow/dags/feature_pipeline_dag.py took 0.738 seconds
[2026-08-30T13:10:17.638+0000] {processor.py:161} INFO - Started process (PID=4948) to work on /opt/airflow/dags/feature_pipeline_dag.py
[2026-08-30T13:10:17.640+0000] {processor.py:830} INFO - Processing file /opt/airflow/dags/feature_pipeline_dag.py for tasks to queue
[2026-08-30T13:10:17.642+0000] {logging_mixin.py:188} INFO - [2026-08-30T13:10:17.641+0000] {dagbag.py:545} INFO - Filling up the DagBag from /opt/airflow/dags/feature_pipeline_dag.py
[2026-08-30T13:10:18.338+0000] {processor.py:840} INFO - DAG(s) 'feature_pipeline' retrieved from /opt/airflow/dags/feature_pipeline_dag.py
[2026-08-30T13:10:18.360+0000] {logging_mixin.py:188} INFO - [2026-08-30T13:10:18.360+0000] {dag.py:3089} INFO - Sync 1 DAGs
[2026-08-30T13:10:18.376+0000] {logging_mixin.py:188} INFO - [2026-08-30T13:10:18.376+0000] {dag.py:3947} INFO - Setting next_dagrun for feature_pipeline to 2026-08-30 13:00:00+00:00, run_after=2026-08-30 14:00:00+00:00
[2026-08-30T13:10:18.394+0000] {processor.py:183} INFO - Processing /opt/airflow/dags/feature_pipeline_dag.py took 0.765 seconds
[2026-08-30T13:10:48.522+0000] {processor.py:161} INFO - Started process (PID=4978) to work on /opt/airflow/dags/feature_pipeline_dag.py
[2026-08-30T13:10:48.523+0000] {processor.py:830} INFO - Processing file /opt/airflow/dags/feature_pipeline_dag.py for tasks to queue
[2026-08-30T13:10:48.525+0000] {logging_mixin.py:188} INFO - [2026-08-30T13:10:48.524+0000] {dagbag.py:545} INFO - Filling up the DagBag from /opt/airflow/dags/feature_pipeline_dag.py
[2026-08-30T13:10:49.236+0000] {processor.py:840} INFO - DAG(s) 'feature_pipeline' retrieved from /opt/airflow/dags/feature_pipeline_dag.py
[2026-08-30T13:10:49.260+0000] {logging_mixin.py:188} INFO - [2026-08-30T13:10:49.260+0000] {dag.py:3089} INFO - Sync 1 DAGs
[2026-08-30T13:10:49.279+0000] {logging_mixin.py:188} INFO - [2026-08-30T13:10:49.279+0000] {dag.py:3947} INFO - Setting next_dagrun for feature_pipeline to 2026-08-30 13:00:00+00:00, run_after=2026-08-30 14:00:00+00:00
[2026-08-30T13:10:49.297+0000] {processor.py:183} INFO - Processing /opt/airflow/dags/feature_pipeline_dag.py took 0.783 seconds
[2026-08-30T13:11:19.637+0000] {processor.py:161} INFO - Started process (PID=5008) to work on /opt/airflow/dags/feature_pipeline_dag.py
[2026-08-30T13:11:19.638+0000] {processor.py:830} INFO - Processing file /opt/airflow/dags/feature_pipeline_dag.py for tasks to queue
[2026-08-30T13:11:19.640+0000] {logging_mixin.py:188} INFO - [2026-08-30T13:11:19.640+0000] {dagbag.py:545} INFO - Filling up the DagBag from /opt/airflow/dags/feature_pipeline_dag.py
[2026-08-30T13:11:20.455+0000] {processor.py:840} INFO - DAG(s) 'feature_pipeline' retrieved from /opt/airflow/dags/feature_pipeline_dag.py
[2026-08-30T13:11:20.482+0000] {logging_mixin.py:188} INFO - [2026-08-30T13:11:20.481+0000] {dag.py:3089} INFO - Sync 1 DAGs
[2026-08-30T13:11:20.502+0000] {logging_mixin.py:188} INFO - [2026-08-30T13:11:20.502+0000] {dag.py:3947} INFO - Setting next_dagrun for feature_pipeline to 2026-08-30 13:00:00+00:00, run_after=2026-08-30 14:00:00+00:00
[2026-08-30T13:11:20.534+0000] {processor.py:183} INFO - Processing /opt/airflow/dags/feature_pipeline_dag.py took 0.904 seconds
[2026-08-30T13:11:50.844+0000] {processor.py:161} INFO - Started process (PID=5038) to work on /opt/airflow/dags/feature_pipeline_dag.py
[2026-08-30T13:11:50.846+0000] {processor.py:830} INFO - Processing file /opt/airflow/dags/feature_pipeline_dag.py for tasks to queue
[2026-08-30T13:11:50.848+0000] {logging_mixin.py:188} INFO - [2026-08-30T13:11:50.848+0000] {dagbag.py:545} INFO - Filling up the DagBag from /opt/airflow/dags/feature_pipeline_dag.py
[2026-08-30T13:11:51.628+0000] {processor.py:840} INFO - DAG(s) 'feature_pipeline' retrieved from /opt/airflow/dags/feature_pipeline_dag.py
[2026-08-30T13:11:51.653+0000] {logging_mixin.py:188} INFO - [2026-08-30T13:11:51.653+0000] {dag.py:3089} INFO - Sync 1 DAGs
[2026-08-30T13:11:51.673+0000] {logging_mixin.py:188} INFO - [2026-08-30T13:11:51.673+0000] {dag.py:3947} INFO - Setting next_dagrun for feature_pipeline to 2026-08-30 13:00:00+00:00, run_after=2026-08-30 14:00:00+00:00
[2026-08-30T13:11:51.693+0000] {processor.py:183} INFO - Processing /opt/airflow/dags/feature_pipeline_dag.py took 0.857 seconds
[2026-08-30T13:12:21.796+0000] {processor.py:161} INFO - Started process (PID=5068) to work on /opt/airflow/dags/feature_pipeline_dag.py
[2026-08-30T13:12:21.797+0000] {processor.py:830} INFO - Processing file /opt/airflow/dags/feature_pipeline_dag.py for tasks to queue
[2026-08-30T13:12:21.799+0000] {logging_mixin.py:188} INFO - [2026-08-30T13:12:21.799+0000] {dagbag.py:545} INFO - Filling up the DagBag from /opt/airflow/dags/feature_pipeline_dag.py
[2026-08-30T13:12:22.443+0000] {processor.py:840} INFO - DAG(s) 'feature_pipeline' retrieved from /opt/airflow/dags/feature_pipeline_dag.py
[2026-08-30T13:12:22.464+0000] {logging_mixin.py:188} INFO - [2026-08-30T13:12:22.464+0000] {dag.py:3089} INFO - Sync 1 DAGs
[2026-08-30T13:12:22.481+0000] {logging_mixin.py:188} INFO - [2026-08-30T13:12:22.481+0000] {dag.py:3947} INFO - Setting next_dagrun for feature_pipeline to 2026-08-30 13:00:00+00:00, run_after=2026-08-30 14:00:00+00:00
[2026-08-30T13:12:22.497+0000] {processor.py:183} INFO - Processing /opt/airflow/dags/feature_pipeline_dag.py took 0.708 seconds
[2026-08-30T13:12:52.785+0000] {processor.py:161} INFO - Started process (PID=5098) to work on /opt/airflow/dags/feature_pipeline_dag.py
[2026-08-30T13:12:52.786+0000] {processor.py:830} INFO - Processing file /opt/airflow/dags/feature_pipeline_dag.py for tasks to queue
[2026-08-30T13:12:52.788+0000] {logging_mixin.py:188} INFO - [2026-08-30T13:12:52.787+0000] {dagbag.py:545} INFO - Filling up the DagBag from /opt/airflow/dags/feature_pipeline_dag.py
[2026-08-30T13:12:53.554+0000] {processor.py:840} INFO - DAG(s) 'feature_pipeline' retrieved from /opt/airflow/dags/feature_pipeline_dag.py
[2026-08-30T13:12:53.581+0000] {logging_mixin.py:188} INFO - [2026-08-30T13:12:53.580+0000] {dag.py:3089} INFO - Sync 1 DAGs
[2026-08-30T13:12:53.599+0000] {logging_mixin.py:188} INFO - [2026-08-30T13:12:53.598+0000] {dag.py:3947} INFO - Setting next_dagrun for feature_pipeline to 2026-08-30 13:00:00+00:00, run_after=2026-08-30 14:00:00+00:00
[2026-08-30T13:12:53.614+0000] {processor.py:183} INFO - Processing /opt/airflow/dags/feature_pipeline_dag.py took 0.837 seconds
[2026-08-30T13:13:23.797+0000] {processor.py:161} INFO - Started process (PID=5128) to work on /opt/airflow/dags/feature_pipeline_dag.py
[2026-08-30T13:13:23.798+0000] {processor.py:830} INFO - Processing file /opt/airflow/dags/feature_pipeline_dag.py for tasks to queue
[2026-08-30T13:13:23.800+0000] {logging_mixin.py:188} INFO - [2026-08-30T13:13:23.799+0000] {dagbag.py:545} INFO - Filling up the DagBag from /opt/airflow/dags/feature_pipeline_dag.py
[2026-08-30T13:13:24.486+0000] {processor.py:840} INFO - DAG(s) 'feature_pipeline' retrieved from /opt/airflow/dags/feature_pipeline_dag.py
[2026-08-30T13:13:24.507+0000] {logging_mixin.py:188} INFO - [2026-08-30T13:13:24.507+0000] {dag.py:3089} INFO - Sync 1 DAGs
[2026-08-30T13:13:24.522+0000] {logging_mixin.py:188} INFO - [2026-08-30T13:13:24.522+0000] {dag.py:3947} INFO - Setting next_dagrun for feature_pipeline to 2026-08-30 13:00:00+00:00, run_after=2026-08-30 14:00:00+00:00
[2026-08-30T13:13:24.535+0000] {processor.py:183} INFO - Processing /opt/airflow/dags/feature_pipeline_dag.py took 0.746 seconds
[2026-08-30T13:13:54.619+0000] {processor.py:161} INFO - Started process (PID=5158) to work on /opt/airflow/dags/feature_pipeline_dag.py
[2026-08-30T13:13:54.620+0000] {processor.py:830} INFO - Processing file /opt/airflow/dags/feature_pipeline_dag.py for tasks to queue
[2026-08-30T13:13:54.622+0000] {logging_mixin.py:188} INFO - [2026-08-30T13:13:54.622+0000] {dagbag.py:545} INFO - Filling up the DagBag from /opt/airflow/dags/feature_pipeline_dag.py
[2026-08-30T13:13:55.281+0000] {processor.py:840} INFO - DAG(s) 'feature_pipeline' retrieved from /opt/airflow/dags/feature_pipeline_dag.py
[2026-08-30T13:13:55.300+0000] {logging_mixin.py:188} INFO - [2026-08-30T13:13:55.300+0000] {dag.py:3089} INFO - Sync 1 DAGs
[2026-08-30T13:13:55.316+0000] {logging_mixin.py:188} INFO - [2026-08-30T13:13:55.315+0000] {dag.py:3947} INFO - Setting next_dagrun for feature_pipeline to 2026-08-30 13:00:00+00:00, run_after=2026-08-30 14:00:00+00:00
[2026-08-30T13:13:55.330+0000] {processor.py:183} INFO - Processing /opt/airflow/dags/feature_pipeline_dag.py took 0.717 seconds
[2026-08-30T13:49:54.615+0000] {processor.py:161} INFO - Started process (PID=5175) to work on /opt/airflow/dags/feature_pipeline_dag.py
[2026-08-30T13:49:54.617+0000] {processor.py:830} INFO - Processing file /opt/airflow/dags/feature_pipeline_dag.py for tasks to queue
[2026-08-30T13:49:54.621+0000] {logging_mixin.py:188} INFO - [2026-08-30T13:49:54.620+0000] {dagbag.py:545} INFO - Filling up the DagBag from /opt/airflow/dags/feature_pipeline_dag.py
[2026-08-30T13:49:56.398+0000] {processor.py:840} INFO - DAG(s) 'feature_pipeline' retrieved from /opt/airflow/dags/feature_pipeline_dag.py
[2026-08-30T13:49:56.475+0000] {logging_mixin.py:188} INFO - [2026-08-30T13:49:56.474+0000] {dag.py:3089} INFO - Sync 1 DAGs
[2026-08-30T13:49:56.534+0000] {logging_mixin.py:188} INFO - [2026-08-30T13:49:56.533+0000] {dag.py:3947} INFO - Setting next_dagrun for feature_pipeline to 2026-08-30 13:00:00+00:00, run_after=2026-08-30 14:00:00+00:00
[2026-08-30T13:49:56.589+0000] {processor.py:183} INFO - Processing /opt/airflow/dags/feature_pipeline_dag.py took 1.990 seconds
[2026-08-30T13:50:28.188+0000] {processor.py:161} INFO - Started process (PID=5204) to work on /opt/airflow/dags/feature_pipeline_dag.py
[2026-08-30T13:50:28.194+0000] {processor.py:830} INFO - Processing file /opt/airflow/dags/feature_pipeline_dag.py for tasks to queue
[2026-08-30T13:50:28.201+0000] {logging_mixin.py:188} INFO - [2026-08-30T13:50:28.199+0000] {dagbag.py:545} INFO - Filling up the DagBag from /opt/airflow/dags/feature_pipeline_dag.py
[2026-08-30T13:50:30.067+0000] {processor.py:840} INFO - DAG(s) 'feature_pipeline' retrieved from /opt/airflow/dags/feature_pipeline_dag.py
[2026-08-30T13:50:30.129+0000] {logging_mixin.py:188} INFO - [2026-08-30T13:50:30.128+0000] {dag.py:3089} INFO - Sync 1 DAGs
[2026-08-30T13:50:30.167+0000] {logging_mixin.py:188} INFO - [2026-08-30T13:50:30.166+0000] {dag.py:3947} INFO - Setting next_dagrun for feature_pipeline to 2026-08-30 13:00:00+00:00, run_after=2026-08-30 14:00:00+00:00
[2026-08-30T13:50:30.228+0000] {processor.py:183} INFO - Processing /opt/airflow/dags/feature_pipeline_dag.py took 2.054 seconds
[2026-08-30T13:51:00.802+0000] {processor.py:161} INFO - Started process (PID=5228) to work on /opt/airflow/dags/feature_pipeline_dag.py
[2026-08-30T13:51:00.807+0000] {processor.py:830} INFO - Processing file /opt/airflow/dags/feature_pipeline_dag.py for tasks to queue
[2026-08-30T13:51:00.816+0000] {logging_mixin.py:188} INFO - [2026-08-30T13:51:00.814+0000] {dagbag.py:545} INFO - Filling up the DagBag from /opt/airflow/dags/feature_pipeline_dag.py
[2026-08-30T13:51:02.744+0000] {processor.py:840} INFO - DAG(s) 'feature_pipeline' retrieved from /opt/airflow/dags/feature_pipeline_dag.py
[2026-08-30T13:51:02.796+0000] {logging_mixin.py:188} INFO - [2026-08-30T13:51:02.795+0000] {dag.py:3089} INFO - Sync 1 DAGs
[2026-08-30T13:51:02.842+0000] {logging_mixin.py:188} INFO - [2026-08-30T13:51:02.842+0000] {dag.py:3947} INFO - Setting next_dagrun for feature_pipeline to 2026-08-30 13:00:00+00:00, run_after=2026-08-30 14:00:00+00:00
[2026-08-30T13:51:02.888+0000] {processor.py:183} INFO - Processing /opt/airflow/dags/feature_pipeline_dag.py took 2.116 seconds
[2026-08-30T13:51:33.374+0000] {processor.py:161} INFO - Started process (PID=5258) to work on /opt/airflow/dags/feature_pipeline_dag.py
[2026-08-30T13:51:33.378+0000] {processor.py:830} INFO - Processing file /opt/airflow/dags/feature_pipeline_dag.py for tasks to queue
[2026-08-30T13:51:33.391+0000] {logging_mixin.py:188} INFO - [2026-08-30T13:51:33.390+0000] {dagbag.py:545} INFO - Filling up the DagBag from /opt/airflow/dags/feature_pipeline_dag.py
[2026-08-30T13:51:35.263+0000] {processor.py:840} INFO - DAG(s) 'feature_pipeline' retrieved from /opt/airflow/dags/feature_pipeline_dag.py
[2026-08-30T13:51:35.315+0000] {logging_mixin.py:188} INFO - [2026-08-30T13:51:35.314+0000] {dag.py:3089} INFO - Sync 1 DAGs
[2026-08-30T13:51:35.361+0000] {logging_mixin.py:188} INFO - [2026-08-30T13:51:35.360+0000] {dag.py:3947} INFO - Setting next_dagrun for feature_pipeline to 2026-08-30 13:00:00+00:00, run_after=2026-08-30 14:00:00+00:00
[2026-08-30T13:51:35.400+0000] {processor.py:183} INFO - Processing /opt/airflow/dags/feature_pipeline_dag.py took 2.046 seconds
[2026-08-30T13:52:06.094+0000] {processor.py:161} INFO - Started process (PID=5290) to work on /opt/airflow/dags/feature_pipeline_dag.py
[2026-08-30T13:52:06.096+0000] {processor.py:830} INFO - Processing file /opt/airflow/dags/feature_pipeline_dag.py for tasks to queue
[2026-08-30T13:52:06.102+0000] {logging_mixin.py:188} INFO - [2026-08-30T13:52:06.101+0000] {dagbag.py:545} INFO - Filling up the DagBag from /opt/airflow/dags/feature_pipeline_dag.py
[2026-08-30T13:52:07.797+0000] {processor.py:840} INFO - DAG(s) 'feature_pipeline' retrieved from /opt/airflow/dags/feature_pipeline_dag.py
[2026-08-30T13:52:07.850+0000] {logging_mixin.py:188} INFO - [2026-08-30T13:52:07.850+0000] {dag.py:3089} INFO - Sync 1 DAGs
[2026-08-30T13:52:07.890+0000] {logging_mixin.py:188} INFO - [2026-08-30T13:52:07.890+0000] {dag.py:3947} INFO - Setting next_dagrun for feature_pipeline to 2026-08-30 13:00:00+00:00, run_after=2026-08-30 14:00:00+00:00
[2026-08-30T13:52:07.930+0000] {processor.py:183} INFO - Processing /opt/airflow/dags/feature_pipeline_dag.py took 1.854 seconds
[2026-08-30T13:52:38.962+0000] {processor.py:161} INFO - Started process (PID=5320) to work on /opt/airflow/dags/feature_pipeline_dag.py
[2026-08-30T13:52:38.965+0000] {processor.py:830} INFO - Processing file /opt/airflow/dags/feature_pipeline_dag.py for tasks to queue
[2026-08-30T13:52:38.970+0000] {logging_mixin.py:188} INFO - [2026-08-30T13:52:38.969+0000] {dagbag.py:545} INFO - Filling up the DagBag from /opt/airflow/dags/feature_pipeline_dag.py
[2026-08-30T13:52:40.599+0000] {processor.py:840} INFO - DAG(s) 'feature_pipeline' retrieved from /opt/airflow/dags/feature_pipeline_dag.py
[2026-08-30T13:52:40.651+0000] {logging_mixin.py:188} INFO - [2026-08-30T13:52:40.650+0000] {dag.py:3089} INFO - Sync 1 DAGs
[2026-08-30T13:52:40.688+0000] {logging_mixin.py:188} INFO - [2026-08-30T13:52:40.687+0000] {dag.py:3947} INFO - Setting next_dagrun for feature_pipeline to 2026-08-30 13:00:00+00:00, run_after=2026-08-30 14:00:00+00:00
[2026-08-30T13:52:40.724+0000] {processor.py:183} INFO - Processing /opt/airflow/dags/feature_pipeline_dag.py took 1.778 seconds
[2026-08-30T13:53:11.018+0000] {processor.py:161} INFO - Started process (PID=5348) to work on /opt/airflow/dags/feature_pipeline_dag.py
[2026-08-30T13:53:11.024+0000] {processor.py:830} INFO - Processing file /opt/airflow/dags/feature_pipeline_dag.py for tasks to queue
[2026-08-30T13:53:11.031+0000] {logging_mixin.py:188} INFO - [2026-08-30T13:53:11.030+0000] {dagbag.py:545} INFO - Filling up the DagBag from /opt/airflow/dags/feature_pipeline_dag.py
[2026-08-30T13:53:12.891+0000] {processor.py:840} INFO - DAG(s) 'feature_pipeline' retrieved from /opt/airflow/dags/feature_pipeline_dag.py
[2026-08-30T13:53:12.948+0000] {logging_mixin.py:188} INFO - [2026-08-30T13:53:12.947+0000] {dag.py:3089} INFO - Sync 1 DAGs
[2026-08-30T13:53:12.992+0000] {logging_mixin.py:188} INFO - [2026-08-30T13:53:12.991+0000] {dag.py:3947} INFO - Setting next_dagrun for feature_pipeline to 2026-08-30 13:00:00+00:00, run_after=2026-08-30 14:00:00+00:00
[2026-08-30T13:53:13.032+0000] {processor.py:183} INFO - Processing /opt/airflow/dags/feature_pipeline_dag.py took 2.047 seconds
[2026-08-30T13:53:43.628+0000] {processor.py:161} INFO - Started process (PID=5378) to work on /opt/airflow/dags/feature_pipeline_dag.py
[2026-08-30T13:53:43.633+0000] {processor.py:830} INFO - Processing file /opt/airflow/dags/feature_pipeline_dag.py for tasks to queue
[2026-08-30T13:53:43.641+0000] {logging_mixin.py:188} INFO - [2026-08-30T13:53:43.640+0000] {dagbag.py:545} INFO - Filling up the DagBag from /opt/airflow/dags/feature_pipeline_dag.py
[2026-08-30T13:53:45.507+0000] {processor.py:840} INFO - DAG(s) 'feature_pipeline' retrieved from /opt/airflow/dags/feature_pipeline_dag.py
[2026-08-30T13:53:45.566+0000] {logging_mixin.py:188} INFO - [2026-08-30T13:53:45.565+0000] {dag.py:3089} INFO - Sync 1 DAGs
[2026-08-30T13:53:45.613+0000] {logging_mixin.py:188} INFO - [2026-08-30T13:53:45.612+0000] {dag.py:3947} INFO - Setting next_dagrun for feature_pipeline to 2026-08-30 13:00:00+00:00, run_after=2026-08-30 14:00:00+00:00
[2026-08-30T13:53:45.654+0000] {processor.py:183} INFO - Processing /opt/airflow/dags/feature_pipeline_dag.py took 2.066 seconds
[2026-08-30T13:54:17.587+0000] {processor.py:161} INFO - Started process (PID=5407) to work on /opt/airflow/dags/feature_pipeline_dag.py
[2026-08-30T13:54:17.611+0000] {processor.py:830} INFO - Processing file /opt/airflow/dags/feature_pipeline_dag.py for tasks to queue
[2026-08-30T13:54:17.624+0000] {logging_mixin.py:188} INFO - [2026-08-30T13:54:17.622+0000] {dagbag.py:545} INFO - Filling up the DagBag from /opt/airflow/dags/feature_pipeline_dag.py
[2026-08-30T13:54:20.133+0000] {processor.py:840} INFO - DAG(s) 'feature_pipeline' retrieved from /opt/airflow/dags/feature_pipeline_dag.py
[2026-08-30T13:54:20.660+0000] {logging_mixin.py:188} INFO - [2026-08-30T13:54:20.659+0000] {dag.py:3089} INFO - Sync 1 DAGs
[2026-08-30T13:54:20.710+0000] {logging_mixin.py:188} INFO - [2026-08-30T13:54:20.710+0000] {dag.py:3947} INFO - Setting next_dagrun for feature_pipeline to 2026-08-30 13:00:00+00:00, run_after=2026-08-30 14:00:00+00:00
[2026-08-30T13:54:20.761+0000] {processor.py:183} INFO - Processing /opt/airflow/dags/feature_pipeline_dag.py took 3.192 seconds
[2026-08-30T13:54:51.807+0000] {processor.py:161} INFO - Started process (PID=5438) to work on /opt/airflow/dags/feature_pipeline_dag.py
[2026-08-30T13:54:51.825+0000] {processor.py:830} INFO - Processing file /opt/airflow/dags/feature_pipeline_dag.py for tasks to queue
[2026-08-30T13:54:51.830+0000] {logging_mixin.py:188} INFO - [2026-08-30T13:54:51.829+0000] {dagbag.py:545} INFO - Filling up the DagBag from /opt/airflow/dags/feature_pipeline_dag.py
[2026-08-30T13:54:54.080+0000] {processor.py:840} INFO - DAG(s) 'feature_pipeline' retrieved from /opt/airflow/dags/feature_pipeline_dag.py
[2026-08-30T13:54:54.181+0000] {logging_mixin.py:188} INFO - [2026-08-30T13:54:54.179+0000] {dag.py:3089} INFO - Sync 1 DAGs
[2026-08-30T13:54:54.244+0000] {logging_mixin.py:188} INFO - [2026-08-30T13:54:54.243+0000] {dag.py:3947} INFO - Setting next_dagrun for feature_pipeline to 2026-08-30 13:00:00+00:00, run_after=2026-08-30 14:00:00+00:00
[2026-08-30T13:54:54.297+0000] {processor.py:183} INFO - Processing /opt/airflow/dags/feature_pipeline_dag.py took 2.508 seconds
[2026-08-30T13:55:25.252+0000] {processor.py:161} INFO - Started process (PID=5470) to work on /opt/airflow/dags/feature_pipeline_dag.py
[2026-08-30T13:55:25.255+0000] {processor.py:830} INFO - Processing file /opt/airflow/dags/feature_pipeline_dag.py for tasks to queue
[2026-08-30T13:55:25.260+0000] {logging_mixin.py:188} INFO - [2026-08-30T13:55:25.259+0000] {dagbag.py:545} INFO - Filling up the DagBag from /opt/airflow/dags/feature_pipeline_dag.py
[2026-08-30T13:55:26.988+0000] {processor.py:840} INFO - DAG(s) 'feature_pipeline' retrieved from /opt/airflow/dags/feature_pipeline_dag.py
[2026-08-30T13:55:27.065+0000] {logging_mixin.py:188} INFO - [2026-08-30T13:55:27.064+0000] {dag.py:3089} INFO - Sync 1 DAGs
[2026-08-30T13:55:27.130+0000] {logging_mixin.py:188} INFO - [2026-08-30T13:55:27.129+0000] {dag.py:3947} INFO - Setting next_dagrun for feature_pipeline to 2026-08-30 13:00:00+00:00, run_after=2026-08-30 14:00:00+00:00
[2026-08-30T13:55:27.172+0000] {processor.py:183} INFO - Processing /opt/airflow/dags/feature_pipeline_dag.py took 1.935 seconds
[2026-08-30T13:55:57.635+0000] {processor.py:161} INFO - Started process (PID=5500) to work on /opt/airflow/dags/feature_pipeline_dag.py
[2026-08-30T13:55:57.638+0000] {processor.py:830} INFO - Processing file /opt/airflow/dags/feature_pipeline_dag.py for tasks to queue
[2026-08-30T13:55:57.642+0000] {logging_mixin.py:188} INFO - [2026-08-30T13:55:57.641+0000] {dagbag.py:545} INFO - Filling up the DagBag from /opt/airflow/dags/feature_pipeline_dag.py
[2026-08-30T13:55:59.256+0000] {processor.py:840} INFO - DAG(s) 'feature_pipeline' retrieved from /opt/airflow/dags/feature_pipeline_dag.py
[2026-08-30T13:55:59.307+0000] {logging_mixin.py:188} INFO - [2026-08-30T13:55:59.306+0000] {dag.py:3089} INFO - Sync 1 DAGs
[2026-08-30T13:55:59.348+0000] {logging_mixin.py:188} INFO - [2026-08-30T13:55:59.347+0000] {dag.py:3947} INFO - Setting next_dagrun for feature_pipeline to 2026-08-30 13:00:00+00:00, run_after=2026-08-30 14:00:00+00:00
[2026-08-30T13:55:59.386+0000] {processor.py:183} INFO - Processing /opt/airflow/dags/feature_pipeline_dag.py took 1.767 seconds
[2026-08-30T13:56:29.561+0000] {processor.py:161} INFO - Started process (PID=5528) to work on /opt/airflow/dags/feature_pipeline_dag.py
[2026-08-30T13:56:29.564+0000] {processor.py:830} INFO - Processing file /opt/airflow/dags/feature_pipeline_dag.py for tasks to queue
[2026-08-30T13:56:29.568+0000] {logging_mixin.py:188} INFO - [2026-08-30T13:56:29.567+0000] {dagbag.py:545} INFO - Filling up the DagBag from /opt/airflow/dags/feature_pipeline_dag.py
[2026-08-30T13:56:31.496+0000] {processor.py:840} INFO - DAG(s) 'feature_pipeline' retrieved from /opt/airflow/dags/feature_pipeline_dag.py
[2026-08-30T13:56:31.557+0000] {logging_mixin.py:188} INFO - [2026-08-30T13:56:31.556+0000] {dag.py:3089} INFO - Sync 1 DAGs
[2026-08-30T13:56:31.603+0000] {logging_mixin.py:188} INFO - [2026-08-30T13:56:31.603+0000] {dag.py:3947} INFO - Setting next_dagrun for feature_pipeline to 2026-08-30 13:00:00+00:00, run_after=2026-08-30 14:00:00+00:00
[2026-08-30T13:56:31.645+0000] {processor.py:183} INFO - Processing /opt/airflow/dags/feature_pipeline_dag.py took 2.104 seconds
[2026-08-30T13:57:03.286+0000] {processor.py:161} INFO - Started process (PID=5559) to work on /opt/airflow/dags/feature_pipeline_dag.py
[2026-08-30T13:57:03.289+0000] {processor.py:830} INFO - Processing file /opt/airflow/dags/feature_pipeline_dag.py for tasks to queue
[2026-08-30T13:57:03.296+0000] {logging_mixin.py:188} INFO - [2026-08-30T13:57:03.295+0000] {dagbag.py:545} INFO - Filling up the DagBag from /opt/airflow/dags/feature_pipeline_dag.py
[2026-08-30T13:57:05.187+0000] {processor.py:840} INFO - DAG(s) 'feature_pipeline' retrieved from /opt/airflow/dags/feature_pipeline_dag.py
[2026-08-30T13:57:05.249+0000] {logging_mixin.py:188} INFO - [2026-08-30T13:57:05.248+0000] {dag.py:3089} INFO - Sync 1 DAGs
[2026-08-30T13:57:05.300+0000] {logging_mixin.py:188} INFO - [2026-08-30T13:57:05.300+0000] {dag.py:3947} INFO - Setting next_dagrun for feature_pipeline to 2026-08-30 13:00:00+00:00, run_after=2026-08-30 14:00:00+00:00
[2026-08-30T13:57:05.343+0000] {processor.py:183} INFO - Processing /opt/airflow/dags/feature_pipeline_dag.py took 2.082 seconds
[2026-08-30T13:57:36.397+0000] {processor.py:161} INFO - Started process (PID=5577) to work on /opt/airflow/dags/feature_pipeline_dag.py
[2026-08-30T13:57:36.402+0000] {processor.py:830} INFO - Processing file /opt/airflow/dags/feature_pipeline_dag.py for tasks to queue
[2026-08-30T13:57:36.407+0000] {logging_mixin.py:188} INFO - [2026-08-30T13:57:36.406+0000] {dagbag.py:545} INFO - Filling up the DagBag from /opt/airflow/dags/feature_pipeline_dag.py
[2026-08-30T13:57:38.935+0000] {processor.py:840} INFO - DAG(s) 'feature_pipeline' retrieved from /opt/airflow/dags/feature_pipeline_dag.py
[2026-08-30T13:57:39.025+0000] {logging_mixin.py:188} INFO - [2026-08-30T13:57:39.024+0000] {dag.py:3089} INFO - Sync 1 DAGs
[2026-08-30T13:57:39.100+0000] {logging_mixin.py:188} INFO - [2026-08-30T13:57:39.099+0000] {dag.py:3947} INFO - Setting next_dagrun for feature_pipeline to 2026-08-30 13:00:00+00:00, run_after=2026-08-30 14:00:00+00:00
[2026-08-30T13:57:39.167+0000] {processor.py:183} INFO - Processing /opt/airflow/dags/feature_pipeline_dag.py took 2.793 seconds
[2026-08-30T13:58:09.788+0000] {processor.py:161} INFO - Started process (PID=5605) to work on /opt/airflow/dags/feature_pipeline_dag.py
[2026-08-30T13:58:09.791+0000] {processor.py:830} INFO - Processing file /opt/airflow/dags/feature_pipeline_dag.py for tasks to queue
[2026-08-30T13:58:09.805+0000] {logging_mixin.py:188} INFO - [2026-08-30T13:58:09.803+0000] {dagbag.py:545} INFO - Filling up the DagBag from /opt/airflow/dags/feature_pipeline_dag.py
[2026-08-30T13:58:11.813+0000] {processor.py:840} INFO - DAG(s) 'feature_pipeline' retrieved from /opt/airflow/dags/feature_pipeline_dag.py
[2026-08-30T13:58:11.873+0000] {logging_mixin.py:188} INFO - [2026-08-30T13:58:11.872+0000] {dag.py:3089} INFO - Sync 1 DAGs
[2026-08-30T13:58:11.914+0000] {logging_mixin.py:188} INFO - [2026-08-30T13:58:11.914+0000] {dag.py:3947} INFO - Setting next_dagrun for feature_pipeline to 2026-08-30 13:00:00+00:00, run_after=2026-08-30 14:00:00+00:00
[2026-08-30T13:58:11.980+0000] {processor.py:183} INFO - Processing /opt/airflow/dags/feature_pipeline_dag.py took 2.218 seconds
[2026-08-30T13:58:42.297+0000] {processor.py:161} INFO - Started process (PID=5630) to work on /opt/airflow/dags/feature_pipeline_dag.py
[2026-08-30T13:58:42.300+0000] {processor.py:830} INFO - Processing file /opt/airflow/dags/feature_pipeline_dag.py for tasks to queue
[2026-08-30T13:58:42.305+0000] {logging_mixin.py:188} INFO - [2026-08-30T13:58:42.304+0000] {dagbag.py:545} INFO - Filling up the DagBag from /opt/airflow/dags/feature_pipeline_dag.py
[2026-08-30T13:58:43.976+0000] {processor.py:840} INFO - DAG(s) 'feature_pipeline' retrieved from /opt/airflow/dags/feature_pipeline_dag.py
[2026-08-30T13:58:44.044+0000] {logging_mixin.py:188} INFO - [2026-08-30T13:58:44.044+0000] {dag.py:3089} INFO - Sync 1 DAGs
[2026-08-30T13:58:44.082+0000] {logging_mixin.py:188} INFO - [2026-08-30T13:58:44.081+0000] {dag.py:3947} INFO - Setting next_dagrun for feature_pipeline to 2026-08-30 13:00:00+00:00, run_after=2026-08-30 14:00:00+00:00
[2026-08-30T13:58:44.121+0000] {processor.py:183} INFO - Processing /opt/airflow/dags/feature_pipeline_dag.py took 1.842 seconds
[2026-08-30T13:59:14.308+0000] {processor.py:161} INFO - Started process (PID=5660) to work on /opt/airflow/dags/feature_pipeline_dag.py
[2026-08-30T13:59:14.312+0000] {processor.py:830} INFO - Processing file /opt/airflow/dags/feature_pipeline_dag.py for tasks to queue
[2026-08-30T13:59:14.317+0000] {logging_mixin.py:188} INFO - [2026-08-30T13:59:14.316+0000] {dagbag.py:545} INFO - Filling up the DagBag from /opt/airflow/dags/feature_pipeline_dag.py
[2026-08-30T13:59:17.873+0000] {processor.py:840} INFO - DAG(s) 'feature_pipeline' retrieved from /opt/airflow/dags/feature_pipeline_dag.py
[2026-08-30T13:59:18.121+0000] {logging_mixin.py:188} INFO - [2026-08-30T13:59:18.120+0000] {dag.py:3089} INFO - Sync 1 DAGs
[2026-08-30T13:59:18.166+0000] {logging_mixin.py:188} INFO - [2026-08-30T13:59:18.165+0000] {dag.py:3947} INFO - Setting next_dagrun for feature_pipeline to 2026-08-30 13:00:00+00:00, run_after=2026-08-30 14:00:00+00:00
[2026-08-30T13:59:18.290+0000] {processor.py:183} INFO - Processing /opt/airflow/dags/feature_pipeline_dag.py took 3.997 seconds
[2026-08-30T13:59:48.592+0000] {processor.py:161} INFO - Started process (PID=5690) to work on /opt/airflow/dags/feature_pipeline_dag.py
[2026-08-30T13:59:48.596+0000] {processor.py:830} INFO - Processing file /opt/airflow/dags/feature_pipeline_dag.py for tasks to queue
[2026-08-30T13:59:48.606+0000] {logging_mixin.py:188} INFO - [2026-08-30T13:59:48.604+0000] {dagbag.py:545} INFO - Filling up the DagBag from /opt/airflow/dags/feature_pipeline_dag.py
[2026-08-30T13:59:50.746+0000] {processor.py:840} INFO - DAG(s) 'feature_pipeline' retrieved from /opt/airflow/dags/feature_pipeline_dag.py
[2026-08-30T13:59:50.820+0000] {logging_mixin.py:188} INFO - [2026-08-30T13:59:50.819+0000] {dag.py:3089} INFO - Sync 1 DAGs
[2026-08-30T13:59:50.874+0000] {logging_mixin.py:188} INFO - [2026-08-30T13:59:50.874+0000] {dag.py:3947} INFO - Setting next_dagrun for feature_pipeline to 2026-08-30 13:00:00+00:00, run_after=2026-08-30 14:00:00+00:00
[2026-08-30T13:59:50.995+0000] {processor.py:183} INFO - Processing /opt/airflow/dags/feature_pipeline_dag.py took 2.433 seconds
[2026-08-30T14:00:21.721+0000] {processor.py:161} INFO - Started process (PID=5721) to work on /opt/airflow/dags/feature_pipeline_dag.py
[2026-08-30T14:00:21.724+0000] {processor.py:830} INFO - Processing file /opt/airflow/dags/feature_pipeline_dag.py for tasks to queue
[2026-08-30T14:00:21.735+0000] {logging_mixin.py:188} INFO - [2026-08-30T14:00:21.734+0000] {dagbag.py:545} INFO - Filling up the DagBag from /opt/airflow/dags/feature_pipeline_dag.py
[2026-08-30T14:00:29.919+0000] {processor.py:840} INFO - DAG(s) 'feature_pipeline' retrieved from /opt/airflow/dags/feature_pipeline_dag.py
[2026-08-30T14:00:29.984+0000] {logging_mixin.py:188} INFO - [2026-08-30T14:00:29.983+0000] {dag.py:3089} INFO - Sync 1 DAGs
[2026-08-30T14:00:30.031+0000] {logging_mixin.py:188} INFO - [2026-08-30T14:00:30.031+0000] {dag.py:3947} INFO - Setting next_dagrun for feature_pipeline to 2026-08-30 14:00:00+00:00, run_after=2026-08-30 15:00:00+00:00
[2026-08-30T14:00:30.087+0000] {processor.py:183} INFO - Processing /opt/airflow/dags/feature_pipeline_dag.py took 8.393 seconds
[2026-08-30T14:01:00.831+0000] {processor.py:161} INFO - Started process (PID=5751) to work on /opt/airflow/dags/feature_pipeline_dag.py
[2026-08-30T14:01:00.834+0000] {processor.py:830} INFO - Processing file /opt/airflow/dags/feature_pipeline_dag.py for tasks to queue
[2026-08-30T14:01:00.841+0000] {logging_mixin.py:188} INFO - [2026-08-30T14:01:00.839+0000] {dagbag.py:545} INFO - Filling up the DagBag from /opt/airflow/dags/feature_pipeline_dag.py
[2026-08-30T14:01:02.772+0000] {processor.py:840} INFO - DAG(s) 'feature_pipeline' retrieved from /opt/airflow/dags/feature_pipeline_dag.py
[2026-08-30T14:01:02.837+0000] {logging_mixin.py:188} INFO - [2026-08-30T14:01:02.836+0000] {dag.py:3089} INFO - Sync 1 DAGs
[2026-08-30T14:01:02.891+0000] {logging_mixin.py:188} INFO - [2026-08-30T14:01:02.890+0000] {dag.py:3947} INFO - Setting next_dagrun for feature_pipeline to 2026-08-30 14:00:00+00:00, run_after=2026-08-30 15:00:00+00:00
[2026-08-30T14:01:02.941+0000] {processor.py:183} INFO - Processing /opt/airflow/dags/feature_pipeline_dag.py took 2.129 seconds
[2026-08-30T14:01:33.671+0000] {processor.py:161} INFO - Started process (PID=5781) to work on /opt/airflow/dags/feature_pipeline_dag.py
[2026-08-30T14:01:33.673+0000] {processor.py:830} INFO - Processing file /opt/airflow/dags/feature_pipeline_dag.py for tasks to queue
[2026-08-30T14:01:33.679+0000] {logging_mixin.py:188} INFO - [2026-08-30T14:01:33.678+0000] {dagbag.py:545} INFO - Filling up the DagBag from /opt/airflow/dags/feature_pipeline_dag.py
[2026-08-30T14:01:35.496+0000] {processor.py:840} INFO - DAG(s) 'feature_pipeline' retrieved from /opt/airflow/dags/feature_pipeline_dag.py
[2026-08-30T14:01:35.546+0000] {logging_mixin.py:188} INFO - [2026-08-30T14:01:35.545+0000] {dag.py:3089} INFO - Sync 1 DAGs
[2026-08-30T14:01:35.583+0000] {logging_mixin.py:188} INFO - [2026-08-30T14:01:35.582+0000] {dag.py:3947} INFO - Setting next_dagrun for feature_pipeline to 2026-08-30 14:00:00+00:00, run_after=2026-08-30 15:00:00+00:00
[2026-08-30T14:01:35.617+0000] {processor.py:183} INFO - Processing /opt/airflow/dags/feature_pipeline_dag.py took 1.969 seconds
[2026-08-30T14:02:06.559+0000] {processor.py:161} INFO - Started process (PID=5812) to work on /opt/airflow/dags/feature_pipeline_dag.py
[2026-08-30T14:02:06.562+0000] {processor.py:830} INFO - Processing file /opt/airflow/dags/feature_pipeline_dag.py for tasks to queue
[2026-08-30T14:02:06.566+0000] {logging_mixin.py:188} INFO - [2026-08-30T14:02:06.565+0000] {dagbag.py:545} INFO - Filling up the DagBag from /opt/airflow/dags/feature_pipeline_dag.py
[2026-08-30T14:02:08.610+0000] {processor.py:840} INFO - DAG(s) 'feature_pipeline' retrieved from /opt/airflow/dags/feature_pipeline_dag.py
[2026-08-30T14:02:08.666+0000] {logging_mixin.py:188} INFO - [2026-08-30T14:02:08.665+0000] {dag.py:3089} INFO - Sync 1 DAGs
[2026-08-30T14:02:08.716+0000] {logging_mixin.py:188} INFO - [2026-08-30T14:02:08.715+0000] {dag.py:3947} INFO - Setting next_dagrun for feature_pipeline to 2026-08-30 14:00:00+00:00, run_after=2026-08-30 15:00:00+00:00
[2026-08-30T14:02:08.757+0000] {processor.py:183} INFO - Processing /opt/airflow/dags/feature_pipeline_dag.py took 2.214 seconds
[2026-08-30T14:02:39.197+0000] {processor.py:161} INFO - Started process (PID=5842) to work on /opt/airflow/dags/feature_pipeline_dag.py
[2026-08-30T14:02:39.200+0000] {processor.py:830} INFO - Processing file /opt/airflow/dags/feature_pipeline_dag.py for tasks to queue
[2026-08-30T14:02:39.204+0000] {logging_mixin.py:188} INFO - [2026-08-30T14:02:39.204+0000] {dagbag.py:545} INFO - Filling up the DagBag from /opt/airflow/dags/feature_pipeline_dag.py
[2026-08-30T14:02:41.173+0000] {processor.py:840} INFO - DAG(s) 'feature_pipeline' retrieved from /opt/airflow/dags/feature_pipeline_dag.py
[2026-08-30T14:02:41.227+0000] {logging_mixin.py:188} INFO - [2026-08-30T14:02:41.226+0000] {dag.py:3089} INFO - Sync 1 DAGs
[2026-08-30T14:02:41.268+0000] {logging_mixin.py:188} INFO - [2026-08-30T14:02:41.268+0000] {dag.py:3947} INFO - Setting next_dagrun for feature_pipeline to 2026-08-30 14:00:00+00:00, run_after=2026-08-30 15:00:00+00:00
[2026-08-30T14:02:41.310+0000] {processor.py:183} INFO - Processing /opt/airflow/dags/feature_pipeline_dag.py took 2.135 seconds
[2026-08-30T14:03:11.968+0000] {processor.py:161} INFO - Started process (PID=5872) to work on /opt/airflow/dags/feature_pipeline_dag.py
[2026-08-30T14:03:11.972+0000] {processor.py:830} INFO - Processing file /opt/airflow/dags/feature_pipeline_dag.py for tasks to queue
[2026-08-30T14:03:11.979+0000] {logging_mixin.py:188} INFO - [2026-08-30T14:03:11.978+0000] {dagbag.py:545} INFO - Filling up the DagBag from /opt/airflow/dags/feature_pipeline_dag.py
[2026-08-30T14:03:14.802+0000] {processor.py:840} INFO - DAG(s) 'feature_pipeline' retrieved from /opt/airflow/dags/feature_pipeline_dag.py
[2026-08-30T14:03:14.860+0000] {logging_mixin.py:188} INFO - [2026-08-30T14:03:14.860+0000] {dag.py:3089} INFO - Sync 1 DAGs
[2026-08-30T14:03:14.916+0000] {logging_mixin.py:188} INFO - [2026-08-30T14:03:14.915+0000] {dag.py:3947} INFO - Setting next_dagrun for feature_pipeline to 2026-08-30 14:00:00+00:00, run_after=2026-08-30 15:00:00+00:00
[2026-08-30T14:03:14.979+0000] {processor.py:183} INFO - Processing /opt/airflow/dags/feature_pipeline_dag.py took 3.034 seconds
[2026-08-30T14:03:45.527+0000] {processor.py:161} INFO - Started process (PID=5901) to work on /opt/airflow/dags/feature_pipeline_dag.py
[2026-08-30T14:03:45.529+0000] {processor.py:830} INFO - Processing file /opt/airflow/dags/feature_pipeline_dag.py for tasks to queue
[2026-08-30T14:03:45.536+0000] {logging_mixin.py:188} INFO - [2026-08-30T14:03:45.535+0000] {dagbag.py:545} INFO - Filling up the DagBag from /opt/airflow/dags/feature_pipeline_dag.py
[2026-08-30T14:03:47.622+0000] {processor.py:840} INFO - DAG(s) 'feature_pipeline' retrieved from /opt/airflow/dags/feature_pipeline_dag.py
[2026-08-30T14:03:47.694+0000] {logging_mixin.py:188} INFO - [2026-08-30T14:03:47.693+0000] {dag.py:3089} INFO - Sync 1 DAGs
[2026-08-30T14:03:47.741+0000] {logging_mixin.py:188} INFO - [2026-08-30T14:03:47.740+0000] {dag.py:3947} INFO - Setting next_dagrun for feature_pipeline to 2026-08-30 14:00:00+00:00, run_after=2026-08-30 15:00:00+00:00
[2026-08-30T14:03:47.797+0000] {processor.py:183} INFO - Processing /opt/airflow/dags/feature_pipeline_dag.py took 2.287 seconds
[2026-08-30T14:04:18.153+0000] {processor.py:161} INFO - Started process (PID=5931) to work on /opt/airflow/dags/feature_pipeline_dag.py
[2026-08-30T14:04:18.157+0000] {processor.py:830} INFO - Processing file /opt/airflow/dags/feature_pipeline_dag.py for tasks to queue
[2026-08-30T14:04:18.162+0000] {logging_mixin.py:188} INFO - [2026-08-30T14:04:18.161+0000] {dagbag.py:545} INFO - Filling up the DagBag from /opt/airflow/dags/feature_pipeline_dag.py
[2026-08-30T14:04:20.136+0000] {processor.py:840} INFO - DAG(s) 'feature_pipeline' retrieved from /opt/airflow/dags/feature_pipeline_dag.py
[2026-08-30T14:04:20.184+0000] {logging_mixin.py:188} INFO - [2026-08-30T14:04:20.184+0000] {dag.py:3089} INFO - Sync 1 DAGs
[2026-08-30T14:04:20.224+0000] {logging_mixin.py:188} INFO - [2026-08-30T14:04:20.223+0000] {dag.py:3947} INFO - Setting next_dagrun for feature_pipeline to 2026-08-30 14:00:00+00:00, run_after=2026-08-30 15:00:00+00:00
[2026-08-30T14:04:20.257+0000] {processor.py:183} INFO - Processing /opt/airflow/dags/feature_pipeline_dag.py took 2.123 seconds
[2026-08-30T14:04:50.520+0000] {processor.py:161} INFO - Started process (PID=5961) to work on /opt/airflow/dags/feature_pipeline_dag.py
[2026-08-30T14:04:50.524+0000] {processor.py:830} INFO - Processing file /opt/airflow/dags/feature_pipeline_dag.py for tasks to queue
[2026-08-30T14:04:50.529+0000] {logging_mixin.py:188} INFO - [2026-08-30T14:04:50.528+0000] {dagbag.py:545} INFO - Filling up the DagBag from /opt/airflow/dags/feature_pipeline_dag.py
[2026-08-30T14:04:52.502+0000] {processor.py:840} INFO - DAG(s) 'feature_pipeline' retrieved from /opt/airflow/dags/feature_pipeline_dag.py
[2026-08-30T14:04:52.553+0000] {logging_mixin.py:188} INFO - [2026-08-30T14:04:52.552+0000] {dag.py:3089} INFO - Sync 1 DAGs
[2026-08-30T14:04:52.593+0000] {logging_mixin.py:188} INFO - [2026-08-30T14:04:52.593+0000] {dag.py:3947} INFO - Setting next_dagrun for feature_pipeline to 2026-08-30 14:00:00+00:00, run_after=2026-08-30 15:00:00+00:00
[2026-08-30T14:04:52.630+0000] {processor.py:183} INFO - Processing /opt/airflow/dags/feature_pipeline_dag.py took 2.127 seconds
[2026-08-30T14:05:22.846+0000] {processor.py:161} INFO - Started process (PID=5991) to work on /opt/airflow/dags/feature_pipeline_dag.py
[2026-08-30T14:05:22.849+0000] {processor.py:830} INFO - Processing file /opt/airflow/dags/feature_pipeline_dag.py for tasks to queue
[2026-08-30T14:05:22.854+0000] {logging_mixin.py:188} INFO - [2026-08-30T14:05:22.853+0000] {dagbag.py:545} INFO - Filling up the DagBag from /opt/airflow/dags/feature_pipeline_dag.py
[2026-08-30T14:05:24.701+0000] {processor.py:840} INFO - DAG(s) 'feature_pipeline' retrieved from /opt/airflow/dags/feature_pipeline_dag.py
[2026-08-30T14:05:24.756+0000] {logging_mixin.py:188} INFO - [2026-08-30T14:05:24.755+0000] {dag.py:3089} INFO - Sync 1 DAGs
[2026-08-30T14:05:24.801+0000] {logging_mixin.py:188} INFO - [2026-08-30T14:05:24.800+0000] {dag.py:3947} INFO - Setting next_dagrun for feature_pipeline to 2026-08-30 14:00:00+00:00, run_after=2026-08-30 15:00:00+00:00
[2026-08-30T14:05:24.837+0000] {processor.py:183} INFO - Processing /opt/airflow/dags/feature_pipeline_dag.py took 2.007 seconds
[2026-08-30T14:05:55.244+0000] {processor.py:161} INFO - Started process (PID=6021) to work on /opt/airflow/dags/feature_pipeline_dag.py
[2026-08-30T14:05:55.247+0000] {processor.py:830} INFO - Processing file /opt/airflow/dags/feature_pipeline_dag.py for tasks to queue
[2026-08-30T14:05:55.252+0000] {logging_mixin.py:188} INFO - [2026-08-30T14:05:55.251+0000] {dagbag.py:545} INFO - Filling up the DagBag from /opt/airflow/dags/feature_pipeline_dag.py
[2026-08-30T14:05:57.137+0000] {processor.py:840} INFO - DAG(s) 'feature_pipeline' retrieved from /opt/airflow/dags/feature_pipeline_dag.py
[2026-08-30T14:05:57.190+0000] {logging_mixin.py:188} INFO - [2026-08-30T14:05:57.188+0000] {dag.py:3089} INFO - Sync 1 DAGs
[2026-08-30T14:05:57.232+0000] {logging_mixin.py:188} INFO - [2026-08-30T14:05:57.232+0000] {dag.py:3947} INFO - Setting next_dagrun for feature_pipeline to 2026-08-30 14:00:00+00:00, run_after=2026-08-30 15:00:00+00:00
[2026-08-30T14:05:57.264+0000] {processor.py:183} INFO - Processing /opt/airflow/dags/feature_pipeline_dag.py took 2.039 seconds
[2026-08-30T14:06:27.657+0000] {processor.py:161} INFO - Started process (PID=6051) to work on /opt/airflow/dags/feature_pipeline_dag.py
[2026-08-30T14:06:27.659+0000] {processor.py:830} INFO - Processing file /opt/airflow/dags/feature_pipeline_dag.py for tasks to queue
[2026-08-30T14:06:27.666+0000] {logging_mixin.py:188} INFO - [2026-08-30T14:06:27.665+0000] {dagbag.py:545} INFO - Filling up the DagBag from /opt/airflow/dags/feature_pipeline_dag.py
[2026-08-30T14:06:29.435+0000] {processor.py:840} INFO - DAG(s) 'feature_pipeline' retrieved from /opt/airflow/dags/feature_pipeline_dag.py
[2026-08-30T14:06:29.480+0000] {logging_mixin.py:188} INFO - [2026-08-30T14:06:29.479+0000] {dag.py:3089} INFO - Sync 1 DAGs
[2026-08-30T14:06:29.518+0000] {logging_mixin.py:188} INFO - [2026-08-30T14:06:29.518+0000] {dag.py:3947} INFO - Setting next_dagrun for feature_pipeline to 2026-08-30 14:00:00+00:00, run_after=2026-08-30 15:00:00+00:00
[2026-08-30T14:06:29.551+0000] {processor.py:183} INFO - Processing /opt/airflow/dags/feature_pipeline_dag.py took 1.913 seconds
[2026-08-30T14:07:00.325+0000] {processor.py:161} INFO - Started process (PID=6082) to work on /opt/airflow/dags/feature_pipeline_dag.py
[2026-08-30T14:07:00.328+0000] {processor.py:830} INFO - Processing file /opt/airflow/dags/feature_pipeline_dag.py for tasks to queue
[2026-08-30T14:07:00.332+0000] {logging_mixin.py:188} INFO - [2026-08-30T14:07:00.331+0000] {dagbag.py:545} INFO - Filling up the DagBag from /opt/airflow/dags/feature_pipeline_dag.py
[2026-08-30T14:07:02.117+0000] {processor.py:840} INFO - DAG(s) 'feature_pipeline' retrieved from /opt/airflow/dags/feature_pipeline_dag.py
[2026-08-30T14:07:02.168+0000] {logging_mixin.py:188} INFO - [2026-08-30T14:07:02.167+0000] {dag.py:3089} INFO - Sync 1 DAGs
[2026-08-30T14:07:02.207+0000] {logging_mixin.py:188} INFO - [2026-08-30T14:07:02.207+0000] {dag.py:3947} INFO - Setting next_dagrun for feature_pipeline to 2026-08-30 14:00:00+00:00, run_after=2026-08-30 15:00:00+00:00
[2026-08-30T14:07:02.239+0000] {processor.py:183} INFO - Processing /opt/airflow/dags/feature_pipeline_dag.py took 1.778 seconds
[2026-08-30T14:07:33.074+0000] {processor.py:161} INFO - Started process (PID=6112) to work on /opt/airflow/dags/feature_pipeline_dag.py
[2026-08-30T14:07:33.076+0000] {processor.py:830} INFO - Processing file /opt/airflow/dags/feature_pipeline_dag.py for tasks to queue
[2026-08-30T14:07:33.081+0000] {logging_mixin.py:188} INFO - [2026-08-30T14:07:33.080+0000] {dagbag.py:545} INFO - Filling up the DagBag from /opt/airflow/dags/feature_pipeline_dag.py
[2026-08-30T14:07:35.005+0000] {processor.py:840} INFO - DAG(s) 'feature_pipeline' retrieved from /opt/airflow/dags/feature_pipeline_dag.py
[2026-08-30T14:07:35.050+0000] {logging_mixin.py:188} INFO - [2026-08-30T14:07:35.049+0000] {dag.py:3089} INFO - Sync 1 DAGs
[2026-08-30T14:07:35.084+0000] {logging_mixin.py:188} INFO - [2026-08-30T14:07:35.084+0000] {dag.py:3947} INFO - Setting next_dagrun for feature_pipeline to 2026-08-30 14:00:00+00:00, run_after=2026-08-30 15:00:00+00:00
[2026-08-30T14:07:35.118+0000] {processor.py:183} INFO - Processing /opt/airflow/dags/feature_pipeline_dag.py took 2.064 seconds
[2026-08-30T14:08:05.509+0000] {processor.py:161} INFO - Started process (PID=6130) to work on /opt/airflow/dags/feature_pipeline_dag.py
[2026-08-30T14:08:05.511+0000] {processor.py:830} INFO - Processing file /opt/airflow/dags/feature_pipeline_dag.py for tasks to queue
[2026-08-30T14:08:05.515+0000] {logging_mixin.py:188} INFO - [2026-08-30T14:08:05.515+0000] {dagbag.py:545} INFO - Filling up the DagBag from /opt/airflow/dags/feature_pipeline_dag.py
[2026-08-30T14:08:07.270+0000] {processor.py:840} INFO - DAG(s) 'feature_pipeline' retrieved from /opt/airflow/dags/feature_pipeline_dag.py
[2026-08-30T14:08:07.340+0000] {logging_mixin.py:188} INFO - [2026-08-30T14:08:07.340+0000] {dag.py:3089} INFO - Sync 1 DAGs
[2026-08-30T14:08:07.374+0000] {logging_mixin.py:188} INFO - [2026-08-30T14:08:07.374+0000] {dag.py:3947} INFO - Setting next_dagrun for feature_pipeline to 2026-08-30 14:00:00+00:00, run_after=2026-08-30 15:00:00+00:00
[2026-08-30T14:08:07.405+0000] {processor.py:183} INFO - Processing /opt/airflow/dags/feature_pipeline_dag.py took 1.913 seconds
[2026-08-30T14:08:37.684+0000] {processor.py:161} INFO - Started process (PID=6156) to work on /opt/airflow/dags/feature_pipeline_dag.py
[2026-08-30T14:08:37.687+0000] {processor.py:830} INFO - Processing file /opt/airflow/dags/feature_pipeline_dag.py for tasks to queue
[2026-08-30T14:08:37.692+0000] {logging_mixin.py:188} INFO - [2026-08-30T14:08:37.691+0000] {dagbag.py:545} INFO - Filling up the DagBag from /opt/airflow/dags/feature_pipeline_dag.py
[2026-08-30T14:08:39.398+0000] {processor.py:840} INFO - DAG(s) 'feature_pipeline' retrieved from /opt/airflow/dags/feature_pipeline_dag.py
[2026-08-30T14:08:39.453+0000] {logging_mixin.py:188} INFO - [2026-08-30T14:08:39.453+0000] {dag.py:3089} INFO - Sync 1 DAGs
[2026-08-30T14:08:39.496+0000] {logging_mixin.py:188} INFO - [2026-08-30T14:08:39.496+0000] {dag.py:3947} INFO - Setting next_dagrun for feature_pipeline to 2026-08-30 14:00:00+00:00, run_after=2026-08-30 15:00:00+00:00
[2026-08-30T14:08:39.537+0000] {processor.py:183} INFO - Processing /opt/airflow/dags/feature_pipeline_dag.py took 1.868 seconds
[2026-08-30T14:09:10.051+0000] {processor.py:161} INFO - Started process (PID=6186) to work on /opt/airflow/dags/feature_pipeline_dag.py
[2026-08-30T14:09:10.053+0000] {processor.py:830} INFO - Processing file /opt/airflow/dags/feature_pipeline_dag.py for tasks to queue
[2026-08-30T14:09:10.060+0000] {logging_mixin.py:188} INFO - [2026-08-30T14:09:10.059+0000] {dagbag.py:545} INFO - Filling up the DagBag from /opt/airflow/dags/feature_pipeline_dag.py
[2026-08-30T14:09:11.783+0000] {processor.py:840} INFO - DAG(s) 'feature_pipeline' retrieved from /opt/airflow/dags/feature_pipeline_dag.py
[2026-08-30T14:09:11.837+0000] {logging_mixin.py:188} INFO - [2026-08-30T14:09:11.836+0000] {dag.py:3089} INFO - Sync 1 DAGs
[2026-08-30T14:09:11.879+0000] {logging_mixin.py:188} INFO - [2026-08-30T14:09:11.879+0000] {dag.py:3947} INFO - Setting next_dagrun for feature_pipeline to 2026-08-30 14:00:00+00:00, run_after=2026-08-30 15:00:00+00:00
[2026-08-30T14:09:11.919+0000] {processor.py:183} INFO - Processing /opt/airflow/dags/feature_pipeline_dag.py took 1.884 seconds
[2026-08-30T14:09:42.394+0000] {processor.py:161} INFO - Started process (PID=6216) to work on /opt/airflow/dags/feature_pipeline_dag.py
[2026-08-30T14:09:42.397+0000] {processor.py:830} INFO - Processing file /opt/airflow/dags/feature_pipeline_dag.py for tasks to queue
[2026-08-30T14:09:42.402+0000] {logging_mixin.py:188} INFO - [2026-08-30T14:09:42.401+0000] {dagbag.py:545} INFO - Filling up the DagBag from /opt/airflow/dags/feature_pipeline_dag.py
[2026-08-30T14:09:44.179+0000] {processor.py:840} INFO - DAG(s) 'feature_pipeline' retrieved from /opt/airflow/dags/feature_pipeline_dag.py
[2026-08-30T14:09:44.233+0000] {logging_mixin.py:188} INFO - [2026-08-30T14:09:44.232+0000] {dag.py:3089} INFO - Sync 1 DAGs
[2026-08-30T14:09:44.273+0000] {logging_mixin.py:188} INFO - [2026-08-30T14:09:44.272+0000] {dag.py:3947} INFO - Setting next_dagrun for feature_pipeline to 2026-08-30 14:00:00+00:00, run_after=2026-08-30 15:00:00+00:00
[2026-08-30T14:09:44.309+0000] {processor.py:183} INFO - Processing /opt/airflow/dags/feature_pipeline_dag.py took 1.937 seconds
[2026-08-30T14:10:15.448+0000] {processor.py:161} INFO - Started process (PID=6246) to work on /opt/airflow/dags/feature_pipeline_dag.py
[2026-08-30T14:10:15.450+0000] {processor.py:830} INFO - Processing file /opt/airflow/dags/feature_pipeline_dag.py for tasks to queue
[2026-08-30T14:10:15.456+0000] {logging_mixin.py:188} INFO - [2026-08-30T14:10:15.455+0000] {dagbag.py:545} INFO - Filling up the DagBag from /opt/airflow/dags/feature_pipeline_dag.py
[2026-08-30T14:10:17.325+0000] {processor.py:840} INFO - DAG(s) 'feature_pipeline' retrieved from /opt/airflow/dags/feature_pipeline_dag.py
[2026-08-30T14:10:17.377+0000] {logging_mixin.py:188} INFO - [2026-08-30T14:10:17.377+0000] {dag.py:3089} INFO - Sync 1 DAGs
[2026-08-30T14:10:17.417+0000] {logging_mixin.py:188} INFO - [2026-08-30T14:10:17.417+0000] {dag.py:3947} INFO - Setting next_dagrun for feature_pipeline to 2026-08-30 14:00:00+00:00, run_after=2026-08-30 15:00:00+00:00
[2026-08-30T14:10:17.458+0000] {processor.py:183} INFO - Processing /opt/airflow/dags/feature_pipeline_dag.py took 2.025 seconds
[2026-08-30T14:10:47.942+0000] {processor.py:161} INFO - Started process (PID=6276) to work on /opt/airflow/dags/feature_pipeline_dag.py
[2026-08-30T14:10:47.945+0000] {processor.py:830} INFO - Processing file /opt/airflow/dags/feature_pipeline_dag.py for tasks to queue
[2026-08-30T14:10:47.950+0000] {logging_mixin.py:188} INFO - [2026-08-30T14:10:47.949+0000] {dagbag.py:545} INFO - Filling up the DagBag from /opt/airflow/dags/feature_pipeline_dag.py
[2026-08-30T14:10:49.716+0000] {processor.py:840} INFO - DAG(s) 'feature_pipeline' retrieved from /opt/airflow/dags/feature_pipeline_dag.py
[2026-08-30T14:10:49.780+0000] {logging_mixin.py:188} INFO - [2026-08-30T14:10:49.780+0000] {dag.py:3089} INFO - Sync 1 DAGs
[2026-08-30T14:10:49.821+0000] {logging_mixin.py:188} INFO - [2026-08-30T14:10:49.820+0000] {dag.py:3947} INFO - Setting next_dagrun for feature_pipeline to 2026-08-30 14:00:00+00:00, run_after=2026-08-30 15:00:00+00:00
[2026-08-30T14:10:49.857+0000] {processor.py:183} INFO - Processing /opt/airflow/dags/feature_pipeline_dag.py took 1.937 seconds
[2026-08-30T14:11:21.404+0000] {processor.py:161} INFO - Started process (PID=6306) to work on /opt/airflow/dags/feature_pipeline_dag.py
[2026-08-30T14:11:21.407+0000] {processor.py:830} INFO - Processing file /opt/airflow/dags/feature_pipeline_dag.py for tasks to queue
[2026-08-30T14:11:21.411+0000] {logging_mixin.py:188} INFO - [2026-08-30T14:11:21.410+0000] {dagbag.py:545} INFO - Filling up the DagBag from /opt/airflow/dags/feature_pipeline_dag.py
[2026-08-30T14:11:23.281+0000] {processor.py:840} INFO - DAG(s) 'feature_pipeline' retrieved from /opt/airflow/dags/feature_pipeline_dag.py
[2026-08-30T14:11:23.333+0000] {logging_mixin.py:188} INFO - [2026-08-30T14:11:23.332+0000] {dag.py:3089} INFO - Sync 1 DAGs
[2026-08-30T14:11:23.377+0000] {logging_mixin.py:188} INFO - [2026-08-30T14:11:23.376+0000] {dag.py:3947} INFO - Setting next_dagrun for feature_pipeline to 2026-08-30 14:00:00+00:00, run_after=2026-08-30 15:00:00+00:00
[2026-08-30T14:11:23.415+0000] {processor.py:183} INFO - Processing /opt/airflow/dags/feature_pipeline_dag.py took 2.030 seconds
[2026-08-30T14:11:53.898+0000] {processor.py:161} INFO - Started process (PID=6336) to work on /opt/airflow/dags/feature_pipeline_dag.py
[2026-08-30T14:11:53.901+0000] {processor.py:830} INFO - Processing file /opt/airflow/dags/feature_pipeline_dag.py for tasks to queue
[2026-08-30T14:11:53.908+0000] {logging_mixin.py:188} INFO - [2026-08-30T14:11:53.907+0000] {dagbag.py:545} INFO - Filling up the DagBag from /opt/airflow/dags/feature_pipeline_dag.py
[2026-08-30T14:11:55.888+0000] {processor.py:840} INFO - DAG(s) 'feature_pipeline' retrieved from /opt/airflow/dags/feature_pipeline_dag.py
[2026-08-30T14:11:55.978+0000] {logging_mixin.py:188} INFO - [2026-08-30T14:11:55.976+0000] {dag.py:3089} INFO - Sync 1 DAGs
[2026-08-30T14:11:56.042+0000] {logging_mixin.py:188} INFO - [2026-08-30T14:11:56.041+0000] {dag.py:3947} INFO - Setting next_dagrun for feature_pipeline to 2026-08-30 14:00:00+00:00, run_after=2026-08-30 15:00:00+00:00
[2026-08-30T14:11:56.107+0000] {processor.py:183} INFO - Processing /opt/airflow/dags/feature_pipeline_dag.py took 2.227 seconds
[2026-08-30T14:12:26.431+0000] {processor.py:161} INFO - Started process (PID=6366) to work on /opt/airflow/dags/feature_pipeline_dag.py
[2026-08-30T14:12:26.433+0000] {processor.py:830} INFO - Processing file /opt/airflow/dags/feature_pipeline_dag.py for tasks to queue
[2026-08-30T14:12:26.438+0000] {logging_mixin.py:188} INFO - [2026-08-30T14:12:26.437+0000] {dagbag.py:545} INFO - Filling up the DagBag from /opt/airflow/dags/feature_pipeline_dag.py
[2026-08-30T14:12:28.160+0000] {processor.py:840} INFO - DAG(s) 'feature_pipeline' retrieved from /opt/airflow/dags/feature_pipeline_dag.py
[2026-08-30T14:12:28.222+0000] {logging_mixin.py:188} INFO - [2026-08-30T14:12:28.221+0000] {dag.py:3089} INFO - Sync 1 DAGs
[2026-08-30T14:12:28.282+0000] {logging_mixin.py:188} INFO - [2026-08-30T14:12:28.281+0000] {dag.py:3947} INFO - Setting next_dagrun for feature_pipeline to 2026-08-30 14:00:00+00:00, run_after=2026-08-30 15:00:00+00:00
[2026-08-30T14:12:28.325+0000] {processor.py:183} INFO - Processing /opt/airflow/dags/feature_pipeline_dag.py took 1.911 seconds
[2026-08-30T14:12:59.058+0000] {processor.py:161} INFO - Started process (PID=6396) to work on /opt/airflow/dags/feature_pipeline_dag.py
[2026-08-30T14:12:59.061+0000] {processor.py:830} INFO - Processing file /opt/airflow/dags/feature_pipeline_dag.py for tasks to queue
[2026-08-30T14:12:59.065+0000] {logging_mixin.py:188} INFO - [2026-08-30T14:12:59.065+0000] {dagbag.py:545} INFO - Filling up the DagBag from /opt/airflow/dags/feature_pipeline_dag.py
[2026-08-30T14:13:00.766+0000] {processor.py:840} INFO - DAG(s) 'feature_pipeline' retrieved from /opt/airflow/dags/feature_pipeline_dag.py
[2026-08-30T14:13:00.821+0000] {logging_mixin.py:188} INFO - [2026-08-30T14:13:00.820+0000] {dag.py:3089} INFO - Sync 1 DAGs
[2026-08-30T14:13:00.859+0000] {logging_mixin.py:188} INFO - [2026-08-30T14:13:00.859+0000] {dag.py:3947} INFO - Setting next_dagrun for feature_pipeline to 2026-08-30 14:00:00+00:00, run_after=2026-08-30 15:00:00+00:00
[2026-08-30T14:13:00.896+0000] {processor.py:183} INFO - Processing /opt/airflow/dags/feature_pipeline_dag.py took 1.854 seconds
[2026-08-30T14:13:31.158+0000] {processor.py:161} INFO - Started process (PID=6426) to work on /opt/airflow/dags/feature_pipeline_dag.py
[2026-08-30T14:13:31.161+0000] {processor.py:830} INFO - Processing file /opt/airflow/dags/feature_pipeline_dag.py for tasks to queue
[2026-08-30T14:13:31.166+0000] {logging_mixin.py:188} INFO - [2026-08-30T14:13:31.165+0000] {dagbag.py:545} INFO - Filling up the DagBag from /opt/airflow/dags/feature_pipeline_dag.py
[2026-08-30T14:13:33.012+0000] {processor.py:840} INFO - DAG(s) 'feature_pipeline' retrieved from /opt/airflow/dags/feature_pipeline_dag.py
[2026-08-30T14:13:33.067+0000] {logging_mixin.py:188} INFO - [2026-08-30T14:13:33.067+0000] {dag.py:3089} INFO - Sync 1 DAGs
[2026-08-30T14:13:33.109+0000] {logging_mixin.py:188} INFO - [2026-08-30T14:13:33.108+0000] {dag.py:3947} INFO - Setting next_dagrun for feature_pipeline to 2026-08-30 14:00:00+00:00, run_after=2026-08-30 15:00:00+00:00
[2026-08-30T14:13:33.149+0000] {processor.py:183} INFO - Processing /opt/airflow/dags/feature_pipeline_dag.py took 2.008 seconds
[2026-08-30T16:49:53.258+0000] {processor.py:161} INFO - Started process (PID=6454) to work on /opt/airflow/dags/feature_pipeline_dag.py
[2026-08-30T16:49:53.261+0000] {processor.py:830} INFO - Processing file /opt/airflow/dags/feature_pipeline_dag.py for tasks to queue
[2026-08-30T16:49:53.269+0000] {logging_mixin.py:188} INFO - [2026-08-30T16:49:53.268+0000] {dagbag.py:545} INFO - Filling up the DagBag from /opt/airflow/dags/feature_pipeline_dag.py
[2026-08-30T16:49:54.800+0000] {processor.py:840} INFO - DAG(s) 'feature_pipeline' retrieved from /opt/airflow/dags/feature_pipeline_dag.py
[2026-08-30T16:49:54.850+0000] {logging_mixin.py:188} INFO - [2026-08-30T16:49:54.849+0000] {dag.py:3089} INFO - Sync 1 DAGs
[2026-08-30T16:49:57.638+0000] {logging_mixin.py:188} INFO - [2026-08-30T16:49:57.637+0000] {dag.py:3947} INFO - Setting next_dagrun for feature_pipeline to 2026-08-30 15:00:00+00:00, run_after=2026-08-30 16:00:00+00:00
[2026-08-30T16:49:57.709+0000] {processor.py:183} INFO - Processing /opt/airflow/dags/feature_pipeline_dag.py took 4.473 seconds
[2026-08-30T16:50:52.855+0000] {processor.py:161} INFO - Started process (PID=6488) to work on /opt/airflow/dags/feature_pipeline_dag.py
[2026-08-30T16:50:52.913+0000] {processor.py:830} INFO - Processing file /opt/airflow/dags/feature_pipeline_dag.py for tasks to queue
[2026-08-30T16:50:52.936+0000] {logging_mixin.py:188} INFO - [2026-08-30T16:50:52.931+0000] {dagbag.py:545} INFO - Filling up the DagBag from /opt/airflow/dags/feature_pipeline_dag.py
[2026-08-30T16:50:55.830+0000] {processor.py:840} INFO - DAG(s) 'feature_pipeline' retrieved from /opt/airflow/dags/feature_pipeline_dag.py
[2026-08-30T16:50:55.952+0000] {logging_mixin.py:188} INFO - [2026-08-30T16:50:55.951+0000] {dag.py:3089} INFO - Sync 1 DAGs
[2026-08-30T16:50:56.081+0000] {logging_mixin.py:188} INFO - [2026-08-30T16:50:56.080+0000] {dag.py:3947} INFO - Setting next_dagrun for feature_pipeline to 2026-08-30 16:00:00+00:00, run_after=2026-08-30 17:00:00+00:00
[2026-08-30T16:50:56.164+0000] {processor.py:183} INFO - Processing /opt/airflow/dags/feature_pipeline_dag.py took 5.694 seconds
[2026-08-30T16:51:26.768+0000] {processor.py:161} INFO - Started process (PID=6510) to work on /opt/airflow/dags/feature_pipeline_dag.py
[2026-08-30T16:51:26.773+0000] {processor.py:830} INFO - Processing file /opt/airflow/dags/feature_pipeline_dag.py for tasks to queue
[2026-08-30T16:51:26.778+0000] {logging_mixin.py:188} INFO - [2026-08-30T16:51:26.777+0000] {dagbag.py:545} INFO - Filling up the DagBag from /opt/airflow/dags/feature_pipeline_dag.py
[2026-08-30T16:51:28.933+0000] {processor.py:840} INFO - DAG(s) 'feature_pipeline' retrieved from /opt/airflow/dags/feature_pipeline_dag.py
[2026-08-30T16:51:28.992+0000] {logging_mixin.py:188} INFO - [2026-08-30T16:51:28.991+0000] {dag.py:3089} INFO - Sync 1 DAGs
[2026-08-30T16:51:29.036+0000] {logging_mixin.py:188} INFO - [2026-08-30T16:51:29.036+0000] {dag.py:3947} INFO - Setting next_dagrun for feature_pipeline to 2026-08-30 16:00:00+00:00, run_after=2026-08-30 17:00:00+00:00
[2026-08-30T16:51:29.083+0000] {processor.py:183} INFO - Processing /opt/airflow/dags/feature_pipeline_dag.py took 2.335 seconds
[2026-08-30T16:51:59.481+0000] {processor.py:161} INFO - Started process (PID=6556) to work on /opt/airflow/dags/feature_pipeline_dag.py
[2026-08-30T16:51:59.483+0000] {processor.py:830} INFO - Processing file /opt/airflow/dags/feature_pipeline_dag.py for tasks to queue
[2026-08-30T16:51:59.487+0000] {logging_mixin.py:188} INFO - [2026-08-30T16:51:59.486+0000] {dagbag.py:545} INFO - Filling up the DagBag from /opt/airflow/dags/feature_pipeline_dag.py
[2026-08-30T16:52:01.318+0000] {processor.py:840} INFO - DAG(s) 'feature_pipeline' retrieved from /opt/airflow/dags/feature_pipeline_dag.py
[2026-08-30T16:52:01.374+0000] {logging_mixin.py:188} INFO - [2026-08-30T16:52:01.373+0000] {dag.py:3089} INFO - Sync 1 DAGs
[2026-08-30T16:52:01.414+0000] {logging_mixin.py:188} INFO - [2026-08-30T16:52:01.414+0000] {dag.py:3947} INFO - Setting next_dagrun for feature_pipeline to 2026-08-30 16:00:00+00:00, run_after=2026-08-30 17:00:00+00:00
[2026-08-30T16:52:01.452+0000] {processor.py:183} INFO - Processing /opt/airflow/dags/feature_pipeline_dag.py took 1.987 seconds
[2026-08-30T16:52:31.877+0000] {processor.py:161} INFO - Started process (PID=6586) to work on /opt/airflow/dags/feature_pipeline_dag.py
[2026-08-30T16:52:31.880+0000] {processor.py:830} INFO - Processing file /opt/airflow/dags/feature_pipeline_dag.py for tasks to queue
[2026-08-30T16:52:31.886+0000] {logging_mixin.py:188} INFO - [2026-08-30T16:52:31.886+0000] {dagbag.py:545} INFO - Filling up the DagBag from /opt/airflow/dags/feature_pipeline_dag.py
[2026-08-30T16:52:33.763+0000] {processor.py:840} INFO - DAG(s) 'feature_pipeline' retrieved from /opt/airflow/dags/feature_pipeline_dag.py
[2026-08-30T16:52:33.836+0000] {logging_mixin.py:188} INFO - [2026-08-30T16:52:33.835+0000] {dag.py:3089} INFO - Sync 1 DAGs
[2026-08-30T16:52:33.899+0000] {logging_mixin.py:188} INFO - [2026-08-30T16:52:33.899+0000] {dag.py:3947} INFO - Setting next_dagrun for feature_pipeline to 2026-08-30 16:00:00+00:00, run_after=2026-08-30 17:00:00+00:00
[2026-08-30T16:52:33.947+0000] {processor.py:183} INFO - Processing /opt/airflow/dags/feature_pipeline_dag.py took 2.086 seconds
[2026-08-30T16:53:04.471+0000] {processor.py:161} INFO - Started process (PID=6650) to work on /opt/airflow/dags/feature_pipeline_dag.py
[2026-08-30T16:53:04.475+0000] {processor.py:830} INFO - Processing file /opt/airflow/dags/feature_pipeline_dag.py for tasks to queue
[2026-08-30T16:53:04.481+0000] {logging_mixin.py:188} INFO - [2026-08-30T16:53:04.480+0000] {dagbag.py:545} INFO - Filling up the DagBag from /opt/airflow/dags/feature_pipeline_dag.py
[2026-08-30T16:53:06.280+0000] {processor.py:840} INFO - DAG(s) 'feature_pipeline' retrieved from /opt/airflow/dags/feature_pipeline_dag.py
[2026-08-30T16:53:06.334+0000] {logging_mixin.py:188} INFO - [2026-08-30T16:53:06.333+0000] {dag.py:3089} INFO - Sync 1 DAGs
[2026-08-30T16:53:06.391+0000] {logging_mixin.py:188} INFO - [2026-08-30T16:53:06.390+0000] {dag.py:3947} INFO - Setting next_dagrun for feature_pipeline to 2026-08-30 16:00:00+00:00, run_after=2026-08-30 17:00:00+00:00
[2026-08-30T16:53:06.434+0000] {processor.py:183} INFO - Processing /opt/airflow/dags/feature_pipeline_dag.py took 1.984 seconds
[2026-08-30T16:53:36.996+0000] {processor.py:161} INFO - Started process (PID=6714) to work on /opt/airflow/dags/feature_pipeline_dag.py
[2026-08-30T16:53:36.998+0000] {processor.py:830} INFO - Processing file /opt/airflow/dags/feature_pipeline_dag.py for tasks to queue
[2026-08-30T16:53:37.003+0000] {logging_mixin.py:188} INFO - [2026-08-30T16:53:37.002+0000] {dagbag.py:545} INFO - Filling up the DagBag from /opt/airflow/dags/feature_pipeline_dag.py
[2026-08-30T16:53:38.795+0000] {processor.py:840} INFO - DAG(s) 'feature_pipeline' retrieved from /opt/airflow/dags/feature_pipeline_dag.py
[2026-08-30T16:53:38.850+0000] {logging_mixin.py:188} INFO - [2026-08-30T16:53:38.849+0000] {dag.py:3089} INFO - Sync 1 DAGs
[2026-08-30T16:53:38.899+0000] {logging_mixin.py:188} INFO - [2026-08-30T16:53:38.898+0000] {dag.py:3947} INFO - Setting next_dagrun for feature_pipeline to 2026-08-30 16:00:00+00:00, run_after=2026-08-30 17:00:00+00:00
[2026-08-30T16:53:38.945+0000] {processor.py:183} INFO - Processing /opt/airflow/dags/feature_pipeline_dag.py took 1.968 seconds
[2026-08-30T16:54:09.564+0000] {processor.py:161} INFO - Started process (PID=6778) to work on /opt/airflow/dags/feature_pipeline_dag.py
[2026-08-30T16:54:09.567+0000] {processor.py:830} INFO - Processing file /opt/airflow/dags/feature_pipeline_dag.py for tasks to queue
[2026-08-30T16:54:09.576+0000] {logging_mixin.py:188} INFO - [2026-08-30T16:54:09.574+0000] {dagbag.py:545} INFO - Filling up the DagBag from /opt/airflow/dags/feature_pipeline_dag.py
[2026-08-30T16:54:09.160+0000] {processor.py:840} INFO - DAG(s) 'feature_pipeline' retrieved from /opt/airflow/dags/feature_pipeline_dag.py
[2026-08-30T16:54:09.211+0000] {logging_mixin.py:188} INFO - [2026-08-30T16:54:09.210+0000] {dag.py:3089} INFO - Sync 1 DAGs
[2026-08-30T16:54:09.253+0000] {logging_mixin.py:188} INFO - [2026-08-30T16:54:09.253+0000] {dag.py:3947} INFO - Setting next_dagrun for feature_pipeline to 2026-08-30 16:00:00+00:00, run_after=2026-08-30 17:00:00+00:00
[2026-08-30T16:54:09.290+0000] {processor.py:183} INFO - Processing /opt/airflow/dags/feature_pipeline_dag.py took 2.094 seconds
[2026-08-30T16:54:39.822+0000] {processor.py:161} INFO - Started process (PID=6808) to work on /opt/airflow/dags/feature_pipeline_dag.py
[2026-08-30T16:54:39.826+0000] {processor.py:830} INFO - Processing file /opt/airflow/dags/feature_pipeline_dag.py for tasks to queue
[2026-08-30T16:54:39.838+0000] {logging_mixin.py:188} INFO - [2026-08-30T16:54:39.837+0000] {dagbag.py:545} INFO - Filling up the DagBag from /opt/airflow/dags/feature_pipeline_dag.py
[2026-08-30T16:54:41.579+0000] {processor.py:840} INFO - DAG(s) 'feature_pipeline' retrieved from /opt/airflow/dags/feature_pipeline_dag.py
[2026-08-30T16:54:41.637+0000] {logging_mixin.py:188} INFO - [2026-08-30T16:54:41.637+0000] {dag.py:3089} INFO - Sync 1 DAGs
[2026-08-30T16:54:41.682+0000] {logging_mixin.py:188} INFO - [2026-08-30T16:54:41.681+0000] {dag.py:3947} INFO - Setting next_dagrun for feature_pipeline to 2026-08-30 16:00:00+00:00, run_after=2026-08-30 17:00:00+00:00
[2026-08-30T16:54:41.724+0000] {processor.py:183} INFO - Processing /opt/airflow/dags/feature_pipeline_dag.py took 1.933 seconds
[2026-08-30T16:55:16.723+0000] {processor.py:161} INFO - Started process (PID=6894) to work on /opt/airflow/dags/feature_pipeline_dag.py
[2026-08-30T16:55:16.763+0000] {processor.py:830} INFO - Processing file /opt/airflow/dags/feature_pipeline_dag.py for tasks to queue
[2026-08-30T16:55:16.769+0000] {logging_mixin.py:188} INFO - [2026-08-30T16:55:16.769+0000] {dagbag.py:545} INFO - Filling up the DagBag from /opt/airflow/dags/feature_pipeline_dag.py
[2026-08-30T16:55:20.840+0000] {processor.py:840} INFO - DAG(s) 'feature_pipeline' retrieved from /opt/airflow/dags/feature_pipeline_dag.py
[2026-08-30T16:55:20.898+0000] {logging_mixin.py:188} INFO - [2026-08-30T16:55:20.896+0000] {dag.py:3089} INFO - Sync 1 DAGs
[2026-08-30T16:55:21.017+0000] {logging_mixin.py:188} INFO - [2026-08-30T16:55:21.014+0000] {dag.py:3947} INFO - Setting next_dagrun for feature_pipeline to 2026-08-30 16:00:00+00:00, run_after=2026-08-30 17:00:00+00:00
[2026-08-30T16:55:21.159+0000] {processor.py:183} INFO - Processing /opt/airflow/dags/feature_pipeline_dag.py took 4.457 seconds
[2026-08-30T16:55:55.230+0000] {processor.py:161} INFO - Started process (PID=6969) to work on /opt/airflow/dags/feature_pipeline_dag.py
[2026-08-30T16:55:55.234+0000] {processor.py:830} INFO - Processing file /opt/airflow/dags/feature_pipeline_dag.py for tasks to queue
[2026-08-30T16:55:55.240+0000] {logging_mixin.py:188} INFO - [2026-08-30T16:55:55.239+0000] {dagbag.py:545} INFO - Filling up the DagBag from /opt/airflow/dags/feature_pipeline_dag.py
[2026-08-30T16:56:05.786+0000] {processor.py:840} INFO - DAG(s) 'feature_pipeline' retrieved from /opt/airflow/dags/feature_pipeline_dag.py
[2026-08-30T16:56:06.321+0000] {logging_mixin.py:188} INFO - [2026-08-30T16:56:06.318+0000] {dag.py:3089} INFO - Sync 1 DAGs
[2026-08-30T16:56:06.540+0000] {logging_mixin.py:188} INFO - [2026-08-30T16:56:06.540+0000] {dag.py:3947} INFO - Setting next_dagrun for feature_pipeline to 2026-08-30 16:00:00+00:00, run_after=2026-08-30 17:00:00+00:00
[2026-08-30T16:56:09.884+0000] {processor.py:183} INFO - Processing /opt/airflow/dags/feature_pipeline_dag.py took 16.963 seconds
[2026-08-30T16:56:40.634+0000] {processor.py:161} INFO - Started process (PID=7044) to work on /opt/airflow/dags/feature_pipeline_dag.py
[2026-08-30T16:56:40.637+0000] {processor.py:830} INFO - Processing file /opt/airflow/dags/feature_pipeline_dag.py for tasks to queue
[2026-08-30T16:56:40.645+0000] {logging_mixin.py:188} INFO - [2026-08-30T16:56:40.644+0000] {dagbag.py:545} INFO - Filling up the DagBag from /opt/airflow/dags/feature_pipeline_dag.py
[2026-08-30T16:56:43.335+0000] {processor.py:840} INFO - DAG(s) 'feature_pipeline' retrieved from /opt/airflow/dags/feature_pipeline_dag.py
[2026-08-30T16:56:43.399+0000] {logging_mixin.py:188} INFO - [2026-08-30T16:56:43.398+0000] {dag.py:3089} INFO - Sync 1 DAGs
[2026-08-30T16:56:43.447+0000] {logging_mixin.py:188} INFO - [2026-08-30T16:56:43.447+0000] {dag.py:3947} INFO - Setting next_dagrun for feature_pipeline to 2026-08-30 16:00:00+00:00, run_after=2026-08-30 17:00:00+00:00
[2026-08-30T16:56:43.492+0000] {processor.py:183} INFO - Processing /opt/airflow/dags/feature_pipeline_dag.py took 2.877 seconds
[2026-08-30T16:57:14.046+0000] {processor.py:161} INFO - Started process (PID=7136) to work on /opt/airflow/dags/feature_pipeline_dag.py
[2026-08-30T16:57:14.050+0000] {processor.py:830} INFO - Processing file /opt/airflow/dags/feature_pipeline_dag.py for tasks to queue
[2026-08-30T16:57:14.056+0000] {logging_mixin.py:188} INFO - [2026-08-30T16:57:14.055+0000] {dagbag.py:545} INFO - Filling up the DagBag from /opt/airflow/dags/feature_pipeline_dag.py
[2026-08-30T16:57:15.952+0000] {processor.py:840} INFO - DAG(s) 'feature_pipeline' retrieved from /opt/airflow/dags/feature_pipeline_dag.py
[2026-08-30T16:57:16.016+0000] {logging_mixin.py:188} INFO - [2026-08-30T16:57:16.015+0000] {dag.py:3089} INFO - Sync 1 DAGs
[2026-08-30T16:57:16.059+0000] {logging_mixin.py:188} INFO - [2026-08-30T16:57:16.058+0000] {dag.py:3947} INFO - Setting next_dagrun for feature_pipeline to 2026-08-30 16:00:00+00:00, run_after=2026-08-30 17:00:00+00:00
[2026-08-30T16:57:16.166+0000] {processor.py:183} INFO - Processing /opt/airflow/dags/feature_pipeline_dag.py took 2.140 seconds
[2026-08-30T16:57:46.619+0000] {processor.py:161} INFO - Started process (PID=7166) to work on /opt/airflow/dags/feature_pipeline_dag.py
[2026-08-30T16:57:46.625+0000] {processor.py:830} INFO - Processing file /opt/airflow/dags/feature_pipeline_dag.py for tasks to queue
[2026-08-30T16:57:46.633+0000] {logging_mixin.py:188} INFO - [2026-08-30T16:57:46.631+0000] {dagbag.py:545} INFO - Filling up the DagBag from /opt/airflow/dags/feature_pipeline_dag.py
[2026-08-30T16:57:48.819+0000] {processor.py:840} INFO - DAG(s) 'feature_pipeline' retrieved from /opt/airflow/dags/feature_pipeline_dag.py
[2026-08-30T16:57:48.872+0000] {logging_mixin.py:188} INFO - [2026-08-30T16:57:48.871+0000] {dag.py:3089} INFO - Sync 1 DAGs
[2026-08-30T16:57:48.913+0000] {logging_mixin.py:188} INFO - [2026-08-30T16:57:48.913+0000] {dag.py:3947} INFO - Setting next_dagrun for feature_pipeline to 2026-08-30 16:00:00+00:00, run_after=2026-08-30 17:00:00+00:00
[2026-08-30T16:57:48.952+0000] {processor.py:183} INFO - Processing /opt/airflow/dags/feature_pipeline_dag.py took 2.368 seconds
[2026-08-30T16:58:20.979+0000] {processor.py:161} INFO - Started process (PID=7221) to work on /opt/airflow/dags/feature_pipeline_dag.py
[2026-08-30T16:58:20.982+0000] {processor.py:830} INFO - Processing file /opt/airflow/dags/feature_pipeline_dag.py for tasks to queue
[2026-08-30T16:58:20.989+0000] {logging_mixin.py:188} INFO - [2026-08-30T16:58:20.988+0000] {dagbag.py:545} INFO - Filling up the DagBag from /opt/airflow/dags/feature_pipeline_dag.py
[2026-08-30T16:58:19.423+0000] {processor.py:840} INFO - DAG(s) 'feature_pipeline' retrieved from /opt/airflow/dags/feature_pipeline_dag.py
[2026-08-30T16:58:19.478+0000] {logging_mixin.py:188} INFO - [2026-08-30T16:58:19.477+0000] {dag.py:3089} INFO - Sync 1 DAGs
[2026-08-30T16:58:19.520+0000] {logging_mixin.py:188} INFO - [2026-08-30T16:58:19.519+0000] {dag.py:3947} INFO - Setting next_dagrun for feature_pipeline to 2026-08-30 16:00:00+00:00, run_after=2026-08-30 17:00:00+00:00
[2026-08-30T16:58:19.560+0000] {processor.py:183} INFO - Processing /opt/airflow/dags/feature_pipeline_dag.py took 2.160 seconds
[2026-08-30T16:58:50.159+0000] {processor.py:161} INFO - Started process (PID=7272) to work on /opt/airflow/dags/feature_pipeline_dag.py
[2026-08-30T16:58:50.161+0000] {processor.py:830} INFO - Processing file /opt/airflow/dags/feature_pipeline_dag.py for tasks to queue
[2026-08-30T16:58:50.167+0000] {logging_mixin.py:188} INFO - [2026-08-30T16:58:50.166+0000] {dagbag.py:545} INFO - Filling up the DagBag from /opt/airflow/dags/feature_pipeline_dag.py
[2026-08-30T16:58:51.964+0000] {processor.py:840} INFO - DAG(s) 'feature_pipeline' retrieved from /opt/airflow/dags/feature_pipeline_dag.py
[2026-08-30T16:58:52.012+0000] {logging_mixin.py:188} INFO - [2026-08-30T16:58:52.012+0000] {dag.py:3089} INFO - Sync 1 DAGs
[2026-08-30T16:58:52.050+0000] {logging_mixin.py:188} INFO - [2026-08-30T16:58:52.050+0000] {dag.py:3947} INFO - Setting next_dagrun for feature_pipeline to 2026-08-30 16:00:00+00:00, run_after=2026-08-30 17:00:00+00:00
[2026-08-30T16:58:52.087+0000] {processor.py:183} INFO - Processing /opt/airflow/dags/feature_pipeline_dag.py took 1.946 seconds
[2026-08-30T16:59:23.519+0000] {processor.py:161} INFO - Started process (PID=7332) to work on /opt/airflow/dags/feature_pipeline_dag.py
[2026-08-30T16:59:23.521+0000] {processor.py:830} INFO - Processing file /opt/airflow/dags/feature_pipeline_dag.py for tasks to queue
[2026-08-30T16:59:23.527+0000] {logging_mixin.py:188} INFO - [2026-08-30T16:59:23.526+0000] {dagbag.py:545} INFO - Filling up the DagBag from /opt/airflow/dags/feature_pipeline_dag.py
[2026-08-30T16:59:25.282+0000] {processor.py:840} INFO - DAG(s) 'feature_pipeline' retrieved from /opt/airflow/dags/feature_pipeline_dag.py
[2026-08-30T16:59:25.330+0000] {logging_mixin.py:188} INFO - [2026-08-30T16:59:25.330+0000] {dag.py:3089} INFO - Sync 1 DAGs
[2026-08-30T16:59:25.377+0000] {logging_mixin.py:188} INFO - [2026-08-30T16:59:25.377+0000] {dag.py:3947} INFO - Setting next_dagrun for feature_pipeline to 2026-08-30 16:00:00+00:00, run_after=2026-08-30 17:00:00+00:00
[2026-08-30T16:59:25.415+0000] {processor.py:183} INFO - Processing /opt/airflow/dags/feature_pipeline_dag.py took 1.916 seconds
[2026-08-30T16:59:56.383+0000] {processor.py:161} INFO - Started process (PID=7372) to work on /opt/airflow/dags/feature_pipeline_dag.py
[2026-08-30T16:59:56.386+0000] {processor.py:830} INFO - Processing file /opt/airflow/dags/feature_pipeline_dag.py for tasks to queue
[2026-08-30T16:59:56.392+0000] {logging_mixin.py:188} INFO - [2026-08-30T16:59:56.391+0000] {dagbag.py:545} INFO - Filling up the DagBag from /opt/airflow/dags/feature_pipeline_dag.py
[2026-08-30T16:59:58.466+0000] {processor.py:840} INFO - DAG(s) 'feature_pipeline' retrieved from /opt/airflow/dags/feature_pipeline_dag.py
[2026-08-30T16:59:58.516+0000] {logging_mixin.py:188} INFO - [2026-08-30T16:59:58.516+0000] {dag.py:3089} INFO - Sync 1 DAGs
[2026-08-30T16:59:58.556+0000] {logging_mixin.py:188} INFO - [2026-08-30T16:59:58.556+0000] {dag.py:3947} INFO - Setting next_dagrun for feature_pipeline to 2026-08-30 16:00:00+00:00, run_after=2026-08-30 17:00:00+00:00
[2026-08-30T16:59:58.609+0000] {processor.py:183} INFO - Processing /opt/airflow/dags/feature_pipeline_dag.py took 2.248 seconds
[2026-08-30T17:00:29.533+0000] {processor.py:161} INFO - Started process (PID=7423) to work on /opt/airflow/dags/feature_pipeline_dag.py
[2026-08-30T17:00:29.536+0000] {processor.py:830} INFO - Processing file /opt/airflow/dags/feature_pipeline_dag.py for tasks to queue
[2026-08-30T17:00:29.542+0000] {logging_mixin.py:188} INFO - [2026-08-30T17:00:29.541+0000] {dagbag.py:545} INFO - Filling up the DagBag from /opt/airflow/dags/feature_pipeline_dag.py
[2026-08-30T17:00:31.467+0000] {processor.py:840} INFO - DAG(s) 'feature_pipeline' retrieved from /opt/airflow/dags/feature_pipeline_dag.py
[2026-08-30T17:00:31.521+0000] {logging_mixin.py:188} INFO - [2026-08-30T17:00:31.520+0000] {dag.py:3089} INFO - Sync 1 DAGs
[2026-08-30T17:00:31.559+0000] {logging_mixin.py:188} INFO - [2026-08-30T17:00:31.558+0000] {dag.py:3947} INFO - Setting next_dagrun for feature_pipeline to 2026-08-30 17:00:00+00:00, run_after=2026-08-30 18:00:00+00:00
[2026-08-30T17:00:31.602+0000] {processor.py:183} INFO - Processing /opt/airflow/dags/feature_pipeline_dag.py took 2.089 seconds
[2026-08-30T17:01:01.913+0000] {processor.py:161} INFO - Started process (PID=7485) to work on /opt/airflow/dags/feature_pipeline_dag.py
[2026-08-30T17:01:01.915+0000] {processor.py:830} INFO - Processing file /opt/airflow/dags/feature_pipeline_dag.py for tasks to queue
[2026-08-30T17:01:01.922+0000] {logging_mixin.py:188} INFO - [2026-08-30T17:01:01.920+0000] {dagbag.py:545} INFO - Filling up the DagBag from /opt/airflow/dags/feature_pipeline_dag.py
[2026-08-30T17:01:03.658+0000] {processor.py:840} INFO - DAG(s) 'feature_pipeline' retrieved from /opt/airflow/dags/feature_pipeline_dag.py
[2026-08-30T17:01:03.704+0000] {logging_mixin.py:188} INFO - [2026-08-30T17:01:03.703+0000] {dag.py:3089} INFO - Sync 1 DAGs
[2026-08-30T17:01:03.740+0000] {logging_mixin.py:188} INFO - [2026-08-30T17:01:03.740+0000] {dag.py:3947} INFO - Setting next_dagrun for feature_pipeline to 2026-08-30 17:00:00+00:00, run_after=2026-08-30 18:00:00+00:00
[2026-08-30T17:01:03.778+0000] {processor.py:183} INFO - Processing /opt/airflow/dags/feature_pipeline_dag.py took 1.884 seconds
[2026-08-30T17:01:34.095+0000] {processor.py:161} INFO - Started process (PID=7516) to work on /opt/airflow/dags/feature_pipeline_dag.py
[2026-08-30T17:01:34.097+0000] {processor.py:830} INFO - Processing file /opt/airflow/dags/feature_pipeline_dag.py for tasks to queue
[2026-08-30T17:01:34.103+0000] {logging_mixin.py:188} INFO - [2026-08-30T17:01:34.102+0000] {dagbag.py:545} INFO - Filling up the DagBag from /opt/airflow/dags/feature_pipeline_dag.py
[2026-08-30T17:01:35.964+0000] {processor.py:840} INFO - DAG(s) 'feature_pipeline' retrieved from /opt/airflow/dags/feature_pipeline_dag.py
[2026-08-30T17:01:36.019+0000] {logging_mixin.py:188} INFO - [2026-08-30T17:01:36.018+0000] {dag.py:3089} INFO - Sync 1 DAGs
[2026-08-30T17:01:36.084+0000] {logging_mixin.py:188} INFO - [2026-08-30T17:01:36.083+0000] {dag.py:3947} INFO - Setting next_dagrun for feature_pipeline to 2026-08-30 17:00:00+00:00, run_after=2026-08-30 18:00:00+00:00
[2026-08-30T17:01:36.136+0000] {processor.py:183} INFO - Processing /opt/airflow/dags/feature_pipeline_dag.py took 2.062 seconds
[2026-08-30T17:02:06.408+0000] {processor.py:161} INFO - Started process (PID=7546) to work on /opt/airflow/dags/feature_pipeline_dag.py
[2026-08-30T17:02:06.410+0000] {processor.py:830} INFO - Processing file /opt/airflow/dags/feature_pipeline_dag.py for tasks to queue
[2026-08-30T17:02:06.415+0000] {logging_mixin.py:188} INFO - [2026-08-30T17:02:06.415+0000] {dagbag.py:545} INFO - Filling up the DagBag from /opt/airflow/dags/feature_pipeline_dag.py
[2026-08-30T17:02:08.163+0000] {processor.py:840} INFO - DAG(s) 'feature_pipeline' retrieved from /opt/airflow/dags/feature_pipeline_dag.py
[2026-08-30T17:02:08.217+0000] {logging_mixin.py:188} INFO - [2026-08-30T17:02:08.216+0000] {dag.py:3089} INFO - Sync 1 DAGs
[2026-08-30T17:02:08.264+0000] {logging_mixin.py:188} INFO - [2026-08-30T17:02:08.264+0000] {dag.py:3947} INFO - Setting next_dagrun for feature_pipeline to 2026-08-30 17:00:00+00:00, run_after=2026-08-30 18:00:00+00:00
[2026-08-30T17:02:08.306+0000] {processor.py:183} INFO - Processing /opt/airflow/dags/feature_pipeline_dag.py took 1.917 seconds
[2026-08-30T17:02:38.780+0000] {processor.py:161} INFO - Started process (PID=7610) to work on /opt/airflow/dags/feature_pipeline_dag.py
[2026-08-30T17:02:38.783+0000] {processor.py:830} INFO - Processing file /opt/airflow/dags/feature_pipeline_dag.py for tasks to queue
[2026-08-30T17:02:38.790+0000] {logging_mixin.py:188} INFO - [2026-08-30T17:02:38.789+0000] {dagbag.py:545} INFO - Filling up the DagBag from /opt/airflow/dags/feature_pipeline_dag.py
[2026-08-30T17:02:40.748+0000] {processor.py:840} INFO - DAG(s) 'feature_pipeline' retrieved from /opt/airflow/dags/feature_pipeline_dag.py
[2026-08-30T17:02:40.805+0000] {logging_mixin.py:188} INFO - [2026-08-30T17:02:40.805+0000] {dag.py:3089} INFO - Sync 1 DAGs
[2026-08-30T17:02:40.847+0000] {logging_mixin.py:188} INFO - [2026-08-30T17:02:40.846+0000] {dag.py:3947} INFO - Setting next_dagrun for feature_pipeline to 2026-08-30 17:00:00+00:00, run_after=2026-08-30 18:00:00+00:00
[2026-08-30T17:02:40.884+0000] {processor.py:183} INFO - Processing /opt/airflow/dags/feature_pipeline_dag.py took 2.122 seconds
[2026-08-30T17:03:11.316+0000] {processor.py:161} INFO - Started process (PID=7652) to work on /opt/airflow/dags/feature_pipeline_dag.py
[2026-08-30T17:03:11.319+0000] {processor.py:830} INFO - Processing file /opt/airflow/dags/feature_pipeline_dag.py for tasks to queue
[2026-08-30T17:03:11.325+0000] {logging_mixin.py:188} INFO - [2026-08-30T17:03:11.323+0000] {dagbag.py:545} INFO - Filling up the DagBag from /opt/airflow/dags/feature_pipeline_dag.py
[2026-08-30T17:03:13.439+0000] {processor.py:840} INFO - DAG(s) 'feature_pipeline' retrieved from /opt/airflow/dags/feature_pipeline_dag.py
[2026-08-30T17:03:13.499+0000] {logging_mixin.py:188} INFO - [2026-08-30T17:03:13.498+0000] {dag.py:3089} INFO - Sync 1 DAGs
[2026-08-30T17:03:13.543+0000] {logging_mixin.py:188} INFO - [2026-08-30T17:03:13.543+0000] {dag.py:3947} INFO - Setting next_dagrun for feature_pipeline to 2026-08-30 17:00:00+00:00, run_after=2026-08-30 18:00:00+00:00
[2026-08-30T17:03:13.580+0000] {processor.py:183} INFO - Processing /opt/airflow/dags/feature_pipeline_dag.py took 2.283 seconds
[2026-08-30T17:03:43.856+0000] {processor.py:161} INFO - Started process (PID=7719) to work on /opt/airflow/dags/feature_pipeline_dag.py
[2026-08-30T17:03:43.859+0000] {processor.py:830} INFO - Processing file /opt/airflow/dags/feature_pipeline_dag.py for tasks to queue
[2026-08-30T17:03:43.864+0000] {logging_mixin.py:188} INFO - [2026-08-30T17:03:43.863+0000] {dagbag.py:545} INFO - Filling up the DagBag from /opt/airflow/dags/feature_pipeline_dag.py
[2026-08-30T17:03:45.957+0000] {processor.py:840} INFO - DAG(s) 'feature_pipeline' retrieved from /opt/airflow/dags/feature_pipeline_dag.py
[2026-08-30T17:03:46.015+0000] {logging_mixin.py:188} INFO - [2026-08-30T17:03:46.015+0000] {dag.py:3089} INFO - Sync 1 DAGs
[2026-08-30T17:03:46.059+0000] {logging_mixin.py:188} INFO - [2026-08-30T17:03:46.059+0000] {dag.py:3947} INFO - Setting next_dagrun for feature_pipeline to 2026-08-30 17:00:00+00:00, run_after=2026-08-30 18:00:00+00:00
[2026-08-30T17:03:46.101+0000] {processor.py:183} INFO - Processing /opt/airflow/dags/feature_pipeline_dag.py took 2.265 seconds
[2026-08-30T17:04:16.423+0000] {processor.py:161} INFO - Started process (PID=7770) to work on /opt/airflow/dags/feature_pipeline_dag.py
[2026-08-30T17:04:16.426+0000] {processor.py:830} INFO - Processing file /opt/airflow/dags/feature_pipeline_dag.py for tasks to queue
[2026-08-30T17:04:16.432+0000] {logging_mixin.py:188} INFO - [2026-08-30T17:04:16.431+0000] {dagbag.py:545} INFO - Filling up the DagBag from /opt/airflow/dags/feature_pipeline_dag.py
[2026-08-30T17:04:18.447+0000] {processor.py:840} INFO - DAG(s) 'feature_pipeline' retrieved from /opt/airflow/dags/feature_pipeline_dag.py
[2026-08-30T17:04:18.496+0000] {logging_mixin.py:188} INFO - [2026-08-30T17:04:18.495+0000] {dag.py:3089} INFO - Sync 1 DAGs
[2026-08-30T17:04:18.533+0000] {logging_mixin.py:188} INFO - [2026-08-30T17:04:18.533+0000] {dag.py:3947} INFO - Setting next_dagrun for feature_pipeline to 2026-08-30 17:00:00+00:00, run_after=2026-08-30 18:00:00+00:00
[2026-08-30T17:04:18.570+0000] {processor.py:183} INFO - Processing /opt/airflow/dags/feature_pipeline_dag.py took 2.166 seconds
[2026-08-30T17:04:49.048+0000] {processor.py:161} INFO - Started process (PID=7821) to work on /opt/airflow/dags/feature_pipeline_dag.py
[2026-08-30T17:04:49.052+0000] {processor.py:830} INFO - Processing file /opt/airflow/dags/feature_pipeline_dag.py for tasks to queue
[2026-08-30T17:04:49.058+0000] {logging_mixin.py:188} INFO - [2026-08-30T17:04:49.057+0000] {dagbag.py:545} INFO - Filling up the DagBag from /opt/airflow/dags/feature_pipeline_dag.py
[2026-08-30T17:04:50.941+0000] {processor.py:840} INFO - DAG(s) 'feature_pipeline' retrieved from /opt/airflow/dags/feature_pipeline_dag.py
[2026-08-30T17:04:51.000+0000] {logging_mixin.py:188} INFO - [2026-08-30T17:04:50.999+0000] {dag.py:3089} INFO - Sync 1 DAGs
[2026-08-30T17:04:51.054+0000] {logging_mixin.py:188} INFO - [2026-08-30T17:04:51.054+0000] {dag.py:3947} INFO - Setting next_dagrun for feature_pipeline to 2026-08-30 17:00:00+00:00, run_after=2026-08-30 18:00:00+00:00
[2026-08-30T17:04:51.094+0000] {processor.py:183} INFO - Processing /opt/airflow/dags/feature_pipeline_dag.py took 2.077 seconds
[2026-08-30T17:05:21.525+0000] {processor.py:161} INFO - Started process (PID=7872) to work on /opt/airflow/dags/feature_pipeline_dag.py
[2026-08-30T17:05:21.528+0000] {processor.py:830} INFO - Processing file /opt/airflow/dags/feature_pipeline_dag.py for tasks to queue
[2026-08-30T17:05:21.535+0000] {logging_mixin.py:188} INFO - [2026-08-30T17:05:21.535+0000] {dagbag.py:545} INFO - Filling up the DagBag from /opt/airflow/dags/feature_pipeline_dag.py
[2026-08-30T17:05:23.462+0000] {processor.py:840} INFO - DAG(s) 'feature_pipeline' retrieved from /opt/airflow/dags/feature_pipeline_dag.py
[2026-08-30T17:05:23.522+0000] {logging_mixin.py:188} INFO - [2026-08-30T17:05:23.521+0000] {dag.py:3089} INFO - Sync 1 DAGs
[2026-08-30T17:05:23.560+0000] {logging_mixin.py:188} INFO - [2026-08-30T17:05:23.560+0000] {dag.py:3947} INFO - Setting next_dagrun for feature_pipeline to 2026-08-30 17:00:00+00:00, run_after=2026-08-30 18:00:00+00:00
[2026-08-30T17:05:23.599+0000] {processor.py:183} INFO - Processing /opt/airflow/dags/feature_pipeline_dag.py took 2.093 seconds
[2026-08-30T18:38:36.614+0000] {processor.py:161} INFO - Started process (PID=7925) to work on /opt/airflow/dags/feature_pipeline_dag.py
[2026-08-30T18:38:36.618+0000] {processor.py:830} INFO - Processing file /opt/airflow/dags/feature_pipeline_dag.py for tasks to queue
[2026-08-30T18:38:36.626+0000] {logging_mixin.py:188} INFO - [2026-08-30T18:38:36.625+0000] {dagbag.py:545} INFO - Filling up the DagBag from /opt/airflow/dags/feature_pipeline_dag.py
[2026-08-30T18:38:39.498+0000] {processor.py:840} INFO - DAG(s) 'feature_pipeline' retrieved from /opt/airflow/dags/feature_pipeline_dag.py
[2026-08-30T18:38:39.586+0000] {logging_mixin.py:188} INFO - [2026-08-30T18:38:39.585+0000] {dag.py:3089} INFO - Sync 1 DAGs
[2026-08-30T18:38:39.679+0000] {logging_mixin.py:188} INFO - [2026-08-30T18:38:39.678+0000] {dag.py:3947} INFO - Setting next_dagrun for feature_pipeline to 2026-08-30 18:00:00+00:00, run_after=2026-08-30 19:00:00+00:00
[2026-08-30T18:38:39.835+0000] {processor.py:183} INFO - Processing /opt/airflow/dags/feature_pipeline_dag.py took 3.236 seconds
[2026-08-30T18:39:10.362+0000] {processor.py:161} INFO - Started process (PID=7957) to work on /opt/airflow/dags/feature_pipeline_dag.py
[2026-08-30T18:39:10.375+0000] {processor.py:830} INFO - Processing file /opt/airflow/dags/feature_pipeline_dag.py for tasks to queue
[2026-08-30T18:39:10.385+0000] {logging_mixin.py:188} INFO - [2026-08-30T18:39:10.381+0000] {dagbag.py:545} INFO - Filling up the DagBag from /opt/airflow/dags/feature_pipeline_dag.py
[2026-08-30T18:39:12.226+0000] {processor.py:840} INFO - DAG(s) 'feature_pipeline' retrieved from /opt/airflow/dags/feature_pipeline_dag.py
[2026-08-30T18:39:12.276+0000] {logging_mixin.py:188} INFO - [2026-08-30T18:39:12.276+0000] {dag.py:3089} INFO - Sync 1 DAGs
[2026-08-30T18:39:12.310+0000] {logging_mixin.py:188} INFO - [2026-08-30T18:39:12.310+0000] {dag.py:3947} INFO - Setting next_dagrun for feature_pipeline to 2026-08-30 18:00:00+00:00, run_after=2026-08-30 19:00:00+00:00
[2026-08-30T18:39:13.990+0000] {processor.py:183} INFO - Processing /opt/airflow/dags/feature_pipeline_dag.py took 3.653 seconds
[2026-08-30T18:39:44.238+0000] {processor.py:161} INFO - Started process (PID=7983) to work on /opt/airflow/dags/feature_pipeline_dag.py
[2026-08-30T18:39:44.240+0000] {processor.py:830} INFO - Processing file /opt/airflow/dags/feature_pipeline_dag.py for tasks to queue
[2026-08-30T18:39:44.244+0000] {logging_mixin.py:188} INFO - [2026-08-30T18:39:44.243+0000] {dagbag.py:545} INFO - Filling up the DagBag from /opt/airflow/dags/feature_pipeline_dag.py
[2026-08-30T18:39:45.641+0000] {processor.py:840} INFO - DAG(s) 'feature_pipeline' retrieved from /opt/airflow/dags/feature_pipeline_dag.py
[2026-08-30T18:39:45.680+0000] {logging_mixin.py:188} INFO - [2026-08-30T18:39:45.680+0000] {dag.py:3089} INFO - Sync 1 DAGs
[2026-08-30T18:39:45.712+0000] {logging_mixin.py:188} INFO - [2026-08-30T18:39:45.712+0000] {dag.py:3947} INFO - Setting next_dagrun for feature_pipeline to 2026-08-30 18:00:00+00:00, run_after=2026-08-30 19:00:00+00:00
[2026-08-30T18:39:45.755+0000] {processor.py:183} INFO - Processing /opt/airflow/dags/feature_pipeline_dag.py took 1.533 seconds
[2026-08-30T18:40:16.497+0000] {processor.py:161} INFO - Started process (PID=8013) to work on /opt/airflow/dags/feature_pipeline_dag.py
[2026-08-30T18:40:16.499+0000] {processor.py:830} INFO - Processing file /opt/airflow/dags/feature_pipeline_dag.py for tasks to queue
[2026-08-30T18:40:16.504+0000] {logging_mixin.py:188} INFO - [2026-08-30T18:40:16.503+0000] {dagbag.py:545} INFO - Filling up the DagBag from /opt/airflow/dags/feature_pipeline_dag.py
[2026-08-30T18:40:18.208+0000] {processor.py:840} INFO - DAG(s) 'feature_pipeline' retrieved from /opt/airflow/dags/feature_pipeline_dag.py
[2026-08-30T18:40:18.256+0000] {logging_mixin.py:188} INFO - [2026-08-30T18:40:18.256+0000] {dag.py:3089} INFO - Sync 1 DAGs
[2026-08-30T18:40:18.297+0000] {logging_mixin.py:188} INFO - [2026-08-30T18:40:18.296+0000] {dag.py:3947} INFO - Setting next_dagrun for feature_pipeline to 2026-08-30 18:00:00+00:00, run_after=2026-08-30 19:00:00+00:00
[2026-08-30T18:40:18.330+0000] {processor.py:183} INFO - Processing /opt/airflow/dags/feature_pipeline_dag.py took 1.853 seconds
[2026-08-30T18:40:48.894+0000] {processor.py:161} INFO - Started process (PID=8043) to work on /opt/airflow/dags/feature_pipeline_dag.py
[2026-08-30T18:40:48.897+0000] {processor.py:830} INFO - Processing file /opt/airflow/dags/feature_pipeline_dag.py for tasks to queue
[2026-08-30T18:40:48.903+0000] {logging_mixin.py:188} INFO - [2026-08-30T18:40:48.902+0000] {dagbag.py:545} INFO - Filling up the DagBag from /opt/airflow/dags/feature_pipeline_dag.py
[2026-08-30T18:40:50.682+0000] {processor.py:840} INFO - DAG(s) 'feature_pipeline' retrieved from /opt/airflow/dags/feature_pipeline_dag.py
[2026-08-30T18:40:50.737+0000] {logging_mixin.py:188} INFO - [2026-08-30T18:40:50.736+0000] {dag.py:3089} INFO - Sync 1 DAGs
[2026-08-30T18:40:50.778+0000] {logging_mixin.py:188} INFO - [2026-08-30T18:40:50.777+0000] {dag.py:3947} INFO - Setting next_dagrun for feature_pipeline to 2026-08-30 18:00:00+00:00, run_after=2026-08-30 19:00:00+00:00
[2026-08-30T18:40:50.813+0000] {processor.py:183} INFO - Processing /opt/airflow/dags/feature_pipeline_dag.py took 1.937 seconds
[2026-08-30T18:41:21.080+0000] {processor.py:161} INFO - Started process (PID=8073) to work on /opt/airflow/dags/feature_pipeline_dag.py
[2026-08-30T18:41:21.083+0000] {processor.py:830} INFO - Processing file /opt/airflow/dags/feature_pipeline_dag.py for tasks to queue
[2026-08-30T18:41:21.088+0000] {logging_mixin.py:188} INFO - [2026-08-30T18:41:21.087+0000] {dagbag.py:545} INFO - Filling up the DagBag from /opt/airflow/dags/feature_pipeline_dag.py
[2026-08-30T18:41:22.954+0000] {processor.py:840} INFO - DAG(s) 'feature_pipeline' retrieved from /opt/airflow/dags/feature_pipeline_dag.py
[2026-08-30T18:41:23.005+0000] {logging_mixin.py:188} INFO - [2026-08-30T18:41:23.005+0000] {dag.py:3089} INFO - Sync 1 DAGs
[2026-08-30T18:41:23.050+0000] {logging_mixin.py:188} INFO - [2026-08-30T18:41:23.049+0000] {dag.py:3947} INFO - Setting next_dagrun for feature_pipeline to 2026-08-30 18:00:00+00:00, run_after=2026-08-30 19:00:00+00:00
[2026-08-30T18:41:23.087+0000] {processor.py:183} INFO - Processing /opt/airflow/dags/feature_pipeline_dag.py took 2.025 seconds
[2026-08-30T18:41:53.577+0000] {processor.py:161} INFO - Started process (PID=8103) to work on /opt/airflow/dags/feature_pipeline_dag.py
[2026-08-30T18:41:53.580+0000] {processor.py:830} INFO - Processing file /opt/airflow/dags/feature_pipeline_dag.py for tasks to queue
[2026-08-30T18:41:53.585+0000] {logging_mixin.py:188} INFO - [2026-08-30T18:41:53.584+0000] {dagbag.py:545} INFO - Filling up the DagBag from /opt/airflow/dags/feature_pipeline_dag.py
[2026-08-30T18:41:55.354+0000] {processor.py:840} INFO - DAG(s) 'feature_pipeline' retrieved from /opt/airflow/dags/feature_pipeline_dag.py
[2026-08-30T18:41:55.417+0000] {logging_mixin.py:188} INFO - [2026-08-30T18:41:55.416+0000] {dag.py:3089} INFO - Sync 1 DAGs
[2026-08-30T18:41:55.461+0000] {logging_mixin.py:188} INFO - [2026-08-30T18:41:55.461+0000] {dag.py:3947} INFO - Setting next_dagrun for feature_pipeline to 2026-08-30 18:00:00+00:00, run_after=2026-08-30 19:00:00+00:00
[2026-08-30T18:41:55.498+0000] {processor.py:183} INFO - Processing /opt/airflow/dags/feature_pipeline_dag.py took 1.936 seconds
[2026-08-30T18:42:25.665+0000] {processor.py:161} INFO - Started process (PID=8133) to work on /opt/airflow/dags/feature_pipeline_dag.py
[2026-08-30T18:42:25.667+0000] {processor.py:830} INFO - Processing file /opt/airflow/dags/feature_pipeline_dag.py for tasks to queue
[2026-08-30T18:42:25.674+0000] {logging_mixin.py:188} INFO - [2026-08-30T18:42:25.673+0000] {dagbag.py:545} INFO - Filling up the DagBag from /opt/airflow/dags/feature_pipeline_dag.py
[2026-08-30T18:42:27.315+0000] {processor.py:840} INFO - DAG(s) 'feature_pipeline' retrieved from /opt/airflow/dags/feature_pipeline_dag.py
[2026-08-30T18:42:27.361+0000] {logging_mixin.py:188} INFO - [2026-08-30T18:42:27.361+0000] {dag.py:3089} INFO - Sync 1 DAGs
[2026-08-30T18:42:27.397+0000] {logging_mixin.py:188} INFO - [2026-08-30T18:42:27.396+0000] {dag.py:3947} INFO - Setting next_dagrun for feature_pipeline to 2026-08-30 18:00:00+00:00, run_after=2026-08-30 19:00:00+00:00
[2026-08-30T18:42:27.432+0000] {processor.py:183} INFO - Processing /opt/airflow/dags/feature_pipeline_dag.py took 1.786 seconds
[2026-08-30T18:42:57.876+0000] {processor.py:161} INFO - Started process (PID=8163) to work on /opt/airflow/dags/feature_pipeline_dag.py
[2026-08-30T18:42:57.879+0000] {processor.py:830} INFO - Processing file /opt/airflow/dags/feature_pipeline_dag.py for tasks to queue
[2026-08-30T18:42:57.887+0000] {logging_mixin.py:188} INFO - [2026-08-30T18:42:57.886+0000] {dagbag.py:545} INFO - Filling up the DagBag from /opt/airflow/dags/feature_pipeline_dag.py
[2026-08-30T18:42:59.650+0000] {processor.py:840} INFO - DAG(s) 'feature_pipeline' retrieved from /opt/airflow/dags/feature_pipeline_dag.py
[2026-08-30T18:42:59.698+0000] {logging_mixin.py:188} INFO - [2026-08-30T18:42:59.697+0000] {dag.py:3089} INFO - Sync 1 DAGs
[2026-08-30T18:42:59.743+0000] {logging_mixin.py:188} INFO - [2026-08-30T18:42:59.742+0000] {dag.py:3947} INFO - Setting next_dagrun for feature_pipeline to 2026-08-30 18:00:00+00:00, run_after=2026-08-30 19:00:00+00:00
[2026-08-30T18:42:59.781+0000] {processor.py:183} INFO - Processing /opt/airflow/dags/feature_pipeline_dag.py took 1.925 seconds
[2026-08-30T18:43:30.122+0000] {processor.py:161} INFO - Started process (PID=8193) to work on /opt/airflow/dags/feature_pipeline_dag.py
[2026-08-30T18:43:30.125+0000] {processor.py:830} INFO - Processing file /opt/airflow/dags/feature_pipeline_dag.py for tasks to queue
[2026-08-30T18:43:30.129+0000] {logging_mixin.py:188} INFO - [2026-08-30T18:43:30.129+0000] {dagbag.py:545} INFO - Filling up the DagBag from /opt/airflow/dags/feature_pipeline_dag.py
[2026-08-30T18:43:31.842+0000] {processor.py:840} INFO - DAG(s) 'feature_pipeline' retrieved from /opt/airflow/dags/feature_pipeline_dag.py
[2026-08-30T18:43:31.891+0000] {logging_mixin.py:188} INFO - [2026-08-30T18:43:31.890+0000] {dag.py:3089} INFO - Sync 1 DAGs
[2026-08-30T18:43:31.936+0000] {logging_mixin.py:188} INFO - [2026-08-30T18:43:31.935+0000] {dag.py:3947} INFO - Setting next_dagrun for feature_pipeline to 2026-08-30 18:00:00+00:00, run_after=2026-08-30 19:00:00+00:00
[2026-08-30T18:43:31.973+0000] {processor.py:183} INFO - Processing /opt/airflow/dags/feature_pipeline_dag.py took 1.868 seconds
[2026-08-30T18:44:02.433+0000] {processor.py:161} INFO - Started process (PID=8223) to work on /opt/airflow/dags/feature_pipeline_dag.py
[2026-08-30T18:44:02.436+0000] {processor.py:830} INFO - Processing file /opt/airflow/dags/feature_pipeline_dag.py for tasks to queue
[2026-08-30T18:44:02.441+0000] {logging_mixin.py:188} INFO - [2026-08-30T18:44:02.440+0000] {dagbag.py:545} INFO - Filling up the DagBag from /opt/airflow/dags/feature_pipeline_dag.py
[2026-08-30T18:44:04.247+0000] {processor.py:840} INFO - DAG(s) 'feature_pipeline' retrieved from /opt/airflow/dags/feature_pipeline_dag.py
[2026-08-30T18:44:04.299+0000] {logging_mixin.py:188} INFO - [2026-08-30T18:44:04.299+0000] {dag.py:3089} INFO - Sync 1 DAGs
[2026-08-30T18:44:04.343+0000] {logging_mixin.py:188} INFO - [2026-08-30T18:44:04.343+0000] {dag.py:3947} INFO - Setting next_dagrun for feature_pipeline to 2026-08-30 18:00:00+00:00, run_after=2026-08-30 19:00:00+00:00
[2026-08-30T18:44:04.380+0000] {processor.py:183} INFO - Processing /opt/airflow/dags/feature_pipeline_dag.py took 1.964 seconds
[2026-08-30T18:44:34.915+0000] {processor.py:161} INFO - Started process (PID=8253) to work on /opt/airflow/dags/feature_pipeline_dag.py
[2026-08-30T18:44:34.917+0000] {processor.py:830} INFO - Processing file /opt/airflow/dags/feature_pipeline_dag.py for tasks to queue
[2026-08-30T18:44:34.922+0000] {logging_mixin.py:188} INFO - [2026-08-30T18:44:34.921+0000] {dagbag.py:545} INFO - Filling up the DagBag from /opt/airflow/dags/feature_pipeline_dag.py
[2026-08-30T18:44:36.574+0000] {processor.py:840} INFO - DAG(s) 'feature_pipeline' retrieved from /opt/airflow/dags/feature_pipeline_dag.py
[2026-08-30T18:44:36.622+0000] {logging_mixin.py:188} INFO - [2026-08-30T18:44:36.621+0000] {dag.py:3089} INFO - Sync 1 DAGs
[2026-08-30T18:44:36.658+0000] {logging_mixin.py:188} INFO - [2026-08-30T18:44:36.657+0000] {dag.py:3947} INFO - Setting next_dagrun for feature_pipeline to 2026-08-30 18:00:00+00:00, run_after=2026-08-30 19:00:00+00:00
[2026-08-30T18:44:36.691+0000] {processor.py:183} INFO - Processing /opt/airflow/dags/feature_pipeline_dag.py took 1.793 seconds
[2026-08-30T18:45:07.016+0000] {processor.py:161} INFO - Started process (PID=8283) to work on /opt/airflow/dags/feature_pipeline_dag.py
[2026-08-30T18:45:07.019+0000] {processor.py:830} INFO - Processing file /opt/airflow/dags/feature_pipeline_dag.py for tasks to queue
[2026-08-30T18:45:07.026+0000] {logging_mixin.py:188} INFO - [2026-08-30T18:45:07.025+0000] {dagbag.py:545} INFO - Filling up the DagBag from /opt/airflow/dags/feature_pipeline_dag.py
[2026-08-30T18:45:08.836+0000] {processor.py:840} INFO - DAG(s) 'feature_pipeline' retrieved from /opt/airflow/dags/feature_pipeline_dag.py
[2026-08-30T18:45:08.885+0000] {logging_mixin.py:188} INFO - [2026-08-30T18:45:08.885+0000] {dag.py:3089} INFO - Sync 1 DAGs
[2026-08-30T18:45:08.928+0000] {logging_mixin.py:188} INFO - [2026-08-30T18:45:08.928+0000] {dag.py:3947} INFO - Setting next_dagrun for feature_pipeline to 2026-08-30 18:00:00+00:00, run_after=2026-08-30 19:00:00+00:00
[2026-08-30T18:45:08.963+0000] {processor.py:183} INFO - Processing /opt/airflow/dags/feature_pipeline_dag.py took 1.964 seconds
[2026-08-30T18:45:39.491+0000] {processor.py:161} INFO - Started process (PID=8313) to work on /opt/airflow/dags/feature_pipeline_dag.py
[2026-08-30T18:45:39.494+0000] {processor.py:830} INFO - Processing file /opt/airflow/dags/feature_pipeline_dag.py for tasks to queue
[2026-08-30T18:45:39.504+0000] {logging_mixin.py:188} INFO - [2026-08-30T18:45:39.503+0000] {dagbag.py:545} INFO - Filling up the DagBag from /opt/airflow/dags/feature_pipeline_dag.py
[2026-08-30T18:45:41.255+0000] {processor.py:840} INFO - DAG(s) 'feature_pipeline' retrieved from /opt/airflow/dags/feature_pipeline_dag.py
[2026-08-30T18:45:41.304+0000] {logging_mixin.py:188} INFO - [2026-08-30T18:45:41.303+0000] {dag.py:3089} INFO - Sync 1 DAGs
[2026-08-30T18:45:41.344+0000] {logging_mixin.py:188} INFO - [2026-08-30T18:45:41.344+0000] {dag.py:3947} INFO - Setting next_dagrun for feature_pipeline to 2026-08-30 18:00:00+00:00, run_after=2026-08-30 19:00:00+00:00
[2026-08-30T18:45:41.379+0000] {processor.py:183} INFO - Processing /opt/airflow/dags/feature_pipeline_dag.py took 1.910 seconds
[2026-08-30T18:46:12.009+0000] {processor.py:161} INFO - Started process (PID=8343) to work on /opt/airflow/dags/feature_pipeline_dag.py
[2026-08-30T18:46:12.012+0000] {processor.py:830} INFO - Processing file /opt/airflow/dags/feature_pipeline_dag.py for tasks to queue
[2026-08-30T18:46:12.017+0000] {logging_mixin.py:188} INFO - [2026-08-30T18:46:12.016+0000] {dagbag.py:545} INFO - Filling up the DagBag from /opt/airflow/dags/feature_pipeline_dag.py
[2026-08-30T18:46:13.793+0000] {processor.py:840} INFO - DAG(s) 'feature_pipeline' retrieved from /opt/airflow/dags/feature_pipeline_dag.py
[2026-08-30T18:46:13.837+0000] {logging_mixin.py:188} INFO - [2026-08-30T18:46:13.836+0000] {dag.py:3089} INFO - Sync 1 DAGs
[2026-08-30T18:46:13.871+0000] {logging_mixin.py:188} INFO - [2026-08-30T18:46:13.870+0000] {dag.py:3947} INFO - Setting next_dagrun for feature_pipeline to 2026-08-30 18:00:00+00:00, run_after=2026-08-30 19:00:00+00:00
[2026-08-30T18:46:13.903+0000] {processor.py:183} INFO - Processing /opt/airflow/dags/feature_pipeline_dag.py took 1.914 seconds
[2026-08-30T18:46:44.438+0000] {processor.py:161} INFO - Started process (PID=8371) to work on /opt/airflow/dags/feature_pipeline_dag.py
[2026-08-30T18:46:44.440+0000] {processor.py:830} INFO - Processing file /opt/airflow/dags/feature_pipeline_dag.py for tasks to queue
[2026-08-30T18:46:44.446+0000] {logging_mixin.py:188} INFO - [2026-08-30T18:46:44.445+0000] {dagbag.py:545} INFO - Filling up the DagBag from /opt/airflow/dags/feature_pipeline_dag.py
[2026-08-30T18:46:46.292+0000] {processor.py:840} INFO - DAG(s) 'feature_pipeline' retrieved from /opt/airflow/dags/feature_pipeline_dag.py
[2026-08-30T18:46:46.339+0000] {logging_mixin.py:188} INFO - [2026-08-30T18:46:46.339+0000] {dag.py:3089} INFO - Sync 1 DAGs
[2026-08-30T18:46:46.373+0000] {logging_mixin.py:188} INFO - [2026-08-30T18:46:46.372+0000] {dag.py:3947} INFO - Setting next_dagrun for feature_pipeline to 2026-08-30 18:00:00+00:00, run_after=2026-08-30 19:00:00+00:00
[2026-08-30T18:46:46.406+0000] {processor.py:183} INFO - Processing /opt/airflow/dags/feature_pipeline_dag.py took 1.987 seconds
[2026-08-30T18:47:17.006+0000] {processor.py:161} INFO - Started process (PID=8389) to work on /opt/airflow/dags/feature_pipeline_dag.py
[2026-08-30T18:47:17.009+0000] {processor.py:830} INFO - Processing file /opt/airflow/dags/feature_pipeline_dag.py for tasks to queue
[2026-08-30T18:47:17.017+0000] {logging_mixin.py:188} INFO - [2026-08-30T18:47:17.016+0000] {dagbag.py:545} INFO - Filling up the DagBag from /opt/airflow/dags/feature_pipeline_dag.py
[2026-08-30T18:47:18.862+0000] {processor.py:840} INFO - DAG(s) 'feature_pipeline' retrieved from /opt/airflow/dags/feature_pipeline_dag.py
[2026-08-30T18:47:18.914+0000] {logging_mixin.py:188} INFO - [2026-08-30T18:47:18.914+0000] {dag.py:3089} INFO - Sync 1 DAGs
[2026-08-30T18:47:18.954+0000] {logging_mixin.py:188} INFO - [2026-08-30T18:47:18.954+0000] {dag.py:3947} INFO - Setting next_dagrun for feature_pipeline to 2026-08-30 18:00:00+00:00, run_after=2026-08-30 19:00:00+00:00
[2026-08-30T18:47:18.991+0000] {processor.py:183} INFO - Processing /opt/airflow/dags/feature_pipeline_dag.py took 2.010 seconds
[2026-08-30T18:47:49.376+0000] {processor.py:161} INFO - Started process (PID=8415) to work on /opt/airflow/dags/feature_pipeline_dag.py
[2026-08-30T18:47:49.379+0000] {processor.py:830} INFO - Processing file /opt/airflow/dags/feature_pipeline_dag.py for tasks to queue
[2026-08-30T18:47:49.387+0000] {logging_mixin.py:188} INFO - [2026-08-30T18:47:49.386+0000] {dagbag.py:545} INFO - Filling up the DagBag from /opt/airflow/dags/feature_pipeline_dag.py
[2026-08-30T18:47:51.211+0000] {processor.py:840} INFO - DAG(s) 'feature_pipeline' retrieved from /opt/airflow/dags/feature_pipeline_dag.py
[2026-08-30T18:47:51.270+0000] {logging_mixin.py:188} INFO - [2026-08-30T18:47:51.269+0000] {dag.py:3089} INFO - Sync 1 DAGs
[2026-08-30T18:47:51.314+0000] {logging_mixin.py:188} INFO - [2026-08-30T18:47:51.314+0000] {dag.py:3947} INFO - Setting next_dagrun for feature_pipeline to 2026-08-30 18:00:00+00:00, run_after=2026-08-30 19:00:00+00:00
[2026-08-30T18:47:51.350+0000] {processor.py:183} INFO - Processing /opt/airflow/dags/feature_pipeline_dag.py took 1.995 seconds
[2026-08-30T18:48:21.900+0000] {processor.py:161} INFO - Started process (PID=8445) to work on /opt/airflow/dags/feature_pipeline_dag.py
[2026-08-30T18:48:21.902+0000] {processor.py:830} INFO - Processing file /opt/airflow/dags/feature_pipeline_dag.py for tasks to queue
[2026-08-30T18:48:21.909+0000] {logging_mixin.py:188} INFO - [2026-08-30T18:48:21.909+0000] {dagbag.py:545} INFO - Filling up the DagBag from /opt/airflow/dags/feature_pipeline_dag.py
[2026-08-30T18:48:23.675+0000] {processor.py:840} INFO - DAG(s) 'feature_pipeline' retrieved from /opt/airflow/dags/feature_pipeline_dag.py
[2026-08-30T18:48:23.723+0000] {logging_mixin.py:188} INFO - [2026-08-30T18:48:23.723+0000] {dag.py:3089} INFO - Sync 1 DAGs
[2026-08-30T18:48:23.762+0000] {logging_mixin.py:188} INFO - [2026-08-30T18:48:23.762+0000] {dag.py:3947} INFO - Setting next_dagrun for feature_pipeline to 2026-08-30 18:00:00+00:00, run_after=2026-08-30 19:00:00+00:00
[2026-08-30T18:48:23.799+0000] {processor.py:183} INFO - Processing /opt/airflow/dags/feature_pipeline_dag.py took 1.920 seconds
[2026-08-30T20:17:48.400+0000] {processor.py:161} INFO - Started process (PID=8478) to work on /opt/airflow/dags/feature_pipeline_dag.py
[2026-08-30T20:17:48.405+0000] {processor.py:830} INFO - Processing file /opt/airflow/dags/feature_pipeline_dag.py for tasks to queue
[2026-08-30T20:17:48.416+0000] {logging_mixin.py:188} INFO - [2026-08-30T20:17:48.415+0000] {dagbag.py:545} INFO - Filling up the DagBag from /opt/airflow/dags/feature_pipeline_dag.py
[2026-08-30T20:17:50.708+0000] {processor.py:840} INFO - DAG(s) 'feature_pipeline' retrieved from /opt/airflow/dags/feature_pipeline_dag.py
[2026-08-30T20:17:50.788+0000] {logging_mixin.py:188} INFO - [2026-08-30T20:17:50.787+0000] {dag.py:3089} INFO - Sync 1 DAGs
[2026-08-30T20:17:50.845+0000] {logging_mixin.py:188} INFO - [2026-08-30T20:17:50.845+0000] {dag.py:3947} INFO - Setting next_dagrun for feature_pipeline to 2026-08-30 20:00:00+00:00, run_after=2026-08-30 21:00:00+00:00
[2026-08-30T20:17:50.893+0000] {processor.py:183} INFO - Processing /opt/airflow/dags/feature_pipeline_dag.py took 2.533 seconds
[2026-08-30T20:18:21.582+0000] {processor.py:161} INFO - Started process (PID=8511) to work on /opt/airflow/dags/feature_pipeline_dag.py
[2026-08-30T20:18:21.586+0000] {processor.py:830} INFO - Processing file /opt/airflow/dags/feature_pipeline_dag.py for tasks to queue
[2026-08-30T20:18:21.591+0000] {logging_mixin.py:188} INFO - [2026-08-30T20:18:21.590+0000] {dagbag.py:545} INFO - Filling up the DagBag from /opt/airflow/dags/feature_pipeline_dag.py
[2026-08-30T20:18:22.899+0000] {processor.py:840} INFO - DAG(s) 'feature_pipeline' retrieved from /opt/airflow/dags/feature_pipeline_dag.py
[2026-08-30T20:18:22.938+0000] {logging_mixin.py:188} INFO - [2026-08-30T20:18:22.938+0000] {dag.py:3089} INFO - Sync 1 DAGs
[2026-08-30T20:18:22.970+0000] {logging_mixin.py:188} INFO - [2026-08-30T20:18:22.969+0000] {dag.py:3947} INFO - Setting next_dagrun for feature_pipeline to 2026-08-30 20:00:00+00:00, run_after=2026-08-30 21:00:00+00:00
[2026-08-30T20:18:22.997+0000] {processor.py:183} INFO - Processing /opt/airflow/dags/feature_pipeline_dag.py took 1.431 seconds
[2026-08-30T20:18:53.683+0000] {processor.py:161} INFO - Started process (PID=8539) to work on /opt/airflow/dags/feature_pipeline_dag.py
[2026-08-30T20:18:53.685+0000] {processor.py:830} INFO - Processing file /opt/airflow/dags/feature_pipeline_dag.py for tasks to queue
[2026-08-30T20:18:53.689+0000] {logging_mixin.py:188} INFO - [2026-08-30T20:18:53.689+0000] {dagbag.py:545} INFO - Filling up the DagBag from /opt/airflow/dags/feature_pipeline_dag.py
[2026-08-30T20:18:56.409+0000] {processor.py:840} INFO - DAG(s) 'feature_pipeline' retrieved from /opt/airflow/dags/feature_pipeline_dag.py
[2026-08-30T20:18:56.450+0000] {logging_mixin.py:188} INFO - [2026-08-30T20:18:56.450+0000] {dag.py:3089} INFO - Sync 1 DAGs
[2026-08-30T20:18:56.486+0000] {logging_mixin.py:188} INFO - [2026-08-30T20:18:56.485+0000] {dag.py:3947} INFO - Setting next_dagrun for feature_pipeline to 2026-08-30 20:00:00+00:00, run_after=2026-08-30 21:00:00+00:00
[2026-08-30T20:18:56.593+0000] {processor.py:183} INFO - Processing /opt/airflow/dags/feature_pipeline_dag.py took 3.047 seconds
[2026-08-30T20:19:27.288+0000] {processor.py:161} INFO - Started process (PID=8569) to work on /opt/airflow/dags/feature_pipeline_dag.py
[2026-08-30T20:19:27.323+0000] {processor.py:830} INFO - Processing file /opt/airflow/dags/feature_pipeline_dag.py for tasks to queue
[2026-08-30T20:19:27.331+0000] {logging_mixin.py:188} INFO - [2026-08-30T20:19:27.330+0000] {dagbag.py:545} INFO - Filling up the DagBag from /opt/airflow/dags/feature_pipeline_dag.py
[2026-08-30T20:19:29.535+0000] {processor.py:840} INFO - DAG(s) 'feature_pipeline' retrieved from /opt/airflow/dags/feature_pipeline_dag.py
[2026-08-30T20:19:29.595+0000] {logging_mixin.py:188} INFO - [2026-08-30T20:19:29.594+0000] {dag.py:3089} INFO - Sync 1 DAGs
[2026-08-30T20:19:29.641+0000] {logging_mixin.py:188} INFO - [2026-08-30T20:19:29.640+0000] {dag.py:3947} INFO - Setting next_dagrun for feature_pipeline to 2026-08-30 20:00:00+00:00, run_after=2026-08-30 21:00:00+00:00
[2026-08-30T20:19:29.688+0000] {processor.py:183} INFO - Processing /opt/airflow/dags/feature_pipeline_dag.py took 2.426 seconds
[2026-08-30T20:20:00.546+0000] {processor.py:161} INFO - Started process (PID=8599) to work on /opt/airflow/dags/feature_pipeline_dag.py
[2026-08-30T20:20:00.549+0000] {processor.py:830} INFO - Processing file /opt/airflow/dags/feature_pipeline_dag.py for tasks to queue
[2026-08-30T20:20:00.558+0000] {logging_mixin.py:188} INFO - [2026-08-30T20:20:00.557+0000] {dagbag.py:545} INFO - Filling up the DagBag from /opt/airflow/dags/feature_pipeline_dag.py
[2026-08-30T20:20:05.157+0000] {processor.py:840} INFO - DAG(s) 'feature_pipeline' retrieved from /opt/airflow/dags/feature_pipeline_dag.py
[2026-08-30T20:20:05.275+0000] {logging_mixin.py:188} INFO - [2026-08-30T20:20:05.275+0000] {dag.py:3089} INFO - Sync 1 DAGs
[2026-08-30T20:20:05.313+0000] {logging_mixin.py:188} INFO - [2026-08-30T20:20:05.312+0000] {dag.py:3947} INFO - Setting next_dagrun for feature_pipeline to 2026-08-30 20:00:00+00:00, run_after=2026-08-30 21:00:00+00:00
[2026-08-30T20:20:05.497+0000] {processor.py:183} INFO - Processing /opt/airflow/dags/feature_pipeline_dag.py took 4.969 seconds
