[2026-08-30T10:39:15.430+0000] {processor.py:161} INFO - Started process (PID=185) to work on /opt/airflow/dags/forecast_logging_dag.py
[2026-08-30T10:39:15.433+0000] {processor.py:830} INFO - Processing file /opt/airflow/dags/forecast_logging_dag.py for tasks to queue
[2026-08-30T10:39:15.485+0000] {logging_mixin.py:188} INFO - [2026-08-30T10:39:15.446+0000] {dagbag.py:545} INFO - Filling up the DagBag from /opt/airflow/dags/forecast_logging_dag.py
[2026-08-30T10:39:43.243+0000] {logging_mixin.py:188} INFO - [2026-08-30T10:39:43.241+0000] {timeout.py:68} ERROR - Process timed out, PID: 185
[2026-08-30T10:40:13.898+0000] {processor.py:161} INFO - Started process (PID=224) to work on /opt/airflow/dags/forecast_logging_dag.py
[2026-08-30T10:40:13.901+0000] {processor.py:830} INFO - Processing file /opt/airflow/dags/forecast_logging_dag.py for tasks to queue
[2026-08-30T10:40:13.905+0000] {logging_mixin.py:188} INFO - [2026-08-30T10:40:13.904+0000] {dagbag.py:545} INFO - Filling up the DagBag from /opt/airflow/dags/forecast_logging_dag.py
[2026-08-30T10:40:18.601+0000] {processor.py:840} INFO - DAG(s) 'forecast_logging' retrieved from /opt/airflow/dags/forecast_logging_dag.py
[2026-08-30T10:40:19.641+0000] {logging_mixin.py:188} INFO - [2026-08-30T10:40:19.639+0000] {dag.py:3089} INFO - Sync 1 DAGs
[2026-08-30T10:40:19.725+0000] {logging_mixin.py:188} INFO - [2026-08-30T10:40:19.723+0000] {dag.py:3947} INFO - Setting next_dagrun for forecast_logging to 2026-08-30 00:00:00+00:00, run_after=2026-08-31 00:00:00+00:00
[2026-08-30T10:40:19.878+0000] {processor.py:183} INFO - Processing /opt/airflow/dags/forecast_logging_dag.py took 8.344 seconds
[2026-08-30T10:40:52.072+0000] {processor.py:161} INFO - Started process (PID=346) to work on /opt/airflow/dags/forecast_logging_dag.py
[2026-08-30T10:40:52.084+0000] {processor.py:830} INFO - Processing file /opt/airflow/dags/forecast_logging_dag.py for tasks to queue
[2026-08-30T10:40:52.087+0000] {logging_mixin.py:188} INFO - [2026-08-30T10:40:52.086+0000] {dagbag.py:545} INFO - Filling up the DagBag from /opt/airflow/dags/forecast_logging_dag.py
[2026-08-30T10:40:57.761+0000] {processor.py:840} INFO - DAG(s) 'forecast_logging' retrieved from /opt/airflow/dags/forecast_logging_dag.py
[2026-08-30T10:40:57.831+0000] {logging_mixin.py:188} INFO - [2026-08-30T10:40:57.829+0000] {dag.py:3089} INFO - Sync 1 DAGs
[2026-08-30T10:40:57.929+0000] {logging_mixin.py:188} INFO - [2026-08-30T10:40:57.929+0000] {dag.py:3947} INFO - Setting next_dagrun for forecast_logging to 2026-08-30 00:00:00+00:00, run_after=2026-08-31 00:00:00+00:00
[2026-08-30T10:40:58.008+0000] {processor.py:183} INFO - Processing /opt/airflow/dags/forecast_logging_dag.py took 5.992 seconds
[2026-08-30T10:41:28.849+0000] {processor.py:161} INFO - Started process (PID=415) to work on /opt/airflow/dags/forecast_logging_dag.py
[2026-08-30T10:41:28.853+0000] {processor.py:830} INFO - Processing file /opt/airflow/dags/forecast_logging_dag.py for tasks to queue
[2026-08-30T10:41:28.855+0000] {logging_mixin.py:188} INFO - [2026-08-30T10:41:28.854+0000] {dagbag.py:545} INFO - Filling up the DagBag from /opt/airflow/dags/forecast_logging_dag.py
[2026-08-30T10:41:35.894+0000] {processor.py:840} INFO - DAG(s) 'forecast_logging' retrieved from /opt/airflow/dags/forecast_logging_dag.py
[2026-08-30T10:41:36.045+0000] {logging_mixin.py:188} INFO - [2026-08-30T10:41:36.040+0000] {dag.py:3089} INFO - Sync 1 DAGs
[2026-08-30T10:41:36.213+0000] {logging_mixin.py:188} INFO - [2026-08-30T10:41:36.213+0000] {dag.py:3947} INFO - Setting next_dagrun for forecast_logging to 2026-08-30 00:00:00+00:00, run_after=2026-08-31 00:00:00+00:00
[2026-08-30T10:41:36.371+0000] {processor.py:183} INFO - Processing /opt/airflow/dags/forecast_logging_dag.py took 7.543 seconds
[2026-08-30T10:42:13.909+0000] {processor.py:161} INFO - Started process (PID=513) to work on /opt/airflow/dags/forecast_logging_dag.py
[2026-08-30T10:42:13.934+0000] {processor.py:830} INFO - Processing file /opt/airflow/dags/forecast_logging_dag.py for tasks to queue
[2026-08-30T10:42:13.938+0000] {logging_mixin.py:188} INFO - [2026-08-30T10:42:13.937+0000] {dagbag.py:545} INFO - Filling up the DagBag from /opt/airflow/dags/forecast_logging_dag.py
[2026-08-30T10:42:30.433+0000] {processor.py:840} INFO - DAG(s) 'forecast_logging' retrieved from /opt/airflow/dags/forecast_logging_dag.py
[2026-08-30T10:42:30.601+0000] {logging_mixin.py:188} INFO - [2026-08-30T10:42:30.599+0000] {dag.py:3089} INFO - Sync 1 DAGs
[2026-08-30T10:42:30.689+0000] {logging_mixin.py:188} INFO - [2026-08-30T10:42:30.689+0000] {dag.py:3947} INFO - Setting next_dagrun for forecast_logging to 2026-08-30 00:00:00+00:00, run_after=2026-08-31 00:00:00+00:00
[2026-08-30T10:42:30.754+0000] {processor.py:183} INFO - Processing /opt/airflow/dags/forecast_logging_dag.py took 16.868 seconds
[2026-08-30T10:43:01.478+0000] {processor.py:161} INFO - Started process (PID=573) to work on /opt/airflow/dags/forecast_logging_dag.py
[2026-08-30T10:43:01.484+0000] {processor.py:830} INFO - Processing file /opt/airflow/dags/forecast_logging_dag.py for tasks to queue
[2026-08-30T10:43:01.486+0000] {logging_mixin.py:188} INFO - [2026-08-30T10:43:01.485+0000] {dagbag.py:545} INFO - Filling up the DagBag from /opt/airflow/dags/forecast_logging_dag.py
[2026-08-30T10:43:05.646+0000] {processor.py:840} INFO - DAG(s) 'forecast_logging' retrieved from /opt/airflow/dags/forecast_logging_dag.py
[2026-08-30T10:43:05.693+0000] {logging_mixin.py:188} INFO - [2026-08-30T10:43:05.693+0000] {dag.py:3089} INFO - Sync 1 DAGs
[2026-08-30T10:43:05.732+0000] {logging_mixin.py:188} INFO - [2026-08-30T10:43:05.731+0000] {dag.py:3947} INFO - Setting next_dagrun for forecast_logging to 2026-08-30 00:00:00+00:00, run_after=2026-08-31 00:00:00+00:00
[2026-08-30T10:43:05.775+0000] {processor.py:183} INFO - Processing /opt/airflow/dags/forecast_logging_dag.py took 4.365 seconds
[2026-08-30T10:43:36.559+0000] {processor.py:161} INFO - Started process (PID=677) to work on /opt/airflow/dags/forecast_logging_dag.py
[2026-08-30T10:43:36.565+0000] {processor.py:830} INFO - Processing file /opt/airflow/dags/forecast_logging_dag.py for tasks to queue
[2026-08-30T10:43:36.568+0000] {logging_mixin.py:188} INFO - [2026-08-30T10:43:36.567+0000] {dagbag.py:545} INFO - Filling up the DagBag from /opt/airflow/dags/forecast_logging_dag.py
[2026-08-30T10:43:41.313+0000] {processor.py:840} INFO - DAG(s) 'forecast_logging' retrieved from /opt/airflow/dags/forecast_logging_dag.py
[2026-08-30T10:43:41.470+0000] {logging_mixin.py:188} INFO - [2026-08-30T10:43:41.466+0000] {dag.py:3089} INFO - Sync 1 DAGs
[2026-08-30T10:43:41.543+0000] {logging_mixin.py:188} INFO - [2026-08-30T10:43:41.542+0000] {dag.py:3947} INFO - Setting next_dagrun for forecast_logging to 2026-08-30 00:00:00+00:00, run_after=2026-08-31 00:00:00+00:00
[2026-08-30T10:43:41.594+0000] {processor.py:183} INFO - Processing /opt/airflow/dags/forecast_logging_dag.py took 5.060 seconds
[2026-08-30T10:44:12.304+0000] {processor.py:161} INFO - Started process (PID=793) to work on /opt/airflow/dags/forecast_logging_dag.py
[2026-08-30T10:44:12.310+0000] {processor.py:830} INFO - Processing file /opt/airflow/dags/forecast_logging_dag.py for tasks to queue
[2026-08-30T10:44:12.313+0000] {logging_mixin.py:188} INFO - [2026-08-30T10:44:12.312+0000] {dagbag.py:545} INFO - Filling up the DagBag from /opt/airflow/dags/forecast_logging_dag.py
[2026-08-30T10:44:16.429+0000] {processor.py:840} INFO - DAG(s) 'forecast_logging' retrieved from /opt/airflow/dags/forecast_logging_dag.py
[2026-08-30T10:44:16.486+0000] {logging_mixin.py:188} INFO - [2026-08-30T10:44:16.485+0000] {dag.py:3089} INFO - Sync 1 DAGs
[2026-08-30T10:44:16.535+0000] {logging_mixin.py:188} INFO - [2026-08-30T10:44:16.535+0000] {dag.py:3947} INFO - Setting next_dagrun for forecast_logging to 2026-08-30 00:00:00+00:00, run_after=2026-08-31 00:00:00+00:00
[2026-08-30T10:44:16.597+0000] {processor.py:183} INFO - Processing /opt/airflow/dags/forecast_logging_dag.py took 4.312 seconds
[2026-08-30T10:44:47.078+0000] {processor.py:161} INFO - Started process (PID=862) to work on /opt/airflow/dags/forecast_logging_dag.py
[2026-08-30T10:44:47.098+0000] {processor.py:830} INFO - Processing file /opt/airflow/dags/forecast_logging_dag.py for tasks to queue
[2026-08-30T10:44:47.101+0000] {logging_mixin.py:188} INFO - [2026-08-30T10:44:47.100+0000] {dagbag.py:545} INFO - Filling up the DagBag from /opt/airflow/dags/forecast_logging_dag.py
[2026-08-30T10:44:51.227+0000] {processor.py:840} INFO - DAG(s) 'forecast_logging' retrieved from /opt/airflow/dags/forecast_logging_dag.py
[2026-08-30T10:44:51.282+0000] {logging_mixin.py:188} INFO - [2026-08-30T10:44:51.281+0000] {dag.py:3089} INFO - Sync 1 DAGs
[2026-08-30T10:44:51.333+0000] {logging_mixin.py:188} INFO - [2026-08-30T10:44:51.332+0000] {dag.py:3947} INFO - Setting next_dagrun for forecast_logging to 2026-08-30 00:00:00+00:00, run_after=2026-08-31 00:00:00+00:00
[2026-08-30T10:44:51.386+0000] {processor.py:183} INFO - Processing /opt/airflow/dags/forecast_logging_dag.py took 4.331 seconds
[2026-08-30T10:45:21.894+0000] {processor.py:161} INFO - Started process (PID=925) to work on /opt/airflow/dags/forecast_logging_dag.py
[2026-08-30T10:45:21.899+0000] {processor.py:830} INFO - Processing file /opt/airflow/dags/forecast_logging_dag.py for tasks to queue
[2026-08-30T10:45:21.902+0000] {logging_mixin.py:188} INFO - [2026-08-30T10:45:21.901+0000] {dagbag.py:545} INFO - Filling up the DagBag from /opt/airflow/dags/forecast_logging_dag.py
[2026-08-30T10:45:27.812+0000] {processor.py:840} INFO - DAG(s) 'forecast_logging' retrieved from /opt/airflow/dags/forecast_logging_dag.py
[2026-08-30T10:45:27.874+0000] {logging_mixin.py:188} INFO - [2026-08-30T10:45:27.873+0000] {dag.py:3089} INFO - Sync 1 DAGs
[2026-08-30T10:45:27.922+0000] {logging_mixin.py:188} INFO - [2026-08-30T10:45:27.922+0000] {dag.py:3947} INFO - Setting next_dagrun for forecast_logging to 2026-08-30 00:00:00+00:00, run_after=2026-08-31 00:00:00+00:00
[2026-08-30T10:45:27.974+0000] {processor.py:183} INFO - Processing /opt/airflow/dags/forecast_logging_dag.py took 6.102 seconds
[2026-08-30T10:45:59.462+0000] {processor.py:161} INFO - Started process (PID=976) to work on /opt/airflow/dags/forecast_logging_dag.py
[2026-08-30T10:45:59.474+0000] {processor.py:830} INFO - Processing file /opt/airflow/dags/forecast_logging_dag.py for tasks to queue
[2026-08-30T10:45:59.477+0000] {logging_mixin.py:188} INFO - [2026-08-30T10:45:59.476+0000] {dagbag.py:545} INFO - Filling up the DagBag from /opt/airflow/dags/forecast_logging_dag.py
[2026-08-30T10:46:03.866+0000] {processor.py:840} INFO - DAG(s) 'forecast_logging' retrieved from /opt/airflow/dags/forecast_logging_dag.py
[2026-08-30T10:46:03.939+0000] {logging_mixin.py:188} INFO - [2026-08-30T10:46:03.938+0000] {dag.py:3089} INFO - Sync 1 DAGs
[2026-08-30T10:46:03.987+0000] {logging_mixin.py:188} INFO - [2026-08-30T10:46:03.987+0000] {dag.py:3947} INFO - Setting next_dagrun for forecast_logging to 2026-08-30 00:00:00+00:00, run_after=2026-08-31 00:00:00+00:00
[2026-08-30T10:46:04.097+0000] {processor.py:183} INFO - Processing /opt/airflow/dags/forecast_logging_dag.py took 8.105 seconds
[2026-08-30T10:46:34.475+0000] {processor.py:161} INFO - Started process (PID=1027) to work on /opt/airflow/dags/forecast_logging_dag.py
[2026-08-30T10:46:34.482+0000] {processor.py:830} INFO - Processing file /opt/airflow/dags/forecast_logging_dag.py for tasks to queue
[2026-08-30T10:46:34.485+0000] {logging_mixin.py:188} INFO - [2026-08-30T10:46:34.484+0000] {dagbag.py:545} INFO - Filling up the DagBag from /opt/airflow/dags/forecast_logging_dag.py
[2026-08-30T10:46:38.645+0000] {processor.py:840} INFO - DAG(s) 'forecast_logging' retrieved from /opt/airflow/dags/forecast_logging_dag.py
[2026-08-30T10:46:38.706+0000] {logging_mixin.py:188} INFO - [2026-08-30T10:46:38.705+0000] {dag.py:3089} INFO - Sync 1 DAGs
[2026-08-30T10:46:38.756+0000] {logging_mixin.py:188} INFO - [2026-08-30T10:46:38.756+0000] {dag.py:3947} INFO - Setting next_dagrun for forecast_logging to 2026-08-30 00:00:00+00:00, run_after=2026-08-31 00:00:00+00:00
[2026-08-30T10:46:38.803+0000] {processor.py:183} INFO - Processing /opt/airflow/dags/forecast_logging_dag.py took 4.354 seconds
[2026-08-30T10:47:10.915+0000] {processor.py:161} INFO - Started process (PID=1057) to work on /opt/airflow/dags/forecast_logging_dag.py
[2026-08-30T10:47:11.058+0000] {processor.py:830} INFO - Processing file /opt/airflow/dags/forecast_logging_dag.py for tasks to queue
[2026-08-30T10:47:11.061+0000] {logging_mixin.py:188} INFO - [2026-08-30T10:47:11.060+0000] {dagbag.py:545} INFO - Filling up the DagBag from /opt/airflow/dags/forecast_logging_dag.py
[2026-08-30T10:47:16.391+0000] {processor.py:840} INFO - DAG(s) 'forecast_logging' retrieved from /opt/airflow/dags/forecast_logging_dag.py
[2026-08-30T10:47:16.449+0000] {logging_mixin.py:188} INFO - [2026-08-30T10:47:16.448+0000] {dag.py:3089} INFO - Sync 1 DAGs
[2026-08-30T10:47:16.496+0000] {logging_mixin.py:188} INFO - [2026-08-30T10:47:16.495+0000] {dag.py:3947} INFO - Setting next_dagrun for forecast_logging to 2026-08-30 00:00:00+00:00, run_after=2026-08-31 00:00:00+00:00
[2026-08-30T10:47:16.540+0000] {processor.py:183} INFO - Processing /opt/airflow/dags/forecast_logging_dag.py took 5.642 seconds
[2026-08-30T10:47:47.094+0000] {processor.py:161} INFO - Started process (PID=1090) to work on /opt/airflow/dags/forecast_logging_dag.py
[2026-08-30T10:47:47.096+0000] {processor.py:830} INFO - Processing file /opt/airflow/dags/forecast_logging_dag.py for tasks to queue
[2026-08-30T10:47:47.099+0000] {logging_mixin.py:188} INFO - [2026-08-30T10:47:47.098+0000] {dagbag.py:545} INFO - Filling up the DagBag from /opt/airflow/dags/forecast_logging_dag.py
[2026-08-30T10:47:49.501+0000] {processor.py:840} INFO - DAG(s) 'forecast_logging' retrieved from /opt/airflow/dags/forecast_logging_dag.py
[2026-08-30T10:47:49.565+0000] {logging_mixin.py:188} INFO - [2026-08-30T10:47:49.564+0000] {dag.py:3089} INFO - Sync 1 DAGs
[2026-08-30T10:47:49.623+0000] {logging_mixin.py:188} INFO - [2026-08-30T10:47:49.622+0000] {dag.py:3947} INFO - Setting next_dagrun for forecast_logging to 2026-08-30 00:00:00+00:00, run_after=2026-08-31 00:00:00+00:00
[2026-08-30T10:47:49.685+0000] {processor.py:183} INFO - Processing /opt/airflow/dags/forecast_logging_dag.py took 4.915 seconds
[2026-08-30T10:48:20.757+0000] {processor.py:161} INFO - Started process (PID=1142) to work on /opt/airflow/dags/forecast_logging_dag.py
[2026-08-30T10:48:20.761+0000] {processor.py:830} INFO - Processing file /opt/airflow/dags/forecast_logging_dag.py for tasks to queue
[2026-08-30T10:48:20.764+0000] {logging_mixin.py:188} INFO - [2026-08-30T10:48:20.763+0000] {dagbag.py:545} INFO - Filling up the DagBag from /opt/airflow/dags/forecast_logging_dag.py
[2026-08-30T10:48:26.338+0000] {processor.py:840} INFO - DAG(s) 'forecast_logging' retrieved from /opt/airflow/dags/forecast_logging_dag.py
[2026-08-30T10:48:26.397+0000] {logging_mixin.py:188} INFO - [2026-08-30T10:48:26.397+0000] {dag.py:3089} INFO - Sync 1 DAGs
[2026-08-30T10:48:26.448+0000] {logging_mixin.py:188} INFO - [2026-08-30T10:48:26.447+0000] {dag.py:3947} INFO - Setting next_dagrun for forecast_logging to 2026-08-30 00:00:00+00:00, run_after=2026-08-31 00:00:00+00:00
[2026-08-30T10:48:26.493+0000] {processor.py:183} INFO - Processing /opt/airflow/dags/forecast_logging_dag.py took 5.759 seconds
[2026-08-30T10:48:57.701+0000] {processor.py:161} INFO - Started process (PID=1221) to work on /opt/airflow/dags/forecast_logging_dag.py
[2026-08-30T10:48:57.740+0000] {processor.py:830} INFO - Processing file /opt/airflow/dags/forecast_logging_dag.py for tasks to queue
[2026-08-30T10:48:57.754+0000] {logging_mixin.py:188} INFO - [2026-08-30T10:48:57.753+0000] {dagbag.py:545} INFO - Filling up the DagBag from /opt/airflow/dags/forecast_logging_dag.py
[2026-08-30T10:49:02.107+0000] {processor.py:840} INFO - DAG(s) 'forecast_logging' retrieved from /opt/airflow/dags/forecast_logging_dag.py
[2026-08-30T10:49:02.165+0000] {logging_mixin.py:188} INFO - [2026-08-30T10:49:02.164+0000] {dag.py:3089} INFO - Sync 1 DAGs
[2026-08-30T10:49:02.210+0000] {logging_mixin.py:188} INFO - [2026-08-30T10:49:02.210+0000] {dag.py:3947} INFO - Setting next_dagrun for forecast_logging to 2026-08-30 00:00:00+00:00, run_after=2026-08-31 00:00:00+00:00
[2026-08-30T10:49:02.254+0000] {processor.py:183} INFO - Processing /opt/airflow/dags/forecast_logging_dag.py took 4.580 seconds
[2026-08-30T10:49:32.997+0000] {processor.py:161} INFO - Started process (PID=1304) to work on /opt/airflow/dags/forecast_logging_dag.py
[2026-08-30T10:49:32.999+0000] {processor.py:830} INFO - Processing file /opt/airflow/dags/forecast_logging_dag.py for tasks to queue
[2026-08-30T10:49:33.002+0000] {logging_mixin.py:188} INFO - [2026-08-30T10:49:33.001+0000] {dagbag.py:545} INFO - Filling up the DagBag from /opt/airflow/dags/forecast_logging_dag.py
[2026-08-30T10:49:37.037+0000] {processor.py:840} INFO - DAG(s) 'forecast_logging' retrieved from /opt/airflow/dags/forecast_logging_dag.py
[2026-08-30T10:49:37.092+0000] {logging_mixin.py:188} INFO - [2026-08-30T10:49:37.091+0000] {dag.py:3089} INFO - Sync 1 DAGs
[2026-08-30T10:49:37.134+0000] {logging_mixin.py:188} INFO - [2026-08-30T10:49:37.133+0000] {dag.py:3947} INFO - Setting next_dagrun for forecast_logging to 2026-08-30 00:00:00+00:00, run_after=2026-08-31 00:00:00+00:00
[2026-08-30T10:49:37.174+0000] {processor.py:183} INFO - Processing /opt/airflow/dags/forecast_logging_dag.py took 4.200 seconds
[2026-08-30T10:50:08.854+0000] {processor.py:161} INFO - Started process (PID=1367) to work on /opt/airflow/dags/forecast_logging_dag.py
[2026-08-30T10:50:08.858+0000] {processor.py:830} INFO - Processing file /opt/airflow/dags/forecast_logging_dag.py for tasks to queue
[2026-08-30T10:50:08.861+0000] {logging_mixin.py:188} INFO - [2026-08-30T10:50:08.860+0000] {dagbag.py:545} INFO - Filling up the DagBag from /opt/airflow/dags/forecast_logging_dag.py
[2026-08-30T10:50:10.809+0000] {processor.py:840} INFO - DAG(s) 'forecast_logging' retrieved from /opt/airflow/dags/forecast_logging_dag.py
[2026-08-30T10:50:10.872+0000] {logging_mixin.py:188} INFO - [2026-08-30T10:50:10.871+0000] {dag.py:3089} INFO - Sync 1 DAGs
[2026-08-30T10:50:10.920+0000] {logging_mixin.py:188} INFO - [2026-08-30T10:50:10.920+0000] {dag.py:3947} INFO - Setting next_dagrun for forecast_logging to 2026-08-30 00:00:00+00:00, run_after=2026-08-31 00:00:00+00:00
[2026-08-30T10:50:10.967+0000] {processor.py:183} INFO - Processing /opt/airflow/dags/forecast_logging_dag.py took 5.427 seconds
[2026-08-30T10:50:41.383+0000] {processor.py:161} INFO - Started process (PID=1421) to work on /opt/airflow/dags/forecast_logging_dag.py
[2026-08-30T10:50:41.396+0000] {processor.py:830} INFO - Processing file /opt/airflow/dags/forecast_logging_dag.py for tasks to queue
[2026-08-30T10:50:41.399+0000] {logging_mixin.py:188} INFO - [2026-08-30T10:50:41.398+0000] {dagbag.py:545} INFO - Filling up the DagBag from /opt/airflow/dags/forecast_logging_dag.py
[2026-08-30T10:50:46.854+0000] {processor.py:840} INFO - DAG(s) 'forecast_logging' retrieved from /opt/airflow/dags/forecast_logging_dag.py
[2026-08-30T10:50:46.919+0000] {logging_mixin.py:188} INFO - [2026-08-30T10:50:46.918+0000] {dag.py:3089} INFO - Sync 1 DAGs
[2026-08-30T10:50:46.967+0000] {logging_mixin.py:188} INFO - [2026-08-30T10:50:46.966+0000] {dag.py:3947} INFO - Setting next_dagrun for forecast_logging to 2026-08-30 00:00:00+00:00, run_after=2026-08-31 00:00:00+00:00
[2026-08-30T10:50:47.013+0000] {processor.py:183} INFO - Processing /opt/airflow/dags/forecast_logging_dag.py took 5.764 seconds
[2026-08-30T10:51:17.519+0000] {processor.py:161} INFO - Started process (PID=1481) to work on /opt/airflow/dags/forecast_logging_dag.py
[2026-08-30T10:51:17.522+0000] {processor.py:830} INFO - Processing file /opt/airflow/dags/forecast_logging_dag.py for tasks to queue
[2026-08-30T10:51:17.527+0000] {logging_mixin.py:188} INFO - [2026-08-30T10:51:17.526+0000] {dagbag.py:545} INFO - Filling up the DagBag from /opt/airflow/dags/forecast_logging_dag.py
[2026-08-30T10:51:22.047+0000] {processor.py:840} INFO - DAG(s) 'forecast_logging' retrieved from /opt/airflow/dags/forecast_logging_dag.py
[2026-08-30T10:51:22.099+0000] {logging_mixin.py:188} INFO - [2026-08-30T10:51:22.098+0000] {dag.py:3089} INFO - Sync 1 DAGs
[2026-08-30T10:51:22.139+0000] {logging_mixin.py:188} INFO - [2026-08-30T10:51:22.138+0000] {dag.py:3947} INFO - Setting next_dagrun for forecast_logging to 2026-08-30 00:00:00+00:00, run_after=2026-08-31 00:00:00+00:00
[2026-08-30T10:51:22.196+0000] {processor.py:183} INFO - Processing /opt/airflow/dags/forecast_logging_dag.py took 4.702 seconds
[2026-08-30T10:51:52.750+0000] {processor.py:161} INFO - Started process (PID=1520) to work on /opt/airflow/dags/forecast_logging_dag.py
[2026-08-30T10:51:52.752+0000] {processor.py:830} INFO - Processing file /opt/airflow/dags/forecast_logging_dag.py for tasks to queue
[2026-08-30T10:51:52.755+0000] {logging_mixin.py:188} INFO - [2026-08-30T10:51:52.754+0000] {dagbag.py:545} INFO - Filling up the DagBag from /opt/airflow/dags/forecast_logging_dag.py
[2026-08-30T10:51:57.044+0000] {processor.py:840} INFO - DAG(s) 'forecast_logging' retrieved from /opt/airflow/dags/forecast_logging_dag.py
[2026-08-30T10:51:57.102+0000] {logging_mixin.py:188} INFO - [2026-08-30T10:51:57.101+0000] {dag.py:3089} INFO - Sync 1 DAGs
[2026-08-30T10:51:57.154+0000] {logging_mixin.py:188} INFO - [2026-08-30T10:51:57.154+0000] {dag.py:3947} INFO - Setting next_dagrun for forecast_logging to 2026-08-30 00:00:00+00:00, run_after=2026-08-31 00:00:00+00:00
[2026-08-30T10:51:57.198+0000] {processor.py:183} INFO - Processing /opt/airflow/dags/forecast_logging_dag.py took 4.468 seconds
[2026-08-30T10:52:30.052+0000] {processor.py:161} INFO - Started process (PID=1562) to work on /opt/airflow/dags/forecast_logging_dag.py
[2026-08-30T10:52:30.055+0000] {processor.py:830} INFO - Processing file /opt/airflow/dags/forecast_logging_dag.py for tasks to queue
[2026-08-30T10:52:30.059+0000] {logging_mixin.py:188} INFO - [2026-08-30T10:52:30.058+0000] {dagbag.py:545} INFO - Filling up the DagBag from /opt/airflow/dags/forecast_logging_dag.py
[2026-08-30T10:52:34.323+0000] {processor.py:840} INFO - DAG(s) 'forecast_logging' retrieved from /opt/airflow/dags/forecast_logging_dag.py
[2026-08-30T10:52:34.382+0000] {logging_mixin.py:188} INFO - [2026-08-30T10:52:34.381+0000] {dag.py:3089} INFO - Sync 1 DAGs
[2026-08-30T10:52:34.425+0000] {logging_mixin.py:188} INFO - [2026-08-30T10:52:34.425+0000] {dag.py:3947} INFO - Setting next_dagrun for forecast_logging to 2026-08-30 00:00:00+00:00, run_after=2026-08-31 00:00:00+00:00
[2026-08-30T10:52:34.475+0000] {processor.py:183} INFO - Processing /opt/airflow/dags/forecast_logging_dag.py took 4.441 seconds
[2026-08-30T10:53:08.689+0000] {processor.py:161} INFO - Started process (PID=1608) to work on /opt/airflow/dags/forecast_logging_dag.py
[2026-08-30T10:53:08.692+0000] {processor.py:830} INFO - Processing file /opt/airflow/dags/forecast_logging_dag.py for tasks to queue
[2026-08-30T10:53:08.695+0000] {logging_mixin.py:188} INFO - [2026-08-30T10:53:08.694+0000] {dagbag.py:545} INFO - Filling up the DagBag from /opt/airflow/dags/forecast_logging_dag.py
[2026-08-30T10:53:13.000+0000] {processor.py:840} INFO - DAG(s) 'forecast_logging' retrieved from /opt/airflow/dags/forecast_logging_dag.py
[2026-08-30T10:53:13.063+0000] {logging_mixin.py:188} INFO - [2026-08-30T10:53:13.062+0000] {dag.py:3089} INFO - Sync 1 DAGs
[2026-08-30T10:53:13.119+0000] {logging_mixin.py:188} INFO - [2026-08-30T10:53:13.118+0000] {dag.py:3947} INFO - Setting next_dagrun for forecast_logging to 2026-08-30 00:00:00+00:00, run_after=2026-08-31 00:00:00+00:00
[2026-08-30T10:53:13.163+0000] {processor.py:183} INFO - Processing /opt/airflow/dags/forecast_logging_dag.py took 4.514 seconds
[2026-08-30T10:53:43.690+0000] {processor.py:161} INFO - Started process (PID=1655) to work on /opt/airflow/dags/forecast_logging_dag.py
[2026-08-30T10:53:43.692+0000] {processor.py:830} INFO - Processing file /opt/airflow/dags/forecast_logging_dag.py for tasks to queue
[2026-08-30T10:53:43.695+0000] {logging_mixin.py:188} INFO - [2026-08-30T10:53:43.694+0000] {dagbag.py:545} INFO - Filling up the DagBag from /opt/airflow/dags/forecast_logging_dag.py
[2026-08-30T10:53:50.771+0000] {processor.py:840} INFO - DAG(s) 'forecast_logging' retrieved from /opt/airflow/dags/forecast_logging_dag.py
[2026-08-30T10:53:51.043+0000] {logging_mixin.py:188} INFO - [2026-08-30T10:53:51.042+0000] {dag.py:3089} INFO - Sync 1 DAGs
[2026-08-30T10:53:51.382+0000] {logging_mixin.py:188} INFO - [2026-08-30T10:53:51.382+0000] {dag.py:3947} INFO - Setting next_dagrun for forecast_logging to 2026-08-30 00:00:00+00:00, run_after=2026-08-31 00:00:00+00:00
[2026-08-30T10:53:51.650+0000] {processor.py:183} INFO - Processing /opt/airflow/dags/forecast_logging_dag.py took 10.288 seconds
[2026-08-30T10:54:22.140+0000] {processor.py:161} INFO - Started process (PID=1717) to work on /opt/airflow/dags/forecast_logging_dag.py
[2026-08-30T10:54:22.143+0000] {processor.py:830} INFO - Processing file /opt/airflow/dags/forecast_logging_dag.py for tasks to queue
[2026-08-30T10:54:22.146+0000] {logging_mixin.py:188} INFO - [2026-08-30T10:54:22.145+0000] {dagbag.py:545} INFO - Filling up the DagBag from /opt/airflow/dags/forecast_logging_dag.py
[2026-08-30T10:54:27.259+0000] {processor.py:840} INFO - DAG(s) 'forecast_logging' retrieved from /opt/airflow/dags/forecast_logging_dag.py
[2026-08-30T10:54:27.314+0000] {logging_mixin.py:188} INFO - [2026-08-30T10:54:27.313+0000] {dag.py:3089} INFO - Sync 1 DAGs
[2026-08-30T10:54:27.360+0000] {logging_mixin.py:188} INFO - [2026-08-30T10:54:27.359+0000] {dag.py:3947} INFO - Setting next_dagrun for forecast_logging to 2026-08-30 00:00:00+00:00, run_after=2026-08-31 00:00:00+00:00
[2026-08-30T10:54:27.403+0000] {processor.py:183} INFO - Processing /opt/airflow/dags/forecast_logging_dag.py took 5.283 seconds
[2026-08-30T10:54:57.635+0000] {processor.py:161} INFO - Started process (PID=1747) to work on /opt/airflow/dags/forecast_logging_dag.py
[2026-08-30T10:54:57.639+0000] {processor.py:830} INFO - Processing file /opt/airflow/dags/forecast_logging_dag.py for tasks to queue
[2026-08-30T10:54:57.642+0000] {logging_mixin.py:188} INFO - [2026-08-30T10:54:57.641+0000] {dagbag.py:545} INFO - Filling up the DagBag from /opt/airflow/dags/forecast_logging_dag.py
[2026-08-30T10:55:01.771+0000] {processor.py:840} INFO - DAG(s) 'forecast_logging' retrieved from /opt/airflow/dags/forecast_logging_dag.py
[2026-08-30T10:55:01.835+0000] {logging_mixin.py:188} INFO - [2026-08-30T10:55:01.834+0000] {dag.py:3089} INFO - Sync 1 DAGs
[2026-08-30T10:55:01.888+0000] {logging_mixin.py:188} INFO - [2026-08-30T10:55:01.888+0000] {dag.py:3947} INFO - Setting next_dagrun for forecast_logging to 2026-08-30 00:00:00+00:00, run_after=2026-08-31 00:00:00+00:00
[2026-08-30T10:55:01.944+0000] {processor.py:183} INFO - Processing /opt/airflow/dags/forecast_logging_dag.py took 4.334 seconds
[2026-08-30T10:55:32.913+0000] {processor.py:161} INFO - Started process (PID=1777) to work on /opt/airflow/dags/forecast_logging_dag.py
[2026-08-30T10:55:32.917+0000] {processor.py:830} INFO - Processing file /opt/airflow/dags/forecast_logging_dag.py for tasks to queue
[2026-08-30T10:55:32.920+0000] {logging_mixin.py:188} INFO - [2026-08-30T10:55:32.919+0000] {dagbag.py:545} INFO - Filling up the DagBag from /opt/airflow/dags/forecast_logging_dag.py
[2026-08-30T10:55:37.173+0000] {processor.py:840} INFO - DAG(s) 'forecast_logging' retrieved from /opt/airflow/dags/forecast_logging_dag.py
[2026-08-30T10:55:37.230+0000] {logging_mixin.py:188} INFO - [2026-08-30T10:55:37.229+0000] {dag.py:3089} INFO - Sync 1 DAGs
[2026-08-30T10:55:37.276+0000] {logging_mixin.py:188} INFO - [2026-08-30T10:55:37.276+0000] {dag.py:3947} INFO - Setting next_dagrun for forecast_logging to 2026-08-30 00:00:00+00:00, run_after=2026-08-31 00:00:00+00:00
[2026-08-30T10:55:37.325+0000] {processor.py:183} INFO - Processing /opt/airflow/dags/forecast_logging_dag.py took 4.430 seconds
[2026-08-30T10:56:05.666+0000] {processor.py:161} INFO - Started process (PID=1841) to work on /opt/airflow/dags/forecast_logging_dag.py
[2026-08-30T10:56:05.689+0000] {processor.py:830} INFO - Processing file /opt/airflow/dags/forecast_logging_dag.py for tasks to queue
[2026-08-30T10:56:05.692+0000] {logging_mixin.py:188} INFO - [2026-08-30T10:56:05.691+0000] {dagbag.py:545} INFO - Filling up the DagBag from /opt/airflow/dags/forecast_logging_dag.py
[2026-08-30T10:56:09.940+0000] {processor.py:840} INFO - DAG(s) 'forecast_logging' retrieved from /opt/airflow/dags/forecast_logging_dag.py
[2026-08-30T10:56:10.000+0000] {logging_mixin.py:188} INFO - [2026-08-30T10:56:09.999+0000] {dag.py:3089} INFO - Sync 1 DAGs
[2026-08-30T10:56:10.044+0000] {logging_mixin.py:188} INFO - [2026-08-30T10:56:10.044+0000] {dag.py:3947} INFO - Setting next_dagrun for forecast_logging to 2026-08-30 00:00:00+00:00, run_after=2026-08-31 00:00:00+00:00
[2026-08-30T10:56:10.087+0000] {processor.py:183} INFO - Processing /opt/airflow/dags/forecast_logging_dag.py took 4.445 seconds
[2026-08-30T10:56:40.744+0000] {processor.py:161} INFO - Started process (PID=1914) to work on /opt/airflow/dags/forecast_logging_dag.py
[2026-08-30T10:56:40.747+0000] {processor.py:830} INFO - Processing file /opt/airflow/dags/forecast_logging_dag.py for tasks to queue
[2026-08-30T10:56:40.750+0000] {logging_mixin.py:188} INFO - [2026-08-30T10:56:40.748+0000] {dagbag.py:545} INFO - Filling up the DagBag from /opt/airflow/dags/forecast_logging_dag.py
[2026-08-30T10:56:44.954+0000] {processor.py:840} INFO - DAG(s) 'forecast_logging' retrieved from /opt/airflow/dags/forecast_logging_dag.py
[2026-08-30T10:56:45.037+0000] {logging_mixin.py:188} INFO - [2026-08-30T10:56:45.035+0000] {dag.py:3089} INFO - Sync 1 DAGs
[2026-08-30T10:56:45.103+0000] {logging_mixin.py:188} INFO - [2026-08-30T10:56:45.102+0000] {dag.py:3947} INFO - Setting next_dagrun for forecast_logging to 2026-08-30 00:00:00+00:00, run_after=2026-08-31 00:00:00+00:00
[2026-08-30T10:56:45.160+0000] {processor.py:183} INFO - Processing /opt/airflow/dags/forecast_logging_dag.py took 4.433 seconds
[2026-08-30T10:57:18.744+0000] {processor.py:161} INFO - Started process (PID=1942) to work on /opt/airflow/dags/forecast_logging_dag.py
[2026-08-30T10:57:18.746+0000] {processor.py:830} INFO - Processing file /opt/airflow/dags/forecast_logging_dag.py for tasks to queue
[2026-08-30T10:57:18.748+0000] {logging_mixin.py:188} INFO - [2026-08-30T10:57:18.747+0000] {dagbag.py:545} INFO - Filling up the DagBag from /opt/airflow/dags/forecast_logging_dag.py
[2026-08-30T10:57:20.647+0000] {processor.py:840} INFO - DAG(s) 'forecast_logging' retrieved from /opt/airflow/dags/forecast_logging_dag.py
[2026-08-30T10:57:20.699+0000] {logging_mixin.py:188} INFO - [2026-08-30T10:57:20.698+0000] {dag.py:3089} INFO - Sync 1 DAGs
[2026-08-30T10:57:20.742+0000] {logging_mixin.py:188} INFO - [2026-08-30T10:57:20.741+0000] {dag.py:3947} INFO - Setting next_dagrun for forecast_logging to 2026-08-30 00:00:00+00:00, run_after=2026-08-31 00:00:00+00:00
[2026-08-30T10:57:21.472+0000] {processor.py:183} INFO - Processing /opt/airflow/dags/forecast_logging_dag.py took 6.977 seconds
[2026-08-30T10:57:57.813+0000] {processor.py:161} INFO - Started process (PID=1972) to work on /opt/airflow/dags/forecast_logging_dag.py
[2026-08-30T10:57:57.817+0000] {processor.py:830} INFO - Processing file /opt/airflow/dags/forecast_logging_dag.py for tasks to queue
[2026-08-30T10:57:57.822+0000] {logging_mixin.py:188} INFO - [2026-08-30T10:57:57.820+0000] {dagbag.py:545} INFO - Filling up the DagBag from /opt/airflow/dags/forecast_logging_dag.py
[2026-08-30T10:58:01.697+0000] {processor.py:840} INFO - DAG(s) 'forecast_logging' retrieved from /opt/airflow/dags/forecast_logging_dag.py
[2026-08-30T10:58:01.786+0000] {logging_mixin.py:188} INFO - [2026-08-30T10:58:01.785+0000] {dag.py:3089} INFO - Sync 1 DAGs
[2026-08-30T10:58:01.879+0000] {logging_mixin.py:188} INFO - [2026-08-30T10:58:01.877+0000] {dag.py:3947} INFO - Setting next_dagrun for forecast_logging to 2026-08-30 00:00:00+00:00, run_after=2026-08-31 00:00:00+00:00
[2026-08-30T10:58:01.952+0000] {processor.py:183} INFO - Processing /opt/airflow/dags/forecast_logging_dag.py took 6.773 seconds
[2026-08-30T10:58:36.126+0000] {processor.py:161} INFO - Started process (PID=2007) to work on /opt/airflow/dags/forecast_logging_dag.py
[2026-08-30T10:58:36.131+0000] {processor.py:830} INFO - Processing file /opt/airflow/dags/forecast_logging_dag.py for tasks to queue
[2026-08-30T10:58:36.133+0000] {logging_mixin.py:188} INFO - [2026-08-30T10:58:36.132+0000] {dagbag.py:545} INFO - Filling up the DagBag from /opt/airflow/dags/forecast_logging_dag.py
[2026-08-30T10:58:40.874+0000] {processor.py:840} INFO - DAG(s) 'forecast_logging' retrieved from /opt/airflow/dags/forecast_logging_dag.py
[2026-08-30T10:58:40.948+0000] {logging_mixin.py:188} INFO - [2026-08-30T10:58:40.946+0000] {dag.py:3089} INFO - Sync 1 DAGs
[2026-08-30T10:58:41.000+0000] {logging_mixin.py:188} INFO - [2026-08-30T10:58:40.999+0000] {dag.py:3947} INFO - Setting next_dagrun for forecast_logging to 2026-08-30 00:00:00+00:00, run_after=2026-08-31 00:00:00+00:00
[2026-08-30T10:58:41.049+0000] {processor.py:183} INFO - Processing /opt/airflow/dags/forecast_logging_dag.py took 4.946 seconds
[2026-08-30T10:59:12.021+0000] {processor.py:161} INFO - Started process (PID=2037) to work on /opt/airflow/dags/forecast_logging_dag.py
[2026-08-30T10:59:12.024+0000] {processor.py:830} INFO - Processing file /opt/airflow/dags/forecast_logging_dag.py for tasks to queue
[2026-08-30T10:59:12.027+0000] {logging_mixin.py:188} INFO - [2026-08-30T10:59:12.026+0000] {dagbag.py:545} INFO - Filling up the DagBag from /opt/airflow/dags/forecast_logging_dag.py
[2026-08-30T10:59:16.147+0000] {processor.py:840} INFO - DAG(s) 'forecast_logging' retrieved from /opt/airflow/dags/forecast_logging_dag.py
[2026-08-30T10:59:16.207+0000] {logging_mixin.py:188} INFO - [2026-08-30T10:59:16.206+0000] {dag.py:3089} INFO - Sync 1 DAGs
[2026-08-30T10:59:16.251+0000] {logging_mixin.py:188} INFO - [2026-08-30T10:59:16.251+0000] {dag.py:3947} INFO - Setting next_dagrun for forecast_logging to 2026-08-30 00:00:00+00:00, run_after=2026-08-31 00:00:00+00:00
[2026-08-30T10:59:16.307+0000] {processor.py:183} INFO - Processing /opt/airflow/dags/forecast_logging_dag.py took 4.304 seconds
[2026-08-30T10:59:46.595+0000] {processor.py:161} INFO - Started process (PID=2067) to work on /opt/airflow/dags/forecast_logging_dag.py
[2026-08-30T10:59:46.599+0000] {processor.py:830} INFO - Processing file /opt/airflow/dags/forecast_logging_dag.py for tasks to queue
[2026-08-30T10:59:46.602+0000] {logging_mixin.py:188} INFO - [2026-08-30T10:59:46.601+0000] {dagbag.py:545} INFO - Filling up the DagBag from /opt/airflow/dags/forecast_logging_dag.py
[2026-08-30T10:59:48.541+0000] {processor.py:840} INFO - DAG(s) 'forecast_logging' retrieved from /opt/airflow/dags/forecast_logging_dag.py
[2026-08-30T10:59:48.607+0000] {logging_mixin.py:188} INFO - [2026-08-30T10:59:48.605+0000] {dag.py:3089} INFO - Sync 1 DAGs
[2026-08-30T10:59:48.668+0000] {logging_mixin.py:188} INFO - [2026-08-30T10:59:48.668+0000] {dag.py:3947} INFO - Setting next_dagrun for forecast_logging to 2026-08-30 00:00:00+00:00, run_after=2026-08-31 00:00:00+00:00
[2026-08-30T10:59:48.719+0000] {processor.py:183} INFO - Processing /opt/airflow/dags/forecast_logging_dag.py took 4.470 seconds
[2026-08-30T11:00:15.736+0000] {processor.py:161} INFO - Started process (PID=2115) to work on /opt/airflow/dags/forecast_logging_dag.py
[2026-08-30T11:00:15.739+0000] {processor.py:830} INFO - Processing file /opt/airflow/dags/forecast_logging_dag.py for tasks to queue
[2026-08-30T11:00:15.742+0000] {logging_mixin.py:188} INFO - [2026-08-30T11:00:15.741+0000] {dagbag.py:545} INFO - Filling up the DagBag from /opt/airflow/dags/forecast_logging_dag.py
[2026-08-30T11:00:20.218+0000] {processor.py:840} INFO - DAG(s) 'forecast_logging' retrieved from /opt/airflow/dags/forecast_logging_dag.py
[2026-08-30T11:00:20.281+0000] {logging_mixin.py:188} INFO - [2026-08-30T11:00:20.280+0000] {dag.py:3089} INFO - Sync 1 DAGs
[2026-08-30T11:00:20.331+0000] {logging_mixin.py:188} INFO - [2026-08-30T11:00:20.330+0000] {dag.py:3947} INFO - Setting next_dagrun for forecast_logging to 2026-08-30 00:00:00+00:00, run_after=2026-08-31 00:00:00+00:00
[2026-08-30T11:00:20.378+0000] {processor.py:183} INFO - Processing /opt/airflow/dags/forecast_logging_dag.py took 4.721 seconds
[2026-08-30T11:01:07.351+0000] {processor.py:161} INFO - Started process (PID=2275) to work on /opt/airflow/dags/forecast_logging_dag.py
[2026-08-30T11:01:07.371+0000] {processor.py:830} INFO - Processing file /opt/airflow/dags/forecast_logging_dag.py for tasks to queue
[2026-08-30T11:01:07.374+0000] {logging_mixin.py:188} INFO - [2026-08-30T11:01:07.373+0000] {dagbag.py:545} INFO - Filling up the DagBag from /opt/airflow/dags/forecast_logging_dag.py
[2026-08-30T11:01:17.834+0000] {processor.py:840} INFO - DAG(s) 'forecast_logging' retrieved from /opt/airflow/dags/forecast_logging_dag.py
[2026-08-30T11:01:17.933+0000] {logging_mixin.py:188} INFO - [2026-08-30T11:01:17.931+0000] {dag.py:3089} INFO - Sync 1 DAGs
[2026-08-30T11:01:18.025+0000] {logging_mixin.py:188} INFO - [2026-08-30T11:01:18.025+0000] {dag.py:3947} INFO - Setting next_dagrun for forecast_logging to 2026-08-30 00:00:00+00:00, run_after=2026-08-31 00:00:00+00:00
[2026-08-30T11:01:18.177+0000] {processor.py:183} INFO - Processing /opt/airflow/dags/forecast_logging_dag.py took 9.953 seconds
[2026-08-30T11:01:49.402+0000] {processor.py:161} INFO - Started process (PID=2327) to work on /opt/airflow/dags/forecast_logging_dag.py
[2026-08-30T11:01:49.406+0000] {processor.py:830} INFO - Processing file /opt/airflow/dags/forecast_logging_dag.py for tasks to queue
[2026-08-30T11:01:49.412+0000] {logging_mixin.py:188} INFO - [2026-08-30T11:01:49.408+0000] {dagbag.py:545} INFO - Filling up the DagBag from /opt/airflow/dags/forecast_logging_dag.py
[2026-08-30T11:01:54.936+0000] {processor.py:840} INFO - DAG(s) 'forecast_logging' retrieved from /opt/airflow/dags/forecast_logging_dag.py
[2026-08-30T11:01:54.993+0000] {logging_mixin.py:188} INFO - [2026-08-30T11:01:54.992+0000] {dag.py:3089} INFO - Sync 1 DAGs
[2026-08-30T11:01:55.043+0000] {logging_mixin.py:188} INFO - [2026-08-30T11:01:55.043+0000] {dag.py:3947} INFO - Setting next_dagrun for forecast_logging to 2026-08-30 00:00:00+00:00, run_after=2026-08-31 00:00:00+00:00
[2026-08-30T11:01:55.085+0000] {processor.py:183} INFO - Processing /opt/airflow/dags/forecast_logging_dag.py took 5.715 seconds
[2026-08-30T11:02:25.578+0000] {processor.py:161} INFO - Started process (PID=2391) to work on /opt/airflow/dags/forecast_logging_dag.py
[2026-08-30T11:02:25.581+0000] {processor.py:830} INFO - Processing file /opt/airflow/dags/forecast_logging_dag.py for tasks to queue
[2026-08-30T11:02:25.584+0000] {logging_mixin.py:188} INFO - [2026-08-30T11:02:25.583+0000] {dagbag.py:545} INFO - Filling up the DagBag from /opt/airflow/dags/forecast_logging_dag.py
[2026-08-30T11:02:29.501+0000] {processor.py:840} INFO - DAG(s) 'forecast_logging' retrieved from /opt/airflow/dags/forecast_logging_dag.py
[2026-08-30T11:02:29.572+0000] {logging_mixin.py:188} INFO - [2026-08-30T11:02:29.571+0000] {dag.py:3089} INFO - Sync 1 DAGs
[2026-08-30T11:02:29.631+0000] {logging_mixin.py:188} INFO - [2026-08-30T11:02:29.631+0000] {dag.py:3947} INFO - Setting next_dagrun for forecast_logging to 2026-08-30 00:00:00+00:00, run_after=2026-08-31 00:00:00+00:00
[2026-08-30T11:02:29.679+0000] {processor.py:183} INFO - Processing /opt/airflow/dags/forecast_logging_dag.py took 4.119 seconds
[2026-08-30T11:03:00.151+0000] {processor.py:161} INFO - Started process (PID=2445) to work on /opt/airflow/dags/forecast_logging_dag.py
[2026-08-30T11:03:00.153+0000] {processor.py:830} INFO - Processing file /opt/airflow/dags/forecast_logging_dag.py for tasks to queue
[2026-08-30T11:03:00.156+0000] {logging_mixin.py:188} INFO - [2026-08-30T11:03:00.155+0000] {dagbag.py:545} INFO - Filling up the DagBag from /opt/airflow/dags/forecast_logging_dag.py
[2026-08-30T11:03:01.829+0000] {processor.py:840} INFO - DAG(s) 'forecast_logging' retrieved from /opt/airflow/dags/forecast_logging_dag.py
[2026-08-30T11:03:01.886+0000] {logging_mixin.py:188} INFO - [2026-08-30T11:03:01.885+0000] {dag.py:3089} INFO - Sync 1 DAGs
[2026-08-30T11:03:01.940+0000] {logging_mixin.py:188} INFO - [2026-08-30T11:03:01.940+0000] {dag.py:3947} INFO - Setting next_dagrun for forecast_logging to 2026-08-30 00:00:00+00:00, run_after=2026-08-31 00:00:00+00:00
[2026-08-30T11:03:02.009+0000] {processor.py:183} INFO - Processing /opt/airflow/dags/forecast_logging_dag.py took 4.369 seconds
[2026-08-30T11:03:29.563+0000] {processor.py:161} INFO - Started process (PID=2496) to work on /opt/airflow/dags/forecast_logging_dag.py
[2026-08-30T11:03:29.565+0000] {processor.py:830} INFO - Processing file /opt/airflow/dags/forecast_logging_dag.py for tasks to queue
[2026-08-30T11:03:29.567+0000] {logging_mixin.py:188} INFO - [2026-08-30T11:03:29.566+0000] {dagbag.py:545} INFO - Filling up the DagBag from /opt/airflow/dags/forecast_logging_dag.py
[2026-08-30T11:03:34.235+0000] {processor.py:840} INFO - DAG(s) 'forecast_logging' retrieved from /opt/airflow/dags/forecast_logging_dag.py
[2026-08-30T11:03:34.290+0000] {logging_mixin.py:188} INFO - [2026-08-30T11:03:34.289+0000] {dag.py:3089} INFO - Sync 1 DAGs
[2026-08-30T11:03:34.338+0000] {logging_mixin.py:188} INFO - [2026-08-30T11:03:34.338+0000] {dag.py:3947} INFO - Setting next_dagrun for forecast_logging to 2026-08-30 00:00:00+00:00, run_after=2026-08-31 00:00:00+00:00
[2026-08-30T11:03:34.684+0000] {processor.py:183} INFO - Processing /opt/airflow/dags/forecast_logging_dag.py took 5.139 seconds
[2026-08-30T11:03:34.995+0000] {processor.py:161} INFO - Started process (PID=2517) to work on /opt/airflow/dags/forecast_logging_dag.py
[2026-08-30T11:03:34.998+0000] {processor.py:830} INFO - Processing file /opt/airflow/dags/forecast_logging_dag.py for tasks to queue
[2026-08-30T11:03:35.002+0000] {logging_mixin.py:188} INFO - [2026-08-30T11:03:35.000+0000] {dagbag.py:545} INFO - Filling up the DagBag from /opt/airflow/dags/forecast_logging_dag.py
[2026-08-30T11:03:35.032+0000] {logging_mixin.py:188} INFO - [2026-08-30T11:03:35.032+0000] {dagbag.py:334} INFO - File /opt/airflow/dags/forecast_logging_dag.py assumed to contain no DAGs. Skipping.
[2026-08-30T11:03:35.034+0000] {processor.py:842} WARNING - No viable dags retrieved from /opt/airflow/dags/forecast_logging_dag.py
[2026-08-30T11:03:35.094+0000] {processor.py:183} INFO - Processing /opt/airflow/dags/forecast_logging_dag.py took 0.123 seconds
[2026-08-30T11:03:35.245+0000] {processor.py:161} INFO - Started process (PID=2522) to work on /opt/airflow/dags/forecast_logging_dag.py
[2026-08-30T11:03:35.248+0000] {processor.py:830} INFO - Processing file /opt/airflow/dags/forecast_logging_dag.py for tasks to queue
[2026-08-30T11:03:35.251+0000] {logging_mixin.py:188} INFO - [2026-08-30T11:03:35.249+0000] {dagbag.py:545} INFO - Filling up the DagBag from /opt/airflow/dags/forecast_logging_dag.py
[2026-08-30T11:03:35.275+0000] {logging_mixin.py:188} INFO - [2026-08-30T11:03:35.274+0000] {dagbag.py:334} INFO - File /opt/airflow/dags/forecast_logging_dag.py assumed to contain no DAGs. Skipping.
[2026-08-30T11:03:35.277+0000] {processor.py:842} WARNING - No viable dags retrieved from /opt/airflow/dags/forecast_logging_dag.py
[2026-08-30T11:03:35.319+0000] {processor.py:183} INFO - Processing /opt/airflow/dags/forecast_logging_dag.py took 0.095 seconds
[2026-08-30T11:03:35.479+0000] {processor.py:161} INFO - Started process (PID=2527) to work on /opt/airflow/dags/forecast_logging_dag.py
[2026-08-30T11:03:35.484+0000] {processor.py:830} INFO - Processing file /opt/airflow/dags/forecast_logging_dag.py for tasks to queue
[2026-08-30T11:03:35.491+0000] {logging_mixin.py:188} INFO - [2026-08-30T11:03:35.490+0000] {dagbag.py:545} INFO - Filling up the DagBag from /opt/airflow/dags/forecast_logging_dag.py
[2026-08-30T11:03:35.520+0000] {logging_mixin.py:188} INFO - [2026-08-30T11:03:35.520+0000] {dagbag.py:334} INFO - File /opt/airflow/dags/forecast_logging_dag.py assumed to contain no DAGs. Skipping.
[2026-08-30T11:03:35.522+0000] {processor.py:842} WARNING - No viable dags retrieved from /opt/airflow/dags/forecast_logging_dag.py
[2026-08-30T11:03:35.572+0000] {processor.py:183} INFO - Processing /opt/airflow/dags/forecast_logging_dag.py took 0.122 seconds
[2026-08-30T11:03:35.712+0000] {processor.py:161} INFO - Started process (PID=2532) to work on /opt/airflow/dags/forecast_logging_dag.py
[2026-08-30T11:03:35.714+0000] {processor.py:830} INFO - Processing file /opt/airflow/dags/forecast_logging_dag.py for tasks to queue
[2026-08-30T11:03:35.718+0000] {logging_mixin.py:188} INFO - [2026-08-30T11:03:35.717+0000] {dagbag.py:545} INFO - Filling up the DagBag from /opt/airflow/dags/forecast_logging_dag.py
[2026-08-30T11:03:35.740+0000] {logging_mixin.py:188} INFO - [2026-08-30T11:03:35.739+0000] {dagbag.py:334} INFO - File /opt/airflow/dags/forecast_logging_dag.py assumed to contain no DAGs. Skipping.
[2026-08-30T11:03:35.741+0000] {processor.py:842} WARNING - No viable dags retrieved from /opt/airflow/dags/forecast_logging_dag.py
[2026-08-30T11:03:35.792+0000] {processor.py:183} INFO - Processing /opt/airflow/dags/forecast_logging_dag.py took 0.101 seconds
[2026-08-30T11:03:35.931+0000] {processor.py:161} INFO - Started process (PID=2537) to work on /opt/airflow/dags/forecast_logging_dag.py
[2026-08-30T11:03:35.934+0000] {processor.py:830} INFO - Processing file /opt/airflow/dags/forecast_logging_dag.py for tasks to queue
[2026-08-30T11:03:35.936+0000] {logging_mixin.py:188} INFO - [2026-08-30T11:03:35.936+0000] {dagbag.py:545} INFO - Filling up the DagBag from /opt/airflow/dags/forecast_logging_dag.py
[2026-08-30T11:03:35.961+0000] {logging_mixin.py:188} INFO - [2026-08-30T11:03:35.960+0000] {dagbag.py:334} INFO - File /opt/airflow/dags/forecast_logging_dag.py assumed to contain no DAGs. Skipping.
[2026-08-30T11:03:35.962+0000] {processor.py:842} WARNING - No viable dags retrieved from /opt/airflow/dags/forecast_logging_dag.py
[2026-08-30T11:03:36.005+0000] {processor.py:183} INFO - Processing /opt/airflow/dags/forecast_logging_dag.py took 0.094 seconds
[2026-08-30T11:03:36.161+0000] {processor.py:161} INFO - Started process (PID=2542) to work on /opt/airflow/dags/forecast_logging_dag.py
[2026-08-30T11:03:36.165+0000] {processor.py:830} INFO - Processing file /opt/airflow/dags/forecast_logging_dag.py for tasks to queue
[2026-08-30T11:03:36.167+0000] {logging_mixin.py:188} INFO - [2026-08-30T11:03:36.167+0000] {dagbag.py:545} INFO - Filling up the DagBag from /opt/airflow/dags/forecast_logging_dag.py
[2026-08-30T11:03:36.199+0000] {logging_mixin.py:188} INFO - [2026-08-30T11:03:36.198+0000] {dagbag.py:334} INFO - File /opt/airflow/dags/forecast_logging_dag.py assumed to contain no DAGs. Skipping.
[2026-08-30T11:03:36.200+0000] {processor.py:842} WARNING - No viable dags retrieved from /opt/airflow/dags/forecast_logging_dag.py
[2026-08-30T11:03:36.244+0000] {processor.py:183} INFO - Processing /opt/airflow/dags/forecast_logging_dag.py took 0.104 seconds
[2026-08-30T11:03:36.406+0000] {processor.py:161} INFO - Started process (PID=2547) to work on /opt/airflow/dags/forecast_logging_dag.py
[2026-08-30T11:03:36.409+0000] {processor.py:830} INFO - Processing file /opt/airflow/dags/forecast_logging_dag.py for tasks to queue
[2026-08-30T11:03:36.411+0000] {logging_mixin.py:188} INFO - [2026-08-30T11:03:36.410+0000] {dagbag.py:545} INFO - Filling up the DagBag from /opt/airflow/dags/forecast_logging_dag.py
[2026-08-30T11:03:36.436+0000] {logging_mixin.py:188} INFO - [2026-08-30T11:03:36.436+0000] {dagbag.py:334} INFO - File /opt/airflow/dags/forecast_logging_dag.py assumed to contain no DAGs. Skipping.
[2026-08-30T11:03:36.438+0000] {processor.py:842} WARNING - No viable dags retrieved from /opt/airflow/dags/forecast_logging_dag.py
[2026-08-30T11:03:36.480+0000] {processor.py:183} INFO - Processing /opt/airflow/dags/forecast_logging_dag.py took 0.095 seconds
[2026-08-30T11:07:58.987+0000] {processor.py:161} INFO - Started process (PID=168) to work on /opt/airflow/dags/forecast_logging_dag.py
[2026-08-30T11:07:58.993+0000] {processor.py:830} INFO - Processing file /opt/airflow/dags/forecast_logging_dag.py for tasks to queue
[2026-08-30T11:07:58.999+0000] {logging_mixin.py:188} INFO - [2026-08-30T11:07:58.998+0000] {dagbag.py:545} INFO - Filling up the DagBag from /opt/airflow/dags/forecast_logging_dag.py
[2026-08-30T11:08:26.135+0000] {logging_mixin.py:188} INFO - [2026-08-30T11:08:26.126+0000] {timeout.py:68} ERROR - Process timed out, PID: 168
[2026-08-30T11:08:58.089+0000] {processor.py:161} INFO - Started process (PID=186) to work on /opt/airflow/dags/forecast_logging_dag.py
[2026-08-30T11:08:58.251+0000] {processor.py:830} INFO - Processing file /opt/airflow/dags/forecast_logging_dag.py for tasks to queue
[2026-08-30T11:08:58.534+0000] {logging_mixin.py:188} INFO - [2026-08-30T11:08:58.532+0000] {dagbag.py:545} INFO - Filling up the DagBag from /opt/airflow/dags/forecast_logging_dag.py
[2026-08-30T11:09:10.405+0000] {processor.py:840} INFO - DAG(s) 'forecast_logging' retrieved from /opt/airflow/dags/forecast_logging_dag.py
[2026-08-30T11:09:10.647+0000] {logging_mixin.py:188} INFO - [2026-08-30T11:09:10.646+0000] {dag.py:3089} INFO - Sync 1 DAGs
[2026-08-30T11:09:10.687+0000] {logging_mixin.py:188} INFO - [2026-08-30T11:09:10.686+0000] {dag.py:3947} INFO - Setting next_dagrun for forecast_logging to 2026-08-30 00:00:00+00:00, run_after=2026-08-31 00:00:00+00:00
[2026-08-30T11:09:10.784+0000] {processor.py:183} INFO - Processing /opt/airflow/dags/forecast_logging_dag.py took 15.452 seconds
[2026-08-30T11:09:41.701+0000] {processor.py:161} INFO - Started process (PID=226) to work on /opt/airflow/dags/forecast_logging_dag.py
[2026-08-30T11:09:41.706+0000] {processor.py:830} INFO - Processing file /opt/airflow/dags/forecast_logging_dag.py for tasks to queue
[2026-08-30T11:09:41.712+0000] {logging_mixin.py:188} INFO - [2026-08-30T11:09:41.711+0000] {dagbag.py:545} INFO - Filling up the DagBag from /opt/airflow/dags/forecast_logging_dag.py
[2026-08-30T11:09:47.289+0000] {processor.py:840} INFO - DAG(s) 'forecast_logging' retrieved from /opt/airflow/dags/forecast_logging_dag.py
[2026-08-30T11:09:47.378+0000] {logging_mixin.py:188} INFO - [2026-08-30T11:09:47.377+0000] {dag.py:3089} INFO - Sync 1 DAGs
[2026-08-30T11:09:47.429+0000] {logging_mixin.py:188} INFO - [2026-08-30T11:09:47.428+0000] {dag.py:3947} INFO - Setting next_dagrun for forecast_logging to 2026-08-30 00:00:00+00:00, run_after=2026-08-31 00:00:00+00:00
[2026-08-30T11:09:47.480+0000] {processor.py:183} INFO - Processing /opt/airflow/dags/forecast_logging_dag.py took 5.843 seconds
[2026-08-30T11:10:17.934+0000] {processor.py:161} INFO - Started process (PID=258) to work on /opt/airflow/dags/forecast_logging_dag.py
[2026-08-30T11:10:17.937+0000] {processor.py:830} INFO - Processing file /opt/airflow/dags/forecast_logging_dag.py for tasks to queue
[2026-08-30T11:10:17.943+0000] {logging_mixin.py:188} INFO - [2026-08-30T11:10:17.942+0000] {dagbag.py:545} INFO - Filling up the DagBag from /opt/airflow/dags/forecast_logging_dag.py
[2026-08-30T11:10:23.664+0000] {processor.py:840} INFO - DAG(s) 'forecast_logging' retrieved from /opt/airflow/dags/forecast_logging_dag.py
[2026-08-30T11:10:23.742+0000] {logging_mixin.py:188} INFO - [2026-08-30T11:10:23.741+0000] {dag.py:3089} INFO - Sync 1 DAGs
[2026-08-30T11:10:23.805+0000] {logging_mixin.py:188} INFO - [2026-08-30T11:10:23.804+0000] {dag.py:3947} INFO - Setting next_dagrun for forecast_logging to 2026-08-30 00:00:00+00:00, run_after=2026-08-31 00:00:00+00:00
[2026-08-30T11:10:23.845+0000] {processor.py:183} INFO - Processing /opt/airflow/dags/forecast_logging_dag.py took 5.932 seconds
[2026-08-30T11:10:54.339+0000] {processor.py:161} INFO - Started process (PID=288) to work on /opt/airflow/dags/forecast_logging_dag.py
[2026-08-30T11:10:54.341+0000] {processor.py:830} INFO - Processing file /opt/airflow/dags/forecast_logging_dag.py for tasks to queue
[2026-08-30T11:10:54.348+0000] {logging_mixin.py:188} INFO - [2026-08-30T11:10:54.347+0000] {dagbag.py:545} INFO - Filling up the DagBag from /opt/airflow/dags/forecast_logging_dag.py
[2026-08-30T11:11:02.237+0000] {processor.py:840} INFO - DAG(s) 'forecast_logging' retrieved from /opt/airflow/dags/forecast_logging_dag.py
[2026-08-30T11:11:02.295+0000] {logging_mixin.py:188} INFO - [2026-08-30T11:11:02.294+0000] {dag.py:3089} INFO - Sync 1 DAGs
[2026-08-30T11:11:02.337+0000] {logging_mixin.py:188} INFO - [2026-08-30T11:11:02.337+0000] {dag.py:3947} INFO - Setting next_dagrun for forecast_logging to 2026-08-30 00:00:00+00:00, run_after=2026-08-31 00:00:00+00:00
[2026-08-30T11:11:02.386+0000] {processor.py:183} INFO - Processing /opt/airflow/dags/forecast_logging_dag.py took 10.014 seconds
[2026-08-30T11:11:33.311+0000] {processor.py:161} INFO - Started process (PID=318) to work on /opt/airflow/dags/forecast_logging_dag.py
[2026-08-30T11:11:33.316+0000] {processor.py:830} INFO - Processing file /opt/airflow/dags/forecast_logging_dag.py for tasks to queue
[2026-08-30T11:11:33.327+0000] {logging_mixin.py:188} INFO - [2026-08-30T11:11:33.325+0000] {dagbag.py:545} INFO - Filling up the DagBag from /opt/airflow/dags/forecast_logging_dag.py
[2026-08-30T11:11:41.244+0000] {processor.py:840} INFO - DAG(s) 'forecast_logging' retrieved from /opt/airflow/dags/forecast_logging_dag.py
[2026-08-30T11:11:41.673+0000] {logging_mixin.py:188} INFO - [2026-08-30T11:11:41.668+0000] {dag.py:3089} INFO - Sync 1 DAGs
[2026-08-30T11:11:41.915+0000] {logging_mixin.py:188} INFO - [2026-08-30T11:11:41.914+0000] {dag.py:3947} INFO - Setting next_dagrun for forecast_logging to 2026-08-30 00:00:00+00:00, run_after=2026-08-31 00:00:00+00:00
[2026-08-30T11:11:42.017+0000] {processor.py:183} INFO - Processing /opt/airflow/dags/forecast_logging_dag.py took 8.744 seconds
[2026-08-30T11:12:13.113+0000] {processor.py:161} INFO - Started process (PID=348) to work on /opt/airflow/dags/forecast_logging_dag.py
[2026-08-30T11:12:13.116+0000] {processor.py:830} INFO - Processing file /opt/airflow/dags/forecast_logging_dag.py for tasks to queue
[2026-08-30T11:12:13.120+0000] {logging_mixin.py:188} INFO - [2026-08-30T11:12:13.120+0000] {dagbag.py:545} INFO - Filling up the DagBag from /opt/airflow/dags/forecast_logging_dag.py
[2026-08-30T11:12:17.250+0000] {processor.py:840} INFO - DAG(s) 'forecast_logging' retrieved from /opt/airflow/dags/forecast_logging_dag.py
[2026-08-30T11:12:17.339+0000] {logging_mixin.py:188} INFO - [2026-08-30T11:12:17.337+0000] {dag.py:3089} INFO - Sync 1 DAGs
[2026-08-30T11:12:17.413+0000] {logging_mixin.py:188} INFO - [2026-08-30T11:12:17.413+0000] {dag.py:3947} INFO - Setting next_dagrun for forecast_logging to 2026-08-30 00:00:00+00:00, run_after=2026-08-31 00:00:00+00:00
[2026-08-30T11:12:17.460+0000] {processor.py:183} INFO - Processing /opt/airflow/dags/forecast_logging_dag.py took 4.364 seconds
[2026-08-30T11:12:47.948+0000] {processor.py:161} INFO - Started process (PID=378) to work on /opt/airflow/dags/forecast_logging_dag.py
[2026-08-30T11:12:47.950+0000] {processor.py:830} INFO - Processing file /opt/airflow/dags/forecast_logging_dag.py for tasks to queue
[2026-08-30T11:12:47.956+0000] {logging_mixin.py:188} INFO - [2026-08-30T11:12:47.955+0000] {dagbag.py:545} INFO - Filling up the DagBag from /opt/airflow/dags/forecast_logging_dag.py
[2026-08-30T11:12:50.307+0000] {processor.py:840} INFO - DAG(s) 'forecast_logging' retrieved from /opt/airflow/dags/forecast_logging_dag.py
[2026-08-30T11:12:50.390+0000] {logging_mixin.py:188} INFO - [2026-08-30T11:12:50.387+0000] {dag.py:3089} INFO - Sync 1 DAGs
[2026-08-30T11:12:50.463+0000] {logging_mixin.py:188} INFO - [2026-08-30T11:12:50.462+0000] {dag.py:3947} INFO - Setting next_dagrun for forecast_logging to 2026-08-30 00:00:00+00:00, run_after=2026-08-31 00:00:00+00:00
[2026-08-30T11:12:50.530+0000] {processor.py:183} INFO - Processing /opt/airflow/dags/forecast_logging_dag.py took 4.932 seconds
[2026-08-30T11:13:20.902+0000] {processor.py:161} INFO - Started process (PID=408) to work on /opt/airflow/dags/forecast_logging_dag.py
[2026-08-30T11:13:20.908+0000] {processor.py:830} INFO - Processing file /opt/airflow/dags/forecast_logging_dag.py for tasks to queue
[2026-08-30T11:13:20.923+0000] {logging_mixin.py:188} INFO - [2026-08-30T11:13:20.917+0000] {dagbag.py:545} INFO - Filling up the DagBag from /opt/airflow/dags/forecast_logging_dag.py
[2026-08-30T11:13:25.110+0000] {processor.py:840} INFO - DAG(s) 'forecast_logging' retrieved from /opt/airflow/dags/forecast_logging_dag.py
[2026-08-30T11:13:25.168+0000] {logging_mixin.py:188} INFO - [2026-08-30T11:13:25.167+0000] {dag.py:3089} INFO - Sync 1 DAGs
[2026-08-30T11:13:25.218+0000] {logging_mixin.py:188} INFO - [2026-08-30T11:13:25.218+0000] {dag.py:3947} INFO - Setting next_dagrun for forecast_logging to 2026-08-30 00:00:00+00:00, run_after=2026-08-31 00:00:00+00:00
[2026-08-30T11:13:25.264+0000] {processor.py:183} INFO - Processing /opt/airflow/dags/forecast_logging_dag.py took 4.387 seconds
[2026-08-30T11:13:56.014+0000] {processor.py:161} INFO - Started process (PID=438) to work on /opt/airflow/dags/forecast_logging_dag.py
[2026-08-30T11:13:56.016+0000] {processor.py:830} INFO - Processing file /opt/airflow/dags/forecast_logging_dag.py for tasks to queue
[2026-08-30T11:13:56.021+0000] {logging_mixin.py:188} INFO - [2026-08-30T11:13:56.020+0000] {dagbag.py:545} INFO - Filling up the DagBag from /opt/airflow/dags/forecast_logging_dag.py
[2026-08-30T11:14:02.481+0000] {processor.py:840} INFO - DAG(s) 'forecast_logging' retrieved from /opt/airflow/dags/forecast_logging_dag.py
[2026-08-30T11:14:03.224+0000] {logging_mixin.py:188} INFO - [2026-08-30T11:14:03.216+0000] {dag.py:3089} INFO - Sync 1 DAGs
[2026-08-30T11:14:03.581+0000] {logging_mixin.py:188} INFO - [2026-08-30T11:14:03.579+0000] {dag.py:3947} INFO - Setting next_dagrun for forecast_logging to 2026-08-30 00:00:00+00:00, run_after=2026-08-31 00:00:00+00:00
[2026-08-30T11:14:03.758+0000] {processor.py:183} INFO - Processing /opt/airflow/dags/forecast_logging_dag.py took 7.759 seconds
[2026-08-30T11:14:34.051+0000] {processor.py:161} INFO - Started process (PID=468) to work on /opt/airflow/dags/forecast_logging_dag.py
[2026-08-30T11:14:34.054+0000] {processor.py:830} INFO - Processing file /opt/airflow/dags/forecast_logging_dag.py for tasks to queue
[2026-08-30T11:14:34.061+0000] {logging_mixin.py:188} INFO - [2026-08-30T11:14:34.060+0000] {dagbag.py:545} INFO - Filling up the DagBag from /opt/airflow/dags/forecast_logging_dag.py
[2026-08-30T11:14:39.740+0000] {processor.py:840} INFO - DAG(s) 'forecast_logging' retrieved from /opt/airflow/dags/forecast_logging_dag.py
[2026-08-30T11:14:40.016+0000] {logging_mixin.py:188} INFO - [2026-08-30T11:14:40.015+0000] {dag.py:3089} INFO - Sync 1 DAGs
[2026-08-30T11:14:40.106+0000] {logging_mixin.py:188} INFO - [2026-08-30T11:14:40.105+0000] {dag.py:3947} INFO - Setting next_dagrun for forecast_logging to 2026-08-30 00:00:00+00:00, run_after=2026-08-31 00:00:00+00:00
[2026-08-30T11:14:40.600+0000] {processor.py:183} INFO - Processing /opt/airflow/dags/forecast_logging_dag.py took 6.567 seconds
[2026-08-30T11:14:40.850+0000] {processor.py:161} INFO - Started process (PID=495) to work on /opt/airflow/dags/forecast_logging_dag.py
[2026-08-30T11:14:40.856+0000] {processor.py:830} INFO - Processing file /opt/airflow/dags/forecast_logging_dag.py for tasks to queue
[2026-08-30T11:14:40.863+0000] {logging_mixin.py:188} INFO - [2026-08-30T11:14:40.862+0000] {dagbag.py:545} INFO - Filling up the DagBag from /opt/airflow/dags/forecast_logging_dag.py
[2026-08-30T11:14:45.622+0000] {processor.py:840} INFO - DAG(s) 'forecast_logging' retrieved from /opt/airflow/dags/forecast_logging_dag.py
[2026-08-30T11:14:46.164+0000] {logging_mixin.py:188} INFO - [2026-08-30T11:14:46.163+0000] {dag.py:3089} INFO - Sync 1 DAGs
[2026-08-30T11:14:46.500+0000] {logging_mixin.py:188} INFO - [2026-08-30T11:14:46.497+0000] {dag.py:3947} INFO - Setting next_dagrun for forecast_logging to 2026-08-30 00:00:00+00:00, run_after=2026-08-31 00:00:00+00:00
[2026-08-30T11:14:46.623+0000] {processor.py:183} INFO - Processing /opt/airflow/dags/forecast_logging_dag.py took 7.928 seconds
[2026-08-30T11:15:17.208+0000] {processor.py:161} INFO - Started process (PID=528) to work on /opt/airflow/dags/forecast_logging_dag.py
[2026-08-30T11:15:17.210+0000] {processor.py:830} INFO - Processing file /opt/airflow/dags/forecast_logging_dag.py for tasks to queue
[2026-08-30T11:15:17.215+0000] {logging_mixin.py:188} INFO - [2026-08-30T11:15:17.215+0000] {dagbag.py:545} INFO - Filling up the DagBag from /opt/airflow/dags/forecast_logging_dag.py
[2026-08-30T11:15:21.868+0000] {processor.py:840} INFO - DAG(s) 'forecast_logging' retrieved from /opt/airflow/dags/forecast_logging_dag.py
[2026-08-30T11:15:21.947+0000] {logging_mixin.py:188} INFO - [2026-08-30T11:15:21.945+0000] {dag.py:3089} INFO - Sync 1 DAGs
[2026-08-30T11:15:21.994+0000] {logging_mixin.py:188} INFO - [2026-08-30T11:15:21.994+0000] {dag.py:3947} INFO - Setting next_dagrun for forecast_logging to 2026-08-30 00:00:00+00:00, run_after=2026-08-31 00:00:00+00:00
[2026-08-30T11:15:22.035+0000] {processor.py:183} INFO - Processing /opt/airflow/dags/forecast_logging_dag.py took 4.848 seconds
[2026-08-30T11:15:52.630+0000] {processor.py:161} INFO - Started process (PID=562) to work on /opt/airflow/dags/forecast_logging_dag.py
[2026-08-30T11:15:52.633+0000] {processor.py:830} INFO - Processing file /opt/airflow/dags/forecast_logging_dag.py for tasks to queue
[2026-08-30T11:15:52.640+0000] {logging_mixin.py:188} INFO - [2026-08-30T11:15:52.639+0000] {dagbag.py:545} INFO - Filling up the DagBag from /opt/airflow/dags/forecast_logging_dag.py
[2026-08-30T11:15:57.115+0000] {processor.py:840} INFO - DAG(s) 'forecast_logging' retrieved from /opt/airflow/dags/forecast_logging_dag.py
[2026-08-30T11:15:57.217+0000] {logging_mixin.py:188} INFO - [2026-08-30T11:15:57.216+0000] {dag.py:3089} INFO - Sync 1 DAGs
[2026-08-30T11:15:57.303+0000] {logging_mixin.py:188} INFO - [2026-08-30T11:15:57.302+0000] {dag.py:3947} INFO - Setting next_dagrun for forecast_logging to 2026-08-30 00:00:00+00:00, run_after=2026-08-31 00:00:00+00:00
[2026-08-30T11:15:57.360+0000] {processor.py:183} INFO - Processing /opt/airflow/dags/forecast_logging_dag.py took 4.751 seconds
[2026-08-30T11:16:28.161+0000] {processor.py:161} INFO - Started process (PID=594) to work on /opt/airflow/dags/forecast_logging_dag.py
[2026-08-30T11:16:28.165+0000] {processor.py:830} INFO - Processing file /opt/airflow/dags/forecast_logging_dag.py for tasks to queue
[2026-08-30T11:16:28.174+0000] {logging_mixin.py:188} INFO - [2026-08-30T11:16:28.172+0000] {dagbag.py:545} INFO - Filling up the DagBag from /opt/airflow/dags/forecast_logging_dag.py
[2026-08-30T11:16:32.022+0000] {processor.py:840} INFO - DAG(s) 'forecast_logging' retrieved from /opt/airflow/dags/forecast_logging_dag.py
[2026-08-30T11:16:32.080+0000] {logging_mixin.py:188} INFO - [2026-08-30T11:16:32.079+0000] {dag.py:3089} INFO - Sync 1 DAGs
[2026-08-30T11:16:32.123+0000] {logging_mixin.py:188} INFO - [2026-08-30T11:16:32.122+0000] {dag.py:3947} INFO - Setting next_dagrun for forecast_logging to 2026-08-30 00:00:00+00:00, run_after=2026-08-31 00:00:00+00:00
[2026-08-30T11:16:32.167+0000] {processor.py:183} INFO - Processing /opt/airflow/dags/forecast_logging_dag.py took 4.028 seconds
[2026-08-30T11:17:03.591+0000] {processor.py:161} INFO - Started process (PID=624) to work on /opt/airflow/dags/forecast_logging_dag.py
[2026-08-30T11:17:03.610+0000] {processor.py:830} INFO - Processing file /opt/airflow/dags/forecast_logging_dag.py for tasks to queue
[2026-08-30T11:17:03.625+0000] {logging_mixin.py:188} INFO - [2026-08-30T11:17:03.624+0000] {dagbag.py:545} INFO - Filling up the DagBag from /opt/airflow/dags/forecast_logging_dag.py
[2026-08-30T11:17:08.018+0000] {processor.py:840} INFO - DAG(s) 'forecast_logging' retrieved from /opt/airflow/dags/forecast_logging_dag.py
[2026-08-30T11:17:08.094+0000] {logging_mixin.py:188} INFO - [2026-08-30T11:17:08.093+0000] {dag.py:3089} INFO - Sync 1 DAGs
[2026-08-30T11:17:08.138+0000] {logging_mixin.py:188} INFO - [2026-08-30T11:17:08.138+0000] {dag.py:3947} INFO - Setting next_dagrun for forecast_logging to 2026-08-30 00:00:00+00:00, run_after=2026-08-31 00:00:00+00:00
[2026-08-30T11:17:08.178+0000] {processor.py:183} INFO - Processing /opt/airflow/dags/forecast_logging_dag.py took 4.632 seconds
[2026-08-30T11:17:39.160+0000] {processor.py:161} INFO - Started process (PID=654) to work on /opt/airflow/dags/forecast_logging_dag.py
[2026-08-30T11:17:39.163+0000] {processor.py:830} INFO - Processing file /opt/airflow/dags/forecast_logging_dag.py for tasks to queue
[2026-08-30T11:17:39.168+0000] {logging_mixin.py:188} INFO - [2026-08-30T11:17:39.167+0000] {dagbag.py:545} INFO - Filling up the DagBag from /opt/airflow/dags/forecast_logging_dag.py
[2026-08-30T11:17:43.242+0000] {processor.py:840} INFO - DAG(s) 'forecast_logging' retrieved from /opt/airflow/dags/forecast_logging_dag.py
[2026-08-30T11:17:43.297+0000] {logging_mixin.py:188} INFO - [2026-08-30T11:17:43.296+0000] {dag.py:3089} INFO - Sync 1 DAGs
[2026-08-30T11:17:43.342+0000] {logging_mixin.py:188} INFO - [2026-08-30T11:17:43.341+0000] {dag.py:3947} INFO - Setting next_dagrun for forecast_logging to 2026-08-30 00:00:00+00:00, run_after=2026-08-31 00:00:00+00:00
[2026-08-30T11:17:43.384+0000] {processor.py:183} INFO - Processing /opt/airflow/dags/forecast_logging_dag.py took 4.248 seconds
[2026-08-30T11:18:14.403+0000] {processor.py:161} INFO - Started process (PID=684) to work on /opt/airflow/dags/forecast_logging_dag.py
[2026-08-30T11:18:14.405+0000] {processor.py:830} INFO - Processing file /opt/airflow/dags/forecast_logging_dag.py for tasks to queue
[2026-08-30T11:18:14.411+0000] {logging_mixin.py:188} INFO - [2026-08-30T11:18:14.409+0000] {dagbag.py:545} INFO - Filling up the DagBag from /opt/airflow/dags/forecast_logging_dag.py
[2026-08-30T11:18:18.891+0000] {processor.py:840} INFO - DAG(s) 'forecast_logging' retrieved from /opt/airflow/dags/forecast_logging_dag.py
[2026-08-30T11:18:19.005+0000] {logging_mixin.py:188} INFO - [2026-08-30T11:18:19.004+0000] {dag.py:3089} INFO - Sync 1 DAGs
[2026-08-30T11:18:19.059+0000] {logging_mixin.py:188} INFO - [2026-08-30T11:18:19.059+0000] {dag.py:3947} INFO - Setting next_dagrun for forecast_logging to 2026-08-30 00:00:00+00:00, run_after=2026-08-31 00:00:00+00:00
[2026-08-30T11:18:19.106+0000] {processor.py:183} INFO - Processing /opt/airflow/dags/forecast_logging_dag.py took 4.719 seconds
[2026-08-30T11:18:49.408+0000] {processor.py:161} INFO - Started process (PID=714) to work on /opt/airflow/dags/forecast_logging_dag.py
[2026-08-30T11:18:49.411+0000] {processor.py:830} INFO - Processing file /opt/airflow/dags/forecast_logging_dag.py for tasks to queue
[2026-08-30T11:18:49.416+0000] {logging_mixin.py:188} INFO - [2026-08-30T11:18:49.416+0000] {dagbag.py:545} INFO - Filling up the DagBag from /opt/airflow/dags/forecast_logging_dag.py
[2026-08-30T11:18:50.805+0000] {processor.py:840} INFO - DAG(s) 'forecast_logging' retrieved from /opt/airflow/dags/forecast_logging_dag.py
[2026-08-30T11:18:50.856+0000] {logging_mixin.py:188} INFO - [2026-08-30T11:18:50.856+0000] {dag.py:3089} INFO - Sync 1 DAGs
[2026-08-30T11:18:50.898+0000] {logging_mixin.py:188} INFO - [2026-08-30T11:18:50.897+0000] {dag.py:3947} INFO - Setting next_dagrun for forecast_logging to 2026-08-30 00:00:00+00:00, run_after=2026-08-31 00:00:00+00:00
[2026-08-30T11:18:50.935+0000] {processor.py:183} INFO - Processing /opt/airflow/dags/forecast_logging_dag.py took 4.108 seconds
[2026-08-30T11:19:21.981+0000] {processor.py:161} INFO - Started process (PID=744) to work on /opt/airflow/dags/forecast_logging_dag.py
[2026-08-30T11:19:21.984+0000] {processor.py:830} INFO - Processing file /opt/airflow/dags/forecast_logging_dag.py for tasks to queue
[2026-08-30T11:19:21.990+0000] {logging_mixin.py:188} INFO - [2026-08-30T11:19:21.989+0000] {dagbag.py:545} INFO - Filling up the DagBag from /opt/airflow/dags/forecast_logging_dag.py
[2026-08-30T11:19:26.136+0000] {processor.py:840} INFO - DAG(s) 'forecast_logging' retrieved from /opt/airflow/dags/forecast_logging_dag.py
[2026-08-30T11:19:26.192+0000] {logging_mixin.py:188} INFO - [2026-08-30T11:19:26.192+0000] {dag.py:3089} INFO - Sync 1 DAGs
[2026-08-30T11:19:26.233+0000] {logging_mixin.py:188} INFO - [2026-08-30T11:19:26.233+0000] {dag.py:3947} INFO - Setting next_dagrun for forecast_logging to 2026-08-30 00:00:00+00:00, run_after=2026-08-31 00:00:00+00:00
[2026-08-30T11:19:26.278+0000] {processor.py:183} INFO - Processing /opt/airflow/dags/forecast_logging_dag.py took 4.315 seconds
[2026-08-30T11:19:56.876+0000] {processor.py:161} INFO - Started process (PID=774) to work on /opt/airflow/dags/forecast_logging_dag.py
[2026-08-30T11:19:56.887+0000] {processor.py:830} INFO - Processing file /opt/airflow/dags/forecast_logging_dag.py for tasks to queue
[2026-08-30T11:19:56.898+0000] {logging_mixin.py:188} INFO - [2026-08-30T11:19:56.896+0000] {dagbag.py:545} INFO - Filling up the DagBag from /opt/airflow/dags/forecast_logging_dag.py
[2026-08-30T11:20:01.448+0000] {processor.py:840} INFO - DAG(s) 'forecast_logging' retrieved from /opt/airflow/dags/forecast_logging_dag.py
[2026-08-30T11:20:01.506+0000] {logging_mixin.py:188} INFO - [2026-08-30T11:20:01.506+0000] {dag.py:3089} INFO - Sync 1 DAGs
[2026-08-30T11:20:01.569+0000] {logging_mixin.py:188} INFO - [2026-08-30T11:20:01.568+0000] {dag.py:3947} INFO - Setting next_dagrun for forecast_logging to 2026-08-30 00:00:00+00:00, run_after=2026-08-31 00:00:00+00:00
[2026-08-30T11:20:01.659+0000] {processor.py:183} INFO - Processing /opt/airflow/dags/forecast_logging_dag.py took 4.824 seconds
[2026-08-30T11:20:32.590+0000] {processor.py:161} INFO - Started process (PID=804) to work on /opt/airflow/dags/forecast_logging_dag.py
[2026-08-30T11:20:32.593+0000] {processor.py:830} INFO - Processing file /opt/airflow/dags/forecast_logging_dag.py for tasks to queue
[2026-08-30T11:20:32.599+0000] {logging_mixin.py:188} INFO - [2026-08-30T11:20:32.598+0000] {dagbag.py:545} INFO - Filling up the DagBag from /opt/airflow/dags/forecast_logging_dag.py
[2026-08-30T11:20:36.720+0000] {processor.py:840} INFO - DAG(s) 'forecast_logging' retrieved from /opt/airflow/dags/forecast_logging_dag.py
[2026-08-30T11:20:36.987+0000] {logging_mixin.py:188} INFO - [2026-08-30T11:20:36.984+0000] {dag.py:3089} INFO - Sync 1 DAGs
[2026-08-30T11:20:37.453+0000] {logging_mixin.py:188} INFO - [2026-08-30T11:20:37.451+0000] {dag.py:3947} INFO - Setting next_dagrun for forecast_logging to 2026-08-30 00:00:00+00:00, run_after=2026-08-31 00:00:00+00:00
[2026-08-30T11:20:37.773+0000] {processor.py:183} INFO - Processing /opt/airflow/dags/forecast_logging_dag.py took 5.201 seconds
[2026-08-30T11:21:08.167+0000] {processor.py:161} INFO - Started process (PID=834) to work on /opt/airflow/dags/forecast_logging_dag.py
[2026-08-30T11:21:08.170+0000] {processor.py:830} INFO - Processing file /opt/airflow/dags/forecast_logging_dag.py for tasks to queue
[2026-08-30T11:21:08.176+0000] {logging_mixin.py:188} INFO - [2026-08-30T11:21:08.175+0000] {dagbag.py:545} INFO - Filling up the DagBag from /opt/airflow/dags/forecast_logging_dag.py
[2026-08-30T11:21:11.268+0000] {processor.py:840} INFO - DAG(s) 'forecast_logging' retrieved from /opt/airflow/dags/forecast_logging_dag.py
[2026-08-30T11:21:11.549+0000] {logging_mixin.py:188} INFO - [2026-08-30T11:21:11.548+0000] {dag.py:3089} INFO - Sync 1 DAGs
[2026-08-30T11:21:11.649+0000] {logging_mixin.py:188} INFO - [2026-08-30T11:21:11.649+0000] {dag.py:3947} INFO - Setting next_dagrun for forecast_logging to 2026-08-30 00:00:00+00:00, run_after=2026-08-31 00:00:00+00:00
[2026-08-30T11:21:11.695+0000] {processor.py:183} INFO - Processing /opt/airflow/dags/forecast_logging_dag.py took 5.661 seconds
[2026-08-30T11:21:42.396+0000] {processor.py:161} INFO - Started process (PID=866) to work on /opt/airflow/dags/forecast_logging_dag.py
[2026-08-30T11:21:42.479+0000] {processor.py:830} INFO - Processing file /opt/airflow/dags/forecast_logging_dag.py for tasks to queue
[2026-08-30T11:21:42.688+0000] {logging_mixin.py:188} INFO - [2026-08-30T11:21:42.636+0000] {dagbag.py:545} INFO - Filling up the DagBag from /opt/airflow/dags/forecast_logging_dag.py
[2026-08-30T11:22:15.337+0000] {logging_mixin.py:188} INFO - [2026-08-30T11:22:15.336+0000] {timeout.py:68} ERROR - Process timed out, PID: 866
[2026-08-30T11:22:15.338+0000] {logging_mixin.py:188} WARNING - Exception ignored in: <function WeakKeyDictionary.__init__.<locals>.remove at 0x7e7385320cc0>
[2026-08-30T11:22:15.345+0000] {logging_mixin.py:188} WARNING - Traceback (most recent call last):
[2026-08-30T11:22:15.346+0000] {logging_mixin.py:188} WARNING -   File "/usr/local/lib/python3.11/weakref.py", line 369, in remove
[2026-08-30T11:22:15.368+0000] {logging_mixin.py:188} WARNING -     def remove(k, selfref=ref(self)):
[2026-08-30T11:22:15.370+0000] {logging_mixin.py:188} WARNING -   File "/home/airflow/.local/lib/python3.11/site-packages/airflow/utils/timeout.py", line 69, in handle_timeout
[2026-08-30T11:22:15.372+0000] {logging_mixin.py:188} WARNING -     raise AirflowTaskTimeout(self.error_message)
[2026-08-30T11:22:15.373+0000] {logging_mixin.py:188} WARNING - airflow.exceptions.AirflowTaskTimeout: DagBag import timeout for /opt/airflow/dags/forecast_logging_dag.py after 30.0s.
Please take a look at these docs to improve your DAG import time:
* https://airflow.apache.org/docs/apache-airflow/2.9.3/best-practices.html#top-level-python-code
* https://airflow.apache.org/docs/apache-airflow/2.9.3/best-practices.html#reducing-dag-complexity, PID: 866
[2026-08-30T11:22:22.128+0000] {processor.py:840} INFO - DAG(s) 'forecast_logging' retrieved from /opt/airflow/dags/forecast_logging_dag.py
[2026-08-30T11:22:22.185+0000] {logging_mixin.py:188} INFO - [2026-08-30T11:22:22.184+0000] {dag.py:3089} INFO - Sync 1 DAGs
[2026-08-30T11:22:22.228+0000] {logging_mixin.py:188} INFO - [2026-08-30T11:22:22.228+0000] {dag.py:3947} INFO - Setting next_dagrun for forecast_logging to 2026-08-30 00:00:00+00:00, run_after=2026-08-31 00:00:00+00:00
[2026-08-30T11:22:22.269+0000] {processor.py:183} INFO - Processing /opt/airflow/dags/forecast_logging_dag.py took 42.273 seconds
[2026-08-30T11:22:53.845+0000] {processor.py:161} INFO - Started process (PID=928) to work on /opt/airflow/dags/forecast_logging_dag.py
[2026-08-30T11:22:53.850+0000] {processor.py:830} INFO - Processing file /opt/airflow/dags/forecast_logging_dag.py for tasks to queue
[2026-08-30T11:22:53.855+0000] {logging_mixin.py:188} INFO - [2026-08-30T11:22:53.854+0000] {dagbag.py:545} INFO - Filling up the DagBag from /opt/airflow/dags/forecast_logging_dag.py
[2026-08-30T11:23:03.143+0000] {processor.py:840} INFO - DAG(s) 'forecast_logging' retrieved from /opt/airflow/dags/forecast_logging_dag.py
[2026-08-30T11:23:03.202+0000] {logging_mixin.py:188} INFO - [2026-08-30T11:23:03.201+0000] {dag.py:3089} INFO - Sync 1 DAGs
[2026-08-30T11:23:03.248+0000] {logging_mixin.py:188} INFO - [2026-08-30T11:23:03.247+0000] {dag.py:3947} INFO - Setting next_dagrun for forecast_logging to 2026-08-30 00:00:00+00:00, run_after=2026-08-31 00:00:00+00:00
[2026-08-30T11:23:03.290+0000] {processor.py:183} INFO - Processing /opt/airflow/dags/forecast_logging_dag.py took 11.860 seconds
[2026-08-30T11:23:33.613+0000] {processor.py:161} INFO - Started process (PID=1008) to work on /opt/airflow/dags/forecast_logging_dag.py
[2026-08-30T11:23:33.615+0000] {processor.py:830} INFO - Processing file /opt/airflow/dags/forecast_logging_dag.py for tasks to queue
[2026-08-30T11:23:33.620+0000] {logging_mixin.py:188} INFO - [2026-08-30T11:23:33.619+0000] {dagbag.py:545} INFO - Filling up the DagBag from /opt/airflow/dags/forecast_logging_dag.py
[2026-08-30T11:23:37.640+0000] {processor.py:840} INFO - DAG(s) 'forecast_logging' retrieved from /opt/airflow/dags/forecast_logging_dag.py
[2026-08-30T11:23:38.100+0000] {logging_mixin.py:188} INFO - [2026-08-30T11:23:38.099+0000] {dag.py:3089} INFO - Sync 1 DAGs
[2026-08-30T11:23:38.495+0000] {logging_mixin.py:188} INFO - [2026-08-30T11:23:38.493+0000] {dag.py:3947} INFO - Setting next_dagrun for forecast_logging to 2026-08-30 00:00:00+00:00, run_after=2026-08-31 00:00:00+00:00
[2026-08-30T11:23:38.560+0000] {processor.py:183} INFO - Processing /opt/airflow/dags/forecast_logging_dag.py took 4.964 seconds
[2026-08-30T11:24:09.203+0000] {processor.py:161} INFO - Started process (PID=1107) to work on /opt/airflow/dags/forecast_logging_dag.py
[2026-08-30T11:24:09.205+0000] {processor.py:830} INFO - Processing file /opt/airflow/dags/forecast_logging_dag.py for tasks to queue
[2026-08-30T11:24:09.211+0000] {logging_mixin.py:188} INFO - [2026-08-30T11:24:09.210+0000] {dagbag.py:545} INFO - Filling up the DagBag from /opt/airflow/dags/forecast_logging_dag.py
[2026-08-30T11:24:13.081+0000] {processor.py:840} INFO - DAG(s) 'forecast_logging' retrieved from /opt/airflow/dags/forecast_logging_dag.py
[2026-08-30T11:24:13.139+0000] {logging_mixin.py:188} INFO - [2026-08-30T11:24:13.138+0000] {dag.py:3089} INFO - Sync 1 DAGs
[2026-08-30T11:24:13.253+0000] {logging_mixin.py:188} INFO - [2026-08-30T11:24:13.252+0000] {dag.py:3947} INFO - Setting next_dagrun for forecast_logging to 2026-08-30 00:00:00+00:00, run_after=2026-08-31 00:00:00+00:00
[2026-08-30T11:24:13.402+0000] {processor.py:183} INFO - Processing /opt/airflow/dags/forecast_logging_dag.py took 4.218 seconds
[2026-08-30T11:24:43.848+0000] {processor.py:161} INFO - Started process (PID=1156) to work on /opt/airflow/dags/forecast_logging_dag.py
[2026-08-30T11:24:43.851+0000] {processor.py:830} INFO - Processing file /opt/airflow/dags/forecast_logging_dag.py for tasks to queue
[2026-08-30T11:24:43.856+0000] {logging_mixin.py:188} INFO - [2026-08-30T11:24:43.855+0000] {dagbag.py:545} INFO - Filling up the DagBag from /opt/airflow/dags/forecast_logging_dag.py
[2026-08-30T11:24:49.329+0000] {processor.py:840} INFO - DAG(s) 'forecast_logging' retrieved from /opt/airflow/dags/forecast_logging_dag.py
[2026-08-30T11:24:49.389+0000] {logging_mixin.py:188} INFO - [2026-08-30T11:24:49.387+0000] {dag.py:3089} INFO - Sync 1 DAGs
[2026-08-30T11:24:49.440+0000] {logging_mixin.py:188} INFO - [2026-08-30T11:24:49.439+0000] {dag.py:3947} INFO - Setting next_dagrun for forecast_logging to 2026-08-30 00:00:00+00:00, run_after=2026-08-31 00:00:00+00:00
[2026-08-30T11:24:49.489+0000] {processor.py:183} INFO - Processing /opt/airflow/dags/forecast_logging_dag.py took 5.662 seconds
[2026-08-30T11:25:19.866+0000] {processor.py:161} INFO - Started process (PID=1186) to work on /opt/airflow/dags/forecast_logging_dag.py
[2026-08-30T11:25:19.870+0000] {processor.py:830} INFO - Processing file /opt/airflow/dags/forecast_logging_dag.py for tasks to queue
[2026-08-30T11:25:19.882+0000] {logging_mixin.py:188} INFO - [2026-08-30T11:25:19.880+0000] {dagbag.py:545} INFO - Filling up the DagBag from /opt/airflow/dags/forecast_logging_dag.py
[2026-08-30T11:25:24.265+0000] {processor.py:840} INFO - DAG(s) 'forecast_logging' retrieved from /opt/airflow/dags/forecast_logging_dag.py
[2026-08-30T11:25:24.324+0000] {logging_mixin.py:188} INFO - [2026-08-30T11:25:24.323+0000] {dag.py:3089} INFO - Sync 1 DAGs
[2026-08-30T11:25:24.371+0000] {logging_mixin.py:188} INFO - [2026-08-30T11:25:24.371+0000] {dag.py:3947} INFO - Setting next_dagrun for forecast_logging to 2026-08-30 00:00:00+00:00, run_after=2026-08-31 00:00:00+00:00
[2026-08-30T11:25:24.414+0000] {processor.py:183} INFO - Processing /opt/airflow/dags/forecast_logging_dag.py took 4.570 seconds
[2026-08-30T11:25:59.360+0000] {processor.py:161} INFO - Started process (PID=1243) to work on /opt/airflow/dags/forecast_logging_dag.py
[2026-08-30T11:25:59.742+0000] {processor.py:830} INFO - Processing file /opt/airflow/dags/forecast_logging_dag.py for tasks to queue
[2026-08-30T11:25:59.768+0000] {logging_mixin.py:188} INFO - [2026-08-30T11:25:59.767+0000] {dagbag.py:545} INFO - Filling up the DagBag from /opt/airflow/dags/forecast_logging_dag.py
[2026-08-30T11:26:13.638+0000] {processor.py:840} INFO - DAG(s) 'forecast_logging' retrieved from /opt/airflow/dags/forecast_logging_dag.py
[2026-08-30T11:26:13.694+0000] {logging_mixin.py:188} INFO - [2026-08-30T11:26:13.693+0000] {dag.py:3089} INFO - Sync 1 DAGs
[2026-08-30T11:26:13.738+0000] {logging_mixin.py:188} INFO - [2026-08-30T11:26:13.738+0000] {dag.py:3947} INFO - Setting next_dagrun for forecast_logging to 2026-08-30 00:00:00+00:00, run_after=2026-08-31 00:00:00+00:00
[2026-08-30T11:26:13.779+0000] {processor.py:183} INFO - Processing /opt/airflow/dags/forecast_logging_dag.py took 16.258 seconds
[2026-08-30T11:26:44.180+0000] {processor.py:161} INFO - Started process (PID=1348) to work on /opt/airflow/dags/forecast_logging_dag.py
[2026-08-30T11:26:44.183+0000] {processor.py:830} INFO - Processing file /opt/airflow/dags/forecast_logging_dag.py for tasks to queue
[2026-08-30T11:26:44.189+0000] {logging_mixin.py:188} INFO - [2026-08-30T11:26:44.188+0000] {dagbag.py:545} INFO - Filling up the DagBag from /opt/airflow/dags/forecast_logging_dag.py
[2026-08-30T11:27:01.251+0000] {processor.py:840} INFO - DAG(s) 'forecast_logging' retrieved from /opt/airflow/dags/forecast_logging_dag.py
[2026-08-30T11:27:01.309+0000] {logging_mixin.py:188} INFO - [2026-08-30T11:27:01.308+0000] {dag.py:3089} INFO - Sync 1 DAGs
[2026-08-30T11:27:01.360+0000] {logging_mixin.py:188} INFO - [2026-08-30T11:27:01.359+0000] {dag.py:3947} INFO - Setting next_dagrun for forecast_logging to 2026-08-30 00:00:00+00:00, run_after=2026-08-31 00:00:00+00:00
[2026-08-30T11:27:01.401+0000] {processor.py:183} INFO - Processing /opt/airflow/dags/forecast_logging_dag.py took 20.673 seconds
[2026-08-30T11:27:31.838+0000] {processor.py:161} INFO - Started process (PID=1441) to work on /opt/airflow/dags/forecast_logging_dag.py
[2026-08-30T11:27:31.842+0000] {processor.py:830} INFO - Processing file /opt/airflow/dags/forecast_logging_dag.py for tasks to queue
[2026-08-30T11:27:31.851+0000] {logging_mixin.py:188} INFO - [2026-08-30T11:27:31.850+0000] {dagbag.py:545} INFO - Filling up the DagBag from /opt/airflow/dags/forecast_logging_dag.py
[2026-08-30T11:27:36.318+0000] {processor.py:840} INFO - DAG(s) 'forecast_logging' retrieved from /opt/airflow/dags/forecast_logging_dag.py
[2026-08-30T11:27:36.383+0000] {logging_mixin.py:188} INFO - [2026-08-30T11:27:36.382+0000] {dag.py:3089} INFO - Sync 1 DAGs
[2026-08-30T11:27:36.429+0000] {logging_mixin.py:188} INFO - [2026-08-30T11:27:36.428+0000] {dag.py:3947} INFO - Setting next_dagrun for forecast_logging to 2026-08-30 00:00:00+00:00, run_after=2026-08-31 00:00:00+00:00
[2026-08-30T11:27:36.476+0000] {processor.py:183} INFO - Processing /opt/airflow/dags/forecast_logging_dag.py took 4.656 seconds
[2026-08-30T11:28:07.260+0000] {processor.py:161} INFO - Started process (PID=1508) to work on /opt/airflow/dags/forecast_logging_dag.py
[2026-08-30T11:28:07.264+0000] {processor.py:830} INFO - Processing file /opt/airflow/dags/forecast_logging_dag.py for tasks to queue
[2026-08-30T11:28:07.268+0000] {logging_mixin.py:188} INFO - [2026-08-30T11:28:07.267+0000] {dagbag.py:545} INFO - Filling up the DagBag from /opt/airflow/dags/forecast_logging_dag.py
[2026-08-30T11:28:08.420+0000] {processor.py:840} INFO - DAG(s) 'forecast_logging' retrieved from /opt/airflow/dags/forecast_logging_dag.py
[2026-08-30T11:28:08.479+0000] {logging_mixin.py:188} INFO - [2026-08-30T11:28:08.478+0000] {dag.py:3089} INFO - Sync 1 DAGs
[2026-08-30T11:28:08.520+0000] {logging_mixin.py:188} INFO - [2026-08-30T11:28:08.519+0000] {dag.py:3947} INFO - Setting next_dagrun for forecast_logging to 2026-08-30 00:00:00+00:00, run_after=2026-08-31 00:00:00+00:00
[2026-08-30T11:28:08.568+0000] {processor.py:183} INFO - Processing /opt/airflow/dags/forecast_logging_dag.py took 4.816 seconds
[2026-08-30T11:28:39.372+0000] {processor.py:161} INFO - Started process (PID=1565) to work on /opt/airflow/dags/forecast_logging_dag.py
[2026-08-30T11:28:39.375+0000] {processor.py:830} INFO - Processing file /opt/airflow/dags/forecast_logging_dag.py for tasks to queue
[2026-08-30T11:28:39.381+0000] {logging_mixin.py:188} INFO - [2026-08-30T11:28:39.380+0000] {dagbag.py:545} INFO - Filling up the DagBag from /opt/airflow/dags/forecast_logging_dag.py
[2026-08-30T11:28:43.459+0000] {processor.py:840} INFO - DAG(s) 'forecast_logging' retrieved from /opt/airflow/dags/forecast_logging_dag.py
[2026-08-30T11:28:43.515+0000] {logging_mixin.py:188} INFO - [2026-08-30T11:28:43.514+0000] {dag.py:3089} INFO - Sync 1 DAGs
[2026-08-30T11:28:44.033+0000] {logging_mixin.py:188} INFO - [2026-08-30T11:28:44.032+0000] {dag.py:3947} INFO - Setting next_dagrun for forecast_logging to 2026-08-30 00:00:00+00:00, run_after=2026-08-31 00:00:00+00:00
[2026-08-30T11:28:44.794+0000] {processor.py:183} INFO - Processing /opt/airflow/dags/forecast_logging_dag.py took 5.442 seconds
[2026-08-30T11:29:15.676+0000] {processor.py:161} INFO - Started process (PID=1625) to work on /opt/airflow/dags/forecast_logging_dag.py
[2026-08-30T11:29:15.680+0000] {processor.py:830} INFO - Processing file /opt/airflow/dags/forecast_logging_dag.py for tasks to queue
[2026-08-30T11:29:15.685+0000] {logging_mixin.py:188} INFO - [2026-08-30T11:29:15.684+0000] {dagbag.py:545} INFO - Filling up the DagBag from /opt/airflow/dags/forecast_logging_dag.py
[2026-08-30T11:29:20.857+0000] {processor.py:840} INFO - DAG(s) 'forecast_logging' retrieved from /opt/airflow/dags/forecast_logging_dag.py
[2026-08-30T11:29:21.003+0000] {logging_mixin.py:188} INFO - [2026-08-30T11:29:21.001+0000] {dag.py:3089} INFO - Sync 1 DAGs
[2026-08-30T11:29:21.243+0000] {logging_mixin.py:188} INFO - [2026-08-30T11:29:21.243+0000] {dag.py:3947} INFO - Setting next_dagrun for forecast_logging to 2026-08-30 00:00:00+00:00, run_after=2026-08-31 00:00:00+00:00
[2026-08-30T11:29:21.356+0000] {processor.py:183} INFO - Processing /opt/airflow/dags/forecast_logging_dag.py took 5.697 seconds
[2026-08-30T11:29:52.361+0000] {processor.py:161} INFO - Started process (PID=1685) to work on /opt/airflow/dags/forecast_logging_dag.py
[2026-08-30T11:29:52.364+0000] {processor.py:830} INFO - Processing file /opt/airflow/dags/forecast_logging_dag.py for tasks to queue
[2026-08-30T11:29:52.369+0000] {logging_mixin.py:188} INFO - [2026-08-30T11:29:52.368+0000] {dagbag.py:545} INFO - Filling up the DagBag from /opt/airflow/dags/forecast_logging_dag.py
[2026-08-30T11:29:56.795+0000] {processor.py:840} INFO - DAG(s) 'forecast_logging' retrieved from /opt/airflow/dags/forecast_logging_dag.py
[2026-08-30T11:29:57.939+0000] {logging_mixin.py:188} INFO - [2026-08-30T11:29:57.939+0000] {dag.py:3089} INFO - Sync 1 DAGs
[2026-08-30T11:29:57.982+0000] {logging_mixin.py:188} INFO - [2026-08-30T11:29:57.981+0000] {dag.py:3947} INFO - Setting next_dagrun for forecast_logging to 2026-08-30 00:00:00+00:00, run_after=2026-08-31 00:00:00+00:00
[2026-08-30T11:29:58.096+0000] {processor.py:183} INFO - Processing /opt/airflow/dags/forecast_logging_dag.py took 4.685 seconds
[2026-08-30T11:30:25.850+0000] {processor.py:161} INFO - Started process (PID=1715) to work on /opt/airflow/dags/forecast_logging_dag.py
[2026-08-30T11:30:25.854+0000] {processor.py:830} INFO - Processing file /opt/airflow/dags/forecast_logging_dag.py for tasks to queue
[2026-08-30T11:30:25.860+0000] {logging_mixin.py:188} INFO - [2026-08-30T11:30:25.859+0000] {dagbag.py:545} INFO - Filling up the DagBag from /opt/airflow/dags/forecast_logging_dag.py
[2026-08-30T11:30:28.046+0000] {processor.py:840} INFO - DAG(s) 'forecast_logging' retrieved from /opt/airflow/dags/forecast_logging_dag.py
[2026-08-30T11:30:28.163+0000] {logging_mixin.py:188} INFO - [2026-08-30T11:30:28.128+0000] {dag.py:3089} INFO - Sync 1 DAGs
[2026-08-30T11:30:28.514+0000] {logging_mixin.py:188} INFO - [2026-08-30T11:30:28.513+0000] {dag.py:3947} INFO - Setting next_dagrun for forecast_logging to 2026-08-30 00:00:00+00:00, run_after=2026-08-31 00:00:00+00:00
[2026-08-30T11:30:28.685+0000] {processor.py:183} INFO - Processing /opt/airflow/dags/forecast_logging_dag.py took 6.358 seconds
[2026-08-30T11:30:59.519+0000] {processor.py:161} INFO - Started process (PID=1745) to work on /opt/airflow/dags/forecast_logging_dag.py
[2026-08-30T11:30:59.522+0000] {processor.py:830} INFO - Processing file /opt/airflow/dags/forecast_logging_dag.py for tasks to queue
[2026-08-30T11:30:59.530+0000] {logging_mixin.py:188} INFO - [2026-08-30T11:30:59.529+0000] {dagbag.py:545} INFO - Filling up the DagBag from /opt/airflow/dags/forecast_logging_dag.py
[2026-08-30T11:31:03.874+0000] {processor.py:840} INFO - DAG(s) 'forecast_logging' retrieved from /opt/airflow/dags/forecast_logging_dag.py
[2026-08-30T11:31:03.975+0000] {logging_mixin.py:188} INFO - [2026-08-30T11:31:03.973+0000] {dag.py:3089} INFO - Sync 1 DAGs
[2026-08-30T11:31:04.030+0000] {logging_mixin.py:188} INFO - [2026-08-30T11:31:04.029+0000] {dag.py:3947} INFO - Setting next_dagrun for forecast_logging to 2026-08-30 00:00:00+00:00, run_after=2026-08-31 00:00:00+00:00
[2026-08-30T11:31:04.073+0000] {processor.py:183} INFO - Processing /opt/airflow/dags/forecast_logging_dag.py took 4.575 seconds
[2026-08-30T11:31:34.649+0000] {processor.py:161} INFO - Started process (PID=1775) to work on /opt/airflow/dags/forecast_logging_dag.py
[2026-08-30T11:31:34.653+0000] {processor.py:830} INFO - Processing file /opt/airflow/dags/forecast_logging_dag.py for tasks to queue
[2026-08-30T11:31:34.658+0000] {logging_mixin.py:188} INFO - [2026-08-30T11:31:34.657+0000] {dagbag.py:545} INFO - Filling up the DagBag from /opt/airflow/dags/forecast_logging_dag.py
[2026-08-30T11:31:40.028+0000] {processor.py:840} INFO - DAG(s) 'forecast_logging' retrieved from /opt/airflow/dags/forecast_logging_dag.py
[2026-08-30T11:31:40.113+0000] {logging_mixin.py:188} INFO - [2026-08-30T11:31:40.112+0000] {dag.py:3089} INFO - Sync 1 DAGs
[2026-08-30T11:31:40.181+0000] {logging_mixin.py:188} INFO - [2026-08-30T11:31:40.180+0000] {dag.py:3947} INFO - Setting next_dagrun for forecast_logging to 2026-08-30 00:00:00+00:00, run_after=2026-08-31 00:00:00+00:00
[2026-08-30T11:31:40.220+0000] {processor.py:183} INFO - Processing /opt/airflow/dags/forecast_logging_dag.py took 5.588 seconds
[2026-08-30T11:32:11.061+0000] {processor.py:161} INFO - Started process (PID=1805) to work on /opt/airflow/dags/forecast_logging_dag.py
[2026-08-30T11:32:11.065+0000] {processor.py:830} INFO - Processing file /opt/airflow/dags/forecast_logging_dag.py for tasks to queue
[2026-08-30T11:32:11.073+0000] {logging_mixin.py:188} INFO - [2026-08-30T11:32:11.072+0000] {dagbag.py:545} INFO - Filling up the DagBag from /opt/airflow/dags/forecast_logging_dag.py
[2026-08-30T11:32:16.712+0000] {processor.py:840} INFO - DAG(s) 'forecast_logging' retrieved from /opt/airflow/dags/forecast_logging_dag.py
[2026-08-30T11:32:16.774+0000] {logging_mixin.py:188} INFO - [2026-08-30T11:32:16.773+0000] {dag.py:3089} INFO - Sync 1 DAGs
[2026-08-30T11:32:13.343+0000] {logging_mixin.py:188} INFO - [2026-08-30T11:32:13.342+0000] {dag.py:3947} INFO - Setting next_dagrun for forecast_logging to 2026-08-30 00:00:00+00:00, run_after=2026-08-31 00:00:00+00:00
[2026-08-30T11:32:13.390+0000] {processor.py:183} INFO - Processing /opt/airflow/dags/forecast_logging_dag.py took 4.724 seconds
[2026-08-30T11:32:45.198+0000] {processor.py:161} INFO - Started process (PID=1835) to work on /opt/airflow/dags/forecast_logging_dag.py
[2026-08-30T11:32:45.201+0000] {processor.py:830} INFO - Processing file /opt/airflow/dags/forecast_logging_dag.py for tasks to queue
[2026-08-30T11:32:45.207+0000] {logging_mixin.py:188} INFO - [2026-08-30T11:32:45.206+0000] {dagbag.py:545} INFO - Filling up the DagBag from /opt/airflow/dags/forecast_logging_dag.py
[2026-08-30T11:32:50.917+0000] {processor.py:840} INFO - DAG(s) 'forecast_logging' retrieved from /opt/airflow/dags/forecast_logging_dag.py
[2026-08-30T11:32:51.030+0000] {logging_mixin.py:188} INFO - [2026-08-30T11:32:51.029+0000] {dag.py:3089} INFO - Sync 1 DAGs
[2026-08-30T11:32:51.091+0000] {logging_mixin.py:188} INFO - [2026-08-30T11:32:51.090+0000] {dag.py:3947} INFO - Setting next_dagrun for forecast_logging to 2026-08-30 00:00:00+00:00, run_after=2026-08-31 00:00:00+00:00
[2026-08-30T11:32:51.180+0000] {processor.py:183} INFO - Processing /opt/airflow/dags/forecast_logging_dag.py took 6.001 seconds
[2026-08-30T11:33:21.907+0000] {processor.py:161} INFO - Started process (PID=1865) to work on /opt/airflow/dags/forecast_logging_dag.py
[2026-08-30T11:33:21.915+0000] {processor.py:830} INFO - Processing file /opt/airflow/dags/forecast_logging_dag.py for tasks to queue
[2026-08-30T11:33:21.921+0000] {logging_mixin.py:188} INFO - [2026-08-30T11:33:21.920+0000] {dagbag.py:545} INFO - Filling up the DagBag from /opt/airflow/dags/forecast_logging_dag.py
[2026-08-30T11:33:26.673+0000] {processor.py:840} INFO - DAG(s) 'forecast_logging' retrieved from /opt/airflow/dags/forecast_logging_dag.py
[2026-08-30T11:33:26.737+0000] {logging_mixin.py:188} INFO - [2026-08-30T11:33:26.735+0000] {dag.py:3089} INFO - Sync 1 DAGs
[2026-08-30T11:33:26.785+0000] {logging_mixin.py:188} INFO - [2026-08-30T11:33:26.784+0000] {dag.py:3947} INFO - Setting next_dagrun for forecast_logging to 2026-08-30 00:00:00+00:00, run_after=2026-08-31 00:00:00+00:00
[2026-08-30T11:33:26.828+0000] {processor.py:183} INFO - Processing /opt/airflow/dags/forecast_logging_dag.py took 4.942 seconds
[2026-08-30T11:33:57.109+0000] {processor.py:161} INFO - Started process (PID=1895) to work on /opt/airflow/dags/forecast_logging_dag.py
[2026-08-30T11:33:57.113+0000] {processor.py:830} INFO - Processing file /opt/airflow/dags/forecast_logging_dag.py for tasks to queue
[2026-08-30T11:33:57.119+0000] {logging_mixin.py:188} INFO - [2026-08-30T11:33:57.118+0000] {dagbag.py:545} INFO - Filling up the DagBag from /opt/airflow/dags/forecast_logging_dag.py
[2026-08-30T11:34:01.829+0000] {processor.py:840} INFO - DAG(s) 'forecast_logging' retrieved from /opt/airflow/dags/forecast_logging_dag.py
[2026-08-30T11:34:01.891+0000] {logging_mixin.py:188} INFO - [2026-08-30T11:34:01.889+0000] {dag.py:3089} INFO - Sync 1 DAGs
[2026-08-30T11:34:01.939+0000] {logging_mixin.py:188} INFO - [2026-08-30T11:34:01.939+0000] {dag.py:3947} INFO - Setting next_dagrun for forecast_logging to 2026-08-30 00:00:00+00:00, run_after=2026-08-31 00:00:00+00:00
[2026-08-30T11:34:01.987+0000] {processor.py:183} INFO - Processing /opt/airflow/dags/forecast_logging_dag.py took 4.896 seconds
[2026-08-30T11:34:32.483+0000] {processor.py:161} INFO - Started process (PID=1929) to work on /opt/airflow/dags/forecast_logging_dag.py
[2026-08-30T11:34:32.487+0000] {processor.py:830} INFO - Processing file /opt/airflow/dags/forecast_logging_dag.py for tasks to queue
[2026-08-30T11:34:32.492+0000] {logging_mixin.py:188} INFO - [2026-08-30T11:34:32.491+0000] {dagbag.py:545} INFO - Filling up the DagBag from /opt/airflow/dags/forecast_logging_dag.py
[2026-08-30T11:34:35.353+0000] {processor.py:840} INFO - DAG(s) 'forecast_logging' retrieved from /opt/airflow/dags/forecast_logging_dag.py
[2026-08-30T11:34:35.415+0000] {logging_mixin.py:188} INFO - [2026-08-30T11:34:35.414+0000] {dag.py:3089} INFO - Sync 1 DAGs
[2026-08-30T11:34:35.468+0000] {logging_mixin.py:188} INFO - [2026-08-30T11:34:35.467+0000] {dag.py:3947} INFO - Setting next_dagrun for forecast_logging to 2026-08-30 00:00:00+00:00, run_after=2026-08-31 00:00:00+00:00
[2026-08-30T11:34:35.522+0000] {processor.py:183} INFO - Processing /opt/airflow/dags/forecast_logging_dag.py took 5.362 seconds
[2026-08-30T11:35:06.324+0000] {processor.py:161} INFO - Started process (PID=1965) to work on /opt/airflow/dags/forecast_logging_dag.py
[2026-08-30T11:35:06.326+0000] {processor.py:830} INFO - Processing file /opt/airflow/dags/forecast_logging_dag.py for tasks to queue
[2026-08-30T11:35:06.331+0000] {logging_mixin.py:188} INFO - [2026-08-30T11:35:06.330+0000] {dagbag.py:545} INFO - Filling up the DagBag from /opt/airflow/dags/forecast_logging_dag.py
[2026-08-30T11:35:10.075+0000] {processor.py:840} INFO - DAG(s) 'forecast_logging' retrieved from /opt/airflow/dags/forecast_logging_dag.py
[2026-08-30T11:35:10.129+0000] {logging_mixin.py:188} INFO - [2026-08-30T11:35:10.128+0000] {dag.py:3089} INFO - Sync 1 DAGs
[2026-08-30T11:35:10.168+0000] {logging_mixin.py:188} INFO - [2026-08-30T11:35:10.168+0000] {dag.py:3947} INFO - Setting next_dagrun for forecast_logging to 2026-08-30 00:00:00+00:00, run_after=2026-08-31 00:00:00+00:00
[2026-08-30T11:35:10.230+0000] {processor.py:183} INFO - Processing /opt/airflow/dags/forecast_logging_dag.py took 3.924 seconds
[2026-08-30T11:35:44.623+0000] {processor.py:161} INFO - Started process (PID=1997) to work on /opt/airflow/dags/forecast_logging_dag.py
[2026-08-30T11:35:44.633+0000] {processor.py:830} INFO - Processing file /opt/airflow/dags/forecast_logging_dag.py for tasks to queue
[2026-08-30T11:35:44.648+0000] {logging_mixin.py:188} INFO - [2026-08-30T11:35:44.644+0000] {dagbag.py:545} INFO - Filling up the DagBag from /opt/airflow/dags/forecast_logging_dag.py
[2026-08-30T11:35:55.512+0000] {processor.py:840} INFO - DAG(s) 'forecast_logging' retrieved from /opt/airflow/dags/forecast_logging_dag.py
[2026-08-30T11:35:55.668+0000] {logging_mixin.py:188} INFO - [2026-08-30T11:35:55.667+0000] {dag.py:3089} INFO - Sync 1 DAGs
[2026-08-30T11:35:55.729+0000] {logging_mixin.py:188} INFO - [2026-08-30T11:35:55.728+0000] {dag.py:3947} INFO - Setting next_dagrun for forecast_logging to 2026-08-30 00:00:00+00:00, run_after=2026-08-31 00:00:00+00:00
[2026-08-30T11:35:55.853+0000] {processor.py:183} INFO - Processing /opt/airflow/dags/forecast_logging_dag.py took 11.291 seconds
[2026-08-30T11:36:22.734+0000] {processor.py:161} INFO - Started process (PID=2029) to work on /opt/airflow/dags/forecast_logging_dag.py
[2026-08-30T11:36:22.738+0000] {processor.py:830} INFO - Processing file /opt/airflow/dags/forecast_logging_dag.py for tasks to queue
[2026-08-30T11:36:22.749+0000] {logging_mixin.py:188} INFO - [2026-08-30T11:36:22.748+0000] {dagbag.py:545} INFO - Filling up the DagBag from /opt/airflow/dags/forecast_logging_dag.py
[2026-08-30T11:36:26.936+0000] {processor.py:840} INFO - DAG(s) 'forecast_logging' retrieved from /opt/airflow/dags/forecast_logging_dag.py
[2026-08-30T11:36:26.993+0000] {logging_mixin.py:188} INFO - [2026-08-30T11:36:26.992+0000] {dag.py:3089} INFO - Sync 1 DAGs
[2026-08-30T11:36:27.033+0000] {logging_mixin.py:188} INFO - [2026-08-30T11:36:27.033+0000] {dag.py:3947} INFO - Setting next_dagrun for forecast_logging to 2026-08-30 00:00:00+00:00, run_after=2026-08-31 00:00:00+00:00
[2026-08-30T11:36:27.072+0000] {processor.py:183} INFO - Processing /opt/airflow/dags/forecast_logging_dag.py took 4.367 seconds
[2026-08-30T11:36:57.400+0000] {processor.py:161} INFO - Started process (PID=2094) to work on /opt/airflow/dags/forecast_logging_dag.py
[2026-08-30T11:36:57.405+0000] {processor.py:830} INFO - Processing file /opt/airflow/dags/forecast_logging_dag.py for tasks to queue
[2026-08-30T11:36:57.414+0000] {logging_mixin.py:188} INFO - [2026-08-30T11:36:57.412+0000] {dagbag.py:545} INFO - Filling up the DagBag from /opt/airflow/dags/forecast_logging_dag.py
[2026-08-30T11:37:01.681+0000] {processor.py:840} INFO - DAG(s) 'forecast_logging' retrieved from /opt/airflow/dags/forecast_logging_dag.py
[2026-08-30T11:37:01.736+0000] {logging_mixin.py:188} INFO - [2026-08-30T11:37:01.735+0000] {dag.py:3089} INFO - Sync 1 DAGs
[2026-08-30T11:37:01.790+0000] {logging_mixin.py:188} INFO - [2026-08-30T11:37:01.789+0000] {dag.py:3947} INFO - Setting next_dagrun for forecast_logging to 2026-08-30 00:00:00+00:00, run_after=2026-08-31 00:00:00+00:00
[2026-08-30T11:37:01.833+0000] {processor.py:183} INFO - Processing /opt/airflow/dags/forecast_logging_dag.py took 4.470 seconds
[2026-08-30T11:37:32.815+0000] {processor.py:161} INFO - Started process (PID=2161) to work on /opt/airflow/dags/forecast_logging_dag.py
[2026-08-30T11:37:32.819+0000] {processor.py:830} INFO - Processing file /opt/airflow/dags/forecast_logging_dag.py for tasks to queue
[2026-08-30T11:37:32.826+0000] {logging_mixin.py:188} INFO - [2026-08-30T11:37:32.825+0000] {dagbag.py:545} INFO - Filling up the DagBag from /opt/airflow/dags/forecast_logging_dag.py
[2026-08-30T11:37:37.198+0000] {processor.py:840} INFO - DAG(s) 'forecast_logging' retrieved from /opt/airflow/dags/forecast_logging_dag.py
[2026-08-30T11:37:37.257+0000] {logging_mixin.py:188} INFO - [2026-08-30T11:37:37.256+0000] {dag.py:3089} INFO - Sync 1 DAGs
[2026-08-30T11:37:37.305+0000] {logging_mixin.py:188} INFO - [2026-08-30T11:37:37.305+0000] {dag.py:3947} INFO - Setting next_dagrun for forecast_logging to 2026-08-30 00:00:00+00:00, run_after=2026-08-31 00:00:00+00:00
[2026-08-30T11:37:37.350+0000] {processor.py:183} INFO - Processing /opt/airflow/dags/forecast_logging_dag.py took 4.560 seconds
[2026-08-30T11:38:07.671+0000] {processor.py:161} INFO - Started process (PID=2258) to work on /opt/airflow/dags/forecast_logging_dag.py
[2026-08-30T11:38:07.674+0000] {processor.py:830} INFO - Processing file /opt/airflow/dags/forecast_logging_dag.py for tasks to queue
[2026-08-30T11:38:07.679+0000] {logging_mixin.py:188} INFO - [2026-08-30T11:38:07.678+0000] {dagbag.py:545} INFO - Filling up the DagBag from /opt/airflow/dags/forecast_logging_dag.py
[2026-08-30T11:38:12.207+0000] {processor.py:840} INFO - DAG(s) 'forecast_logging' retrieved from /opt/airflow/dags/forecast_logging_dag.py
[2026-08-30T11:38:12.269+0000] {logging_mixin.py:188} INFO - [2026-08-30T11:38:12.268+0000] {dag.py:3089} INFO - Sync 1 DAGs
[2026-08-30T11:38:12.319+0000] {logging_mixin.py:188} INFO - [2026-08-30T11:38:12.319+0000] {dag.py:3947} INFO - Setting next_dagrun for forecast_logging to 2026-08-30 00:00:00+00:00, run_after=2026-08-31 00:00:00+00:00
[2026-08-30T11:38:12.367+0000] {processor.py:183} INFO - Processing /opt/airflow/dags/forecast_logging_dag.py took 4.716 seconds
[2026-08-30T11:38:44.609+0000] {processor.py:161} INFO - Started process (PID=2310) to work on /opt/airflow/dags/forecast_logging_dag.py
[2026-08-30T11:38:44.614+0000] {processor.py:830} INFO - Processing file /opt/airflow/dags/forecast_logging_dag.py for tasks to queue
[2026-08-30T11:38:44.622+0000] {logging_mixin.py:188} INFO - [2026-08-30T11:38:44.621+0000] {dagbag.py:545} INFO - Filling up the DagBag from /opt/airflow/dags/forecast_logging_dag.py
[2026-08-30T11:38:48.219+0000] {processor.py:840} INFO - DAG(s) 'forecast_logging' retrieved from /opt/airflow/dags/forecast_logging_dag.py
[2026-08-30T11:38:48.274+0000] {logging_mixin.py:188} INFO - [2026-08-30T11:38:48.273+0000] {dag.py:3089} INFO - Sync 1 DAGs
[2026-08-30T11:38:48.319+0000] {logging_mixin.py:188} INFO - [2026-08-30T11:38:48.318+0000] {dag.py:3947} INFO - Setting next_dagrun for forecast_logging to 2026-08-30 00:00:00+00:00, run_after=2026-08-31 00:00:00+00:00
[2026-08-30T11:38:49.279+0000] {processor.py:183} INFO - Processing /opt/airflow/dags/forecast_logging_dag.py took 8.168 seconds
[2026-08-30T11:39:20.017+0000] {processor.py:161} INFO - Started process (PID=2361) to work on /opt/airflow/dags/forecast_logging_dag.py
[2026-08-30T11:39:20.020+0000] {processor.py:830} INFO - Processing file /opt/airflow/dags/forecast_logging_dag.py for tasks to queue
[2026-08-30T11:39:20.029+0000] {logging_mixin.py:188} INFO - [2026-08-30T11:39:20.028+0000] {dagbag.py:545} INFO - Filling up the DagBag from /opt/airflow/dags/forecast_logging_dag.py
[2026-08-30T11:39:24.397+0000] {processor.py:840} INFO - DAG(s) 'forecast_logging' retrieved from /opt/airflow/dags/forecast_logging_dag.py
[2026-08-30T11:39:24.449+0000] {logging_mixin.py:188} INFO - [2026-08-30T11:39:24.448+0000] {dag.py:3089} INFO - Sync 1 DAGs
[2026-08-30T11:39:24.490+0000] {logging_mixin.py:188} INFO - [2026-08-30T11:39:24.489+0000] {dag.py:3947} INFO - Setting next_dagrun for forecast_logging to 2026-08-30 00:00:00+00:00, run_after=2026-08-31 00:00:00+00:00
[2026-08-30T11:39:24.532+0000] {processor.py:183} INFO - Processing /opt/airflow/dags/forecast_logging_dag.py took 4.542 seconds
[2026-08-30T11:39:55.126+0000] {processor.py:161} INFO - Started process (PID=2421) to work on /opt/airflow/dags/forecast_logging_dag.py
[2026-08-30T11:39:55.128+0000] {processor.py:830} INFO - Processing file /opt/airflow/dags/forecast_logging_dag.py for tasks to queue
[2026-08-30T11:39:55.134+0000] {logging_mixin.py:188} INFO - [2026-08-30T11:39:55.133+0000] {dagbag.py:545} INFO - Filling up the DagBag from /opt/airflow/dags/forecast_logging_dag.py
[2026-08-30T11:39:58.987+0000] {processor.py:840} INFO - DAG(s) 'forecast_logging' retrieved from /opt/airflow/dags/forecast_logging_dag.py
[2026-08-30T11:39:59.035+0000] {logging_mixin.py:188} INFO - [2026-08-30T11:39:59.034+0000] {dag.py:3089} INFO - Sync 1 DAGs
[2026-08-30T11:39:59.072+0000] {logging_mixin.py:188} INFO - [2026-08-30T11:39:59.072+0000] {dag.py:3947} INFO - Setting next_dagrun for forecast_logging to 2026-08-30 00:00:00+00:00, run_after=2026-08-31 00:00:00+00:00
[2026-08-30T11:39:59.122+0000] {processor.py:183} INFO - Processing /opt/airflow/dags/forecast_logging_dag.py took 4.012 seconds
[2026-08-30T11:40:30.000+0000] {processor.py:161} INFO - Started process (PID=2451) to work on /opt/airflow/dags/forecast_logging_dag.py
[2026-08-30T11:40:30.003+0000] {processor.py:830} INFO - Processing file /opt/airflow/dags/forecast_logging_dag.py for tasks to queue
[2026-08-30T11:40:30.015+0000] {logging_mixin.py:188} INFO - [2026-08-30T11:40:30.014+0000] {dagbag.py:545} INFO - Filling up the DagBag from /opt/airflow/dags/forecast_logging_dag.py
[2026-08-30T11:40:33.982+0000] {processor.py:840} INFO - DAG(s) 'forecast_logging' retrieved from /opt/airflow/dags/forecast_logging_dag.py
[2026-08-30T11:40:35.210+0000] {logging_mixin.py:188} INFO - [2026-08-30T11:40:35.209+0000] {dag.py:3089} INFO - Sync 1 DAGs
[2026-08-30T11:40:35.249+0000] {logging_mixin.py:188} INFO - [2026-08-30T11:40:35.249+0000] {dag.py:3947} INFO - Setting next_dagrun for forecast_logging to 2026-08-30 00:00:00+00:00, run_after=2026-08-31 00:00:00+00:00
[2026-08-30T11:40:35.290+0000] {processor.py:183} INFO - Processing /opt/airflow/dags/forecast_logging_dag.py took 4.143 seconds
[2026-08-30T11:41:05.612+0000] {processor.py:161} INFO - Started process (PID=2481) to work on /opt/airflow/dags/forecast_logging_dag.py
[2026-08-30T11:41:05.614+0000] {processor.py:830} INFO - Processing file /opt/airflow/dags/forecast_logging_dag.py for tasks to queue
[2026-08-30T11:41:05.619+0000] {logging_mixin.py:188} INFO - [2026-08-30T11:41:05.618+0000] {dagbag.py:545} INFO - Filling up the DagBag from /opt/airflow/dags/forecast_logging_dag.py
[2026-08-30T11:41:09.621+0000] {processor.py:840} INFO - DAG(s) 'forecast_logging' retrieved from /opt/airflow/dags/forecast_logging_dag.py
[2026-08-30T11:41:09.692+0000] {logging_mixin.py:188} INFO - [2026-08-30T11:41:09.690+0000] {dag.py:3089} INFO - Sync 1 DAGs
[2026-08-30T11:41:09.763+0000] {logging_mixin.py:188} INFO - [2026-08-30T11:41:09.762+0000] {dag.py:3947} INFO - Setting next_dagrun for forecast_logging to 2026-08-30 00:00:00+00:00, run_after=2026-08-31 00:00:00+00:00
[2026-08-30T11:41:09.810+0000] {processor.py:183} INFO - Processing /opt/airflow/dags/forecast_logging_dag.py took 4.216 seconds
[2026-08-30T11:41:40.479+0000] {processor.py:161} INFO - Started process (PID=2514) to work on /opt/airflow/dags/forecast_logging_dag.py
[2026-08-30T11:41:40.482+0000] {processor.py:830} INFO - Processing file /opt/airflow/dags/forecast_logging_dag.py for tasks to queue
[2026-08-30T11:41:40.490+0000] {logging_mixin.py:188} INFO - [2026-08-30T11:41:40.489+0000] {dagbag.py:545} INFO - Filling up the DagBag from /opt/airflow/dags/forecast_logging_dag.py
[2026-08-30T11:41:44.429+0000] {processor.py:840} INFO - DAG(s) 'forecast_logging' retrieved from /opt/airflow/dags/forecast_logging_dag.py
[2026-08-30T11:41:44.480+0000] {logging_mixin.py:188} INFO - [2026-08-30T11:41:44.479+0000] {dag.py:3089} INFO - Sync 1 DAGs
[2026-08-30T11:41:44.521+0000] {logging_mixin.py:188} INFO - [2026-08-30T11:41:44.520+0000] {dag.py:3947} INFO - Setting next_dagrun for forecast_logging to 2026-08-30 00:00:00+00:00, run_after=2026-08-31 00:00:00+00:00
[2026-08-30T11:41:44.570+0000] {processor.py:183} INFO - Processing /opt/airflow/dags/forecast_logging_dag.py took 4.113 seconds
[2026-08-30T11:42:15.033+0000] {processor.py:161} INFO - Started process (PID=2566) to work on /opt/airflow/dags/forecast_logging_dag.py
[2026-08-30T11:42:15.036+0000] {processor.py:830} INFO - Processing file /opt/airflow/dags/forecast_logging_dag.py for tasks to queue
[2026-08-30T11:42:15.041+0000] {logging_mixin.py:188} INFO - [2026-08-30T11:42:15.041+0000] {dagbag.py:545} INFO - Filling up the DagBag from /opt/airflow/dags/forecast_logging_dag.py
[2026-08-30T11:42:19.071+0000] {processor.py:840} INFO - DAG(s) 'forecast_logging' retrieved from /opt/airflow/dags/forecast_logging_dag.py
[2026-08-30T11:42:19.121+0000] {logging_mixin.py:188} INFO - [2026-08-30T11:42:19.120+0000] {dag.py:3089} INFO - Sync 1 DAGs
[2026-08-30T11:42:19.160+0000] {logging_mixin.py:188} INFO - [2026-08-30T11:42:19.159+0000] {dag.py:3947} INFO - Setting next_dagrun for forecast_logging to 2026-08-30 00:00:00+00:00, run_after=2026-08-31 00:00:00+00:00
[2026-08-30T11:42:19.201+0000] {processor.py:183} INFO - Processing /opt/airflow/dags/forecast_logging_dag.py took 4.188 seconds
[2026-08-30T11:42:49.642+0000] {processor.py:161} INFO - Started process (PID=2645) to work on /opt/airflow/dags/forecast_logging_dag.py
[2026-08-30T11:42:49.645+0000] {processor.py:830} INFO - Processing file /opt/airflow/dags/forecast_logging_dag.py for tasks to queue
[2026-08-30T11:42:49.651+0000] {logging_mixin.py:188} INFO - [2026-08-30T11:42:49.650+0000] {dagbag.py:545} INFO - Filling up the DagBag from /opt/airflow/dags/forecast_logging_dag.py
[2026-08-30T11:42:55.237+0000] {processor.py:840} INFO - DAG(s) 'forecast_logging' retrieved from /opt/airflow/dags/forecast_logging_dag.py
[2026-08-30T11:42:55.291+0000] {logging_mixin.py:188} INFO - [2026-08-30T11:42:55.290+0000] {dag.py:3089} INFO - Sync 1 DAGs
[2026-08-30T11:42:55.342+0000] {logging_mixin.py:188} INFO - [2026-08-30T11:42:55.342+0000] {dag.py:3947} INFO - Setting next_dagrun for forecast_logging to 2026-08-30 00:00:00+00:00, run_after=2026-08-31 00:00:00+00:00
[2026-08-30T11:42:55.397+0000] {processor.py:183} INFO - Processing /opt/airflow/dags/forecast_logging_dag.py took 8.029 seconds
[2026-08-30T11:43:26.241+0000] {processor.py:161} INFO - Started process (PID=2732) to work on /opt/airflow/dags/forecast_logging_dag.py
[2026-08-30T11:43:26.244+0000] {processor.py:830} INFO - Processing file /opt/airflow/dags/forecast_logging_dag.py for tasks to queue
[2026-08-30T11:43:26.250+0000] {logging_mixin.py:188} INFO - [2026-08-30T11:43:26.249+0000] {dagbag.py:545} INFO - Filling up the DagBag from /opt/airflow/dags/forecast_logging_dag.py
[2026-08-30T11:43:31.269+0000] {processor.py:840} INFO - DAG(s) 'forecast_logging' retrieved from /opt/airflow/dags/forecast_logging_dag.py
[2026-08-30T11:43:31.635+0000] {logging_mixin.py:188} INFO - [2026-08-30T11:43:31.634+0000] {dag.py:3089} INFO - Sync 1 DAGs
[2026-08-30T11:43:31.737+0000] {logging_mixin.py:188} INFO - [2026-08-30T11:43:31.737+0000] {dag.py:3947} INFO - Setting next_dagrun for forecast_logging to 2026-08-30 00:00:00+00:00, run_after=2026-08-31 00:00:00+00:00
[2026-08-30T11:43:34.645+0000] {processor.py:183} INFO - Processing /opt/airflow/dags/forecast_logging_dag.py took 8.425 seconds
[2026-08-30T11:44:05.276+0000] {processor.py:161} INFO - Started process (PID=2764) to work on /opt/airflow/dags/forecast_logging_dag.py
[2026-08-30T11:44:05.279+0000] {processor.py:830} INFO - Processing file /opt/airflow/dags/forecast_logging_dag.py for tasks to queue
[2026-08-30T11:44:05.288+0000] {logging_mixin.py:188} INFO - [2026-08-30T11:44:05.287+0000] {dagbag.py:545} INFO - Filling up the DagBag from /opt/airflow/dags/forecast_logging_dag.py
[2026-08-30T11:44:09.441+0000] {processor.py:840} INFO - DAG(s) 'forecast_logging' retrieved from /opt/airflow/dags/forecast_logging_dag.py
[2026-08-30T11:44:09.498+0000] {logging_mixin.py:188} INFO - [2026-08-30T11:44:09.497+0000] {dag.py:3089} INFO - Sync 1 DAGs
[2026-08-30T11:44:09.547+0000] {logging_mixin.py:188} INFO - [2026-08-30T11:44:09.546+0000] {dag.py:3947} INFO - Setting next_dagrun for forecast_logging to 2026-08-30 00:00:00+00:00, run_after=2026-08-31 00:00:00+00:00
[2026-08-30T11:44:09.592+0000] {processor.py:183} INFO - Processing /opt/airflow/dags/forecast_logging_dag.py took 4.336 seconds
[2026-08-30T11:44:40.354+0000] {processor.py:161} INFO - Started process (PID=2822) to work on /opt/airflow/dags/forecast_logging_dag.py
[2026-08-30T11:44:40.357+0000] {processor.py:830} INFO - Processing file /opt/airflow/dags/forecast_logging_dag.py for tasks to queue
[2026-08-30T11:44:40.365+0000] {logging_mixin.py:188} INFO - [2026-08-30T11:44:40.364+0000] {dagbag.py:545} INFO - Filling up the DagBag from /opt/airflow/dags/forecast_logging_dag.py
[2026-08-30T11:44:41.774+0000] {processor.py:840} INFO - DAG(s) 'forecast_logging' retrieved from /opt/airflow/dags/forecast_logging_dag.py
[2026-08-30T11:44:41.832+0000] {logging_mixin.py:188} INFO - [2026-08-30T11:44:41.831+0000] {dag.py:3089} INFO - Sync 1 DAGs
[2026-08-30T11:44:41.876+0000] {logging_mixin.py:188} INFO - [2026-08-30T11:44:41.876+0000] {dag.py:3947} INFO - Setting next_dagrun for forecast_logging to 2026-08-30 00:00:00+00:00, run_after=2026-08-31 00:00:00+00:00
[2026-08-30T11:44:41.921+0000] {processor.py:183} INFO - Processing /opt/airflow/dags/forecast_logging_dag.py took 4.184 seconds
[2026-08-30T11:45:12.789+0000] {processor.py:161} INFO - Started process (PID=2884) to work on /opt/airflow/dags/forecast_logging_dag.py
[2026-08-30T11:45:12.792+0000] {processor.py:830} INFO - Processing file /opt/airflow/dags/forecast_logging_dag.py for tasks to queue
[2026-08-30T11:45:12.798+0000] {logging_mixin.py:188} INFO - [2026-08-30T11:45:12.796+0000] {dagbag.py:545} INFO - Filling up the DagBag from /opt/airflow/dags/forecast_logging_dag.py
[2026-08-30T11:45:16.973+0000] {processor.py:840} INFO - DAG(s) 'forecast_logging' retrieved from /opt/airflow/dags/forecast_logging_dag.py
[2026-08-30T11:45:17.029+0000] {logging_mixin.py:188} INFO - [2026-08-30T11:45:17.028+0000] {dag.py:3089} INFO - Sync 1 DAGs
[2026-08-30T11:45:17.076+0000] {logging_mixin.py:188} INFO - [2026-08-30T11:45:17.076+0000] {dag.py:3947} INFO - Setting next_dagrun for forecast_logging to 2026-08-30 00:00:00+00:00, run_after=2026-08-31 00:00:00+00:00
[2026-08-30T11:45:17.116+0000] {processor.py:183} INFO - Processing /opt/airflow/dags/forecast_logging_dag.py took 4.352 seconds
[2026-08-30T11:45:47.637+0000] {processor.py:161} INFO - Started process (PID=2936) to work on /opt/airflow/dags/forecast_logging_dag.py
[2026-08-30T11:45:47.640+0000] {processor.py:830} INFO - Processing file /opt/airflow/dags/forecast_logging_dag.py for tasks to queue
[2026-08-30T11:45:47.646+0000] {logging_mixin.py:188} INFO - [2026-08-30T11:45:47.645+0000] {dagbag.py:545} INFO - Filling up the DagBag from /opt/airflow/dags/forecast_logging_dag.py
[2026-08-30T11:45:51.558+0000] {processor.py:840} INFO - DAG(s) 'forecast_logging' retrieved from /opt/airflow/dags/forecast_logging_dag.py
[2026-08-30T11:45:51.615+0000] {logging_mixin.py:188} INFO - [2026-08-30T11:45:51.614+0000] {dag.py:3089} INFO - Sync 1 DAGs
[2026-08-30T11:45:51.661+0000] {logging_mixin.py:188} INFO - [2026-08-30T11:45:51.661+0000] {dag.py:3947} INFO - Setting next_dagrun for forecast_logging to 2026-08-30 00:00:00+00:00, run_after=2026-08-31 00:00:00+00:00
[2026-08-30T11:45:51.702+0000] {processor.py:183} INFO - Processing /opt/airflow/dags/forecast_logging_dag.py took 4.083 seconds
[2026-08-30T11:46:22.186+0000] {processor.py:161} INFO - Started process (PID=2986) to work on /opt/airflow/dags/forecast_logging_dag.py
[2026-08-30T11:46:22.188+0000] {processor.py:830} INFO - Processing file /opt/airflow/dags/forecast_logging_dag.py for tasks to queue
[2026-08-30T11:46:22.192+0000] {logging_mixin.py:188} INFO - [2026-08-30T11:46:22.192+0000] {dagbag.py:545} INFO - Filling up the DagBag from /opt/airflow/dags/forecast_logging_dag.py
[2026-08-30T11:46:25.887+0000] {processor.py:840} INFO - DAG(s) 'forecast_logging' retrieved from /opt/airflow/dags/forecast_logging_dag.py
[2026-08-30T11:46:25.939+0000] {logging_mixin.py:188} INFO - [2026-08-30T11:46:25.938+0000] {dag.py:3089} INFO - Sync 1 DAGs
[2026-08-30T11:46:25.985+0000] {logging_mixin.py:188} INFO - [2026-08-30T11:46:25.984+0000] {dag.py:3947} INFO - Setting next_dagrun for forecast_logging to 2026-08-30 00:00:00+00:00, run_after=2026-08-31 00:00:00+00:00
[2026-08-30T11:46:26.018+0000] {processor.py:183} INFO - Processing /opt/airflow/dags/forecast_logging_dag.py took 3.848 seconds
[2026-08-30T11:46:57.076+0000] {processor.py:161} INFO - Started process (PID=3016) to work on /opt/airflow/dags/forecast_logging_dag.py
[2026-08-30T11:46:57.079+0000] {processor.py:830} INFO - Processing file /opt/airflow/dags/forecast_logging_dag.py for tasks to queue
[2026-08-30T11:46:57.084+0000] {logging_mixin.py:188} INFO - [2026-08-30T11:46:57.083+0000] {dagbag.py:545} INFO - Filling up the DagBag from /opt/airflow/dags/forecast_logging_dag.py
[2026-08-30T11:47:00.804+0000] {processor.py:840} INFO - DAG(s) 'forecast_logging' retrieved from /opt/airflow/dags/forecast_logging_dag.py
[2026-08-30T11:47:00.858+0000] {logging_mixin.py:188} INFO - [2026-08-30T11:47:00.857+0000] {dag.py:3089} INFO - Sync 1 DAGs
[2026-08-30T11:47:00.899+0000] {logging_mixin.py:188} INFO - [2026-08-30T11:47:00.898+0000] {dag.py:3947} INFO - Setting next_dagrun for forecast_logging to 2026-08-30 00:00:00+00:00, run_after=2026-08-31 00:00:00+00:00
[2026-08-30T11:47:00.938+0000] {processor.py:183} INFO - Processing /opt/airflow/dags/forecast_logging_dag.py took 3.879 seconds
[2026-08-30T11:47:31.487+0000] {processor.py:161} INFO - Started process (PID=3046) to work on /opt/airflow/dags/forecast_logging_dag.py
[2026-08-30T11:47:31.490+0000] {processor.py:830} INFO - Processing file /opt/airflow/dags/forecast_logging_dag.py for tasks to queue
[2026-08-30T11:47:31.495+0000] {logging_mixin.py:188} INFO - [2026-08-30T11:47:31.494+0000] {dagbag.py:545} INFO - Filling up the DagBag from /opt/airflow/dags/forecast_logging_dag.py
[2026-08-30T11:47:35.581+0000] {processor.py:840} INFO - DAG(s) 'forecast_logging' retrieved from /opt/airflow/dags/forecast_logging_dag.py
[2026-08-30T11:47:35.635+0000] {logging_mixin.py:188} INFO - [2026-08-30T11:47:35.634+0000] {dag.py:3089} INFO - Sync 1 DAGs
[2026-08-30T11:47:35.674+0000] {logging_mixin.py:188} INFO - [2026-08-30T11:47:35.673+0000] {dag.py:3947} INFO - Setting next_dagrun for forecast_logging to 2026-08-30 00:00:00+00:00, run_after=2026-08-31 00:00:00+00:00
[2026-08-30T11:47:35.713+0000] {processor.py:183} INFO - Processing /opt/airflow/dags/forecast_logging_dag.py took 4.248 seconds
[2026-08-30T11:48:06.142+0000] {processor.py:161} INFO - Started process (PID=3076) to work on /opt/airflow/dags/forecast_logging_dag.py
[2026-08-30T11:48:06.145+0000] {processor.py:830} INFO - Processing file /opt/airflow/dags/forecast_logging_dag.py for tasks to queue
[2026-08-30T11:48:06.154+0000] {logging_mixin.py:188} INFO - [2026-08-30T11:48:06.153+0000] {dagbag.py:545} INFO - Filling up the DagBag from /opt/airflow/dags/forecast_logging_dag.py
[2026-08-30T11:48:09.923+0000] {processor.py:840} INFO - DAG(s) 'forecast_logging' retrieved from /opt/airflow/dags/forecast_logging_dag.py
[2026-08-30T11:48:09.982+0000] {logging_mixin.py:188} INFO - [2026-08-30T11:48:09.981+0000] {dag.py:3089} INFO - Sync 1 DAGs
[2026-08-30T11:48:10.032+0000] {logging_mixin.py:188} INFO - [2026-08-30T11:48:10.031+0000] {dag.py:3947} INFO - Setting next_dagrun for forecast_logging to 2026-08-30 00:00:00+00:00, run_after=2026-08-31 00:00:00+00:00
[2026-08-30T11:48:10.104+0000] {processor.py:183} INFO - Processing /opt/airflow/dags/forecast_logging_dag.py took 3.983 seconds
[2026-08-30T11:48:41.246+0000] {processor.py:161} INFO - Started process (PID=3106) to work on /opt/airflow/dags/forecast_logging_dag.py
[2026-08-30T11:48:41.248+0000] {processor.py:830} INFO - Processing file /opt/airflow/dags/forecast_logging_dag.py for tasks to queue
[2026-08-30T11:48:41.253+0000] {logging_mixin.py:188} INFO - [2026-08-30T11:48:41.252+0000] {dagbag.py:545} INFO - Filling up the DagBag from /opt/airflow/dags/forecast_logging_dag.py
[2026-08-30T11:48:45.205+0000] {processor.py:840} INFO - DAG(s) 'forecast_logging' retrieved from /opt/airflow/dags/forecast_logging_dag.py
[2026-08-30T11:48:45.258+0000] {logging_mixin.py:188} INFO - [2026-08-30T11:48:45.257+0000] {dag.py:3089} INFO - Sync 1 DAGs
[2026-08-30T11:48:45.298+0000] {logging_mixin.py:188} INFO - [2026-08-30T11:48:45.298+0000] {dag.py:3947} INFO - Setting next_dagrun for forecast_logging to 2026-08-30 00:00:00+00:00, run_after=2026-08-31 00:00:00+00:00
[2026-08-30T11:48:45.336+0000] {processor.py:183} INFO - Processing /opt/airflow/dags/forecast_logging_dag.py took 4.106 seconds
[2026-08-30T11:49:16.296+0000] {processor.py:161} INFO - Started process (PID=3136) to work on /opt/airflow/dags/forecast_logging_dag.py
[2026-08-30T11:49:16.299+0000] {processor.py:830} INFO - Processing file /opt/airflow/dags/forecast_logging_dag.py for tasks to queue
[2026-08-30T11:49:16.303+0000] {logging_mixin.py:188} INFO - [2026-08-30T11:49:16.303+0000] {dagbag.py:545} INFO - Filling up the DagBag from /opt/airflow/dags/forecast_logging_dag.py
[2026-08-30T11:49:20.165+0000] {processor.py:840} INFO - DAG(s) 'forecast_logging' retrieved from /opt/airflow/dags/forecast_logging_dag.py
[2026-08-30T11:49:20.218+0000] {logging_mixin.py:188} INFO - [2026-08-30T11:49:20.217+0000] {dag.py:3089} INFO - Sync 1 DAGs
[2026-08-30T11:49:20.263+0000] {logging_mixin.py:188} INFO - [2026-08-30T11:49:20.263+0000] {dag.py:3947} INFO - Setting next_dagrun for forecast_logging to 2026-08-30 00:00:00+00:00, run_after=2026-08-31 00:00:00+00:00
[2026-08-30T11:49:20.301+0000] {processor.py:183} INFO - Processing /opt/airflow/dags/forecast_logging_dag.py took 4.021 seconds
[2026-08-30T11:49:51.778+0000] {processor.py:161} INFO - Started process (PID=3170) to work on /opt/airflow/dags/forecast_logging_dag.py
[2026-08-30T11:49:51.781+0000] {processor.py:830} INFO - Processing file /opt/airflow/dags/forecast_logging_dag.py for tasks to queue
[2026-08-30T11:49:51.788+0000] {logging_mixin.py:188} INFO - [2026-08-30T11:49:51.787+0000] {dagbag.py:545} INFO - Filling up the DagBag from /opt/airflow/dags/forecast_logging_dag.py
[2026-08-30T11:49:55.599+0000] {processor.py:840} INFO - DAG(s) 'forecast_logging' retrieved from /opt/airflow/dags/forecast_logging_dag.py
[2026-08-30T11:49:55.653+0000] {logging_mixin.py:188} INFO - [2026-08-30T11:49:55.652+0000] {dag.py:3089} INFO - Sync 1 DAGs
[2026-08-30T11:49:55.697+0000] {logging_mixin.py:188} INFO - [2026-08-30T11:49:55.697+0000] {dag.py:3947} INFO - Setting next_dagrun for forecast_logging to 2026-08-30 00:00:00+00:00, run_after=2026-08-31 00:00:00+00:00
[2026-08-30T11:49:55.739+0000] {processor.py:183} INFO - Processing /opt/airflow/dags/forecast_logging_dag.py took 3.984 seconds
[2026-08-30T11:50:26.502+0000] {processor.py:161} INFO - Started process (PID=3202) to work on /opt/airflow/dags/forecast_logging_dag.py
[2026-08-30T11:50:26.505+0000] {processor.py:830} INFO - Processing file /opt/airflow/dags/forecast_logging_dag.py for tasks to queue
[2026-08-30T11:50:26.510+0000] {logging_mixin.py:188} INFO - [2026-08-30T11:50:26.509+0000] {dagbag.py:545} INFO - Filling up the DagBag from /opt/airflow/dags/forecast_logging_dag.py
[2026-08-30T11:50:30.556+0000] {processor.py:840} INFO - DAG(s) 'forecast_logging' retrieved from /opt/airflow/dags/forecast_logging_dag.py
[2026-08-30T11:50:30.618+0000] {logging_mixin.py:188} INFO - [2026-08-30T11:50:30.616+0000] {dag.py:3089} INFO - Sync 1 DAGs
[2026-08-30T11:50:30.666+0000] {logging_mixin.py:188} INFO - [2026-08-30T11:50:30.665+0000] {dag.py:3947} INFO - Setting next_dagrun for forecast_logging to 2026-08-30 00:00:00+00:00, run_after=2026-08-31 00:00:00+00:00
[2026-08-30T11:50:30.712+0000] {processor.py:183} INFO - Processing /opt/airflow/dags/forecast_logging_dag.py took 4.231 seconds
[2026-08-30T11:51:01.291+0000] {processor.py:161} INFO - Started process (PID=3232) to work on /opt/airflow/dags/forecast_logging_dag.py
[2026-08-30T11:51:01.295+0000] {processor.py:830} INFO - Processing file /opt/airflow/dags/forecast_logging_dag.py for tasks to queue
[2026-08-30T11:51:01.304+0000] {logging_mixin.py:188} INFO - [2026-08-30T11:51:01.302+0000] {dagbag.py:545} INFO - Filling up the DagBag from /opt/airflow/dags/forecast_logging_dag.py
[2026-08-30T11:51:05.729+0000] {processor.py:840} INFO - DAG(s) 'forecast_logging' retrieved from /opt/airflow/dags/forecast_logging_dag.py
[2026-08-30T11:51:05.786+0000] {logging_mixin.py:188} INFO - [2026-08-30T11:51:05.785+0000] {dag.py:3089} INFO - Sync 1 DAGs
[2026-08-30T11:51:05.831+0000] {logging_mixin.py:188} INFO - [2026-08-30T11:51:05.831+0000] {dag.py:3947} INFO - Setting next_dagrun for forecast_logging to 2026-08-30 00:00:00+00:00, run_after=2026-08-31 00:00:00+00:00
[2026-08-30T11:51:05.882+0000] {processor.py:183} INFO - Processing /opt/airflow/dags/forecast_logging_dag.py took 4.615 seconds
[2026-08-30T11:51:36.524+0000] {processor.py:161} INFO - Started process (PID=3262) to work on /opt/airflow/dags/forecast_logging_dag.py
[2026-08-30T11:51:36.527+0000] {processor.py:830} INFO - Processing file /opt/airflow/dags/forecast_logging_dag.py for tasks to queue
[2026-08-30T11:51:36.532+0000] {logging_mixin.py:188} INFO - [2026-08-30T11:51:36.531+0000] {dagbag.py:545} INFO - Filling up the DagBag from /opt/airflow/dags/forecast_logging_dag.py
[2026-08-30T11:51:38.062+0000] {processor.py:840} INFO - DAG(s) 'forecast_logging' retrieved from /opt/airflow/dags/forecast_logging_dag.py
[2026-08-30T11:51:38.109+0000] {logging_mixin.py:188} INFO - [2026-08-30T11:51:38.109+0000] {dag.py:3089} INFO - Sync 1 DAGs
[2026-08-30T11:51:38.145+0000] {logging_mixin.py:188} INFO - [2026-08-30T11:51:38.145+0000] {dag.py:3947} INFO - Setting next_dagrun for forecast_logging to 2026-08-30 00:00:00+00:00, run_after=2026-08-31 00:00:00+00:00
[2026-08-30T11:51:38.181+0000] {processor.py:183} INFO - Processing /opt/airflow/dags/forecast_logging_dag.py took 4.002 seconds
[2026-08-30T11:52:08.877+0000] {processor.py:161} INFO - Started process (PID=3292) to work on /opt/airflow/dags/forecast_logging_dag.py
[2026-08-30T11:52:08.879+0000] {processor.py:830} INFO - Processing file /opt/airflow/dags/forecast_logging_dag.py for tasks to queue
[2026-08-30T11:52:08.884+0000] {logging_mixin.py:188} INFO - [2026-08-30T11:52:08.883+0000] {dagbag.py:545} INFO - Filling up the DagBag from /opt/airflow/dags/forecast_logging_dag.py
[2026-08-30T11:52:13.129+0000] {processor.py:840} INFO - DAG(s) 'forecast_logging' retrieved from /opt/airflow/dags/forecast_logging_dag.py
[2026-08-30T11:52:13.185+0000] {logging_mixin.py:188} INFO - [2026-08-30T11:52:13.184+0000] {dag.py:3089} INFO - Sync 1 DAGs
[2026-08-30T11:52:13.230+0000] {logging_mixin.py:188} INFO - [2026-08-30T11:52:13.229+0000] {dag.py:3947} INFO - Setting next_dagrun for forecast_logging to 2026-08-30 00:00:00+00:00, run_after=2026-08-31 00:00:00+00:00
[2026-08-30T11:52:13.273+0000] {processor.py:183} INFO - Processing /opt/airflow/dags/forecast_logging_dag.py took 4.414 seconds
[2026-08-30T11:52:43.756+0000] {processor.py:161} INFO - Started process (PID=3322) to work on /opt/airflow/dags/forecast_logging_dag.py
[2026-08-30T11:52:43.759+0000] {processor.py:830} INFO - Processing file /opt/airflow/dags/forecast_logging_dag.py for tasks to queue
[2026-08-30T11:52:43.763+0000] {logging_mixin.py:188} INFO - [2026-08-30T11:52:43.762+0000] {dagbag.py:545} INFO - Filling up the DagBag from /opt/airflow/dags/forecast_logging_dag.py
[2026-08-30T11:52:47.718+0000] {processor.py:840} INFO - DAG(s) 'forecast_logging' retrieved from /opt/airflow/dags/forecast_logging_dag.py
[2026-08-30T11:52:47.764+0000] {logging_mixin.py:188} INFO - [2026-08-30T11:52:47.763+0000] {dag.py:3089} INFO - Sync 1 DAGs
[2026-08-30T11:52:47.801+0000] {logging_mixin.py:188} INFO - [2026-08-30T11:52:47.800+0000] {dag.py:3947} INFO - Setting next_dagrun for forecast_logging to 2026-08-30 00:00:00+00:00, run_after=2026-08-31 00:00:00+00:00
[2026-08-30T11:52:47.839+0000] {processor.py:183} INFO - Processing /opt/airflow/dags/forecast_logging_dag.py took 4.104 seconds
[2026-08-30T11:53:18.854+0000] {processor.py:161} INFO - Started process (PID=3356) to work on /opt/airflow/dags/forecast_logging_dag.py
[2026-08-30T11:53:18.857+0000] {processor.py:830} INFO - Processing file /opt/airflow/dags/forecast_logging_dag.py for tasks to queue
[2026-08-30T11:53:18.863+0000] {logging_mixin.py:188} INFO - [2026-08-30T11:53:18.862+0000] {dagbag.py:545} INFO - Filling up the DagBag from /opt/airflow/dags/forecast_logging_dag.py
[2026-08-30T11:53:22.572+0000] {processor.py:840} INFO - DAG(s) 'forecast_logging' retrieved from /opt/airflow/dags/forecast_logging_dag.py
[2026-08-30T11:53:22.643+0000] {logging_mixin.py:188} INFO - [2026-08-30T11:53:22.642+0000] {dag.py:3089} INFO - Sync 1 DAGs
[2026-08-30T11:53:22.682+0000] {logging_mixin.py:188} INFO - [2026-08-30T11:53:22.681+0000] {dag.py:3947} INFO - Setting next_dagrun for forecast_logging to 2026-08-30 00:00:00+00:00, run_after=2026-08-31 00:00:00+00:00
[2026-08-30T11:53:22.720+0000] {processor.py:183} INFO - Processing /opt/airflow/dags/forecast_logging_dag.py took 3.887 seconds
[2026-08-30T11:53:53.648+0000] {processor.py:161} INFO - Started process (PID=3388) to work on /opt/airflow/dags/forecast_logging_dag.py
[2026-08-30T11:53:53.651+0000] {processor.py:830} INFO - Processing file /opt/airflow/dags/forecast_logging_dag.py for tasks to queue
[2026-08-30T11:53:53.656+0000] {logging_mixin.py:188} INFO - [2026-08-30T11:53:53.655+0000] {dagbag.py:545} INFO - Filling up the DagBag from /opt/airflow/dags/forecast_logging_dag.py
[2026-08-30T11:53:57.175+0000] {processor.py:840} INFO - DAG(s) 'forecast_logging' retrieved from /opt/airflow/dags/forecast_logging_dag.py
[2026-08-30T11:53:57.240+0000] {logging_mixin.py:188} INFO - [2026-08-30T11:53:57.239+0000] {dag.py:3089} INFO - Sync 1 DAGs
[2026-08-30T11:53:57.292+0000] {logging_mixin.py:188} INFO - [2026-08-30T11:53:57.291+0000] {dag.py:3947} INFO - Setting next_dagrun for forecast_logging to 2026-08-30 00:00:00+00:00, run_after=2026-08-31 00:00:00+00:00
[2026-08-30T11:53:58.511+0000] {processor.py:183} INFO - Processing /opt/airflow/dags/forecast_logging_dag.py took 3.704 seconds
[2026-08-30T11:54:29.080+0000] {processor.py:161} INFO - Started process (PID=3418) to work on /opt/airflow/dags/forecast_logging_dag.py
[2026-08-30T11:54:29.083+0000] {processor.py:830} INFO - Processing file /opt/airflow/dags/forecast_logging_dag.py for tasks to queue
[2026-08-30T11:54:29.089+0000] {logging_mixin.py:188} INFO - [2026-08-30T11:54:29.088+0000] {dagbag.py:545} INFO - Filling up the DagBag from /opt/airflow/dags/forecast_logging_dag.py
[2026-08-30T11:54:33.099+0000] {processor.py:840} INFO - DAG(s) 'forecast_logging' retrieved from /opt/airflow/dags/forecast_logging_dag.py
[2026-08-30T11:54:33.182+0000] {logging_mixin.py:188} INFO - [2026-08-30T11:54:33.181+0000] {dag.py:3089} INFO - Sync 1 DAGs
[2026-08-30T11:54:33.248+0000] {logging_mixin.py:188} INFO - [2026-08-30T11:54:33.248+0000] {dag.py:3947} INFO - Setting next_dagrun for forecast_logging to 2026-08-30 00:00:00+00:00, run_after=2026-08-31 00:00:00+00:00
[2026-08-30T11:54:33.292+0000] {processor.py:183} INFO - Processing /opt/airflow/dags/forecast_logging_dag.py took 4.227 seconds
[2026-08-30T11:55:04.015+0000] {processor.py:161} INFO - Started process (PID=3448) to work on /opt/airflow/dags/forecast_logging_dag.py
[2026-08-30T11:55:04.019+0000] {processor.py:830} INFO - Processing file /opt/airflow/dags/forecast_logging_dag.py for tasks to queue
[2026-08-30T11:55:04.027+0000] {logging_mixin.py:188} INFO - [2026-08-30T11:55:04.026+0000] {dagbag.py:545} INFO - Filling up the DagBag from /opt/airflow/dags/forecast_logging_dag.py
[2026-08-30T11:55:08.275+0000] {processor.py:840} INFO - DAG(s) 'forecast_logging' retrieved from /opt/airflow/dags/forecast_logging_dag.py
[2026-08-30T11:55:08.328+0000] {logging_mixin.py:188} INFO - [2026-08-30T11:55:08.327+0000] {dag.py:3089} INFO - Sync 1 DAGs
[2026-08-30T11:55:08.377+0000] {logging_mixin.py:188} INFO - [2026-08-30T11:55:08.377+0000] {dag.py:3947} INFO - Setting next_dagrun for forecast_logging to 2026-08-30 00:00:00+00:00, run_after=2026-08-31 00:00:00+00:00
[2026-08-30T11:55:08.419+0000] {processor.py:183} INFO - Processing /opt/airflow/dags/forecast_logging_dag.py took 4.425 seconds
[2026-08-30T11:55:39.196+0000] {processor.py:161} INFO - Started process (PID=3478) to work on /opt/airflow/dags/forecast_logging_dag.py
[2026-08-30T11:55:39.198+0000] {processor.py:830} INFO - Processing file /opt/airflow/dags/forecast_logging_dag.py for tasks to queue
[2026-08-30T11:55:39.203+0000] {logging_mixin.py:188} INFO - [2026-08-30T11:55:39.202+0000] {dagbag.py:545} INFO - Filling up the DagBag from /opt/airflow/dags/forecast_logging_dag.py
[2026-08-30T11:55:43.512+0000] {processor.py:840} INFO - DAG(s) 'forecast_logging' retrieved from /opt/airflow/dags/forecast_logging_dag.py
[2026-08-30T11:55:43.566+0000] {logging_mixin.py:188} INFO - [2026-08-30T11:55:43.565+0000] {dag.py:3089} INFO - Sync 1 DAGs
[2026-08-30T11:55:43.606+0000] {logging_mixin.py:188} INFO - [2026-08-30T11:55:43.605+0000] {dag.py:3947} INFO - Setting next_dagrun for forecast_logging to 2026-08-30 00:00:00+00:00, run_after=2026-08-31 00:00:00+00:00
[2026-08-30T11:55:43.650+0000] {processor.py:183} INFO - Processing /opt/airflow/dags/forecast_logging_dag.py took 4.472 seconds
[2026-08-30T11:56:13.900+0000] {processor.py:161} INFO - Started process (PID=3508) to work on /opt/airflow/dags/forecast_logging_dag.py
[2026-08-30T11:56:13.904+0000] {processor.py:830} INFO - Processing file /opt/airflow/dags/forecast_logging_dag.py for tasks to queue
[2026-08-30T11:56:13.910+0000] {logging_mixin.py:188} INFO - [2026-08-30T11:56:13.909+0000] {dagbag.py:545} INFO - Filling up the DagBag from /opt/airflow/dags/forecast_logging_dag.py
[2026-08-30T11:56:15.482+0000] {processor.py:840} INFO - DAG(s) 'forecast_logging' retrieved from /opt/airflow/dags/forecast_logging_dag.py
[2026-08-30T11:56:15.535+0000] {logging_mixin.py:188} INFO - [2026-08-30T11:56:15.535+0000] {dag.py:3089} INFO - Sync 1 DAGs
[2026-08-30T11:56:15.593+0000] {logging_mixin.py:188} INFO - [2026-08-30T11:56:15.593+0000] {dag.py:3947} INFO - Setting next_dagrun for forecast_logging to 2026-08-30 00:00:00+00:00, run_after=2026-08-31 00:00:00+00:00
[2026-08-30T11:56:15.641+0000] {processor.py:183} INFO - Processing /opt/airflow/dags/forecast_logging_dag.py took 4.081 seconds
[2026-08-30T11:56:46.222+0000] {processor.py:161} INFO - Started process (PID=3538) to work on /opt/airflow/dags/forecast_logging_dag.py
[2026-08-30T11:56:46.226+0000] {processor.py:830} INFO - Processing file /opt/airflow/dags/forecast_logging_dag.py for tasks to queue
[2026-08-30T11:56:46.231+0000] {logging_mixin.py:188} INFO - [2026-08-30T11:56:46.230+0000] {dagbag.py:545} INFO - Filling up the DagBag from /opt/airflow/dags/forecast_logging_dag.py
[2026-08-30T11:56:50.219+0000] {processor.py:840} INFO - DAG(s) 'forecast_logging' retrieved from /opt/airflow/dags/forecast_logging_dag.py
[2026-08-30T11:56:50.278+0000] {logging_mixin.py:188} INFO - [2026-08-30T11:56:50.277+0000] {dag.py:3089} INFO - Sync 1 DAGs
[2026-08-30T11:56:50.326+0000] {logging_mixin.py:188} INFO - [2026-08-30T11:56:50.325+0000] {dag.py:3947} INFO - Setting next_dagrun for forecast_logging to 2026-08-30 00:00:00+00:00, run_after=2026-08-31 00:00:00+00:00
[2026-08-30T11:56:50.367+0000] {processor.py:183} INFO - Processing /opt/airflow/dags/forecast_logging_dag.py took 4.166 seconds
[2026-08-30T11:57:20.807+0000] {processor.py:161} INFO - Started process (PID=3568) to work on /opt/airflow/dags/forecast_logging_dag.py
[2026-08-30T11:57:20.810+0000] {processor.py:830} INFO - Processing file /opt/airflow/dags/forecast_logging_dag.py for tasks to queue
[2026-08-30T11:57:20.816+0000] {logging_mixin.py:188} INFO - [2026-08-30T11:57:20.815+0000] {dagbag.py:545} INFO - Filling up the DagBag from /opt/airflow/dags/forecast_logging_dag.py
[2026-08-30T11:57:25.050+0000] {processor.py:840} INFO - DAG(s) 'forecast_logging' retrieved from /opt/airflow/dags/forecast_logging_dag.py
[2026-08-30T11:57:25.109+0000] {logging_mixin.py:188} INFO - [2026-08-30T11:57:25.108+0000] {dag.py:3089} INFO - Sync 1 DAGs
[2026-08-30T11:57:25.157+0000] {logging_mixin.py:188} INFO - [2026-08-30T11:57:25.156+0000] {dag.py:3947} INFO - Setting next_dagrun for forecast_logging to 2026-08-30 00:00:00+00:00, run_after=2026-08-31 00:00:00+00:00
[2026-08-30T11:57:25.204+0000] {processor.py:183} INFO - Processing /opt/airflow/dags/forecast_logging_dag.py took 4.417 seconds
[2026-08-30T11:57:55.592+0000] {processor.py:161} INFO - Started process (PID=3598) to work on /opt/airflow/dags/forecast_logging_dag.py
[2026-08-30T11:57:55.595+0000] {processor.py:830} INFO - Processing file /opt/airflow/dags/forecast_logging_dag.py for tasks to queue
[2026-08-30T11:57:55.600+0000] {logging_mixin.py:188} INFO - [2026-08-30T11:57:55.599+0000] {dagbag.py:545} INFO - Filling up the DagBag from /opt/airflow/dags/forecast_logging_dag.py
[2026-08-30T11:57:59.344+0000] {processor.py:840} INFO - DAG(s) 'forecast_logging' retrieved from /opt/airflow/dags/forecast_logging_dag.py
[2026-08-30T11:57:59.405+0000] {logging_mixin.py:188} INFO - [2026-08-30T11:57:59.404+0000] {dag.py:3089} INFO - Sync 1 DAGs
[2026-08-30T11:57:59.449+0000] {logging_mixin.py:188} INFO - [2026-08-30T11:57:59.448+0000] {dag.py:3947} INFO - Setting next_dagrun for forecast_logging to 2026-08-30 00:00:00+00:00, run_after=2026-08-31 00:00:00+00:00
[2026-08-30T11:57:59.487+0000] {processor.py:183} INFO - Processing /opt/airflow/dags/forecast_logging_dag.py took 3.916 seconds
[2026-08-30T11:58:30.633+0000] {processor.py:161} INFO - Started process (PID=3628) to work on /opt/airflow/dags/forecast_logging_dag.py
[2026-08-30T11:58:30.637+0000] {processor.py:830} INFO - Processing file /opt/airflow/dags/forecast_logging_dag.py for tasks to queue
[2026-08-30T11:58:30.644+0000] {logging_mixin.py:188} INFO - [2026-08-30T11:58:30.643+0000] {dagbag.py:545} INFO - Filling up the DagBag from /opt/airflow/dags/forecast_logging_dag.py
[2026-08-30T11:58:32.577+0000] {processor.py:840} INFO - DAG(s) 'forecast_logging' retrieved from /opt/airflow/dags/forecast_logging_dag.py
[2026-08-30T11:58:32.628+0000] {logging_mixin.py:188} INFO - [2026-08-30T11:58:32.627+0000] {dag.py:3089} INFO - Sync 1 DAGs
[2026-08-30T11:58:32.670+0000] {logging_mixin.py:188} INFO - [2026-08-30T11:58:32.670+0000] {dag.py:3947} INFO - Setting next_dagrun for forecast_logging to 2026-08-30 00:00:00+00:00, run_after=2026-08-31 00:00:00+00:00
[2026-08-30T11:58:32.716+0000] {processor.py:183} INFO - Processing /opt/airflow/dags/forecast_logging_dag.py took 4.392 seconds
[2026-08-30T11:59:03.412+0000] {processor.py:161} INFO - Started process (PID=3658) to work on /opt/airflow/dags/forecast_logging_dag.py
[2026-08-30T11:59:03.414+0000] {processor.py:830} INFO - Processing file /opt/airflow/dags/forecast_logging_dag.py for tasks to queue
[2026-08-30T11:59:03.418+0000] {logging_mixin.py:188} INFO - [2026-08-30T11:59:03.418+0000] {dagbag.py:545} INFO - Filling up the DagBag from /opt/airflow/dags/forecast_logging_dag.py
[2026-08-30T11:59:07.371+0000] {processor.py:840} INFO - DAG(s) 'forecast_logging' retrieved from /opt/airflow/dags/forecast_logging_dag.py
[2026-08-30T11:59:07.432+0000] {logging_mixin.py:188} INFO - [2026-08-30T11:59:07.432+0000] {dag.py:3089} INFO - Sync 1 DAGs
[2026-08-30T11:59:07.470+0000] {logging_mixin.py:188} INFO - [2026-08-30T11:59:07.470+0000] {dag.py:3947} INFO - Setting next_dagrun for forecast_logging to 2026-08-30 00:00:00+00:00, run_after=2026-08-31 00:00:00+00:00
[2026-08-30T11:59:07.507+0000] {processor.py:183} INFO - Processing /opt/airflow/dags/forecast_logging_dag.py took 4.115 seconds
[2026-08-30T11:59:38.381+0000] {processor.py:161} INFO - Started process (PID=3692) to work on /opt/airflow/dags/forecast_logging_dag.py
[2026-08-30T11:59:38.384+0000] {processor.py:830} INFO - Processing file /opt/airflow/dags/forecast_logging_dag.py for tasks to queue
[2026-08-30T11:59:38.391+0000] {logging_mixin.py:188} INFO - [2026-08-30T11:59:38.390+0000] {dagbag.py:545} INFO - Filling up the DagBag from /opt/airflow/dags/forecast_logging_dag.py
[2026-08-30T11:59:42.010+0000] {processor.py:840} INFO - DAG(s) 'forecast_logging' retrieved from /opt/airflow/dags/forecast_logging_dag.py
[2026-08-30T11:59:42.065+0000] {logging_mixin.py:188} INFO - [2026-08-30T11:59:42.064+0000] {dag.py:3089} INFO - Sync 1 DAGs
[2026-08-30T11:59:42.109+0000] {logging_mixin.py:188} INFO - [2026-08-30T11:59:42.108+0000] {dag.py:3947} INFO - Setting next_dagrun for forecast_logging to 2026-08-30 00:00:00+00:00, run_after=2026-08-31 00:00:00+00:00
[2026-08-30T11:59:42.145+0000] {processor.py:183} INFO - Processing /opt/airflow/dags/forecast_logging_dag.py took 3.785 seconds
[2026-08-30T12:00:13.101+0000] {processor.py:161} INFO - Started process (PID=3727) to work on /opt/airflow/dags/forecast_logging_dag.py
[2026-08-30T12:00:13.103+0000] {processor.py:830} INFO - Processing file /opt/airflow/dags/forecast_logging_dag.py for tasks to queue
[2026-08-30T12:00:13.108+0000] {logging_mixin.py:188} INFO - [2026-08-30T12:00:13.107+0000] {dagbag.py:545} INFO - Filling up the DagBag from /opt/airflow/dags/forecast_logging_dag.py
[2026-08-30T12:00:17.102+0000] {processor.py:840} INFO - DAG(s) 'forecast_logging' retrieved from /opt/airflow/dags/forecast_logging_dag.py
[2026-08-30T12:00:17.155+0000] {logging_mixin.py:188} INFO - [2026-08-30T12:00:17.154+0000] {dag.py:3089} INFO - Sync 1 DAGs
[2026-08-30T12:00:17.191+0000] {logging_mixin.py:188} INFO - [2026-08-30T12:00:17.191+0000] {dag.py:3947} INFO - Setting next_dagrun for forecast_logging to 2026-08-30 00:00:00+00:00, run_after=2026-08-31 00:00:00+00:00
[2026-08-30T12:00:17.227+0000] {processor.py:183} INFO - Processing /opt/airflow/dags/forecast_logging_dag.py took 4.145 seconds
[2026-08-30T12:00:47.820+0000] {processor.py:161} INFO - Started process (PID=3779) to work on /opt/airflow/dags/forecast_logging_dag.py
[2026-08-30T12:00:47.822+0000] {processor.py:830} INFO - Processing file /opt/airflow/dags/forecast_logging_dag.py for tasks to queue
[2026-08-30T12:00:47.827+0000] {logging_mixin.py:188} INFO - [2026-08-30T12:00:47.826+0000] {dagbag.py:545} INFO - Filling up the DagBag from /opt/airflow/dags/forecast_logging_dag.py
[2026-08-30T12:00:51.480+0000] {processor.py:840} INFO - DAG(s) 'forecast_logging' retrieved from /opt/airflow/dags/forecast_logging_dag.py
[2026-08-30T12:00:51.587+0000] {logging_mixin.py:188} INFO - [2026-08-30T12:00:51.586+0000] {dag.py:3089} INFO - Sync 1 DAGs
[2026-08-30T12:00:51.657+0000] {logging_mixin.py:188} INFO - [2026-08-30T12:00:51.657+0000] {dag.py:3947} INFO - Setting next_dagrun for forecast_logging to 2026-08-30 00:00:00+00:00, run_after=2026-08-31 00:00:00+00:00
[2026-08-30T12:00:51.695+0000] {processor.py:183} INFO - Processing /opt/airflow/dags/forecast_logging_dag.py took 3.893 seconds
[2026-08-30T12:01:21.993+0000] {processor.py:161} INFO - Started process (PID=3824) to work on /opt/airflow/dags/forecast_logging_dag.py
[2026-08-30T12:01:21.997+0000] {processor.py:830} INFO - Processing file /opt/airflow/dags/forecast_logging_dag.py for tasks to queue
[2026-08-30T12:01:22.005+0000] {logging_mixin.py:188} INFO - [2026-08-30T12:01:22.004+0000] {dagbag.py:545} INFO - Filling up the DagBag from /opt/airflow/dags/forecast_logging_dag.py
[2026-08-30T12:01:25.693+0000] {processor.py:840} INFO - DAG(s) 'forecast_logging' retrieved from /opt/airflow/dags/forecast_logging_dag.py
[2026-08-30T12:01:25.740+0000] {logging_mixin.py:188} INFO - [2026-08-30T12:01:25.739+0000] {dag.py:3089} INFO - Sync 1 DAGs
[2026-08-30T12:01:25.782+0000] {logging_mixin.py:188} INFO - [2026-08-30T12:01:25.782+0000] {dag.py:3947} INFO - Setting next_dagrun for forecast_logging to 2026-08-30 00:00:00+00:00, run_after=2026-08-31 00:00:00+00:00
[2026-08-30T12:01:25.825+0000] {processor.py:183} INFO - Processing /opt/airflow/dags/forecast_logging_dag.py took 3.862 seconds
[2026-08-30T12:01:56.432+0000] {processor.py:161} INFO - Started process (PID=3873) to work on /opt/airflow/dags/forecast_logging_dag.py
[2026-08-30T12:01:56.435+0000] {processor.py:830} INFO - Processing file /opt/airflow/dags/forecast_logging_dag.py for tasks to queue
[2026-08-30T12:01:56.441+0000] {logging_mixin.py:188} INFO - [2026-08-30T12:01:56.440+0000] {dagbag.py:545} INFO - Filling up the DagBag from /opt/airflow/dags/forecast_logging_dag.py
[2026-08-30T12:02:01.009+0000] {processor.py:840} INFO - DAG(s) 'forecast_logging' retrieved from /opt/airflow/dags/forecast_logging_dag.py
[2026-08-30T12:02:01.178+0000] {logging_mixin.py:188} INFO - [2026-08-30T12:02:01.177+0000] {dag.py:3089} INFO - Sync 1 DAGs
[2026-08-30T12:02:01.327+0000] {logging_mixin.py:188} INFO - [2026-08-30T12:02:01.326+0000] {dag.py:3947} INFO - Setting next_dagrun for forecast_logging to 2026-08-30 00:00:00+00:00, run_after=2026-08-31 00:00:00+00:00
[2026-08-30T12:02:01.390+0000] {processor.py:183} INFO - Processing /opt/airflow/dags/forecast_logging_dag.py took 4.979 seconds
[2026-08-30T12:02:32.122+0000] {processor.py:161} INFO - Started process (PID=3918) to work on /opt/airflow/dags/forecast_logging_dag.py
[2026-08-30T12:02:32.125+0000] {processor.py:830} INFO - Processing file /opt/airflow/dags/forecast_logging_dag.py for tasks to queue
[2026-08-30T12:02:32.130+0000] {logging_mixin.py:188} INFO - [2026-08-30T12:02:32.129+0000] {dagbag.py:545} INFO - Filling up the DagBag from /opt/airflow/dags/forecast_logging_dag.py
[2026-08-30T12:02:37.006+0000] {processor.py:840} INFO - DAG(s) 'forecast_logging' retrieved from /opt/airflow/dags/forecast_logging_dag.py
[2026-08-30T12:02:37.350+0000] {logging_mixin.py:188} INFO - [2026-08-30T12:02:37.348+0000] {dag.py:3089} INFO - Sync 1 DAGs
[2026-08-30T12:02:37.436+0000] {logging_mixin.py:188} INFO - [2026-08-30T12:02:37.435+0000] {dag.py:3947} INFO - Setting next_dagrun for forecast_logging to 2026-08-30 00:00:00+00:00, run_after=2026-08-31 00:00:00+00:00
[2026-08-30T12:02:37.533+0000] {processor.py:183} INFO - Processing /opt/airflow/dags/forecast_logging_dag.py took 5.435 seconds
[2026-08-30T12:03:08.254+0000] {processor.py:161} INFO - Started process (PID=4001) to work on /opt/airflow/dags/forecast_logging_dag.py
[2026-08-30T12:03:08.260+0000] {processor.py:830} INFO - Processing file /opt/airflow/dags/forecast_logging_dag.py for tasks to queue
[2026-08-30T12:03:08.280+0000] {logging_mixin.py:188} INFO - [2026-08-30T12:03:08.275+0000] {dagbag.py:545} INFO - Filling up the DagBag from /opt/airflow/dags/forecast_logging_dag.py
[2026-08-30T12:03:14.138+0000] {processor.py:840} INFO - DAG(s) 'forecast_logging' retrieved from /opt/airflow/dags/forecast_logging_dag.py
[2026-08-30T12:03:14.340+0000] {logging_mixin.py:188} INFO - [2026-08-30T12:03:14.339+0000] {dag.py:3089} INFO - Sync 1 DAGs
[2026-08-30T12:03:14.382+0000] {logging_mixin.py:188} INFO - [2026-08-30T12:03:14.382+0000] {dag.py:3947} INFO - Setting next_dagrun for forecast_logging to 2026-08-30 00:00:00+00:00, run_after=2026-08-31 00:00:00+00:00
[2026-08-30T12:03:14.420+0000] {processor.py:183} INFO - Processing /opt/airflow/dags/forecast_logging_dag.py took 8.599 seconds
[2026-08-30T12:03:44.767+0000] {processor.py:161} INFO - Started process (PID=4035) to work on /opt/airflow/dags/forecast_logging_dag.py
[2026-08-30T12:03:44.770+0000] {processor.py:830} INFO - Processing file /opt/airflow/dags/forecast_logging_dag.py for tasks to queue
[2026-08-30T12:03:44.775+0000] {logging_mixin.py:188} INFO - [2026-08-30T12:03:44.774+0000] {dagbag.py:545} INFO - Filling up the DagBag from /opt/airflow/dags/forecast_logging_dag.py
[2026-08-30T12:03:48.513+0000] {processor.py:840} INFO - DAG(s) 'forecast_logging' retrieved from /opt/airflow/dags/forecast_logging_dag.py
[2026-08-30T12:03:48.575+0000] {logging_mixin.py:188} INFO - [2026-08-30T12:03:48.574+0000] {dag.py:3089} INFO - Sync 1 DAGs
[2026-08-30T12:03:48.631+0000] {logging_mixin.py:188} INFO - [2026-08-30T12:03:48.630+0000] {dag.py:3947} INFO - Setting next_dagrun for forecast_logging to 2026-08-30 00:00:00+00:00, run_after=2026-08-31 00:00:00+00:00
[2026-08-30T12:03:48.670+0000] {processor.py:183} INFO - Processing /opt/airflow/dags/forecast_logging_dag.py took 3.921 seconds
[2026-08-30T12:04:18.985+0000] {processor.py:161} INFO - Started process (PID=4065) to work on /opt/airflow/dags/forecast_logging_dag.py
[2026-08-30T12:04:18.987+0000] {processor.py:830} INFO - Processing file /opt/airflow/dags/forecast_logging_dag.py for tasks to queue
[2026-08-30T12:04:18.995+0000] {logging_mixin.py:188} INFO - [2026-08-30T12:04:18.994+0000] {dagbag.py:545} INFO - Filling up the DagBag from /opt/airflow/dags/forecast_logging_dag.py
[2026-08-30T12:04:22.770+0000] {processor.py:840} INFO - DAG(s) 'forecast_logging' retrieved from /opt/airflow/dags/forecast_logging_dag.py
[2026-08-30T12:04:22.822+0000] {logging_mixin.py:188} INFO - [2026-08-30T12:04:22.821+0000] {dag.py:3089} INFO - Sync 1 DAGs
[2026-08-30T12:04:22.861+0000] {logging_mixin.py:188} INFO - [2026-08-30T12:04:22.860+0000] {dag.py:3947} INFO - Setting next_dagrun for forecast_logging to 2026-08-30 00:00:00+00:00, run_after=2026-08-31 00:00:00+00:00
[2026-08-30T12:04:22.901+0000] {processor.py:183} INFO - Processing /opt/airflow/dags/forecast_logging_dag.py took 3.937 seconds
[2026-08-30T12:53:42.954+0000] {processor.py:161} INFO - Started process (PID=4098) to work on /opt/airflow/dags/forecast_logging_dag.py
[2026-08-30T12:53:43.007+0000] {processor.py:830} INFO - Processing file /opt/airflow/dags/forecast_logging_dag.py for tasks to queue
[2026-08-30T12:53:43.011+0000] {logging_mixin.py:188} INFO - [2026-08-30T12:53:43.010+0000] {dagbag.py:545} INFO - Filling up the DagBag from /opt/airflow/dags/forecast_logging_dag.py
[2026-08-30T12:53:48.271+0000] {processor.py:840} INFO - DAG(s) 'forecast_logging' retrieved from /opt/airflow/dags/forecast_logging_dag.py
[2026-08-30T12:53:49.112+0000] {logging_mixin.py:188} INFO - [2026-08-30T12:53:49.111+0000] {dag.py:3089} INFO - Sync 1 DAGs
[2026-08-30T12:53:49.237+0000] {logging_mixin.py:188} INFO - [2026-08-30T12:53:49.237+0000] {dag.py:3947} INFO - Setting next_dagrun for forecast_logging to 2026-08-30 00:00:00+00:00, run_after=2026-08-31 00:00:00+00:00
[2026-08-30T12:53:49.334+0000] {processor.py:183} INFO - Processing /opt/airflow/dags/forecast_logging_dag.py took 6.426 seconds
[2026-08-30T12:54:19.971+0000] {processor.py:161} INFO - Started process (PID=4129) to work on /opt/airflow/dags/forecast_logging_dag.py
[2026-08-30T12:54:20.002+0000] {processor.py:830} INFO - Processing file /opt/airflow/dags/forecast_logging_dag.py for tasks to queue
[2026-08-30T12:54:20.012+0000] {logging_mixin.py:188} INFO - [2026-08-30T12:54:20.010+0000] {dagbag.py:545} INFO - Filling up the DagBag from /opt/airflow/dags/forecast_logging_dag.py
[2026-08-30T12:54:24.757+0000] {processor.py:840} INFO - DAG(s) 'forecast_logging' retrieved from /opt/airflow/dags/forecast_logging_dag.py
[2026-08-30T12:54:24.833+0000] {logging_mixin.py:188} INFO - [2026-08-30T12:54:24.832+0000] {dag.py:3089} INFO - Sync 1 DAGs
[2026-08-30T12:54:24.876+0000] {logging_mixin.py:188} INFO - [2026-08-30T12:54:24.876+0000] {dag.py:3947} INFO - Setting next_dagrun for forecast_logging to 2026-08-30 00:00:00+00:00, run_after=2026-08-31 00:00:00+00:00
[2026-08-30T12:54:24.905+0000] {processor.py:183} INFO - Processing /opt/airflow/dags/forecast_logging_dag.py took 4.968 seconds
[2026-08-30T12:54:55.204+0000] {processor.py:161} INFO - Started process (PID=4161) to work on /opt/airflow/dags/forecast_logging_dag.py
[2026-08-30T12:54:55.206+0000] {processor.py:830} INFO - Processing file /opt/airflow/dags/forecast_logging_dag.py for tasks to queue
[2026-08-30T12:54:55.211+0000] {logging_mixin.py:188} INFO - [2026-08-30T12:54:55.211+0000] {dagbag.py:545} INFO - Filling up the DagBag from /opt/airflow/dags/forecast_logging_dag.py
[2026-08-30T12:54:57.851+0000] {processor.py:840} INFO - DAG(s) 'forecast_logging' retrieved from /opt/airflow/dags/forecast_logging_dag.py
[2026-08-30T12:54:57.890+0000] {logging_mixin.py:188} INFO - [2026-08-30T12:54:57.889+0000] {dag.py:3089} INFO - Sync 1 DAGs
[2026-08-30T12:54:57.918+0000] {logging_mixin.py:188} INFO - [2026-08-30T12:54:57.917+0000] {dag.py:3947} INFO - Setting next_dagrun for forecast_logging to 2026-08-30 00:00:00+00:00, run_after=2026-08-31 00:00:00+00:00
[2026-08-30T12:54:57.946+0000] {processor.py:183} INFO - Processing /opt/airflow/dags/forecast_logging_dag.py took 2.758 seconds
[2026-08-30T12:55:28.253+0000] {processor.py:161} INFO - Started process (PID=4191) to work on /opt/airflow/dags/forecast_logging_dag.py
[2026-08-30T12:55:28.256+0000] {processor.py:830} INFO - Processing file /opt/airflow/dags/forecast_logging_dag.py for tasks to queue
[2026-08-30T12:55:28.262+0000] {logging_mixin.py:188} INFO - [2026-08-30T12:55:28.261+0000] {dagbag.py:545} INFO - Filling up the DagBag from /opt/airflow/dags/forecast_logging_dag.py
[2026-08-30T12:55:32.178+0000] {processor.py:840} INFO - DAG(s) 'forecast_logging' retrieved from /opt/airflow/dags/forecast_logging_dag.py
[2026-08-30T12:55:32.221+0000] {logging_mixin.py:188} INFO - [2026-08-30T12:55:32.221+0000] {dag.py:3089} INFO - Sync 1 DAGs
[2026-08-30T12:55:32.261+0000] {logging_mixin.py:188} INFO - [2026-08-30T12:55:32.260+0000] {dag.py:3947} INFO - Setting next_dagrun for forecast_logging to 2026-08-30 00:00:00+00:00, run_after=2026-08-31 00:00:00+00:00
[2026-08-30T12:55:32.298+0000] {processor.py:183} INFO - Processing /opt/airflow/dags/forecast_logging_dag.py took 4.065 seconds
[2026-08-30T12:56:02.783+0000] {processor.py:161} INFO - Started process (PID=4221) to work on /opt/airflow/dags/forecast_logging_dag.py
[2026-08-30T12:56:02.786+0000] {processor.py:830} INFO - Processing file /opt/airflow/dags/forecast_logging_dag.py for tasks to queue
[2026-08-30T12:56:02.791+0000] {logging_mixin.py:188} INFO - [2026-08-30T12:56:02.790+0000] {dagbag.py:545} INFO - Filling up the DagBag from /opt/airflow/dags/forecast_logging_dag.py
[2026-08-30T12:56:06.175+0000] {processor.py:840} INFO - DAG(s) 'forecast_logging' retrieved from /opt/airflow/dags/forecast_logging_dag.py
[2026-08-30T12:56:06.222+0000] {logging_mixin.py:188} INFO - [2026-08-30T12:56:06.222+0000] {dag.py:3089} INFO - Sync 1 DAGs
[2026-08-30T12:56:06.258+0000] {logging_mixin.py:188} INFO - [2026-08-30T12:56:06.257+0000] {dag.py:3947} INFO - Setting next_dagrun for forecast_logging to 2026-08-30 00:00:00+00:00, run_after=2026-08-31 00:00:00+00:00
[2026-08-30T12:56:06.297+0000] {processor.py:183} INFO - Processing /opt/airflow/dags/forecast_logging_dag.py took 3.533 seconds
[2026-08-30T12:56:36.952+0000] {processor.py:161} INFO - Started process (PID=4251) to work on /opt/airflow/dags/forecast_logging_dag.py
[2026-08-30T12:56:36.955+0000] {processor.py:830} INFO - Processing file /opt/airflow/dags/forecast_logging_dag.py for tasks to queue
[2026-08-30T12:56:36.959+0000] {logging_mixin.py:188} INFO - [2026-08-30T12:56:36.958+0000] {dagbag.py:545} INFO - Filling up the DagBag from /opt/airflow/dags/forecast_logging_dag.py
[2026-08-30T12:56:40.619+0000] {processor.py:840} INFO - DAG(s) 'forecast_logging' retrieved from /opt/airflow/dags/forecast_logging_dag.py
[2026-08-30T12:56:40.664+0000] {logging_mixin.py:188} INFO - [2026-08-30T12:56:40.663+0000] {dag.py:3089} INFO - Sync 1 DAGs
[2026-08-30T12:56:40.702+0000] {logging_mixin.py:188} INFO - [2026-08-30T12:56:40.702+0000] {dag.py:3947} INFO - Setting next_dagrun for forecast_logging to 2026-08-30 00:00:00+00:00, run_after=2026-08-31 00:00:00+00:00
[2026-08-30T12:56:40.739+0000] {processor.py:183} INFO - Processing /opt/airflow/dags/forecast_logging_dag.py took 3.802 seconds
[2026-08-30T12:57:11.347+0000] {processor.py:161} INFO - Started process (PID=4281) to work on /opt/airflow/dags/forecast_logging_dag.py
[2026-08-30T12:57:11.350+0000] {processor.py:830} INFO - Processing file /opt/airflow/dags/forecast_logging_dag.py for tasks to queue
[2026-08-30T12:57:11.354+0000] {logging_mixin.py:188} INFO - [2026-08-30T12:57:11.354+0000] {dagbag.py:545} INFO - Filling up the DagBag from /opt/airflow/dags/forecast_logging_dag.py
[2026-08-30T12:57:14.748+0000] {processor.py:840} INFO - DAG(s) 'forecast_logging' retrieved from /opt/airflow/dags/forecast_logging_dag.py
[2026-08-30T12:57:14.796+0000] {logging_mixin.py:188} INFO - [2026-08-30T12:57:14.795+0000] {dag.py:3089} INFO - Sync 1 DAGs
[2026-08-30T12:57:14.832+0000] {logging_mixin.py:188} INFO - [2026-08-30T12:57:14.832+0000] {dag.py:3947} INFO - Setting next_dagrun for forecast_logging to 2026-08-30 00:00:00+00:00, run_after=2026-08-31 00:00:00+00:00
[2026-08-30T12:57:14.865+0000] {processor.py:183} INFO - Processing /opt/airflow/dags/forecast_logging_dag.py took 3.537 seconds
[2026-08-30T12:57:45.356+0000] {processor.py:161} INFO - Started process (PID=4311) to work on /opt/airflow/dags/forecast_logging_dag.py
[2026-08-30T12:57:45.358+0000] {processor.py:830} INFO - Processing file /opt/airflow/dags/forecast_logging_dag.py for tasks to queue
[2026-08-30T12:57:45.363+0000] {logging_mixin.py:188} INFO - [2026-08-30T12:57:45.362+0000] {dagbag.py:545} INFO - Filling up the DagBag from /opt/airflow/dags/forecast_logging_dag.py
[2026-08-30T12:59:42.886+0000] {processor.py:161} INFO - Started process (PID=4339) to work on /opt/airflow/dags/forecast_logging_dag.py
[2026-08-30T12:59:42.887+0000] {processor.py:830} INFO - Processing file /opt/airflow/dags/forecast_logging_dag.py for tasks to queue
[2026-08-30T12:59:42.896+0000] {logging_mixin.py:188} INFO - [2026-08-30T12:59:42.895+0000] {dagbag.py:545} INFO - Filling up the DagBag from /opt/airflow/dags/forecast_logging_dag.py
[2026-08-30T12:59:44.977+0000] {processor.py:840} INFO - DAG(s) 'forecast_logging' retrieved from /opt/airflow/dags/forecast_logging_dag.py
[2026-08-30T12:59:44.999+0000] {logging_mixin.py:188} INFO - [2026-08-30T12:59:44.999+0000] {dag.py:3089} INFO - Sync 1 DAGs
[2026-08-30T12:59:45.015+0000] {logging_mixin.py:188} INFO - [2026-08-30T12:59:45.014+0000] {dag.py:3947} INFO - Setting next_dagrun for forecast_logging to 2026-08-30 00:00:00+00:00, run_after=2026-08-31 00:00:00+00:00
[2026-08-30T12:59:45.030+0000] {processor.py:183} INFO - Processing /opt/airflow/dags/forecast_logging_dag.py took 2.173 seconds
[2026-08-30T13:00:15.378+0000] {processor.py:161} INFO - Started process (PID=4372) to work on /opt/airflow/dags/forecast_logging_dag.py
[2026-08-30T13:00:15.380+0000] {processor.py:830} INFO - Processing file /opt/airflow/dags/forecast_logging_dag.py for tasks to queue
[2026-08-30T13:00:15.383+0000] {logging_mixin.py:188} INFO - [2026-08-30T13:00:15.383+0000] {dagbag.py:545} INFO - Filling up the DagBag from /opt/airflow/dags/forecast_logging_dag.py
[2026-08-30T13:00:17.012+0000] {processor.py:840} INFO - DAG(s) 'forecast_logging' retrieved from /opt/airflow/dags/forecast_logging_dag.py
[2026-08-30T13:00:17.034+0000] {logging_mixin.py:188} INFO - [2026-08-30T13:00:17.034+0000] {dag.py:3089} INFO - Sync 1 DAGs
[2026-08-30T13:00:17.050+0000] {logging_mixin.py:188} INFO - [2026-08-30T13:00:17.050+0000] {dag.py:3947} INFO - Setting next_dagrun for forecast_logging to 2026-08-30 00:00:00+00:00, run_after=2026-08-31 00:00:00+00:00
[2026-08-30T13:00:17.068+0000] {processor.py:183} INFO - Processing /opt/airflow/dags/forecast_logging_dag.py took 1.699 seconds
[2026-08-30T13:00:47.368+0000] {processor.py:161} INFO - Started process (PID=4402) to work on /opt/airflow/dags/forecast_logging_dag.py
[2026-08-30T13:00:47.373+0000] {processor.py:830} INFO - Processing file /opt/airflow/dags/forecast_logging_dag.py for tasks to queue
[2026-08-30T13:00:47.381+0000] {logging_mixin.py:188} INFO - [2026-08-30T13:00:47.380+0000] {dagbag.py:545} INFO - Filling up the DagBag from /opt/airflow/dags/forecast_logging_dag.py
[2026-08-30T13:00:49.216+0000] {processor.py:840} INFO - DAG(s) 'forecast_logging' retrieved from /opt/airflow/dags/forecast_logging_dag.py
[2026-08-30T13:00:49.244+0000] {logging_mixin.py:188} INFO - [2026-08-30T13:00:49.244+0000] {dag.py:3089} INFO - Sync 1 DAGs
[2026-08-30T13:00:49.265+0000] {logging_mixin.py:188} INFO - [2026-08-30T13:00:49.265+0000] {dag.py:3947} INFO - Setting next_dagrun for forecast_logging to 2026-08-30 00:00:00+00:00, run_after=2026-08-31 00:00:00+00:00
[2026-08-30T13:00:49.281+0000] {processor.py:183} INFO - Processing /opt/airflow/dags/forecast_logging_dag.py took 1.927 seconds
[2026-08-30T13:01:19.624+0000] {processor.py:161} INFO - Started process (PID=4432) to work on /opt/airflow/dags/forecast_logging_dag.py
[2026-08-30T13:01:19.626+0000] {processor.py:830} INFO - Processing file /opt/airflow/dags/forecast_logging_dag.py for tasks to queue
[2026-08-30T13:01:19.630+0000] {logging_mixin.py:188} INFO - [2026-08-30T13:01:19.629+0000] {dagbag.py:545} INFO - Filling up the DagBag from /opt/airflow/dags/forecast_logging_dag.py
[2026-08-30T13:01:21.276+0000] {processor.py:840} INFO - DAG(s) 'forecast_logging' retrieved from /opt/airflow/dags/forecast_logging_dag.py
[2026-08-30T13:01:21.302+0000] {logging_mixin.py:188} INFO - [2026-08-30T13:01:21.301+0000] {dag.py:3089} INFO - Sync 1 DAGs
[2026-08-30T13:01:21.322+0000] {logging_mixin.py:188} INFO - [2026-08-30T13:01:21.322+0000] {dag.py:3947} INFO - Setting next_dagrun for forecast_logging to 2026-08-30 00:00:00+00:00, run_after=2026-08-31 00:00:00+00:00
[2026-08-30T13:01:21.338+0000] {processor.py:183} INFO - Processing /opt/airflow/dags/forecast_logging_dag.py took 1.726 seconds
[2026-08-30T13:01:51.492+0000] {processor.py:161} INFO - Started process (PID=4462) to work on /opt/airflow/dags/forecast_logging_dag.py
[2026-08-30T13:01:51.494+0000] {processor.py:830} INFO - Processing file /opt/airflow/dags/forecast_logging_dag.py for tasks to queue
[2026-08-30T13:01:51.496+0000] {logging_mixin.py:188} INFO - [2026-08-30T13:01:51.495+0000] {dagbag.py:545} INFO - Filling up the DagBag from /opt/airflow/dags/forecast_logging_dag.py
[2026-08-30T13:01:53.098+0000] {processor.py:840} INFO - DAG(s) 'forecast_logging' retrieved from /opt/airflow/dags/forecast_logging_dag.py
[2026-08-30T13:01:53.121+0000] {logging_mixin.py:188} INFO - [2026-08-30T13:01:53.121+0000] {dag.py:3089} INFO - Sync 1 DAGs
[2026-08-30T13:01:53.139+0000] {logging_mixin.py:188} INFO - [2026-08-30T13:01:53.138+0000] {dag.py:3947} INFO - Setting next_dagrun for forecast_logging to 2026-08-30 00:00:00+00:00, run_after=2026-08-31 00:00:00+00:00
[2026-08-30T13:01:53.153+0000] {processor.py:183} INFO - Processing /opt/airflow/dags/forecast_logging_dag.py took 1.669 seconds
[2026-08-30T13:02:23.801+0000] {processor.py:161} INFO - Started process (PID=4492) to work on /opt/airflow/dags/forecast_logging_dag.py
[2026-08-30T13:02:23.802+0000] {processor.py:830} INFO - Processing file /opt/airflow/dags/forecast_logging_dag.py for tasks to queue
[2026-08-30T13:02:23.804+0000] {logging_mixin.py:188} INFO - [2026-08-30T13:02:23.804+0000] {dagbag.py:545} INFO - Filling up the DagBag from /opt/airflow/dags/forecast_logging_dag.py
[2026-08-30T13:02:25.473+0000] {processor.py:840} INFO - DAG(s) 'forecast_logging' retrieved from /opt/airflow/dags/forecast_logging_dag.py
[2026-08-30T13:02:25.499+0000] {logging_mixin.py:188} INFO - [2026-08-30T13:02:25.499+0000] {dag.py:3089} INFO - Sync 1 DAGs
[2026-08-30T13:02:25.518+0000] {logging_mixin.py:188} INFO - [2026-08-30T13:02:25.518+0000] {dag.py:3947} INFO - Setting next_dagrun for forecast_logging to 2026-08-30 00:00:00+00:00, run_after=2026-08-31 00:00:00+00:00
[2026-08-30T13:02:25.561+0000] {processor.py:183} INFO - Processing /opt/airflow/dags/forecast_logging_dag.py took 1.766 seconds
[2026-08-30T13:02:55.685+0000] {processor.py:161} INFO - Started process (PID=4522) to work on /opt/airflow/dags/forecast_logging_dag.py
[2026-08-30T13:02:55.686+0000] {processor.py:830} INFO - Processing file /opt/airflow/dags/forecast_logging_dag.py for tasks to queue
[2026-08-30T13:02:55.687+0000] {logging_mixin.py:188} INFO - [2026-08-30T13:02:55.687+0000] {dagbag.py:545} INFO - Filling up the DagBag from /opt/airflow/dags/forecast_logging_dag.py
[2026-08-30T13:02:57.118+0000] {processor.py:840} INFO - DAG(s) 'forecast_logging' retrieved from /opt/airflow/dags/forecast_logging_dag.py
[2026-08-30T13:02:57.150+0000] {logging_mixin.py:188} INFO - [2026-08-30T13:02:57.149+0000] {dag.py:3089} INFO - Sync 1 DAGs
[2026-08-30T13:02:57.171+0000] {logging_mixin.py:188} INFO - [2026-08-30T13:02:57.171+0000] {dag.py:3947} INFO - Setting next_dagrun for forecast_logging to 2026-08-30 00:00:00+00:00, run_after=2026-08-31 00:00:00+00:00
[2026-08-30T13:02:57.189+0000] {processor.py:183} INFO - Processing /opt/airflow/dags/forecast_logging_dag.py took 1.512 seconds
[2026-08-30T13:03:27.979+0000] {processor.py:161} INFO - Started process (PID=4552) to work on /opt/airflow/dags/forecast_logging_dag.py
[2026-08-30T13:03:27.981+0000] {processor.py:830} INFO - Processing file /opt/airflow/dags/forecast_logging_dag.py for tasks to queue
[2026-08-30T13:03:27.983+0000] {logging_mixin.py:188} INFO - [2026-08-30T13:03:27.982+0000] {dagbag.py:545} INFO - Filling up the DagBag from /opt/airflow/dags/forecast_logging_dag.py
[2026-08-30T13:03:29.440+0000] {processor.py:840} INFO - DAG(s) 'forecast_logging' retrieved from /opt/airflow/dags/forecast_logging_dag.py
[2026-08-30T13:03:29.462+0000] {logging_mixin.py:188} INFO - [2026-08-30T13:03:29.461+0000] {dag.py:3089} INFO - Sync 1 DAGs
[2026-08-30T13:03:29.478+0000] {logging_mixin.py:188} INFO - [2026-08-30T13:03:29.478+0000] {dag.py:3947} INFO - Setting next_dagrun for forecast_logging to 2026-08-30 00:00:00+00:00, run_after=2026-08-31 00:00:00+00:00
[2026-08-30T13:03:29.493+0000] {processor.py:183} INFO - Processing /opt/airflow/dags/forecast_logging_dag.py took 1.522 seconds
[2026-08-30T13:04:00.491+0000] {processor.py:161} INFO - Started process (PID=4582) to work on /opt/airflow/dags/forecast_logging_dag.py
[2026-08-30T13:04:00.493+0000] {processor.py:830} INFO - Processing file /opt/airflow/dags/forecast_logging_dag.py for tasks to queue
[2026-08-30T13:04:00.495+0000] {logging_mixin.py:188} INFO - [2026-08-30T13:04:00.494+0000] {dagbag.py:545} INFO - Filling up the DagBag from /opt/airflow/dags/forecast_logging_dag.py
[2026-08-30T13:04:01.961+0000] {processor.py:840} INFO - DAG(s) 'forecast_logging' retrieved from /opt/airflow/dags/forecast_logging_dag.py
[2026-08-30T13:04:01.984+0000] {logging_mixin.py:188} INFO - [2026-08-30T13:04:01.983+0000] {dag.py:3089} INFO - Sync 1 DAGs
[2026-08-30T13:04:02.001+0000] {logging_mixin.py:188} INFO - [2026-08-30T13:04:02.001+0000] {dag.py:3947} INFO - Setting next_dagrun for forecast_logging to 2026-08-30 00:00:00+00:00, run_after=2026-08-31 00:00:00+00:00
[2026-08-30T13:04:02.017+0000] {processor.py:183} INFO - Processing /opt/airflow/dags/forecast_logging_dag.py took 1.532 seconds
[2026-08-30T13:04:32.662+0000] {processor.py:161} INFO - Started process (PID=4612) to work on /opt/airflow/dags/forecast_logging_dag.py
[2026-08-30T13:04:32.663+0000] {processor.py:830} INFO - Processing file /opt/airflow/dags/forecast_logging_dag.py for tasks to queue
[2026-08-30T13:04:32.666+0000] {logging_mixin.py:188} INFO - [2026-08-30T13:04:32.666+0000] {dagbag.py:545} INFO - Filling up the DagBag from /opt/airflow/dags/forecast_logging_dag.py
[2026-08-30T13:04:34.175+0000] {processor.py:840} INFO - DAG(s) 'forecast_logging' retrieved from /opt/airflow/dags/forecast_logging_dag.py
[2026-08-30T13:04:34.197+0000] {logging_mixin.py:188} INFO - [2026-08-30T13:04:34.197+0000] {dag.py:3089} INFO - Sync 1 DAGs
[2026-08-30T13:04:34.214+0000] {logging_mixin.py:188} INFO - [2026-08-30T13:04:34.214+0000] {dag.py:3947} INFO - Setting next_dagrun for forecast_logging to 2026-08-30 00:00:00+00:00, run_after=2026-08-31 00:00:00+00:00
[2026-08-30T13:04:34.228+0000] {processor.py:183} INFO - Processing /opt/airflow/dags/forecast_logging_dag.py took 1.575 seconds
[2026-08-30T13:05:04.931+0000] {processor.py:161} INFO - Started process (PID=4642) to work on /opt/airflow/dags/forecast_logging_dag.py
[2026-08-30T13:05:04.932+0000] {processor.py:830} INFO - Processing file /opt/airflow/dags/forecast_logging_dag.py for tasks to queue
[2026-08-30T13:05:04.934+0000] {logging_mixin.py:188} INFO - [2026-08-30T13:05:04.933+0000] {dagbag.py:545} INFO - Filling up the DagBag from /opt/airflow/dags/forecast_logging_dag.py
[2026-08-30T13:05:06.406+0000] {processor.py:840} INFO - DAG(s) 'forecast_logging' retrieved from /opt/airflow/dags/forecast_logging_dag.py
[2026-08-30T13:05:06.431+0000] {logging_mixin.py:188} INFO - [2026-08-30T13:05:06.430+0000] {dag.py:3089} INFO - Sync 1 DAGs
[2026-08-30T13:05:06.449+0000] {logging_mixin.py:188} INFO - [2026-08-30T13:05:06.449+0000] {dag.py:3947} INFO - Setting next_dagrun for forecast_logging to 2026-08-30 00:00:00+00:00, run_after=2026-08-31 00:00:00+00:00
[2026-08-30T13:05:06.465+0000] {processor.py:183} INFO - Processing /opt/airflow/dags/forecast_logging_dag.py took 1.540 seconds
[2026-08-30T13:05:36.624+0000] {processor.py:161} INFO - Started process (PID=4672) to work on /opt/airflow/dags/forecast_logging_dag.py
[2026-08-30T13:05:36.625+0000] {processor.py:830} INFO - Processing file /opt/airflow/dags/forecast_logging_dag.py for tasks to queue
[2026-08-30T13:05:36.627+0000] {logging_mixin.py:188} INFO - [2026-08-30T13:05:36.627+0000] {dagbag.py:545} INFO - Filling up the DagBag from /opt/airflow/dags/forecast_logging_dag.py
[2026-08-30T13:05:38.130+0000] {processor.py:840} INFO - DAG(s) 'forecast_logging' retrieved from /opt/airflow/dags/forecast_logging_dag.py
[2026-08-30T13:05:38.151+0000] {logging_mixin.py:188} INFO - [2026-08-30T13:05:38.151+0000] {dag.py:3089} INFO - Sync 1 DAGs
[2026-08-30T13:05:38.167+0000] {logging_mixin.py:188} INFO - [2026-08-30T13:05:38.167+0000] {dag.py:3947} INFO - Setting next_dagrun for forecast_logging to 2026-08-30 00:00:00+00:00, run_after=2026-08-31 00:00:00+00:00
[2026-08-30T13:05:38.182+0000] {processor.py:183} INFO - Processing /opt/airflow/dags/forecast_logging_dag.py took 1.567 seconds
[2026-08-30T13:06:08.492+0000] {processor.py:161} INFO - Started process (PID=4706) to work on /opt/airflow/dags/forecast_logging_dag.py
[2026-08-30T13:06:08.493+0000] {processor.py:830} INFO - Processing file /opt/airflow/dags/forecast_logging_dag.py for tasks to queue
[2026-08-30T13:06:08.496+0000] {logging_mixin.py:188} INFO - [2026-08-30T13:06:08.495+0000] {dagbag.py:545} INFO - Filling up the DagBag from /opt/airflow/dags/forecast_logging_dag.py
[2026-08-30T13:06:09.990+0000] {processor.py:840} INFO - DAG(s) 'forecast_logging' retrieved from /opt/airflow/dags/forecast_logging_dag.py
[2026-08-30T13:06:10.010+0000] {logging_mixin.py:188} INFO - [2026-08-30T13:06:10.009+0000] {dag.py:3089} INFO - Sync 1 DAGs
[2026-08-30T13:06:10.026+0000] {logging_mixin.py:188} INFO - [2026-08-30T13:06:10.026+0000] {dag.py:3947} INFO - Setting next_dagrun for forecast_logging to 2026-08-30 00:00:00+00:00, run_after=2026-08-31 00:00:00+00:00
[2026-08-30T13:06:10.041+0000] {processor.py:183} INFO - Processing /opt/airflow/dags/forecast_logging_dag.py took 1.558 seconds
[2026-08-30T13:06:40.364+0000] {processor.py:161} INFO - Started process (PID=4738) to work on /opt/airflow/dags/forecast_logging_dag.py
[2026-08-30T13:06:40.364+0000] {processor.py:830} INFO - Processing file /opt/airflow/dags/forecast_logging_dag.py for tasks to queue
[2026-08-30T13:06:40.366+0000] {logging_mixin.py:188} INFO - [2026-08-30T13:06:40.366+0000] {dagbag.py:545} INFO - Filling up the DagBag from /opt/airflow/dags/forecast_logging_dag.py
[2026-08-30T13:06:41.852+0000] {processor.py:840} INFO - DAG(s) 'forecast_logging' retrieved from /opt/airflow/dags/forecast_logging_dag.py
[2026-08-30T13:06:41.871+0000] {logging_mixin.py:188} INFO - [2026-08-30T13:06:41.871+0000] {dag.py:3089} INFO - Sync 1 DAGs
[2026-08-30T13:06:41.888+0000] {logging_mixin.py:188} INFO - [2026-08-30T13:06:41.887+0000] {dag.py:3947} INFO - Setting next_dagrun for forecast_logging to 2026-08-30 00:00:00+00:00, run_after=2026-08-31 00:00:00+00:00
[2026-08-30T13:06:41.904+0000] {processor.py:183} INFO - Processing /opt/airflow/dags/forecast_logging_dag.py took 1.548 seconds
[2026-08-30T13:07:12.196+0000] {processor.py:161} INFO - Started process (PID=4772) to work on /opt/airflow/dags/forecast_logging_dag.py
[2026-08-30T13:07:12.197+0000] {processor.py:830} INFO - Processing file /opt/airflow/dags/forecast_logging_dag.py for tasks to queue
[2026-08-30T13:07:12.199+0000] {logging_mixin.py:188} INFO - [2026-08-30T13:07:12.199+0000] {dagbag.py:545} INFO - Filling up the DagBag from /opt/airflow/dags/forecast_logging_dag.py
[2026-08-30T13:07:13.615+0000] {processor.py:840} INFO - DAG(s) 'forecast_logging' retrieved from /opt/airflow/dags/forecast_logging_dag.py
[2026-08-30T13:07:13.638+0000] {logging_mixin.py:188} INFO - [2026-08-30T13:07:13.638+0000] {dag.py:3089} INFO - Sync 1 DAGs
[2026-08-30T13:07:13.656+0000] {logging_mixin.py:188} INFO - [2026-08-30T13:07:13.656+0000] {dag.py:3947} INFO - Setting next_dagrun for forecast_logging to 2026-08-30 00:00:00+00:00, run_after=2026-08-31 00:00:00+00:00
[2026-08-30T13:07:13.671+0000] {processor.py:183} INFO - Processing /opt/airflow/dags/forecast_logging_dag.py took 1.482 seconds
[2026-08-30T13:07:43.960+0000] {processor.py:161} INFO - Started process (PID=4804) to work on /opt/airflow/dags/forecast_logging_dag.py
[2026-08-30T13:07:43.961+0000] {processor.py:830} INFO - Processing file /opt/airflow/dags/forecast_logging_dag.py for tasks to queue
[2026-08-30T13:07:43.964+0000] {logging_mixin.py:188} INFO - [2026-08-30T13:07:43.964+0000] {dagbag.py:545} INFO - Filling up the DagBag from /opt/airflow/dags/forecast_logging_dag.py
[2026-08-30T13:07:45.331+0000] {processor.py:840} INFO - DAG(s) 'forecast_logging' retrieved from /opt/airflow/dags/forecast_logging_dag.py
[2026-08-30T13:07:45.353+0000] {logging_mixin.py:188} INFO - [2026-08-30T13:07:45.353+0000] {dag.py:3089} INFO - Sync 1 DAGs
[2026-08-30T13:07:45.370+0000] {logging_mixin.py:188} INFO - [2026-08-30T13:07:45.370+0000] {dag.py:3947} INFO - Setting next_dagrun for forecast_logging to 2026-08-30 00:00:00+00:00, run_after=2026-08-31 00:00:00+00:00
[2026-08-30T13:07:45.385+0000] {processor.py:183} INFO - Processing /opt/airflow/dags/forecast_logging_dag.py took 1.431 seconds
[2026-08-30T13:08:15.673+0000] {processor.py:161} INFO - Started process (PID=4834) to work on /opt/airflow/dags/forecast_logging_dag.py
[2026-08-30T13:08:15.674+0000] {processor.py:830} INFO - Processing file /opt/airflow/dags/forecast_logging_dag.py for tasks to queue
[2026-08-30T13:08:15.677+0000] {logging_mixin.py:188} INFO - [2026-08-30T13:08:15.676+0000] {dagbag.py:545} INFO - Filling up the DagBag from /opt/airflow/dags/forecast_logging_dag.py
[2026-08-30T13:08:17.098+0000] {processor.py:840} INFO - DAG(s) 'forecast_logging' retrieved from /opt/airflow/dags/forecast_logging_dag.py
[2026-08-30T13:08:17.119+0000] {logging_mixin.py:188} INFO - [2026-08-30T13:08:17.118+0000] {dag.py:3089} INFO - Sync 1 DAGs
[2026-08-30T13:08:17.134+0000] {logging_mixin.py:188} INFO - [2026-08-30T13:08:17.133+0000] {dag.py:3947} INFO - Setting next_dagrun for forecast_logging to 2026-08-30 00:00:00+00:00, run_after=2026-08-31 00:00:00+00:00
[2026-08-30T13:08:17.147+0000] {processor.py:183} INFO - Processing /opt/airflow/dags/forecast_logging_dag.py took 1.481 seconds
[2026-08-30T13:08:47.453+0000] {processor.py:161} INFO - Started process (PID=4864) to work on /opt/airflow/dags/forecast_logging_dag.py
[2026-08-30T13:08:47.454+0000] {processor.py:830} INFO - Processing file /opt/airflow/dags/forecast_logging_dag.py for tasks to queue
[2026-08-30T13:08:47.455+0000] {logging_mixin.py:188} INFO - [2026-08-30T13:08:47.455+0000] {dagbag.py:545} INFO - Filling up the DagBag from /opt/airflow/dags/forecast_logging_dag.py
[2026-08-30T13:08:48.864+0000] {processor.py:840} INFO - DAG(s) 'forecast_logging' retrieved from /opt/airflow/dags/forecast_logging_dag.py
[2026-08-30T13:08:48.885+0000] {logging_mixin.py:188} INFO - [2026-08-30T13:08:48.884+0000] {dag.py:3089} INFO - Sync 1 DAGs
[2026-08-30T13:08:48.901+0000] {logging_mixin.py:188} INFO - [2026-08-30T13:08:48.901+0000] {dag.py:3947} INFO - Setting next_dagrun for forecast_logging to 2026-08-30 00:00:00+00:00, run_after=2026-08-31 00:00:00+00:00
[2026-08-30T13:08:48.916+0000] {processor.py:183} INFO - Processing /opt/airflow/dags/forecast_logging_dag.py took 1.471 seconds
[2026-08-30T13:09:19.028+0000] {processor.py:161} INFO - Started process (PID=4894) to work on /opt/airflow/dags/forecast_logging_dag.py
[2026-08-30T13:09:19.029+0000] {processor.py:830} INFO - Processing file /opt/airflow/dags/forecast_logging_dag.py for tasks to queue
[2026-08-30T13:09:19.031+0000] {logging_mixin.py:188} INFO - [2026-08-30T13:09:19.031+0000] {dagbag.py:545} INFO - Filling up the DagBag from /opt/airflow/dags/forecast_logging_dag.py
[2026-08-30T13:09:20.433+0000] {processor.py:840} INFO - DAG(s) 'forecast_logging' retrieved from /opt/airflow/dags/forecast_logging_dag.py
[2026-08-30T13:09:20.455+0000] {logging_mixin.py:188} INFO - [2026-08-30T13:09:20.454+0000] {dag.py:3089} INFO - Sync 1 DAGs
[2026-08-30T13:09:20.471+0000] {logging_mixin.py:188} INFO - [2026-08-30T13:09:20.471+0000] {dag.py:3947} INFO - Setting next_dagrun for forecast_logging to 2026-08-30 00:00:00+00:00, run_after=2026-08-31 00:00:00+00:00
[2026-08-30T13:09:20.487+0000] {processor.py:183} INFO - Processing /opt/airflow/dags/forecast_logging_dag.py took 1.465 seconds
[2026-08-30T13:09:51.089+0000] {processor.py:161} INFO - Started process (PID=4924) to work on /opt/airflow/dags/forecast_logging_dag.py
[2026-08-30T13:09:51.090+0000] {processor.py:830} INFO - Processing file /opt/airflow/dags/forecast_logging_dag.py for tasks to queue
[2026-08-30T13:09:51.092+0000] {logging_mixin.py:188} INFO - [2026-08-30T13:09:51.092+0000] {dagbag.py:545} INFO - Filling up the DagBag from /opt/airflow/dags/forecast_logging_dag.py
[2026-08-30T13:09:52.548+0000] {processor.py:840} INFO - DAG(s) 'forecast_logging' retrieved from /opt/airflow/dags/forecast_logging_dag.py
[2026-08-30T13:09:52.569+0000] {logging_mixin.py:188} INFO - [2026-08-30T13:09:52.569+0000] {dag.py:3089} INFO - Sync 1 DAGs
[2026-08-30T13:09:52.587+0000] {logging_mixin.py:188} INFO - [2026-08-30T13:09:52.587+0000] {dag.py:3947} INFO - Setting next_dagrun for forecast_logging to 2026-08-30 00:00:00+00:00, run_after=2026-08-31 00:00:00+00:00
[2026-08-30T13:09:52.602+0000] {processor.py:183} INFO - Processing /opt/airflow/dags/forecast_logging_dag.py took 1.519 seconds
[2026-08-30T13:10:22.902+0000] {processor.py:161} INFO - Started process (PID=4954) to work on /opt/airflow/dags/forecast_logging_dag.py
[2026-08-30T13:10:22.905+0000] {processor.py:830} INFO - Processing file /opt/airflow/dags/forecast_logging_dag.py for tasks to queue
[2026-08-30T13:10:22.908+0000] {logging_mixin.py:188} INFO - [2026-08-30T13:10:22.908+0000] {dagbag.py:545} INFO - Filling up the DagBag from /opt/airflow/dags/forecast_logging_dag.py
[2026-08-30T13:10:24.587+0000] {processor.py:840} INFO - DAG(s) 'forecast_logging' retrieved from /opt/airflow/dags/forecast_logging_dag.py
[2026-08-30T13:10:24.610+0000] {logging_mixin.py:188} INFO - [2026-08-30T13:10:24.610+0000] {dag.py:3089} INFO - Sync 1 DAGs
[2026-08-30T13:10:24.629+0000] {logging_mixin.py:188} INFO - [2026-08-30T13:10:24.628+0000] {dag.py:3947} INFO - Setting next_dagrun for forecast_logging to 2026-08-30 00:00:00+00:00, run_after=2026-08-31 00:00:00+00:00
[2026-08-30T13:10:24.647+0000] {processor.py:183} INFO - Processing /opt/airflow/dags/forecast_logging_dag.py took 1.757 seconds
[2026-08-30T13:10:54.906+0000] {processor.py:161} INFO - Started process (PID=4984) to work on /opt/airflow/dags/forecast_logging_dag.py
[2026-08-30T13:10:54.907+0000] {processor.py:830} INFO - Processing file /opt/airflow/dags/forecast_logging_dag.py for tasks to queue
[2026-08-30T13:10:54.910+0000] {logging_mixin.py:188} INFO - [2026-08-30T13:10:54.909+0000] {dagbag.py:545} INFO - Filling up the DagBag from /opt/airflow/dags/forecast_logging_dag.py
[2026-08-30T13:10:56.654+0000] {processor.py:840} INFO - DAG(s) 'forecast_logging' retrieved from /opt/airflow/dags/forecast_logging_dag.py
[2026-08-30T13:10:56.677+0000] {logging_mixin.py:188} INFO - [2026-08-30T13:10:56.677+0000] {dag.py:3089} INFO - Sync 1 DAGs
[2026-08-30T13:10:56.694+0000] {logging_mixin.py:188} INFO - [2026-08-30T13:10:56.694+0000] {dag.py:3947} INFO - Setting next_dagrun for forecast_logging to 2026-08-30 00:00:00+00:00, run_after=2026-08-31 00:00:00+00:00
[2026-08-30T13:10:56.713+0000] {processor.py:183} INFO - Processing /opt/airflow/dags/forecast_logging_dag.py took 1.817 seconds
[2026-08-30T13:11:26.983+0000] {processor.py:161} INFO - Started process (PID=5014) to work on /opt/airflow/dags/forecast_logging_dag.py
[2026-08-30T13:11:26.984+0000] {processor.py:830} INFO - Processing file /opt/airflow/dags/forecast_logging_dag.py for tasks to queue
[2026-08-30T13:11:26.988+0000] {logging_mixin.py:188} INFO - [2026-08-30T13:11:26.987+0000] {dagbag.py:545} INFO - Filling up the DagBag from /opt/airflow/dags/forecast_logging_dag.py
[2026-08-30T13:11:28.583+0000] {processor.py:840} INFO - DAG(s) 'forecast_logging' retrieved from /opt/airflow/dags/forecast_logging_dag.py
[2026-08-30T13:11:28.609+0000] {logging_mixin.py:188} INFO - [2026-08-30T13:11:28.609+0000] {dag.py:3089} INFO - Sync 1 DAGs
[2026-08-30T13:11:28.629+0000] {logging_mixin.py:188} INFO - [2026-08-30T13:11:28.629+0000] {dag.py:3947} INFO - Setting next_dagrun for forecast_logging to 2026-08-30 00:00:00+00:00, run_after=2026-08-31 00:00:00+00:00
[2026-08-30T13:11:28.650+0000] {processor.py:183} INFO - Processing /opt/airflow/dags/forecast_logging_dag.py took 1.675 seconds
[2026-08-30T13:11:58.823+0000] {processor.py:161} INFO - Started process (PID=5044) to work on /opt/airflow/dags/forecast_logging_dag.py
[2026-08-30T13:11:58.824+0000] {processor.py:830} INFO - Processing file /opt/airflow/dags/forecast_logging_dag.py for tasks to queue
[2026-08-30T13:11:58.827+0000] {logging_mixin.py:188} INFO - [2026-08-30T13:11:58.826+0000] {dagbag.py:545} INFO - Filling up the DagBag from /opt/airflow/dags/forecast_logging_dag.py
[2026-08-30T13:12:00.218+0000] {processor.py:840} INFO - DAG(s) 'forecast_logging' retrieved from /opt/airflow/dags/forecast_logging_dag.py
[2026-08-30T13:12:00.237+0000] {logging_mixin.py:188} INFO - [2026-08-30T13:12:00.237+0000] {dag.py:3089} INFO - Sync 1 DAGs
[2026-08-30T13:12:00.252+0000] {logging_mixin.py:188} INFO - [2026-08-30T13:12:00.251+0000] {dag.py:3947} INFO - Setting next_dagrun for forecast_logging to 2026-08-30 00:00:00+00:00, run_after=2026-08-31 00:00:00+00:00
[2026-08-30T13:12:00.267+0000] {processor.py:183} INFO - Processing /opt/airflow/dags/forecast_logging_dag.py took 1.451 seconds
[2026-08-30T13:12:30.572+0000] {processor.py:161} INFO - Started process (PID=5074) to work on /opt/airflow/dags/forecast_logging_dag.py
[2026-08-30T13:12:30.574+0000] {processor.py:830} INFO - Processing file /opt/airflow/dags/forecast_logging_dag.py for tasks to queue
[2026-08-30T13:12:30.576+0000] {logging_mixin.py:188} INFO - [2026-08-30T13:12:30.575+0000] {dagbag.py:545} INFO - Filling up the DagBag from /opt/airflow/dags/forecast_logging_dag.py
[2026-08-30T13:12:32.034+0000] {processor.py:840} INFO - DAG(s) 'forecast_logging' retrieved from /opt/airflow/dags/forecast_logging_dag.py
[2026-08-30T13:12:32.064+0000] {logging_mixin.py:188} INFO - [2026-08-30T13:12:32.064+0000] {dag.py:3089} INFO - Sync 1 DAGs
[2026-08-30T13:12:32.080+0000] {logging_mixin.py:188} INFO - [2026-08-30T13:12:32.080+0000] {dag.py:3947} INFO - Setting next_dagrun for forecast_logging to 2026-08-30 00:00:00+00:00, run_after=2026-08-31 00:00:00+00:00
[2026-08-30T13:12:32.096+0000] {processor.py:183} INFO - Processing /opt/airflow/dags/forecast_logging_dag.py took 1.532 seconds
[2026-08-30T13:13:02.261+0000] {processor.py:161} INFO - Started process (PID=5104) to work on /opt/airflow/dags/forecast_logging_dag.py
[2026-08-30T13:13:02.262+0000] {processor.py:830} INFO - Processing file /opt/airflow/dags/forecast_logging_dag.py for tasks to queue
[2026-08-30T13:13:02.264+0000] {logging_mixin.py:188} INFO - [2026-08-30T13:13:02.264+0000] {dagbag.py:545} INFO - Filling up the DagBag from /opt/airflow/dags/forecast_logging_dag.py
[2026-08-30T13:13:03.753+0000] {processor.py:840} INFO - DAG(s) 'forecast_logging' retrieved from /opt/airflow/dags/forecast_logging_dag.py
[2026-08-30T13:13:03.775+0000] {logging_mixin.py:188} INFO - [2026-08-30T13:13:03.774+0000] {dag.py:3089} INFO - Sync 1 DAGs
[2026-08-30T13:13:03.794+0000] {logging_mixin.py:188} INFO - [2026-08-30T13:13:03.793+0000] {dag.py:3947} INFO - Setting next_dagrun for forecast_logging to 2026-08-30 00:00:00+00:00, run_after=2026-08-31 00:00:00+00:00
[2026-08-30T13:13:03.809+0000] {processor.py:183} INFO - Processing /opt/airflow/dags/forecast_logging_dag.py took 1.557 seconds
[2026-08-30T13:13:34.096+0000] {processor.py:161} INFO - Started process (PID=5134) to work on /opt/airflow/dags/forecast_logging_dag.py
[2026-08-30T13:13:34.097+0000] {processor.py:830} INFO - Processing file /opt/airflow/dags/forecast_logging_dag.py for tasks to queue
[2026-08-30T13:13:34.099+0000] {logging_mixin.py:188} INFO - [2026-08-30T13:13:34.099+0000] {dagbag.py:545} INFO - Filling up the DagBag from /opt/airflow/dags/forecast_logging_dag.py
[2026-08-30T13:13:35.533+0000] {processor.py:840} INFO - DAG(s) 'forecast_logging' retrieved from /opt/airflow/dags/forecast_logging_dag.py
[2026-08-30T13:13:35.557+0000] {logging_mixin.py:188} INFO - [2026-08-30T13:13:35.557+0000] {dag.py:3089} INFO - Sync 1 DAGs
[2026-08-30T13:13:35.574+0000] {logging_mixin.py:188} INFO - [2026-08-30T13:13:35.574+0000] {dag.py:3947} INFO - Setting next_dagrun for forecast_logging to 2026-08-30 00:00:00+00:00, run_after=2026-08-31 00:00:00+00:00
[2026-08-30T13:13:35.589+0000] {processor.py:183} INFO - Processing /opt/airflow/dags/forecast_logging_dag.py took 1.501 seconds
[2026-08-30T13:49:52.595+0000] {processor.py:161} INFO - Started process (PID=5167) to work on /opt/airflow/dags/forecast_logging_dag.py
[2026-08-30T13:49:52.599+0000] {processor.py:830} INFO - Processing file /opt/airflow/dags/forecast_logging_dag.py for tasks to queue
[2026-08-30T13:49:52.605+0000] {logging_mixin.py:188} INFO - [2026-08-30T13:49:52.604+0000] {dagbag.py:545} INFO - Filling up the DagBag from /opt/airflow/dags/forecast_logging_dag.py
[2026-08-30T13:49:56.336+0000] {processor.py:840} INFO - DAG(s) 'forecast_logging' retrieved from /opt/airflow/dags/forecast_logging_dag.py
[2026-08-30T13:49:56.413+0000] {logging_mixin.py:188} INFO - [2026-08-30T13:49:56.411+0000] {dag.py:3089} INFO - Sync 1 DAGs
[2026-08-30T13:49:56.485+0000] {logging_mixin.py:188} INFO - [2026-08-30T13:49:56.485+0000] {dag.py:3947} INFO - Setting next_dagrun for forecast_logging to 2026-08-30 00:00:00+00:00, run_after=2026-08-31 00:00:00+00:00
[2026-08-30T13:49:56.535+0000] {processor.py:183} INFO - Processing /opt/airflow/dags/forecast_logging_dag.py took 3.962 seconds
[2026-08-30T13:50:28.010+0000] {processor.py:161} INFO - Started process (PID=5198) to work on /opt/airflow/dags/forecast_logging_dag.py
[2026-08-30T13:50:28.014+0000] {processor.py:830} INFO - Processing file /opt/airflow/dags/forecast_logging_dag.py for tasks to queue
[2026-08-30T13:50:28.020+0000] {logging_mixin.py:188} INFO - [2026-08-30T13:50:28.019+0000] {dagbag.py:545} INFO - Filling up the DagBag from /opt/airflow/dags/forecast_logging_dag.py
[2026-08-30T13:50:33.237+0000] {processor.py:840} INFO - DAG(s) 'forecast_logging' retrieved from /opt/airflow/dags/forecast_logging_dag.py
[2026-08-30T13:50:33.290+0000] {logging_mixin.py:188} INFO - [2026-08-30T13:50:33.289+0000] {dag.py:3089} INFO - Sync 1 DAGs
[2026-08-30T13:50:33.328+0000] {logging_mixin.py:188} INFO - [2026-08-30T13:50:33.327+0000] {dag.py:3947} INFO - Setting next_dagrun for forecast_logging to 2026-08-30 00:00:00+00:00, run_after=2026-08-31 00:00:00+00:00
[2026-08-30T13:50:33.362+0000] {processor.py:183} INFO - Processing /opt/airflow/dags/forecast_logging_dag.py took 5.373 seconds
[2026-08-30T13:51:04.098+0000] {processor.py:161} INFO - Started process (PID=5236) to work on /opt/airflow/dags/forecast_logging_dag.py
[2026-08-30T13:51:04.110+0000] {processor.py:830} INFO - Processing file /opt/airflow/dags/forecast_logging_dag.py for tasks to queue
[2026-08-30T13:51:04.115+0000] {logging_mixin.py:188} INFO - [2026-08-30T13:51:04.114+0000] {dagbag.py:545} INFO - Filling up the DagBag from /opt/airflow/dags/forecast_logging_dag.py
[2026-08-30T13:51:07.500+0000] {processor.py:840} INFO - DAG(s) 'forecast_logging' retrieved from /opt/airflow/dags/forecast_logging_dag.py
[2026-08-30T13:51:07.646+0000] {logging_mixin.py:188} INFO - [2026-08-30T13:51:07.645+0000] {dag.py:3089} INFO - Sync 1 DAGs
[2026-08-30T13:51:07.715+0000] {logging_mixin.py:188} INFO - [2026-08-30T13:51:07.715+0000] {dag.py:3947} INFO - Setting next_dagrun for forecast_logging to 2026-08-30 00:00:00+00:00, run_after=2026-08-31 00:00:00+00:00
[2026-08-30T13:51:07.775+0000] {processor.py:183} INFO - Processing /opt/airflow/dags/forecast_logging_dag.py took 3.691 seconds
[2026-08-30T13:51:38.616+0000] {processor.py:161} INFO - Started process (PID=5266) to work on /opt/airflow/dags/forecast_logging_dag.py
[2026-08-30T13:51:38.619+0000] {processor.py:830} INFO - Processing file /opt/airflow/dags/forecast_logging_dag.py for tasks to queue
[2026-08-30T13:51:38.625+0000] {logging_mixin.py:188} INFO - [2026-08-30T13:51:38.624+0000] {dagbag.py:545} INFO - Filling up the DagBag from /opt/airflow/dags/forecast_logging_dag.py
[2026-08-30T13:51:42.512+0000] {processor.py:840} INFO - DAG(s) 'forecast_logging' retrieved from /opt/airflow/dags/forecast_logging_dag.py
[2026-08-30T13:51:42.577+0000] {logging_mixin.py:188} INFO - [2026-08-30T13:51:42.577+0000] {dag.py:3089} INFO - Sync 1 DAGs
[2026-08-30T13:51:42.629+0000] {logging_mixin.py:188} INFO - [2026-08-30T13:51:42.628+0000] {dag.py:3947} INFO - Setting next_dagrun for forecast_logging to 2026-08-30 00:00:00+00:00, run_after=2026-08-31 00:00:00+00:00
[2026-08-30T13:51:42.666+0000] {processor.py:183} INFO - Processing /opt/airflow/dags/forecast_logging_dag.py took 4.068 seconds
[2026-08-30T13:52:13.164+0000] {processor.py:161} INFO - Started process (PID=5296) to work on /opt/airflow/dags/forecast_logging_dag.py
[2026-08-30T13:52:13.167+0000] {processor.py:830} INFO - Processing file /opt/airflow/dags/forecast_logging_dag.py for tasks to queue
[2026-08-30T13:52:13.171+0000] {logging_mixin.py:188} INFO - [2026-08-30T13:52:13.171+0000] {dagbag.py:545} INFO - Filling up the DagBag from /opt/airflow/dags/forecast_logging_dag.py
[2026-08-30T13:52:17.070+0000] {processor.py:840} INFO - DAG(s) 'forecast_logging' retrieved from /opt/airflow/dags/forecast_logging_dag.py
[2026-08-30T13:52:17.124+0000] {logging_mixin.py:188} INFO - [2026-08-30T13:52:17.123+0000] {dag.py:3089} INFO - Sync 1 DAGs
[2026-08-30T13:52:17.167+0000] {logging_mixin.py:188} INFO - [2026-08-30T13:52:17.167+0000] {dag.py:3947} INFO - Setting next_dagrun for forecast_logging to 2026-08-30 00:00:00+00:00, run_after=2026-08-31 00:00:00+00:00
[2026-08-30T13:52:17.209+0000] {processor.py:183} INFO - Processing /opt/airflow/dags/forecast_logging_dag.py took 4.061 seconds
[2026-08-30T13:52:47.984+0000] {processor.py:161} INFO - Started process (PID=5326) to work on /opt/airflow/dags/forecast_logging_dag.py
[2026-08-30T13:52:47.987+0000] {processor.py:830} INFO - Processing file /opt/airflow/dags/forecast_logging_dag.py for tasks to queue
[2026-08-30T13:52:47.992+0000] {logging_mixin.py:188} INFO - [2026-08-30T13:52:47.991+0000] {dagbag.py:545} INFO - Filling up the DagBag from /opt/airflow/dags/forecast_logging_dag.py
[2026-08-30T13:52:52.372+0000] {processor.py:840} INFO - DAG(s) 'forecast_logging' retrieved from /opt/airflow/dags/forecast_logging_dag.py
[2026-08-30T13:52:52.440+0000] {logging_mixin.py:188} INFO - [2026-08-30T13:52:52.439+0000] {dag.py:3089} INFO - Sync 1 DAGs
[2026-08-30T13:52:52.484+0000] {logging_mixin.py:188} INFO - [2026-08-30T13:52:52.484+0000] {dag.py:3947} INFO - Setting next_dagrun for forecast_logging to 2026-08-30 00:00:00+00:00, run_after=2026-08-31 00:00:00+00:00
[2026-08-30T13:52:52.537+0000] {processor.py:183} INFO - Processing /opt/airflow/dags/forecast_logging_dag.py took 4.574 seconds
[2026-08-30T13:53:22.750+0000] {processor.py:161} INFO - Started process (PID=5356) to work on /opt/airflow/dags/forecast_logging_dag.py
[2026-08-30T13:53:22.752+0000] {processor.py:830} INFO - Processing file /opt/airflow/dags/forecast_logging_dag.py for tasks to queue
[2026-08-30T13:53:22.757+0000] {logging_mixin.py:188} INFO - [2026-08-30T13:53:22.756+0000] {dagbag.py:545} INFO - Filling up the DagBag from /opt/airflow/dags/forecast_logging_dag.py
[2026-08-30T13:53:27.570+0000] {processor.py:840} INFO - DAG(s) 'forecast_logging' retrieved from /opt/airflow/dags/forecast_logging_dag.py
[2026-08-30T13:53:27.633+0000] {logging_mixin.py:188} INFO - [2026-08-30T13:53:27.633+0000] {dag.py:3089} INFO - Sync 1 DAGs
[2026-08-30T13:53:27.678+0000] {logging_mixin.py:188} INFO - [2026-08-30T13:53:27.678+0000] {dag.py:3947} INFO - Setting next_dagrun for forecast_logging to 2026-08-30 00:00:00+00:00, run_after=2026-08-31 00:00:00+00:00
[2026-08-30T13:53:27.724+0000] {processor.py:183} INFO - Processing /opt/airflow/dags/forecast_logging_dag.py took 4.991 seconds
[2026-08-30T13:53:58.193+0000] {processor.py:161} INFO - Started process (PID=5386) to work on /opt/airflow/dags/forecast_logging_dag.py
[2026-08-30T13:53:58.215+0000] {processor.py:830} INFO - Processing file /opt/airflow/dags/forecast_logging_dag.py for tasks to queue
[2026-08-30T13:53:58.226+0000] {logging_mixin.py:188} INFO - [2026-08-30T13:53:58.225+0000] {dagbag.py:545} INFO - Filling up the DagBag from /opt/airflow/dags/forecast_logging_dag.py
[2026-08-30T13:54:03.771+0000] {processor.py:840} INFO - DAG(s) 'forecast_logging' retrieved from /opt/airflow/dags/forecast_logging_dag.py
[2026-08-30T13:54:03.930+0000] {logging_mixin.py:188} INFO - [2026-08-30T13:54:03.929+0000] {dag.py:3089} INFO - Sync 1 DAGs
[2026-08-30T13:54:04.331+0000] {logging_mixin.py:188} INFO - [2026-08-30T13:54:04.330+0000] {dag.py:3947} INFO - Setting next_dagrun for forecast_logging to 2026-08-30 00:00:00+00:00, run_after=2026-08-31 00:00:00+00:00
[2026-08-30T13:54:04.493+0000] {processor.py:183} INFO - Processing /opt/airflow/dags/forecast_logging_dag.py took 6.348 seconds
[2026-08-30T13:54:35.129+0000] {processor.py:161} INFO - Started process (PID=5416) to work on /opt/airflow/dags/forecast_logging_dag.py
[2026-08-30T13:54:35.154+0000] {processor.py:830} INFO - Processing file /opt/airflow/dags/forecast_logging_dag.py for tasks to queue
[2026-08-30T13:54:35.187+0000] {logging_mixin.py:188} INFO - [2026-08-30T13:54:35.186+0000] {dagbag.py:545} INFO - Filling up the DagBag from /opt/airflow/dags/forecast_logging_dag.py
[2026-08-30T13:54:40.202+0000] {processor.py:840} INFO - DAG(s) 'forecast_logging' retrieved from /opt/airflow/dags/forecast_logging_dag.py
[2026-08-30T13:54:40.259+0000] {logging_mixin.py:188} INFO - [2026-08-30T13:54:40.258+0000] {dag.py:3089} INFO - Sync 1 DAGs
[2026-08-30T13:54:40.304+0000] {logging_mixin.py:188} INFO - [2026-08-30T13:54:40.304+0000] {dag.py:3947} INFO - Setting next_dagrun for forecast_logging to 2026-08-30 00:00:00+00:00, run_after=2026-08-31 00:00:00+00:00
[2026-08-30T13:54:40.346+0000] {processor.py:183} INFO - Processing /opt/airflow/dags/forecast_logging_dag.py took 5.237 seconds
[2026-08-30T13:55:11.141+0000] {processor.py:161} INFO - Started process (PID=5446) to work on /opt/airflow/dags/forecast_logging_dag.py
[2026-08-30T13:55:11.144+0000] {processor.py:830} INFO - Processing file /opt/airflow/dags/forecast_logging_dag.py for tasks to queue
[2026-08-30T13:55:11.150+0000] {logging_mixin.py:188} INFO - [2026-08-30T13:55:11.149+0000] {dagbag.py:545} INFO - Filling up the DagBag from /opt/airflow/dags/forecast_logging_dag.py
[2026-08-30T13:55:18.928+0000] {processor.py:840} INFO - DAG(s) 'forecast_logging' retrieved from /opt/airflow/dags/forecast_logging_dag.py
[2026-08-30T13:55:18.978+0000] {logging_mixin.py:188} INFO - [2026-08-30T13:55:18.978+0000] {dag.py:3089} INFO - Sync 1 DAGs
[2026-08-30T13:55:19.017+0000] {logging_mixin.py:188} INFO - [2026-08-30T13:55:19.017+0000] {dag.py:3947} INFO - Setting next_dagrun for forecast_logging to 2026-08-30 00:00:00+00:00, run_after=2026-08-31 00:00:00+00:00
[2026-08-30T13:55:19.057+0000] {processor.py:183} INFO - Processing /opt/airflow/dags/forecast_logging_dag.py took 7.935 seconds
[2026-08-30T13:55:49.595+0000] {processor.py:161} INFO - Started process (PID=5476) to work on /opt/airflow/dags/forecast_logging_dag.py
[2026-08-30T13:55:49.598+0000] {processor.py:830} INFO - Processing file /opt/airflow/dags/forecast_logging_dag.py for tasks to queue
[2026-08-30T13:55:49.602+0000] {logging_mixin.py:188} INFO - [2026-08-30T13:55:49.602+0000] {dagbag.py:545} INFO - Filling up the DagBag from /opt/airflow/dags/forecast_logging_dag.py
[2026-08-30T13:55:53.221+0000] {processor.py:840} INFO - DAG(s) 'forecast_logging' retrieved from /opt/airflow/dags/forecast_logging_dag.py
[2026-08-30T13:55:53.274+0000] {logging_mixin.py:188} INFO - [2026-08-30T13:55:53.273+0000] {dag.py:3089} INFO - Sync 1 DAGs
[2026-08-30T13:55:53.312+0000] {logging_mixin.py:188} INFO - [2026-08-30T13:55:53.311+0000] {dag.py:3947} INFO - Setting next_dagrun for forecast_logging to 2026-08-30 00:00:00+00:00, run_after=2026-08-31 00:00:00+00:00
[2026-08-30T13:55:53.350+0000] {processor.py:183} INFO - Processing /opt/airflow/dags/forecast_logging_dag.py took 3.773 seconds
[2026-08-30T13:56:24.333+0000] {processor.py:161} INFO - Started process (PID=5506) to work on /opt/airflow/dags/forecast_logging_dag.py
[2026-08-30T13:56:24.336+0000] {processor.py:830} INFO - Processing file /opt/airflow/dags/forecast_logging_dag.py for tasks to queue
[2026-08-30T13:56:24.340+0000] {logging_mixin.py:188} INFO - [2026-08-30T13:56:24.340+0000] {dagbag.py:545} INFO - Filling up the DagBag from /opt/airflow/dags/forecast_logging_dag.py
[2026-08-30T13:56:28.427+0000] {processor.py:840} INFO - DAG(s) 'forecast_logging' retrieved from /opt/airflow/dags/forecast_logging_dag.py
[2026-08-30T13:56:28.504+0000] {logging_mixin.py:188} INFO - [2026-08-30T13:56:28.503+0000] {dag.py:3089} INFO - Sync 1 DAGs
[2026-08-30T13:56:28.553+0000] {logging_mixin.py:188} INFO - [2026-08-30T13:56:28.552+0000] {dag.py:3947} INFO - Setting next_dagrun for forecast_logging to 2026-08-30 00:00:00+00:00, run_after=2026-08-31 00:00:00+00:00
[2026-08-30T13:56:28.595+0000] {processor.py:183} INFO - Processing /opt/airflow/dags/forecast_logging_dag.py took 4.278 seconds
[2026-08-30T13:56:58.837+0000] {processor.py:161} INFO - Started process (PID=5536) to work on /opt/airflow/dags/forecast_logging_dag.py
[2026-08-30T13:56:58.839+0000] {processor.py:830} INFO - Processing file /opt/airflow/dags/forecast_logging_dag.py for tasks to queue
[2026-08-30T13:56:58.844+0000] {logging_mixin.py:188} INFO - [2026-08-30T13:56:58.843+0000] {dagbag.py:545} INFO - Filling up the DagBag from /opt/airflow/dags/forecast_logging_dag.py
[2026-08-30T13:57:03.028+0000] {processor.py:840} INFO - DAG(s) 'forecast_logging' retrieved from /opt/airflow/dags/forecast_logging_dag.py
[2026-08-30T13:57:03.095+0000] {logging_mixin.py:188} INFO - [2026-08-30T13:57:03.094+0000] {dag.py:3089} INFO - Sync 1 DAGs
[2026-08-30T13:57:03.143+0000] {logging_mixin.py:188} INFO - [2026-08-30T13:57:03.143+0000] {dag.py:3947} INFO - Setting next_dagrun for forecast_logging to 2026-08-30 00:00:00+00:00, run_after=2026-08-31 00:00:00+00:00
[2026-08-30T13:57:03.206+0000] {processor.py:183} INFO - Processing /opt/airflow/dags/forecast_logging_dag.py took 4.388 seconds
[2026-08-30T13:57:33.768+0000] {processor.py:161} INFO - Started process (PID=5569) to work on /opt/airflow/dags/forecast_logging_dag.py
[2026-08-30T13:57:33.771+0000] {processor.py:830} INFO - Processing file /opt/airflow/dags/forecast_logging_dag.py for tasks to queue
[2026-08-30T13:57:33.782+0000] {logging_mixin.py:188} INFO - [2026-08-30T13:57:33.780+0000] {dagbag.py:545} INFO - Filling up the DagBag from /opt/airflow/dags/forecast_logging_dag.py
[2026-08-30T13:57:38.993+0000] {processor.py:840} INFO - DAG(s) 'forecast_logging' retrieved from /opt/airflow/dags/forecast_logging_dag.py
[2026-08-30T13:57:39.072+0000] {logging_mixin.py:188} INFO - [2026-08-30T13:57:39.071+0000] {dag.py:3089} INFO - Sync 1 DAGs
[2026-08-30T13:57:39.155+0000] {logging_mixin.py:188} INFO - [2026-08-30T13:57:39.155+0000] {dag.py:3947} INFO - Setting next_dagrun for forecast_logging to 2026-08-30 00:00:00+00:00, run_after=2026-08-31 00:00:00+00:00
[2026-08-30T13:57:39.211+0000] {processor.py:183} INFO - Processing /opt/airflow/dags/forecast_logging_dag.py took 5.470 seconds
[2026-08-30T13:58:09.748+0000] {processor.py:161} INFO - Started process (PID=5602) to work on /opt/airflow/dags/forecast_logging_dag.py
[2026-08-30T13:58:09.752+0000] {processor.py:830} INFO - Processing file /opt/airflow/dags/forecast_logging_dag.py for tasks to queue
[2026-08-30T13:58:09.757+0000] {logging_mixin.py:188} INFO - [2026-08-30T13:58:09.756+0000] {dagbag.py:545} INFO - Filling up the DagBag from /opt/airflow/dags/forecast_logging_dag.py
[2026-08-30T13:58:14.903+0000] {processor.py:840} INFO - DAG(s) 'forecast_logging' retrieved from /opt/airflow/dags/forecast_logging_dag.py
[2026-08-30T13:58:14.959+0000] {logging_mixin.py:188} INFO - [2026-08-30T13:58:14.959+0000] {dag.py:3089} INFO - Sync 1 DAGs
[2026-08-30T13:58:15.006+0000] {logging_mixin.py:188} INFO - [2026-08-30T13:58:15.006+0000] {dag.py:3947} INFO - Setting next_dagrun for forecast_logging to 2026-08-30 00:00:00+00:00, run_after=2026-08-31 00:00:00+00:00
[2026-08-30T13:58:15.055+0000] {processor.py:183} INFO - Processing /opt/airflow/dags/forecast_logging_dag.py took 5.330 seconds
[2026-08-30T13:58:45.332+0000] {processor.py:161} INFO - Started process (PID=5638) to work on /opt/airflow/dags/forecast_logging_dag.py
[2026-08-30T13:58:45.334+0000] {processor.py:830} INFO - Processing file /opt/airflow/dags/forecast_logging_dag.py for tasks to queue
[2026-08-30T13:58:45.338+0000] {logging_mixin.py:188} INFO - [2026-08-30T13:58:45.336+0000] {dagbag.py:545} INFO - Filling up the DagBag from /opt/airflow/dags/forecast_logging_dag.py
[2026-08-30T13:58:48.516+0000] {processor.py:840} INFO - DAG(s) 'forecast_logging' retrieved from /opt/airflow/dags/forecast_logging_dag.py
[2026-08-30T13:58:48.582+0000] {logging_mixin.py:188} INFO - [2026-08-30T13:58:48.581+0000] {dag.py:3089} INFO - Sync 1 DAGs
[2026-08-30T13:58:48.636+0000] {logging_mixin.py:188} INFO - [2026-08-30T13:58:48.632+0000] {dag.py:3947} INFO - Setting next_dagrun for forecast_logging to 2026-08-30 00:00:00+00:00, run_after=2026-08-31 00:00:00+00:00
[2026-08-30T13:58:48.689+0000] {processor.py:183} INFO - Processing /opt/airflow/dags/forecast_logging_dag.py took 3.370 seconds
[2026-08-30T13:59:19.081+0000] {processor.py:161} INFO - Started process (PID=5668) to work on /opt/airflow/dags/forecast_logging_dag.py
[2026-08-30T13:59:19.085+0000] {processor.py:830} INFO - Processing file /opt/airflow/dags/forecast_logging_dag.py for tasks to queue
[2026-08-30T13:59:19.094+0000] {logging_mixin.py:188} INFO - [2026-08-30T13:59:19.092+0000] {dagbag.py:545} INFO - Filling up the DagBag from /opt/airflow/dags/forecast_logging_dag.py
[2026-08-30T13:59:25.438+0000] {processor.py:840} INFO - DAG(s) 'forecast_logging' retrieved from /opt/airflow/dags/forecast_logging_dag.py
[2026-08-30T13:59:25.540+0000] {logging_mixin.py:188} INFO - [2026-08-30T13:59:25.539+0000] {dag.py:3089} INFO - Sync 1 DAGs
[2026-08-30T13:59:25.610+0000] {logging_mixin.py:188} INFO - [2026-08-30T13:59:25.609+0000] {dag.py:3947} INFO - Setting next_dagrun for forecast_logging to 2026-08-30 00:00:00+00:00, run_after=2026-08-31 00:00:00+00:00
[2026-08-30T13:59:25.661+0000] {processor.py:183} INFO - Processing /opt/airflow/dags/forecast_logging_dag.py took 6.603 seconds
[2026-08-30T13:59:56.304+0000] {processor.py:161} INFO - Started process (PID=5698) to work on /opt/airflow/dags/forecast_logging_dag.py
[2026-08-30T13:59:56.319+0000] {processor.py:830} INFO - Processing file /opt/airflow/dags/forecast_logging_dag.py for tasks to queue
[2026-08-30T13:59:56.328+0000] {logging_mixin.py:188} INFO - [2026-08-30T13:59:56.325+0000] {dagbag.py:545} INFO - Filling up the DagBag from /opt/airflow/dags/forecast_logging_dag.py
[2026-08-30T14:00:01.647+0000] {processor.py:840} INFO - DAG(s) 'forecast_logging' retrieved from /opt/airflow/dags/forecast_logging_dag.py
[2026-08-30T14:00:01.715+0000] {logging_mixin.py:188} INFO - [2026-08-30T14:00:01.714+0000] {dag.py:3089} INFO - Sync 1 DAGs
[2026-08-30T14:00:01.780+0000] {logging_mixin.py:188} INFO - [2026-08-30T14:00:01.779+0000] {dag.py:3947} INFO - Setting next_dagrun for forecast_logging to 2026-08-30 00:00:00+00:00, run_after=2026-08-31 00:00:00+00:00
[2026-08-30T14:00:01.865+0000] {processor.py:183} INFO - Processing /opt/airflow/dags/forecast_logging_dag.py took 5.577 seconds
[2026-08-30T14:00:32.542+0000] {processor.py:161} INFO - Started process (PID=5730) to work on /opt/airflow/dags/forecast_logging_dag.py
[2026-08-30T14:00:32.551+0000] {processor.py:830} INFO - Processing file /opt/airflow/dags/forecast_logging_dag.py for tasks to queue
[2026-08-30T14:00:32.565+0000] {logging_mixin.py:188} INFO - [2026-08-30T14:00:32.564+0000] {dagbag.py:545} INFO - Filling up the DagBag from /opt/airflow/dags/forecast_logging_dag.py
[2026-08-30T14:00:39.073+0000] {processor.py:840} INFO - DAG(s) 'forecast_logging' retrieved from /opt/airflow/dags/forecast_logging_dag.py
[2026-08-30T14:00:39.166+0000] {logging_mixin.py:188} INFO - [2026-08-30T14:00:39.165+0000] {dag.py:3089} INFO - Sync 1 DAGs
[2026-08-30T14:00:39.221+0000] {logging_mixin.py:188} INFO - [2026-08-30T14:00:39.220+0000] {dag.py:3947} INFO - Setting next_dagrun for forecast_logging to 2026-08-30 00:00:00+00:00, run_after=2026-08-31 00:00:00+00:00
[2026-08-30T14:00:39.298+0000] {processor.py:183} INFO - Processing /opt/airflow/dags/forecast_logging_dag.py took 6.806 seconds
[2026-08-30T14:01:10.051+0000] {processor.py:161} INFO - Started process (PID=5760) to work on /opt/airflow/dags/forecast_logging_dag.py
[2026-08-30T14:01:10.054+0000] {processor.py:830} INFO - Processing file /opt/airflow/dags/forecast_logging_dag.py for tasks to queue
[2026-08-30T14:01:10.058+0000] {logging_mixin.py:188} INFO - [2026-08-30T14:01:10.057+0000] {dagbag.py:545} INFO - Filling up the DagBag from /opt/airflow/dags/forecast_logging_dag.py
[2026-08-30T14:01:13.982+0000] {processor.py:840} INFO - DAG(s) 'forecast_logging' retrieved from /opt/airflow/dags/forecast_logging_dag.py
[2026-08-30T14:01:14.052+0000] {logging_mixin.py:188} INFO - [2026-08-30T14:01:14.051+0000] {dag.py:3089} INFO - Sync 1 DAGs
[2026-08-30T14:01:14.099+0000] {logging_mixin.py:188} INFO - [2026-08-30T14:01:14.099+0000] {dag.py:3947} INFO - Setting next_dagrun for forecast_logging to 2026-08-30 00:00:00+00:00, run_after=2026-08-31 00:00:00+00:00
[2026-08-30T14:01:14.137+0000] {processor.py:183} INFO - Processing /opt/airflow/dags/forecast_logging_dag.py took 4.102 seconds
[2026-08-30T14:01:46.258+0000] {processor.py:161} INFO - Started process (PID=5790) to work on /opt/airflow/dags/forecast_logging_dag.py
[2026-08-30T14:01:46.261+0000] {processor.py:830} INFO - Processing file /opt/airflow/dags/forecast_logging_dag.py for tasks to queue
[2026-08-30T14:01:46.267+0000] {logging_mixin.py:188} INFO - [2026-08-30T14:01:46.266+0000] {dagbag.py:545} INFO - Filling up the DagBag from /opt/airflow/dags/forecast_logging_dag.py
[2026-08-30T14:01:50.113+0000] {processor.py:840} INFO - DAG(s) 'forecast_logging' retrieved from /opt/airflow/dags/forecast_logging_dag.py
[2026-08-30T14:01:50.175+0000] {logging_mixin.py:188} INFO - [2026-08-30T14:01:50.174+0000] {dag.py:3089} INFO - Sync 1 DAGs
[2026-08-30T14:01:50.224+0000] {logging_mixin.py:188} INFO - [2026-08-30T14:01:50.223+0000] {dag.py:3947} INFO - Setting next_dagrun for forecast_logging to 2026-08-30 00:00:00+00:00, run_after=2026-08-31 00:00:00+00:00
[2026-08-30T14:01:50.264+0000] {processor.py:183} INFO - Processing /opt/airflow/dags/forecast_logging_dag.py took 4.032 seconds
[2026-08-30T14:02:20.915+0000] {processor.py:161} INFO - Started process (PID=5820) to work on /opt/airflow/dags/forecast_logging_dag.py
[2026-08-30T14:02:20.918+0000] {processor.py:830} INFO - Processing file /opt/airflow/dags/forecast_logging_dag.py for tasks to queue
[2026-08-30T14:02:20.925+0000] {logging_mixin.py:188} INFO - [2026-08-30T14:02:20.925+0000] {dagbag.py:545} INFO - Filling up the DagBag from /opt/airflow/dags/forecast_logging_dag.py
[2026-08-30T14:02:24.705+0000] {processor.py:840} INFO - DAG(s) 'forecast_logging' retrieved from /opt/airflow/dags/forecast_logging_dag.py
[2026-08-30T14:02:24.762+0000] {logging_mixin.py:188} INFO - [2026-08-30T14:02:24.761+0000] {dag.py:3089} INFO - Sync 1 DAGs
[2026-08-30T14:02:24.803+0000] {logging_mixin.py:188} INFO - [2026-08-30T14:02:24.802+0000] {dag.py:3947} INFO - Setting next_dagrun for forecast_logging to 2026-08-30 00:00:00+00:00, run_after=2026-08-31 00:00:00+00:00
[2026-08-30T14:02:24.841+0000] {processor.py:183} INFO - Processing /opt/airflow/dags/forecast_logging_dag.py took 3.953 seconds
[2026-08-30T14:02:55.516+0000] {processor.py:161} INFO - Started process (PID=5850) to work on /opt/airflow/dags/forecast_logging_dag.py
[2026-08-30T14:02:55.518+0000] {processor.py:830} INFO - Processing file /opt/airflow/dags/forecast_logging_dag.py for tasks to queue
[2026-08-30T14:02:55.524+0000] {logging_mixin.py:188} INFO - [2026-08-30T14:02:55.523+0000] {dagbag.py:545} INFO - Filling up the DagBag from /opt/airflow/dags/forecast_logging_dag.py
[2026-08-30T14:02:59.467+0000] {processor.py:840} INFO - DAG(s) 'forecast_logging' retrieved from /opt/airflow/dags/forecast_logging_dag.py
[2026-08-30T14:02:59.532+0000] {logging_mixin.py:188} INFO - [2026-08-30T14:02:59.530+0000] {dag.py:3089} INFO - Sync 1 DAGs
[2026-08-30T14:02:59.577+0000] {logging_mixin.py:188} INFO - [2026-08-30T14:02:59.577+0000] {dag.py:3947} INFO - Setting next_dagrun for forecast_logging to 2026-08-30 00:00:00+00:00, run_after=2026-08-31 00:00:00+00:00
[2026-08-30T14:02:59.632+0000] {processor.py:183} INFO - Processing /opt/airflow/dags/forecast_logging_dag.py took 4.135 seconds
[2026-08-30T14:03:30.280+0000] {processor.py:161} INFO - Started process (PID=5880) to work on /opt/airflow/dags/forecast_logging_dag.py
[2026-08-30T14:03:30.286+0000] {processor.py:830} INFO - Processing file /opt/airflow/dags/forecast_logging_dag.py for tasks to queue
[2026-08-30T14:03:30.292+0000] {logging_mixin.py:188} INFO - [2026-08-30T14:03:30.290+0000] {dagbag.py:545} INFO - Filling up the DagBag from /opt/airflow/dags/forecast_logging_dag.py
[2026-08-30T14:03:34.073+0000] {processor.py:840} INFO - DAG(s) 'forecast_logging' retrieved from /opt/airflow/dags/forecast_logging_dag.py
[2026-08-30T14:03:34.124+0000] {logging_mixin.py:188} INFO - [2026-08-30T14:03:34.124+0000] {dag.py:3089} INFO - Sync 1 DAGs
[2026-08-30T14:03:34.164+0000] {logging_mixin.py:188} INFO - [2026-08-30T14:03:34.164+0000] {dag.py:3947} INFO - Setting next_dagrun for forecast_logging to 2026-08-30 00:00:00+00:00, run_after=2026-08-31 00:00:00+00:00
[2026-08-30T14:03:34.198+0000] {processor.py:183} INFO - Processing /opt/airflow/dags/forecast_logging_dag.py took 3.947 seconds
[2026-08-30T14:04:04.943+0000] {processor.py:161} INFO - Started process (PID=5910) to work on /opt/airflow/dags/forecast_logging_dag.py
[2026-08-30T14:04:04.946+0000] {processor.py:830} INFO - Processing file /opt/airflow/dags/forecast_logging_dag.py for tasks to queue
[2026-08-30T14:04:04.952+0000] {logging_mixin.py:188} INFO - [2026-08-30T14:04:04.951+0000] {dagbag.py:545} INFO - Filling up the DagBag from /opt/airflow/dags/forecast_logging_dag.py
[2026-08-30T14:04:08.969+0000] {processor.py:840} INFO - DAG(s) 'forecast_logging' retrieved from /opt/airflow/dags/forecast_logging_dag.py
[2026-08-30T14:04:09.029+0000] {logging_mixin.py:188} INFO - [2026-08-30T14:04:09.028+0000] {dag.py:3089} INFO - Sync 1 DAGs
[2026-08-30T14:04:09.075+0000] {logging_mixin.py:188} INFO - [2026-08-30T14:04:09.074+0000] {dag.py:3947} INFO - Setting next_dagrun for forecast_logging to 2026-08-30 00:00:00+00:00, run_after=2026-08-31 00:00:00+00:00
[2026-08-30T14:04:09.113+0000] {processor.py:183} INFO - Processing /opt/airflow/dags/forecast_logging_dag.py took 4.198 seconds
[2026-08-30T14:04:39.401+0000] {processor.py:161} INFO - Started process (PID=5940) to work on /opt/airflow/dags/forecast_logging_dag.py
[2026-08-30T14:04:39.404+0000] {processor.py:830} INFO - Processing file /opt/airflow/dags/forecast_logging_dag.py for tasks to queue
[2026-08-30T14:04:39.409+0000] {logging_mixin.py:188} INFO - [2026-08-30T14:04:39.408+0000] {dagbag.py:545} INFO - Filling up the DagBag from /opt/airflow/dags/forecast_logging_dag.py
[2026-08-30T14:04:43.096+0000] {processor.py:840} INFO - DAG(s) 'forecast_logging' retrieved from /opt/airflow/dags/forecast_logging_dag.py
[2026-08-30T14:04:43.144+0000] {logging_mixin.py:188} INFO - [2026-08-30T14:04:43.144+0000] {dag.py:3089} INFO - Sync 1 DAGs
[2026-08-30T14:04:43.179+0000] {logging_mixin.py:188} INFO - [2026-08-30T14:04:43.178+0000] {dag.py:3947} INFO - Setting next_dagrun for forecast_logging to 2026-08-30 00:00:00+00:00, run_after=2026-08-31 00:00:00+00:00
[2026-08-30T14:04:43.212+0000] {processor.py:183} INFO - Processing /opt/airflow/dags/forecast_logging_dag.py took 3.833 seconds
[2026-08-30T14:05:14.064+0000] {processor.py:161} INFO - Started process (PID=5970) to work on /opt/airflow/dags/forecast_logging_dag.py
[2026-08-30T14:05:14.068+0000] {processor.py:830} INFO - Processing file /opt/airflow/dags/forecast_logging_dag.py for tasks to queue
[2026-08-30T14:05:14.072+0000] {logging_mixin.py:188} INFO - [2026-08-30T14:05:14.072+0000] {dagbag.py:545} INFO - Filling up the DagBag from /opt/airflow/dags/forecast_logging_dag.py
[2026-08-30T14:05:17.448+0000] {processor.py:840} INFO - DAG(s) 'forecast_logging' retrieved from /opt/airflow/dags/forecast_logging_dag.py
[2026-08-30T14:05:17.497+0000] {logging_mixin.py:188} INFO - [2026-08-30T14:05:17.497+0000] {dag.py:3089} INFO - Sync 1 DAGs
[2026-08-30T14:05:17.533+0000] {logging_mixin.py:188} INFO - [2026-08-30T14:05:17.533+0000] {dag.py:3947} INFO - Setting next_dagrun for forecast_logging to 2026-08-30 00:00:00+00:00, run_after=2026-08-31 00:00:00+00:00
[2026-08-30T14:05:17.568+0000] {processor.py:183} INFO - Processing /opt/airflow/dags/forecast_logging_dag.py took 3.518 seconds
[2026-08-30T14:05:48.242+0000] {processor.py:161} INFO - Started process (PID=6000) to work on /opt/airflow/dags/forecast_logging_dag.py
[2026-08-30T14:05:48.244+0000] {processor.py:830} INFO - Processing file /opt/airflow/dags/forecast_logging_dag.py for tasks to queue
[2026-08-30T14:05:48.249+0000] {logging_mixin.py:188} INFO - [2026-08-30T14:05:48.248+0000] {dagbag.py:545} INFO - Filling up the DagBag from /opt/airflow/dags/forecast_logging_dag.py
[2026-08-30T14:05:51.843+0000] {processor.py:840} INFO - DAG(s) 'forecast_logging' retrieved from /opt/airflow/dags/forecast_logging_dag.py
[2026-08-30T14:05:51.887+0000] {logging_mixin.py:188} INFO - [2026-08-30T14:05:51.887+0000] {dag.py:3089} INFO - Sync 1 DAGs
[2026-08-30T14:05:51.922+0000] {logging_mixin.py:188} INFO - [2026-08-30T14:05:51.922+0000] {dag.py:3947} INFO - Setting next_dagrun for forecast_logging to 2026-08-30 00:00:00+00:00, run_after=2026-08-31 00:00:00+00:00
[2026-08-30T14:05:51.974+0000] {processor.py:183} INFO - Processing /opt/airflow/dags/forecast_logging_dag.py took 3.748 seconds
[2026-08-30T14:06:22.628+0000] {processor.py:161} INFO - Started process (PID=6030) to work on /opt/airflow/dags/forecast_logging_dag.py
[2026-08-30T14:06:22.631+0000] {processor.py:830} INFO - Processing file /opt/airflow/dags/forecast_logging_dag.py for tasks to queue
[2026-08-30T14:06:22.635+0000] {logging_mixin.py:188} INFO - [2026-08-30T14:06:22.634+0000] {dagbag.py:545} INFO - Filling up the DagBag from /opt/airflow/dags/forecast_logging_dag.py
[2026-08-30T14:06:26.294+0000] {processor.py:840} INFO - DAG(s) 'forecast_logging' retrieved from /opt/airflow/dags/forecast_logging_dag.py
[2026-08-30T14:06:26.342+0000] {logging_mixin.py:188} INFO - [2026-08-30T14:06:26.341+0000] {dag.py:3089} INFO - Sync 1 DAGs
[2026-08-30T14:06:26.381+0000] {logging_mixin.py:188} INFO - [2026-08-30T14:06:26.381+0000] {dag.py:3947} INFO - Setting next_dagrun for forecast_logging to 2026-08-30 00:00:00+00:00, run_after=2026-08-31 00:00:00+00:00
[2026-08-30T14:06:26.416+0000] {processor.py:183} INFO - Processing /opt/airflow/dags/forecast_logging_dag.py took 3.803 seconds
[2026-08-30T14:06:56.628+0000] {processor.py:161} INFO - Started process (PID=6060) to work on /opt/airflow/dags/forecast_logging_dag.py
[2026-08-30T14:06:56.631+0000] {processor.py:830} INFO - Processing file /opt/airflow/dags/forecast_logging_dag.py for tasks to queue
[2026-08-30T14:06:56.637+0000] {logging_mixin.py:188} INFO - [2026-08-30T14:06:56.636+0000] {dagbag.py:545} INFO - Filling up the DagBag from /opt/airflow/dags/forecast_logging_dag.py
[2026-08-30T14:07:00.024+0000] {processor.py:840} INFO - DAG(s) 'forecast_logging' retrieved from /opt/airflow/dags/forecast_logging_dag.py
[2026-08-30T14:07:00.072+0000] {logging_mixin.py:188} INFO - [2026-08-30T14:07:00.071+0000] {dag.py:3089} INFO - Sync 1 DAGs
[2026-08-30T14:07:00.114+0000] {logging_mixin.py:188} INFO - [2026-08-30T14:07:00.113+0000] {dag.py:3947} INFO - Setting next_dagrun for forecast_logging to 2026-08-30 00:00:00+00:00, run_after=2026-08-31 00:00:00+00:00
[2026-08-30T14:07:00.151+0000] {processor.py:183} INFO - Processing /opt/airflow/dags/forecast_logging_dag.py took 3.543 seconds
[2026-08-30T14:07:30.778+0000] {processor.py:161} INFO - Started process (PID=6090) to work on /opt/airflow/dags/forecast_logging_dag.py
[2026-08-30T14:07:30.781+0000] {processor.py:830} INFO - Processing file /opt/airflow/dags/forecast_logging_dag.py for tasks to queue
[2026-08-30T14:07:30.786+0000] {logging_mixin.py:188} INFO - [2026-08-30T14:07:30.785+0000] {dagbag.py:545} INFO - Filling up the DagBag from /opt/airflow/dags/forecast_logging_dag.py
[2026-08-30T14:07:34.540+0000] {processor.py:840} INFO - DAG(s) 'forecast_logging' retrieved from /opt/airflow/dags/forecast_logging_dag.py
[2026-08-30T14:07:34.595+0000] {logging_mixin.py:188} INFO - [2026-08-30T14:07:34.594+0000] {dag.py:3089} INFO - Sync 1 DAGs
[2026-08-30T14:07:34.635+0000] {logging_mixin.py:188} INFO - [2026-08-30T14:07:34.635+0000] {dag.py:3947} INFO - Setting next_dagrun for forecast_logging to 2026-08-30 00:00:00+00:00, run_after=2026-08-31 00:00:00+00:00
[2026-08-30T14:07:34.677+0000] {processor.py:183} INFO - Processing /opt/airflow/dags/forecast_logging_dag.py took 3.962 seconds
[2026-08-30T14:08:05.261+0000] {processor.py:161} INFO - Started process (PID=6126) to work on /opt/airflow/dags/forecast_logging_dag.py
[2026-08-30T14:08:05.265+0000] {processor.py:830} INFO - Processing file /opt/airflow/dags/forecast_logging_dag.py for tasks to queue
[2026-08-30T14:08:05.269+0000] {logging_mixin.py:188} INFO - [2026-08-30T14:08:05.268+0000] {dagbag.py:545} INFO - Filling up the DagBag from /opt/airflow/dags/forecast_logging_dag.py
[2026-08-30T14:08:08.713+0000] {processor.py:840} INFO - DAG(s) 'forecast_logging' retrieved from /opt/airflow/dags/forecast_logging_dag.py
[2026-08-30T14:08:08.765+0000] {logging_mixin.py:188} INFO - [2026-08-30T14:08:08.765+0000] {dag.py:3089} INFO - Sync 1 DAGs
[2026-08-30T14:08:08.807+0000] {logging_mixin.py:188} INFO - [2026-08-30T14:08:08.807+0000] {dag.py:3947} INFO - Setting next_dagrun for forecast_logging to 2026-08-30 00:00:00+00:00, run_after=2026-08-31 00:00:00+00:00
[2026-08-30T14:08:08.844+0000] {processor.py:183} INFO - Processing /opt/airflow/dags/forecast_logging_dag.py took 3.600 seconds
[2026-08-30T14:08:39.716+0000] {processor.py:161} INFO - Started process (PID=6162) to work on /opt/airflow/dags/forecast_logging_dag.py
[2026-08-30T14:08:39.719+0000] {processor.py:830} INFO - Processing file /opt/airflow/dags/forecast_logging_dag.py for tasks to queue
[2026-08-30T14:08:39.725+0000] {logging_mixin.py:188} INFO - [2026-08-30T14:08:39.724+0000] {dagbag.py:545} INFO - Filling up the DagBag from /opt/airflow/dags/forecast_logging_dag.py
[2026-08-30T14:08:43.272+0000] {processor.py:840} INFO - DAG(s) 'forecast_logging' retrieved from /opt/airflow/dags/forecast_logging_dag.py
[2026-08-30T14:08:43.323+0000] {logging_mixin.py:188} INFO - [2026-08-30T14:08:43.322+0000] {dag.py:3089} INFO - Sync 1 DAGs
[2026-08-30T14:08:43.362+0000] {logging_mixin.py:188} INFO - [2026-08-30T14:08:43.361+0000] {dag.py:3947} INFO - Setting next_dagrun for forecast_logging to 2026-08-30 00:00:00+00:00, run_after=2026-08-31 00:00:00+00:00
[2026-08-30T14:08:43.397+0000] {processor.py:183} INFO - Processing /opt/airflow/dags/forecast_logging_dag.py took 3.702 seconds
[2026-08-30T14:09:14.142+0000] {processor.py:161} INFO - Started process (PID=6192) to work on /opt/airflow/dags/forecast_logging_dag.py
[2026-08-30T14:09:14.145+0000] {processor.py:830} INFO - Processing file /opt/airflow/dags/forecast_logging_dag.py for tasks to queue
[2026-08-30T14:09:14.149+0000] {logging_mixin.py:188} INFO - [2026-08-30T14:09:14.149+0000] {dagbag.py:545} INFO - Filling up the DagBag from /opt/airflow/dags/forecast_logging_dag.py
[2026-08-30T14:09:17.937+0000] {processor.py:840} INFO - DAG(s) 'forecast_logging' retrieved from /opt/airflow/dags/forecast_logging_dag.py
[2026-08-30T14:09:17.995+0000] {logging_mixin.py:188} INFO - [2026-08-30T14:09:17.994+0000] {dag.py:3089} INFO - Sync 1 DAGs
[2026-08-30T14:09:18.043+0000] {logging_mixin.py:188} INFO - [2026-08-30T14:09:18.043+0000] {dag.py:3947} INFO - Setting next_dagrun for forecast_logging to 2026-08-30 00:00:00+00:00, run_after=2026-08-31 00:00:00+00:00
[2026-08-30T14:09:18.084+0000] {processor.py:183} INFO - Processing /opt/airflow/dags/forecast_logging_dag.py took 3.960 seconds
[2026-08-30T14:09:48.611+0000] {processor.py:161} INFO - Started process (PID=6222) to work on /opt/airflow/dags/forecast_logging_dag.py
[2026-08-30T14:09:48.616+0000] {processor.py:830} INFO - Processing file /opt/airflow/dags/forecast_logging_dag.py for tasks to queue
[2026-08-30T14:09:48.623+0000] {logging_mixin.py:188} INFO - [2026-08-30T14:09:48.621+0000] {dagbag.py:545} INFO - Filling up the DagBag from /opt/airflow/dags/forecast_logging_dag.py
[2026-08-30T14:09:52.634+0000] {processor.py:840} INFO - DAG(s) 'forecast_logging' retrieved from /opt/airflow/dags/forecast_logging_dag.py
[2026-08-30T14:09:52.696+0000] {logging_mixin.py:188} INFO - [2026-08-30T14:09:52.695+0000] {dag.py:3089} INFO - Sync 1 DAGs
[2026-08-30T14:09:52.745+0000] {logging_mixin.py:188} INFO - [2026-08-30T14:09:52.745+0000] {dag.py:3947} INFO - Setting next_dagrun for forecast_logging to 2026-08-30 00:00:00+00:00, run_after=2026-08-31 00:00:00+00:00
[2026-08-30T14:09:52.787+0000] {processor.py:183} INFO - Processing /opt/airflow/dags/forecast_logging_dag.py took 4.208 seconds
[2026-08-30T14:10:23.432+0000] {processor.py:161} INFO - Started process (PID=6252) to work on /opt/airflow/dags/forecast_logging_dag.py
[2026-08-30T14:10:23.435+0000] {processor.py:830} INFO - Processing file /opt/airflow/dags/forecast_logging_dag.py for tasks to queue
[2026-08-30T14:10:23.440+0000] {logging_mixin.py:188} INFO - [2026-08-30T14:10:23.439+0000] {dagbag.py:545} INFO - Filling up the DagBag from /opt/airflow/dags/forecast_logging_dag.py
[2026-08-30T14:10:27.283+0000] {processor.py:840} INFO - DAG(s) 'forecast_logging' retrieved from /opt/airflow/dags/forecast_logging_dag.py
[2026-08-30T14:10:27.333+0000] {logging_mixin.py:188} INFO - [2026-08-30T14:10:27.332+0000] {dag.py:3089} INFO - Sync 1 DAGs
[2026-08-30T14:10:27.372+0000] {logging_mixin.py:188} INFO - [2026-08-30T14:10:27.371+0000] {dag.py:3947} INFO - Setting next_dagrun for forecast_logging to 2026-08-30 00:00:00+00:00, run_after=2026-08-31 00:00:00+00:00
[2026-08-30T14:10:27.412+0000] {processor.py:183} INFO - Processing /opt/airflow/dags/forecast_logging_dag.py took 4.001 seconds
[2026-08-30T14:10:57.968+0000] {processor.py:161} INFO - Started process (PID=6282) to work on /opt/airflow/dags/forecast_logging_dag.py
[2026-08-30T14:10:57.971+0000] {processor.py:830} INFO - Processing file /opt/airflow/dags/forecast_logging_dag.py for tasks to queue
[2026-08-30T14:10:57.977+0000] {logging_mixin.py:188} INFO - [2026-08-30T14:10:57.976+0000] {dagbag.py:545} INFO - Filling up the DagBag from /opt/airflow/dags/forecast_logging_dag.py
[2026-08-30T14:11:01.594+0000] {processor.py:840} INFO - DAG(s) 'forecast_logging' retrieved from /opt/airflow/dags/forecast_logging_dag.py
[2026-08-30T14:11:01.643+0000] {logging_mixin.py:188} INFO - [2026-08-30T14:11:01.642+0000] {dag.py:3089} INFO - Sync 1 DAGs
[2026-08-30T14:11:01.680+0000] {logging_mixin.py:188} INFO - [2026-08-30T14:11:01.680+0000] {dag.py:3947} INFO - Setting next_dagrun for forecast_logging to 2026-08-30 00:00:00+00:00, run_after=2026-08-31 00:00:00+00:00
[2026-08-30T14:11:01.717+0000] {processor.py:183} INFO - Processing /opt/airflow/dags/forecast_logging_dag.py took 3.770 seconds
[2026-08-30T14:11:32.858+0000] {processor.py:161} INFO - Started process (PID=6312) to work on /opt/airflow/dags/forecast_logging_dag.py
[2026-08-30T14:11:32.860+0000] {processor.py:830} INFO - Processing file /opt/airflow/dags/forecast_logging_dag.py for tasks to queue
[2026-08-30T14:11:32.865+0000] {logging_mixin.py:188} INFO - [2026-08-30T14:11:32.864+0000] {dagbag.py:545} INFO - Filling up the DagBag from /opt/airflow/dags/forecast_logging_dag.py
[2026-08-30T14:11:37.453+0000] {processor.py:840} INFO - DAG(s) 'forecast_logging' retrieved from /opt/airflow/dags/forecast_logging_dag.py
[2026-08-30T14:11:37.503+0000] {logging_mixin.py:188} INFO - [2026-08-30T14:11:37.502+0000] {dag.py:3089} INFO - Sync 1 DAGs
[2026-08-30T14:11:37.543+0000] {logging_mixin.py:188} INFO - [2026-08-30T14:11:37.542+0000] {dag.py:3947} INFO - Setting next_dagrun for forecast_logging to 2026-08-30 00:00:00+00:00, run_after=2026-08-31 00:00:00+00:00
[2026-08-30T14:11:37.583+0000] {processor.py:183} INFO - Processing /opt/airflow/dags/forecast_logging_dag.py took 4.810 seconds
[2026-08-30T14:12:08.382+0000] {processor.py:161} INFO - Started process (PID=6342) to work on /opt/airflow/dags/forecast_logging_dag.py
[2026-08-30T14:12:08.384+0000] {processor.py:830} INFO - Processing file /opt/airflow/dags/forecast_logging_dag.py for tasks to queue
[2026-08-30T14:12:08.390+0000] {logging_mixin.py:188} INFO - [2026-08-30T14:12:08.390+0000] {dagbag.py:545} INFO - Filling up the DagBag from /opt/airflow/dags/forecast_logging_dag.py
[2026-08-30T14:12:12.105+0000] {processor.py:840} INFO - DAG(s) 'forecast_logging' retrieved from /opt/airflow/dags/forecast_logging_dag.py
[2026-08-30T14:12:12.158+0000] {logging_mixin.py:188} INFO - [2026-08-30T14:12:12.157+0000] {dag.py:3089} INFO - Sync 1 DAGs
[2026-08-30T14:12:12.202+0000] {logging_mixin.py:188} INFO - [2026-08-30T14:12:12.201+0000] {dag.py:3947} INFO - Setting next_dagrun for forecast_logging to 2026-08-30 00:00:00+00:00, run_after=2026-08-31 00:00:00+00:00
[2026-08-30T14:12:12.243+0000] {processor.py:183} INFO - Processing /opt/airflow/dags/forecast_logging_dag.py took 3.878 seconds
[2026-08-30T14:12:42.462+0000] {processor.py:161} INFO - Started process (PID=6372) to work on /opt/airflow/dags/forecast_logging_dag.py
[2026-08-30T14:12:42.466+0000] {processor.py:830} INFO - Processing file /opt/airflow/dags/forecast_logging_dag.py for tasks to queue
[2026-08-30T14:12:42.471+0000] {logging_mixin.py:188} INFO - [2026-08-30T14:12:42.470+0000] {dagbag.py:545} INFO - Filling up the DagBag from /opt/airflow/dags/forecast_logging_dag.py
[2026-08-30T14:12:46.385+0000] {processor.py:840} INFO - DAG(s) 'forecast_logging' retrieved from /opt/airflow/dags/forecast_logging_dag.py
[2026-08-30T14:12:46.450+0000] {logging_mixin.py:188} INFO - [2026-08-30T14:12:46.450+0000] {dag.py:3089} INFO - Sync 1 DAGs
[2026-08-30T14:12:46.506+0000] {logging_mixin.py:188} INFO - [2026-08-30T14:12:46.505+0000] {dag.py:3947} INFO - Setting next_dagrun for forecast_logging to 2026-08-30 00:00:00+00:00, run_after=2026-08-31 00:00:00+00:00
[2026-08-30T14:12:46.546+0000] {processor.py:183} INFO - Processing /opt/airflow/dags/forecast_logging_dag.py took 4.109 seconds
[2026-08-30T14:13:17.426+0000] {processor.py:161} INFO - Started process (PID=6402) to work on /opt/airflow/dags/forecast_logging_dag.py
[2026-08-30T14:13:17.429+0000] {processor.py:830} INFO - Processing file /opt/airflow/dags/forecast_logging_dag.py for tasks to queue
[2026-08-30T14:13:17.437+0000] {logging_mixin.py:188} INFO - [2026-08-30T14:13:17.437+0000] {dagbag.py:545} INFO - Filling up the DagBag from /opt/airflow/dags/forecast_logging_dag.py
[2026-08-30T14:13:21.542+0000] {processor.py:840} INFO - DAG(s) 'forecast_logging' retrieved from /opt/airflow/dags/forecast_logging_dag.py
[2026-08-30T14:13:21.603+0000] {logging_mixin.py:188} INFO - [2026-08-30T14:13:21.602+0000] {dag.py:3089} INFO - Sync 1 DAGs
[2026-08-30T14:13:21.647+0000] {logging_mixin.py:188} INFO - [2026-08-30T14:13:21.647+0000] {dag.py:3947} INFO - Setting next_dagrun for forecast_logging to 2026-08-30 00:00:00+00:00, run_after=2026-08-31 00:00:00+00:00
[2026-08-30T14:13:21.689+0000] {processor.py:183} INFO - Processing /opt/airflow/dags/forecast_logging_dag.py took 4.284 seconds
[2026-08-30T16:49:49.895+0000] {processor.py:161} INFO - Started process (PID=6435) to work on /opt/airflow/dags/forecast_logging_dag.py
[2026-08-30T16:49:49.898+0000] {processor.py:830} INFO - Processing file /opt/airflow/dags/forecast_logging_dag.py for tasks to queue
[2026-08-30T16:49:49.907+0000] {logging_mixin.py:188} INFO - [2026-08-30T16:49:49.902+0000] {dagbag.py:545} INFO - Filling up the DagBag from /opt/airflow/dags/forecast_logging_dag.py
[2026-08-30T16:49:54.689+0000] {processor.py:840} INFO - DAG(s) 'forecast_logging' retrieved from /opt/airflow/dags/forecast_logging_dag.py
[2026-08-30T16:49:54.734+0000] {logging_mixin.py:188} INFO - [2026-08-30T16:49:54.733+0000] {dag.py:3089} INFO - Sync 1 DAGs
[2026-08-30T16:49:54.772+0000] {logging_mixin.py:188} INFO - [2026-08-30T16:49:54.771+0000] {dag.py:3947} INFO - Setting next_dagrun for forecast_logging to 2026-08-30 00:00:00+00:00, run_after=2026-08-31 00:00:00+00:00
[2026-08-30T16:49:54.845+0000] {processor.py:183} INFO - Processing /opt/airflow/dags/forecast_logging_dag.py took 4.972 seconds
[2026-08-30T16:50:26.169+0000] {processor.py:161} INFO - Started process (PID=6469) to work on /opt/airflow/dags/forecast_logging_dag.py
[2026-08-30T16:50:26.359+0000] {processor.py:830} INFO - Processing file /opt/airflow/dags/forecast_logging_dag.py for tasks to queue
[2026-08-30T16:50:26.365+0000] {logging_mixin.py:188} INFO - [2026-08-30T16:50:26.364+0000] {dagbag.py:545} INFO - Filling up the DagBag from /opt/airflow/dags/forecast_logging_dag.py
[2026-08-30T16:50:57.091+0000] {processor.py:840} INFO - DAG(s) 'forecast_logging' retrieved from /opt/airflow/dags/forecast_logging_dag.py
[2026-08-30T16:50:54.211+0000] {logging_mixin.py:188} INFO - [2026-08-30T16:50:54.192+0000] {dag.py:3089} INFO - Sync 1 DAGs
[2026-08-30T16:50:54.418+0000] {logging_mixin.py:188} INFO - [2026-08-30T16:50:54.417+0000] {dag.py:3947} INFO - Setting next_dagrun for forecast_logging to 2026-08-30 00:00:00+00:00, run_after=2026-08-31 00:00:00+00:00
[2026-08-30T16:50:54.583+0000] {processor.py:183} INFO - Processing /opt/airflow/dags/forecast_logging_dag.py took 31.631 seconds
[2026-08-30T16:51:25.722+0000] {processor.py:161} INFO - Started process (PID=6506) to work on /opt/airflow/dags/forecast_logging_dag.py
[2026-08-30T16:51:25.725+0000] {processor.py:830} INFO - Processing file /opt/airflow/dags/forecast_logging_dag.py for tasks to queue
[2026-08-30T16:51:25.730+0000] {logging_mixin.py:188} INFO - [2026-08-30T16:51:25.729+0000] {dagbag.py:545} INFO - Filling up the DagBag from /opt/airflow/dags/forecast_logging_dag.py
[2026-08-30T16:51:30.718+0000] {processor.py:840} INFO - DAG(s) 'forecast_logging' retrieved from /opt/airflow/dags/forecast_logging_dag.py
[2026-08-30T16:51:30.780+0000] {logging_mixin.py:188} INFO - [2026-08-30T16:51:30.779+0000] {dag.py:3089} INFO - Sync 1 DAGs
[2026-08-30T16:51:30.828+0000] {logging_mixin.py:188} INFO - [2026-08-30T16:51:30.827+0000] {dag.py:3947} INFO - Setting next_dagrun for forecast_logging to 2026-08-30 00:00:00+00:00, run_after=2026-08-31 00:00:00+00:00
[2026-08-30T16:51:30.870+0000] {processor.py:183} INFO - Processing /opt/airflow/dags/forecast_logging_dag.py took 5.169 seconds
[2026-08-30T16:52:01.566+0000] {processor.py:161} INFO - Started process (PID=6562) to work on /opt/airflow/dags/forecast_logging_dag.py
[2026-08-30T16:52:01.568+0000] {processor.py:830} INFO - Processing file /opt/airflow/dags/forecast_logging_dag.py for tasks to queue
[2026-08-30T16:52:01.573+0000] {logging_mixin.py:188} INFO - [2026-08-30T16:52:01.572+0000] {dagbag.py:545} INFO - Filling up the DagBag from /opt/airflow/dags/forecast_logging_dag.py
[2026-08-30T16:52:05.532+0000] {processor.py:840} INFO - DAG(s) 'forecast_logging' retrieved from /opt/airflow/dags/forecast_logging_dag.py
[2026-08-30T16:52:05.592+0000] {logging_mixin.py:188} INFO - [2026-08-30T16:52:05.590+0000] {dag.py:3089} INFO - Sync 1 DAGs
[2026-08-30T16:52:05.636+0000] {logging_mixin.py:188} INFO - [2026-08-30T16:52:05.635+0000] {dag.py:3947} INFO - Setting next_dagrun for forecast_logging to 2026-08-30 00:00:00+00:00, run_after=2026-08-31 00:00:00+00:00
[2026-08-30T16:52:05.680+0000] {processor.py:183} INFO - Processing /opt/airflow/dags/forecast_logging_dag.py took 4.132 seconds
[2026-08-30T16:52:36.027+0000] {processor.py:161} INFO - Started process (PID=6606) to work on /opt/airflow/dags/forecast_logging_dag.py
[2026-08-30T16:52:36.030+0000] {processor.py:830} INFO - Processing file /opt/airflow/dags/forecast_logging_dag.py for tasks to queue
[2026-08-30T16:52:36.035+0000] {logging_mixin.py:188} INFO - [2026-08-30T16:52:36.034+0000] {dagbag.py:545} INFO - Filling up the DagBag from /opt/airflow/dags/forecast_logging_dag.py
[2026-08-30T16:52:39.775+0000] {processor.py:840} INFO - DAG(s) 'forecast_logging' retrieved from /opt/airflow/dags/forecast_logging_dag.py
[2026-08-30T16:52:39.826+0000] {logging_mixin.py:188} INFO - [2026-08-30T16:52:39.825+0000] {dag.py:3089} INFO - Sync 1 DAGs
[2026-08-30T16:52:39.866+0000] {logging_mixin.py:188} INFO - [2026-08-30T16:52:39.865+0000] {dag.py:3947} INFO - Setting next_dagrun for forecast_logging to 2026-08-30 00:00:00+00:00, run_after=2026-08-31 00:00:00+00:00
[2026-08-30T16:52:39.905+0000] {processor.py:183} INFO - Processing /opt/airflow/dags/forecast_logging_dag.py took 3.899 seconds
[2026-08-30T16:53:10.692+0000] {processor.py:161} INFO - Started process (PID=6656) to work on /opt/airflow/dags/forecast_logging_dag.py
[2026-08-30T16:53:10.695+0000] {processor.py:830} INFO - Processing file /opt/airflow/dags/forecast_logging_dag.py for tasks to queue
[2026-08-30T16:53:10.700+0000] {logging_mixin.py:188} INFO - [2026-08-30T16:53:10.699+0000] {dagbag.py:545} INFO - Filling up the DagBag from /opt/airflow/dags/forecast_logging_dag.py
[2026-08-30T16:53:14.587+0000] {processor.py:840} INFO - DAG(s) 'forecast_logging' retrieved from /opt/airflow/dags/forecast_logging_dag.py
[2026-08-30T16:53:14.639+0000] {logging_mixin.py:188} INFO - [2026-08-30T16:53:14.638+0000] {dag.py:3089} INFO - Sync 1 DAGs
[2026-08-30T16:53:14.680+0000] {logging_mixin.py:188} INFO - [2026-08-30T16:53:14.680+0000] {dag.py:3947} INFO - Setting next_dagrun for forecast_logging to 2026-08-30 00:00:00+00:00, run_after=2026-08-31 00:00:00+00:00
[2026-08-30T16:53:14.741+0000] {processor.py:183} INFO - Processing /opt/airflow/dags/forecast_logging_dag.py took 4.070 seconds
[2026-08-30T16:53:47.029+0000] {processor.py:161} INFO - Started process (PID=6735) to work on /opt/airflow/dags/forecast_logging_dag.py
[2026-08-30T16:53:47.032+0000] {processor.py:830} INFO - Processing file /opt/airflow/dags/forecast_logging_dag.py for tasks to queue
[2026-08-30T16:53:47.037+0000] {logging_mixin.py:188} INFO - [2026-08-30T16:53:47.036+0000] {dagbag.py:545} INFO - Filling up the DagBag from /opt/airflow/dags/forecast_logging_dag.py
[2026-08-30T16:53:51.064+0000] {processor.py:840} INFO - DAG(s) 'forecast_logging' retrieved from /opt/airflow/dags/forecast_logging_dag.py
[2026-08-30T16:53:51.124+0000] {logging_mixin.py:188} INFO - [2026-08-30T16:53:51.122+0000] {dag.py:3089} INFO - Sync 1 DAGs
[2026-08-30T16:53:51.178+0000] {logging_mixin.py:188} INFO - [2026-08-30T16:53:51.178+0000] {dag.py:3947} INFO - Setting next_dagrun for forecast_logging to 2026-08-30 00:00:00+00:00, run_after=2026-08-31 00:00:00+00:00
[2026-08-30T16:53:51.220+0000] {processor.py:183} INFO - Processing /opt/airflow/dags/forecast_logging_dag.py took 4.213 seconds
[2026-08-30T16:54:21.735+0000] {processor.py:161} INFO - Started process (PID=6784) to work on /opt/airflow/dags/forecast_logging_dag.py
[2026-08-30T16:54:21.739+0000] {processor.py:830} INFO - Processing file /opt/airflow/dags/forecast_logging_dag.py for tasks to queue
[2026-08-30T16:54:21.748+0000] {logging_mixin.py:188} INFO - [2026-08-30T16:54:21.747+0000] {dagbag.py:545} INFO - Filling up the DagBag from /opt/airflow/dags/forecast_logging_dag.py
[2026-08-30T16:54:25.519+0000] {processor.py:840} INFO - DAG(s) 'forecast_logging' retrieved from /opt/airflow/dags/forecast_logging_dag.py
[2026-08-30T16:54:25.572+0000] {logging_mixin.py:188} INFO - [2026-08-30T16:54:25.571+0000] {dag.py:3089} INFO - Sync 1 DAGs
[2026-08-30T16:54:25.618+0000] {logging_mixin.py:188} INFO - [2026-08-30T16:54:25.617+0000] {dag.py:3947} INFO - Setting next_dagrun for forecast_logging to 2026-08-30 00:00:00+00:00, run_after=2026-08-31 00:00:00+00:00
[2026-08-30T16:54:25.660+0000] {processor.py:183} INFO - Processing /opt/airflow/dags/forecast_logging_dag.py took 3.949 seconds
[2026-08-30T16:54:56.475+0000] {processor.py:161} INFO - Started process (PID=6832) to work on /opt/airflow/dags/forecast_logging_dag.py
[2026-08-30T16:54:56.477+0000] {processor.py:830} INFO - Processing file /opt/airflow/dags/forecast_logging_dag.py for tasks to queue
[2026-08-30T16:54:56.502+0000] {logging_mixin.py:188} INFO - [2026-08-30T16:54:56.501+0000] {dagbag.py:545} INFO - Filling up the DagBag from /opt/airflow/dags/forecast_logging_dag.py
[2026-08-30T16:55:16.123+0000] {processor.py:840} INFO - DAG(s) 'forecast_logging' retrieved from /opt/airflow/dags/forecast_logging_dag.py
[2026-08-30T16:55:16.302+0000] {logging_mixin.py:188} INFO - [2026-08-30T16:55:16.301+0000] {dag.py:3089} INFO - Sync 1 DAGs
[2026-08-30T16:55:16.353+0000] {logging_mixin.py:188} INFO - [2026-08-30T16:55:16.352+0000] {dag.py:3947} INFO - Setting next_dagrun for forecast_logging to 2026-08-30 00:00:00+00:00, run_after=2026-08-31 00:00:00+00:00
[2026-08-30T16:55:16.477+0000] {processor.py:183} INFO - Processing /opt/airflow/dags/forecast_logging_dag.py took 22.494 seconds
[2026-08-30T16:55:46.740+0000] {processor.py:161} INFO - Started process (PID=6945) to work on /opt/airflow/dags/forecast_logging_dag.py
[2026-08-30T16:55:46.743+0000] {processor.py:830} INFO - Processing file /opt/airflow/dags/forecast_logging_dag.py for tasks to queue
[2026-08-30T16:55:46.751+0000] {logging_mixin.py:188} INFO - [2026-08-30T16:55:46.750+0000] {dagbag.py:545} INFO - Filling up the DagBag from /opt/airflow/dags/forecast_logging_dag.py
[2026-08-30T16:55:53.511+0000] {processor.py:840} INFO - DAG(s) 'forecast_logging' retrieved from /opt/airflow/dags/forecast_logging_dag.py
[2026-08-30T16:55:53.802+0000] {logging_mixin.py:188} INFO - [2026-08-30T16:55:53.798+0000] {dag.py:3089} INFO - Sync 1 DAGs
[2026-08-30T16:55:54.427+0000] {logging_mixin.py:188} INFO - [2026-08-30T16:55:54.426+0000] {dag.py:3947} INFO - Setting next_dagrun for forecast_logging to 2026-08-30 00:00:00+00:00, run_after=2026-08-31 00:00:00+00:00
[2026-08-30T16:55:54.985+0000] {processor.py:183} INFO - Processing /opt/airflow/dags/forecast_logging_dag.py took 8.277 seconds
[2026-08-30T16:56:25.630+0000] {processor.py:161} INFO - Started process (PID=6998) to work on /opt/airflow/dags/forecast_logging_dag.py
[2026-08-30T16:56:25.646+0000] {processor.py:830} INFO - Processing file /opt/airflow/dags/forecast_logging_dag.py for tasks to queue
[2026-08-30T16:56:25.722+0000] {logging_mixin.py:188} INFO - [2026-08-30T16:56:25.721+0000] {dagbag.py:545} INFO - Filling up the DagBag from /opt/airflow/dags/forecast_logging_dag.py
[2026-08-30T16:56:31.113+0000] {processor.py:840} INFO - DAG(s) 'forecast_logging' retrieved from /opt/airflow/dags/forecast_logging_dag.py
[2026-08-30T16:56:31.166+0000] {logging_mixin.py:188} INFO - [2026-08-30T16:56:31.165+0000] {dag.py:3089} INFO - Sync 1 DAGs
[2026-08-30T16:56:31.213+0000] {logging_mixin.py:188} INFO - [2026-08-30T16:56:31.213+0000] {dag.py:3947} INFO - Setting next_dagrun for forecast_logging to 2026-08-30 00:00:00+00:00, run_after=2026-08-31 00:00:00+00:00
[2026-08-30T16:56:31.256+0000] {processor.py:183} INFO - Processing /opt/airflow/dags/forecast_logging_dag.py took 7.974 seconds
[2026-08-30T16:57:02.227+0000] {processor.py:161} INFO - Started process (PID=7096) to work on /opt/airflow/dags/forecast_logging_dag.py
[2026-08-30T16:57:02.231+0000] {processor.py:830} INFO - Processing file /opt/airflow/dags/forecast_logging_dag.py for tasks to queue
[2026-08-30T16:57:02.259+0000] {logging_mixin.py:188} INFO - [2026-08-30T16:57:02.257+0000] {dagbag.py:545} INFO - Filling up the DagBag from /opt/airflow/dags/forecast_logging_dag.py
[2026-08-30T16:57:08.636+0000] {processor.py:840} INFO - DAG(s) 'forecast_logging' retrieved from /opt/airflow/dags/forecast_logging_dag.py
[2026-08-30T16:57:08.685+0000] {logging_mixin.py:188} INFO - [2026-08-30T16:57:08.685+0000] {dag.py:3089} INFO - Sync 1 DAGs
[2026-08-30T16:57:08.726+0000] {logging_mixin.py:188} INFO - [2026-08-30T16:57:08.725+0000] {dag.py:3947} INFO - Setting next_dagrun for forecast_logging to 2026-08-30 00:00:00+00:00, run_after=2026-08-31 00:00:00+00:00
[2026-08-30T16:57:08.759+0000] {processor.py:183} INFO - Processing /opt/airflow/dags/forecast_logging_dag.py took 6.591 seconds
[2026-08-30T16:57:39.311+0000] {processor.py:161} INFO - Started process (PID=7145) to work on /opt/airflow/dags/forecast_logging_dag.py
[2026-08-30T16:57:39.314+0000] {processor.py:830} INFO - Processing file /opt/airflow/dags/forecast_logging_dag.py for tasks to queue
[2026-08-30T16:57:39.319+0000] {logging_mixin.py:188} INFO - [2026-08-30T16:57:39.318+0000] {dagbag.py:545} INFO - Filling up the DagBag from /opt/airflow/dags/forecast_logging_dag.py
[2026-08-30T16:57:43.244+0000] {processor.py:840} INFO - DAG(s) 'forecast_logging' retrieved from /opt/airflow/dags/forecast_logging_dag.py
[2026-08-30T16:57:43.297+0000] {logging_mixin.py:188} INFO - [2026-08-30T16:57:43.296+0000] {dag.py:3089} INFO - Sync 1 DAGs
[2026-08-30T16:57:43.335+0000] {logging_mixin.py:188} INFO - [2026-08-30T16:57:43.334+0000] {dag.py:3947} INFO - Setting next_dagrun for forecast_logging to 2026-08-30 00:00:00+00:00, run_after=2026-08-31 00:00:00+00:00
[2026-08-30T16:57:43.374+0000] {processor.py:183} INFO - Processing /opt/airflow/dags/forecast_logging_dag.py took 4.086 seconds
[2026-08-30T16:58:13.694+0000] {processor.py:161} INFO - Started process (PID=7190) to work on /opt/airflow/dags/forecast_logging_dag.py
[2026-08-30T16:58:13.697+0000] {processor.py:830} INFO - Processing file /opt/airflow/dags/forecast_logging_dag.py for tasks to queue
[2026-08-30T16:58:13.703+0000] {logging_mixin.py:188} INFO - [2026-08-30T16:58:13.702+0000] {dagbag.py:545} INFO - Filling up the DagBag from /opt/airflow/dags/forecast_logging_dag.py
[2026-08-30T16:58:17.740+0000] {processor.py:840} INFO - DAG(s) 'forecast_logging' retrieved from /opt/airflow/dags/forecast_logging_dag.py
[2026-08-30T16:58:17.791+0000] {logging_mixin.py:188} INFO - [2026-08-30T16:58:17.791+0000] {dag.py:3089} INFO - Sync 1 DAGs
[2026-08-30T16:58:17.830+0000] {logging_mixin.py:188} INFO - [2026-08-30T16:58:17.829+0000] {dag.py:3947} INFO - Setting next_dagrun for forecast_logging to 2026-08-30 00:00:00+00:00, run_after=2026-08-31 00:00:00+00:00
[2026-08-30T16:58:17.864+0000] {processor.py:183} INFO - Processing /opt/airflow/dags/forecast_logging_dag.py took 4.196 seconds
[2026-08-30T16:58:48.464+0000] {processor.py:161} INFO - Started process (PID=7241) to work on /opt/airflow/dags/forecast_logging_dag.py
[2026-08-30T16:58:48.466+0000] {processor.py:830} INFO - Processing file /opt/airflow/dags/forecast_logging_dag.py for tasks to queue
[2026-08-30T16:58:48.472+0000] {logging_mixin.py:188} INFO - [2026-08-30T16:58:48.471+0000] {dagbag.py:545} INFO - Filling up the DagBag from /opt/airflow/dags/forecast_logging_dag.py
[2026-08-30T16:58:48.817+0000] {processor.py:840} INFO - DAG(s) 'forecast_logging' retrieved from /opt/airflow/dags/forecast_logging_dag.py
[2026-08-30T16:58:48.870+0000] {logging_mixin.py:188} INFO - [2026-08-30T16:58:48.869+0000] {dag.py:3089} INFO - Sync 1 DAGs
[2026-08-30T16:58:48.909+0000] {logging_mixin.py:188} INFO - [2026-08-30T16:58:48.909+0000] {dag.py:3947} INFO - Setting next_dagrun for forecast_logging to 2026-08-30 00:00:00+00:00, run_after=2026-08-31 00:00:00+00:00
[2026-08-30T16:58:48.949+0000] {processor.py:183} INFO - Processing /opt/airflow/dags/forecast_logging_dag.py took 3.928 seconds
[2026-08-30T16:59:19.320+0000] {processor.py:161} INFO - Started process (PID=7310) to work on /opt/airflow/dags/forecast_logging_dag.py
[2026-08-30T16:59:19.322+0000] {processor.py:830} INFO - Processing file /opt/airflow/dags/forecast_logging_dag.py for tasks to queue
[2026-08-30T16:59:19.328+0000] {logging_mixin.py:188} INFO - [2026-08-30T16:59:19.327+0000] {dagbag.py:545} INFO - Filling up the DagBag from /opt/airflow/dags/forecast_logging_dag.py
[2026-08-30T16:59:23.187+0000] {processor.py:840} INFO - DAG(s) 'forecast_logging' retrieved from /opt/airflow/dags/forecast_logging_dag.py
[2026-08-30T16:59:23.238+0000] {logging_mixin.py:188} INFO - [2026-08-30T16:59:23.237+0000] {dag.py:3089} INFO - Sync 1 DAGs
[2026-08-30T16:59:23.288+0000] {logging_mixin.py:188} INFO - [2026-08-30T16:59:23.287+0000] {dag.py:3947} INFO - Setting next_dagrun for forecast_logging to 2026-08-30 00:00:00+00:00, run_after=2026-08-31 00:00:00+00:00
[2026-08-30T16:59:23.326+0000] {processor.py:183} INFO - Processing /opt/airflow/dags/forecast_logging_dag.py took 4.025 seconds
[2026-08-30T16:59:54.061+0000] {processor.py:161} INFO - Started process (PID=7364) to work on /opt/airflow/dags/forecast_logging_dag.py
[2026-08-30T16:59:54.068+0000] {processor.py:830} INFO - Processing file /opt/airflow/dags/forecast_logging_dag.py for tasks to queue
[2026-08-30T16:59:54.076+0000] {logging_mixin.py:188} INFO - [2026-08-30T16:59:54.075+0000] {dagbag.py:545} INFO - Filling up the DagBag from /opt/airflow/dags/forecast_logging_dag.py
[2026-08-30T16:59:58.279+0000] {processor.py:840} INFO - DAG(s) 'forecast_logging' retrieved from /opt/airflow/dags/forecast_logging_dag.py
[2026-08-30T16:59:58.331+0000] {logging_mixin.py:188} INFO - [2026-08-30T16:59:58.330+0000] {dag.py:3089} INFO - Sync 1 DAGs
[2026-08-30T16:59:58.386+0000] {logging_mixin.py:188} INFO - [2026-08-30T16:59:58.385+0000] {dag.py:3947} INFO - Setting next_dagrun for forecast_logging to 2026-08-30 00:00:00+00:00, run_after=2026-08-31 00:00:00+00:00
[2026-08-30T16:59:58.430+0000] {processor.py:183} INFO - Processing /opt/airflow/dags/forecast_logging_dag.py took 4.388 seconds
[2026-08-30T17:00:29.486+0000] {processor.py:161} INFO - Started process (PID=7420) to work on /opt/airflow/dags/forecast_logging_dag.py
[2026-08-30T17:00:29.489+0000] {processor.py:830} INFO - Processing file /opt/airflow/dags/forecast_logging_dag.py for tasks to queue
[2026-08-30T17:00:29.496+0000] {logging_mixin.py:188} INFO - [2026-08-30T17:00:29.495+0000] {dagbag.py:545} INFO - Filling up the DagBag from /opt/airflow/dags/forecast_logging_dag.py
[2026-08-30T17:00:33.324+0000] {processor.py:840} INFO - DAG(s) 'forecast_logging' retrieved from /opt/airflow/dags/forecast_logging_dag.py
[2026-08-30T17:00:33.378+0000] {logging_mixin.py:188} INFO - [2026-08-30T17:00:33.377+0000] {dag.py:3089} INFO - Sync 1 DAGs
[2026-08-30T17:00:33.413+0000] {logging_mixin.py:188} INFO - [2026-08-30T17:00:33.413+0000] {dag.py:3947} INFO - Setting next_dagrun for forecast_logging to 2026-08-30 00:00:00+00:00, run_after=2026-08-31 00:00:00+00:00
[2026-08-30T17:00:33.450+0000] {processor.py:183} INFO - Processing /opt/airflow/dags/forecast_logging_dag.py took 3.983 seconds
[2026-08-30T17:01:03.957+0000] {processor.py:161} INFO - Started process (PID=7492) to work on /opt/airflow/dags/forecast_logging_dag.py
[2026-08-30T17:01:03.960+0000] {processor.py:830} INFO - Processing file /opt/airflow/dags/forecast_logging_dag.py for tasks to queue
[2026-08-30T17:01:03.967+0000] {logging_mixin.py:188} INFO - [2026-08-30T17:01:03.966+0000] {dagbag.py:545} INFO - Filling up the DagBag from /opt/airflow/dags/forecast_logging_dag.py
[2026-08-30T17:01:05.433+0000] {processor.py:840} INFO - DAG(s) 'forecast_logging' retrieved from /opt/airflow/dags/forecast_logging_dag.py
[2026-08-30T17:01:05.484+0000] {logging_mixin.py:188} INFO - [2026-08-30T17:01:05.484+0000] {dag.py:3089} INFO - Sync 1 DAGs
[2026-08-30T17:01:05.521+0000] {logging_mixin.py:188} INFO - [2026-08-30T17:01:05.521+0000] {dag.py:3947} INFO - Setting next_dagrun for forecast_logging to 2026-08-30 00:00:00+00:00, run_after=2026-08-31 00:00:00+00:00
[2026-08-30T17:01:05.558+0000] {processor.py:183} INFO - Processing /opt/airflow/dags/forecast_logging_dag.py took 3.917 seconds
[2026-08-30T17:01:36.157+0000] {processor.py:161} INFO - Started process (PID=7520) to work on /opt/airflow/dags/forecast_logging_dag.py
[2026-08-30T17:01:36.160+0000] {processor.py:830} INFO - Processing file /opt/airflow/dags/forecast_logging_dag.py for tasks to queue
[2026-08-30T17:01:36.165+0000] {logging_mixin.py:188} INFO - [2026-08-30T17:01:36.165+0000] {dagbag.py:545} INFO - Filling up the DagBag from /opt/airflow/dags/forecast_logging_dag.py
[2026-08-30T17:01:39.723+0000] {processor.py:840} INFO - DAG(s) 'forecast_logging' retrieved from /opt/airflow/dags/forecast_logging_dag.py
[2026-08-30T17:01:39.768+0000] {logging_mixin.py:188} INFO - [2026-08-30T17:01:39.768+0000] {dag.py:3089} INFO - Sync 1 DAGs
[2026-08-30T17:01:39.803+0000] {logging_mixin.py:188} INFO - [2026-08-30T17:01:39.803+0000] {dag.py:3947} INFO - Setting next_dagrun for forecast_logging to 2026-08-30 00:00:00+00:00, run_after=2026-08-31 00:00:00+00:00
[2026-08-30T17:01:39.840+0000] {processor.py:183} INFO - Processing /opt/airflow/dags/forecast_logging_dag.py took 3.706 seconds
[2026-08-30T17:02:10.529+0000] {processor.py:161} INFO - Started process (PID=7552) to work on /opt/airflow/dags/forecast_logging_dag.py
[2026-08-30T17:02:10.533+0000] {processor.py:830} INFO - Processing file /opt/airflow/dags/forecast_logging_dag.py for tasks to queue
[2026-08-30T17:02:10.539+0000] {logging_mixin.py:188} INFO - [2026-08-30T17:02:10.538+0000] {dagbag.py:545} INFO - Filling up the DagBag from /opt/airflow/dags/forecast_logging_dag.py
[2026-08-30T17:02:14.195+0000] {processor.py:840} INFO - DAG(s) 'forecast_logging' retrieved from /opt/airflow/dags/forecast_logging_dag.py
[2026-08-30T17:02:14.244+0000] {logging_mixin.py:188} INFO - [2026-08-30T17:02:14.243+0000] {dag.py:3089} INFO - Sync 1 DAGs
[2026-08-30T17:02:14.283+0000] {logging_mixin.py:188} INFO - [2026-08-30T17:02:14.282+0000] {dag.py:3947} INFO - Setting next_dagrun for forecast_logging to 2026-08-30 00:00:00+00:00, run_after=2026-08-31 00:00:00+00:00
[2026-08-30T17:02:14.327+0000] {processor.py:183} INFO - Processing /opt/airflow/dags/forecast_logging_dag.py took 3.819 seconds
[2026-08-30T17:02:45.146+0000] {processor.py:161} INFO - Started process (PID=7616) to work on /opt/airflow/dags/forecast_logging_dag.py
[2026-08-30T17:02:45.149+0000] {processor.py:830} INFO - Processing file /opt/airflow/dags/forecast_logging_dag.py for tasks to queue
[2026-08-30T17:02:45.156+0000] {logging_mixin.py:188} INFO - [2026-08-30T17:02:45.155+0000] {dagbag.py:545} INFO - Filling up the DagBag from /opt/airflow/dags/forecast_logging_dag.py
[2026-08-30T17:02:48.840+0000] {processor.py:840} INFO - DAG(s) 'forecast_logging' retrieved from /opt/airflow/dags/forecast_logging_dag.py
[2026-08-30T17:02:48.891+0000] {logging_mixin.py:188} INFO - [2026-08-30T17:02:48.891+0000] {dag.py:3089} INFO - Sync 1 DAGs
[2026-08-30T17:02:48.931+0000] {logging_mixin.py:188} INFO - [2026-08-30T17:02:48.930+0000] {dag.py:3947} INFO - Setting next_dagrun for forecast_logging to 2026-08-30 00:00:00+00:00, run_after=2026-08-31 00:00:00+00:00
[2026-08-30T17:02:48.968+0000] {processor.py:183} INFO - Processing /opt/airflow/dags/forecast_logging_dag.py took 3.851 seconds
[2026-08-30T17:03:19.506+0000] {processor.py:161} INFO - Started process (PID=7661) to work on /opt/airflow/dags/forecast_logging_dag.py
[2026-08-30T17:03:19.509+0000] {processor.py:830} INFO - Processing file /opt/airflow/dags/forecast_logging_dag.py for tasks to queue
[2026-08-30T17:03:19.519+0000] {logging_mixin.py:188} INFO - [2026-08-30T17:03:19.517+0000] {dagbag.py:545} INFO - Filling up the DagBag from /opt/airflow/dags/forecast_logging_dag.py
[2026-08-30T17:03:23.480+0000] {processor.py:840} INFO - DAG(s) 'forecast_logging' retrieved from /opt/airflow/dags/forecast_logging_dag.py
[2026-08-30T17:03:23.532+0000] {logging_mixin.py:188} INFO - [2026-08-30T17:03:23.532+0000] {dag.py:3089} INFO - Sync 1 DAGs
[2026-08-30T17:03:23.579+0000] {logging_mixin.py:188} INFO - [2026-08-30T17:03:23.578+0000] {dag.py:3947} INFO - Setting next_dagrun for forecast_logging to 2026-08-30 00:00:00+00:00, run_after=2026-08-31 00:00:00+00:00
[2026-08-30T17:03:23.617+0000] {processor.py:183} INFO - Processing /opt/airflow/dags/forecast_logging_dag.py took 4.133 seconds
[2026-08-30T17:03:53.827+0000] {processor.py:161} INFO - Started process (PID=7734) to work on /opt/airflow/dags/forecast_logging_dag.py
[2026-08-30T17:03:53.830+0000] {processor.py:830} INFO - Processing file /opt/airflow/dags/forecast_logging_dag.py for tasks to queue
[2026-08-30T17:03:53.836+0000] {logging_mixin.py:188} INFO - [2026-08-30T17:03:53.835+0000] {dagbag.py:545} INFO - Filling up the DagBag from /opt/airflow/dags/forecast_logging_dag.py
[2026-08-30T17:03:58.004+0000] {processor.py:840} INFO - DAG(s) 'forecast_logging' retrieved from /opt/airflow/dags/forecast_logging_dag.py
[2026-08-30T17:03:58.054+0000] {logging_mixin.py:188} INFO - [2026-08-30T17:03:58.053+0000] {dag.py:3089} INFO - Sync 1 DAGs
[2026-08-30T17:03:58.093+0000] {logging_mixin.py:188} INFO - [2026-08-30T17:03:58.093+0000] {dag.py:3947} INFO - Setting next_dagrun for forecast_logging to 2026-08-30 00:00:00+00:00, run_after=2026-08-31 00:00:00+00:00
[2026-08-30T17:03:58.135+0000] {processor.py:183} INFO - Processing /opt/airflow/dags/forecast_logging_dag.py took 4.329 seconds
[2026-08-30T17:04:28.638+0000] {processor.py:161} INFO - Started process (PID=7785) to work on /opt/airflow/dags/forecast_logging_dag.py
[2026-08-30T17:04:28.641+0000] {processor.py:830} INFO - Processing file /opt/airflow/dags/forecast_logging_dag.py for tasks to queue
[2026-08-30T17:04:28.647+0000] {logging_mixin.py:188} INFO - [2026-08-30T17:04:28.646+0000] {dagbag.py:545} INFO - Filling up the DagBag from /opt/airflow/dags/forecast_logging_dag.py
[2026-08-30T17:04:32.451+0000] {processor.py:840} INFO - DAG(s) 'forecast_logging' retrieved from /opt/airflow/dags/forecast_logging_dag.py
[2026-08-30T17:04:32.502+0000] {logging_mixin.py:188} INFO - [2026-08-30T17:04:32.501+0000] {dag.py:3089} INFO - Sync 1 DAGs
[2026-08-30T17:04:32.540+0000] {logging_mixin.py:188} INFO - [2026-08-30T17:04:32.540+0000] {dag.py:3947} INFO - Setting next_dagrun for forecast_logging to 2026-08-30 00:00:00+00:00, run_after=2026-08-31 00:00:00+00:00
[2026-08-30T17:04:32.581+0000] {processor.py:183} INFO - Processing /opt/airflow/dags/forecast_logging_dag.py took 3.960 seconds
[2026-08-30T17:05:03.499+0000] {processor.py:161} INFO - Started process (PID=7845) to work on /opt/airflow/dags/forecast_logging_dag.py
[2026-08-30T17:05:03.502+0000] {processor.py:830} INFO - Processing file /opt/airflow/dags/forecast_logging_dag.py for tasks to queue
[2026-08-30T17:05:03.508+0000] {logging_mixin.py:188} INFO - [2026-08-30T17:05:03.507+0000] {dagbag.py:545} INFO - Filling up the DagBag from /opt/airflow/dags/forecast_logging_dag.py
[2026-08-30T17:05:07.832+0000] {processor.py:840} INFO - DAG(s) 'forecast_logging' retrieved from /opt/airflow/dags/forecast_logging_dag.py
[2026-08-30T17:05:07.899+0000] {logging_mixin.py:188} INFO - [2026-08-30T17:05:07.898+0000] {dag.py:3089} INFO - Sync 1 DAGs
[2026-08-30T17:05:07.951+0000] {logging_mixin.py:188} INFO - [2026-08-30T17:05:07.951+0000] {dag.py:3947} INFO - Setting next_dagrun for forecast_logging to 2026-08-30 00:00:00+00:00, run_after=2026-08-31 00:00:00+00:00
[2026-08-30T17:05:07.990+0000] {processor.py:183} INFO - Processing /opt/airflow/dags/forecast_logging_dag.py took 4.512 seconds
[2026-08-30T17:05:38.859+0000] {processor.py:161} INFO - Started process (PID=7893) to work on /opt/airflow/dags/forecast_logging_dag.py
[2026-08-30T17:05:38.862+0000] {processor.py:830} INFO - Processing file /opt/airflow/dags/forecast_logging_dag.py for tasks to queue
[2026-08-30T17:05:38.870+0000] {logging_mixin.py:188} INFO - [2026-08-30T17:05:38.869+0000] {dagbag.py:545} INFO - Filling up the DagBag from /opt/airflow/dags/forecast_logging_dag.py
[2026-08-30T17:05:42.304+0000] {processor.py:840} INFO - DAG(s) 'forecast_logging' retrieved from /opt/airflow/dags/forecast_logging_dag.py
[2026-08-30T17:05:42.345+0000] {logging_mixin.py:188} INFO - [2026-08-30T17:05:42.344+0000] {dag.py:3089} INFO - Sync 1 DAGs
[2026-08-30T17:05:43.793+0000] {logging_mixin.py:188} INFO - [2026-08-30T17:05:43.792+0000] {dag.py:3947} INFO - Setting next_dagrun for forecast_logging to 2026-08-30 00:00:00+00:00, run_after=2026-08-31 00:00:00+00:00
[2026-08-30T17:05:44.014+0000] {processor.py:183} INFO - Processing /opt/airflow/dags/forecast_logging_dag.py took 3.809 seconds
[2026-08-30T18:38:34.130+0000] {processor.py:161} INFO - Started process (PID=7917) to work on /opt/airflow/dags/forecast_logging_dag.py
[2026-08-30T18:38:34.132+0000] {processor.py:830} INFO - Processing file /opt/airflow/dags/forecast_logging_dag.py for tasks to queue
[2026-08-30T18:38:34.155+0000] {logging_mixin.py:188} INFO - [2026-08-30T18:38:34.153+0000] {dagbag.py:545} INFO - Filling up the DagBag from /opt/airflow/dags/forecast_logging_dag.py
[2026-08-30T18:38:38.538+0000] {processor.py:840} INFO - DAG(s) 'forecast_logging' retrieved from /opt/airflow/dags/forecast_logging_dag.py
[2026-08-30T18:38:38.614+0000] {logging_mixin.py:188} INFO - [2026-08-30T18:38:38.613+0000] {dag.py:3089} INFO - Sync 1 DAGs
[2026-08-30T18:38:38.649+0000] {logging_mixin.py:188} INFO - [2026-08-30T18:38:38.648+0000] {dag.py:3947} INFO - Setting next_dagrun for forecast_logging to 2026-08-30 00:00:00+00:00, run_after=2026-08-31 00:00:00+00:00
[2026-08-30T18:38:38.726+0000] {processor.py:183} INFO - Processing /opt/airflow/dags/forecast_logging_dag.py took 4.609 seconds
[2026-08-30T18:39:09.117+0000] {processor.py:161} INFO - Started process (PID=7951) to work on /opt/airflow/dags/forecast_logging_dag.py
[2026-08-30T18:39:09.125+0000] {processor.py:830} INFO - Processing file /opt/airflow/dags/forecast_logging_dag.py for tasks to queue
[2026-08-30T18:39:09.132+0000] {logging_mixin.py:188} INFO - [2026-08-30T18:39:09.131+0000] {dagbag.py:545} INFO - Filling up the DagBag from /opt/airflow/dags/forecast_logging_dag.py
[2026-08-30T18:39:16.312+0000] {processor.py:840} INFO - DAG(s) 'forecast_logging' retrieved from /opt/airflow/dags/forecast_logging_dag.py
[2026-08-30T18:39:16.349+0000] {logging_mixin.py:188} INFO - [2026-08-30T18:39:16.348+0000] {dag.py:3089} INFO - Sync 1 DAGs
[2026-08-30T18:39:16.377+0000] {logging_mixin.py:188} INFO - [2026-08-30T18:39:16.377+0000] {dag.py:3947} INFO - Setting next_dagrun for forecast_logging to 2026-08-30 00:00:00+00:00, run_after=2026-08-31 00:00:00+00:00
[2026-08-30T18:39:17.047+0000] {processor.py:183} INFO - Processing /opt/airflow/dags/forecast_logging_dag.py took 7.949 seconds
[2026-08-30T18:39:47.928+0000] {processor.py:161} INFO - Started process (PID=7989) to work on /opt/airflow/dags/forecast_logging_dag.py
[2026-08-30T18:39:47.930+0000] {processor.py:830} INFO - Processing file /opt/airflow/dags/forecast_logging_dag.py for tasks to queue
[2026-08-30T18:39:47.934+0000] {logging_mixin.py:188} INFO - [2026-08-30T18:39:47.934+0000] {dagbag.py:545} INFO - Filling up the DagBag from /opt/airflow/dags/forecast_logging_dag.py
[2026-08-30T18:39:53.281+0000] {processor.py:840} INFO - DAG(s) 'forecast_logging' retrieved from /opt/airflow/dags/forecast_logging_dag.py
[2026-08-30T18:39:53.321+0000] {logging_mixin.py:188} INFO - [2026-08-30T18:39:53.320+0000] {dag.py:3089} INFO - Sync 1 DAGs
[2026-08-30T18:39:53.351+0000] {logging_mixin.py:188} INFO - [2026-08-30T18:39:53.351+0000] {dag.py:3947} INFO - Setting next_dagrun for forecast_logging to 2026-08-30 00:00:00+00:00, run_after=2026-08-31 00:00:00+00:00
[2026-08-30T18:39:53.385+0000] {processor.py:183} INFO - Processing /opt/airflow/dags/forecast_logging_dag.py took 5.469 seconds
[2026-08-30T18:40:23.562+0000] {processor.py:161} INFO - Started process (PID=8019) to work on /opt/airflow/dags/forecast_logging_dag.py
[2026-08-30T18:40:23.565+0000] {processor.py:830} INFO - Processing file /opt/airflow/dags/forecast_logging_dag.py for tasks to queue
[2026-08-30T18:40:23.572+0000] {logging_mixin.py:188} INFO - [2026-08-30T18:40:23.571+0000] {dagbag.py:545} INFO - Filling up the DagBag from /opt/airflow/dags/forecast_logging_dag.py
[2026-08-30T18:40:27.246+0000] {processor.py:840} INFO - DAG(s) 'forecast_logging' retrieved from /opt/airflow/dags/forecast_logging_dag.py
[2026-08-30T18:40:27.304+0000] {logging_mixin.py:188} INFO - [2026-08-30T18:40:27.303+0000] {dag.py:3089} INFO - Sync 1 DAGs
[2026-08-30T18:40:27.355+0000] {logging_mixin.py:188} INFO - [2026-08-30T18:40:27.355+0000] {dag.py:3947} INFO - Setting next_dagrun for forecast_logging to 2026-08-30 00:00:00+00:00, run_after=2026-08-31 00:00:00+00:00
[2026-08-30T18:40:27.396+0000] {processor.py:183} INFO - Processing /opt/airflow/dags/forecast_logging_dag.py took 3.854 seconds
[2026-08-30T18:40:58.046+0000] {processor.py:161} INFO - Started process (PID=8049) to work on /opt/airflow/dags/forecast_logging_dag.py
[2026-08-30T18:40:58.049+0000] {processor.py:830} INFO - Processing file /opt/airflow/dags/forecast_logging_dag.py for tasks to queue
[2026-08-30T18:40:58.058+0000] {logging_mixin.py:188} INFO - [2026-08-30T18:40:58.057+0000] {dagbag.py:545} INFO - Filling up the DagBag from /opt/airflow/dags/forecast_logging_dag.py
[2026-08-30T18:41:01.522+0000] {processor.py:840} INFO - DAG(s) 'forecast_logging' retrieved from /opt/airflow/dags/forecast_logging_dag.py
[2026-08-30T18:41:01.575+0000] {logging_mixin.py:188} INFO - [2026-08-30T18:41:01.574+0000] {dag.py:3089} INFO - Sync 1 DAGs
[2026-08-30T18:41:01.613+0000] {logging_mixin.py:188} INFO - [2026-08-30T18:41:01.612+0000] {dag.py:3947} INFO - Setting next_dagrun for forecast_logging to 2026-08-30 00:00:00+00:00, run_after=2026-08-31 00:00:00+00:00
[2026-08-30T18:41:01.648+0000] {processor.py:183} INFO - Processing /opt/airflow/dags/forecast_logging_dag.py took 3.626 seconds
[2026-08-30T18:41:32.258+0000] {processor.py:161} INFO - Started process (PID=8079) to work on /opt/airflow/dags/forecast_logging_dag.py
[2026-08-30T18:41:32.261+0000] {processor.py:830} INFO - Processing file /opt/airflow/dags/forecast_logging_dag.py for tasks to queue
[2026-08-30T18:41:32.266+0000] {logging_mixin.py:188} INFO - [2026-08-30T18:41:32.266+0000] {dagbag.py:545} INFO - Filling up the DagBag from /opt/airflow/dags/forecast_logging_dag.py
[2026-08-30T18:41:36.063+0000] {processor.py:840} INFO - DAG(s) 'forecast_logging' retrieved from /opt/airflow/dags/forecast_logging_dag.py
[2026-08-30T18:41:36.108+0000] {logging_mixin.py:188} INFO - [2026-08-30T18:41:36.108+0000] {dag.py:3089} INFO - Sync 1 DAGs
[2026-08-30T18:41:36.140+0000] {logging_mixin.py:188} INFO - [2026-08-30T18:41:36.140+0000] {dag.py:3947} INFO - Setting next_dagrun for forecast_logging to 2026-08-30 00:00:00+00:00, run_after=2026-08-31 00:00:00+00:00
[2026-08-30T18:41:36.184+0000] {processor.py:183} INFO - Processing /opt/airflow/dags/forecast_logging_dag.py took 3.948 seconds
[2026-08-30T18:42:06.806+0000] {processor.py:161} INFO - Started process (PID=8109) to work on /opt/airflow/dags/forecast_logging_dag.py
[2026-08-30T18:42:06.809+0000] {processor.py:830} INFO - Processing file /opt/airflow/dags/forecast_logging_dag.py for tasks to queue
[2026-08-30T18:42:06.815+0000] {logging_mixin.py:188} INFO - [2026-08-30T18:42:06.814+0000] {dagbag.py:545} INFO - Filling up the DagBag from /opt/airflow/dags/forecast_logging_dag.py
[2026-08-30T18:42:10.373+0000] {processor.py:840} INFO - DAG(s) 'forecast_logging' retrieved from /opt/airflow/dags/forecast_logging_dag.py
[2026-08-30T18:42:10.422+0000] {logging_mixin.py:188} INFO - [2026-08-30T18:42:10.421+0000] {dag.py:3089} INFO - Sync 1 DAGs
[2026-08-30T18:42:10.460+0000] {logging_mixin.py:188} INFO - [2026-08-30T18:42:10.459+0000] {dag.py:3947} INFO - Setting next_dagrun for forecast_logging to 2026-08-30 00:00:00+00:00, run_after=2026-08-31 00:00:00+00:00
[2026-08-30T18:42:10.494+0000] {processor.py:183} INFO - Processing /opt/airflow/dags/forecast_logging_dag.py took 3.706 seconds
[2026-08-30T18:42:40.762+0000] {processor.py:161} INFO - Started process (PID=8139) to work on /opt/airflow/dags/forecast_logging_dag.py
[2026-08-30T18:42:40.764+0000] {processor.py:830} INFO - Processing file /opt/airflow/dags/forecast_logging_dag.py for tasks to queue
[2026-08-30T18:42:40.771+0000] {logging_mixin.py:188} INFO - [2026-08-30T18:42:40.770+0000] {dagbag.py:545} INFO - Filling up the DagBag from /opt/airflow/dags/forecast_logging_dag.py
[2026-08-30T18:42:44.414+0000] {processor.py:840} INFO - DAG(s) 'forecast_logging' retrieved from /opt/airflow/dags/forecast_logging_dag.py
[2026-08-30T18:42:44.458+0000] {logging_mixin.py:188} INFO - [2026-08-30T18:42:44.458+0000] {dag.py:3089} INFO - Sync 1 DAGs
[2026-08-30T18:42:44.494+0000] {logging_mixin.py:188} INFO - [2026-08-30T18:42:44.493+0000] {dag.py:3947} INFO - Setting next_dagrun for forecast_logging to 2026-08-30 00:00:00+00:00, run_after=2026-08-31 00:00:00+00:00
[2026-08-30T18:42:44.528+0000] {processor.py:183} INFO - Processing /opt/airflow/dags/forecast_logging_dag.py took 3.784 seconds
[2026-08-30T18:43:15.115+0000] {processor.py:161} INFO - Started process (PID=8169) to work on /opt/airflow/dags/forecast_logging_dag.py
[2026-08-30T18:43:15.117+0000] {processor.py:830} INFO - Processing file /opt/airflow/dags/forecast_logging_dag.py for tasks to queue
[2026-08-30T18:43:15.122+0000] {logging_mixin.py:188} INFO - [2026-08-30T18:43:15.121+0000] {dagbag.py:545} INFO - Filling up the DagBag from /opt/airflow/dags/forecast_logging_dag.py
[2026-08-30T18:43:18.633+0000] {processor.py:840} INFO - DAG(s) 'forecast_logging' retrieved from /opt/airflow/dags/forecast_logging_dag.py
[2026-08-30T18:43:18.683+0000] {logging_mixin.py:188} INFO - [2026-08-30T18:43:18.682+0000] {dag.py:3089} INFO - Sync 1 DAGs
[2026-08-30T18:43:18.719+0000] {logging_mixin.py:188} INFO - [2026-08-30T18:43:18.718+0000] {dag.py:3947} INFO - Setting next_dagrun for forecast_logging to 2026-08-30 00:00:00+00:00, run_after=2026-08-31 00:00:00+00:00
[2026-08-30T18:43:18.755+0000] {processor.py:183} INFO - Processing /opt/airflow/dags/forecast_logging_dag.py took 3.659 seconds
[2026-08-30T18:43:49.580+0000] {processor.py:161} INFO - Started process (PID=8199) to work on /opt/airflow/dags/forecast_logging_dag.py
[2026-08-30T18:43:49.583+0000] {processor.py:830} INFO - Processing file /opt/airflow/dags/forecast_logging_dag.py for tasks to queue
[2026-08-30T18:43:49.589+0000] {logging_mixin.py:188} INFO - [2026-08-30T18:43:49.588+0000] {dagbag.py:545} INFO - Filling up the DagBag from /opt/airflow/dags/forecast_logging_dag.py
[2026-08-30T18:43:53.205+0000] {processor.py:840} INFO - DAG(s) 'forecast_logging' retrieved from /opt/airflow/dags/forecast_logging_dag.py
[2026-08-30T18:43:53.252+0000] {logging_mixin.py:188} INFO - [2026-08-30T18:43:53.251+0000] {dag.py:3089} INFO - Sync 1 DAGs
[2026-08-30T18:43:53.287+0000] {logging_mixin.py:188} INFO - [2026-08-30T18:43:53.287+0000] {dag.py:3947} INFO - Setting next_dagrun for forecast_logging to 2026-08-30 00:00:00+00:00, run_after=2026-08-31 00:00:00+00:00
[2026-08-30T18:43:53.321+0000] {processor.py:183} INFO - Processing /opt/airflow/dags/forecast_logging_dag.py took 3.761 seconds
[2026-08-30T18:44:23.739+0000] {processor.py:161} INFO - Started process (PID=8229) to work on /opt/airflow/dags/forecast_logging_dag.py
[2026-08-30T18:44:23.741+0000] {processor.py:830} INFO - Processing file /opt/airflow/dags/forecast_logging_dag.py for tasks to queue
[2026-08-30T18:44:23.746+0000] {logging_mixin.py:188} INFO - [2026-08-30T18:44:23.745+0000] {dagbag.py:545} INFO - Filling up the DagBag from /opt/airflow/dags/forecast_logging_dag.py
[2026-08-30T18:44:27.434+0000] {processor.py:840} INFO - DAG(s) 'forecast_logging' retrieved from /opt/airflow/dags/forecast_logging_dag.py
[2026-08-30T18:44:27.484+0000] {logging_mixin.py:188} INFO - [2026-08-30T18:44:27.483+0000] {dag.py:3089} INFO - Sync 1 DAGs
[2026-08-30T18:44:27.520+0000] {logging_mixin.py:188} INFO - [2026-08-30T18:44:27.520+0000] {dag.py:3947} INFO - Setting next_dagrun for forecast_logging to 2026-08-30 00:00:00+00:00, run_after=2026-08-31 00:00:00+00:00
[2026-08-30T18:44:27.554+0000] {processor.py:183} INFO - Processing /opt/airflow/dags/forecast_logging_dag.py took 3.834 seconds
[2026-08-30T18:44:58.137+0000] {processor.py:161} INFO - Started process (PID=8259) to work on /opt/airflow/dags/forecast_logging_dag.py
[2026-08-30T18:44:58.140+0000] {processor.py:830} INFO - Processing file /opt/airflow/dags/forecast_logging_dag.py for tasks to queue
[2026-08-30T18:44:58.145+0000] {logging_mixin.py:188} INFO - [2026-08-30T18:44:58.144+0000] {dagbag.py:545} INFO - Filling up the DagBag from /opt/airflow/dags/forecast_logging_dag.py
[2026-08-30T18:45:01.646+0000] {processor.py:840} INFO - DAG(s) 'forecast_logging' retrieved from /opt/airflow/dags/forecast_logging_dag.py
[2026-08-30T18:45:01.690+0000] {logging_mixin.py:188} INFO - [2026-08-30T18:45:01.690+0000] {dag.py:3089} INFO - Sync 1 DAGs
[2026-08-30T18:45:01.724+0000] {logging_mixin.py:188} INFO - [2026-08-30T18:45:01.723+0000] {dag.py:3947} INFO - Setting next_dagrun for forecast_logging to 2026-08-30 00:00:00+00:00, run_after=2026-08-31 00:00:00+00:00
[2026-08-30T18:45:01.770+0000] {processor.py:183} INFO - Processing /opt/airflow/dags/forecast_logging_dag.py took 3.673 seconds
[2026-08-30T18:45:32.379+0000] {processor.py:161} INFO - Started process (PID=8289) to work on /opt/airflow/dags/forecast_logging_dag.py
[2026-08-30T18:45:32.381+0000] {processor.py:830} INFO - Processing file /opt/airflow/dags/forecast_logging_dag.py for tasks to queue
[2026-08-30T18:45:32.386+0000] {logging_mixin.py:188} INFO - [2026-08-30T18:45:32.386+0000] {dagbag.py:545} INFO - Filling up the DagBag from /opt/airflow/dags/forecast_logging_dag.py
[2026-08-30T18:45:36.483+0000] {processor.py:840} INFO - DAG(s) 'forecast_logging' retrieved from /opt/airflow/dags/forecast_logging_dag.py
[2026-08-30T18:45:36.554+0000] {logging_mixin.py:188} INFO - [2026-08-30T18:45:36.553+0000] {dag.py:3089} INFO - Sync 1 DAGs
[2026-08-30T18:45:36.600+0000] {logging_mixin.py:188} INFO - [2026-08-30T18:45:36.600+0000] {dag.py:3947} INFO - Setting next_dagrun for forecast_logging to 2026-08-30 00:00:00+00:00, run_after=2026-08-31 00:00:00+00:00
[2026-08-30T18:45:36.641+0000] {processor.py:183} INFO - Processing /opt/airflow/dags/forecast_logging_dag.py took 4.281 seconds
[2026-08-30T18:46:06.856+0000] {processor.py:161} INFO - Started process (PID=8319) to work on /opt/airflow/dags/forecast_logging_dag.py
[2026-08-30T18:46:06.858+0000] {processor.py:830} INFO - Processing file /opt/airflow/dags/forecast_logging_dag.py for tasks to queue
[2026-08-30T18:46:06.863+0000] {logging_mixin.py:188} INFO - [2026-08-30T18:46:06.862+0000] {dagbag.py:545} INFO - Filling up the DagBag from /opt/airflow/dags/forecast_logging_dag.py
[2026-08-30T18:46:10.782+0000] {processor.py:840} INFO - DAG(s) 'forecast_logging' retrieved from /opt/airflow/dags/forecast_logging_dag.py
[2026-08-30T18:46:10.830+0000] {logging_mixin.py:188} INFO - [2026-08-30T18:46:10.830+0000] {dag.py:3089} INFO - Sync 1 DAGs
[2026-08-30T18:46:10.873+0000] {logging_mixin.py:188} INFO - [2026-08-30T18:46:10.872+0000] {dag.py:3947} INFO - Setting next_dagrun for forecast_logging to 2026-08-30 00:00:00+00:00, run_after=2026-08-31 00:00:00+00:00
[2026-08-30T18:46:10.913+0000] {processor.py:183} INFO - Processing /opt/airflow/dags/forecast_logging_dag.py took 4.076 seconds
[2026-08-30T18:46:41.497+0000] {processor.py:161} INFO - Started process (PID=8353) to work on /opt/airflow/dags/forecast_logging_dag.py
[2026-08-30T18:46:41.499+0000] {processor.py:830} INFO - Processing file /opt/airflow/dags/forecast_logging_dag.py for tasks to queue
[2026-08-30T18:46:41.504+0000] {logging_mixin.py:188} INFO - [2026-08-30T18:46:41.503+0000] {dagbag.py:545} INFO - Filling up the DagBag from /opt/airflow/dags/forecast_logging_dag.py
[2026-08-30T18:46:45.321+0000] {processor.py:840} INFO - DAG(s) 'forecast_logging' retrieved from /opt/airflow/dags/forecast_logging_dag.py
[2026-08-30T18:46:45.380+0000] {logging_mixin.py:188} INFO - [2026-08-30T18:46:45.379+0000] {dag.py:3089} INFO - Sync 1 DAGs
[2026-08-30T18:46:45.449+0000] {logging_mixin.py:188} INFO - [2026-08-30T18:46:45.448+0000] {dag.py:3947} INFO - Setting next_dagrun for forecast_logging to 2026-08-30 00:00:00+00:00, run_after=2026-08-31 00:00:00+00:00
[2026-08-30T18:46:45.482+0000] {processor.py:183} INFO - Processing /opt/airflow/dags/forecast_logging_dag.py took 4.003 seconds
[2026-08-30T18:47:15.966+0000] {processor.py:161} INFO - Started process (PID=8385) to work on /opt/airflow/dags/forecast_logging_dag.py
[2026-08-30T18:47:15.969+0000] {processor.py:830} INFO - Processing file /opt/airflow/dags/forecast_logging_dag.py for tasks to queue
[2026-08-30T18:47:15.975+0000] {logging_mixin.py:188} INFO - [2026-08-30T18:47:15.974+0000] {dagbag.py:545} INFO - Filling up the DagBag from /opt/airflow/dags/forecast_logging_dag.py
[2026-08-30T18:47:19.729+0000] {processor.py:840} INFO - DAG(s) 'forecast_logging' retrieved from /opt/airflow/dags/forecast_logging_dag.py
[2026-08-30T18:47:19.774+0000] {logging_mixin.py:188} INFO - [2026-08-30T18:47:19.774+0000] {dag.py:3089} INFO - Sync 1 DAGs
[2026-08-30T18:47:19.807+0000] {logging_mixin.py:188} INFO - [2026-08-30T18:47:19.806+0000] {dag.py:3947} INFO - Setting next_dagrun for forecast_logging to 2026-08-30 00:00:00+00:00, run_after=2026-08-31 00:00:00+00:00
[2026-08-30T18:47:19.838+0000] {processor.py:183} INFO - Processing /opt/airflow/dags/forecast_logging_dag.py took 3.891 seconds
[2026-08-30T18:47:50.403+0000] {processor.py:161} INFO - Started process (PID=8419) to work on /opt/airflow/dags/forecast_logging_dag.py
[2026-08-30T18:47:50.405+0000] {processor.py:830} INFO - Processing file /opt/airflow/dags/forecast_logging_dag.py for tasks to queue
[2026-08-30T18:47:50.411+0000] {logging_mixin.py:188} INFO - [2026-08-30T18:47:50.410+0000] {dagbag.py:545} INFO - Filling up the DagBag from /opt/airflow/dags/forecast_logging_dag.py
[2026-08-30T18:47:54.095+0000] {processor.py:840} INFO - DAG(s) 'forecast_logging' retrieved from /opt/airflow/dags/forecast_logging_dag.py
[2026-08-30T18:47:54.151+0000] {logging_mixin.py:188} INFO - [2026-08-30T18:47:54.150+0000] {dag.py:3089} INFO - Sync 1 DAGs
[2026-08-30T18:47:54.194+0000] {logging_mixin.py:188} INFO - [2026-08-30T18:47:54.193+0000] {dag.py:3947} INFO - Setting next_dagrun for forecast_logging to 2026-08-30 00:00:00+00:00, run_after=2026-08-31 00:00:00+00:00
[2026-08-30T18:47:54.233+0000] {processor.py:183} INFO - Processing /opt/airflow/dags/forecast_logging_dag.py took 3.847 seconds
[2026-08-30T18:48:24.972+0000] {processor.py:161} INFO - Started process (PID=8451) to work on /opt/airflow/dags/forecast_logging_dag.py
[2026-08-30T18:48:24.974+0000] {processor.py:830} INFO - Processing file /opt/airflow/dags/forecast_logging_dag.py for tasks to queue
[2026-08-30T18:48:24.979+0000] {logging_mixin.py:188} INFO - [2026-08-30T18:48:24.979+0000] {dagbag.py:545} INFO - Filling up the DagBag from /opt/airflow/dags/forecast_logging_dag.py
[2026-08-30T18:48:28.625+0000] {processor.py:840} INFO - DAG(s) 'forecast_logging' retrieved from /opt/airflow/dags/forecast_logging_dag.py
[2026-08-30T18:48:28.676+0000] {logging_mixin.py:188} INFO - [2026-08-30T18:48:28.675+0000] {dag.py:3089} INFO - Sync 1 DAGs
[2026-08-30T18:48:28.722+0000] {logging_mixin.py:188} INFO - [2026-08-30T18:48:28.721+0000] {dag.py:3947} INFO - Setting next_dagrun for forecast_logging to 2026-08-30 00:00:00+00:00, run_after=2026-08-31 00:00:00+00:00
[2026-08-30T18:48:28.762+0000] {processor.py:183} INFO - Processing /opt/airflow/dags/forecast_logging_dag.py took 3.808 seconds
[2026-08-30T20:17:48.321+0000] {processor.py:161} INFO - Started process (PID=8475) to work on /opt/airflow/dags/forecast_logging_dag.py
[2026-08-30T20:17:48.329+0000] {processor.py:830} INFO - Processing file /opt/airflow/dags/forecast_logging_dag.py for tasks to queue
[2026-08-30T20:17:48.338+0000] {logging_mixin.py:188} INFO - [2026-08-30T20:17:48.337+0000] {dagbag.py:545} INFO - Filling up the DagBag from /opt/airflow/dags/forecast_logging_dag.py
[2026-08-30T20:17:52.954+0000] {processor.py:840} INFO - DAG(s) 'forecast_logging' retrieved from /opt/airflow/dags/forecast_logging_dag.py
[2026-08-30T20:17:53.014+0000] {logging_mixin.py:188} INFO - [2026-08-30T20:17:53.013+0000] {dag.py:3089} INFO - Sync 1 DAGs
[2026-08-30T20:17:53.058+0000] {logging_mixin.py:188} INFO - [2026-08-30T20:17:53.057+0000] {dag.py:3947} INFO - Setting next_dagrun for forecast_logging to 2026-08-30 00:00:00+00:00, run_after=2026-08-31 00:00:00+00:00
[2026-08-30T20:17:53.107+0000] {processor.py:183} INFO - Processing /opt/airflow/dags/forecast_logging_dag.py took 4.810 seconds
[2026-08-30T20:18:23.755+0000] {processor.py:161} INFO - Started process (PID=8517) to work on /opt/airflow/dags/forecast_logging_dag.py
[2026-08-30T20:18:23.758+0000] {processor.py:830} INFO - Processing file /opt/airflow/dags/forecast_logging_dag.py for tasks to queue
[2026-08-30T20:18:23.762+0000] {logging_mixin.py:188} INFO - [2026-08-30T20:18:23.761+0000] {dagbag.py:545} INFO - Filling up the DagBag from /opt/airflow/dags/forecast_logging_dag.py
[2026-08-30T20:18:26.624+0000] {processor.py:840} INFO - DAG(s) 'forecast_logging' retrieved from /opt/airflow/dags/forecast_logging_dag.py
[2026-08-30T20:18:26.662+0000] {logging_mixin.py:188} INFO - [2026-08-30T20:18:26.662+0000] {dag.py:3089} INFO - Sync 1 DAGs
[2026-08-30T20:18:26.692+0000] {logging_mixin.py:188} INFO - [2026-08-30T20:18:26.692+0000] {dag.py:3947} INFO - Setting next_dagrun for forecast_logging to 2026-08-30 00:00:00+00:00, run_after=2026-08-31 00:00:00+00:00
[2026-08-30T20:18:26.720+0000] {processor.py:183} INFO - Processing /opt/airflow/dags/forecast_logging_dag.py took 2.985 seconds
[2026-08-30T20:18:57.911+0000] {processor.py:161} INFO - Started process (PID=8547) to work on /opt/airflow/dags/forecast_logging_dag.py
[2026-08-30T20:18:57.919+0000] {processor.py:830} INFO - Processing file /opt/airflow/dags/forecast_logging_dag.py for tasks to queue
[2026-08-30T20:18:57.926+0000] {logging_mixin.py:188} INFO - [2026-08-30T20:18:57.925+0000] {dagbag.py:545} INFO - Filling up the DagBag from /opt/airflow/dags/forecast_logging_dag.py
[2026-08-30T20:19:02.429+0000] {processor.py:840} INFO - DAG(s) 'forecast_logging' retrieved from /opt/airflow/dags/forecast_logging_dag.py
[2026-08-30T20:19:02.483+0000] {logging_mixin.py:188} INFO - [2026-08-30T20:19:02.482+0000] {dag.py:3089} INFO - Sync 1 DAGs
[2026-08-30T20:19:02.535+0000] {logging_mixin.py:188} INFO - [2026-08-30T20:19:02.534+0000] {dag.py:3947} INFO - Setting next_dagrun for forecast_logging to 2026-08-30 00:00:00+00:00, run_after=2026-08-31 00:00:00+00:00
[2026-08-30T20:19:02.656+0000] {processor.py:183} INFO - Processing /opt/airflow/dags/forecast_logging_dag.py took 4.764 seconds
[2026-08-30T20:19:33.084+0000] {processor.py:161} INFO - Started process (PID=8577) to work on /opt/airflow/dags/forecast_logging_dag.py
[2026-08-30T20:19:33.088+0000] {processor.py:830} INFO - Processing file /opt/airflow/dags/forecast_logging_dag.py for tasks to queue
[2026-08-30T20:19:33.094+0000] {logging_mixin.py:188} INFO - [2026-08-30T20:19:33.093+0000] {dagbag.py:545} INFO - Filling up the DagBag from /opt/airflow/dags/forecast_logging_dag.py
[2026-08-30T20:19:38.449+0000] {processor.py:840} INFO - DAG(s) 'forecast_logging' retrieved from /opt/airflow/dags/forecast_logging_dag.py
[2026-08-30T20:19:38.658+0000] {logging_mixin.py:188} INFO - [2026-08-30T20:19:38.657+0000] {dag.py:3089} INFO - Sync 1 DAGs
[2026-08-30T20:19:38.701+0000] {logging_mixin.py:188} INFO - [2026-08-30T20:19:38.701+0000] {dag.py:3947} INFO - Setting next_dagrun for forecast_logging to 2026-08-30 00:00:00+00:00, run_after=2026-08-31 00:00:00+00:00
[2026-08-30T20:19:38.831+0000] {processor.py:183} INFO - Processing /opt/airflow/dags/forecast_logging_dag.py took 5.768 seconds
