[2026-08-30T10:38:52.296+0000] {processor.py:161} INFO - Started process (PID=170) to work on /opt/airflow/dags/training_pipeline_dag.py
[2026-08-30T10:38:52.331+0000] {processor.py:830} INFO - Processing file /opt/airflow/dags/training_pipeline_dag.py for tasks to queue
[2026-08-30T10:38:52.407+0000] {logging_mixin.py:188} INFO - [2026-08-30T10:38:52.380+0000] {dagbag.py:545} INFO - Filling up the DagBag from /opt/airflow/dags/training_pipeline_dag.py
[2026-08-30T10:39:13.315+0000] {processor.py:840} INFO - DAG(s) 'training_pipeline' retrieved from /opt/airflow/dags/training_pipeline_dag.py
[2026-08-30T10:39:14.473+0000] {logging_mixin.py:188} INFO - [2026-08-30T10:39:14.472+0000] {dag.py:3089} INFO - Sync 1 DAGs
[2026-08-30T10:39:14.962+0000] {logging_mixin.py:188} INFO - [2026-08-30T10:39:14.961+0000] {dag.py:3947} INFO - Setting next_dagrun for training_pipeline to 2026-08-30 00:00:00+00:00, run_after=2026-08-31 00:00:00+00:00
[2026-08-30T10:39:15.148+0000] {processor.py:183} INFO - Processing /opt/airflow/dags/training_pipeline_dag.py took 23.086 seconds
[2026-08-30T10:39:45.967+0000] {processor.py:161} INFO - Started process (PID=213) to work on /opt/airflow/dags/training_pipeline_dag.py
[2026-08-30T10:39:45.974+0000] {processor.py:830} INFO - Processing file /opt/airflow/dags/training_pipeline_dag.py for tasks to queue
[2026-08-30T10:39:46.053+0000] {logging_mixin.py:188} INFO - [2026-08-30T10:39:45.981+0000] {dagbag.py:545} INFO - Filling up the DagBag from /opt/airflow/dags/training_pipeline_dag.py
[2026-08-30T10:40:10.525+0000] {processor.py:840} INFO - DAG(s) 'training_pipeline' retrieved from /opt/airflow/dags/training_pipeline_dag.py
[2026-08-30T10:40:10.781+0000] {logging_mixin.py:188} INFO - [2026-08-30T10:40:10.779+0000] {dag.py:3089} INFO - Sync 1 DAGs
[2026-08-30T10:40:11.485+0000] {logging_mixin.py:188} INFO - [2026-08-30T10:40:11.481+0000] {dag.py:3947} INFO - Setting next_dagrun for training_pipeline to 2026-08-30 00:00:00+00:00, run_after=2026-08-31 00:00:00+00:00
[2026-08-30T10:40:11.642+0000] {processor.py:183} INFO - Processing /opt/airflow/dags/training_pipeline_dag.py took 27.973 seconds
[2026-08-30T10:40:42.771+0000] {processor.py:161} INFO - Started process (PID=284) to work on /opt/airflow/dags/training_pipeline_dag.py
[2026-08-30T10:40:42.776+0000] {processor.py:830} INFO - Processing file /opt/airflow/dags/training_pipeline_dag.py for tasks to queue
[2026-08-30T10:40:42.780+0000] {logging_mixin.py:188} INFO - [2026-08-30T10:40:42.779+0000] {dagbag.py:545} INFO - Filling up the DagBag from /opt/airflow/dags/training_pipeline_dag.py
[2026-08-30T10:40:51.006+0000] {processor.py:840} INFO - DAG(s) 'training_pipeline' retrieved from /opt/airflow/dags/training_pipeline_dag.py
[2026-08-30T10:40:51.276+0000] {logging_mixin.py:188} INFO - [2026-08-30T10:40:51.275+0000] {dag.py:3089} INFO - Sync 1 DAGs
[2026-08-30T10:40:51.604+0000] {logging_mixin.py:188} INFO - [2026-08-30T10:40:51.603+0000] {dag.py:3947} INFO - Setting next_dagrun for training_pipeline to 2026-08-30 00:00:00+00:00, run_after=2026-08-31 00:00:00+00:00
[2026-08-30T10:40:51.782+0000] {processor.py:183} INFO - Processing /opt/airflow/dags/training_pipeline_dag.py took 11.321 seconds
[2026-08-30T10:41:22.684+0000] {processor.py:161} INFO - Started process (PID=406) to work on /opt/airflow/dags/training_pipeline_dag.py
[2026-08-30T10:41:22.689+0000] {processor.py:830} INFO - Processing file /opt/airflow/dags/training_pipeline_dag.py for tasks to queue
[2026-08-30T10:41:22.692+0000] {logging_mixin.py:188} INFO - [2026-08-30T10:41:22.691+0000] {dagbag.py:545} INFO - Filling up the DagBag from /opt/airflow/dags/training_pipeline_dag.py
[2026-08-30T10:41:25.620+0000] {processor.py:840} INFO - DAG(s) 'training_pipeline' retrieved from /opt/airflow/dags/training_pipeline_dag.py
[2026-08-30T10:41:25.721+0000] {logging_mixin.py:188} INFO - [2026-08-30T10:41:25.720+0000] {dag.py:3089} INFO - Sync 1 DAGs
[2026-08-30T10:41:26.161+0000] {logging_mixin.py:188} INFO - [2026-08-30T10:41:26.161+0000] {dag.py:3947} INFO - Setting next_dagrun for training_pipeline to 2026-08-30 00:00:00+00:00, run_after=2026-08-31 00:00:00+00:00
[2026-08-30T10:41:26.430+0000] {processor.py:183} INFO - Processing /opt/airflow/dags/training_pipeline_dag.py took 3.766 seconds
[2026-08-30T10:41:57.158+0000] {processor.py:161} INFO - Started process (PID=470) to work on /opt/airflow/dags/training_pipeline_dag.py
[2026-08-30T10:41:57.161+0000] {processor.py:830} INFO - Processing file /opt/airflow/dags/training_pipeline_dag.py for tasks to queue
[2026-08-30T10:41:57.164+0000] {logging_mixin.py:188} INFO - [2026-08-30T10:41:57.163+0000] {dagbag.py:545} INFO - Filling up the DagBag from /opt/airflow/dags/training_pipeline_dag.py
[2026-08-30T10:42:10.201+0000] {processor.py:840} INFO - DAG(s) 'training_pipeline' retrieved from /opt/airflow/dags/training_pipeline_dag.py
[2026-08-30T10:42:13.547+0000] {logging_mixin.py:188} INFO - [2026-08-30T10:42:13.545+0000] {dag.py:3089} INFO - Sync 1 DAGs
[2026-08-30T10:42:13.649+0000] {logging_mixin.py:188} INFO - [2026-08-30T10:42:13.648+0000] {dag.py:3947} INFO - Setting next_dagrun for training_pipeline to 2026-08-30 00:00:00+00:00, run_after=2026-08-31 00:00:00+00:00
[2026-08-30T10:42:13.719+0000] {processor.py:183} INFO - Processing /opt/airflow/dags/training_pipeline_dag.py took 18.982 seconds
[2026-08-30T10:42:45.290+0000] {processor.py:161} INFO - Started process (PID=540) to work on /opt/airflow/dags/training_pipeline_dag.py
[2026-08-30T10:42:45.296+0000] {processor.py:830} INFO - Processing file /opt/airflow/dags/training_pipeline_dag.py for tasks to queue
[2026-08-30T10:42:45.300+0000] {logging_mixin.py:188} INFO - [2026-08-30T10:42:45.299+0000] {dagbag.py:545} INFO - Filling up the DagBag from /opt/airflow/dags/training_pipeline_dag.py
[2026-08-30T10:42:57.695+0000] {processor.py:840} INFO - DAG(s) 'training_pipeline' retrieved from /opt/airflow/dags/training_pipeline_dag.py
[2026-08-30T10:42:58.088+0000] {logging_mixin.py:188} INFO - [2026-08-30T10:42:58.085+0000] {dag.py:3089} INFO - Sync 1 DAGs
[2026-08-30T10:42:58.256+0000] {logging_mixin.py:188} INFO - [2026-08-30T10:42:58.255+0000] {dag.py:3947} INFO - Setting next_dagrun for training_pipeline to 2026-08-30 00:00:00+00:00, run_after=2026-08-31 00:00:00+00:00
[2026-08-30T10:43:00.151+0000] {processor.py:183} INFO - Processing /opt/airflow/dags/training_pipeline_dag.py took 15.058 seconds
[2026-08-30T10:43:30.528+0000] {processor.py:161} INFO - Started process (PID=657) to work on /opt/airflow/dags/training_pipeline_dag.py
[2026-08-30T10:43:30.577+0000] {processor.py:830} INFO - Processing file /opt/airflow/dags/training_pipeline_dag.py for tasks to queue
[2026-08-30T10:43:30.580+0000] {logging_mixin.py:188} INFO - [2026-08-30T10:43:30.579+0000] {dagbag.py:545} INFO - Filling up the DagBag from /opt/airflow/dags/training_pipeline_dag.py
[2026-08-30T10:43:32.804+0000] {processor.py:840} INFO - DAG(s) 'training_pipeline' retrieved from /opt/airflow/dags/training_pipeline_dag.py
[2026-08-30T10:43:33.067+0000] {logging_mixin.py:188} INFO - [2026-08-30T10:43:33.066+0000] {dag.py:3089} INFO - Sync 1 DAGs
[2026-08-30T10:43:33.288+0000] {logging_mixin.py:188} INFO - [2026-08-30T10:43:33.287+0000] {dag.py:3947} INFO - Setting next_dagrun for training_pipeline to 2026-08-30 00:00:00+00:00, run_after=2026-08-31 00:00:00+00:00
[2026-08-30T10:43:33.400+0000] {processor.py:183} INFO - Processing /opt/airflow/dags/training_pipeline_dag.py took 2.890 seconds
[2026-08-30T10:44:04.418+0000] {processor.py:161} INFO - Started process (PID=779) to work on /opt/airflow/dags/training_pipeline_dag.py
[2026-08-30T10:44:04.421+0000] {processor.py:830} INFO - Processing file /opt/airflow/dags/training_pipeline_dag.py for tasks to queue
[2026-08-30T10:44:04.423+0000] {logging_mixin.py:188} INFO - [2026-08-30T10:44:04.422+0000] {dagbag.py:545} INFO - Filling up the DagBag from /opt/airflow/dags/training_pipeline_dag.py
[2026-08-30T10:44:07.440+0000] {processor.py:840} INFO - DAG(s) 'training_pipeline' retrieved from /opt/airflow/dags/training_pipeline_dag.py
[2026-08-30T10:44:07.504+0000] {logging_mixin.py:188} INFO - [2026-08-30T10:44:07.503+0000] {dag.py:3089} INFO - Sync 1 DAGs
[2026-08-30T10:44:07.919+0000] {logging_mixin.py:188} INFO - [2026-08-30T10:44:07.918+0000] {dag.py:3947} INFO - Setting next_dagrun for training_pipeline to 2026-08-30 00:00:00+00:00, run_after=2026-08-31 00:00:00+00:00
[2026-08-30T10:44:07.988+0000] {processor.py:183} INFO - Processing /opt/airflow/dags/training_pipeline_dag.py took 5.941 seconds
[2026-08-30T10:44:39.422+0000] {processor.py:161} INFO - Started process (PID=847) to work on /opt/airflow/dags/training_pipeline_dag.py
[2026-08-30T10:44:39.429+0000] {processor.py:830} INFO - Processing file /opt/airflow/dags/training_pipeline_dag.py for tasks to queue
[2026-08-30T10:44:39.436+0000] {logging_mixin.py:188} INFO - [2026-08-30T10:44:39.434+0000] {dagbag.py:545} INFO - Filling up the DagBag from /opt/airflow/dags/training_pipeline_dag.py
[2026-08-30T10:44:41.044+0000] {processor.py:840} INFO - DAG(s) 'training_pipeline' retrieved from /opt/airflow/dags/training_pipeline_dag.py
[2026-08-30T10:44:41.411+0000] {logging_mixin.py:188} INFO - [2026-08-30T10:44:41.410+0000] {dag.py:3089} INFO - Sync 1 DAGs
[2026-08-30T10:44:41.453+0000] {logging_mixin.py:188} INFO - [2026-08-30T10:44:41.452+0000] {dag.py:3947} INFO - Setting next_dagrun for training_pipeline to 2026-08-30 00:00:00+00:00, run_after=2026-08-31 00:00:00+00:00
[2026-08-30T10:44:41.751+0000] {processor.py:183} INFO - Processing /opt/airflow/dags/training_pipeline_dag.py took 2.350 seconds
[2026-08-30T10:45:12.307+0000] {processor.py:161} INFO - Started process (PID=907) to work on /opt/airflow/dags/training_pipeline_dag.py
[2026-08-30T10:45:12.309+0000] {processor.py:830} INFO - Processing file /opt/airflow/dags/training_pipeline_dag.py for tasks to queue
[2026-08-30T10:45:12.311+0000] {logging_mixin.py:188} INFO - [2026-08-30T10:45:12.311+0000] {dagbag.py:545} INFO - Filling up the DagBag from /opt/airflow/dags/training_pipeline_dag.py
[2026-08-30T10:45:14.418+0000] {processor.py:840} INFO - DAG(s) 'training_pipeline' retrieved from /opt/airflow/dags/training_pipeline_dag.py
[2026-08-30T10:45:14.488+0000] {logging_mixin.py:188} INFO - [2026-08-30T10:45:14.487+0000] {dag.py:3089} INFO - Sync 1 DAGs
[2026-08-30T10:45:14.538+0000] {logging_mixin.py:188} INFO - [2026-08-30T10:45:14.538+0000] {dag.py:3947} INFO - Setting next_dagrun for training_pipeline to 2026-08-30 00:00:00+00:00, run_after=2026-08-31 00:00:00+00:00
[2026-08-30T10:45:14.579+0000] {processor.py:183} INFO - Processing /opt/airflow/dags/training_pipeline_dag.py took 2.290 seconds
[2026-08-30T10:45:45.310+0000] {processor.py:161} INFO - Started process (PID=964) to work on /opt/airflow/dags/training_pipeline_dag.py
[2026-08-30T10:45:45.323+0000] {processor.py:830} INFO - Processing file /opt/airflow/dags/training_pipeline_dag.py for tasks to queue
[2026-08-30T10:45:45.326+0000] {logging_mixin.py:188} INFO - [2026-08-30T10:45:45.325+0000] {dagbag.py:545} INFO - Filling up the DagBag from /opt/airflow/dags/training_pipeline_dag.py
[2026-08-30T10:45:47.985+0000] {processor.py:840} INFO - DAG(s) 'training_pipeline' retrieved from /opt/airflow/dags/training_pipeline_dag.py
[2026-08-30T10:45:48.052+0000] {logging_mixin.py:188} INFO - [2026-08-30T10:45:48.051+0000] {dag.py:3089} INFO - Sync 1 DAGs
[2026-08-30T10:45:48.111+0000] {logging_mixin.py:188} INFO - [2026-08-30T10:45:48.110+0000] {dag.py:3947} INFO - Setting next_dagrun for training_pipeline to 2026-08-30 00:00:00+00:00, run_after=2026-08-31 00:00:00+00:00
[2026-08-30T10:45:48.154+0000] {processor.py:183} INFO - Processing /opt/airflow/dags/training_pipeline_dag.py took 2.862 seconds
[2026-08-30T10:46:18.771+0000] {processor.py:161} INFO - Started process (PID=1000) to work on /opt/airflow/dags/training_pipeline_dag.py
[2026-08-30T10:46:18.774+0000] {processor.py:830} INFO - Processing file /opt/airflow/dags/training_pipeline_dag.py for tasks to queue
[2026-08-30T10:46:18.778+0000] {logging_mixin.py:188} INFO - [2026-08-30T10:46:18.777+0000] {dagbag.py:545} INFO - Filling up the DagBag from /opt/airflow/dags/training_pipeline_dag.py
[2026-08-30T10:46:20.298+0000] {processor.py:840} INFO - DAG(s) 'training_pipeline' retrieved from /opt/airflow/dags/training_pipeline_dag.py
[2026-08-30T10:46:20.374+0000] {logging_mixin.py:188} INFO - [2026-08-30T10:46:20.373+0000] {dag.py:3089} INFO - Sync 1 DAGs
[2026-08-30T10:46:20.428+0000] {logging_mixin.py:188} INFO - [2026-08-30T10:46:20.427+0000] {dag.py:3947} INFO - Setting next_dagrun for training_pipeline to 2026-08-30 00:00:00+00:00, run_after=2026-08-31 00:00:00+00:00
[2026-08-30T10:46:20.852+0000] {processor.py:183} INFO - Processing /opt/airflow/dags/training_pipeline_dag.py took 2.107 seconds
[2026-08-30T10:46:51.342+0000] {processor.py:161} INFO - Started process (PID=1048) to work on /opt/airflow/dags/training_pipeline_dag.py
[2026-08-30T10:46:51.353+0000] {processor.py:830} INFO - Processing file /opt/airflow/dags/training_pipeline_dag.py for tasks to queue
[2026-08-30T10:46:51.356+0000] {logging_mixin.py:188} INFO - [2026-08-30T10:46:51.355+0000] {dagbag.py:545} INFO - Filling up the DagBag from /opt/airflow/dags/training_pipeline_dag.py
[2026-08-30T10:46:54.929+0000] {processor.py:840} INFO - DAG(s) 'training_pipeline' retrieved from /opt/airflow/dags/training_pipeline_dag.py
[2026-08-30T10:46:54.988+0000] {logging_mixin.py:188} INFO - [2026-08-30T10:46:54.987+0000] {dag.py:3089} INFO - Sync 1 DAGs
[2026-08-30T10:46:55.031+0000] {logging_mixin.py:188} INFO - [2026-08-30T10:46:55.031+0000] {dag.py:3947} INFO - Setting next_dagrun for training_pipeline to 2026-08-30 00:00:00+00:00, run_after=2026-08-31 00:00:00+00:00
[2026-08-30T10:46:55.073+0000] {processor.py:183} INFO - Processing /opt/airflow/dags/training_pipeline_dag.py took 2.437 seconds
[2026-08-30T10:47:25.408+0000] {processor.py:161} INFO - Started process (PID=1078) to work on /opt/airflow/dags/training_pipeline_dag.py
[2026-08-30T10:47:25.410+0000] {processor.py:830} INFO - Processing file /opt/airflow/dags/training_pipeline_dag.py for tasks to queue
[2026-08-30T10:47:25.413+0000] {logging_mixin.py:188} INFO - [2026-08-30T10:47:25.412+0000] {dagbag.py:545} INFO - Filling up the DagBag from /opt/airflow/dags/training_pipeline_dag.py
[2026-08-30T10:47:27.027+0000] {processor.py:840} INFO - DAG(s) 'training_pipeline' retrieved from /opt/airflow/dags/training_pipeline_dag.py
[2026-08-30T10:47:27.495+0000] {logging_mixin.py:188} INFO - [2026-08-30T10:47:27.494+0000] {dag.py:3089} INFO - Sync 1 DAGs
[2026-08-30T10:47:27.547+0000] {logging_mixin.py:188} INFO - [2026-08-30T10:47:27.546+0000] {dag.py:3947} INFO - Setting next_dagrun for training_pipeline to 2026-08-30 00:00:00+00:00, run_after=2026-08-31 00:00:00+00:00
[2026-08-30T10:47:27.597+0000] {processor.py:183} INFO - Processing /opt/airflow/dags/training_pipeline_dag.py took 2.213 seconds
[2026-08-30T10:48:00.031+0000] {processor.py:161} INFO - Started process (PID=1112) to work on /opt/airflow/dags/training_pipeline_dag.py
[2026-08-30T10:48:00.033+0000] {processor.py:830} INFO - Processing file /opt/airflow/dags/training_pipeline_dag.py for tasks to queue
[2026-08-30T10:48:00.037+0000] {logging_mixin.py:188} INFO - [2026-08-30T10:48:00.035+0000] {dagbag.py:545} INFO - Filling up the DagBag from /opt/airflow/dags/training_pipeline_dag.py
[2026-08-30T10:48:03.531+0000] {processor.py:840} INFO - DAG(s) 'training_pipeline' retrieved from /opt/airflow/dags/training_pipeline_dag.py
[2026-08-30T10:48:04.261+0000] {logging_mixin.py:188} INFO - [2026-08-30T10:48:04.261+0000] {dag.py:3089} INFO - Sync 1 DAGs
[2026-08-30T10:48:04.325+0000] {logging_mixin.py:188} INFO - [2026-08-30T10:48:04.324+0000] {dag.py:3947} INFO - Setting next_dagrun for training_pipeline to 2026-08-30 00:00:00+00:00, run_after=2026-08-31 00:00:00+00:00
[2026-08-30T10:48:04.451+0000] {processor.py:183} INFO - Processing /opt/airflow/dags/training_pipeline_dag.py took 4.459 seconds
[2026-08-30T10:48:35.085+0000] {processor.py:161} INFO - Started process (PID=1178) to work on /opt/airflow/dags/training_pipeline_dag.py
[2026-08-30T10:48:35.089+0000] {processor.py:830} INFO - Processing file /opt/airflow/dags/training_pipeline_dag.py for tasks to queue
[2026-08-30T10:48:35.092+0000] {logging_mixin.py:188} INFO - [2026-08-30T10:48:35.091+0000] {dagbag.py:545} INFO - Filling up the DagBag from /opt/airflow/dags/training_pipeline_dag.py
[2026-08-30T10:48:37.074+0000] {processor.py:840} INFO - DAG(s) 'training_pipeline' retrieved from /opt/airflow/dags/training_pipeline_dag.py
[2026-08-30T10:48:37.132+0000] {logging_mixin.py:188} INFO - [2026-08-30T10:48:37.130+0000] {dag.py:3089} INFO - Sync 1 DAGs
[2026-08-30T10:48:37.360+0000] {logging_mixin.py:188} INFO - [2026-08-30T10:48:37.359+0000] {dag.py:3947} INFO - Setting next_dagrun for training_pipeline to 2026-08-30 00:00:00+00:00, run_after=2026-08-31 00:00:00+00:00
[2026-08-30T10:48:37.577+0000] {processor.py:183} INFO - Processing /opt/airflow/dags/training_pipeline_dag.py took 2.518 seconds
[2026-08-30T10:49:07.937+0000] {processor.py:161} INFO - Started process (PID=1256) to work on /opt/airflow/dags/training_pipeline_dag.py
[2026-08-30T10:49:07.940+0000] {processor.py:830} INFO - Processing file /opt/airflow/dags/training_pipeline_dag.py for tasks to queue
[2026-08-30T10:49:07.942+0000] {logging_mixin.py:188} INFO - [2026-08-30T10:49:07.942+0000] {dagbag.py:545} INFO - Filling up the DagBag from /opt/airflow/dags/training_pipeline_dag.py
[2026-08-30T10:49:09.921+0000] {processor.py:840} INFO - DAG(s) 'training_pipeline' retrieved from /opt/airflow/dags/training_pipeline_dag.py
[2026-08-30T10:49:09.981+0000] {logging_mixin.py:188} INFO - [2026-08-30T10:49:09.981+0000] {dag.py:3089} INFO - Sync 1 DAGs
[2026-08-30T10:49:10.030+0000] {logging_mixin.py:188} INFO - [2026-08-30T10:49:10.029+0000] {dag.py:3947} INFO - Setting next_dagrun for training_pipeline to 2026-08-30 00:00:00+00:00, run_after=2026-08-31 00:00:00+00:00
[2026-08-30T10:49:10.069+0000] {processor.py:183} INFO - Processing /opt/airflow/dags/training_pipeline_dag.py took 2.153 seconds
[2026-08-30T10:49:41.201+0000] {processor.py:161} INFO - Started process (PID=1340) to work on /opt/airflow/dags/training_pipeline_dag.py
[2026-08-30T10:49:41.236+0000] {processor.py:830} INFO - Processing file /opt/airflow/dags/training_pipeline_dag.py for tasks to queue
[2026-08-30T10:49:41.239+0000] {logging_mixin.py:188} INFO - [2026-08-30T10:49:41.238+0000] {dagbag.py:545} INFO - Filling up the DagBag from /opt/airflow/dags/training_pipeline_dag.py
[2026-08-30T10:49:43.177+0000] {processor.py:840} INFO - DAG(s) 'training_pipeline' retrieved from /opt/airflow/dags/training_pipeline_dag.py
[2026-08-30T10:49:43.249+0000] {logging_mixin.py:188} INFO - [2026-08-30T10:49:43.248+0000] {dag.py:3089} INFO - Sync 1 DAGs
[2026-08-30T10:49:43.301+0000] {logging_mixin.py:188} INFO - [2026-08-30T10:49:43.300+0000] {dag.py:3947} INFO - Setting next_dagrun for training_pipeline to 2026-08-30 00:00:00+00:00, run_after=2026-08-31 00:00:00+00:00
[2026-08-30T10:49:43.342+0000] {processor.py:183} INFO - Processing /opt/airflow/dags/training_pipeline_dag.py took 2.160 seconds
[2026-08-30T10:50:13.968+0000] {processor.py:161} INFO - Started process (PID=1391) to work on /opt/airflow/dags/training_pipeline_dag.py
[2026-08-30T10:50:13.970+0000] {processor.py:830} INFO - Processing file /opt/airflow/dags/training_pipeline_dag.py for tasks to queue
[2026-08-30T10:50:13.973+0000] {logging_mixin.py:188} INFO - [2026-08-30T10:50:13.972+0000] {dagbag.py:545} INFO - Filling up the DagBag from /opt/airflow/dags/training_pipeline_dag.py
[2026-08-30T10:50:15.572+0000] {processor.py:840} INFO - DAG(s) 'training_pipeline' retrieved from /opt/airflow/dags/training_pipeline_dag.py
[2026-08-30T10:50:17.733+0000] {logging_mixin.py:188} INFO - [2026-08-30T10:50:17.732+0000] {dag.py:3089} INFO - Sync 1 DAGs
[2026-08-30T10:50:17.874+0000] {logging_mixin.py:188} INFO - [2026-08-30T10:50:17.873+0000] {dag.py:3947} INFO - Setting next_dagrun for training_pipeline to 2026-08-30 00:00:00+00:00, run_after=2026-08-31 00:00:00+00:00
[2026-08-30T10:50:17.939+0000] {processor.py:183} INFO - Processing /opt/airflow/dags/training_pipeline_dag.py took 3.991 seconds
[2026-08-30T10:50:48.299+0000] {processor.py:161} INFO - Started process (PID=1451) to work on /opt/airflow/dags/training_pipeline_dag.py
[2026-08-30T10:50:48.303+0000] {processor.py:830} INFO - Processing file /opt/airflow/dags/training_pipeline_dag.py for tasks to queue
[2026-08-30T10:50:48.307+0000] {logging_mixin.py:188} INFO - [2026-08-30T10:50:48.305+0000] {dagbag.py:545} INFO - Filling up the DagBag from /opt/airflow/dags/training_pipeline_dag.py
[2026-08-30T10:50:49.739+0000] {processor.py:840} INFO - DAG(s) 'training_pipeline' retrieved from /opt/airflow/dags/training_pipeline_dag.py
[2026-08-30T10:50:52.163+0000] {logging_mixin.py:188} INFO - [2026-08-30T10:50:52.162+0000] {dag.py:3089} INFO - Sync 1 DAGs
[2026-08-30T10:50:52.225+0000] {logging_mixin.py:188} INFO - [2026-08-30T10:50:52.224+0000] {dag.py:3947} INFO - Setting next_dagrun for training_pipeline to 2026-08-30 00:00:00+00:00, run_after=2026-08-31 00:00:00+00:00
[2026-08-30T10:50:52.283+0000] {processor.py:183} INFO - Processing /opt/airflow/dags/training_pipeline_dag.py took 4.005 seconds
[2026-08-30T10:51:23.119+0000] {processor.py:161} INFO - Started process (PID=1503) to work on /opt/airflow/dags/training_pipeline_dag.py
[2026-08-30T10:51:23.121+0000] {processor.py:830} INFO - Processing file /opt/airflow/dags/training_pipeline_dag.py for tasks to queue
[2026-08-30T10:51:23.124+0000] {logging_mixin.py:188} INFO - [2026-08-30T10:51:23.123+0000] {dagbag.py:545} INFO - Filling up the DagBag from /opt/airflow/dags/training_pipeline_dag.py
[2026-08-30T10:51:24.995+0000] {processor.py:840} INFO - DAG(s) 'training_pipeline' retrieved from /opt/airflow/dags/training_pipeline_dag.py
[2026-08-30T10:51:25.055+0000] {logging_mixin.py:188} INFO - [2026-08-30T10:51:25.054+0000] {dag.py:3089} INFO - Sync 1 DAGs
[2026-08-30T10:51:25.099+0000] {logging_mixin.py:188} INFO - [2026-08-30T10:51:25.098+0000] {dag.py:3947} INFO - Setting next_dagrun for training_pipeline to 2026-08-30 00:00:00+00:00, run_after=2026-08-31 00:00:00+00:00
[2026-08-30T10:51:25.141+0000] {processor.py:183} INFO - Processing /opt/airflow/dags/training_pipeline_dag.py took 2.039 seconds
[2026-08-30T10:51:57.297+0000] {processor.py:161} INFO - Started process (PID=1544) to work on /opt/airflow/dags/training_pipeline_dag.py
[2026-08-30T10:51:57.300+0000] {processor.py:830} INFO - Processing file /opt/airflow/dags/training_pipeline_dag.py for tasks to queue
[2026-08-30T10:51:57.302+0000] {logging_mixin.py:188} INFO - [2026-08-30T10:51:57.302+0000] {dagbag.py:545} INFO - Filling up the DagBag from /opt/airflow/dags/training_pipeline_dag.py
[2026-08-30T10:51:56.863+0000] {processor.py:840} INFO - DAG(s) 'training_pipeline' retrieved from /opt/airflow/dags/training_pipeline_dag.py
[2026-08-30T10:51:56.912+0000] {logging_mixin.py:188} INFO - [2026-08-30T10:51:56.911+0000] {dag.py:3089} INFO - Sync 1 DAGs
[2026-08-30T10:51:56.955+0000] {logging_mixin.py:188} INFO - [2026-08-30T10:51:56.954+0000] {dag.py:3947} INFO - Setting next_dagrun for training_pipeline to 2026-08-30 00:00:00+00:00, run_after=2026-08-31 00:00:00+00:00
[2026-08-30T10:51:57.002+0000] {processor.py:183} INFO - Processing /opt/airflow/dags/training_pipeline_dag.py took 2.114 seconds
[2026-08-30T10:52:27.754+0000] {processor.py:161} INFO - Started process (PID=1553) to work on /opt/airflow/dags/training_pipeline_dag.py
[2026-08-30T10:52:27.758+0000] {processor.py:830} INFO - Processing file /opt/airflow/dags/training_pipeline_dag.py for tasks to queue
[2026-08-30T10:52:27.760+0000] {logging_mixin.py:188} INFO - [2026-08-30T10:52:27.760+0000] {dagbag.py:545} INFO - Filling up the DagBag from /opt/airflow/dags/training_pipeline_dag.py
[2026-08-30T10:52:29.742+0000] {processor.py:840} INFO - DAG(s) 'training_pipeline' retrieved from /opt/airflow/dags/training_pipeline_dag.py
[2026-08-30T10:52:29.802+0000] {logging_mixin.py:188} INFO - [2026-08-30T10:52:29.800+0000] {dag.py:3089} INFO - Sync 1 DAGs
[2026-08-30T10:52:29.846+0000] {logging_mixin.py:188} INFO - [2026-08-30T10:52:29.846+0000] {dag.py:3947} INFO - Setting next_dagrun for training_pipeline to 2026-08-30 00:00:00+00:00, run_after=2026-08-31 00:00:00+00:00
[2026-08-30T10:52:29.887+0000] {processor.py:183} INFO - Processing /opt/airflow/dags/training_pipeline_dag.py took 2.150 seconds
[2026-08-30T10:53:00.468+0000] {processor.py:161} INFO - Started process (PID=1598) to work on /opt/airflow/dags/training_pipeline_dag.py
[2026-08-30T10:53:00.472+0000] {processor.py:830} INFO - Processing file /opt/airflow/dags/training_pipeline_dag.py for tasks to queue
[2026-08-30T10:53:00.476+0000] {logging_mixin.py:188} INFO - [2026-08-30T10:53:00.475+0000] {dagbag.py:545} INFO - Filling up the DagBag from /opt/airflow/dags/training_pipeline_dag.py
[2026-08-30T10:53:04.177+0000] {processor.py:840} INFO - DAG(s) 'training_pipeline' retrieved from /opt/airflow/dags/training_pipeline_dag.py
[2026-08-30T10:53:04.658+0000] {logging_mixin.py:188} INFO - [2026-08-30T10:53:04.657+0000] {dag.py:3089} INFO - Sync 1 DAGs
[2026-08-30T10:53:08.339+0000] {logging_mixin.py:188} INFO - [2026-08-30T10:53:08.338+0000] {dag.py:3947} INFO - Setting next_dagrun for training_pipeline to 2026-08-30 00:00:00+00:00, run_after=2026-08-31 00:00:00+00:00
[2026-08-30T10:53:08.500+0000] {processor.py:183} INFO - Processing /opt/airflow/dags/training_pipeline_dag.py took 8.063 seconds
[2026-08-30T10:53:38.909+0000] {processor.py:161} INFO - Started process (PID=1629) to work on /opt/airflow/dags/training_pipeline_dag.py
[2026-08-30T10:53:38.912+0000] {processor.py:830} INFO - Processing file /opt/airflow/dags/training_pipeline_dag.py for tasks to queue
[2026-08-30T10:53:38.915+0000] {logging_mixin.py:188} INFO - [2026-08-30T10:53:38.913+0000] {dagbag.py:545} INFO - Filling up the DagBag from /opt/airflow/dags/training_pipeline_dag.py
[2026-08-30T10:53:40.307+0000] {processor.py:840} INFO - DAG(s) 'training_pipeline' retrieved from /opt/airflow/dags/training_pipeline_dag.py
[2026-08-30T10:53:40.708+0000] {logging_mixin.py:188} INFO - [2026-08-30T10:53:40.707+0000] {dag.py:3089} INFO - Sync 1 DAGs
[2026-08-30T10:53:40.743+0000] {logging_mixin.py:188} INFO - [2026-08-30T10:53:40.743+0000] {dag.py:3947} INFO - Setting next_dagrun for training_pipeline to 2026-08-30 00:00:00+00:00, run_after=2026-08-31 00:00:00+00:00
[2026-08-30T10:53:40.880+0000] {processor.py:183} INFO - Processing /opt/airflow/dags/training_pipeline_dag.py took 1.990 seconds
[2026-08-30T10:54:11.508+0000] {processor.py:161} INFO - Started process (PID=1696) to work on /opt/airflow/dags/training_pipeline_dag.py
[2026-08-30T10:54:11.512+0000] {processor.py:830} INFO - Processing file /opt/airflow/dags/training_pipeline_dag.py for tasks to queue
[2026-08-30T10:54:11.515+0000] {logging_mixin.py:188} INFO - [2026-08-30T10:54:11.514+0000] {dagbag.py:545} INFO - Filling up the DagBag from /opt/airflow/dags/training_pipeline_dag.py
[2026-08-30T10:54:16.397+0000] {processor.py:840} INFO - DAG(s) 'training_pipeline' retrieved from /opt/airflow/dags/training_pipeline_dag.py
[2026-08-30T10:54:16.917+0000] {logging_mixin.py:188} INFO - [2026-08-30T10:54:16.913+0000] {dag.py:3089} INFO - Sync 1 DAGs
[2026-08-30T10:54:17.176+0000] {logging_mixin.py:188} INFO - [2026-08-30T10:54:17.175+0000] {dag.py:3947} INFO - Setting next_dagrun for training_pipeline to 2026-08-30 00:00:00+00:00, run_after=2026-08-31 00:00:00+00:00
[2026-08-30T10:54:17.421+0000] {processor.py:183} INFO - Processing /opt/airflow/dags/training_pipeline_dag.py took 8.302 seconds
[2026-08-30T10:54:48.001+0000] {processor.py:161} INFO - Started process (PID=1735) to work on /opt/airflow/dags/training_pipeline_dag.py
[2026-08-30T10:54:48.004+0000] {processor.py:830} INFO - Processing file /opt/airflow/dags/training_pipeline_dag.py for tasks to queue
[2026-08-30T10:54:48.007+0000] {logging_mixin.py:188} INFO - [2026-08-30T10:54:48.006+0000] {dagbag.py:545} INFO - Filling up the DagBag from /opt/airflow/dags/training_pipeline_dag.py
[2026-08-30T10:54:51.975+0000] {processor.py:840} INFO - DAG(s) 'training_pipeline' retrieved from /opt/airflow/dags/training_pipeline_dag.py
[2026-08-30T10:54:52.048+0000] {logging_mixin.py:188} INFO - [2026-08-30T10:54:52.047+0000] {dag.py:3089} INFO - Sync 1 DAGs
[2026-08-30T10:54:52.114+0000] {logging_mixin.py:188} INFO - [2026-08-30T10:54:52.114+0000] {dag.py:3947} INFO - Setting next_dagrun for training_pipeline to 2026-08-30 00:00:00+00:00, run_after=2026-08-31 00:00:00+00:00
[2026-08-30T10:54:52.193+0000] {processor.py:183} INFO - Processing /opt/airflow/dags/training_pipeline_dag.py took 4.214 seconds
[2026-08-30T10:55:22.615+0000] {processor.py:161} INFO - Started process (PID=1768) to work on /opt/airflow/dags/training_pipeline_dag.py
[2026-08-30T10:55:22.634+0000] {processor.py:830} INFO - Processing file /opt/airflow/dags/training_pipeline_dag.py for tasks to queue
[2026-08-30T10:55:22.636+0000] {logging_mixin.py:188} INFO - [2026-08-30T10:55:22.635+0000] {dagbag.py:545} INFO - Filling up the DagBag from /opt/airflow/dags/training_pipeline_dag.py
[2026-08-30T10:55:26.528+0000] {processor.py:840} INFO - DAG(s) 'training_pipeline' retrieved from /opt/airflow/dags/training_pipeline_dag.py
[2026-08-30T10:55:26.589+0000] {logging_mixin.py:188} INFO - [2026-08-30T10:55:26.588+0000] {dag.py:3089} INFO - Sync 1 DAGs
[2026-08-30T10:55:26.654+0000] {logging_mixin.py:188} INFO - [2026-08-30T10:55:26.653+0000] {dag.py:3947} INFO - Setting next_dagrun for training_pipeline to 2026-08-30 00:00:00+00:00, run_after=2026-08-31 00:00:00+00:00
[2026-08-30T10:55:26.723+0000] {processor.py:183} INFO - Processing /opt/airflow/dags/training_pipeline_dag.py took 4.130 seconds
[2026-08-30T10:55:57.484+0000] {processor.py:161} INFO - Started process (PID=1814) to work on /opt/airflow/dags/training_pipeline_dag.py
[2026-08-30T10:55:57.487+0000] {processor.py:830} INFO - Processing file /opt/airflow/dags/training_pipeline_dag.py for tasks to queue
[2026-08-30T10:55:57.491+0000] {logging_mixin.py:188} INFO - [2026-08-30T10:55:57.489+0000] {dagbag.py:545} INFO - Filling up the DagBag from /opt/airflow/dags/training_pipeline_dag.py
[2026-08-30T10:55:59.316+0000] {processor.py:840} INFO - DAG(s) 'training_pipeline' retrieved from /opt/airflow/dags/training_pipeline_dag.py
[2026-08-30T10:55:59.384+0000] {logging_mixin.py:188} INFO - [2026-08-30T10:55:59.383+0000] {dag.py:3089} INFO - Sync 1 DAGs
[2026-08-30T10:55:59.719+0000] {logging_mixin.py:188} INFO - [2026-08-30T10:55:59.719+0000] {dag.py:3947} INFO - Setting next_dagrun for training_pipeline to 2026-08-30 00:00:00+00:00, run_after=2026-08-31 00:00:00+00:00
[2026-08-30T10:55:59.766+0000] {processor.py:183} INFO - Processing /opt/airflow/dags/training_pipeline_dag.py took 2.308 seconds
[2026-08-30T10:56:30.402+0000] {processor.py:161} INFO - Started process (PID=1903) to work on /opt/airflow/dags/training_pipeline_dag.py
[2026-08-30T10:56:30.407+0000] {processor.py:830} INFO - Processing file /opt/airflow/dags/training_pipeline_dag.py for tasks to queue
[2026-08-30T10:56:30.410+0000] {logging_mixin.py:188} INFO - [2026-08-30T10:56:30.409+0000] {dagbag.py:545} INFO - Filling up the DagBag from /opt/airflow/dags/training_pipeline_dag.py
[2026-08-30T10:56:39.082+0000] {processor.py:840} INFO - DAG(s) 'training_pipeline' retrieved from /opt/airflow/dags/training_pipeline_dag.py
[2026-08-30T10:56:39.467+0000] {logging_mixin.py:188} INFO - [2026-08-30T10:56:39.466+0000] {dag.py:3089} INFO - Sync 1 DAGs
[2026-08-30T10:56:39.517+0000] {logging_mixin.py:188} INFO - [2026-08-30T10:56:39.516+0000] {dag.py:3947} INFO - Setting next_dagrun for training_pipeline to 2026-08-30 00:00:00+00:00, run_after=2026-08-31 00:00:00+00:00
[2026-08-30T10:56:39.565+0000] {processor.py:183} INFO - Processing /opt/airflow/dags/training_pipeline_dag.py took 11.973 seconds
[2026-08-30T10:57:09.784+0000] {processor.py:161} INFO - Started process (PID=1935) to work on /opt/airflow/dags/training_pipeline_dag.py
[2026-08-30T10:57:09.786+0000] {processor.py:830} INFO - Processing file /opt/airflow/dags/training_pipeline_dag.py for tasks to queue
[2026-08-30T10:57:09.788+0000] {logging_mixin.py:188} INFO - [2026-08-30T10:57:09.787+0000] {dagbag.py:545} INFO - Filling up the DagBag from /opt/airflow/dags/training_pipeline_dag.py
[2026-08-30T10:57:17.627+0000] {processor.py:840} INFO - DAG(s) 'training_pipeline' retrieved from /opt/airflow/dags/training_pipeline_dag.py
[2026-08-30T10:57:18.331+0000] {logging_mixin.py:188} INFO - [2026-08-30T10:57:18.330+0000] {dag.py:3089} INFO - Sync 1 DAGs
[2026-08-30T10:57:18.526+0000] {logging_mixin.py:188} INFO - [2026-08-30T10:57:18.525+0000] {dag.py:3947} INFO - Setting next_dagrun for training_pipeline to 2026-08-30 00:00:00+00:00, run_after=2026-08-31 00:00:00+00:00
[2026-08-30T10:57:18.588+0000] {processor.py:183} INFO - Processing /opt/airflow/dags/training_pipeline_dag.py took 8.820 seconds
[2026-08-30T10:57:49.238+0000] {processor.py:161} INFO - Started process (PID=1965) to work on /opt/airflow/dags/training_pipeline_dag.py
[2026-08-30T10:57:49.242+0000] {processor.py:830} INFO - Processing file /opt/airflow/dags/training_pipeline_dag.py for tasks to queue
[2026-08-30T10:57:49.245+0000] {logging_mixin.py:188} INFO - [2026-08-30T10:57:49.244+0000] {dagbag.py:545} INFO - Filling up the DagBag from /opt/airflow/dags/training_pipeline_dag.py
[2026-08-30T10:57:54.072+0000] {processor.py:840} INFO - DAG(s) 'training_pipeline' retrieved from /opt/airflow/dags/training_pipeline_dag.py
[2026-08-30T10:57:54.671+0000] {logging_mixin.py:188} INFO - [2026-08-30T10:57:54.669+0000] {dag.py:3089} INFO - Sync 1 DAGs
[2026-08-30T10:57:54.971+0000] {logging_mixin.py:188} INFO - [2026-08-30T10:57:54.966+0000] {dag.py:3947} INFO - Setting next_dagrun for training_pipeline to 2026-08-30 00:00:00+00:00, run_after=2026-08-31 00:00:00+00:00
[2026-08-30T10:57:57.612+0000] {processor.py:183} INFO - Processing /opt/airflow/dags/training_pipeline_dag.py took 8.396 seconds
[2026-08-30T10:58:29.084+0000] {processor.py:161} INFO - Started process (PID=1998) to work on /opt/airflow/dags/training_pipeline_dag.py
[2026-08-30T10:58:29.088+0000] {processor.py:830} INFO - Processing file /opt/airflow/dags/training_pipeline_dag.py for tasks to queue
[2026-08-30T10:58:29.090+0000] {logging_mixin.py:188} INFO - [2026-08-30T10:58:29.089+0000] {dagbag.py:545} INFO - Filling up the DagBag from /opt/airflow/dags/training_pipeline_dag.py
[2026-08-30T10:58:35.787+0000] {processor.py:840} INFO - DAG(s) 'training_pipeline' retrieved from /opt/airflow/dags/training_pipeline_dag.py
[2026-08-30T10:58:35.856+0000] {logging_mixin.py:188} INFO - [2026-08-30T10:58:35.854+0000] {dag.py:3089} INFO - Sync 1 DAGs
[2026-08-30T10:58:35.910+0000] {logging_mixin.py:188} INFO - [2026-08-30T10:58:35.909+0000] {dag.py:3947} INFO - Setting next_dagrun for training_pipeline to 2026-08-30 00:00:00+00:00, run_after=2026-08-31 00:00:00+00:00
[2026-08-30T10:58:35.962+0000] {processor.py:183} INFO - Processing /opt/airflow/dags/training_pipeline_dag.py took 6.914 seconds
[2026-08-30T10:59:06.553+0000] {processor.py:161} INFO - Started process (PID=2028) to work on /opt/airflow/dags/training_pipeline_dag.py
[2026-08-30T10:59:06.556+0000] {processor.py:830} INFO - Processing file /opt/airflow/dags/training_pipeline_dag.py for tasks to queue
[2026-08-30T10:59:06.559+0000] {logging_mixin.py:188} INFO - [2026-08-30T10:59:06.558+0000] {dagbag.py:545} INFO - Filling up the DagBag from /opt/airflow/dags/training_pipeline_dag.py
[2026-08-30T10:59:07.962+0000] {processor.py:840} INFO - DAG(s) 'training_pipeline' retrieved from /opt/airflow/dags/training_pipeline_dag.py
[2026-08-30T10:59:08.640+0000] {logging_mixin.py:188} INFO - [2026-08-30T10:59:08.639+0000] {dag.py:3089} INFO - Sync 1 DAGs
[2026-08-30T10:59:08.702+0000] {logging_mixin.py:188} INFO - [2026-08-30T10:59:08.702+0000] {dag.py:3947} INFO - Setting next_dagrun for training_pipeline to 2026-08-30 00:00:00+00:00, run_after=2026-08-31 00:00:00+00:00
[2026-08-30T10:59:08.749+0000] {processor.py:183} INFO - Processing /opt/airflow/dags/training_pipeline_dag.py took 2.216 seconds
[2026-08-30T10:59:39.691+0000] {processor.py:161} INFO - Started process (PID=2058) to work on /opt/airflow/dags/training_pipeline_dag.py
[2026-08-30T10:59:39.696+0000] {processor.py:830} INFO - Processing file /opt/airflow/dags/training_pipeline_dag.py for tasks to queue
[2026-08-30T10:59:39.699+0000] {logging_mixin.py:188} INFO - [2026-08-30T10:59:39.698+0000] {dagbag.py:545} INFO - Filling up the DagBag from /opt/airflow/dags/training_pipeline_dag.py
[2026-08-30T10:59:42.004+0000] {processor.py:840} INFO - DAG(s) 'training_pipeline' retrieved from /opt/airflow/dags/training_pipeline_dag.py
[2026-08-30T10:59:42.075+0000] {logging_mixin.py:188} INFO - [2026-08-30T10:59:42.074+0000] {dag.py:3089} INFO - Sync 1 DAGs
[2026-08-30T10:59:42.132+0000] {logging_mixin.py:188} INFO - [2026-08-30T10:59:42.131+0000] {dag.py:3947} INFO - Setting next_dagrun for training_pipeline to 2026-08-30 00:00:00+00:00, run_after=2026-08-31 00:00:00+00:00
[2026-08-30T10:59:42.176+0000] {processor.py:183} INFO - Processing /opt/airflow/dags/training_pipeline_dag.py took 2.510 seconds
[2026-08-30T11:00:12.857+0000] {processor.py:161} INFO - Started process (PID=2106) to work on /opt/airflow/dags/training_pipeline_dag.py
[2026-08-30T11:00:12.861+0000] {processor.py:830} INFO - Processing file /opt/airflow/dags/training_pipeline_dag.py for tasks to queue
[2026-08-30T11:00:12.863+0000] {logging_mixin.py:188} INFO - [2026-08-30T11:00:12.862+0000] {dagbag.py:545} INFO - Filling up the DagBag from /opt/airflow/dags/training_pipeline_dag.py
[2026-08-30T11:00:15.084+0000] {processor.py:840} INFO - DAG(s) 'training_pipeline' retrieved from /opt/airflow/dags/training_pipeline_dag.py
[2026-08-30T11:00:15.404+0000] {logging_mixin.py:188} INFO - [2026-08-30T11:00:15.403+0000] {dag.py:3089} INFO - Sync 1 DAGs
[2026-08-30T11:00:15.589+0000] {logging_mixin.py:188} INFO - [2026-08-30T11:00:15.588+0000] {dag.py:3947} INFO - Setting next_dagrun for training_pipeline to 2026-08-30 00:00:00+00:00, run_after=2026-08-31 00:00:00+00:00
[2026-08-30T11:00:15.668+0000] {processor.py:183} INFO - Processing /opt/airflow/dags/training_pipeline_dag.py took 2.831 seconds
[2026-08-30T11:00:43.920+0000] {processor.py:161} INFO - Started process (PID=2231) to work on /opt/airflow/dags/training_pipeline_dag.py
[2026-08-30T11:00:43.972+0000] {processor.py:830} INFO - Processing file /opt/airflow/dags/training_pipeline_dag.py for tasks to queue
[2026-08-30T11:00:44.001+0000] {logging_mixin.py:188} INFO - [2026-08-30T11:00:43.991+0000] {dagbag.py:545} INFO - Filling up the DagBag from /opt/airflow/dags/training_pipeline_dag.py
[2026-08-30T11:01:06.633+0000] {processor.py:840} INFO - DAG(s) 'training_pipeline' retrieved from /opt/airflow/dags/training_pipeline_dag.py
[2026-08-30T11:01:06.749+0000] {logging_mixin.py:188} INFO - [2026-08-30T11:01:06.747+0000] {dag.py:3089} INFO - Sync 1 DAGs
[2026-08-30T11:01:06.895+0000] {logging_mixin.py:188} INFO - [2026-08-30T11:01:06.895+0000] {dag.py:3947} INFO - Setting next_dagrun for training_pipeline to 2026-08-30 00:00:00+00:00, run_after=2026-08-31 00:00:00+00:00
[2026-08-30T11:01:06.971+0000] {processor.py:183} INFO - Processing /opt/airflow/dags/training_pipeline_dag.py took 23.787 seconds
[2026-08-30T11:01:37.753+0000] {processor.py:161} INFO - Started process (PID=2318) to work on /opt/airflow/dags/training_pipeline_dag.py
[2026-08-30T11:01:37.762+0000] {processor.py:830} INFO - Processing file /opt/airflow/dags/training_pipeline_dag.py for tasks to queue
[2026-08-30T11:01:37.765+0000] {logging_mixin.py:188} INFO - [2026-08-30T11:01:37.764+0000] {dagbag.py:545} INFO - Filling up the DagBag from /opt/airflow/dags/training_pipeline_dag.py
[2026-08-30T11:01:47.374+0000] {processor.py:840} INFO - DAG(s) 'training_pipeline' retrieved from /opt/airflow/dags/training_pipeline_dag.py
[2026-08-30T11:01:47.560+0000] {logging_mixin.py:188} INFO - [2026-08-30T11:01:47.559+0000] {dag.py:3089} INFO - Sync 1 DAGs
[2026-08-30T11:01:47.768+0000] {logging_mixin.py:188} INFO - [2026-08-30T11:01:47.767+0000] {dag.py:3947} INFO - Setting next_dagrun for training_pipeline to 2026-08-30 00:00:00+00:00, run_after=2026-08-31 00:00:00+00:00
[2026-08-30T11:01:48.952+0000] {processor.py:183} INFO - Processing /opt/airflow/dags/training_pipeline_dag.py took 12.208 seconds
[2026-08-30T11:02:20.294+0000] {processor.py:161} INFO - Started process (PID=2382) to work on /opt/airflow/dags/training_pipeline_dag.py
[2026-08-30T11:02:20.297+0000] {processor.py:830} INFO - Processing file /opt/airflow/dags/training_pipeline_dag.py for tasks to queue
[2026-08-30T11:02:20.300+0000] {logging_mixin.py:188} INFO - [2026-08-30T11:02:20.299+0000] {dagbag.py:545} INFO - Filling up the DagBag from /opt/airflow/dags/training_pipeline_dag.py
[2026-08-30T11:02:21.961+0000] {processor.py:840} INFO - DAG(s) 'training_pipeline' retrieved from /opt/airflow/dags/training_pipeline_dag.py
[2026-08-30T11:02:22.514+0000] {logging_mixin.py:188} INFO - [2026-08-30T11:02:22.513+0000] {dag.py:3089} INFO - Sync 1 DAGs
[2026-08-30T11:02:22.555+0000] {logging_mixin.py:188} INFO - [2026-08-30T11:02:22.555+0000] {dag.py:3947} INFO - Setting next_dagrun for training_pipeline to 2026-08-30 00:00:00+00:00, run_after=2026-08-31 00:00:00+00:00
[2026-08-30T11:02:22.594+0000] {processor.py:183} INFO - Processing /opt/airflow/dags/training_pipeline_dag.py took 2.320 seconds
[2026-08-30T11:02:52.823+0000] {processor.py:161} INFO - Started process (PID=2428) to work on /opt/airflow/dags/training_pipeline_dag.py
[2026-08-30T11:02:52.826+0000] {processor.py:830} INFO - Processing file /opt/airflow/dags/training_pipeline_dag.py for tasks to queue
[2026-08-30T11:02:52.829+0000] {logging_mixin.py:188} INFO - [2026-08-30T11:02:52.828+0000] {dagbag.py:545} INFO - Filling up the DagBag from /opt/airflow/dags/training_pipeline_dag.py
[2026-08-30T11:02:54.689+0000] {processor.py:840} INFO - DAG(s) 'training_pipeline' retrieved from /opt/airflow/dags/training_pipeline_dag.py
[2026-08-30T11:02:54.743+0000] {logging_mixin.py:188} INFO - [2026-08-30T11:02:54.742+0000] {dag.py:3089} INFO - Sync 1 DAGs
[2026-08-30T11:02:54.784+0000] {logging_mixin.py:188} INFO - [2026-08-30T11:02:54.783+0000] {dag.py:3947} INFO - Setting next_dagrun for training_pipeline to 2026-08-30 00:00:00+00:00, run_after=2026-08-31 00:00:00+00:00
[2026-08-30T11:02:54.824+0000] {processor.py:183} INFO - Processing /opt/airflow/dags/training_pipeline_dag.py took 2.027 seconds
[2026-08-30T11:03:25.417+0000] {processor.py:161} INFO - Started process (PID=2482) to work on /opt/airflow/dags/training_pipeline_dag.py
[2026-08-30T11:03:25.425+0000] {processor.py:830} INFO - Processing file /opt/airflow/dags/training_pipeline_dag.py for tasks to queue
[2026-08-30T11:03:25.433+0000] {logging_mixin.py:188} INFO - [2026-08-30T11:03:25.431+0000] {dagbag.py:545} INFO - Filling up the DagBag from /opt/airflow/dags/training_pipeline_dag.py
[2026-08-30T11:03:28.254+0000] {processor.py:840} INFO - DAG(s) 'training_pipeline' retrieved from /opt/airflow/dags/training_pipeline_dag.py
[2026-08-30T11:03:28.305+0000] {logging_mixin.py:188} INFO - [2026-08-30T11:03:28.304+0000] {dag.py:3089} INFO - Sync 1 DAGs
[2026-08-30T11:03:28.354+0000] {logging_mixin.py:188} INFO - [2026-08-30T11:03:28.353+0000] {dag.py:3947} INFO - Setting next_dagrun for training_pipeline to 2026-08-30 00:00:00+00:00, run_after=2026-08-31 00:00:00+00:00
[2026-08-30T11:03:28.400+0000] {processor.py:183} INFO - Processing /opt/airflow/dags/training_pipeline_dag.py took 3.081 seconds
[2026-08-30T11:04:00.476+0000] {processor.py:161} INFO - Started process (PID=2577) to work on /opt/airflow/dags/training_pipeline_dag.py
[2026-08-30T11:04:00.478+0000] {processor.py:830} INFO - Processing file /opt/airflow/dags/training_pipeline_dag.py for tasks to queue
[2026-08-30T11:04:00.482+0000] {logging_mixin.py:188} INFO - [2026-08-30T11:04:00.481+0000] {dagbag.py:545} INFO - Filling up the DagBag from /opt/airflow/dags/training_pipeline_dag.py
[2026-08-30T11:03:59.463+0000] {processor.py:840} INFO - DAG(s) 'training_pipeline' retrieved from /opt/airflow/dags/training_pipeline_dag.py
[2026-08-30T11:03:59.522+0000] {logging_mixin.py:188} INFO - [2026-08-30T11:03:59.521+0000] {dag.py:3089} INFO - Sync 1 DAGs
[2026-08-30T11:03:59.569+0000] {logging_mixin.py:188} INFO - [2026-08-30T11:03:59.569+0000] {dag.py:3947} INFO - Setting next_dagrun for training_pipeline to 2026-08-30 00:00:00+00:00, run_after=2026-08-31 00:00:00+00:00
[2026-08-30T11:03:59.614+0000] {processor.py:183} INFO - Processing /opt/airflow/dags/training_pipeline_dag.py took 2.473 seconds
[2026-08-30T11:04:30.027+0000] {processor.py:161} INFO - Started process (PID=2610) to work on /opt/airflow/dags/training_pipeline_dag.py
[2026-08-30T11:04:30.029+0000] {processor.py:830} INFO - Processing file /opt/airflow/dags/training_pipeline_dag.py for tasks to queue
[2026-08-30T11:04:30.032+0000] {logging_mixin.py:188} INFO - [2026-08-30T11:04:30.031+0000] {dagbag.py:545} INFO - Filling up the DagBag from /opt/airflow/dags/training_pipeline_dag.py
[2026-08-30T11:04:32.026+0000] {processor.py:840} INFO - DAG(s) 'training_pipeline' retrieved from /opt/airflow/dags/training_pipeline_dag.py
[2026-08-30T11:04:32.081+0000] {logging_mixin.py:188} INFO - [2026-08-30T11:04:32.080+0000] {dag.py:3089} INFO - Sync 1 DAGs
[2026-08-30T11:04:32.120+0000] {logging_mixin.py:188} INFO - [2026-08-30T11:04:32.120+0000] {dag.py:3947} INFO - Setting next_dagrun for training_pipeline to 2026-08-30 00:00:00+00:00, run_after=2026-08-31 00:00:00+00:00
[2026-08-30T11:04:32.168+0000] {processor.py:183} INFO - Processing /opt/airflow/dags/training_pipeline_dag.py took 2.163 seconds
[2026-08-30T11:05:02.955+0000] {processor.py:161} INFO - Started process (PID=2631) to work on /opt/airflow/dags/training_pipeline_dag.py
[2026-08-30T11:05:02.957+0000] {processor.py:830} INFO - Processing file /opt/airflow/dags/training_pipeline_dag.py for tasks to queue
[2026-08-30T11:05:02.959+0000] {logging_mixin.py:188} INFO - [2026-08-30T11:05:02.959+0000] {dagbag.py:545} INFO - Filling up the DagBag from /opt/airflow/dags/training_pipeline_dag.py
[2026-08-30T11:05:04.999+0000] {processor.py:840} INFO - DAG(s) 'training_pipeline' retrieved from /opt/airflow/dags/training_pipeline_dag.py
[2026-08-30T11:05:05.057+0000] {logging_mixin.py:188} INFO - [2026-08-30T11:05:05.056+0000] {dag.py:3089} INFO - Sync 1 DAGs
[2026-08-30T11:05:05.112+0000] {logging_mixin.py:188} INFO - [2026-08-30T11:05:05.112+0000] {dag.py:3947} INFO - Setting next_dagrun for training_pipeline to 2026-08-30 00:00:00+00:00, run_after=2026-08-31 00:00:00+00:00
[2026-08-30T11:05:05.176+0000] {processor.py:183} INFO - Processing /opt/airflow/dags/training_pipeline_dag.py took 2.238 seconds
[2026-08-30T11:05:35.573+0000] {processor.py:161} INFO - Started process (PID=2642) to work on /opt/airflow/dags/training_pipeline_dag.py
[2026-08-30T11:05:35.575+0000] {processor.py:830} INFO - Processing file /opt/airflow/dags/training_pipeline_dag.py for tasks to queue
[2026-08-30T11:05:35.578+0000] {logging_mixin.py:188} INFO - [2026-08-30T11:05:35.577+0000] {dagbag.py:545} INFO - Filling up the DagBag from /opt/airflow/dags/training_pipeline_dag.py
[2026-08-30T11:05:39.105+0000] {processor.py:840} INFO - DAG(s) 'training_pipeline' retrieved from /opt/airflow/dags/training_pipeline_dag.py
[2026-08-30T11:05:39.169+0000] {logging_mixin.py:188} INFO - [2026-08-30T11:05:39.168+0000] {dag.py:3089} INFO - Sync 1 DAGs
[2026-08-30T11:05:39.227+0000] {logging_mixin.py:188} INFO - [2026-08-30T11:05:39.226+0000] {dag.py:3947} INFO - Setting next_dagrun for training_pipeline to 2026-08-30 00:00:00+00:00, run_after=2026-08-31 00:00:00+00:00
[2026-08-30T11:05:39.287+0000] {processor.py:183} INFO - Processing /opt/airflow/dags/training_pipeline_dag.py took 3.736 seconds
[2026-08-30T11:08:27.327+0000] {processor.py:161} INFO - Started process (PID=178) to work on /opt/airflow/dags/training_pipeline_dag.py
[2026-08-30T11:08:27.361+0000] {processor.py:830} INFO - Processing file /opt/airflow/dags/training_pipeline_dag.py for tasks to queue
[2026-08-30T11:08:27.382+0000] {logging_mixin.py:188} INFO - [2026-08-30T11:08:27.378+0000] {dagbag.py:545} INFO - Filling up the DagBag from /opt/airflow/dags/training_pipeline_dag.py
[2026-08-30T11:08:35.206+0000] {processor.py:840} INFO - DAG(s) 'training_pipeline' retrieved from /opt/airflow/dags/training_pipeline_dag.py
[2026-08-30T11:08:35.987+0000] {logging_mixin.py:188} INFO - [2026-08-30T11:08:35.986+0000] {dag.py:3089} INFO - Sync 1 DAGs
[2026-08-30T11:08:36.041+0000] {logging_mixin.py:188} INFO - [2026-08-30T11:08:36.041+0000] {dag.py:3947} INFO - Setting next_dagrun for training_pipeline to 2026-08-30 00:00:00+00:00, run_after=2026-08-31 00:00:00+00:00
[2026-08-30T11:08:36.097+0000] {processor.py:183} INFO - Processing /opt/airflow/dags/training_pipeline_dag.py took 8.950 seconds
[2026-08-30T11:09:08.198+0000] {processor.py:161} INFO - Started process (PID=208) to work on /opt/airflow/dags/training_pipeline_dag.py
[2026-08-30T11:09:08.205+0000] {processor.py:830} INFO - Processing file /opt/airflow/dags/training_pipeline_dag.py for tasks to queue
[2026-08-30T11:09:08.210+0000] {logging_mixin.py:188} INFO - [2026-08-30T11:09:08.209+0000] {dagbag.py:545} INFO - Filling up the DagBag from /opt/airflow/dags/training_pipeline_dag.py
[2026-08-30T11:09:07.809+0000] {processor.py:840} INFO - DAG(s) 'training_pipeline' retrieved from /opt/airflow/dags/training_pipeline_dag.py
[2026-08-30T11:09:07.875+0000] {logging_mixin.py:188} INFO - [2026-08-30T11:09:07.875+0000] {dag.py:3089} INFO - Sync 1 DAGs
[2026-08-30T11:09:07.926+0000] {logging_mixin.py:188} INFO - [2026-08-30T11:09:07.926+0000] {dag.py:3947} INFO - Setting next_dagrun for training_pipeline to 2026-08-30 00:00:00+00:00, run_after=2026-08-31 00:00:00+00:00
[2026-08-30T11:09:07.985+0000] {processor.py:183} INFO - Processing /opt/airflow/dags/training_pipeline_dag.py took 2.166 seconds
[2026-08-30T11:09:38.514+0000] {processor.py:161} INFO - Started process (PID=222) to work on /opt/airflow/dags/training_pipeline_dag.py
[2026-08-30T11:09:38.518+0000] {processor.py:830} INFO - Processing file /opt/airflow/dags/training_pipeline_dag.py for tasks to queue
[2026-08-30T11:09:38.527+0000] {logging_mixin.py:188} INFO - [2026-08-30T11:09:38.527+0000] {dagbag.py:545} INFO - Filling up the DagBag from /opt/airflow/dags/training_pipeline_dag.py
[2026-08-30T11:09:41.325+0000] {processor.py:840} INFO - DAG(s) 'training_pipeline' retrieved from /opt/airflow/dags/training_pipeline_dag.py
[2026-08-30T11:09:41.388+0000] {logging_mixin.py:188} INFO - [2026-08-30T11:09:41.387+0000] {dag.py:3089} INFO - Sync 1 DAGs
[2026-08-30T11:09:41.680+0000] {logging_mixin.py:188} INFO - [2026-08-30T11:09:41.680+0000] {dag.py:3947} INFO - Setting next_dagrun for training_pipeline to 2026-08-30 00:00:00+00:00, run_after=2026-08-31 00:00:00+00:00
[2026-08-30T11:09:41.736+0000] {processor.py:183} INFO - Processing /opt/airflow/dags/training_pipeline_dag.py took 3.242 seconds
[2026-08-30T11:10:12.184+0000] {processor.py:161} INFO - Started process (PID=252) to work on /opt/airflow/dags/training_pipeline_dag.py
[2026-08-30T11:10:12.188+0000] {processor.py:830} INFO - Processing file /opt/airflow/dags/training_pipeline_dag.py for tasks to queue
[2026-08-30T11:10:12.193+0000] {logging_mixin.py:188} INFO - [2026-08-30T11:10:12.193+0000] {dagbag.py:545} INFO - Filling up the DagBag from /opt/airflow/dags/training_pipeline_dag.py
[2026-08-30T11:10:14.324+0000] {processor.py:840} INFO - DAG(s) 'training_pipeline' retrieved from /opt/airflow/dags/training_pipeline_dag.py
[2026-08-30T11:10:14.393+0000] {logging_mixin.py:188} INFO - [2026-08-30T11:10:14.392+0000] {dag.py:3089} INFO - Sync 1 DAGs
[2026-08-30T11:10:14.649+0000] {logging_mixin.py:188} INFO - [2026-08-30T11:10:14.649+0000] {dag.py:3947} INFO - Setting next_dagrun for training_pipeline to 2026-08-30 00:00:00+00:00, run_after=2026-08-31 00:00:00+00:00
[2026-08-30T11:10:14.693+0000] {processor.py:183} INFO - Processing /opt/airflow/dags/training_pipeline_dag.py took 2.525 seconds
[2026-08-30T11:10:44.961+0000] {processor.py:161} INFO - Started process (PID=282) to work on /opt/airflow/dags/training_pipeline_dag.py
[2026-08-30T11:10:44.964+0000] {processor.py:830} INFO - Processing file /opt/airflow/dags/training_pipeline_dag.py for tasks to queue
[2026-08-30T11:10:44.970+0000] {logging_mixin.py:188} INFO - [2026-08-30T11:10:44.969+0000] {dagbag.py:545} INFO - Filling up the DagBag from /opt/airflow/dags/training_pipeline_dag.py
[2026-08-30T11:10:46.563+0000] {processor.py:840} INFO - DAG(s) 'training_pipeline' retrieved from /opt/airflow/dags/training_pipeline_dag.py
[2026-08-30T11:10:47.104+0000] {logging_mixin.py:188} INFO - [2026-08-30T11:10:47.103+0000] {dag.py:3089} INFO - Sync 1 DAGs
[2026-08-30T11:10:47.158+0000] {logging_mixin.py:188} INFO - [2026-08-30T11:10:47.157+0000] {dag.py:3947} INFO - Setting next_dagrun for training_pipeline to 2026-08-30 00:00:00+00:00, run_after=2026-08-31 00:00:00+00:00
[2026-08-30T11:10:47.227+0000] {processor.py:183} INFO - Processing /opt/airflow/dags/training_pipeline_dag.py took 2.285 seconds
[2026-08-30T11:11:17.889+0000] {processor.py:161} INFO - Started process (PID=312) to work on /opt/airflow/dags/training_pipeline_dag.py
[2026-08-30T11:11:17.892+0000] {processor.py:830} INFO - Processing file /opt/airflow/dags/training_pipeline_dag.py for tasks to queue
[2026-08-30T11:11:17.897+0000] {logging_mixin.py:188} INFO - [2026-08-30T11:11:17.896+0000] {dagbag.py:545} INFO - Filling up the DagBag from /opt/airflow/dags/training_pipeline_dag.py
[2026-08-30T11:11:19.700+0000] {processor.py:840} INFO - DAG(s) 'training_pipeline' retrieved from /opt/airflow/dags/training_pipeline_dag.py
[2026-08-30T11:11:19.787+0000] {logging_mixin.py:188} INFO - [2026-08-30T11:11:19.786+0000] {dag.py:3089} INFO - Sync 1 DAGs
[2026-08-30T11:11:19.837+0000] {logging_mixin.py:188} INFO - [2026-08-30T11:11:19.836+0000] {dag.py:3947} INFO - Setting next_dagrun for training_pipeline to 2026-08-30 00:00:00+00:00, run_after=2026-08-31 00:00:00+00:00
[2026-08-30T11:11:19.888+0000] {processor.py:183} INFO - Processing /opt/airflow/dags/training_pipeline_dag.py took 2.017 seconds
[2026-08-30T11:11:50.582+0000] {processor.py:161} INFO - Started process (PID=340) to work on /opt/airflow/dags/training_pipeline_dag.py
[2026-08-30T11:11:50.585+0000] {processor.py:830} INFO - Processing file /opt/airflow/dags/training_pipeline_dag.py for tasks to queue
[2026-08-30T11:11:50.590+0000] {logging_mixin.py:188} INFO - [2026-08-30T11:11:50.589+0000] {dagbag.py:545} INFO - Filling up the DagBag from /opt/airflow/dags/training_pipeline_dag.py
[2026-08-30T11:11:52.552+0000] {processor.py:840} INFO - DAG(s) 'training_pipeline' retrieved from /opt/airflow/dags/training_pipeline_dag.py
[2026-08-30T11:11:52.614+0000] {logging_mixin.py:188} INFO - [2026-08-30T11:11:52.613+0000] {dag.py:3089} INFO - Sync 1 DAGs
[2026-08-30T11:11:52.660+0000] {logging_mixin.py:188} INFO - [2026-08-30T11:11:52.659+0000] {dag.py:3947} INFO - Setting next_dagrun for training_pipeline to 2026-08-30 00:00:00+00:00, run_after=2026-08-31 00:00:00+00:00
[2026-08-30T11:11:52.707+0000] {processor.py:183} INFO - Processing /opt/airflow/dags/training_pipeline_dag.py took 2.145 seconds
[2026-08-30T11:12:24.503+0000] {processor.py:161} INFO - Started process (PID=370) to work on /opt/airflow/dags/training_pipeline_dag.py
[2026-08-30T11:12:24.507+0000] {processor.py:830} INFO - Processing file /opt/airflow/dags/training_pipeline_dag.py for tasks to queue
[2026-08-30T11:12:24.514+0000] {logging_mixin.py:188} INFO - [2026-08-30T11:12:24.513+0000] {dagbag.py:545} INFO - Filling up the DagBag from /opt/airflow/dags/training_pipeline_dag.py
[2026-08-30T11:12:24.066+0000] {processor.py:840} INFO - DAG(s) 'training_pipeline' retrieved from /opt/airflow/dags/training_pipeline_dag.py
[2026-08-30T11:12:24.124+0000] {logging_mixin.py:188} INFO - [2026-08-30T11:12:24.124+0000] {dag.py:3089} INFO - Sync 1 DAGs
[2026-08-30T11:12:24.171+0000] {logging_mixin.py:188} INFO - [2026-08-30T11:12:24.171+0000] {dag.py:3947} INFO - Setting next_dagrun for training_pipeline to 2026-08-30 00:00:00+00:00, run_after=2026-08-31 00:00:00+00:00
[2026-08-30T11:12:24.215+0000] {processor.py:183} INFO - Processing /opt/airflow/dags/training_pipeline_dag.py took 3.074 seconds
[2026-08-30T11:12:54.908+0000] {processor.py:161} INFO - Started process (PID=400) to work on /opt/airflow/dags/training_pipeline_dag.py
[2026-08-30T11:12:54.911+0000] {processor.py:830} INFO - Processing file /opt/airflow/dags/training_pipeline_dag.py for tasks to queue
[2026-08-30T11:12:54.918+0000] {logging_mixin.py:188} INFO - [2026-08-30T11:12:54.917+0000] {dagbag.py:545} INFO - Filling up the DagBag from /opt/airflow/dags/training_pipeline_dag.py
[2026-08-30T11:12:57.548+0000] {processor.py:840} INFO - DAG(s) 'training_pipeline' retrieved from /opt/airflow/dags/training_pipeline_dag.py
[2026-08-30T11:12:57.752+0000] {logging_mixin.py:188} INFO - [2026-08-30T11:12:57.751+0000] {dag.py:3089} INFO - Sync 1 DAGs
[2026-08-30T11:12:58.198+0000] {logging_mixin.py:188} INFO - [2026-08-30T11:12:58.198+0000] {dag.py:3947} INFO - Setting next_dagrun for training_pipeline to 2026-08-30 00:00:00+00:00, run_after=2026-08-31 00:00:00+00:00
[2026-08-30T11:12:58.242+0000] {processor.py:183} INFO - Processing /opt/airflow/dags/training_pipeline_dag.py took 3.360 seconds
[2026-08-30T11:13:28.614+0000] {processor.py:161} INFO - Started process (PID=430) to work on /opt/airflow/dags/training_pipeline_dag.py
[2026-08-30T11:13:28.618+0000] {processor.py:830} INFO - Processing file /opt/airflow/dags/training_pipeline_dag.py for tasks to queue
[2026-08-30T11:13:28.625+0000] {logging_mixin.py:188} INFO - [2026-08-30T11:13:28.624+0000] {dagbag.py:545} INFO - Filling up the DagBag from /opt/airflow/dags/training_pipeline_dag.py
[2026-08-30T11:13:30.137+0000] {processor.py:840} INFO - DAG(s) 'training_pipeline' retrieved from /opt/airflow/dags/training_pipeline_dag.py
[2026-08-30T11:13:30.488+0000] {logging_mixin.py:188} INFO - [2026-08-30T11:13:30.487+0000] {dag.py:3089} INFO - Sync 1 DAGs
[2026-08-30T11:13:30.531+0000] {logging_mixin.py:188} INFO - [2026-08-30T11:13:30.531+0000] {dag.py:3947} INFO - Setting next_dagrun for training_pipeline to 2026-08-30 00:00:00+00:00, run_after=2026-08-31 00:00:00+00:00
[2026-08-30T11:13:30.570+0000] {processor.py:183} INFO - Processing /opt/airflow/dags/training_pipeline_dag.py took 1.980 seconds
[2026-08-30T11:14:04.232+0000] {processor.py:161} INFO - Started process (PID=460) to work on /opt/airflow/dags/training_pipeline_dag.py
[2026-08-30T11:14:04.236+0000] {processor.py:830} INFO - Processing file /opt/airflow/dags/training_pipeline_dag.py for tasks to queue
[2026-08-30T11:14:04.241+0000] {logging_mixin.py:188} INFO - [2026-08-30T11:14:04.240+0000] {dagbag.py:545} INFO - Filling up the DagBag from /opt/airflow/dags/training_pipeline_dag.py
[2026-08-30T11:14:06.589+0000] {processor.py:840} INFO - DAG(s) 'training_pipeline' retrieved from /opt/airflow/dags/training_pipeline_dag.py
[2026-08-30T11:14:06.647+0000] {logging_mixin.py:188} INFO - [2026-08-30T11:14:06.646+0000] {dag.py:3089} INFO - Sync 1 DAGs
[2026-08-30T11:14:06.698+0000] {logging_mixin.py:188} INFO - [2026-08-30T11:14:06.698+0000] {dag.py:3947} INFO - Setting next_dagrun for training_pipeline to 2026-08-30 00:00:00+00:00, run_after=2026-08-31 00:00:00+00:00
[2026-08-30T11:14:06.739+0000] {processor.py:183} INFO - Processing /opt/airflow/dags/training_pipeline_dag.py took 2.558 seconds
[2026-08-30T11:14:40.390+0000] {processor.py:161} INFO - Started process (PID=490) to work on /opt/airflow/dags/training_pipeline_dag.py
[2026-08-30T11:14:40.444+0000] {processor.py:830} INFO - Processing file /opt/airflow/dags/training_pipeline_dag.py for tasks to queue
[2026-08-30T11:14:40.453+0000] {logging_mixin.py:188} INFO - [2026-08-30T11:14:40.452+0000] {dagbag.py:545} INFO - Filling up the DagBag from /opt/airflow/dags/training_pipeline_dag.py
[2026-08-30T11:14:40.920+0000] {processor.py:840} INFO - DAG(s) 'training_pipeline' retrieved from /opt/airflow/dags/training_pipeline_dag.py
[2026-08-30T11:14:41.005+0000] {logging_mixin.py:188} INFO - [2026-08-30T11:14:41.004+0000] {dag.py:3089} INFO - Sync 1 DAGs
[2026-08-30T11:14:41.067+0000] {logging_mixin.py:188} INFO - [2026-08-30T11:14:41.067+0000] {dag.py:3947} INFO - Setting next_dagrun for training_pipeline to 2026-08-30 00:00:00+00:00, run_after=2026-08-31 00:00:00+00:00
[2026-08-30T11:14:41.128+0000] {processor.py:183} INFO - Processing /opt/airflow/dags/training_pipeline_dag.py took 2.998 seconds
[2026-08-30T11:14:42.044+0000] {processor.py:161} INFO - Started process (PID=514) to work on /opt/airflow/dags/training_pipeline_dag.py
[2026-08-30T11:14:42.047+0000] {processor.py:830} INFO - Processing file /opt/airflow/dags/training_pipeline_dag.py for tasks to queue
[2026-08-30T11:14:42.053+0000] {logging_mixin.py:188} INFO - [2026-08-30T11:14:42.052+0000] {dagbag.py:545} INFO - Filling up the DagBag from /opt/airflow/dags/training_pipeline_dag.py
[2026-08-30T11:14:46.990+0000] {processor.py:840} INFO - DAG(s) 'training_pipeline' retrieved from /opt/airflow/dags/training_pipeline_dag.py
[2026-08-30T11:14:47.055+0000] {logging_mixin.py:188} INFO - [2026-08-30T11:14:47.054+0000] {dag.py:3089} INFO - Sync 1 DAGs
[2026-08-30T11:14:47.096+0000] {logging_mixin.py:188} INFO - [2026-08-30T11:14:47.095+0000] {dag.py:3947} INFO - Setting next_dagrun for training_pipeline to 2026-08-30 00:00:00+00:00, run_after=2026-08-31 00:00:00+00:00
[2026-08-30T11:14:47.148+0000] {processor.py:183} INFO - Processing /opt/airflow/dags/training_pipeline_dag.py took 5.125 seconds
[2026-08-30T11:15:17.383+0000] {processor.py:161} INFO - Started process (PID=531) to work on /opt/airflow/dags/training_pipeline_dag.py
[2026-08-30T11:15:17.386+0000] {processor.py:830} INFO - Processing file /opt/airflow/dags/training_pipeline_dag.py for tasks to queue
[2026-08-30T11:15:17.391+0000] {logging_mixin.py:188} INFO - [2026-08-30T11:15:17.390+0000] {dagbag.py:545} INFO - Filling up the DagBag from /opt/airflow/dags/training_pipeline_dag.py
[2026-08-30T11:15:19.507+0000] {processor.py:840} INFO - DAG(s) 'training_pipeline' retrieved from /opt/airflow/dags/training_pipeline_dag.py
[2026-08-30T11:15:19.581+0000] {logging_mixin.py:188} INFO - [2026-08-30T11:15:19.579+0000] {dag.py:3089} INFO - Sync 1 DAGs
[2026-08-30T11:15:19.632+0000] {logging_mixin.py:188} INFO - [2026-08-30T11:15:19.631+0000] {dag.py:3947} INFO - Setting next_dagrun for training_pipeline to 2026-08-30 00:00:00+00:00, run_after=2026-08-31 00:00:00+00:00
[2026-08-30T11:15:19.681+0000] {processor.py:183} INFO - Processing /opt/airflow/dags/training_pipeline_dag.py took 2.322 seconds
[2026-08-30T11:15:50.563+0000] {processor.py:161} INFO - Started process (PID=558) to work on /opt/airflow/dags/training_pipeline_dag.py
[2026-08-30T11:15:50.565+0000] {processor.py:830} INFO - Processing file /opt/airflow/dags/training_pipeline_dag.py for tasks to queue
[2026-08-30T11:15:50.571+0000] {logging_mixin.py:188} INFO - [2026-08-30T11:15:50.570+0000] {dagbag.py:545} INFO - Filling up the DagBag from /opt/airflow/dags/training_pipeline_dag.py
[2026-08-30T11:15:52.226+0000] {processor.py:840} INFO - DAG(s) 'training_pipeline' retrieved from /opt/airflow/dags/training_pipeline_dag.py
[2026-08-30T11:15:52.301+0000] {logging_mixin.py:188} INFO - [2026-08-30T11:15:52.300+0000] {dag.py:3089} INFO - Sync 1 DAGs
[2026-08-30T11:15:52.717+0000] {logging_mixin.py:188} INFO - [2026-08-30T11:15:52.716+0000] {dag.py:3947} INFO - Setting next_dagrun for training_pipeline to 2026-08-30 00:00:00+00:00, run_after=2026-08-31 00:00:00+00:00
[2026-08-30T11:15:52.778+0000] {processor.py:183} INFO - Processing /opt/airflow/dags/training_pipeline_dag.py took 2.234 seconds
[2026-08-30T11:16:23.021+0000] {processor.py:161} INFO - Started process (PID=588) to work on /opt/airflow/dags/training_pipeline_dag.py
[2026-08-30T11:16:23.023+0000] {processor.py:830} INFO - Processing file /opt/airflow/dags/training_pipeline_dag.py for tasks to queue
[2026-08-30T11:16:23.030+0000] {logging_mixin.py:188} INFO - [2026-08-30T11:16:23.029+0000] {dagbag.py:545} INFO - Filling up the DagBag from /opt/airflow/dags/training_pipeline_dag.py
[2026-08-30T11:16:24.511+0000] {processor.py:840} INFO - DAG(s) 'training_pipeline' retrieved from /opt/airflow/dags/training_pipeline_dag.py
[2026-08-30T11:16:24.991+0000] {logging_mixin.py:188} INFO - [2026-08-30T11:16:24.990+0000] {dag.py:3089} INFO - Sync 1 DAGs
[2026-08-30T11:16:25.035+0000] {logging_mixin.py:188} INFO - [2026-08-30T11:16:25.035+0000] {dag.py:3947} INFO - Setting next_dagrun for training_pipeline to 2026-08-30 00:00:00+00:00, run_after=2026-08-31 00:00:00+00:00
[2026-08-30T11:16:25.077+0000] {processor.py:183} INFO - Processing /opt/airflow/dags/training_pipeline_dag.py took 2.079 seconds
[2026-08-30T11:16:55.742+0000] {processor.py:161} INFO - Started process (PID=618) to work on /opt/airflow/dags/training_pipeline_dag.py
[2026-08-30T11:16:55.744+0000] {processor.py:830} INFO - Processing file /opt/airflow/dags/training_pipeline_dag.py for tasks to queue
[2026-08-30T11:16:55.752+0000] {logging_mixin.py:188} INFO - [2026-08-30T11:16:55.751+0000] {dagbag.py:545} INFO - Filling up the DagBag from /opt/airflow/dags/training_pipeline_dag.py
[2026-08-30T11:16:57.564+0000] {processor.py:840} INFO - DAG(s) 'training_pipeline' retrieved from /opt/airflow/dags/training_pipeline_dag.py
[2026-08-30T11:16:57.618+0000] {logging_mixin.py:188} INFO - [2026-08-30T11:16:57.617+0000] {dag.py:3089} INFO - Sync 1 DAGs
[2026-08-30T11:16:57.663+0000] {logging_mixin.py:188} INFO - [2026-08-30T11:16:57.662+0000] {dag.py:3947} INFO - Setting next_dagrun for training_pipeline to 2026-08-30 00:00:00+00:00, run_after=2026-08-31 00:00:00+00:00
[2026-08-30T11:16:57.704+0000] {processor.py:183} INFO - Processing /opt/airflow/dags/training_pipeline_dag.py took 1.983 seconds
[2026-08-30T11:17:28.057+0000] {processor.py:161} INFO - Started process (PID=648) to work on /opt/airflow/dags/training_pipeline_dag.py
[2026-08-30T11:17:28.077+0000] {processor.py:830} INFO - Processing file /opt/airflow/dags/training_pipeline_dag.py for tasks to queue
[2026-08-30T11:17:28.082+0000] {logging_mixin.py:188} INFO - [2026-08-30T11:17:28.081+0000] {dagbag.py:545} INFO - Filling up the DagBag from /opt/airflow/dags/training_pipeline_dag.py
[2026-08-30T11:17:27.487+0000] {processor.py:840} INFO - DAG(s) 'training_pipeline' retrieved from /opt/airflow/dags/training_pipeline_dag.py
[2026-08-30T11:17:27.544+0000] {logging_mixin.py:188} INFO - [2026-08-30T11:17:27.543+0000] {dag.py:3089} INFO - Sync 1 DAGs
[2026-08-30T11:17:27.585+0000] {logging_mixin.py:188} INFO - [2026-08-30T11:17:27.584+0000] {dag.py:3947} INFO - Setting next_dagrun for training_pipeline to 2026-08-30 00:00:00+00:00, run_after=2026-08-31 00:00:00+00:00
[2026-08-30T11:17:27.621+0000] {processor.py:183} INFO - Processing /opt/airflow/dags/training_pipeline_dag.py took 1.919 seconds
[2026-08-30T11:17:58.806+0000] {processor.py:161} INFO - Started process (PID=678) to work on /opt/airflow/dags/training_pipeline_dag.py
[2026-08-30T11:17:58.809+0000] {processor.py:830} INFO - Processing file /opt/airflow/dags/training_pipeline_dag.py for tasks to queue
[2026-08-30T11:17:58.814+0000] {logging_mixin.py:188} INFO - [2026-08-30T11:17:58.813+0000] {dagbag.py:545} INFO - Filling up the DagBag from /opt/airflow/dags/training_pipeline_dag.py
[2026-08-30T11:18:00.675+0000] {processor.py:840} INFO - DAG(s) 'training_pipeline' retrieved from /opt/airflow/dags/training_pipeline_dag.py
[2026-08-30T11:18:00.735+0000] {logging_mixin.py:188} INFO - [2026-08-30T11:18:00.734+0000] {dag.py:3089} INFO - Sync 1 DAGs
[2026-08-30T11:18:00.784+0000] {logging_mixin.py:188} INFO - [2026-08-30T11:18:00.784+0000] {dag.py:3947} INFO - Setting next_dagrun for training_pipeline to 2026-08-30 00:00:00+00:00, run_after=2026-08-31 00:00:00+00:00
[2026-08-30T11:18:00.823+0000] {processor.py:183} INFO - Processing /opt/airflow/dags/training_pipeline_dag.py took 2.032 seconds
[2026-08-30T11:18:31.204+0000] {processor.py:161} INFO - Started process (PID=708) to work on /opt/airflow/dags/training_pipeline_dag.py
[2026-08-30T11:18:31.207+0000] {processor.py:830} INFO - Processing file /opt/airflow/dags/training_pipeline_dag.py for tasks to queue
[2026-08-30T11:18:31.212+0000] {logging_mixin.py:188} INFO - [2026-08-30T11:18:31.211+0000] {dagbag.py:545} INFO - Filling up the DagBag from /opt/airflow/dags/training_pipeline_dag.py
[2026-08-30T11:18:33.823+0000] {processor.py:840} INFO - DAG(s) 'training_pipeline' retrieved from /opt/airflow/dags/training_pipeline_dag.py
[2026-08-30T11:18:34.560+0000] {logging_mixin.py:188} INFO - [2026-08-30T11:18:34.559+0000] {dag.py:3089} INFO - Sync 1 DAGs
[2026-08-30T11:18:34.615+0000] {logging_mixin.py:188} INFO - [2026-08-30T11:18:34.614+0000] {dag.py:3947} INFO - Setting next_dagrun for training_pipeline to 2026-08-30 00:00:00+00:00, run_after=2026-08-31 00:00:00+00:00
[2026-08-30T11:18:35.493+0000] {processor.py:183} INFO - Processing /opt/airflow/dags/training_pipeline_dag.py took 4.307 seconds
[2026-08-30T11:19:07.549+0000] {processor.py:161} INFO - Started process (PID=738) to work on /opt/airflow/dags/training_pipeline_dag.py
[2026-08-30T11:19:07.552+0000] {processor.py:830} INFO - Processing file /opt/airflow/dags/training_pipeline_dag.py for tasks to queue
[2026-08-30T11:19:07.557+0000] {logging_mixin.py:188} INFO - [2026-08-30T11:19:07.556+0000] {dagbag.py:545} INFO - Filling up the DagBag from /opt/airflow/dags/training_pipeline_dag.py
[2026-08-30T11:19:09.026+0000] {processor.py:840} INFO - DAG(s) 'training_pipeline' retrieved from /opt/airflow/dags/training_pipeline_dag.py
[2026-08-30T11:19:09.406+0000] {logging_mixin.py:188} INFO - [2026-08-30T11:19:09.406+0000] {dag.py:3089} INFO - Sync 1 DAGs
[2026-08-30T11:19:09.445+0000] {logging_mixin.py:188} INFO - [2026-08-30T11:19:09.445+0000] {dag.py:3947} INFO - Setting next_dagrun for training_pipeline to 2026-08-30 00:00:00+00:00, run_after=2026-08-31 00:00:00+00:00
[2026-08-30T11:19:09.484+0000] {processor.py:183} INFO - Processing /opt/airflow/dags/training_pipeline_dag.py took 1.951 seconds
[2026-08-30T11:19:39.867+0000] {processor.py:161} INFO - Started process (PID=768) to work on /opt/airflow/dags/training_pipeline_dag.py
[2026-08-30T11:19:39.869+0000] {processor.py:830} INFO - Processing file /opt/airflow/dags/training_pipeline_dag.py for tasks to queue
[2026-08-30T11:19:39.875+0000] {logging_mixin.py:188} INFO - [2026-08-30T11:19:39.874+0000] {dagbag.py:545} INFO - Filling up the DagBag from /opt/airflow/dags/training_pipeline_dag.py
[2026-08-30T11:19:41.195+0000] {processor.py:840} INFO - DAG(s) 'training_pipeline' retrieved from /opt/airflow/dags/training_pipeline_dag.py
[2026-08-30T11:19:41.544+0000] {logging_mixin.py:188} INFO - [2026-08-30T11:19:41.543+0000] {dag.py:3089} INFO - Sync 1 DAGs
[2026-08-30T11:19:41.590+0000] {logging_mixin.py:188} INFO - [2026-08-30T11:19:41.589+0000] {dag.py:3947} INFO - Setting next_dagrun for training_pipeline to 2026-08-30 00:00:00+00:00, run_after=2026-08-31 00:00:00+00:00
[2026-08-30T11:19:41.628+0000] {processor.py:183} INFO - Processing /opt/airflow/dags/training_pipeline_dag.py took 1.788 seconds
[2026-08-30T11:20:12.213+0000] {processor.py:161} INFO - Started process (PID=798) to work on /opt/airflow/dags/training_pipeline_dag.py
[2026-08-30T11:20:12.215+0000] {processor.py:830} INFO - Processing file /opt/airflow/dags/training_pipeline_dag.py for tasks to queue
[2026-08-30T11:20:12.222+0000] {logging_mixin.py:188} INFO - [2026-08-30T11:20:12.221+0000] {dagbag.py:545} INFO - Filling up the DagBag from /opt/airflow/dags/training_pipeline_dag.py
[2026-08-30T11:20:14.106+0000] {processor.py:840} INFO - DAG(s) 'training_pipeline' retrieved from /opt/airflow/dags/training_pipeline_dag.py
[2026-08-30T11:20:14.161+0000] {logging_mixin.py:188} INFO - [2026-08-30T11:20:14.160+0000] {dag.py:3089} INFO - Sync 1 DAGs
[2026-08-30T11:20:14.205+0000] {logging_mixin.py:188} INFO - [2026-08-30T11:20:14.205+0000] {dag.py:3947} INFO - Setting next_dagrun for training_pipeline to 2026-08-30 00:00:00+00:00, run_after=2026-08-31 00:00:00+00:00
[2026-08-30T11:20:14.247+0000] {processor.py:183} INFO - Processing /opt/airflow/dags/training_pipeline_dag.py took 2.056 seconds
[2026-08-30T11:20:44.525+0000] {processor.py:161} INFO - Started process (PID=828) to work on /opt/airflow/dags/training_pipeline_dag.py
[2026-08-30T11:20:44.527+0000] {processor.py:830} INFO - Processing file /opt/airflow/dags/training_pipeline_dag.py for tasks to queue
[2026-08-30T11:20:44.534+0000] {logging_mixin.py:188} INFO - [2026-08-30T11:20:44.533+0000] {dagbag.py:545} INFO - Filling up the DagBag from /opt/airflow/dags/training_pipeline_dag.py
[2026-08-30T11:20:46.305+0000] {processor.py:840} INFO - DAG(s) 'training_pipeline' retrieved from /opt/airflow/dags/training_pipeline_dag.py
[2026-08-30T11:20:46.353+0000] {logging_mixin.py:188} INFO - [2026-08-30T11:20:46.352+0000] {dag.py:3089} INFO - Sync 1 DAGs
[2026-08-30T11:20:46.400+0000] {logging_mixin.py:188} INFO - [2026-08-30T11:20:46.399+0000] {dag.py:3947} INFO - Setting next_dagrun for training_pipeline to 2026-08-30 00:00:00+00:00, run_after=2026-08-31 00:00:00+00:00
[2026-08-30T11:20:46.445+0000] {processor.py:183} INFO - Processing /opt/airflow/dags/training_pipeline_dag.py took 1.940 seconds
[2026-08-30T11:21:16.628+0000] {processor.py:161} INFO - Started process (PID=858) to work on /opt/airflow/dags/training_pipeline_dag.py
[2026-08-30T11:21:16.630+0000] {processor.py:830} INFO - Processing file /opt/airflow/dags/training_pipeline_dag.py for tasks to queue
[2026-08-30T11:21:16.635+0000] {logging_mixin.py:188} INFO - [2026-08-30T11:21:16.634+0000] {dagbag.py:545} INFO - Filling up the DagBag from /opt/airflow/dags/training_pipeline_dag.py
[2026-08-30T11:21:18.670+0000] {processor.py:840} INFO - DAG(s) 'training_pipeline' retrieved from /opt/airflow/dags/training_pipeline_dag.py
[2026-08-30T11:21:18.732+0000] {logging_mixin.py:188} INFO - [2026-08-30T11:21:18.731+0000] {dag.py:3089} INFO - Sync 1 DAGs
[2026-08-30T11:21:18.784+0000] {logging_mixin.py:188} INFO - [2026-08-30T11:21:18.784+0000] {dag.py:3947} INFO - Setting next_dagrun for training_pipeline to 2026-08-30 00:00:00+00:00, run_after=2026-08-31 00:00:00+00:00
[2026-08-30T11:21:18.830+0000] {processor.py:183} INFO - Processing /opt/airflow/dags/training_pipeline_dag.py took 2.222 seconds
[2026-08-30T11:22:19.232+0000] {processor.py:161} INFO - Started process (PID=889) to work on /opt/airflow/dags/training_pipeline_dag.py
[2026-08-30T11:22:19.237+0000] {processor.py:830} INFO - Processing file /opt/airflow/dags/training_pipeline_dag.py for tasks to queue
[2026-08-30T11:22:19.242+0000] {logging_mixin.py:188} INFO - [2026-08-30T11:22:19.241+0000] {dagbag.py:545} INFO - Filling up the DagBag from /opt/airflow/dags/training_pipeline_dag.py
[2026-08-30T11:22:21.732+0000] {processor.py:840} INFO - DAG(s) 'training_pipeline' retrieved from /opt/airflow/dags/training_pipeline_dag.py
[2026-08-30T11:22:22.172+0000] {logging_mixin.py:188} INFO - [2026-08-30T11:22:22.171+0000] {dag.py:3089} INFO - Sync 1 DAGs
[2026-08-30T11:22:22.211+0000] {logging_mixin.py:188} INFO - [2026-08-30T11:22:22.211+0000] {dag.py:3947} INFO - Setting next_dagrun for training_pipeline to 2026-08-30 00:00:00+00:00, run_after=2026-08-31 00:00:00+00:00
[2026-08-30T11:22:22.251+0000] {processor.py:183} INFO - Processing /opt/airflow/dags/training_pipeline_dag.py took 3.040 seconds
[2026-08-30T11:22:53.022+0000] {processor.py:161} INFO - Started process (PID=923) to work on /opt/airflow/dags/training_pipeline_dag.py
[2026-08-30T11:22:53.072+0000] {processor.py:830} INFO - Processing file /opt/airflow/dags/training_pipeline_dag.py for tasks to queue
[2026-08-30T11:22:53.176+0000] {logging_mixin.py:188} INFO - [2026-08-30T11:22:53.174+0000] {dagbag.py:545} INFO - Filling up the DagBag from /opt/airflow/dags/training_pipeline_dag.py
[2026-08-30T11:23:00.862+0000] {processor.py:840} INFO - DAG(s) 'training_pipeline' retrieved from /opt/airflow/dags/training_pipeline_dag.py
[2026-08-30T11:23:00.950+0000] {logging_mixin.py:188} INFO - [2026-08-30T11:23:00.949+0000] {dag.py:3089} INFO - Sync 1 DAGs
[2026-08-30T11:23:00.999+0000] {logging_mixin.py:188} INFO - [2026-08-30T11:23:00.998+0000] {dag.py:3947} INFO - Setting next_dagrun for training_pipeline to 2026-08-30 00:00:00+00:00, run_after=2026-08-31 00:00:00+00:00
[2026-08-30T11:23:01.042+0000] {processor.py:183} INFO - Processing /opt/airflow/dags/training_pipeline_dag.py took 10.511 seconds
[2026-08-30T11:23:31.492+0000] {processor.py:161} INFO - Started process (PID=1004) to work on /opt/airflow/dags/training_pipeline_dag.py
[2026-08-30T11:23:31.494+0000] {processor.py:830} INFO - Processing file /opt/airflow/dags/training_pipeline_dag.py for tasks to queue
[2026-08-30T11:23:31.506+0000] {logging_mixin.py:188} INFO - [2026-08-30T11:23:31.505+0000] {dagbag.py:545} INFO - Filling up the DagBag from /opt/airflow/dags/training_pipeline_dag.py
[2026-08-30T11:23:33.599+0000] {processor.py:840} INFO - DAG(s) 'training_pipeline' retrieved from /opt/airflow/dags/training_pipeline_dag.py
[2026-08-30T11:23:33.665+0000] {logging_mixin.py:188} INFO - [2026-08-30T11:23:33.664+0000] {dag.py:3089} INFO - Sync 1 DAGs
[2026-08-30T11:23:33.712+0000] {logging_mixin.py:188} INFO - [2026-08-30T11:23:33.712+0000] {dag.py:3947} INFO - Setting next_dagrun for training_pipeline to 2026-08-30 00:00:00+00:00, run_after=2026-08-31 00:00:00+00:00
[2026-08-30T11:23:33.773+0000] {processor.py:183} INFO - Processing /opt/airflow/dags/training_pipeline_dag.py took 2.331 seconds
[2026-08-30T11:24:04.070+0000] {processor.py:161} INFO - Started process (PID=1087) to work on /opt/airflow/dags/training_pipeline_dag.py
[2026-08-30T11:24:04.073+0000] {processor.py:830} INFO - Processing file /opt/airflow/dags/training_pipeline_dag.py for tasks to queue
[2026-08-30T11:24:04.078+0000] {logging_mixin.py:188} INFO - [2026-08-30T11:24:04.078+0000] {dagbag.py:545} INFO - Filling up the DagBag from /opt/airflow/dags/training_pipeline_dag.py
[2026-08-30T11:24:05.791+0000] {processor.py:840} INFO - DAG(s) 'training_pipeline' retrieved from /opt/airflow/dags/training_pipeline_dag.py
[2026-08-30T11:24:05.844+0000] {logging_mixin.py:188} INFO - [2026-08-30T11:24:05.843+0000] {dag.py:3089} INFO - Sync 1 DAGs
[2026-08-30T11:24:05.888+0000] {logging_mixin.py:188} INFO - [2026-08-30T11:24:05.887+0000] {dag.py:3947} INFO - Setting next_dagrun for training_pipeline to 2026-08-30 00:00:00+00:00, run_after=2026-08-31 00:00:00+00:00
[2026-08-30T11:24:05.936+0000] {processor.py:183} INFO - Processing /opt/airflow/dags/training_pipeline_dag.py took 1.883 seconds
[2026-08-30T11:24:36.711+0000] {processor.py:161} INFO - Started process (PID=1150) to work on /opt/airflow/dags/training_pipeline_dag.py
[2026-08-30T11:24:36.713+0000] {processor.py:830} INFO - Processing file /opt/airflow/dags/training_pipeline_dag.py for tasks to queue
[2026-08-30T11:24:36.718+0000] {logging_mixin.py:188} INFO - [2026-08-30T11:24:36.717+0000] {dagbag.py:545} INFO - Filling up the DagBag from /opt/airflow/dags/training_pipeline_dag.py
[2026-08-30T11:24:38.430+0000] {processor.py:840} INFO - DAG(s) 'training_pipeline' retrieved from /opt/airflow/dags/training_pipeline_dag.py
[2026-08-30T11:24:38.478+0000] {logging_mixin.py:188} INFO - [2026-08-30T11:24:38.477+0000] {dag.py:3089} INFO - Sync 1 DAGs
[2026-08-30T11:24:38.520+0000] {logging_mixin.py:188} INFO - [2026-08-30T11:24:38.520+0000] {dag.py:3947} INFO - Setting next_dagrun for training_pipeline to 2026-08-30 00:00:00+00:00, run_after=2026-08-31 00:00:00+00:00
[2026-08-30T11:24:38.562+0000] {processor.py:183} INFO - Processing /opt/airflow/dags/training_pipeline_dag.py took 1.870 seconds
[2026-08-30T11:25:08.968+0000] {processor.py:161} INFO - Started process (PID=1180) to work on /opt/airflow/dags/training_pipeline_dag.py
[2026-08-30T11:25:08.986+0000] {processor.py:830} INFO - Processing file /opt/airflow/dags/training_pipeline_dag.py for tasks to queue
[2026-08-30T11:25:08.994+0000] {logging_mixin.py:188} INFO - [2026-08-30T11:25:08.993+0000] {dagbag.py:545} INFO - Filling up the DagBag from /opt/airflow/dags/training_pipeline_dag.py
[2026-08-30T11:25:10.807+0000] {processor.py:840} INFO - DAG(s) 'training_pipeline' retrieved from /opt/airflow/dags/training_pipeline_dag.py
[2026-08-30T11:25:11.507+0000] {logging_mixin.py:188} INFO - [2026-08-30T11:25:11.506+0000] {dag.py:3089} INFO - Sync 1 DAGs
[2026-08-30T11:25:11.613+0000] {logging_mixin.py:188} INFO - [2026-08-30T11:25:11.612+0000] {dag.py:3947} INFO - Setting next_dagrun for training_pipeline to 2026-08-30 00:00:00+00:00, run_after=2026-08-31 00:00:00+00:00
[2026-08-30T11:25:11.660+0000] {processor.py:183} INFO - Processing /opt/airflow/dags/training_pipeline_dag.py took 2.711 seconds
[2026-08-30T11:25:42.442+0000] {processor.py:161} INFO - Started process (PID=1231) to work on /opt/airflow/dags/training_pipeline_dag.py
[2026-08-30T11:25:42.445+0000] {processor.py:830} INFO - Processing file /opt/airflow/dags/training_pipeline_dag.py for tasks to queue
[2026-08-30T11:25:42.455+0000] {logging_mixin.py:188} INFO - [2026-08-30T11:25:42.453+0000] {dagbag.py:545} INFO - Filling up the DagBag from /opt/airflow/dags/training_pipeline_dag.py
[2026-08-30T11:25:44.486+0000] {processor.py:840} INFO - DAG(s) 'training_pipeline' retrieved from /opt/airflow/dags/training_pipeline_dag.py
[2026-08-30T11:25:44.538+0000] {logging_mixin.py:188} INFO - [2026-08-30T11:25:44.537+0000] {dag.py:3089} INFO - Sync 1 DAGs
[2026-08-30T11:25:44.581+0000] {logging_mixin.py:188} INFO - [2026-08-30T11:25:44.580+0000] {dag.py:3947} INFO - Setting next_dagrun for training_pipeline to 2026-08-30 00:00:00+00:00, run_after=2026-08-31 00:00:00+00:00
[2026-08-30T11:25:44.630+0000] {processor.py:183} INFO - Processing /opt/airflow/dags/training_pipeline_dag.py took 2.217 seconds
[2026-08-30T11:26:15.026+0000] {processor.py:161} INFO - Started process (PID=1289) to work on /opt/airflow/dags/training_pipeline_dag.py
[2026-08-30T11:26:15.030+0000] {processor.py:830} INFO - Processing file /opt/airflow/dags/training_pipeline_dag.py for tasks to queue
[2026-08-30T11:26:15.034+0000] {logging_mixin.py:188} INFO - [2026-08-30T11:26:15.033+0000] {dagbag.py:545} INFO - Filling up the DagBag from /opt/airflow/dags/training_pipeline_dag.py
[2026-08-30T11:26:23.315+0000] {processor.py:840} INFO - DAG(s) 'training_pipeline' retrieved from /opt/airflow/dags/training_pipeline_dag.py
[2026-08-30T11:26:23.401+0000] {logging_mixin.py:188} INFO - [2026-08-30T11:26:23.399+0000] {dag.py:3089} INFO - Sync 1 DAGs
[2026-08-30T11:26:23.481+0000] {logging_mixin.py:188} INFO - [2026-08-30T11:26:23.481+0000] {dag.py:3947} INFO - Setting next_dagrun for training_pipeline to 2026-08-30 00:00:00+00:00, run_after=2026-08-31 00:00:00+00:00
[2026-08-30T11:26:26.227+0000] {processor.py:183} INFO - Processing /opt/airflow/dags/training_pipeline_dag.py took 10.148 seconds
[2026-08-30T11:26:56.628+0000] {processor.py:161} INFO - Started process (PID=1360) to work on /opt/airflow/dags/training_pipeline_dag.py
[2026-08-30T11:26:56.650+0000] {processor.py:830} INFO - Processing file /opt/airflow/dags/training_pipeline_dag.py for tasks to queue
[2026-08-30T11:26:56.707+0000] {logging_mixin.py:188} INFO - [2026-08-30T11:26:56.706+0000] {dagbag.py:545} INFO - Filling up the DagBag from /opt/airflow/dags/training_pipeline_dag.py
[2026-08-30T11:27:00.658+0000] {processor.py:840} INFO - DAG(s) 'training_pipeline' retrieved from /opt/airflow/dags/training_pipeline_dag.py
[2026-08-30T11:27:00.746+0000] {logging_mixin.py:188} INFO - [2026-08-30T11:27:00.745+0000] {dag.py:3089} INFO - Sync 1 DAGs
[2026-08-30T11:27:00.868+0000] {logging_mixin.py:188} INFO - [2026-08-30T11:27:00.867+0000] {dag.py:3947} INFO - Setting next_dagrun for training_pipeline to 2026-08-30 00:00:00+00:00, run_after=2026-08-31 00:00:00+00:00
[2026-08-30T11:27:00.914+0000] {processor.py:183} INFO - Processing /opt/airflow/dags/training_pipeline_dag.py took 4.328 seconds
[2026-08-30T11:27:31.333+0000] {processor.py:161} INFO - Started process (PID=1438) to work on /opt/airflow/dags/training_pipeline_dag.py
[2026-08-30T11:27:31.338+0000] {processor.py:830} INFO - Processing file /opt/airflow/dags/training_pipeline_dag.py for tasks to queue
[2026-08-30T11:27:31.343+0000] {logging_mixin.py:188} INFO - [2026-08-30T11:27:31.342+0000] {dagbag.py:545} INFO - Filling up the DagBag from /opt/airflow/dags/training_pipeline_dag.py
[2026-08-30T11:27:33.261+0000] {processor.py:840} INFO - DAG(s) 'training_pipeline' retrieved from /opt/airflow/dags/training_pipeline_dag.py
[2026-08-30T11:27:33.322+0000] {logging_mixin.py:188} INFO - [2026-08-30T11:27:33.321+0000] {dag.py:3089} INFO - Sync 1 DAGs
[2026-08-30T11:27:33.372+0000] {logging_mixin.py:188} INFO - [2026-08-30T11:27:33.371+0000] {dag.py:3947} INFO - Setting next_dagrun for training_pipeline to 2026-08-30 00:00:00+00:00, run_after=2026-08-31 00:00:00+00:00
[2026-08-30T11:27:33.419+0000] {processor.py:183} INFO - Processing /opt/airflow/dags/training_pipeline_dag.py took 2.106 seconds
[2026-08-30T11:28:04.119+0000] {processor.py:161} INFO - Started process (PID=1502) to work on /opt/airflow/dags/training_pipeline_dag.py
[2026-08-30T11:28:04.122+0000] {processor.py:830} INFO - Processing file /opt/airflow/dags/training_pipeline_dag.py for tasks to queue
[2026-08-30T11:28:04.127+0000] {logging_mixin.py:188} INFO - [2026-08-30T11:28:04.126+0000] {dagbag.py:545} INFO - Filling up the DagBag from /opt/airflow/dags/training_pipeline_dag.py
[2026-08-30T11:28:05.496+0000] {processor.py:840} INFO - DAG(s) 'training_pipeline' retrieved from /opt/airflow/dags/training_pipeline_dag.py
[2026-08-30T11:28:05.825+0000] {logging_mixin.py:188} INFO - [2026-08-30T11:28:05.824+0000] {dag.py:3089} INFO - Sync 1 DAGs
[2026-08-30T11:28:05.870+0000] {logging_mixin.py:188} INFO - [2026-08-30T11:28:05.869+0000] {dag.py:3947} INFO - Setting next_dagrun for training_pipeline to 2026-08-30 00:00:00+00:00, run_after=2026-08-31 00:00:00+00:00
[2026-08-30T11:28:07.075+0000] {processor.py:183} INFO - Processing /opt/airflow/dags/training_pipeline_dag.py took 1.809 seconds
[2026-08-30T11:28:37.324+0000] {processor.py:161} INFO - Started process (PID=1559) to work on /opt/airflow/dags/training_pipeline_dag.py
[2026-08-30T11:28:37.327+0000] {processor.py:830} INFO - Processing file /opt/airflow/dags/training_pipeline_dag.py for tasks to queue
[2026-08-30T11:28:37.332+0000] {logging_mixin.py:188} INFO - [2026-08-30T11:28:37.331+0000] {dagbag.py:545} INFO - Filling up the DagBag from /opt/airflow/dags/training_pipeline_dag.py
[2026-08-30T11:28:39.119+0000] {processor.py:840} INFO - DAG(s) 'training_pipeline' retrieved from /opt/airflow/dags/training_pipeline_dag.py
[2026-08-30T11:28:39.170+0000] {logging_mixin.py:188} INFO - [2026-08-30T11:28:39.169+0000] {dag.py:3089} INFO - Sync 1 DAGs
[2026-08-30T11:28:39.211+0000] {logging_mixin.py:188} INFO - [2026-08-30T11:28:39.211+0000] {dag.py:3947} INFO - Setting next_dagrun for training_pipeline to 2026-08-30 00:00:00+00:00, run_after=2026-08-31 00:00:00+00:00
[2026-08-30T11:28:39.253+0000] {processor.py:183} INFO - Processing /opt/airflow/dags/training_pipeline_dag.py took 1.949 seconds
[2026-08-30T11:29:09.517+0000] {processor.py:161} INFO - Started process (PID=1610) to work on /opt/airflow/dags/training_pipeline_dag.py
[2026-08-30T11:29:09.520+0000] {processor.py:830} INFO - Processing file /opt/airflow/dags/training_pipeline_dag.py for tasks to queue
[2026-08-30T11:29:09.526+0000] {logging_mixin.py:188} INFO - [2026-08-30T11:29:09.524+0000] {dagbag.py:545} INFO - Filling up the DagBag from /opt/airflow/dags/training_pipeline_dag.py
[2026-08-30T11:29:11.405+0000] {processor.py:840} INFO - DAG(s) 'training_pipeline' retrieved from /opt/airflow/dags/training_pipeline_dag.py
[2026-08-30T11:29:11.463+0000] {logging_mixin.py:188} INFO - [2026-08-30T11:29:11.462+0000] {dag.py:3089} INFO - Sync 1 DAGs
[2026-08-30T11:29:11.515+0000] {logging_mixin.py:188} INFO - [2026-08-30T11:29:11.514+0000] {dag.py:3947} INFO - Setting next_dagrun for training_pipeline to 2026-08-30 00:00:00+00:00, run_after=2026-08-31 00:00:00+00:00
[2026-08-30T11:29:11.557+0000] {processor.py:183} INFO - Processing /opt/airflow/dags/training_pipeline_dag.py took 2.060 seconds
[2026-08-30T11:29:41.979+0000] {processor.py:161} INFO - Started process (PID=1679) to work on /opt/airflow/dags/training_pipeline_dag.py
[2026-08-30T11:29:41.982+0000] {processor.py:830} INFO - Processing file /opt/airflow/dags/training_pipeline_dag.py for tasks to queue
[2026-08-30T11:29:41.988+0000] {logging_mixin.py:188} INFO - [2026-08-30T11:29:41.987+0000] {dagbag.py:545} INFO - Filling up the DagBag from /opt/airflow/dags/training_pipeline_dag.py
[2026-08-30T11:29:43.844+0000] {processor.py:840} INFO - DAG(s) 'training_pipeline' retrieved from /opt/airflow/dags/training_pipeline_dag.py
[2026-08-30T11:29:43.898+0000] {logging_mixin.py:188} INFO - [2026-08-30T11:29:43.897+0000] {dag.py:3089} INFO - Sync 1 DAGs
[2026-08-30T11:29:43.961+0000] {logging_mixin.py:188} INFO - [2026-08-30T11:29:43.961+0000] {dag.py:3947} INFO - Setting next_dagrun for training_pipeline to 2026-08-30 00:00:00+00:00, run_after=2026-08-31 00:00:00+00:00
[2026-08-30T11:29:44.014+0000] {processor.py:183} INFO - Processing /opt/airflow/dags/training_pipeline_dag.py took 2.055 seconds
[2026-08-30T11:30:14.486+0000] {processor.py:161} INFO - Started process (PID=1709) to work on /opt/airflow/dags/training_pipeline_dag.py
[2026-08-30T11:30:14.489+0000] {processor.py:830} INFO - Processing file /opt/airflow/dags/training_pipeline_dag.py for tasks to queue
[2026-08-30T11:30:14.494+0000] {logging_mixin.py:188} INFO - [2026-08-30T11:30:14.493+0000] {dagbag.py:545} INFO - Filling up the DagBag from /opt/airflow/dags/training_pipeline_dag.py
[2026-08-30T11:30:16.310+0000] {processor.py:840} INFO - DAG(s) 'training_pipeline' retrieved from /opt/airflow/dags/training_pipeline_dag.py
[2026-08-30T11:30:16.382+0000] {logging_mixin.py:188} INFO - [2026-08-30T11:30:16.381+0000] {dag.py:3089} INFO - Sync 1 DAGs
[2026-08-30T11:30:16.445+0000] {logging_mixin.py:188} INFO - [2026-08-30T11:30:16.444+0000] {dag.py:3947} INFO - Setting next_dagrun for training_pipeline to 2026-08-30 00:00:00+00:00, run_after=2026-08-31 00:00:00+00:00
[2026-08-30T11:30:16.487+0000] {processor.py:183} INFO - Processing /opt/airflow/dags/training_pipeline_dag.py took 2.019 seconds
[2026-08-30T11:30:47.347+0000] {processor.py:161} INFO - Started process (PID=1737) to work on /opt/airflow/dags/training_pipeline_dag.py
[2026-08-30T11:30:47.350+0000] {processor.py:830} INFO - Processing file /opt/airflow/dags/training_pipeline_dag.py for tasks to queue
[2026-08-30T11:30:47.358+0000] {logging_mixin.py:188} INFO - [2026-08-30T11:30:47.358+0000] {dagbag.py:545} INFO - Filling up the DagBag from /opt/airflow/dags/training_pipeline_dag.py
[2026-08-30T11:30:48.777+0000] {processor.py:840} INFO - DAG(s) 'training_pipeline' retrieved from /opt/airflow/dags/training_pipeline_dag.py
[2026-08-30T11:30:49.179+0000] {logging_mixin.py:188} INFO - [2026-08-30T11:30:49.178+0000] {dag.py:3089} INFO - Sync 1 DAGs
[2026-08-30T11:30:49.219+0000] {logging_mixin.py:188} INFO - [2026-08-30T11:30:49.219+0000] {dag.py:3947} INFO - Setting next_dagrun for training_pipeline to 2026-08-30 00:00:00+00:00, run_after=2026-08-31 00:00:00+00:00
[2026-08-30T11:30:49.259+0000] {processor.py:183} INFO - Processing /opt/airflow/dags/training_pipeline_dag.py took 1.949 seconds
[2026-08-30T11:31:19.579+0000] {processor.py:161} INFO - Started process (PID=1767) to work on /opt/airflow/dags/training_pipeline_dag.py
[2026-08-30T11:31:19.582+0000] {processor.py:830} INFO - Processing file /opt/airflow/dags/training_pipeline_dag.py for tasks to queue
[2026-08-30T11:31:19.588+0000] {logging_mixin.py:188} INFO - [2026-08-30T11:31:19.587+0000] {dagbag.py:545} INFO - Filling up the DagBag from /opt/airflow/dags/training_pipeline_dag.py
[2026-08-30T11:31:19.251+0000] {processor.py:840} INFO - DAG(s) 'training_pipeline' retrieved from /opt/airflow/dags/training_pipeline_dag.py
[2026-08-30T11:31:19.306+0000] {logging_mixin.py:188} INFO - [2026-08-30T11:31:19.305+0000] {dag.py:3089} INFO - Sync 1 DAGs
[2026-08-30T11:31:19.353+0000] {logging_mixin.py:188} INFO - [2026-08-30T11:31:19.352+0000] {dag.py:3947} INFO - Setting next_dagrun for training_pipeline to 2026-08-30 00:00:00+00:00, run_after=2026-08-31 00:00:00+00:00
[2026-08-30T11:31:19.394+0000] {processor.py:183} INFO - Processing /opt/airflow/dags/training_pipeline_dag.py took 2.192 seconds
[2026-08-30T11:31:49.585+0000] {processor.py:161} INFO - Started process (PID=1799) to work on /opt/airflow/dags/training_pipeline_dag.py
[2026-08-30T11:31:49.588+0000] {processor.py:830} INFO - Processing file /opt/airflow/dags/training_pipeline_dag.py for tasks to queue
[2026-08-30T11:31:49.593+0000] {logging_mixin.py:188} INFO - [2026-08-30T11:31:49.592+0000] {dagbag.py:545} INFO - Filling up the DagBag from /opt/airflow/dags/training_pipeline_dag.py
[2026-08-30T11:31:51.443+0000] {processor.py:840} INFO - DAG(s) 'training_pipeline' retrieved from /opt/airflow/dags/training_pipeline_dag.py
[2026-08-30T11:31:51.502+0000] {logging_mixin.py:188} INFO - [2026-08-30T11:31:51.501+0000] {dag.py:3089} INFO - Sync 1 DAGs
[2026-08-30T11:31:51.549+0000] {logging_mixin.py:188} INFO - [2026-08-30T11:31:51.549+0000] {dag.py:3947} INFO - Setting next_dagrun for training_pipeline to 2026-08-30 00:00:00+00:00, run_after=2026-08-31 00:00:00+00:00
[2026-08-30T11:31:51.597+0000] {processor.py:183} INFO - Processing /opt/airflow/dags/training_pipeline_dag.py took 2.029 seconds
[2026-08-30T11:32:22.076+0000] {processor.py:161} INFO - Started process (PID=1829) to work on /opt/airflow/dags/training_pipeline_dag.py
[2026-08-30T11:32:22.079+0000] {processor.py:830} INFO - Processing file /opt/airflow/dags/training_pipeline_dag.py for tasks to queue
[2026-08-30T11:32:22.085+0000] {logging_mixin.py:188} INFO - [2026-08-30T11:32:22.084+0000] {dagbag.py:545} INFO - Filling up the DagBag from /opt/airflow/dags/training_pipeline_dag.py
[2026-08-30T11:32:23.908+0000] {processor.py:840} INFO - DAG(s) 'training_pipeline' retrieved from /opt/airflow/dags/training_pipeline_dag.py
[2026-08-30T11:32:23.969+0000] {logging_mixin.py:188} INFO - [2026-08-30T11:32:23.968+0000] {dag.py:3089} INFO - Sync 1 DAGs
[2026-08-30T11:32:24.029+0000] {logging_mixin.py:188} INFO - [2026-08-30T11:32:24.028+0000] {dag.py:3947} INFO - Setting next_dagrun for training_pipeline to 2026-08-30 00:00:00+00:00, run_after=2026-08-31 00:00:00+00:00
[2026-08-30T11:32:24.078+0000] {processor.py:183} INFO - Processing /opt/airflow/dags/training_pipeline_dag.py took 2.021 seconds
[2026-08-30T11:32:54.624+0000] {processor.py:161} INFO - Started process (PID=1859) to work on /opt/airflow/dags/training_pipeline_dag.py
[2026-08-30T11:32:54.642+0000] {processor.py:830} INFO - Processing file /opt/airflow/dags/training_pipeline_dag.py for tasks to queue
[2026-08-30T11:32:54.648+0000] {logging_mixin.py:188} INFO - [2026-08-30T11:32:54.647+0000] {dagbag.py:545} INFO - Filling up the DagBag from /opt/airflow/dags/training_pipeline_dag.py
[2026-08-30T11:32:56.979+0000] {processor.py:840} INFO - DAG(s) 'training_pipeline' retrieved from /opt/airflow/dags/training_pipeline_dag.py
[2026-08-30T11:32:57.078+0000] {logging_mixin.py:188} INFO - [2026-08-30T11:32:57.077+0000] {dag.py:3089} INFO - Sync 1 DAGs
[2026-08-30T11:32:57.178+0000] {logging_mixin.py:188} INFO - [2026-08-30T11:32:57.178+0000] {dag.py:3947} INFO - Setting next_dagrun for training_pipeline to 2026-08-30 00:00:00+00:00, run_after=2026-08-31 00:00:00+00:00
[2026-08-30T11:32:57.259+0000] {processor.py:183} INFO - Processing /opt/airflow/dags/training_pipeline_dag.py took 2.664 seconds
[2026-08-30T11:33:27.570+0000] {processor.py:161} INFO - Started process (PID=1889) to work on /opt/airflow/dags/training_pipeline_dag.py
[2026-08-30T11:33:27.573+0000] {processor.py:830} INFO - Processing file /opt/airflow/dags/training_pipeline_dag.py for tasks to queue
[2026-08-30T11:33:27.578+0000] {logging_mixin.py:188} INFO - [2026-08-30T11:33:27.577+0000] {dagbag.py:545} INFO - Filling up the DagBag from /opt/airflow/dags/training_pipeline_dag.py
[2026-08-30T11:33:29.409+0000] {processor.py:840} INFO - DAG(s) 'training_pipeline' retrieved from /opt/airflow/dags/training_pipeline_dag.py
[2026-08-30T11:33:29.484+0000] {logging_mixin.py:188} INFO - [2026-08-30T11:33:29.483+0000] {dag.py:3089} INFO - Sync 1 DAGs
[2026-08-30T11:33:29.526+0000] {logging_mixin.py:188} INFO - [2026-08-30T11:33:29.526+0000] {dag.py:3947} INFO - Setting next_dagrun for training_pipeline to 2026-08-30 00:00:00+00:00, run_after=2026-08-31 00:00:00+00:00
[2026-08-30T11:33:29.576+0000] {processor.py:183} INFO - Processing /opt/airflow/dags/training_pipeline_dag.py took 2.027 seconds
[2026-08-30T11:34:00.839+0000] {processor.py:161} INFO - Started process (PID=1917) to work on /opt/airflow/dags/training_pipeline_dag.py
[2026-08-30T11:34:00.842+0000] {processor.py:830} INFO - Processing file /opt/airflow/dags/training_pipeline_dag.py for tasks to queue
[2026-08-30T11:34:00.849+0000] {logging_mixin.py:188} INFO - [2026-08-30T11:34:00.848+0000] {dagbag.py:545} INFO - Filling up the DagBag from /opt/airflow/dags/training_pipeline_dag.py
[2026-08-30T11:34:02.475+0000] {processor.py:840} INFO - DAG(s) 'training_pipeline' retrieved from /opt/airflow/dags/training_pipeline_dag.py
[2026-08-30T11:34:02.837+0000] {logging_mixin.py:188} INFO - [2026-08-30T11:34:02.836+0000] {dag.py:3089} INFO - Sync 1 DAGs
[2026-08-30T11:34:02.884+0000] {logging_mixin.py:188} INFO - [2026-08-30T11:34:02.883+0000] {dag.py:3947} INFO - Setting next_dagrun for training_pipeline to 2026-08-30 00:00:00+00:00, run_after=2026-08-31 00:00:00+00:00
[2026-08-30T11:34:02.934+0000] {processor.py:183} INFO - Processing /opt/airflow/dags/training_pipeline_dag.py took 2.115 seconds
[2026-08-30T11:34:33.771+0000] {processor.py:161} INFO - Started process (PID=1935) to work on /opt/airflow/dags/training_pipeline_dag.py
[2026-08-30T11:34:33.774+0000] {processor.py:830} INFO - Processing file /opt/airflow/dags/training_pipeline_dag.py for tasks to queue
[2026-08-30T11:34:33.780+0000] {logging_mixin.py:188} INFO - [2026-08-30T11:34:33.779+0000] {dagbag.py:545} INFO - Filling up the DagBag from /opt/airflow/dags/training_pipeline_dag.py
[2026-08-30T11:34:34.843+0000] {processor.py:840} INFO - DAG(s) 'training_pipeline' retrieved from /opt/airflow/dags/training_pipeline_dag.py
[2026-08-30T11:34:34.907+0000] {logging_mixin.py:188} INFO - [2026-08-30T11:34:34.906+0000] {dag.py:3089} INFO - Sync 1 DAGs
[2026-08-30T11:34:34.960+0000] {logging_mixin.py:188} INFO - [2026-08-30T11:34:34.959+0000] {dag.py:3947} INFO - Setting next_dagrun for training_pipeline to 2026-08-30 00:00:00+00:00, run_after=2026-08-31 00:00:00+00:00
[2026-08-30T11:34:35.017+0000] {processor.py:183} INFO - Processing /opt/airflow/dags/training_pipeline_dag.py took 3.567 seconds
[2026-08-30T11:35:05.497+0000] {processor.py:161} INFO - Started process (PID=1959) to work on /opt/airflow/dags/training_pipeline_dag.py
[2026-08-30T11:35:05.500+0000] {processor.py:830} INFO - Processing file /opt/airflow/dags/training_pipeline_dag.py for tasks to queue
[2026-08-30T11:35:05.505+0000] {logging_mixin.py:188} INFO - [2026-08-30T11:35:05.504+0000] {dagbag.py:545} INFO - Filling up the DagBag from /opt/airflow/dags/training_pipeline_dag.py
[2026-08-30T11:35:07.229+0000] {processor.py:840} INFO - DAG(s) 'training_pipeline' retrieved from /opt/airflow/dags/training_pipeline_dag.py
[2026-08-30T11:35:07.286+0000] {logging_mixin.py:188} INFO - [2026-08-30T11:35:07.285+0000] {dag.py:3089} INFO - Sync 1 DAGs
[2026-08-30T11:35:07.325+0000] {logging_mixin.py:188} INFO - [2026-08-30T11:35:07.324+0000] {dag.py:3947} INFO - Setting next_dagrun for training_pipeline to 2026-08-30 00:00:00+00:00, run_after=2026-08-31 00:00:00+00:00
[2026-08-30T11:35:07.364+0000] {processor.py:183} INFO - Processing /opt/airflow/dags/training_pipeline_dag.py took 1.889 seconds
[2026-08-30T11:35:37.971+0000] {processor.py:161} INFO - Started process (PID=1989) to work on /opt/airflow/dags/training_pipeline_dag.py
[2026-08-30T11:35:37.980+0000] {processor.py:830} INFO - Processing file /opt/airflow/dags/training_pipeline_dag.py for tasks to queue
[2026-08-30T11:35:37.998+0000] {logging_mixin.py:188} INFO - [2026-08-30T11:35:37.997+0000] {dagbag.py:545} INFO - Filling up the DagBag from /opt/airflow/dags/training_pipeline_dag.py
[2026-08-30T11:35:43.790+0000] {processor.py:840} INFO - DAG(s) 'training_pipeline' retrieved from /opt/airflow/dags/training_pipeline_dag.py
[2026-08-30T11:35:43.900+0000] {logging_mixin.py:188} INFO - [2026-08-30T11:35:43.899+0000] {dag.py:3089} INFO - Sync 1 DAGs
[2026-08-30T11:35:43.978+0000] {logging_mixin.py:188} INFO - [2026-08-30T11:35:43.977+0000] {dag.py:3947} INFO - Setting next_dagrun for training_pipeline to 2026-08-30 00:00:00+00:00, run_after=2026-08-31 00:00:00+00:00
[2026-08-30T11:35:44.062+0000] {processor.py:183} INFO - Processing /opt/airflow/dags/training_pipeline_dag.py took 6.132 seconds
[2026-08-30T11:36:15.245+0000] {processor.py:161} INFO - Started process (PID=2015) to work on /opt/airflow/dags/training_pipeline_dag.py
[2026-08-30T11:36:15.248+0000] {processor.py:830} INFO - Processing file /opt/airflow/dags/training_pipeline_dag.py for tasks to queue
[2026-08-30T11:36:15.255+0000] {logging_mixin.py:188} INFO - [2026-08-30T11:36:15.254+0000] {dagbag.py:545} INFO - Filling up the DagBag from /opt/airflow/dags/training_pipeline_dag.py
[2026-08-30T11:36:18.395+0000] {processor.py:840} INFO - DAG(s) 'training_pipeline' retrieved from /opt/airflow/dags/training_pipeline_dag.py
[2026-08-30T11:36:18.469+0000] {logging_mixin.py:188} INFO - [2026-08-30T11:36:18.468+0000] {dag.py:3089} INFO - Sync 1 DAGs
[2026-08-30T11:36:18.516+0000] {logging_mixin.py:188} INFO - [2026-08-30T11:36:18.516+0000] {dag.py:3947} INFO - Setting next_dagrun for training_pipeline to 2026-08-30 00:00:00+00:00, run_after=2026-08-31 00:00:00+00:00
[2026-08-30T11:36:18.556+0000] {processor.py:183} INFO - Processing /opt/airflow/dags/training_pipeline_dag.py took 3.338 seconds
[2026-08-30T11:36:48.897+0000] {processor.py:161} INFO - Started process (PID=2051) to work on /opt/airflow/dags/training_pipeline_dag.py
[2026-08-30T11:36:48.901+0000] {processor.py:830} INFO - Processing file /opt/airflow/dags/training_pipeline_dag.py for tasks to queue
[2026-08-30T11:36:48.907+0000] {logging_mixin.py:188} INFO - [2026-08-30T11:36:48.906+0000] {dagbag.py:545} INFO - Filling up the DagBag from /opt/airflow/dags/training_pipeline_dag.py
[2026-08-30T11:36:50.718+0000] {processor.py:840} INFO - DAG(s) 'training_pipeline' retrieved from /opt/airflow/dags/training_pipeline_dag.py
[2026-08-30T11:36:51.228+0000] {logging_mixin.py:188} INFO - [2026-08-30T11:36:51.226+0000] {dag.py:3089} INFO - Sync 1 DAGs
[2026-08-30T11:36:51.285+0000] {logging_mixin.py:188} INFO - [2026-08-30T11:36:51.284+0000] {dag.py:3947} INFO - Setting next_dagrun for training_pipeline to 2026-08-30 00:00:00+00:00, run_after=2026-08-31 00:00:00+00:00
[2026-08-30T11:36:51.333+0000] {processor.py:183} INFO - Processing /opt/airflow/dags/training_pipeline_dag.py took 2.464 seconds
[2026-08-30T11:37:21.595+0000] {processor.py:161} INFO - Started process (PID=2146) to work on /opt/airflow/dags/training_pipeline_dag.py
[2026-08-30T11:37:21.598+0000] {processor.py:830} INFO - Processing file /opt/airflow/dags/training_pipeline_dag.py for tasks to queue
[2026-08-30T11:37:21.603+0000] {logging_mixin.py:188} INFO - [2026-08-30T11:37:21.603+0000] {dagbag.py:545} INFO - Filling up the DagBag from /opt/airflow/dags/training_pipeline_dag.py
[2026-08-30T11:37:23.577+0000] {processor.py:840} INFO - DAG(s) 'training_pipeline' retrieved from /opt/airflow/dags/training_pipeline_dag.py
[2026-08-30T11:37:23.647+0000] {logging_mixin.py:188} INFO - [2026-08-30T11:37:23.646+0000] {dag.py:3089} INFO - Sync 1 DAGs
[2026-08-30T11:37:23.716+0000] {logging_mixin.py:188} INFO - [2026-08-30T11:37:23.715+0000] {dag.py:3947} INFO - Setting next_dagrun for training_pipeline to 2026-08-30 00:00:00+00:00, run_after=2026-08-31 00:00:00+00:00
[2026-08-30T11:37:23.762+0000] {processor.py:183} INFO - Processing /opt/airflow/dags/training_pipeline_dag.py took 2.190 seconds
[2026-08-30T11:37:54.564+0000] {processor.py:161} INFO - Started process (PID=2213) to work on /opt/airflow/dags/training_pipeline_dag.py
[2026-08-30T11:37:54.568+0000] {processor.py:830} INFO - Processing file /opt/airflow/dags/training_pipeline_dag.py for tasks to queue
[2026-08-30T11:37:54.573+0000] {logging_mixin.py:188} INFO - [2026-08-30T11:37:54.572+0000] {dagbag.py:545} INFO - Filling up the DagBag from /opt/airflow/dags/training_pipeline_dag.py
[2026-08-30T11:37:56.870+0000] {processor.py:840} INFO - DAG(s) 'training_pipeline' retrieved from /opt/airflow/dags/training_pipeline_dag.py
[2026-08-30T11:37:56.986+0000] {logging_mixin.py:188} INFO - [2026-08-30T11:37:56.985+0000] {dag.py:3089} INFO - Sync 1 DAGs
[2026-08-30T11:37:57.032+0000] {logging_mixin.py:188} INFO - [2026-08-30T11:37:57.032+0000] {dag.py:3947} INFO - Setting next_dagrun for training_pipeline to 2026-08-30 00:00:00+00:00, run_after=2026-08-31 00:00:00+00:00
[2026-08-30T11:37:57.076+0000] {processor.py:183} INFO - Processing /opt/airflow/dags/training_pipeline_dag.py took 2.535 seconds
[2026-08-30T11:38:27.734+0000] {processor.py:161} INFO - Started process (PID=2288) to work on /opt/airflow/dags/training_pipeline_dag.py
[2026-08-30T11:38:27.738+0000] {processor.py:830} INFO - Processing file /opt/airflow/dags/training_pipeline_dag.py for tasks to queue
[2026-08-30T11:38:27.749+0000] {logging_mixin.py:188} INFO - [2026-08-30T11:38:27.746+0000] {dagbag.py:545} INFO - Filling up the DagBag from /opt/airflow/dags/training_pipeline_dag.py
[2026-08-30T11:38:29.817+0000] {processor.py:840} INFO - DAG(s) 'training_pipeline' retrieved from /opt/airflow/dags/training_pipeline_dag.py
[2026-08-30T11:38:29.887+0000] {logging_mixin.py:188} INFO - [2026-08-30T11:38:29.886+0000] {dag.py:3089} INFO - Sync 1 DAGs
[2026-08-30T11:38:29.936+0000] {logging_mixin.py:188} INFO - [2026-08-30T11:38:29.936+0000] {dag.py:3947} INFO - Setting next_dagrun for training_pipeline to 2026-08-30 00:00:00+00:00, run_after=2026-08-31 00:00:00+00:00
[2026-08-30T11:38:29.979+0000] {processor.py:183} INFO - Processing /opt/airflow/dags/training_pipeline_dag.py took 2.280 seconds
[2026-08-30T11:39:01.095+0000] {processor.py:161} INFO - Started process (PID=2338) to work on /opt/airflow/dags/training_pipeline_dag.py
[2026-08-30T11:39:01.098+0000] {processor.py:830} INFO - Processing file /opt/airflow/dags/training_pipeline_dag.py for tasks to queue
[2026-08-30T11:39:01.104+0000] {logging_mixin.py:188} INFO - [2026-08-30T11:39:01.102+0000] {dagbag.py:545} INFO - Filling up the DagBag from /opt/airflow/dags/training_pipeline_dag.py
[2026-08-30T11:39:03.044+0000] {processor.py:840} INFO - DAG(s) 'training_pipeline' retrieved from /opt/airflow/dags/training_pipeline_dag.py
[2026-08-30T11:39:03.105+0000] {logging_mixin.py:188} INFO - [2026-08-30T11:39:03.104+0000] {dag.py:3089} INFO - Sync 1 DAGs
[2026-08-30T11:39:03.149+0000] {logging_mixin.py:188} INFO - [2026-08-30T11:39:03.148+0000] {dag.py:3947} INFO - Setting next_dagrun for training_pipeline to 2026-08-30 00:00:00+00:00, run_after=2026-08-31 00:00:00+00:00
[2026-08-30T11:39:03.192+0000] {processor.py:183} INFO - Processing /opt/airflow/dags/training_pipeline_dag.py took 2.118 seconds
[2026-08-30T11:39:33.946+0000] {processor.py:161} INFO - Started process (PID=2391) to work on /opt/airflow/dags/training_pipeline_dag.py
[2026-08-30T11:39:33.948+0000] {processor.py:830} INFO - Processing file /opt/airflow/dags/training_pipeline_dag.py for tasks to queue
[2026-08-30T11:39:33.958+0000] {logging_mixin.py:188} INFO - [2026-08-30T11:39:33.957+0000] {dagbag.py:545} INFO - Filling up the DagBag from /opt/airflow/dags/training_pipeline_dag.py
[2026-08-30T11:39:35.612+0000] {processor.py:840} INFO - DAG(s) 'training_pipeline' retrieved from /opt/airflow/dags/training_pipeline_dag.py
[2026-08-30T11:39:36.216+0000] {logging_mixin.py:188} INFO - [2026-08-30T11:39:36.216+0000] {dag.py:3089} INFO - Sync 1 DAGs
[2026-08-30T11:39:36.387+0000] {logging_mixin.py:188} INFO - [2026-08-30T11:39:36.387+0000] {dag.py:3947} INFO - Setting next_dagrun for training_pipeline to 2026-08-30 00:00:00+00:00, run_after=2026-08-31 00:00:00+00:00
[2026-08-30T11:39:36.721+0000] {processor.py:183} INFO - Processing /opt/airflow/dags/training_pipeline_dag.py took 2.796 seconds
[2026-08-30T11:40:07.190+0000] {processor.py:161} INFO - Started process (PID=2439) to work on /opt/airflow/dags/training_pipeline_dag.py
[2026-08-30T11:40:07.193+0000] {processor.py:830} INFO - Processing file /opt/airflow/dags/training_pipeline_dag.py for tasks to queue
[2026-08-30T11:40:07.198+0000] {logging_mixin.py:188} INFO - [2026-08-30T11:40:07.197+0000] {dagbag.py:545} INFO - Filling up the DagBag from /opt/airflow/dags/training_pipeline_dag.py
[2026-08-30T11:40:09.059+0000] {processor.py:840} INFO - DAG(s) 'training_pipeline' retrieved from /opt/airflow/dags/training_pipeline_dag.py
[2026-08-30T11:40:09.111+0000] {logging_mixin.py:188} INFO - [2026-08-30T11:40:09.110+0000] {dag.py:3089} INFO - Sync 1 DAGs
[2026-08-30T11:40:09.156+0000] {logging_mixin.py:188} INFO - [2026-08-30T11:40:09.155+0000] {dag.py:3947} INFO - Setting next_dagrun for training_pipeline to 2026-08-30 00:00:00+00:00, run_after=2026-08-31 00:00:00+00:00
[2026-08-30T11:40:09.212+0000] {processor.py:183} INFO - Processing /opt/airflow/dags/training_pipeline_dag.py took 2.040 seconds
[2026-08-30T11:40:40.104+0000] {processor.py:161} INFO - Started process (PID=2469) to work on /opt/airflow/dags/training_pipeline_dag.py
[2026-08-30T11:40:40.107+0000] {processor.py:830} INFO - Processing file /opt/airflow/dags/training_pipeline_dag.py for tasks to queue
[2026-08-30T11:40:40.114+0000] {logging_mixin.py:188} INFO - [2026-08-30T11:40:40.113+0000] {dagbag.py:545} INFO - Filling up the DagBag from /opt/airflow/dags/training_pipeline_dag.py
[2026-08-30T11:40:41.970+0000] {processor.py:840} INFO - DAG(s) 'training_pipeline' retrieved from /opt/airflow/dags/training_pipeline_dag.py
[2026-08-30T11:40:42.021+0000] {logging_mixin.py:188} INFO - [2026-08-30T11:40:42.020+0000] {dag.py:3089} INFO - Sync 1 DAGs
[2026-08-30T11:40:42.065+0000] {logging_mixin.py:188} INFO - [2026-08-30T11:40:42.065+0000] {dag.py:3947} INFO - Setting next_dagrun for training_pipeline to 2026-08-30 00:00:00+00:00, run_after=2026-08-31 00:00:00+00:00
[2026-08-30T11:40:42.108+0000] {processor.py:183} INFO - Processing /opt/airflow/dags/training_pipeline_dag.py took 2.025 seconds
[2026-08-30T11:41:12.853+0000] {processor.py:161} INFO - Started process (PID=2499) to work on /opt/airflow/dags/training_pipeline_dag.py
[2026-08-30T11:41:12.856+0000] {processor.py:830} INFO - Processing file /opt/airflow/dags/training_pipeline_dag.py for tasks to queue
[2026-08-30T11:41:12.860+0000] {logging_mixin.py:188} INFO - [2026-08-30T11:41:12.859+0000] {dagbag.py:545} INFO - Filling up the DagBag from /opt/airflow/dags/training_pipeline_dag.py
[2026-08-30T11:41:14.563+0000] {processor.py:840} INFO - DAG(s) 'training_pipeline' retrieved from /opt/airflow/dags/training_pipeline_dag.py
[2026-08-30T11:41:14.620+0000] {logging_mixin.py:188} INFO - [2026-08-30T11:41:14.619+0000] {dag.py:3089} INFO - Sync 1 DAGs
[2026-08-30T11:41:14.666+0000] {logging_mixin.py:188} INFO - [2026-08-30T11:41:14.665+0000] {dag.py:3947} INFO - Setting next_dagrun for training_pipeline to 2026-08-30 00:00:00+00:00, run_after=2026-08-31 00:00:00+00:00
[2026-08-30T11:41:14.705+0000] {processor.py:183} INFO - Processing /opt/airflow/dags/training_pipeline_dag.py took 1.873 seconds
[2026-08-30T11:41:45.587+0000] {processor.py:161} INFO - Started process (PID=2534) to work on /opt/airflow/dags/training_pipeline_dag.py
[2026-08-30T11:41:45.589+0000] {processor.py:830} INFO - Processing file /opt/airflow/dags/training_pipeline_dag.py for tasks to queue
[2026-08-30T11:41:45.594+0000] {logging_mixin.py:188} INFO - [2026-08-30T11:41:45.593+0000] {dagbag.py:545} INFO - Filling up the DagBag from /opt/airflow/dags/training_pipeline_dag.py
[2026-08-30T11:41:47.490+0000] {processor.py:840} INFO - DAG(s) 'training_pipeline' retrieved from /opt/airflow/dags/training_pipeline_dag.py
[2026-08-30T11:41:47.543+0000] {logging_mixin.py:188} INFO - [2026-08-30T11:41:47.542+0000] {dag.py:3089} INFO - Sync 1 DAGs
[2026-08-30T11:41:47.584+0000] {logging_mixin.py:188} INFO - [2026-08-30T11:41:47.583+0000] {dag.py:3947} INFO - Setting next_dagrun for training_pipeline to 2026-08-30 00:00:00+00:00, run_after=2026-08-31 00:00:00+00:00
[2026-08-30T11:41:47.626+0000] {processor.py:183} INFO - Processing /opt/airflow/dags/training_pipeline_dag.py took 2.057 seconds
[2026-08-30T11:42:18.100+0000] {processor.py:161} INFO - Started process (PID=2594) to work on /opt/airflow/dags/training_pipeline_dag.py
[2026-08-30T11:42:18.105+0000] {processor.py:830} INFO - Processing file /opt/airflow/dags/training_pipeline_dag.py for tasks to queue
[2026-08-30T11:42:18.110+0000] {logging_mixin.py:188} INFO - [2026-08-30T11:42:18.109+0000] {dagbag.py:545} INFO - Filling up the DagBag from /opt/airflow/dags/training_pipeline_dag.py
[2026-08-30T11:42:19.599+0000] {processor.py:840} INFO - DAG(s) 'training_pipeline' retrieved from /opt/airflow/dags/training_pipeline_dag.py
[2026-08-30T11:42:19.960+0000] {logging_mixin.py:188} INFO - [2026-08-30T11:42:19.959+0000] {dag.py:3089} INFO - Sync 1 DAGs
[2026-08-30T11:42:19.998+0000] {logging_mixin.py:188} INFO - [2026-08-30T11:42:19.997+0000] {dag.py:3947} INFO - Setting next_dagrun for training_pipeline to 2026-08-30 00:00:00+00:00, run_after=2026-08-31 00:00:00+00:00
[2026-08-30T11:42:20.035+0000] {processor.py:183} INFO - Processing /opt/airflow/dags/training_pipeline_dag.py took 1.953 seconds
[2026-08-30T11:42:50.716+0000] {processor.py:161} INFO - Started process (PID=2649) to work on /opt/airflow/dags/training_pipeline_dag.py
[2026-08-30T11:42:50.719+0000] {processor.py:830} INFO - Processing file /opt/airflow/dags/training_pipeline_dag.py for tasks to queue
[2026-08-30T11:42:50.729+0000] {logging_mixin.py:188} INFO - [2026-08-30T11:42:50.728+0000] {dagbag.py:545} INFO - Filling up the DagBag from /opt/airflow/dags/training_pipeline_dag.py
[2026-08-30T11:42:54.795+0000] {processor.py:840} INFO - DAG(s) 'training_pipeline' retrieved from /opt/airflow/dags/training_pipeline_dag.py
[2026-08-30T11:42:54.852+0000] {logging_mixin.py:188} INFO - [2026-08-30T11:42:54.851+0000] {dag.py:3089} INFO - Sync 1 DAGs
[2026-08-30T11:42:54.904+0000] {logging_mixin.py:188} INFO - [2026-08-30T11:42:54.903+0000] {dag.py:3947} INFO - Setting next_dagrun for training_pipeline to 2026-08-30 00:00:00+00:00, run_after=2026-08-31 00:00:00+00:00
[2026-08-30T11:42:54.952+0000] {processor.py:183} INFO - Processing /opt/airflow/dags/training_pipeline_dag.py took 6.523 seconds
[2026-08-30T11:43:25.198+0000] {processor.py:161} INFO - Started process (PID=2728) to work on /opt/airflow/dags/training_pipeline_dag.py
[2026-08-30T11:43:25.201+0000] {processor.py:830} INFO - Processing file /opt/airflow/dags/training_pipeline_dag.py for tasks to queue
[2026-08-30T11:43:25.209+0000] {logging_mixin.py:188} INFO - [2026-08-30T11:43:25.208+0000] {dagbag.py:545} INFO - Filling up the DagBag from /opt/airflow/dags/training_pipeline_dag.py
[2026-08-30T11:43:27.057+0000] {processor.py:840} INFO - DAG(s) 'training_pipeline' retrieved from /opt/airflow/dags/training_pipeline_dag.py
[2026-08-30T11:43:27.120+0000] {logging_mixin.py:188} INFO - [2026-08-30T11:43:27.120+0000] {dag.py:3089} INFO - Sync 1 DAGs
[2026-08-30T11:43:27.161+0000] {logging_mixin.py:188} INFO - [2026-08-30T11:43:27.160+0000] {dag.py:3947} INFO - Setting next_dagrun for training_pipeline to 2026-08-30 00:00:00+00:00, run_after=2026-08-31 00:00:00+00:00
[2026-08-30T11:43:27.203+0000] {processor.py:183} INFO - Processing /opt/airflow/dags/training_pipeline_dag.py took 2.025 seconds
[2026-08-30T11:43:58.133+0000] {processor.py:161} INFO - Started process (PID=2758) to work on /opt/airflow/dags/training_pipeline_dag.py
[2026-08-30T11:43:58.139+0000] {processor.py:830} INFO - Processing file /opt/airflow/dags/training_pipeline_dag.py for tasks to queue
[2026-08-30T11:43:58.232+0000] {logging_mixin.py:188} INFO - [2026-08-30T11:43:58.225+0000] {dagbag.py:545} INFO - Filling up the DagBag from /opt/airflow/dags/training_pipeline_dag.py
[2026-08-30T11:44:00.401+0000] {processor.py:840} INFO - DAG(s) 'training_pipeline' retrieved from /opt/airflow/dags/training_pipeline_dag.py
[2026-08-30T11:44:00.456+0000] {logging_mixin.py:188} INFO - [2026-08-30T11:44:00.455+0000] {dag.py:3089} INFO - Sync 1 DAGs
[2026-08-30T11:44:00.498+0000] {logging_mixin.py:188} INFO - [2026-08-30T11:44:00.498+0000] {dag.py:3947} INFO - Setting next_dagrun for training_pipeline to 2026-08-30 00:00:00+00:00, run_after=2026-08-31 00:00:00+00:00
[2026-08-30T11:44:00.538+0000] {processor.py:183} INFO - Processing /opt/airflow/dags/training_pipeline_dag.py took 2.450 seconds
[2026-08-30T11:44:31.094+0000] {processor.py:161} INFO - Started process (PID=2803) to work on /opt/airflow/dags/training_pipeline_dag.py
[2026-08-30T11:44:31.097+0000] {processor.py:830} INFO - Processing file /opt/airflow/dags/training_pipeline_dag.py for tasks to queue
[2026-08-30T11:44:31.101+0000] {logging_mixin.py:188} INFO - [2026-08-30T11:44:31.101+0000] {dagbag.py:545} INFO - Filling up the DagBag from /opt/airflow/dags/training_pipeline_dag.py
[2026-08-30T11:44:32.958+0000] {processor.py:840} INFO - DAG(s) 'training_pipeline' retrieved from /opt/airflow/dags/training_pipeline_dag.py
[2026-08-30T11:44:33.012+0000] {logging_mixin.py:188} INFO - [2026-08-30T11:44:33.012+0000] {dag.py:3089} INFO - Sync 1 DAGs
[2026-08-30T11:44:33.051+0000] {logging_mixin.py:188} INFO - [2026-08-30T11:44:33.050+0000] {dag.py:3947} INFO - Setting next_dagrun for training_pipeline to 2026-08-30 00:00:00+00:00, run_after=2026-08-31 00:00:00+00:00
[2026-08-30T11:44:33.086+0000] {processor.py:183} INFO - Processing /opt/airflow/dags/training_pipeline_dag.py took 2.010 seconds
[2026-08-30T11:45:03.406+0000] {processor.py:161} INFO - Started process (PID=2854) to work on /opt/airflow/dags/training_pipeline_dag.py
[2026-08-30T11:45:03.409+0000] {processor.py:830} INFO - Processing file /opt/airflow/dags/training_pipeline_dag.py for tasks to queue
[2026-08-30T11:45:03.414+0000] {logging_mixin.py:188} INFO - [2026-08-30T11:45:03.413+0000] {dagbag.py:545} INFO - Filling up the DagBag from /opt/airflow/dags/training_pipeline_dag.py
[2026-08-30T11:45:05.144+0000] {processor.py:840} INFO - DAG(s) 'training_pipeline' retrieved from /opt/airflow/dags/training_pipeline_dag.py
[2026-08-30T11:45:05.203+0000] {logging_mixin.py:188} INFO - [2026-08-30T11:45:05.202+0000] {dag.py:3089} INFO - Sync 1 DAGs
[2026-08-30T11:45:05.244+0000] {logging_mixin.py:188} INFO - [2026-08-30T11:45:05.244+0000] {dag.py:3947} INFO - Setting next_dagrun for training_pipeline to 2026-08-30 00:00:00+00:00, run_after=2026-08-31 00:00:00+00:00
[2026-08-30T11:45:05.281+0000] {processor.py:183} INFO - Processing /opt/airflow/dags/training_pipeline_dag.py took 1.895 seconds
[2026-08-30T11:45:35.688+0000] {processor.py:161} INFO - Started process (PID=2914) to work on /opt/airflow/dags/training_pipeline_dag.py
[2026-08-30T11:45:35.691+0000] {processor.py:830} INFO - Processing file /opt/airflow/dags/training_pipeline_dag.py for tasks to queue
[2026-08-30T11:45:35.697+0000] {logging_mixin.py:188} INFO - [2026-08-30T11:45:35.697+0000] {dagbag.py:545} INFO - Filling up the DagBag from /opt/airflow/dags/training_pipeline_dag.py
[2026-08-30T11:45:37.528+0000] {processor.py:840} INFO - DAG(s) 'training_pipeline' retrieved from /opt/airflow/dags/training_pipeline_dag.py
[2026-08-30T11:45:37.575+0000] {logging_mixin.py:188} INFO - [2026-08-30T11:45:37.575+0000] {dag.py:3089} INFO - Sync 1 DAGs
[2026-08-30T11:45:37.613+0000] {logging_mixin.py:188} INFO - [2026-08-30T11:45:37.612+0000] {dag.py:3947} INFO - Setting next_dagrun for training_pipeline to 2026-08-30 00:00:00+00:00, run_after=2026-08-31 00:00:00+00:00
[2026-08-30T11:45:37.649+0000] {processor.py:183} INFO - Processing /opt/airflow/dags/training_pipeline_dag.py took 1.979 seconds
[2026-08-30T11:46:07.873+0000] {processor.py:161} INFO - Started process (PID=2971) to work on /opt/airflow/dags/training_pipeline_dag.py
[2026-08-30T11:46:07.876+0000] {processor.py:830} INFO - Processing file /opt/airflow/dags/training_pipeline_dag.py for tasks to queue
[2026-08-30T11:46:07.880+0000] {logging_mixin.py:188} INFO - [2026-08-30T11:46:07.879+0000] {dagbag.py:545} INFO - Filling up the DagBag from /opt/airflow/dags/training_pipeline_dag.py
[2026-08-30T11:46:09.534+0000] {processor.py:840} INFO - DAG(s) 'training_pipeline' retrieved from /opt/airflow/dags/training_pipeline_dag.py
[2026-08-30T11:46:09.595+0000] {logging_mixin.py:188} INFO - [2026-08-30T11:46:09.594+0000] {dag.py:3089} INFO - Sync 1 DAGs
[2026-08-30T11:46:09.660+0000] {logging_mixin.py:188} INFO - [2026-08-30T11:46:09.659+0000] {dag.py:3947} INFO - Setting next_dagrun for training_pipeline to 2026-08-30 00:00:00+00:00, run_after=2026-08-31 00:00:00+00:00
[2026-08-30T11:46:09.705+0000] {processor.py:183} INFO - Processing /opt/airflow/dags/training_pipeline_dag.py took 1.849 seconds
[2026-08-30T11:46:40.269+0000] {processor.py:161} INFO - Started process (PID=3004) to work on /opt/airflow/dags/training_pipeline_dag.py
[2026-08-30T11:46:40.271+0000] {processor.py:830} INFO - Processing file /opt/airflow/dags/training_pipeline_dag.py for tasks to queue
[2026-08-30T11:46:40.276+0000] {logging_mixin.py:188} INFO - [2026-08-30T11:46:40.275+0000] {dagbag.py:545} INFO - Filling up the DagBag from /opt/airflow/dags/training_pipeline_dag.py
[2026-08-30T11:46:42.336+0000] {processor.py:840} INFO - DAG(s) 'training_pipeline' retrieved from /opt/airflow/dags/training_pipeline_dag.py
[2026-08-30T11:46:42.400+0000] {logging_mixin.py:188} INFO - [2026-08-30T11:46:42.399+0000] {dag.py:3089} INFO - Sync 1 DAGs
[2026-08-30T11:46:42.453+0000] {logging_mixin.py:188} INFO - [2026-08-30T11:46:42.453+0000] {dag.py:3947} INFO - Setting next_dagrun for training_pipeline to 2026-08-30 00:00:00+00:00, run_after=2026-08-31 00:00:00+00:00
[2026-08-30T11:46:42.495+0000] {processor.py:183} INFO - Processing /opt/airflow/dags/training_pipeline_dag.py took 2.244 seconds
[2026-08-30T11:47:13.252+0000] {processor.py:161} INFO - Started process (PID=3034) to work on /opt/airflow/dags/training_pipeline_dag.py
[2026-08-30T11:47:13.255+0000] {processor.py:830} INFO - Processing file /opt/airflow/dags/training_pipeline_dag.py for tasks to queue
[2026-08-30T11:47:13.261+0000] {logging_mixin.py:188} INFO - [2026-08-30T11:47:13.260+0000] {dagbag.py:545} INFO - Filling up the DagBag from /opt/airflow/dags/training_pipeline_dag.py
[2026-08-30T11:47:15.002+0000] {processor.py:840} INFO - DAG(s) 'training_pipeline' retrieved from /opt/airflow/dags/training_pipeline_dag.py
[2026-08-30T11:47:15.055+0000] {logging_mixin.py:188} INFO - [2026-08-30T11:47:15.054+0000] {dag.py:3089} INFO - Sync 1 DAGs
[2026-08-30T11:47:15.099+0000] {logging_mixin.py:188} INFO - [2026-08-30T11:47:15.099+0000] {dag.py:3947} INFO - Setting next_dagrun for training_pipeline to 2026-08-30 00:00:00+00:00, run_after=2026-08-31 00:00:00+00:00
[2026-08-30T11:47:15.146+0000] {processor.py:183} INFO - Processing /opt/airflow/dags/training_pipeline_dag.py took 1.912 seconds
[2026-08-30T11:47:45.905+0000] {processor.py:161} INFO - Started process (PID=3064) to work on /opt/airflow/dags/training_pipeline_dag.py
[2026-08-30T11:47:45.908+0000] {processor.py:830} INFO - Processing file /opt/airflow/dags/training_pipeline_dag.py for tasks to queue
[2026-08-30T11:47:45.912+0000] {logging_mixin.py:188} INFO - [2026-08-30T11:47:45.912+0000] {dagbag.py:545} INFO - Filling up the DagBag from /opt/airflow/dags/training_pipeline_dag.py
[2026-08-30T11:47:47.631+0000] {processor.py:840} INFO - DAG(s) 'training_pipeline' retrieved from /opt/airflow/dags/training_pipeline_dag.py
[2026-08-30T11:47:47.681+0000] {logging_mixin.py:188} INFO - [2026-08-30T11:47:47.680+0000] {dag.py:3089} INFO - Sync 1 DAGs
[2026-08-30T11:47:47.719+0000] {logging_mixin.py:188} INFO - [2026-08-30T11:47:47.719+0000] {dag.py:3947} INFO - Setting next_dagrun for training_pipeline to 2026-08-30 00:00:00+00:00, run_after=2026-08-31 00:00:00+00:00
[2026-08-30T11:47:47.757+0000] {processor.py:183} INFO - Processing /opt/airflow/dags/training_pipeline_dag.py took 1.872 seconds
[2026-08-30T11:48:18.449+0000] {processor.py:161} INFO - Started process (PID=3094) to work on /opt/airflow/dags/training_pipeline_dag.py
[2026-08-30T11:48:18.452+0000] {processor.py:830} INFO - Processing file /opt/airflow/dags/training_pipeline_dag.py for tasks to queue
[2026-08-30T11:48:18.457+0000] {logging_mixin.py:188} INFO - [2026-08-30T11:48:18.456+0000] {dagbag.py:545} INFO - Filling up the DagBag from /opt/airflow/dags/training_pipeline_dag.py
[2026-08-30T11:48:20.459+0000] {processor.py:840} INFO - DAG(s) 'training_pipeline' retrieved from /opt/airflow/dags/training_pipeline_dag.py
[2026-08-30T11:48:20.537+0000] {logging_mixin.py:188} INFO - [2026-08-30T11:48:20.536+0000] {dag.py:3089} INFO - Sync 1 DAGs
[2026-08-30T11:48:20.592+0000] {logging_mixin.py:188} INFO - [2026-08-30T11:48:20.591+0000] {dag.py:3947} INFO - Setting next_dagrun for training_pipeline to 2026-08-30 00:00:00+00:00, run_after=2026-08-31 00:00:00+00:00
[2026-08-30T11:48:20.650+0000] {processor.py:183} INFO - Processing /opt/airflow/dags/training_pipeline_dag.py took 2.221 seconds
[2026-08-30T11:48:51.656+0000] {processor.py:161} INFO - Started process (PID=3124) to work on /opt/airflow/dags/training_pipeline_dag.py
[2026-08-30T11:48:51.658+0000] {processor.py:830} INFO - Processing file /opt/airflow/dags/training_pipeline_dag.py for tasks to queue
[2026-08-30T11:48:51.664+0000] {logging_mixin.py:188} INFO - [2026-08-30T11:48:51.663+0000] {dagbag.py:545} INFO - Filling up the DagBag from /opt/airflow/dags/training_pipeline_dag.py
[2026-08-30T11:48:51.184+0000] {processor.py:840} INFO - DAG(s) 'training_pipeline' retrieved from /opt/airflow/dags/training_pipeline_dag.py
[2026-08-30T11:48:51.236+0000] {logging_mixin.py:188} INFO - [2026-08-30T11:48:51.236+0000] {dag.py:3089} INFO - Sync 1 DAGs
[2026-08-30T11:48:51.275+0000] {logging_mixin.py:188} INFO - [2026-08-30T11:48:51.275+0000] {dag.py:3947} INFO - Setting next_dagrun for training_pipeline to 2026-08-30 00:00:00+00:00, run_after=2026-08-31 00:00:00+00:00
[2026-08-30T11:48:51.316+0000] {processor.py:183} INFO - Processing /opt/airflow/dags/training_pipeline_dag.py took 1.939 seconds
[2026-08-30T11:49:21.673+0000] {processor.py:161} INFO - Started process (PID=3154) to work on /opt/airflow/dags/training_pipeline_dag.py
[2026-08-30T11:49:21.676+0000] {processor.py:830} INFO - Processing file /opt/airflow/dags/training_pipeline_dag.py for tasks to queue
[2026-08-30T11:49:21.681+0000] {logging_mixin.py:188} INFO - [2026-08-30T11:49:21.680+0000] {dagbag.py:545} INFO - Filling up the DagBag from /opt/airflow/dags/training_pipeline_dag.py
[2026-08-30T11:49:19.908+0000] {processor.py:840} INFO - DAG(s) 'training_pipeline' retrieved from /opt/airflow/dags/training_pipeline_dag.py
[2026-08-30T11:49:19.954+0000] {logging_mixin.py:188} INFO - [2026-08-30T11:49:19.953+0000] {dag.py:3089} INFO - Sync 1 DAGs
[2026-08-30T11:49:19.992+0000] {logging_mixin.py:188} INFO - [2026-08-30T11:49:19.992+0000] {dag.py:3947} INFO - Setting next_dagrun for training_pipeline to 2026-08-30 00:00:00+00:00, run_after=2026-08-31 00:00:00+00:00
[2026-08-30T11:49:20.031+0000] {processor.py:183} INFO - Processing /opt/airflow/dags/training_pipeline_dag.py took 1.840 seconds
[2026-08-30T11:49:50.739+0000] {processor.py:161} INFO - Started process (PID=3166) to work on /opt/airflow/dags/training_pipeline_dag.py
[2026-08-30T11:49:50.742+0000] {processor.py:830} INFO - Processing file /opt/airflow/dags/training_pipeline_dag.py for tasks to queue
[2026-08-30T11:49:50.748+0000] {logging_mixin.py:188} INFO - [2026-08-30T11:49:50.747+0000] {dagbag.py:545} INFO - Filling up the DagBag from /opt/airflow/dags/training_pipeline_dag.py
[2026-08-30T11:49:52.532+0000] {processor.py:840} INFO - DAG(s) 'training_pipeline' retrieved from /opt/airflow/dags/training_pipeline_dag.py
[2026-08-30T11:49:52.587+0000] {logging_mixin.py:188} INFO - [2026-08-30T11:49:52.586+0000] {dag.py:3089} INFO - Sync 1 DAGs
[2026-08-30T11:49:52.643+0000] {logging_mixin.py:188} INFO - [2026-08-30T11:49:52.643+0000] {dag.py:3947} INFO - Setting next_dagrun for training_pipeline to 2026-08-30 00:00:00+00:00, run_after=2026-08-31 00:00:00+00:00
[2026-08-30T11:49:52.677+0000] {processor.py:183} INFO - Processing /opt/airflow/dags/training_pipeline_dag.py took 1.957 seconds
[2026-08-30T11:50:23.375+0000] {processor.py:161} INFO - Started process (PID=3196) to work on /opt/airflow/dags/training_pipeline_dag.py
[2026-08-30T11:50:23.378+0000] {processor.py:830} INFO - Processing file /opt/airflow/dags/training_pipeline_dag.py for tasks to queue
[2026-08-30T11:50:23.385+0000] {logging_mixin.py:188} INFO - [2026-08-30T11:50:23.384+0000] {dagbag.py:545} INFO - Filling up the DagBag from /opt/airflow/dags/training_pipeline_dag.py
[2026-08-30T11:50:25.386+0000] {processor.py:840} INFO - DAG(s) 'training_pipeline' retrieved from /opt/airflow/dags/training_pipeline_dag.py
[2026-08-30T11:50:25.440+0000] {logging_mixin.py:188} INFO - [2026-08-30T11:50:25.439+0000] {dag.py:3089} INFO - Sync 1 DAGs
[2026-08-30T11:50:25.483+0000] {logging_mixin.py:188} INFO - [2026-08-30T11:50:25.482+0000] {dag.py:3947} INFO - Setting next_dagrun for training_pipeline to 2026-08-30 00:00:00+00:00, run_after=2026-08-31 00:00:00+00:00
[2026-08-30T11:50:25.525+0000] {processor.py:183} INFO - Processing /opt/airflow/dags/training_pipeline_dag.py took 2.170 seconds
[2026-08-30T11:50:56.419+0000] {processor.py:161} INFO - Started process (PID=3226) to work on /opt/airflow/dags/training_pipeline_dag.py
[2026-08-30T11:50:56.421+0000] {processor.py:830} INFO - Processing file /opt/airflow/dags/training_pipeline_dag.py for tasks to queue
[2026-08-30T11:50:56.429+0000] {logging_mixin.py:188} INFO - [2026-08-30T11:50:56.428+0000] {dagbag.py:545} INFO - Filling up the DagBag from /opt/airflow/dags/training_pipeline_dag.py
[2026-08-30T11:50:58.879+0000] {processor.py:840} INFO - DAG(s) 'training_pipeline' retrieved from /opt/airflow/dags/training_pipeline_dag.py
[2026-08-30T11:50:58.958+0000] {logging_mixin.py:188} INFO - [2026-08-30T11:50:58.956+0000] {dag.py:3089} INFO - Sync 1 DAGs
[2026-08-30T11:50:59.011+0000] {logging_mixin.py:188} INFO - [2026-08-30T11:50:59.011+0000] {dag.py:3947} INFO - Setting next_dagrun for training_pipeline to 2026-08-30 00:00:00+00:00, run_after=2026-08-31 00:00:00+00:00
[2026-08-30T11:50:59.057+0000] {processor.py:183} INFO - Processing /opt/airflow/dags/training_pipeline_dag.py took 2.664 seconds
[2026-08-30T11:51:29.350+0000] {processor.py:161} INFO - Started process (PID=3256) to work on /opt/airflow/dags/training_pipeline_dag.py
[2026-08-30T11:51:29.353+0000] {processor.py:830} INFO - Processing file /opt/airflow/dags/training_pipeline_dag.py for tasks to queue
[2026-08-30T11:51:29.359+0000] {logging_mixin.py:188} INFO - [2026-08-30T11:51:29.358+0000] {dagbag.py:545} INFO - Filling up the DagBag from /opt/airflow/dags/training_pipeline_dag.py
[2026-08-30T11:51:31.394+0000] {processor.py:840} INFO - DAG(s) 'training_pipeline' retrieved from /opt/airflow/dags/training_pipeline_dag.py
[2026-08-30T11:51:31.455+0000] {logging_mixin.py:188} INFO - [2026-08-30T11:51:31.454+0000] {dag.py:3089} INFO - Sync 1 DAGs
[2026-08-30T11:51:31.516+0000] {logging_mixin.py:188} INFO - [2026-08-30T11:51:31.516+0000] {dag.py:3947} INFO - Setting next_dagrun for training_pipeline to 2026-08-30 00:00:00+00:00, run_after=2026-08-31 00:00:00+00:00
[2026-08-30T11:51:31.579+0000] {processor.py:183} INFO - Processing /opt/airflow/dags/training_pipeline_dag.py took 2.246 seconds
[2026-08-30T11:52:02.046+0000] {processor.py:161} INFO - Started process (PID=3286) to work on /opt/airflow/dags/training_pipeline_dag.py
[2026-08-30T11:52:02.049+0000] {processor.py:830} INFO - Processing file /opt/airflow/dags/training_pipeline_dag.py for tasks to queue
[2026-08-30T11:52:02.054+0000] {logging_mixin.py:188} INFO - [2026-08-30T11:52:02.053+0000] {dagbag.py:545} INFO - Filling up the DagBag from /opt/airflow/dags/training_pipeline_dag.py
[2026-08-30T11:52:03.701+0000] {processor.py:840} INFO - DAG(s) 'training_pipeline' retrieved from /opt/airflow/dags/training_pipeline_dag.py
[2026-08-30T11:52:03.753+0000] {logging_mixin.py:188} INFO - [2026-08-30T11:52:03.752+0000] {dag.py:3089} INFO - Sync 1 DAGs
[2026-08-30T11:52:03.796+0000] {logging_mixin.py:188} INFO - [2026-08-30T11:52:03.796+0000] {dag.py:3947} INFO - Setting next_dagrun for training_pipeline to 2026-08-30 00:00:00+00:00, run_after=2026-08-31 00:00:00+00:00
[2026-08-30T11:52:03.868+0000] {processor.py:183} INFO - Processing /opt/airflow/dags/training_pipeline_dag.py took 1.842 seconds
[2026-08-30T11:52:34.453+0000] {processor.py:161} INFO - Started process (PID=3316) to work on /opt/airflow/dags/training_pipeline_dag.py
[2026-08-30T11:52:34.456+0000] {processor.py:830} INFO - Processing file /opt/airflow/dags/training_pipeline_dag.py for tasks to queue
[2026-08-30T11:52:34.461+0000] {logging_mixin.py:188} INFO - [2026-08-30T11:52:34.459+0000] {dagbag.py:545} INFO - Filling up the DagBag from /opt/airflow/dags/training_pipeline_dag.py
[2026-08-30T11:52:36.349+0000] {processor.py:840} INFO - DAG(s) 'training_pipeline' retrieved from /opt/airflow/dags/training_pipeline_dag.py
[2026-08-30T11:52:36.409+0000] {logging_mixin.py:188} INFO - [2026-08-30T11:52:36.408+0000] {dag.py:3089} INFO - Sync 1 DAGs
[2026-08-30T11:52:36.464+0000] {logging_mixin.py:188} INFO - [2026-08-30T11:52:36.463+0000] {dag.py:3947} INFO - Setting next_dagrun for training_pipeline to 2026-08-30 00:00:00+00:00, run_after=2026-08-31 00:00:00+00:00
[2026-08-30T11:52:36.509+0000] {processor.py:183} INFO - Processing /opt/airflow/dags/training_pipeline_dag.py took 2.075 seconds
[2026-08-30T11:53:07.475+0000] {processor.py:161} INFO - Started process (PID=3346) to work on /opt/airflow/dags/training_pipeline_dag.py
[2026-08-30T11:53:07.478+0000] {processor.py:830} INFO - Processing file /opt/airflow/dags/training_pipeline_dag.py for tasks to queue
[2026-08-30T11:53:07.483+0000] {logging_mixin.py:188} INFO - [2026-08-30T11:53:07.482+0000] {dagbag.py:545} INFO - Filling up the DagBag from /opt/airflow/dags/training_pipeline_dag.py
[2026-08-30T11:53:09.077+0000] {processor.py:840} INFO - DAG(s) 'training_pipeline' retrieved from /opt/airflow/dags/training_pipeline_dag.py
[2026-08-30T11:53:09.125+0000] {logging_mixin.py:188} INFO - [2026-08-30T11:53:09.124+0000] {dag.py:3089} INFO - Sync 1 DAGs
[2026-08-30T11:53:09.160+0000] {logging_mixin.py:188} INFO - [2026-08-30T11:53:09.160+0000] {dag.py:3947} INFO - Setting next_dagrun for training_pipeline to 2026-08-30 00:00:00+00:00, run_after=2026-08-31 00:00:00+00:00
[2026-08-30T11:53:09.195+0000] {processor.py:183} INFO - Processing /opt/airflow/dags/training_pipeline_dag.py took 1.740 seconds
[2026-08-30T11:53:40.215+0000] {processor.py:161} INFO - Started process (PID=3376) to work on /opt/airflow/dags/training_pipeline_dag.py
[2026-08-30T11:53:40.217+0000] {processor.py:830} INFO - Processing file /opt/airflow/dags/training_pipeline_dag.py for tasks to queue
[2026-08-30T11:53:40.223+0000] {logging_mixin.py:188} INFO - [2026-08-30T11:53:40.222+0000] {dagbag.py:545} INFO - Filling up the DagBag from /opt/airflow/dags/training_pipeline_dag.py
[2026-08-30T11:53:42.126+0000] {processor.py:840} INFO - DAG(s) 'training_pipeline' retrieved from /opt/airflow/dags/training_pipeline_dag.py
[2026-08-30T11:53:42.178+0000] {logging_mixin.py:188} INFO - [2026-08-30T11:53:42.177+0000] {dag.py:3089} INFO - Sync 1 DAGs
[2026-08-30T11:53:42.220+0000] {logging_mixin.py:188} INFO - [2026-08-30T11:53:42.219+0000] {dag.py:3947} INFO - Setting next_dagrun for training_pipeline to 2026-08-30 00:00:00+00:00, run_after=2026-08-31 00:00:00+00:00
[2026-08-30T11:53:42.261+0000] {processor.py:183} INFO - Processing /opt/airflow/dags/training_pipeline_dag.py took 2.061 seconds
[2026-08-30T11:54:12.702+0000] {processor.py:161} INFO - Started process (PID=3406) to work on /opt/airflow/dags/training_pipeline_dag.py
[2026-08-30T11:54:12.705+0000] {processor.py:830} INFO - Processing file /opt/airflow/dags/training_pipeline_dag.py for tasks to queue
[2026-08-30T11:54:12.709+0000] {logging_mixin.py:188} INFO - [2026-08-30T11:54:12.709+0000] {dagbag.py:545} INFO - Filling up the DagBag from /opt/airflow/dags/training_pipeline_dag.py
[2026-08-30T11:54:14.434+0000] {processor.py:840} INFO - DAG(s) 'training_pipeline' retrieved from /opt/airflow/dags/training_pipeline_dag.py
[2026-08-30T11:54:14.488+0000] {logging_mixin.py:188} INFO - [2026-08-30T11:54:14.487+0000] {dag.py:3089} INFO - Sync 1 DAGs
[2026-08-30T11:54:14.527+0000] {logging_mixin.py:188} INFO - [2026-08-30T11:54:14.527+0000] {dag.py:3947} INFO - Setting next_dagrun for training_pipeline to 2026-08-30 00:00:00+00:00, run_after=2026-08-31 00:00:00+00:00
[2026-08-30T11:54:14.568+0000] {processor.py:183} INFO - Processing /opt/airflow/dags/training_pipeline_dag.py took 1.883 seconds
[2026-08-30T11:54:45.637+0000] {processor.py:161} INFO - Started process (PID=3436) to work on /opt/airflow/dags/training_pipeline_dag.py
[2026-08-30T11:54:45.640+0000] {processor.py:830} INFO - Processing file /opt/airflow/dags/training_pipeline_dag.py for tasks to queue
[2026-08-30T11:54:45.644+0000] {logging_mixin.py:188} INFO - [2026-08-30T11:54:45.644+0000] {dagbag.py:545} INFO - Filling up the DagBag from /opt/airflow/dags/training_pipeline_dag.py
[2026-08-30T11:54:47.318+0000] {processor.py:840} INFO - DAG(s) 'training_pipeline' retrieved from /opt/airflow/dags/training_pipeline_dag.py
[2026-08-30T11:54:47.366+0000] {logging_mixin.py:188} INFO - [2026-08-30T11:54:47.365+0000] {dag.py:3089} INFO - Sync 1 DAGs
[2026-08-30T11:54:47.407+0000] {logging_mixin.py:188} INFO - [2026-08-30T11:54:47.406+0000] {dag.py:3947} INFO - Setting next_dagrun for training_pipeline to 2026-08-30 00:00:00+00:00, run_after=2026-08-31 00:00:00+00:00
[2026-08-30T11:54:47.443+0000] {processor.py:183} INFO - Processing /opt/airflow/dags/training_pipeline_dag.py took 1.822 seconds
[2026-08-30T11:55:17.836+0000] {processor.py:161} INFO - Started process (PID=3466) to work on /opt/airflow/dags/training_pipeline_dag.py
[2026-08-30T11:55:17.839+0000] {processor.py:830} INFO - Processing file /opt/airflow/dags/training_pipeline_dag.py for tasks to queue
[2026-08-30T11:55:17.844+0000] {logging_mixin.py:188} INFO - [2026-08-30T11:55:17.843+0000] {dagbag.py:545} INFO - Filling up the DagBag from /opt/airflow/dags/training_pipeline_dag.py
[2026-08-30T11:55:19.647+0000] {processor.py:840} INFO - DAG(s) 'training_pipeline' retrieved from /opt/airflow/dags/training_pipeline_dag.py
[2026-08-30T11:55:19.700+0000] {logging_mixin.py:188} INFO - [2026-08-30T11:55:19.700+0000] {dag.py:3089} INFO - Sync 1 DAGs
[2026-08-30T11:55:19.744+0000] {logging_mixin.py:188} INFO - [2026-08-30T11:55:19.743+0000] {dag.py:3947} INFO - Setting next_dagrun for training_pipeline to 2026-08-30 00:00:00+00:00, run_after=2026-08-31 00:00:00+00:00
[2026-08-30T11:55:19.784+0000] {processor.py:183} INFO - Processing /opt/airflow/dags/training_pipeline_dag.py took 1.965 seconds
[2026-08-30T11:55:50.205+0000] {processor.py:161} INFO - Started process (PID=3496) to work on /opt/airflow/dags/training_pipeline_dag.py
[2026-08-30T11:55:50.209+0000] {processor.py:830} INFO - Processing file /opt/airflow/dags/training_pipeline_dag.py for tasks to queue
[2026-08-30T11:55:50.217+0000] {logging_mixin.py:188} INFO - [2026-08-30T11:55:50.216+0000] {dagbag.py:545} INFO - Filling up the DagBag from /opt/airflow/dags/training_pipeline_dag.py
[2026-08-30T11:55:52.142+0000] {processor.py:840} INFO - DAG(s) 'training_pipeline' retrieved from /opt/airflow/dags/training_pipeline_dag.py
[2026-08-30T11:55:52.214+0000] {logging_mixin.py:188} INFO - [2026-08-30T11:55:52.213+0000] {dag.py:3089} INFO - Sync 1 DAGs
[2026-08-30T11:55:52.278+0000] {logging_mixin.py:188} INFO - [2026-08-30T11:55:52.277+0000] {dag.py:3947} INFO - Setting next_dagrun for training_pipeline to 2026-08-30 00:00:00+00:00, run_after=2026-08-31 00:00:00+00:00
[2026-08-30T11:55:52.328+0000] {processor.py:183} INFO - Processing /opt/airflow/dags/training_pipeline_dag.py took 2.154 seconds
[2026-08-30T11:56:22.873+0000] {processor.py:161} INFO - Started process (PID=3526) to work on /opt/airflow/dags/training_pipeline_dag.py
[2026-08-30T11:56:22.875+0000] {processor.py:830} INFO - Processing file /opt/airflow/dags/training_pipeline_dag.py for tasks to queue
[2026-08-30T11:56:22.880+0000] {logging_mixin.py:188} INFO - [2026-08-30T11:56:22.880+0000] {dagbag.py:545} INFO - Filling up the DagBag from /opt/airflow/dags/training_pipeline_dag.py
[2026-08-30T11:56:24.568+0000] {processor.py:840} INFO - DAG(s) 'training_pipeline' retrieved from /opt/airflow/dags/training_pipeline_dag.py
[2026-08-30T11:56:24.618+0000] {logging_mixin.py:188} INFO - [2026-08-30T11:56:24.617+0000] {dag.py:3089} INFO - Sync 1 DAGs
[2026-08-30T11:56:24.662+0000] {logging_mixin.py:188} INFO - [2026-08-30T11:56:24.661+0000] {dag.py:3947} INFO - Setting next_dagrun for training_pipeline to 2026-08-30 00:00:00+00:00, run_after=2026-08-31 00:00:00+00:00
[2026-08-30T11:56:24.699+0000] {processor.py:183} INFO - Processing /opt/airflow/dags/training_pipeline_dag.py took 1.846 seconds
[2026-08-30T11:56:55.461+0000] {processor.py:161} INFO - Started process (PID=3556) to work on /opt/airflow/dags/training_pipeline_dag.py
[2026-08-30T11:56:55.464+0000] {processor.py:830} INFO - Processing file /opt/airflow/dags/training_pipeline_dag.py for tasks to queue
[2026-08-30T11:56:55.470+0000] {logging_mixin.py:188} INFO - [2026-08-30T11:56:55.469+0000] {dagbag.py:545} INFO - Filling up the DagBag from /opt/airflow/dags/training_pipeline_dag.py
[2026-08-30T11:56:57.253+0000] {processor.py:840} INFO - DAG(s) 'training_pipeline' retrieved from /opt/airflow/dags/training_pipeline_dag.py
[2026-08-30T11:56:57.304+0000] {logging_mixin.py:188} INFO - [2026-08-30T11:56:57.302+0000] {dag.py:3089} INFO - Sync 1 DAGs
[2026-08-30T11:56:57.343+0000] {logging_mixin.py:188} INFO - [2026-08-30T11:56:57.342+0000] {dag.py:3947} INFO - Setting next_dagrun for training_pipeline to 2026-08-30 00:00:00+00:00, run_after=2026-08-31 00:00:00+00:00
[2026-08-30T11:56:57.381+0000] {processor.py:183} INFO - Processing /opt/airflow/dags/training_pipeline_dag.py took 1.938 seconds
[2026-08-30T11:57:28.138+0000] {processor.py:161} INFO - Started process (PID=3586) to work on /opt/airflow/dags/training_pipeline_dag.py
[2026-08-30T11:57:28.141+0000] {processor.py:830} INFO - Processing file /opt/airflow/dags/training_pipeline_dag.py for tasks to queue
[2026-08-30T11:57:28.147+0000] {logging_mixin.py:188} INFO - [2026-08-30T11:57:28.146+0000] {dagbag.py:545} INFO - Filling up the DagBag from /opt/airflow/dags/training_pipeline_dag.py
[2026-08-30T11:57:29.888+0000] {processor.py:840} INFO - DAG(s) 'training_pipeline' retrieved from /opt/airflow/dags/training_pipeline_dag.py
[2026-08-30T11:57:29.955+0000] {logging_mixin.py:188} INFO - [2026-08-30T11:57:29.954+0000] {dag.py:3089} INFO - Sync 1 DAGs
[2026-08-30T11:57:30.010+0000] {logging_mixin.py:188} INFO - [2026-08-30T11:57:30.010+0000] {dag.py:3947} INFO - Setting next_dagrun for training_pipeline to 2026-08-30 00:00:00+00:00, run_after=2026-08-31 00:00:00+00:00
[2026-08-30T11:57:30.056+0000] {processor.py:183} INFO - Processing /opt/airflow/dags/training_pipeline_dag.py took 1.941 seconds
[2026-08-30T11:58:00.952+0000] {processor.py:161} INFO - Started process (PID=3616) to work on /opt/airflow/dags/training_pipeline_dag.py
[2026-08-30T11:58:00.954+0000] {processor.py:830} INFO - Processing file /opt/airflow/dags/training_pipeline_dag.py for tasks to queue
[2026-08-30T11:58:00.960+0000] {logging_mixin.py:188} INFO - [2026-08-30T11:58:00.959+0000] {dagbag.py:545} INFO - Filling up the DagBag from /opt/airflow/dags/training_pipeline_dag.py
[2026-08-30T11:58:02.798+0000] {processor.py:840} INFO - DAG(s) 'training_pipeline' retrieved from /opt/airflow/dags/training_pipeline_dag.py
[2026-08-30T11:58:02.848+0000] {logging_mixin.py:188} INFO - [2026-08-30T11:58:02.847+0000] {dag.py:3089} INFO - Sync 1 DAGs
[2026-08-30T11:58:02.884+0000] {logging_mixin.py:188} INFO - [2026-08-30T11:58:02.884+0000] {dag.py:3947} INFO - Setting next_dagrun for training_pipeline to 2026-08-30 00:00:00+00:00, run_after=2026-08-31 00:00:00+00:00
[2026-08-30T11:58:02.920+0000] {processor.py:183} INFO - Processing /opt/airflow/dags/training_pipeline_dag.py took 1.987 seconds
[2026-08-30T11:58:33.743+0000] {processor.py:161} INFO - Started process (PID=3644) to work on /opt/airflow/dags/training_pipeline_dag.py
[2026-08-30T11:58:33.745+0000] {processor.py:830} INFO - Processing file /opt/airflow/dags/training_pipeline_dag.py for tasks to queue
[2026-08-30T11:58:33.754+0000] {logging_mixin.py:188} INFO - [2026-08-30T11:58:33.753+0000] {dagbag.py:545} INFO - Filling up the DagBag from /opt/airflow/dags/training_pipeline_dag.py
[2026-08-30T11:58:33.240+0000] {processor.py:840} INFO - DAG(s) 'training_pipeline' retrieved from /opt/airflow/dags/training_pipeline_dag.py
[2026-08-30T11:58:33.289+0000] {logging_mixin.py:188} INFO - [2026-08-30T11:58:33.289+0000] {dag.py:3089} INFO - Sync 1 DAGs
[2026-08-30T11:58:33.328+0000] {logging_mixin.py:188} INFO - [2026-08-30T11:58:33.328+0000] {dag.py:3947} INFO - Setting next_dagrun for training_pipeline to 2026-08-30 00:00:00+00:00, run_after=2026-08-31 00:00:00+00:00
[2026-08-30T11:58:33.369+0000] {processor.py:183} INFO - Processing /opt/airflow/dags/training_pipeline_dag.py took 1.928 seconds
[2026-08-30T11:59:03.554+0000] {processor.py:161} INFO - Started process (PID=3661) to work on /opt/airflow/dags/training_pipeline_dag.py
[2026-08-30T11:59:03.557+0000] {processor.py:830} INFO - Processing file /opt/airflow/dags/training_pipeline_dag.py for tasks to queue
[2026-08-30T11:59:03.561+0000] {logging_mixin.py:188} INFO - [2026-08-30T11:59:03.560+0000] {dagbag.py:545} INFO - Filling up the DagBag from /opt/airflow/dags/training_pipeline_dag.py
[2026-08-30T11:59:05.518+0000] {processor.py:840} INFO - DAG(s) 'training_pipeline' retrieved from /opt/airflow/dags/training_pipeline_dag.py
[2026-08-30T11:59:05.572+0000] {logging_mixin.py:188} INFO - [2026-08-30T11:59:05.571+0000] {dag.py:3089} INFO - Sync 1 DAGs
[2026-08-30T11:59:05.616+0000] {logging_mixin.py:188} INFO - [2026-08-30T11:59:05.616+0000] {dag.py:3947} INFO - Setting next_dagrun for training_pipeline to 2026-08-30 00:00:00+00:00, run_after=2026-08-31 00:00:00+00:00
[2026-08-30T11:59:05.654+0000] {processor.py:183} INFO - Processing /opt/airflow/dags/training_pipeline_dag.py took 2.119 seconds
[2026-08-30T11:59:36.322+0000] {processor.py:161} INFO - Started process (PID=3688) to work on /opt/airflow/dags/training_pipeline_dag.py
[2026-08-30T11:59:36.324+0000] {processor.py:830} INFO - Processing file /opt/airflow/dags/training_pipeline_dag.py for tasks to queue
[2026-08-30T11:59:36.329+0000] {logging_mixin.py:188} INFO - [2026-08-30T11:59:36.328+0000] {dagbag.py:545} INFO - Filling up the DagBag from /opt/airflow/dags/training_pipeline_dag.py
[2026-08-30T11:59:38.226+0000] {processor.py:840} INFO - DAG(s) 'training_pipeline' retrieved from /opt/airflow/dags/training_pipeline_dag.py
[2026-08-30T11:59:38.298+0000] {logging_mixin.py:188} INFO - [2026-08-30T11:59:38.298+0000] {dag.py:3089} INFO - Sync 1 DAGs
[2026-08-30T11:59:38.348+0000] {logging_mixin.py:188} INFO - [2026-08-30T11:59:38.348+0000] {dag.py:3947} INFO - Setting next_dagrun for training_pipeline to 2026-08-30 00:00:00+00:00, run_after=2026-08-31 00:00:00+00:00
[2026-08-30T11:59:38.389+0000] {processor.py:183} INFO - Processing /opt/airflow/dags/training_pipeline_dag.py took 2.082 seconds
[2026-08-30T12:00:08.983+0000] {processor.py:161} INFO - Started process (PID=3721) to work on /opt/airflow/dags/training_pipeline_dag.py
[2026-08-30T12:00:08.986+0000] {processor.py:830} INFO - Processing file /opt/airflow/dags/training_pipeline_dag.py for tasks to queue
[2026-08-30T12:00:08.997+0000] {logging_mixin.py:188} INFO - [2026-08-30T12:00:08.996+0000] {dagbag.py:545} INFO - Filling up the DagBag from /opt/airflow/dags/training_pipeline_dag.py
[2026-08-30T12:00:10.927+0000] {processor.py:840} INFO - DAG(s) 'training_pipeline' retrieved from /opt/airflow/dags/training_pipeline_dag.py
[2026-08-30T12:00:10.989+0000] {logging_mixin.py:188} INFO - [2026-08-30T12:00:10.988+0000] {dag.py:3089} INFO - Sync 1 DAGs
[2026-08-30T12:00:11.035+0000] {logging_mixin.py:188} INFO - [2026-08-30T12:00:11.035+0000] {dag.py:3947} INFO - Setting next_dagrun for training_pipeline to 2026-08-30 00:00:00+00:00, run_after=2026-08-31 00:00:00+00:00
[2026-08-30T12:00:11.076+0000] {processor.py:183} INFO - Processing /opt/airflow/dags/training_pipeline_dag.py took 2.123 seconds
[2026-08-30T12:00:41.629+0000] {processor.py:161} INFO - Started process (PID=3773) to work on /opt/airflow/dags/training_pipeline_dag.py
[2026-08-30T12:00:41.633+0000] {processor.py:830} INFO - Processing file /opt/airflow/dags/training_pipeline_dag.py for tasks to queue
[2026-08-30T12:00:41.644+0000] {logging_mixin.py:188} INFO - [2026-08-30T12:00:41.643+0000] {dagbag.py:545} INFO - Filling up the DagBag from /opt/airflow/dags/training_pipeline_dag.py
[2026-08-30T12:00:43.666+0000] {processor.py:840} INFO - DAG(s) 'training_pipeline' retrieved from /opt/airflow/dags/training_pipeline_dag.py
[2026-08-30T12:00:43.718+0000] {logging_mixin.py:188} INFO - [2026-08-30T12:00:43.717+0000] {dag.py:3089} INFO - Sync 1 DAGs
[2026-08-30T12:00:43.766+0000] {logging_mixin.py:188} INFO - [2026-08-30T12:00:43.766+0000] {dag.py:3947} INFO - Setting next_dagrun for training_pipeline to 2026-08-30 00:00:00+00:00, run_after=2026-08-31 00:00:00+00:00
[2026-08-30T12:00:43.804+0000] {processor.py:183} INFO - Processing /opt/airflow/dags/training_pipeline_dag.py took 2.217 seconds
[2026-08-30T12:01:14.046+0000] {processor.py:161} INFO - Started process (PID=3803) to work on /opt/airflow/dags/training_pipeline_dag.py
[2026-08-30T12:01:14.049+0000] {processor.py:830} INFO - Processing file /opt/airflow/dags/training_pipeline_dag.py for tasks to queue
[2026-08-30T12:01:14.054+0000] {logging_mixin.py:188} INFO - [2026-08-30T12:01:14.053+0000] {dagbag.py:545} INFO - Filling up the DagBag from /opt/airflow/dags/training_pipeline_dag.py
[2026-08-30T12:01:15.809+0000] {processor.py:840} INFO - DAG(s) 'training_pipeline' retrieved from /opt/airflow/dags/training_pipeline_dag.py
[2026-08-30T12:01:15.874+0000] {logging_mixin.py:188} INFO - [2026-08-30T12:01:15.873+0000] {dag.py:3089} INFO - Sync 1 DAGs
[2026-08-30T12:01:15.933+0000] {logging_mixin.py:188} INFO - [2026-08-30T12:01:15.933+0000] {dag.py:3947} INFO - Setting next_dagrun for training_pipeline to 2026-08-30 00:00:00+00:00, run_after=2026-08-31 00:00:00+00:00
[2026-08-30T12:01:15.980+0000] {processor.py:183} INFO - Processing /opt/airflow/dags/training_pipeline_dag.py took 1.954 seconds
[2026-08-30T12:01:46.523+0000] {processor.py:161} INFO - Started process (PID=3867) to work on /opt/airflow/dags/training_pipeline_dag.py
[2026-08-30T12:01:46.526+0000] {processor.py:830} INFO - Processing file /opt/airflow/dags/training_pipeline_dag.py for tasks to queue
[2026-08-30T12:01:46.533+0000] {logging_mixin.py:188} INFO - [2026-08-30T12:01:46.531+0000] {dagbag.py:545} INFO - Filling up the DagBag from /opt/airflow/dags/training_pipeline_dag.py
[2026-08-30T12:01:49.520+0000] {processor.py:840} INFO - DAG(s) 'training_pipeline' retrieved from /opt/airflow/dags/training_pipeline_dag.py
[2026-08-30T12:01:49.569+0000] {logging_mixin.py:188} INFO - [2026-08-30T12:01:49.568+0000] {dag.py:3089} INFO - Sync 1 DAGs
[2026-08-30T12:01:49.604+0000] {logging_mixin.py:188} INFO - [2026-08-30T12:01:49.604+0000] {dag.py:3947} INFO - Setting next_dagrun for training_pipeline to 2026-08-30 00:00:00+00:00, run_after=2026-08-31 00:00:00+00:00
[2026-08-30T12:01:49.641+0000] {processor.py:183} INFO - Processing /opt/airflow/dags/training_pipeline_dag.py took 1.910 seconds
[2026-08-30T12:02:19.843+0000] {processor.py:161} INFO - Started process (PID=3897) to work on /opt/airflow/dags/training_pipeline_dag.py
[2026-08-30T12:02:19.846+0000] {processor.py:830} INFO - Processing file /opt/airflow/dags/training_pipeline_dag.py for tasks to queue
[2026-08-30T12:02:19.853+0000] {logging_mixin.py:188} INFO - [2026-08-30T12:02:19.852+0000] {dagbag.py:545} INFO - Filling up the DagBag from /opt/airflow/dags/training_pipeline_dag.py
[2026-08-30T12:02:21.691+0000] {processor.py:840} INFO - DAG(s) 'training_pipeline' retrieved from /opt/airflow/dags/training_pipeline_dag.py
[2026-08-30T12:02:21.747+0000] {logging_mixin.py:188} INFO - [2026-08-30T12:02:21.746+0000] {dag.py:3089} INFO - Sync 1 DAGs
[2026-08-30T12:02:21.784+0000] {logging_mixin.py:188} INFO - [2026-08-30T12:02:21.784+0000] {dag.py:3947} INFO - Setting next_dagrun for training_pipeline to 2026-08-30 00:00:00+00:00, run_after=2026-08-31 00:00:00+00:00
[2026-08-30T12:02:21.824+0000] {processor.py:183} INFO - Processing /opt/airflow/dags/training_pipeline_dag.py took 1.999 seconds
[2026-08-30T12:02:52.757+0000] {processor.py:161} INFO - Started process (PID=3976) to work on /opt/airflow/dags/training_pipeline_dag.py
[2026-08-30T12:02:52.766+0000] {processor.py:830} INFO - Processing file /opt/airflow/dags/training_pipeline_dag.py for tasks to queue
[2026-08-30T12:02:52.789+0000] {logging_mixin.py:188} INFO - [2026-08-30T12:02:52.785+0000] {dagbag.py:545} INFO - Filling up the DagBag from /opt/airflow/dags/training_pipeline_dag.py
[2026-08-30T12:02:54.603+0000] {processor.py:840} INFO - DAG(s) 'training_pipeline' retrieved from /opt/airflow/dags/training_pipeline_dag.py
[2026-08-30T12:02:54.663+0000] {logging_mixin.py:188} INFO - [2026-08-30T12:02:54.662+0000] {dag.py:3089} INFO - Sync 1 DAGs
[2026-08-30T12:02:54.705+0000] {logging_mixin.py:188} INFO - [2026-08-30T12:02:54.704+0000] {dag.py:3947} INFO - Setting next_dagrun for training_pipeline to 2026-08-30 00:00:00+00:00, run_after=2026-08-31 00:00:00+00:00
[2026-08-30T12:02:54.746+0000] {processor.py:183} INFO - Processing /opt/airflow/dags/training_pipeline_dag.py took 2.057 seconds
[2026-08-30T12:03:25.331+0000] {processor.py:161} INFO - Started process (PID=4025) to work on /opt/airflow/dags/training_pipeline_dag.py
[2026-08-30T12:03:25.334+0000] {processor.py:830} INFO - Processing file /opt/airflow/dags/training_pipeline_dag.py for tasks to queue
[2026-08-30T12:03:25.339+0000] {logging_mixin.py:188} INFO - [2026-08-30T12:03:25.338+0000] {dagbag.py:545} INFO - Filling up the DagBag from /opt/airflow/dags/training_pipeline_dag.py
[2026-08-30T12:03:27.233+0000] {processor.py:840} INFO - DAG(s) 'training_pipeline' retrieved from /opt/airflow/dags/training_pipeline_dag.py
[2026-08-30T12:03:27.291+0000] {logging_mixin.py:188} INFO - [2026-08-30T12:03:27.290+0000] {dag.py:3089} INFO - Sync 1 DAGs
[2026-08-30T12:03:27.345+0000] {logging_mixin.py:188} INFO - [2026-08-30T12:03:27.345+0000] {dag.py:3947} INFO - Setting next_dagrun for training_pipeline to 2026-08-30 00:00:00+00:00, run_after=2026-08-31 00:00:00+00:00
[2026-08-30T12:03:27.384+0000] {processor.py:183} INFO - Processing /opt/airflow/dags/training_pipeline_dag.py took 2.077 seconds
[2026-08-30T12:03:58.009+0000] {processor.py:161} INFO - Started process (PID=4055) to work on /opt/airflow/dags/training_pipeline_dag.py
[2026-08-30T12:03:58.012+0000] {processor.py:830} INFO - Processing file /opt/airflow/dags/training_pipeline_dag.py for tasks to queue
[2026-08-30T12:03:58.017+0000] {logging_mixin.py:188} INFO - [2026-08-30T12:03:58.016+0000] {dagbag.py:545} INFO - Filling up the DagBag from /opt/airflow/dags/training_pipeline_dag.py
[2026-08-30T12:03:59.712+0000] {processor.py:840} INFO - DAG(s) 'training_pipeline' retrieved from /opt/airflow/dags/training_pipeline_dag.py
[2026-08-30T12:03:59.770+0000] {logging_mixin.py:188} INFO - [2026-08-30T12:03:59.769+0000] {dag.py:3089} INFO - Sync 1 DAGs
[2026-08-30T12:03:59.815+0000] {logging_mixin.py:188} INFO - [2026-08-30T12:03:59.815+0000] {dag.py:3947} INFO - Setting next_dagrun for training_pipeline to 2026-08-30 00:00:00+00:00, run_after=2026-08-31 00:00:00+00:00
[2026-08-30T12:03:59.852+0000] {processor.py:183} INFO - Processing /opt/airflow/dags/training_pipeline_dag.py took 1.863 seconds
[2026-08-30T12:04:30.225+0000] {processor.py:161} INFO - Started process (PID=4085) to work on /opt/airflow/dags/training_pipeline_dag.py
[2026-08-30T12:04:30.228+0000] {processor.py:830} INFO - Processing file /opt/airflow/dags/training_pipeline_dag.py for tasks to queue
[2026-08-30T12:04:30.232+0000] {logging_mixin.py:188} INFO - [2026-08-30T12:04:30.232+0000] {dagbag.py:545} INFO - Filling up the DagBag from /opt/airflow/dags/training_pipeline_dag.py
[2026-08-30T12:04:31.921+0000] {processor.py:840} INFO - DAG(s) 'training_pipeline' retrieved from /opt/airflow/dags/training_pipeline_dag.py
[2026-08-30T12:04:31.973+0000] {logging_mixin.py:188} INFO - [2026-08-30T12:04:31.972+0000] {dag.py:3089} INFO - Sync 1 DAGs
[2026-08-30T12:04:32.010+0000] {logging_mixin.py:188} INFO - [2026-08-30T12:04:32.010+0000] {dag.py:3947} INFO - Setting next_dagrun for training_pipeline to 2026-08-30 00:00:00+00:00, run_after=2026-08-31 00:00:00+00:00
[2026-08-30T12:04:32.050+0000] {processor.py:183} INFO - Processing /opt/airflow/dags/training_pipeline_dag.py took 1.841 seconds
[2026-08-30T12:53:42.741+0000] {processor.py:161} INFO - Started process (PID=4095) to work on /opt/airflow/dags/training_pipeline_dag.py
[2026-08-30T12:53:42.743+0000] {processor.py:830} INFO - Processing file /opt/airflow/dags/training_pipeline_dag.py for tasks to queue
[2026-08-30T12:53:42.747+0000] {logging_mixin.py:188} INFO - [2026-08-30T12:53:42.746+0000] {dagbag.py:545} INFO - Filling up the DagBag from /opt/airflow/dags/training_pipeline_dag.py
[2026-08-30T12:53:45.325+0000] {processor.py:840} INFO - DAG(s) 'training_pipeline' retrieved from /opt/airflow/dags/training_pipeline_dag.py
[2026-08-30T12:53:45.379+0000] {logging_mixin.py:188} INFO - [2026-08-30T12:53:45.378+0000] {dag.py:3089} INFO - Sync 1 DAGs
[2026-08-30T12:53:45.439+0000] {logging_mixin.py:188} INFO - [2026-08-30T12:53:45.439+0000] {dag.py:3947} INFO - Setting next_dagrun for training_pipeline to 2026-08-30 00:00:00+00:00, run_after=2026-08-31 00:00:00+00:00
[2026-08-30T12:53:45.651+0000] {processor.py:183} INFO - Processing /opt/airflow/dags/training_pipeline_dag.py took 2.926 seconds
[2026-08-30T12:54:15.940+0000] {processor.py:161} INFO - Started process (PID=4123) to work on /opt/airflow/dags/training_pipeline_dag.py
[2026-08-30T12:54:15.944+0000] {processor.py:830} INFO - Processing file /opt/airflow/dags/training_pipeline_dag.py for tasks to queue
[2026-08-30T12:54:15.948+0000] {logging_mixin.py:188} INFO - [2026-08-30T12:54:15.948+0000] {dagbag.py:545} INFO - Filling up the DagBag from /opt/airflow/dags/training_pipeline_dag.py
[2026-08-30T12:54:21.282+0000] {processor.py:840} INFO - DAG(s) 'training_pipeline' retrieved from /opt/airflow/dags/training_pipeline_dag.py
[2026-08-30T12:54:21.397+0000] {logging_mixin.py:188} INFO - [2026-08-30T12:54:21.396+0000] {dag.py:3089} INFO - Sync 1 DAGs
[2026-08-30T12:54:21.453+0000] {logging_mixin.py:188} INFO - [2026-08-30T12:54:21.453+0000] {dag.py:3947} INFO - Setting next_dagrun for training_pipeline to 2026-08-30 00:00:00+00:00, run_after=2026-08-31 00:00:00+00:00
[2026-08-30T12:54:21.515+0000] {processor.py:183} INFO - Processing /opt/airflow/dags/training_pipeline_dag.py took 5.607 seconds
[2026-08-30T12:54:51.843+0000] {processor.py:161} INFO - Started process (PID=4155) to work on /opt/airflow/dags/training_pipeline_dag.py
[2026-08-30T12:54:51.845+0000] {processor.py:830} INFO - Processing file /opt/airflow/dags/training_pipeline_dag.py for tasks to queue
[2026-08-30T12:54:51.850+0000] {logging_mixin.py:188} INFO - [2026-08-30T12:54:51.849+0000] {dagbag.py:545} INFO - Filling up the DagBag from /opt/airflow/dags/training_pipeline_dag.py
[2026-08-30T12:54:53.076+0000] {processor.py:840} INFO - DAG(s) 'training_pipeline' retrieved from /opt/airflow/dags/training_pipeline_dag.py
[2026-08-30T12:54:53.116+0000] {logging_mixin.py:188} INFO - [2026-08-30T12:54:53.116+0000] {dag.py:3089} INFO - Sync 1 DAGs
[2026-08-30T12:54:53.148+0000] {logging_mixin.py:188} INFO - [2026-08-30T12:54:53.148+0000] {dag.py:3947} INFO - Setting next_dagrun for training_pipeline to 2026-08-30 00:00:00+00:00, run_after=2026-08-31 00:00:00+00:00
[2026-08-30T12:54:53.179+0000] {processor.py:183} INFO - Processing /opt/airflow/dags/training_pipeline_dag.py took 1.349 seconds
[2026-08-30T12:55:23.430+0000] {processor.py:161} INFO - Started process (PID=4183) to work on /opt/airflow/dags/training_pipeline_dag.py
[2026-08-30T12:55:23.433+0000] {processor.py:830} INFO - Processing file /opt/airflow/dags/training_pipeline_dag.py for tasks to queue
[2026-08-30T12:55:23.439+0000] {logging_mixin.py:188} INFO - [2026-08-30T12:55:23.438+0000] {dagbag.py:545} INFO - Filling up the DagBag from /opt/airflow/dags/training_pipeline_dag.py
[2026-08-30T12:55:24.932+0000] {processor.py:840} INFO - DAG(s) 'training_pipeline' retrieved from /opt/airflow/dags/training_pipeline_dag.py
[2026-08-30T12:55:24.975+0000] {logging_mixin.py:188} INFO - [2026-08-30T12:55:24.974+0000] {dag.py:3089} INFO - Sync 1 DAGs
[2026-08-30T12:55:25.010+0000] {logging_mixin.py:188} INFO - [2026-08-30T12:55:25.009+0000] {dag.py:3947} INFO - Setting next_dagrun for training_pipeline to 2026-08-30 00:00:00+00:00, run_after=2026-08-31 00:00:00+00:00
[2026-08-30T12:55:25.044+0000] {processor.py:183} INFO - Processing /opt/airflow/dags/training_pipeline_dag.py took 1.631 seconds
[2026-08-30T12:55:55.639+0000] {processor.py:161} INFO - Started process (PID=4213) to work on /opt/airflow/dags/training_pipeline_dag.py
[2026-08-30T12:55:55.641+0000] {processor.py:830} INFO - Processing file /opt/airflow/dags/training_pipeline_dag.py for tasks to queue
[2026-08-30T12:55:55.648+0000] {logging_mixin.py:188} INFO - [2026-08-30T12:55:55.647+0000] {dagbag.py:545} INFO - Filling up the DagBag from /opt/airflow/dags/training_pipeline_dag.py
[2026-08-30T12:55:57.387+0000] {processor.py:840} INFO - DAG(s) 'training_pipeline' retrieved from /opt/airflow/dags/training_pipeline_dag.py
[2026-08-30T12:55:57.448+0000] {logging_mixin.py:188} INFO - [2026-08-30T12:55:57.447+0000] {dag.py:3089} INFO - Sync 1 DAGs
[2026-08-30T12:55:57.498+0000] {logging_mixin.py:188} INFO - [2026-08-30T12:55:57.497+0000] {dag.py:3947} INFO - Setting next_dagrun for training_pipeline to 2026-08-30 00:00:00+00:00, run_after=2026-08-31 00:00:00+00:00
[2026-08-30T12:55:57.530+0000] {processor.py:183} INFO - Processing /opt/airflow/dags/training_pipeline_dag.py took 1.910 seconds
[2026-08-30T12:56:27.883+0000] {processor.py:161} INFO - Started process (PID=4243) to work on /opt/airflow/dags/training_pipeline_dag.py
[2026-08-30T12:56:27.885+0000] {processor.py:830} INFO - Processing file /opt/airflow/dags/training_pipeline_dag.py for tasks to queue
[2026-08-30T12:56:27.890+0000] {logging_mixin.py:188} INFO - [2026-08-30T12:56:27.889+0000] {dagbag.py:545} INFO - Filling up the DagBag from /opt/airflow/dags/training_pipeline_dag.py
[2026-08-30T12:56:29.577+0000] {processor.py:840} INFO - DAG(s) 'training_pipeline' retrieved from /opt/airflow/dags/training_pipeline_dag.py
[2026-08-30T12:56:29.623+0000] {logging_mixin.py:188} INFO - [2026-08-30T12:56:29.623+0000] {dag.py:3089} INFO - Sync 1 DAGs
[2026-08-30T12:56:29.656+0000] {logging_mixin.py:188} INFO - [2026-08-30T12:56:29.655+0000] {dag.py:3947} INFO - Setting next_dagrun for training_pipeline to 2026-08-30 00:00:00+00:00, run_after=2026-08-31 00:00:00+00:00
[2026-08-30T12:56:29.689+0000] {processor.py:183} INFO - Processing /opt/airflow/dags/training_pipeline_dag.py took 1.824 seconds
[2026-08-30T12:57:00.229+0000] {processor.py:161} INFO - Started process (PID=4273) to work on /opt/airflow/dags/training_pipeline_dag.py
[2026-08-30T12:57:00.231+0000] {processor.py:830} INFO - Processing file /opt/airflow/dags/training_pipeline_dag.py for tasks to queue
[2026-08-30T12:57:00.237+0000] {logging_mixin.py:188} INFO - [2026-08-30T12:57:00.236+0000] {dagbag.py:545} INFO - Filling up the DagBag from /opt/airflow/dags/training_pipeline_dag.py
[2026-08-30T12:57:01.952+0000] {processor.py:840} INFO - DAG(s) 'training_pipeline' retrieved from /opt/airflow/dags/training_pipeline_dag.py
[2026-08-30T12:57:01.998+0000] {logging_mixin.py:188} INFO - [2026-08-30T12:57:01.998+0000] {dag.py:3089} INFO - Sync 1 DAGs
[2026-08-30T12:57:02.032+0000] {logging_mixin.py:188} INFO - [2026-08-30T12:57:02.031+0000] {dag.py:3947} INFO - Setting next_dagrun for training_pipeline to 2026-08-30 00:00:00+00:00, run_after=2026-08-31 00:00:00+00:00
[2026-08-30T12:57:02.062+0000] {processor.py:183} INFO - Processing /opt/airflow/dags/training_pipeline_dag.py took 1.857 seconds
[2026-08-30T12:57:32.263+0000] {processor.py:161} INFO - Started process (PID=4303) to work on /opt/airflow/dags/training_pipeline_dag.py
[2026-08-30T12:57:32.265+0000] {processor.py:830} INFO - Processing file /opt/airflow/dags/training_pipeline_dag.py for tasks to queue
[2026-08-30T12:57:32.269+0000] {logging_mixin.py:188} INFO - [2026-08-30T12:57:32.268+0000] {dagbag.py:545} INFO - Filling up the DagBag from /opt/airflow/dags/training_pipeline_dag.py
[2026-08-30T12:57:33.941+0000] {processor.py:840} INFO - DAG(s) 'training_pipeline' retrieved from /opt/airflow/dags/training_pipeline_dag.py
[2026-08-30T12:57:33.982+0000] {logging_mixin.py:188} INFO - [2026-08-30T12:57:33.981+0000] {dag.py:3089} INFO - Sync 1 DAGs
[2026-08-30T12:57:34.016+0000] {logging_mixin.py:188} INFO - [2026-08-30T12:57:34.016+0000] {dag.py:3947} INFO - Setting next_dagrun for training_pipeline to 2026-08-30 00:00:00+00:00, run_after=2026-08-31 00:00:00+00:00
[2026-08-30T12:57:34.052+0000] {processor.py:183} INFO - Processing /opt/airflow/dags/training_pipeline_dag.py took 1.809 seconds
[2026-08-30T12:59:12.757+0000] {processor.py:161} INFO - Started process (PID=4327) to work on /opt/airflow/dags/training_pipeline_dag.py
[2026-08-30T12:59:12.925+0000] {processor.py:830} INFO - Processing file /opt/airflow/dags/training_pipeline_dag.py for tasks to queue
[2026-08-30T12:59:12.947+0000] {logging_mixin.py:188} INFO - [2026-08-30T12:59:12.946+0000] {dagbag.py:545} INFO - Filling up the DagBag from /opt/airflow/dags/training_pipeline_dag.py
[2026-08-30T12:59:23.611+0000] {processor.py:840} INFO - DAG(s) 'training_pipeline' retrieved from /opt/airflow/dags/training_pipeline_dag.py
[2026-08-30T12:59:23.643+0000] {logging_mixin.py:188} INFO - [2026-08-30T12:59:23.643+0000] {dag.py:3089} INFO - Sync 1 DAGs
[2026-08-30T12:59:23.703+0000] {logging_mixin.py:188} INFO - [2026-08-30T12:59:23.703+0000] {dag.py:3947} INFO - Setting next_dagrun for training_pipeline to 2026-08-30 00:00:00+00:00, run_after=2026-08-31 00:00:00+00:00
[2026-08-30T12:59:23.720+0000] {processor.py:183} INFO - Processing /opt/airflow/dags/training_pipeline_dag.py took 10.975 seconds
[2026-08-30T12:59:53.974+0000] {processor.py:161} INFO - Started process (PID=4357) to work on /opt/airflow/dags/training_pipeline_dag.py
[2026-08-30T12:59:53.975+0000] {processor.py:830} INFO - Processing file /opt/airflow/dags/training_pipeline_dag.py for tasks to queue
[2026-08-30T12:59:53.977+0000] {logging_mixin.py:188} INFO - [2026-08-30T12:59:53.977+0000] {dagbag.py:545} INFO - Filling up the DagBag from /opt/airflow/dags/training_pipeline_dag.py
[2026-08-30T12:59:54.711+0000] {processor.py:840} INFO - DAG(s) 'training_pipeline' retrieved from /opt/airflow/dags/training_pipeline_dag.py
[2026-08-30T12:59:54.748+0000] {logging_mixin.py:188} INFO - [2026-08-30T12:59:54.748+0000] {dag.py:3089} INFO - Sync 1 DAGs
[2026-08-30T12:59:54.816+0000] {logging_mixin.py:188} INFO - [2026-08-30T12:59:54.816+0000] {dag.py:3947} INFO - Setting next_dagrun for training_pipeline to 2026-08-30 00:00:00+00:00, run_after=2026-08-31 00:00:00+00:00
[2026-08-30T12:59:54.836+0000] {processor.py:183} INFO - Processing /opt/airflow/dags/training_pipeline_dag.py took 0.869 seconds
[2026-08-30T13:00:25.209+0000] {processor.py:161} INFO - Started process (PID=4390) to work on /opt/airflow/dags/training_pipeline_dag.py
[2026-08-30T13:00:25.211+0000] {processor.py:830} INFO - Processing file /opt/airflow/dags/training_pipeline_dag.py for tasks to queue
[2026-08-30T13:00:25.214+0000] {logging_mixin.py:188} INFO - [2026-08-30T13:00:25.213+0000] {dagbag.py:545} INFO - Filling up the DagBag from /opt/airflow/dags/training_pipeline_dag.py
[2026-08-30T13:00:26.080+0000] {processor.py:840} INFO - DAG(s) 'training_pipeline' retrieved from /opt/airflow/dags/training_pipeline_dag.py
[2026-08-30T13:00:26.104+0000] {logging_mixin.py:188} INFO - [2026-08-30T13:00:26.104+0000] {dag.py:3089} INFO - Sync 1 DAGs
[2026-08-30T13:00:26.121+0000] {logging_mixin.py:188} INFO - [2026-08-30T13:00:26.121+0000] {dag.py:3947} INFO - Setting next_dagrun for training_pipeline to 2026-08-30 00:00:00+00:00, run_after=2026-08-31 00:00:00+00:00
[2026-08-30T13:00:26.138+0000] {processor.py:183} INFO - Processing /opt/airflow/dags/training_pipeline_dag.py took 0.939 seconds
[2026-08-30T13:00:56.435+0000] {processor.py:161} INFO - Started process (PID=4420) to work on /opt/airflow/dags/training_pipeline_dag.py
[2026-08-30T13:00:56.436+0000] {processor.py:830} INFO - Processing file /opt/airflow/dags/training_pipeline_dag.py for tasks to queue
[2026-08-30T13:00:56.438+0000] {logging_mixin.py:188} INFO - [2026-08-30T13:00:56.438+0000] {dagbag.py:545} INFO - Filling up the DagBag from /opt/airflow/dags/training_pipeline_dag.py
[2026-08-30T13:00:57.295+0000] {processor.py:840} INFO - DAG(s) 'training_pipeline' retrieved from /opt/airflow/dags/training_pipeline_dag.py
[2026-08-30T13:00:57.330+0000] {logging_mixin.py:188} INFO - [2026-08-30T13:00:57.329+0000] {dag.py:3089} INFO - Sync 1 DAGs
[2026-08-30T13:00:57.350+0000] {logging_mixin.py:188} INFO - [2026-08-30T13:00:57.350+0000] {dag.py:3947} INFO - Setting next_dagrun for training_pipeline to 2026-08-30 00:00:00+00:00, run_after=2026-08-31 00:00:00+00:00
[2026-08-30T13:00:57.372+0000] {processor.py:183} INFO - Processing /opt/airflow/dags/training_pipeline_dag.py took 0.946 seconds
[2026-08-30T13:01:27.476+0000] {processor.py:161} INFO - Started process (PID=4450) to work on /opt/airflow/dags/training_pipeline_dag.py
[2026-08-30T13:01:27.477+0000] {processor.py:830} INFO - Processing file /opt/airflow/dags/training_pipeline_dag.py for tasks to queue
[2026-08-30T13:01:27.479+0000] {logging_mixin.py:188} INFO - [2026-08-30T13:01:27.479+0000] {dagbag.py:545} INFO - Filling up the DagBag from /opt/airflow/dags/training_pipeline_dag.py
[2026-08-30T13:01:28.209+0000] {processor.py:840} INFO - DAG(s) 'training_pipeline' retrieved from /opt/airflow/dags/training_pipeline_dag.py
[2026-08-30T13:01:28.235+0000] {logging_mixin.py:188} INFO - [2026-08-30T13:01:28.234+0000] {dag.py:3089} INFO - Sync 1 DAGs
[2026-08-30T13:01:28.252+0000] {logging_mixin.py:188} INFO - [2026-08-30T13:01:28.252+0000] {dag.py:3947} INFO - Setting next_dagrun for training_pipeline to 2026-08-30 00:00:00+00:00, run_after=2026-08-31 00:00:00+00:00
[2026-08-30T13:01:28.267+0000] {processor.py:183} INFO - Processing /opt/airflow/dags/training_pipeline_dag.py took 0.799 seconds
[2026-08-30T13:01:58.746+0000] {processor.py:161} INFO - Started process (PID=4480) to work on /opt/airflow/dags/training_pipeline_dag.py
[2026-08-30T13:01:58.747+0000] {processor.py:830} INFO - Processing file /opt/airflow/dags/training_pipeline_dag.py for tasks to queue
[2026-08-30T13:01:58.749+0000] {logging_mixin.py:188} INFO - [2026-08-30T13:01:58.748+0000] {dagbag.py:545} INFO - Filling up the DagBag from /opt/airflow/dags/training_pipeline_dag.py
[2026-08-30T13:01:59.486+0000] {processor.py:840} INFO - DAG(s) 'training_pipeline' retrieved from /opt/airflow/dags/training_pipeline_dag.py
[2026-08-30T13:01:59.515+0000] {logging_mixin.py:188} INFO - [2026-08-30T13:01:59.514+0000] {dag.py:3089} INFO - Sync 1 DAGs
[2026-08-30T13:01:59.536+0000] {logging_mixin.py:188} INFO - [2026-08-30T13:01:59.536+0000] {dag.py:3947} INFO - Setting next_dagrun for training_pipeline to 2026-08-30 00:00:00+00:00, run_after=2026-08-31 00:00:00+00:00
[2026-08-30T13:01:59.553+0000] {processor.py:183} INFO - Processing /opt/airflow/dags/training_pipeline_dag.py took 0.814 seconds
[2026-08-30T13:02:29.662+0000] {processor.py:161} INFO - Started process (PID=4510) to work on /opt/airflow/dags/training_pipeline_dag.py
[2026-08-30T13:02:29.663+0000] {processor.py:830} INFO - Processing file /opt/airflow/dags/training_pipeline_dag.py for tasks to queue
[2026-08-30T13:02:29.665+0000] {logging_mixin.py:188} INFO - [2026-08-30T13:02:29.664+0000] {dagbag.py:545} INFO - Filling up the DagBag from /opt/airflow/dags/training_pipeline_dag.py
[2026-08-30T13:02:30.357+0000] {processor.py:840} INFO - DAG(s) 'training_pipeline' retrieved from /opt/airflow/dags/training_pipeline_dag.py
[2026-08-30T13:02:30.397+0000] {logging_mixin.py:188} INFO - [2026-08-30T13:02:30.396+0000] {dag.py:3089} INFO - Sync 1 DAGs
[2026-08-30T13:02:30.416+0000] {logging_mixin.py:188} INFO - [2026-08-30T13:02:30.416+0000] {dag.py:3947} INFO - Setting next_dagrun for training_pipeline to 2026-08-30 00:00:00+00:00, run_after=2026-08-31 00:00:00+00:00
[2026-08-30T13:02:30.435+0000] {processor.py:183} INFO - Processing /opt/airflow/dags/training_pipeline_dag.py took 0.780 seconds
[2026-08-30T13:03:00.954+0000] {processor.py:161} INFO - Started process (PID=4540) to work on /opt/airflow/dags/training_pipeline_dag.py
[2026-08-30T13:03:00.955+0000] {processor.py:830} INFO - Processing file /opt/airflow/dags/training_pipeline_dag.py for tasks to queue
[2026-08-30T13:03:00.957+0000] {logging_mixin.py:188} INFO - [2026-08-30T13:03:00.957+0000] {dagbag.py:545} INFO - Filling up the DagBag from /opt/airflow/dags/training_pipeline_dag.py
[2026-08-30T13:03:01.663+0000] {processor.py:840} INFO - DAG(s) 'training_pipeline' retrieved from /opt/airflow/dags/training_pipeline_dag.py
[2026-08-30T13:03:01.685+0000] {logging_mixin.py:188} INFO - [2026-08-30T13:03:01.685+0000] {dag.py:3089} INFO - Sync 1 DAGs
[2026-08-30T13:03:01.702+0000] {logging_mixin.py:188} INFO - [2026-08-30T13:03:01.702+0000] {dag.py:3947} INFO - Setting next_dagrun for training_pipeline to 2026-08-30 00:00:00+00:00, run_after=2026-08-31 00:00:00+00:00
[2026-08-30T13:03:01.717+0000] {processor.py:183} INFO - Processing /opt/airflow/dags/training_pipeline_dag.py took 0.770 seconds
[2026-08-30T13:03:32.026+0000] {processor.py:161} INFO - Started process (PID=4570) to work on /opt/airflow/dags/training_pipeline_dag.py
[2026-08-30T13:03:32.028+0000] {processor.py:830} INFO - Processing file /opt/airflow/dags/training_pipeline_dag.py for tasks to queue
[2026-08-30T13:03:32.030+0000] {logging_mixin.py:188} INFO - [2026-08-30T13:03:32.029+0000] {dagbag.py:545} INFO - Filling up the DagBag from /opt/airflow/dags/training_pipeline_dag.py
[2026-08-30T13:03:33.137+0000] {processor.py:840} INFO - DAG(s) 'training_pipeline' retrieved from /opt/airflow/dags/training_pipeline_dag.py
[2026-08-30T13:03:33.165+0000] {logging_mixin.py:188} INFO - [2026-08-30T13:03:33.165+0000] {dag.py:3089} INFO - Sync 1 DAGs
[2026-08-30T13:03:33.184+0000] {logging_mixin.py:188} INFO - [2026-08-30T13:03:33.184+0000] {dag.py:3947} INFO - Setting next_dagrun for training_pipeline to 2026-08-30 00:00:00+00:00, run_after=2026-08-31 00:00:00+00:00
[2026-08-30T13:03:33.202+0000] {processor.py:183} INFO - Processing /opt/airflow/dags/training_pipeline_dag.py took 1.184 seconds
[2026-08-30T13:04:03.536+0000] {processor.py:161} INFO - Started process (PID=4600) to work on /opt/airflow/dags/training_pipeline_dag.py
[2026-08-30T13:04:03.537+0000] {processor.py:830} INFO - Processing file /opt/airflow/dags/training_pipeline_dag.py for tasks to queue
[2026-08-30T13:04:03.540+0000] {logging_mixin.py:188} INFO - [2026-08-30T13:04:03.539+0000] {dagbag.py:545} INFO - Filling up the DagBag from /opt/airflow/dags/training_pipeline_dag.py
[2026-08-30T13:04:04.239+0000] {processor.py:840} INFO - DAG(s) 'training_pipeline' retrieved from /opt/airflow/dags/training_pipeline_dag.py
[2026-08-30T13:04:04.260+0000] {logging_mixin.py:188} INFO - [2026-08-30T13:04:04.259+0000] {dag.py:3089} INFO - Sync 1 DAGs
[2026-08-30T13:04:04.276+0000] {logging_mixin.py:188} INFO - [2026-08-30T13:04:04.276+0000] {dag.py:3947} INFO - Setting next_dagrun for training_pipeline to 2026-08-30 00:00:00+00:00, run_after=2026-08-31 00:00:00+00:00
[2026-08-30T13:04:04.291+0000] {processor.py:183} INFO - Processing /opt/airflow/dags/training_pipeline_dag.py took 0.762 seconds
[2026-08-30T13:04:34.760+0000] {processor.py:161} INFO - Started process (PID=4630) to work on /opt/airflow/dags/training_pipeline_dag.py
[2026-08-30T13:04:34.761+0000] {processor.py:830} INFO - Processing file /opt/airflow/dags/training_pipeline_dag.py for tasks to queue
[2026-08-30T13:04:34.763+0000] {logging_mixin.py:188} INFO - [2026-08-30T13:04:34.763+0000] {dagbag.py:545} INFO - Filling up the DagBag from /opt/airflow/dags/training_pipeline_dag.py
[2026-08-30T13:04:35.570+0000] {processor.py:840} INFO - DAG(s) 'training_pipeline' retrieved from /opt/airflow/dags/training_pipeline_dag.py
[2026-08-30T13:04:35.595+0000] {logging_mixin.py:188} INFO - [2026-08-30T13:04:35.595+0000] {dag.py:3089} INFO - Sync 1 DAGs
[2026-08-30T13:04:35.612+0000] {logging_mixin.py:188} INFO - [2026-08-30T13:04:35.612+0000] {dag.py:3947} INFO - Setting next_dagrun for training_pipeline to 2026-08-30 00:00:00+00:00, run_after=2026-08-31 00:00:00+00:00
[2026-08-30T13:04:35.627+0000] {processor.py:183} INFO - Processing /opt/airflow/dags/training_pipeline_dag.py took 0.876 seconds
[2026-08-30T13:05:05.947+0000] {processor.py:161} INFO - Started process (PID=4658) to work on /opt/airflow/dags/training_pipeline_dag.py
[2026-08-30T13:05:05.949+0000] {processor.py:830} INFO - Processing file /opt/airflow/dags/training_pipeline_dag.py for tasks to queue
[2026-08-30T13:05:05.951+0000] {logging_mixin.py:188} INFO - [2026-08-30T13:05:05.950+0000] {dagbag.py:545} INFO - Filling up the DagBag from /opt/airflow/dags/training_pipeline_dag.py
[2026-08-30T13:05:06.675+0000] {processor.py:840} INFO - DAG(s) 'training_pipeline' retrieved from /opt/airflow/dags/training_pipeline_dag.py
[2026-08-30T13:05:06.696+0000] {logging_mixin.py:188} INFO - [2026-08-30T13:05:06.696+0000] {dag.py:3089} INFO - Sync 1 DAGs
[2026-08-30T13:05:06.711+0000] {logging_mixin.py:188} INFO - [2026-08-30T13:05:06.711+0000] {dag.py:3947} INFO - Setting next_dagrun for training_pipeline to 2026-08-30 00:00:00+00:00, run_after=2026-08-31 00:00:00+00:00
[2026-08-30T13:05:06.725+0000] {processor.py:183} INFO - Processing /opt/airflow/dags/training_pipeline_dag.py took 0.786 seconds
[2026-08-30T13:05:37.028+0000] {processor.py:161} INFO - Started process (PID=4676) to work on /opt/airflow/dags/training_pipeline_dag.py
[2026-08-30T13:05:37.029+0000] {processor.py:830} INFO - Processing file /opt/airflow/dags/training_pipeline_dag.py for tasks to queue
[2026-08-30T13:05:37.032+0000] {logging_mixin.py:188} INFO - [2026-08-30T13:05:37.031+0000] {dagbag.py:545} INFO - Filling up the DagBag from /opt/airflow/dags/training_pipeline_dag.py
[2026-08-30T13:05:37.817+0000] {processor.py:840} INFO - DAG(s) 'training_pipeline' retrieved from /opt/airflow/dags/training_pipeline_dag.py
[2026-08-30T13:05:37.841+0000] {logging_mixin.py:188} INFO - [2026-08-30T13:05:37.841+0000] {dag.py:3089} INFO - Sync 1 DAGs
[2026-08-30T13:05:37.859+0000] {logging_mixin.py:188} INFO - [2026-08-30T13:05:37.859+0000] {dag.py:3947} INFO - Setting next_dagrun for training_pipeline to 2026-08-30 00:00:00+00:00, run_after=2026-08-31 00:00:00+00:00
[2026-08-30T13:05:37.874+0000] {processor.py:183} INFO - Processing /opt/airflow/dags/training_pipeline_dag.py took 0.855 seconds
[2026-08-30T13:06:07.980+0000] {processor.py:161} INFO - Started process (PID=4702) to work on /opt/airflow/dags/training_pipeline_dag.py
[2026-08-30T13:06:07.982+0000] {processor.py:830} INFO - Processing file /opt/airflow/dags/training_pipeline_dag.py for tasks to queue
[2026-08-30T13:06:07.984+0000] {logging_mixin.py:188} INFO - [2026-08-30T13:06:07.984+0000] {dagbag.py:545} INFO - Filling up the DagBag from /opt/airflow/dags/training_pipeline_dag.py
[2026-08-30T13:06:08.699+0000] {processor.py:840} INFO - DAG(s) 'training_pipeline' retrieved from /opt/airflow/dags/training_pipeline_dag.py
[2026-08-30T13:06:08.727+0000] {logging_mixin.py:188} INFO - [2026-08-30T13:06:08.726+0000] {dag.py:3089} INFO - Sync 1 DAGs
[2026-08-30T13:06:08.748+0000] {logging_mixin.py:188} INFO - [2026-08-30T13:06:08.747+0000] {dag.py:3947} INFO - Setting next_dagrun for training_pipeline to 2026-08-30 00:00:00+00:00, run_after=2026-08-31 00:00:00+00:00
[2026-08-30T13:06:08.765+0000] {processor.py:183} INFO - Processing /opt/airflow/dags/training_pipeline_dag.py took 0.794 seconds
[2026-08-30T13:06:38.912+0000] {processor.py:161} INFO - Started process (PID=4732) to work on /opt/airflow/dags/training_pipeline_dag.py
[2026-08-30T13:06:38.913+0000] {processor.py:830} INFO - Processing file /opt/airflow/dags/training_pipeline_dag.py for tasks to queue
[2026-08-30T13:06:38.915+0000] {logging_mixin.py:188} INFO - [2026-08-30T13:06:38.915+0000] {dagbag.py:545} INFO - Filling up the DagBag from /opt/airflow/dags/training_pipeline_dag.py
[2026-08-30T13:06:39.557+0000] {processor.py:840} INFO - DAG(s) 'training_pipeline' retrieved from /opt/airflow/dags/training_pipeline_dag.py
[2026-08-30T13:06:39.578+0000] {logging_mixin.py:188} INFO - [2026-08-30T13:06:39.577+0000] {dag.py:3089} INFO - Sync 1 DAGs
[2026-08-30T13:06:39.593+0000] {logging_mixin.py:188} INFO - [2026-08-30T13:06:39.593+0000] {dag.py:3947} INFO - Setting next_dagrun for training_pipeline to 2026-08-30 00:00:00+00:00, run_after=2026-08-31 00:00:00+00:00
[2026-08-30T13:06:39.609+0000] {processor.py:183} INFO - Processing /opt/airflow/dags/training_pipeline_dag.py took 0.704 seconds
[2026-08-30T13:07:09.917+0000] {processor.py:161} INFO - Started process (PID=4762) to work on /opt/airflow/dags/training_pipeline_dag.py
[2026-08-30T13:07:09.918+0000] {processor.py:830} INFO - Processing file /opt/airflow/dags/training_pipeline_dag.py for tasks to queue
[2026-08-30T13:07:09.921+0000] {logging_mixin.py:188} INFO - [2026-08-30T13:07:09.921+0000] {dagbag.py:545} INFO - Filling up the DagBag from /opt/airflow/dags/training_pipeline_dag.py
[2026-08-30T13:07:10.589+0000] {processor.py:840} INFO - DAG(s) 'training_pipeline' retrieved from /opt/airflow/dags/training_pipeline_dag.py
[2026-08-30T13:07:10.608+0000] {logging_mixin.py:188} INFO - [2026-08-30T13:07:10.608+0000] {dag.py:3089} INFO - Sync 1 DAGs
[2026-08-30T13:07:10.623+0000] {logging_mixin.py:188} INFO - [2026-08-30T13:07:10.622+0000] {dag.py:3947} INFO - Setting next_dagrun for training_pipeline to 2026-08-30 00:00:00+00:00, run_after=2026-08-31 00:00:00+00:00
[2026-08-30T13:07:10.638+0000] {processor.py:183} INFO - Processing /opt/airflow/dags/training_pipeline_dag.py took 0.730 seconds
[2026-08-30T13:07:40.748+0000] {processor.py:161} INFO - Started process (PID=4792) to work on /opt/airflow/dags/training_pipeline_dag.py
[2026-08-30T13:07:40.749+0000] {processor.py:830} INFO - Processing file /opt/airflow/dags/training_pipeline_dag.py for tasks to queue
[2026-08-30T13:07:40.751+0000] {logging_mixin.py:188} INFO - [2026-08-30T13:07:40.751+0000] {dagbag.py:545} INFO - Filling up the DagBag from /opt/airflow/dags/training_pipeline_dag.py
[2026-08-30T13:07:41.435+0000] {processor.py:840} INFO - DAG(s) 'training_pipeline' retrieved from /opt/airflow/dags/training_pipeline_dag.py
[2026-08-30T13:07:41.456+0000] {logging_mixin.py:188} INFO - [2026-08-30T13:07:41.456+0000] {dag.py:3089} INFO - Sync 1 DAGs
[2026-08-30T13:07:41.472+0000] {logging_mixin.py:188} INFO - [2026-08-30T13:07:41.472+0000] {dag.py:3947} INFO - Setting next_dagrun for training_pipeline to 2026-08-30 00:00:00+00:00, run_after=2026-08-31 00:00:00+00:00
[2026-08-30T13:07:41.489+0000] {processor.py:183} INFO - Processing /opt/airflow/dags/training_pipeline_dag.py took 0.749 seconds
[2026-08-30T13:08:11.598+0000] {processor.py:161} INFO - Started process (PID=4822) to work on /opt/airflow/dags/training_pipeline_dag.py
[2026-08-30T13:08:11.599+0000] {processor.py:830} INFO - Processing file /opt/airflow/dags/training_pipeline_dag.py for tasks to queue
[2026-08-30T13:08:11.601+0000] {logging_mixin.py:188} INFO - [2026-08-30T13:08:11.600+0000] {dagbag.py:545} INFO - Filling up the DagBag from /opt/airflow/dags/training_pipeline_dag.py
[2026-08-30T13:08:12.272+0000] {processor.py:840} INFO - DAG(s) 'training_pipeline' retrieved from /opt/airflow/dags/training_pipeline_dag.py
[2026-08-30T13:08:12.293+0000] {logging_mixin.py:188} INFO - [2026-08-30T13:08:12.293+0000] {dag.py:3089} INFO - Sync 1 DAGs
[2026-08-30T13:08:12.310+0000] {logging_mixin.py:188} INFO - [2026-08-30T13:08:12.310+0000] {dag.py:3947} INFO - Setting next_dagrun for training_pipeline to 2026-08-30 00:00:00+00:00, run_after=2026-08-31 00:00:00+00:00
[2026-08-30T13:08:12.326+0000] {processor.py:183} INFO - Processing /opt/airflow/dags/training_pipeline_dag.py took 0.734 seconds
[2026-08-30T13:08:42.401+0000] {processor.py:161} INFO - Started process (PID=4852) to work on /opt/airflow/dags/training_pipeline_dag.py
[2026-08-30T13:08:42.402+0000] {processor.py:830} INFO - Processing file /opt/airflow/dags/training_pipeline_dag.py for tasks to queue
[2026-08-30T13:08:42.404+0000] {logging_mixin.py:188} INFO - [2026-08-30T13:08:42.404+0000] {dagbag.py:545} INFO - Filling up the DagBag from /opt/airflow/dags/training_pipeline_dag.py
[2026-08-30T13:08:43.135+0000] {processor.py:840} INFO - DAG(s) 'training_pipeline' retrieved from /opt/airflow/dags/training_pipeline_dag.py
[2026-08-30T13:08:43.159+0000] {logging_mixin.py:188} INFO - [2026-08-30T13:08:43.158+0000] {dag.py:3089} INFO - Sync 1 DAGs
[2026-08-30T13:08:43.176+0000] {logging_mixin.py:188} INFO - [2026-08-30T13:08:43.176+0000] {dag.py:3947} INFO - Setting next_dagrun for training_pipeline to 2026-08-30 00:00:00+00:00, run_after=2026-08-31 00:00:00+00:00
[2026-08-30T13:08:43.191+0000] {processor.py:183} INFO - Processing /opt/airflow/dags/training_pipeline_dag.py took 0.798 seconds
[2026-08-30T13:09:13.712+0000] {processor.py:161} INFO - Started process (PID=4882) to work on /opt/airflow/dags/training_pipeline_dag.py
[2026-08-30T13:09:13.713+0000] {processor.py:830} INFO - Processing file /opt/airflow/dags/training_pipeline_dag.py for tasks to queue
[2026-08-30T13:09:13.716+0000] {logging_mixin.py:188} INFO - [2026-08-30T13:09:13.716+0000] {dagbag.py:545} INFO - Filling up the DagBag from /opt/airflow/dags/training_pipeline_dag.py
[2026-08-30T13:09:14.398+0000] {processor.py:840} INFO - DAG(s) 'training_pipeline' retrieved from /opt/airflow/dags/training_pipeline_dag.py
[2026-08-30T13:09:14.420+0000] {logging_mixin.py:188} INFO - [2026-08-30T13:09:14.420+0000] {dag.py:3089} INFO - Sync 1 DAGs
[2026-08-30T13:09:14.437+0000] {logging_mixin.py:188} INFO - [2026-08-30T13:09:14.437+0000] {dag.py:3947} INFO - Setting next_dagrun for training_pipeline to 2026-08-30 00:00:00+00:00, run_after=2026-08-31 00:00:00+00:00
[2026-08-30T13:09:14.452+0000] {processor.py:183} INFO - Processing /opt/airflow/dags/training_pipeline_dag.py took 0.749 seconds
[2026-08-30T13:09:44.756+0000] {processor.py:161} INFO - Started process (PID=4912) to work on /opt/airflow/dags/training_pipeline_dag.py
[2026-08-30T13:09:44.757+0000] {processor.py:830} INFO - Processing file /opt/airflow/dags/training_pipeline_dag.py for tasks to queue
[2026-08-30T13:09:44.760+0000] {logging_mixin.py:188} INFO - [2026-08-30T13:09:44.759+0000] {dagbag.py:545} INFO - Filling up the DagBag from /opt/airflow/dags/training_pipeline_dag.py
[2026-08-30T13:09:45.412+0000] {processor.py:840} INFO - DAG(s) 'training_pipeline' retrieved from /opt/airflow/dags/training_pipeline_dag.py
[2026-08-30T13:09:45.433+0000] {logging_mixin.py:188} INFO - [2026-08-30T13:09:45.433+0000] {dag.py:3089} INFO - Sync 1 DAGs
[2026-08-30T13:09:45.448+0000] {logging_mixin.py:188} INFO - [2026-08-30T13:09:45.448+0000] {dag.py:3947} INFO - Setting next_dagrun for training_pipeline to 2026-08-30 00:00:00+00:00, run_after=2026-08-31 00:00:00+00:00
[2026-08-30T13:09:45.462+0000] {processor.py:183} INFO - Processing /opt/airflow/dags/training_pipeline_dag.py took 0.713 seconds
[2026-08-30T13:10:15.744+0000] {processor.py:161} INFO - Started process (PID=4942) to work on /opt/airflow/dags/training_pipeline_dag.py
[2026-08-30T13:10:15.745+0000] {processor.py:830} INFO - Processing file /opt/airflow/dags/training_pipeline_dag.py for tasks to queue
[2026-08-30T13:10:15.747+0000] {logging_mixin.py:188} INFO - [2026-08-30T13:10:15.746+0000] {dagbag.py:545} INFO - Filling up the DagBag from /opt/airflow/dags/training_pipeline_dag.py
[2026-08-30T13:10:16.487+0000] {processor.py:840} INFO - DAG(s) 'training_pipeline' retrieved from /opt/airflow/dags/training_pipeline_dag.py
[2026-08-30T13:10:16.515+0000] {logging_mixin.py:188} INFO - [2026-08-30T13:10:16.514+0000] {dag.py:3089} INFO - Sync 1 DAGs
[2026-08-30T13:10:16.536+0000] {logging_mixin.py:188} INFO - [2026-08-30T13:10:16.536+0000] {dag.py:3947} INFO - Setting next_dagrun for training_pipeline to 2026-08-30 00:00:00+00:00, run_after=2026-08-31 00:00:00+00:00
[2026-08-30T13:10:16.560+0000] {processor.py:183} INFO - Processing /opt/airflow/dags/training_pipeline_dag.py took 0.825 seconds
[2026-08-30T13:10:46.647+0000] {processor.py:161} INFO - Started process (PID=4972) to work on /opt/airflow/dags/training_pipeline_dag.py
[2026-08-30T13:10:46.649+0000] {processor.py:830} INFO - Processing file /opt/airflow/dags/training_pipeline_dag.py for tasks to queue
[2026-08-30T13:10:46.652+0000] {logging_mixin.py:188} INFO - [2026-08-30T13:10:46.652+0000] {dagbag.py:545} INFO - Filling up the DagBag from /opt/airflow/dags/training_pipeline_dag.py
[2026-08-30T13:10:47.394+0000] {processor.py:840} INFO - DAG(s) 'training_pipeline' retrieved from /opt/airflow/dags/training_pipeline_dag.py
[2026-08-30T13:10:47.415+0000] {logging_mixin.py:188} INFO - [2026-08-30T13:10:47.415+0000] {dag.py:3089} INFO - Sync 1 DAGs
[2026-08-30T13:10:47.432+0000] {logging_mixin.py:188} INFO - [2026-08-30T13:10:47.432+0000] {dag.py:3947} INFO - Setting next_dagrun for training_pipeline to 2026-08-30 00:00:00+00:00, run_after=2026-08-31 00:00:00+00:00
[2026-08-30T13:10:47.449+0000] {processor.py:183} INFO - Processing /opt/airflow/dags/training_pipeline_dag.py took 0.818 seconds
[2026-08-30T13:11:17.559+0000] {processor.py:161} INFO - Started process (PID=5002) to work on /opt/airflow/dags/training_pipeline_dag.py
[2026-08-30T13:11:17.565+0000] {processor.py:830} INFO - Processing file /opt/airflow/dags/training_pipeline_dag.py for tasks to queue
[2026-08-30T13:11:17.568+0000] {logging_mixin.py:188} INFO - [2026-08-30T13:11:17.567+0000] {dagbag.py:545} INFO - Filling up the DagBag from /opt/airflow/dags/training_pipeline_dag.py
[2026-08-30T13:11:18.367+0000] {processor.py:840} INFO - DAG(s) 'training_pipeline' retrieved from /opt/airflow/dags/training_pipeline_dag.py
[2026-08-30T13:11:18.427+0000] {logging_mixin.py:188} INFO - [2026-08-30T13:11:18.426+0000] {dag.py:3089} INFO - Sync 1 DAGs
[2026-08-30T13:11:18.451+0000] {logging_mixin.py:188} INFO - [2026-08-30T13:11:18.450+0000] {dag.py:3947} INFO - Setting next_dagrun for training_pipeline to 2026-08-30 00:00:00+00:00, run_after=2026-08-31 00:00:00+00:00
[2026-08-30T13:11:18.471+0000] {processor.py:183} INFO - Processing /opt/airflow/dags/training_pipeline_dag.py took 0.919 seconds
[2026-08-30T13:11:48.768+0000] {processor.py:161} INFO - Started process (PID=5032) to work on /opt/airflow/dags/training_pipeline_dag.py
[2026-08-30T13:11:48.770+0000] {processor.py:830} INFO - Processing file /opt/airflow/dags/training_pipeline_dag.py for tasks to queue
[2026-08-30T13:11:48.772+0000] {logging_mixin.py:188} INFO - [2026-08-30T13:11:48.771+0000] {dagbag.py:545} INFO - Filling up the DagBag from /opt/airflow/dags/training_pipeline_dag.py
[2026-08-30T13:11:49.450+0000] {processor.py:840} INFO - DAG(s) 'training_pipeline' retrieved from /opt/airflow/dags/training_pipeline_dag.py
[2026-08-30T13:11:49.473+0000] {logging_mixin.py:188} INFO - [2026-08-30T13:11:49.473+0000] {dag.py:3089} INFO - Sync 1 DAGs
[2026-08-30T13:11:49.493+0000] {logging_mixin.py:188} INFO - [2026-08-30T13:11:49.493+0000] {dag.py:3947} INFO - Setting next_dagrun for training_pipeline to 2026-08-30 00:00:00+00:00, run_after=2026-08-31 00:00:00+00:00
[2026-08-30T13:11:49.509+0000] {processor.py:183} INFO - Processing /opt/airflow/dags/training_pipeline_dag.py took 0.748 seconds
[2026-08-30T13:12:19.981+0000] {processor.py:161} INFO - Started process (PID=5062) to work on /opt/airflow/dags/training_pipeline_dag.py
[2026-08-30T13:12:19.982+0000] {processor.py:830} INFO - Processing file /opt/airflow/dags/training_pipeline_dag.py for tasks to queue
[2026-08-30T13:12:19.984+0000] {logging_mixin.py:188} INFO - [2026-08-30T13:12:19.983+0000] {dagbag.py:545} INFO - Filling up the DagBag from /opt/airflow/dags/training_pipeline_dag.py
[2026-08-30T13:12:20.666+0000] {processor.py:840} INFO - DAG(s) 'training_pipeline' retrieved from /opt/airflow/dags/training_pipeline_dag.py
[2026-08-30T13:12:20.687+0000] {logging_mixin.py:188} INFO - [2026-08-30T13:12:20.687+0000] {dag.py:3089} INFO - Sync 1 DAGs
[2026-08-30T13:12:20.704+0000] {logging_mixin.py:188} INFO - [2026-08-30T13:12:20.703+0000] {dag.py:3947} INFO - Setting next_dagrun for training_pipeline to 2026-08-30 00:00:00+00:00, run_after=2026-08-31 00:00:00+00:00
[2026-08-30T13:12:20.718+0000] {processor.py:183} INFO - Processing /opt/airflow/dags/training_pipeline_dag.py took 0.746 seconds
[2026-08-30T13:12:51.324+0000] {processor.py:161} INFO - Started process (PID=5092) to work on /opt/airflow/dags/training_pipeline_dag.py
[2026-08-30T13:12:51.325+0000] {processor.py:830} INFO - Processing file /opt/airflow/dags/training_pipeline_dag.py for tasks to queue
[2026-08-30T13:12:51.327+0000] {logging_mixin.py:188} INFO - [2026-08-30T13:12:51.327+0000] {dagbag.py:545} INFO - Filling up the DagBag from /opt/airflow/dags/training_pipeline_dag.py
[2026-08-30T13:12:52.055+0000] {processor.py:840} INFO - DAG(s) 'training_pipeline' retrieved from /opt/airflow/dags/training_pipeline_dag.py
[2026-08-30T13:12:52.079+0000] {logging_mixin.py:188} INFO - [2026-08-30T13:12:52.079+0000] {dag.py:3089} INFO - Sync 1 DAGs
[2026-08-30T13:12:52.097+0000] {logging_mixin.py:188} INFO - [2026-08-30T13:12:52.097+0000] {dag.py:3947} INFO - Setting next_dagrun for training_pipeline to 2026-08-30 00:00:00+00:00, run_after=2026-08-31 00:00:00+00:00
[2026-08-30T13:12:52.113+0000] {processor.py:183} INFO - Processing /opt/airflow/dags/training_pipeline_dag.py took 0.797 seconds
[2026-08-30T13:13:22.901+0000] {processor.py:161} INFO - Started process (PID=5122) to work on /opt/airflow/dags/training_pipeline_dag.py
[2026-08-30T13:13:22.902+0000] {processor.py:830} INFO - Processing file /opt/airflow/dags/training_pipeline_dag.py for tasks to queue
[2026-08-30T13:13:22.905+0000] {logging_mixin.py:188} INFO - [2026-08-30T13:13:22.904+0000] {dagbag.py:545} INFO - Filling up the DagBag from /opt/airflow/dags/training_pipeline_dag.py
[2026-08-30T13:13:23.674+0000] {processor.py:840} INFO - DAG(s) 'training_pipeline' retrieved from /opt/airflow/dags/training_pipeline_dag.py
[2026-08-30T13:13:23.698+0000] {logging_mixin.py:188} INFO - [2026-08-30T13:13:23.697+0000] {dag.py:3089} INFO - Sync 1 DAGs
[2026-08-30T13:13:23.715+0000] {logging_mixin.py:188} INFO - [2026-08-30T13:13:23.715+0000] {dag.py:3947} INFO - Setting next_dagrun for training_pipeline to 2026-08-30 00:00:00+00:00, run_after=2026-08-31 00:00:00+00:00
[2026-08-30T13:13:23.732+0000] {processor.py:183} INFO - Processing /opt/airflow/dags/training_pipeline_dag.py took 0.842 seconds
[2026-08-30T13:13:53.816+0000] {processor.py:161} INFO - Started process (PID=5152) to work on /opt/airflow/dags/training_pipeline_dag.py
[2026-08-30T13:13:53.817+0000] {processor.py:830} INFO - Processing file /opt/airflow/dags/training_pipeline_dag.py for tasks to queue
[2026-08-30T13:13:53.819+0000] {logging_mixin.py:188} INFO - [2026-08-30T13:13:53.819+0000] {dagbag.py:545} INFO - Filling up the DagBag from /opt/airflow/dags/training_pipeline_dag.py
[2026-08-30T13:13:54.503+0000] {processor.py:840} INFO - DAG(s) 'training_pipeline' retrieved from /opt/airflow/dags/training_pipeline_dag.py
[2026-08-30T13:13:54.524+0000] {logging_mixin.py:188} INFO - [2026-08-30T13:13:54.523+0000] {dag.py:3089} INFO - Sync 1 DAGs
[2026-08-30T13:13:54.540+0000] {logging_mixin.py:188} INFO - [2026-08-30T13:13:54.540+0000] {dag.py:3947} INFO - Setting next_dagrun for training_pipeline to 2026-08-30 00:00:00+00:00, run_after=2026-08-31 00:00:00+00:00
[2026-08-30T13:13:54.556+0000] {processor.py:183} INFO - Processing /opt/airflow/dags/training_pipeline_dag.py took 0.746 seconds
[2026-08-30T13:49:52.555+0000] {processor.py:161} INFO - Started process (PID=5164) to work on /opt/airflow/dags/training_pipeline_dag.py
[2026-08-30T13:49:52.558+0000] {processor.py:830} INFO - Processing file /opt/airflow/dags/training_pipeline_dag.py for tasks to queue
[2026-08-30T13:49:52.564+0000] {logging_mixin.py:188} INFO - [2026-08-30T13:49:52.562+0000] {dagbag.py:545} INFO - Filling up the DagBag from /opt/airflow/dags/training_pipeline_dag.py
[2026-08-30T13:49:54.349+0000] {processor.py:840} INFO - DAG(s) 'training_pipeline' retrieved from /opt/airflow/dags/training_pipeline_dag.py
[2026-08-30T13:49:54.405+0000] {logging_mixin.py:188} INFO - [2026-08-30T13:49:54.404+0000] {dag.py:3089} INFO - Sync 1 DAGs
[2026-08-30T13:49:54.455+0000] {logging_mixin.py:188} INFO - [2026-08-30T13:49:54.454+0000] {dag.py:3947} INFO - Setting next_dagrun for training_pipeline to 2026-08-30 00:00:00+00:00, run_after=2026-08-31 00:00:00+00:00
[2026-08-30T13:49:54.489+0000] {processor.py:183} INFO - Processing /opt/airflow/dags/training_pipeline_dag.py took 1.954 seconds
[2026-08-30T13:50:25.146+0000] {processor.py:161} INFO - Started process (PID=5194) to work on /opt/airflow/dags/training_pipeline_dag.py
[2026-08-30T13:50:25.150+0000] {processor.py:830} INFO - Processing file /opt/airflow/dags/training_pipeline_dag.py for tasks to queue
[2026-08-30T13:50:25.158+0000] {logging_mixin.py:188} INFO - [2026-08-30T13:50:25.156+0000] {dagbag.py:545} INFO - Filling up the DagBag from /opt/airflow/dags/training_pipeline_dag.py
[2026-08-30T13:50:27.417+0000] {processor.py:840} INFO - DAG(s) 'training_pipeline' retrieved from /opt/airflow/dags/training_pipeline_dag.py
[2026-08-30T13:50:27.954+0000] {logging_mixin.py:188} INFO - [2026-08-30T13:50:27.953+0000] {dag.py:3089} INFO - Sync 1 DAGs
[2026-08-30T13:50:28.017+0000] {logging_mixin.py:188} INFO - [2026-08-30T13:50:28.016+0000] {dag.py:3947} INFO - Setting next_dagrun for training_pipeline to 2026-08-30 00:00:00+00:00, run_after=2026-08-31 00:00:00+00:00
[2026-08-30T13:50:28.052+0000] {processor.py:183} INFO - Processing /opt/airflow/dags/training_pipeline_dag.py took 2.937 seconds
[2026-08-30T13:50:58.699+0000] {processor.py:161} INFO - Started process (PID=5224) to work on /opt/airflow/dags/training_pipeline_dag.py
[2026-08-30T13:50:58.704+0000] {processor.py:830} INFO - Processing file /opt/airflow/dags/training_pipeline_dag.py for tasks to queue
[2026-08-30T13:50:58.709+0000] {logging_mixin.py:188} INFO - [2026-08-30T13:50:58.708+0000] {dagbag.py:545} INFO - Filling up the DagBag from /opt/airflow/dags/training_pipeline_dag.py
[2026-08-30T13:51:00.572+0000] {processor.py:840} INFO - DAG(s) 'training_pipeline' retrieved from /opt/airflow/dags/training_pipeline_dag.py
[2026-08-30T13:51:00.706+0000] {logging_mixin.py:188} INFO - [2026-08-30T13:51:00.705+0000] {dag.py:3089} INFO - Sync 1 DAGs
[2026-08-30T13:51:00.760+0000] {logging_mixin.py:188} INFO - [2026-08-30T13:51:00.759+0000] {dag.py:3947} INFO - Setting next_dagrun for training_pipeline to 2026-08-30 00:00:00+00:00, run_after=2026-08-31 00:00:00+00:00
[2026-08-30T13:51:00.822+0000] {processor.py:183} INFO - Processing /opt/airflow/dags/training_pipeline_dag.py took 2.143 seconds
[2026-08-30T13:51:31.329+0000] {processor.py:161} INFO - Started process (PID=5254) to work on /opt/airflow/dags/training_pipeline_dag.py
[2026-08-30T13:51:31.334+0000] {processor.py:830} INFO - Processing file /opt/airflow/dags/training_pipeline_dag.py for tasks to queue
[2026-08-30T13:51:31.340+0000] {logging_mixin.py:188} INFO - [2026-08-30T13:51:31.339+0000] {dagbag.py:545} INFO - Filling up the DagBag from /opt/airflow/dags/training_pipeline_dag.py
[2026-08-30T13:51:33.304+0000] {processor.py:840} INFO - DAG(s) 'training_pipeline' retrieved from /opt/airflow/dags/training_pipeline_dag.py
[2026-08-30T13:51:33.366+0000] {logging_mixin.py:188} INFO - [2026-08-30T13:51:33.365+0000] {dag.py:3089} INFO - Sync 1 DAGs
[2026-08-30T13:51:33.421+0000] {logging_mixin.py:188} INFO - [2026-08-30T13:51:33.420+0000] {dag.py:3947} INFO - Setting next_dagrun for training_pipeline to 2026-08-30 00:00:00+00:00, run_after=2026-08-31 00:00:00+00:00
[2026-08-30T13:51:33.469+0000] {processor.py:183} INFO - Processing /opt/airflow/dags/training_pipeline_dag.py took 2.159 seconds
[2026-08-30T13:52:04.031+0000] {processor.py:161} INFO - Started process (PID=5284) to work on /opt/airflow/dags/training_pipeline_dag.py
[2026-08-30T13:52:04.033+0000] {processor.py:830} INFO - Processing file /opt/airflow/dags/training_pipeline_dag.py for tasks to queue
[2026-08-30T13:52:04.038+0000] {logging_mixin.py:188} INFO - [2026-08-30T13:52:04.037+0000] {dagbag.py:545} INFO - Filling up the DagBag from /opt/airflow/dags/training_pipeline_dag.py
[2026-08-30T13:52:05.788+0000] {processor.py:840} INFO - DAG(s) 'training_pipeline' retrieved from /opt/airflow/dags/training_pipeline_dag.py
[2026-08-30T13:52:05.845+0000] {logging_mixin.py:188} INFO - [2026-08-30T13:52:05.844+0000] {dag.py:3089} INFO - Sync 1 DAGs
[2026-08-30T13:52:05.884+0000] {logging_mixin.py:188} INFO - [2026-08-30T13:52:05.884+0000] {dag.py:3947} INFO - Setting next_dagrun for training_pipeline to 2026-08-30 00:00:00+00:00, run_after=2026-08-31 00:00:00+00:00
[2026-08-30T13:52:05.924+0000] {processor.py:183} INFO - Processing /opt/airflow/dags/training_pipeline_dag.py took 1.912 seconds
[2026-08-30T13:52:36.909+0000] {processor.py:161} INFO - Started process (PID=5314) to work on /opt/airflow/dags/training_pipeline_dag.py
[2026-08-30T13:52:36.912+0000] {processor.py:830} INFO - Processing file /opt/airflow/dags/training_pipeline_dag.py for tasks to queue
[2026-08-30T13:52:36.918+0000] {logging_mixin.py:188} INFO - [2026-08-30T13:52:36.916+0000] {dagbag.py:545} INFO - Filling up the DagBag from /opt/airflow/dags/training_pipeline_dag.py
[2026-08-30T13:52:38.744+0000] {processor.py:840} INFO - DAG(s) 'training_pipeline' retrieved from /opt/airflow/dags/training_pipeline_dag.py
[2026-08-30T13:52:38.804+0000] {logging_mixin.py:188} INFO - [2026-08-30T13:52:38.803+0000] {dag.py:3089} INFO - Sync 1 DAGs
[2026-08-30T13:52:38.843+0000] {logging_mixin.py:188} INFO - [2026-08-30T13:52:38.843+0000] {dag.py:3947} INFO - Setting next_dagrun for training_pipeline to 2026-08-30 00:00:00+00:00, run_after=2026-08-31 00:00:00+00:00
[2026-08-30T13:52:38.881+0000] {processor.py:183} INFO - Processing /opt/airflow/dags/training_pipeline_dag.py took 1.988 seconds
[2026-08-30T13:53:09.456+0000] {processor.py:161} INFO - Started process (PID=5344) to work on /opt/airflow/dags/training_pipeline_dag.py
[2026-08-30T13:53:09.459+0000] {processor.py:830} INFO - Processing file /opt/airflow/dags/training_pipeline_dag.py for tasks to queue
[2026-08-30T13:53:09.464+0000] {logging_mixin.py:188} INFO - [2026-08-30T13:53:09.463+0000] {dagbag.py:545} INFO - Filling up the DagBag from /opt/airflow/dags/training_pipeline_dag.py
[2026-08-30T13:53:11.308+0000] {processor.py:840} INFO - DAG(s) 'training_pipeline' retrieved from /opt/airflow/dags/training_pipeline_dag.py
[2026-08-30T13:53:11.376+0000] {logging_mixin.py:188} INFO - [2026-08-30T13:53:11.374+0000] {dag.py:3089} INFO - Sync 1 DAGs
[2026-08-30T13:53:11.421+0000] {logging_mixin.py:188} INFO - [2026-08-30T13:53:11.421+0000] {dag.py:3947} INFO - Setting next_dagrun for training_pipeline to 2026-08-30 00:00:00+00:00, run_after=2026-08-31 00:00:00+00:00
[2026-08-30T13:53:11.458+0000] {processor.py:183} INFO - Processing /opt/airflow/dags/training_pipeline_dag.py took 2.022 seconds
[2026-08-30T13:53:42.096+0000] {processor.py:161} INFO - Started process (PID=5374) to work on /opt/airflow/dags/training_pipeline_dag.py
[2026-08-30T13:53:42.099+0000] {processor.py:830} INFO - Processing file /opt/airflow/dags/training_pipeline_dag.py for tasks to queue
[2026-08-30T13:53:42.103+0000] {logging_mixin.py:188} INFO - [2026-08-30T13:53:42.102+0000] {dagbag.py:545} INFO - Filling up the DagBag from /opt/airflow/dags/training_pipeline_dag.py
[2026-08-30T13:53:43.825+0000] {processor.py:840} INFO - DAG(s) 'training_pipeline' retrieved from /opt/airflow/dags/training_pipeline_dag.py
[2026-08-30T13:53:43.882+0000] {logging_mixin.py:188} INFO - [2026-08-30T13:53:43.881+0000] {dag.py:3089} INFO - Sync 1 DAGs
[2026-08-30T13:53:43.931+0000] {logging_mixin.py:188} INFO - [2026-08-30T13:53:43.930+0000] {dag.py:3947} INFO - Setting next_dagrun for training_pipeline to 2026-08-30 00:00:00+00:00, run_after=2026-08-31 00:00:00+00:00
[2026-08-30T13:53:43.979+0000] {processor.py:183} INFO - Processing /opt/airflow/dags/training_pipeline_dag.py took 1.898 seconds
[2026-08-30T13:54:15.771+0000] {processor.py:161} INFO - Started process (PID=5404) to work on /opt/airflow/dags/training_pipeline_dag.py
[2026-08-30T13:54:16.239+0000] {processor.py:830} INFO - Processing file /opt/airflow/dags/training_pipeline_dag.py for tasks to queue
[2026-08-30T13:54:16.246+0000] {logging_mixin.py:188} INFO - [2026-08-30T13:54:16.245+0000] {dagbag.py:545} INFO - Filling up the DagBag from /opt/airflow/dags/training_pipeline_dag.py
[2026-08-30T13:54:19.670+0000] {processor.py:840} INFO - DAG(s) 'training_pipeline' retrieved from /opt/airflow/dags/training_pipeline_dag.py
[2026-08-30T13:54:19.780+0000] {logging_mixin.py:188} INFO - [2026-08-30T13:54:19.779+0000] {dag.py:3089} INFO - Sync 1 DAGs
[2026-08-30T13:54:19.833+0000] {logging_mixin.py:188} INFO - [2026-08-30T13:54:19.833+0000] {dag.py:3947} INFO - Setting next_dagrun for training_pipeline to 2026-08-30 00:00:00+00:00, run_after=2026-08-31 00:00:00+00:00
[2026-08-30T13:54:19.949+0000] {processor.py:183} INFO - Processing /opt/airflow/dags/training_pipeline_dag.py took 4.196 seconds
[2026-08-30T13:54:50.518+0000] {processor.py:161} INFO - Started process (PID=5434) to work on /opt/airflow/dags/training_pipeline_dag.py
[2026-08-30T13:54:50.522+0000] {processor.py:830} INFO - Processing file /opt/airflow/dags/training_pipeline_dag.py for tasks to queue
[2026-08-30T13:54:50.527+0000] {logging_mixin.py:188} INFO - [2026-08-30T13:54:50.526+0000] {dagbag.py:545} INFO - Filling up the DagBag from /opt/airflow/dags/training_pipeline_dag.py
[2026-08-30T13:54:52.680+0000] {processor.py:840} INFO - DAG(s) 'training_pipeline' retrieved from /opt/airflow/dags/training_pipeline_dag.py
[2026-08-30T13:54:52.763+0000] {logging_mixin.py:188} INFO - [2026-08-30T13:54:52.762+0000] {dag.py:3089} INFO - Sync 1 DAGs
[2026-08-30T13:54:52.817+0000] {logging_mixin.py:188} INFO - [2026-08-30T13:54:52.816+0000] {dag.py:3947} INFO - Setting next_dagrun for training_pipeline to 2026-08-30 00:00:00+00:00, run_after=2026-08-31 00:00:00+00:00
[2026-08-30T13:54:52.858+0000] {processor.py:183} INFO - Processing /opt/airflow/dags/training_pipeline_dag.py took 2.360 seconds
[2026-08-30T13:55:23.213+0000] {processor.py:161} INFO - Started process (PID=5464) to work on /opt/airflow/dags/training_pipeline_dag.py
[2026-08-30T13:55:23.216+0000] {processor.py:830} INFO - Processing file /opt/airflow/dags/training_pipeline_dag.py for tasks to queue
[2026-08-30T13:55:23.221+0000] {logging_mixin.py:188} INFO - [2026-08-30T13:55:23.220+0000] {dagbag.py:545} INFO - Filling up the DagBag from /opt/airflow/dags/training_pipeline_dag.py
[2026-08-30T13:55:24.956+0000] {processor.py:840} INFO - DAG(s) 'training_pipeline' retrieved from /opt/airflow/dags/training_pipeline_dag.py
[2026-08-30T13:55:25.045+0000] {logging_mixin.py:188} INFO - [2026-08-30T13:55:25.045+0000] {dag.py:3089} INFO - Sync 1 DAGs
[2026-08-30T13:55:25.090+0000] {logging_mixin.py:188} INFO - [2026-08-30T13:55:25.090+0000] {dag.py:3947} INFO - Setting next_dagrun for training_pipeline to 2026-08-30 00:00:00+00:00, run_after=2026-08-31 00:00:00+00:00
[2026-08-30T13:55:25.132+0000] {processor.py:183} INFO - Processing /opt/airflow/dags/training_pipeline_dag.py took 1.936 seconds
[2026-08-30T13:55:55.584+0000] {processor.py:161} INFO - Started process (PID=5494) to work on /opt/airflow/dags/training_pipeline_dag.py
[2026-08-30T13:55:55.587+0000] {processor.py:830} INFO - Processing file /opt/airflow/dags/training_pipeline_dag.py for tasks to queue
[2026-08-30T13:55:55.593+0000] {logging_mixin.py:188} INFO - [2026-08-30T13:55:55.592+0000] {dagbag.py:545} INFO - Filling up the DagBag from /opt/airflow/dags/training_pipeline_dag.py
[2026-08-30T13:55:57.326+0000] {processor.py:840} INFO - DAG(s) 'training_pipeline' retrieved from /opt/airflow/dags/training_pipeline_dag.py
[2026-08-30T13:55:57.387+0000] {logging_mixin.py:188} INFO - [2026-08-30T13:55:57.386+0000] {dag.py:3089} INFO - Sync 1 DAGs
[2026-08-30T13:55:57.437+0000] {logging_mixin.py:188} INFO - [2026-08-30T13:55:57.436+0000] {dag.py:3947} INFO - Setting next_dagrun for training_pipeline to 2026-08-30 00:00:00+00:00, run_after=2026-08-31 00:00:00+00:00
[2026-08-30T13:55:57.475+0000] {processor.py:183} INFO - Processing /opt/airflow/dags/training_pipeline_dag.py took 1.908 seconds
[2026-08-30T13:56:28.469+0000] {processor.py:161} INFO - Started process (PID=5522) to work on /opt/airflow/dags/training_pipeline_dag.py
[2026-08-30T13:56:28.473+0000] {processor.py:830} INFO - Processing file /opt/airflow/dags/training_pipeline_dag.py for tasks to queue
[2026-08-30T13:56:28.480+0000] {logging_mixin.py:188} INFO - [2026-08-30T13:56:28.478+0000] {dagbag.py:545} INFO - Filling up the DagBag from /opt/airflow/dags/training_pipeline_dag.py
[2026-08-30T13:56:30.370+0000] {processor.py:840} INFO - DAG(s) 'training_pipeline' retrieved from /opt/airflow/dags/training_pipeline_dag.py
[2026-08-30T13:56:30.429+0000] {logging_mixin.py:188} INFO - [2026-08-30T13:56:30.428+0000] {dag.py:3089} INFO - Sync 1 DAGs
[2026-08-30T13:56:30.490+0000] {logging_mixin.py:188} INFO - [2026-08-30T13:56:30.489+0000] {dag.py:3947} INFO - Setting next_dagrun for training_pipeline to 2026-08-30 00:00:00+00:00, run_after=2026-08-31 00:00:00+00:00
[2026-08-30T13:56:30.537+0000] {processor.py:183} INFO - Processing /opt/airflow/dags/training_pipeline_dag.py took 2.111 seconds
[2026-08-30T13:57:00.913+0000] {processor.py:161} INFO - Started process (PID=5540) to work on /opt/airflow/dags/training_pipeline_dag.py
[2026-08-30T13:57:00.918+0000] {processor.py:830} INFO - Processing file /opt/airflow/dags/training_pipeline_dag.py for tasks to queue
[2026-08-30T13:57:00.925+0000] {logging_mixin.py:188} INFO - [2026-08-30T13:57:00.924+0000] {dagbag.py:545} INFO - Filling up the DagBag from /opt/airflow/dags/training_pipeline_dag.py
[2026-08-30T13:57:02.896+0000] {processor.py:840} INFO - DAG(s) 'training_pipeline' retrieved from /opt/airflow/dags/training_pipeline_dag.py
[2026-08-30T13:57:02.972+0000] {logging_mixin.py:188} INFO - [2026-08-30T13:57:02.971+0000] {dag.py:3089} INFO - Sync 1 DAGs
[2026-08-30T13:57:03.032+0000] {logging_mixin.py:188} INFO - [2026-08-30T13:57:03.032+0000] {dag.py:3947} INFO - Setting next_dagrun for training_pipeline to 2026-08-30 00:00:00+00:00, run_after=2026-08-31 00:00:00+00:00
[2026-08-30T13:57:03.082+0000] {processor.py:183} INFO - Processing /opt/airflow/dags/training_pipeline_dag.py took 2.203 seconds
[2026-08-30T13:57:33.732+0000] {processor.py:161} INFO - Started process (PID=5566) to work on /opt/airflow/dags/training_pipeline_dag.py
[2026-08-30T13:57:33.735+0000] {processor.py:830} INFO - Processing file /opt/airflow/dags/training_pipeline_dag.py for tasks to queue
[2026-08-30T13:57:33.742+0000] {logging_mixin.py:188} INFO - [2026-08-30T13:57:33.741+0000] {dagbag.py:545} INFO - Filling up the DagBag from /opt/airflow/dags/training_pipeline_dag.py
[2026-08-30T13:57:35.990+0000] {processor.py:840} INFO - DAG(s) 'training_pipeline' retrieved from /opt/airflow/dags/training_pipeline_dag.py
[2026-08-30T13:57:36.136+0000] {logging_mixin.py:188} INFO - [2026-08-30T13:57:36.135+0000] {dag.py:3089} INFO - Sync 1 DAGs
[2026-08-30T13:57:36.187+0000] {logging_mixin.py:188} INFO - [2026-08-30T13:57:36.186+0000] {dag.py:3947} INFO - Setting next_dagrun for training_pipeline to 2026-08-30 00:00:00+00:00, run_after=2026-08-31 00:00:00+00:00
[2026-08-30T13:57:36.238+0000] {processor.py:183} INFO - Processing /opt/airflow/dags/training_pipeline_dag.py took 2.528 seconds
[2026-08-30T13:58:07.204+0000] {processor.py:161} INFO - Started process (PID=5596) to work on /opt/airflow/dags/training_pipeline_dag.py
[2026-08-30T13:58:07.208+0000] {processor.py:830} INFO - Processing file /opt/airflow/dags/training_pipeline_dag.py for tasks to queue
[2026-08-30T13:58:07.213+0000] {logging_mixin.py:188} INFO - [2026-08-30T13:58:07.212+0000] {dagbag.py:545} INFO - Filling up the DagBag from /opt/airflow/dags/training_pipeline_dag.py
[2026-08-30T13:58:09.400+0000] {processor.py:840} INFO - DAG(s) 'training_pipeline' retrieved from /opt/airflow/dags/training_pipeline_dag.py
[2026-08-30T13:58:09.468+0000] {logging_mixin.py:188} INFO - [2026-08-30T13:58:09.467+0000] {dag.py:3089} INFO - Sync 1 DAGs
[2026-08-30T13:58:09.516+0000] {logging_mixin.py:188} INFO - [2026-08-30T13:58:09.515+0000] {dag.py:3947} INFO - Setting next_dagrun for training_pipeline to 2026-08-30 00:00:00+00:00, run_after=2026-08-31 00:00:00+00:00
[2026-08-30T13:58:09.566+0000] {processor.py:183} INFO - Processing /opt/airflow/dags/training_pipeline_dag.py took 2.383 seconds
[2026-08-30T13:58:40.229+0000] {processor.py:161} INFO - Started process (PID=5626) to work on /opt/airflow/dags/training_pipeline_dag.py
[2026-08-30T13:58:40.232+0000] {processor.py:830} INFO - Processing file /opt/airflow/dags/training_pipeline_dag.py for tasks to queue
[2026-08-30T13:58:40.236+0000] {logging_mixin.py:188} INFO - [2026-08-30T13:58:40.235+0000] {dagbag.py:545} INFO - Filling up the DagBag from /opt/airflow/dags/training_pipeline_dag.py
[2026-08-30T13:58:42.091+0000] {processor.py:840} INFO - DAG(s) 'training_pipeline' retrieved from /opt/airflow/dags/training_pipeline_dag.py
[2026-08-30T13:58:42.152+0000] {logging_mixin.py:188} INFO - [2026-08-30T13:58:42.151+0000] {dag.py:3089} INFO - Sync 1 DAGs
[2026-08-30T13:58:42.207+0000] {logging_mixin.py:188} INFO - [2026-08-30T13:58:42.206+0000] {dag.py:3947} INFO - Setting next_dagrun for training_pipeline to 2026-08-30 00:00:00+00:00, run_after=2026-08-31 00:00:00+00:00
[2026-08-30T13:58:42.258+0000] {processor.py:183} INFO - Processing /opt/airflow/dags/training_pipeline_dag.py took 2.050 seconds
[2026-08-30T13:59:13.272+0000] {processor.py:161} INFO - Started process (PID=5656) to work on /opt/airflow/dags/training_pipeline_dag.py
[2026-08-30T13:59:13.284+0000] {processor.py:830} INFO - Processing file /opt/airflow/dags/training_pipeline_dag.py for tasks to queue
[2026-08-30T13:59:13.291+0000] {logging_mixin.py:188} INFO - [2026-08-30T13:59:13.290+0000] {dagbag.py:545} INFO - Filling up the DagBag from /opt/airflow/dags/training_pipeline_dag.py
[2026-08-30T13:59:16.418+0000] {processor.py:840} INFO - DAG(s) 'training_pipeline' retrieved from /opt/airflow/dags/training_pipeline_dag.py
[2026-08-30T13:59:16.509+0000] {logging_mixin.py:188} INFO - [2026-08-30T13:59:16.507+0000] {dag.py:3089} INFO - Sync 1 DAGs
[2026-08-30T13:59:16.588+0000] {logging_mixin.py:188} INFO - [2026-08-30T13:59:16.588+0000] {dag.py:3947} INFO - Setting next_dagrun for training_pipeline to 2026-08-30 00:00:00+00:00, run_after=2026-08-31 00:00:00+00:00
[2026-08-30T13:59:16.646+0000] {processor.py:183} INFO - Processing /opt/airflow/dags/training_pipeline_dag.py took 3.396 seconds
[2026-08-30T13:59:47.533+0000] {processor.py:161} INFO - Started process (PID=5686) to work on /opt/airflow/dags/training_pipeline_dag.py
[2026-08-30T13:59:47.536+0000] {processor.py:830} INFO - Processing file /opt/airflow/dags/training_pipeline_dag.py for tasks to queue
[2026-08-30T13:59:47.540+0000] {logging_mixin.py:188} INFO - [2026-08-30T13:59:47.540+0000] {dagbag.py:545} INFO - Filling up the DagBag from /opt/airflow/dags/training_pipeline_dag.py
[2026-08-30T13:59:49.434+0000] {processor.py:840} INFO - DAG(s) 'training_pipeline' retrieved from /opt/airflow/dags/training_pipeline_dag.py
[2026-08-30T13:59:49.489+0000] {logging_mixin.py:188} INFO - [2026-08-30T13:59:49.488+0000] {dag.py:3089} INFO - Sync 1 DAGs
[2026-08-30T13:59:49.535+0000] {logging_mixin.py:188} INFO - [2026-08-30T13:59:49.535+0000] {dag.py:3947} INFO - Setting next_dagrun for training_pipeline to 2026-08-30 00:00:00+00:00, run_after=2026-08-31 00:00:00+00:00
[2026-08-30T13:59:49.631+0000] {processor.py:183} INFO - Processing /opt/airflow/dags/training_pipeline_dag.py took 2.116 seconds
[2026-08-30T14:00:21.241+0000] {processor.py:161} INFO - Started process (PID=5718) to work on /opt/airflow/dags/training_pipeline_dag.py
[2026-08-30T14:00:21.244+0000] {processor.py:830} INFO - Processing file /opt/airflow/dags/training_pipeline_dag.py for tasks to queue
[2026-08-30T14:00:21.248+0000] {logging_mixin.py:188} INFO - [2026-08-30T14:00:21.248+0000] {dagbag.py:545} INFO - Filling up the DagBag from /opt/airflow/dags/training_pipeline_dag.py
[2026-08-30T14:00:29.898+0000] {processor.py:840} INFO - DAG(s) 'training_pipeline' retrieved from /opt/airflow/dags/training_pipeline_dag.py
[2026-08-30T14:00:29.970+0000] {logging_mixin.py:188} INFO - [2026-08-30T14:00:29.969+0000] {dag.py:3089} INFO - Sync 1 DAGs
[2026-08-30T14:00:30.014+0000] {logging_mixin.py:188} INFO - [2026-08-30T14:00:30.014+0000] {dag.py:3947} INFO - Setting next_dagrun for training_pipeline to 2026-08-30 00:00:00+00:00, run_after=2026-08-31 00:00:00+00:00
[2026-08-30T14:00:30.072+0000] {processor.py:183} INFO - Processing /opt/airflow/dags/training_pipeline_dag.py took 8.851 seconds
[2026-08-30T14:01:00.806+0000] {processor.py:161} INFO - Started process (PID=5748) to work on /opt/airflow/dags/training_pipeline_dag.py
[2026-08-30T14:01:00.810+0000] {processor.py:830} INFO - Processing file /opt/airflow/dags/training_pipeline_dag.py for tasks to queue
[2026-08-30T14:01:00.815+0000] {logging_mixin.py:188} INFO - [2026-08-30T14:01:00.814+0000] {dagbag.py:545} INFO - Filling up the DagBag from /opt/airflow/dags/training_pipeline_dag.py
[2026-08-30T14:01:02.608+0000] {processor.py:840} INFO - DAG(s) 'training_pipeline' retrieved from /opt/airflow/dags/training_pipeline_dag.py
[2026-08-30T14:01:02.669+0000] {logging_mixin.py:188} INFO - [2026-08-30T14:01:02.668+0000] {dag.py:3089} INFO - Sync 1 DAGs
[2026-08-30T14:01:02.717+0000] {logging_mixin.py:188} INFO - [2026-08-30T14:01:02.716+0000] {dag.py:3947} INFO - Setting next_dagrun for training_pipeline to 2026-08-30 00:00:00+00:00, run_after=2026-08-31 00:00:00+00:00
[2026-08-30T14:01:02.758+0000] {processor.py:183} INFO - Processing /opt/airflow/dags/training_pipeline_dag.py took 1.968 seconds
[2026-08-30T14:01:33.637+0000] {processor.py:161} INFO - Started process (PID=5778) to work on /opt/airflow/dags/training_pipeline_dag.py
[2026-08-30T14:01:33.640+0000] {processor.py:830} INFO - Processing file /opt/airflow/dags/training_pipeline_dag.py for tasks to queue
[2026-08-30T14:01:33.651+0000] {logging_mixin.py:188} INFO - [2026-08-30T14:01:33.649+0000] {dagbag.py:545} INFO - Filling up the DagBag from /opt/airflow/dags/training_pipeline_dag.py
[2026-08-30T14:01:35.352+0000] {processor.py:840} INFO - DAG(s) 'training_pipeline' retrieved from /opt/airflow/dags/training_pipeline_dag.py
[2026-08-30T14:01:35.410+0000] {logging_mixin.py:188} INFO - [2026-08-30T14:01:35.409+0000] {dag.py:3089} INFO - Sync 1 DAGs
[2026-08-30T14:01:35.450+0000] {logging_mixin.py:188} INFO - [2026-08-30T14:01:35.449+0000] {dag.py:3947} INFO - Setting next_dagrun for training_pipeline to 2026-08-30 00:00:00+00:00, run_after=2026-08-31 00:00:00+00:00
[2026-08-30T14:01:35.494+0000] {processor.py:183} INFO - Processing /opt/airflow/dags/training_pipeline_dag.py took 1.883 seconds
[2026-08-30T14:02:05.693+0000] {processor.py:161} INFO - Started process (PID=5808) to work on /opt/airflow/dags/training_pipeline_dag.py
[2026-08-30T14:02:05.695+0000] {processor.py:830} INFO - Processing file /opt/airflow/dags/training_pipeline_dag.py for tasks to queue
[2026-08-30T14:02:05.699+0000] {logging_mixin.py:188} INFO - [2026-08-30T14:02:05.698+0000] {dagbag.py:545} INFO - Filling up the DagBag from /opt/airflow/dags/training_pipeline_dag.py
[2026-08-30T14:02:07.574+0000] {processor.py:840} INFO - DAG(s) 'training_pipeline' retrieved from /opt/airflow/dags/training_pipeline_dag.py
[2026-08-30T14:02:07.639+0000] {logging_mixin.py:188} INFO - [2026-08-30T14:02:07.638+0000] {dag.py:3089} INFO - Sync 1 DAGs
[2026-08-30T14:02:07.716+0000] {logging_mixin.py:188} INFO - [2026-08-30T14:02:07.714+0000] {dag.py:3947} INFO - Setting next_dagrun for training_pipeline to 2026-08-30 00:00:00+00:00, run_after=2026-08-31 00:00:00+00:00
[2026-08-30T14:02:07.799+0000] {processor.py:183} INFO - Processing /opt/airflow/dags/training_pipeline_dag.py took 2.129 seconds
[2026-08-30T14:02:38.156+0000] {processor.py:161} INFO - Started process (PID=5838) to work on /opt/airflow/dags/training_pipeline_dag.py
[2026-08-30T14:02:38.159+0000] {processor.py:830} INFO - Processing file /opt/airflow/dags/training_pipeline_dag.py for tasks to queue
[2026-08-30T14:02:38.164+0000] {logging_mixin.py:188} INFO - [2026-08-30T14:02:38.163+0000] {dagbag.py:545} INFO - Filling up the DagBag from /opt/airflow/dags/training_pipeline_dag.py
[2026-08-30T14:02:40.019+0000] {processor.py:840} INFO - DAG(s) 'training_pipeline' retrieved from /opt/airflow/dags/training_pipeline_dag.py
[2026-08-30T14:02:40.078+0000] {logging_mixin.py:188} INFO - [2026-08-30T14:02:40.077+0000] {dag.py:3089} INFO - Sync 1 DAGs
[2026-08-30T14:02:40.120+0000] {logging_mixin.py:188} INFO - [2026-08-30T14:02:40.120+0000] {dag.py:3947} INFO - Setting next_dagrun for training_pipeline to 2026-08-30 00:00:00+00:00, run_after=2026-08-31 00:00:00+00:00
[2026-08-30T14:02:40.158+0000] {processor.py:183} INFO - Processing /opt/airflow/dags/training_pipeline_dag.py took 2.020 seconds
[2026-08-30T14:03:10.935+0000] {processor.py:161} INFO - Started process (PID=5868) to work on /opt/airflow/dags/training_pipeline_dag.py
[2026-08-30T14:03:10.938+0000] {processor.py:830} INFO - Processing file /opt/airflow/dags/training_pipeline_dag.py for tasks to queue
[2026-08-30T14:03:10.949+0000] {logging_mixin.py:188} INFO - [2026-08-30T14:03:10.948+0000] {dagbag.py:545} INFO - Filling up the DagBag from /opt/airflow/dags/training_pipeline_dag.py
[2026-08-30T14:03:13.758+0000] {processor.py:840} INFO - DAG(s) 'training_pipeline' retrieved from /opt/airflow/dags/training_pipeline_dag.py
[2026-08-30T14:03:13.889+0000] {logging_mixin.py:188} INFO - [2026-08-30T14:03:13.888+0000] {dag.py:3089} INFO - Sync 1 DAGs
[2026-08-30T14:03:13.957+0000] {logging_mixin.py:188} INFO - [2026-08-30T14:03:13.956+0000] {dag.py:3947} INFO - Setting next_dagrun for training_pipeline to 2026-08-30 00:00:00+00:00, run_after=2026-08-31 00:00:00+00:00
[2026-08-30T14:03:14.041+0000] {processor.py:183} INFO - Processing /opt/airflow/dags/training_pipeline_dag.py took 3.133 seconds
[2026-08-30T14:03:44.491+0000] {processor.py:161} INFO - Started process (PID=5898) to work on /opt/airflow/dags/training_pipeline_dag.py
[2026-08-30T14:03:44.494+0000] {processor.py:830} INFO - Processing file /opt/airflow/dags/training_pipeline_dag.py for tasks to queue
[2026-08-30T14:03:44.498+0000] {logging_mixin.py:188} INFO - [2026-08-30T14:03:44.498+0000] {dagbag.py:545} INFO - Filling up the DagBag from /opt/airflow/dags/training_pipeline_dag.py
[2026-08-30T14:03:47.263+0000] {processor.py:840} INFO - DAG(s) 'training_pipeline' retrieved from /opt/airflow/dags/training_pipeline_dag.py
[2026-08-30T14:03:47.338+0000] {logging_mixin.py:188} INFO - [2026-08-30T14:03:47.337+0000] {dag.py:3089} INFO - Sync 1 DAGs
[2026-08-30T14:03:47.389+0000] {logging_mixin.py:188} INFO - [2026-08-30T14:03:47.388+0000] {dag.py:3947} INFO - Setting next_dagrun for training_pipeline to 2026-08-30 00:00:00+00:00, run_after=2026-08-31 00:00:00+00:00
[2026-08-30T14:03:47.494+0000] {processor.py:183} INFO - Processing /opt/airflow/dags/training_pipeline_dag.py took 3.021 seconds
[2026-08-30T14:04:18.129+0000] {processor.py:161} INFO - Started process (PID=5928) to work on /opt/airflow/dags/training_pipeline_dag.py
[2026-08-30T14:04:18.132+0000] {processor.py:830} INFO - Processing file /opt/airflow/dags/training_pipeline_dag.py for tasks to queue
[2026-08-30T14:04:18.137+0000] {logging_mixin.py:188} INFO - [2026-08-30T14:04:18.136+0000] {dagbag.py:545} INFO - Filling up the DagBag from /opt/airflow/dags/training_pipeline_dag.py
[2026-08-30T14:04:19.846+0000] {processor.py:840} INFO - DAG(s) 'training_pipeline' retrieved from /opt/airflow/dags/training_pipeline_dag.py
[2026-08-30T14:04:19.898+0000] {logging_mixin.py:188} INFO - [2026-08-30T14:04:19.897+0000] {dag.py:3089} INFO - Sync 1 DAGs
[2026-08-30T14:04:19.945+0000] {logging_mixin.py:188} INFO - [2026-08-30T14:04:19.944+0000] {dag.py:3947} INFO - Setting next_dagrun for training_pipeline to 2026-08-30 00:00:00+00:00, run_after=2026-08-31 00:00:00+00:00
[2026-08-30T14:04:19.981+0000] {processor.py:183} INFO - Processing /opt/airflow/dags/training_pipeline_dag.py took 1.871 seconds
[2026-08-30T14:04:50.496+0000] {processor.py:161} INFO - Started process (PID=5958) to work on /opt/airflow/dags/training_pipeline_dag.py
[2026-08-30T14:04:50.499+0000] {processor.py:830} INFO - Processing file /opt/airflow/dags/training_pipeline_dag.py for tasks to queue
[2026-08-30T14:04:50.503+0000] {logging_mixin.py:188} INFO - [2026-08-30T14:04:50.503+0000] {dagbag.py:545} INFO - Filling up the DagBag from /opt/airflow/dags/training_pipeline_dag.py
[2026-08-30T14:04:52.312+0000] {processor.py:840} INFO - DAG(s) 'training_pipeline' retrieved from /opt/airflow/dags/training_pipeline_dag.py
[2026-08-30T14:04:52.364+0000] {logging_mixin.py:188} INFO - [2026-08-30T14:04:52.363+0000] {dag.py:3089} INFO - Sync 1 DAGs
[2026-08-30T14:04:52.399+0000] {logging_mixin.py:188} INFO - [2026-08-30T14:04:52.398+0000] {dag.py:3947} INFO - Setting next_dagrun for training_pipeline to 2026-08-30 00:00:00+00:00, run_after=2026-08-31 00:00:00+00:00
[2026-08-30T14:04:52.434+0000] {processor.py:183} INFO - Processing /opt/airflow/dags/training_pipeline_dag.py took 1.957 seconds
[2026-08-30T14:05:22.842+0000] {processor.py:161} INFO - Started process (PID=5988) to work on /opt/airflow/dags/training_pipeline_dag.py
[2026-08-30T14:05:22.845+0000] {processor.py:830} INFO - Processing file /opt/airflow/dags/training_pipeline_dag.py for tasks to queue
[2026-08-30T14:05:22.851+0000] {logging_mixin.py:188} INFO - [2026-08-30T14:05:22.850+0000] {dagbag.py:545} INFO - Filling up the DagBag from /opt/airflow/dags/training_pipeline_dag.py
[2026-08-30T14:05:24.639+0000] {processor.py:840} INFO - DAG(s) 'training_pipeline' retrieved from /opt/airflow/dags/training_pipeline_dag.py
[2026-08-30T14:05:24.698+0000] {logging_mixin.py:188} INFO - [2026-08-30T14:05:24.697+0000] {dag.py:3089} INFO - Sync 1 DAGs
[2026-08-30T14:05:24.742+0000] {logging_mixin.py:188} INFO - [2026-08-30T14:05:24.742+0000] {dag.py:3947} INFO - Setting next_dagrun for training_pipeline to 2026-08-30 00:00:00+00:00, run_after=2026-08-31 00:00:00+00:00
[2026-08-30T14:05:24.778+0000] {processor.py:183} INFO - Processing /opt/airflow/dags/training_pipeline_dag.py took 1.957 seconds
[2026-08-30T14:05:55.215+0000] {processor.py:161} INFO - Started process (PID=6018) to work on /opt/airflow/dags/training_pipeline_dag.py
[2026-08-30T14:05:55.217+0000] {processor.py:830} INFO - Processing file /opt/airflow/dags/training_pipeline_dag.py for tasks to queue
[2026-08-30T14:05:55.223+0000] {logging_mixin.py:188} INFO - [2026-08-30T14:05:55.222+0000] {dagbag.py:545} INFO - Filling up the DagBag from /opt/airflow/dags/training_pipeline_dag.py
[2026-08-30T14:05:56.983+0000] {processor.py:840} INFO - DAG(s) 'training_pipeline' retrieved from /opt/airflow/dags/training_pipeline_dag.py
[2026-08-30T14:05:57.036+0000] {logging_mixin.py:188} INFO - [2026-08-30T14:05:57.035+0000] {dag.py:3089} INFO - Sync 1 DAGs
[2026-08-30T14:05:57.084+0000] {logging_mixin.py:188} INFO - [2026-08-30T14:05:57.084+0000] {dag.py:3947} INFO - Setting next_dagrun for training_pipeline to 2026-08-30 00:00:00+00:00, run_after=2026-08-31 00:00:00+00:00
[2026-08-30T14:05:57.127+0000] {processor.py:183} INFO - Processing /opt/airflow/dags/training_pipeline_dag.py took 1.931 seconds
[2026-08-30T14:06:27.623+0000] {processor.py:161} INFO - Started process (PID=6048) to work on /opt/airflow/dags/training_pipeline_dag.py
[2026-08-30T14:06:27.626+0000] {processor.py:830} INFO - Processing file /opt/airflow/dags/training_pipeline_dag.py for tasks to queue
[2026-08-30T14:06:27.633+0000] {logging_mixin.py:188} INFO - [2026-08-30T14:06:27.632+0000] {dagbag.py:545} INFO - Filling up the DagBag from /opt/airflow/dags/training_pipeline_dag.py
[2026-08-30T14:06:29.289+0000] {processor.py:840} INFO - DAG(s) 'training_pipeline' retrieved from /opt/airflow/dags/training_pipeline_dag.py
[2026-08-30T14:06:29.335+0000] {logging_mixin.py:188} INFO - [2026-08-30T14:06:29.334+0000] {dag.py:3089} INFO - Sync 1 DAGs
[2026-08-30T14:06:29.383+0000] {logging_mixin.py:188} INFO - [2026-08-30T14:06:29.382+0000] {dag.py:3947} INFO - Setting next_dagrun for training_pipeline to 2026-08-30 00:00:00+00:00, run_after=2026-08-31 00:00:00+00:00
[2026-08-30T14:06:29.421+0000] {processor.py:183} INFO - Processing /opt/airflow/dags/training_pipeline_dag.py took 1.816 seconds
[2026-08-30T14:06:59.675+0000] {processor.py:161} INFO - Started process (PID=6076) to work on /opt/airflow/dags/training_pipeline_dag.py
[2026-08-30T14:06:59.677+0000] {processor.py:830} INFO - Processing file /opt/airflow/dags/training_pipeline_dag.py for tasks to queue
[2026-08-30T14:06:59.681+0000] {logging_mixin.py:188} INFO - [2026-08-30T14:06:59.681+0000] {dagbag.py:545} INFO - Filling up the DagBag from /opt/airflow/dags/training_pipeline_dag.py
[2026-08-30T14:07:01.391+0000] {processor.py:840} INFO - DAG(s) 'training_pipeline' retrieved from /opt/airflow/dags/training_pipeline_dag.py
[2026-08-30T14:07:01.449+0000] {logging_mixin.py:188} INFO - [2026-08-30T14:07:01.448+0000] {dag.py:3089} INFO - Sync 1 DAGs
[2026-08-30T14:07:01.492+0000] {logging_mixin.py:188} INFO - [2026-08-30T14:07:01.491+0000] {dag.py:3947} INFO - Setting next_dagrun for training_pipeline to 2026-08-30 00:00:00+00:00, run_after=2026-08-31 00:00:00+00:00
[2026-08-30T14:07:01.532+0000] {processor.py:183} INFO - Processing /opt/airflow/dags/training_pipeline_dag.py took 1.725 seconds
[2026-08-30T14:07:34.245+0000] {processor.py:161} INFO - Started process (PID=6094) to work on /opt/airflow/dags/training_pipeline_dag.py
[2026-08-30T14:07:34.248+0000] {processor.py:830} INFO - Processing file /opt/airflow/dags/training_pipeline_dag.py for tasks to queue
[2026-08-30T14:07:34.253+0000] {logging_mixin.py:188} INFO - [2026-08-30T14:07:34.252+0000] {dagbag.py:545} INFO - Filling up the DagBag from /opt/airflow/dags/training_pipeline_dag.py
[2026-08-30T14:07:32.746+0000] {processor.py:840} INFO - DAG(s) 'training_pipeline' retrieved from /opt/airflow/dags/training_pipeline_dag.py
[2026-08-30T14:07:32.866+0000] {logging_mixin.py:188} INFO - [2026-08-30T14:07:32.865+0000] {dag.py:3089} INFO - Sync 1 DAGs
[2026-08-30T14:07:32.900+0000] {logging_mixin.py:188} INFO - [2026-08-30T14:07:32.899+0000] {dag.py:3947} INFO - Setting next_dagrun for training_pipeline to 2026-08-30 00:00:00+00:00, run_after=2026-08-31 00:00:00+00:00
[2026-08-30T14:07:32.934+0000] {processor.py:183} INFO - Processing /opt/airflow/dags/training_pipeline_dag.py took 1.941 seconds
[2026-08-30T14:08:04.721+0000] {processor.py:161} INFO - Started process (PID=6120) to work on /opt/airflow/dags/training_pipeline_dag.py
[2026-08-30T14:08:04.724+0000] {processor.py:830} INFO - Processing file /opt/airflow/dags/training_pipeline_dag.py for tasks to queue
[2026-08-30T14:08:04.729+0000] {logging_mixin.py:188} INFO - [2026-08-30T14:08:04.728+0000] {dagbag.py:545} INFO - Filling up the DagBag from /opt/airflow/dags/training_pipeline_dag.py
[2026-08-30T14:08:02.943+0000] {processor.py:840} INFO - DAG(s) 'training_pipeline' retrieved from /opt/airflow/dags/training_pipeline_dag.py
[2026-08-30T14:08:02.990+0000] {logging_mixin.py:188} INFO - [2026-08-30T14:08:02.990+0000] {dag.py:3089} INFO - Sync 1 DAGs
[2026-08-30T14:08:03.029+0000] {logging_mixin.py:188} INFO - [2026-08-30T14:08:03.029+0000] {dag.py:3947} INFO - Setting next_dagrun for training_pipeline to 2026-08-30 00:00:00+00:00, run_after=2026-08-31 00:00:00+00:00
[2026-08-30T14:08:03.064+0000] {processor.py:183} INFO - Processing /opt/airflow/dags/training_pipeline_dag.py took 1.731 seconds
[2026-08-30T14:08:33.565+0000] {processor.py:161} INFO - Started process (PID=6150) to work on /opt/airflow/dags/training_pipeline_dag.py
[2026-08-30T14:08:33.568+0000] {processor.py:830} INFO - Processing file /opt/airflow/dags/training_pipeline_dag.py for tasks to queue
[2026-08-30T14:08:33.572+0000] {logging_mixin.py:188} INFO - [2026-08-30T14:08:33.572+0000] {dagbag.py:545} INFO - Filling up the DagBag from /opt/airflow/dags/training_pipeline_dag.py
[2026-08-30T14:08:35.415+0000] {processor.py:840} INFO - DAG(s) 'training_pipeline' retrieved from /opt/airflow/dags/training_pipeline_dag.py
[2026-08-30T14:08:35.462+0000] {logging_mixin.py:188} INFO - [2026-08-30T14:08:35.461+0000] {dag.py:3089} INFO - Sync 1 DAGs
[2026-08-30T14:08:35.500+0000] {logging_mixin.py:188} INFO - [2026-08-30T14:08:35.500+0000] {dag.py:3947} INFO - Setting next_dagrun for training_pipeline to 2026-08-30 00:00:00+00:00, run_after=2026-08-31 00:00:00+00:00
[2026-08-30T14:08:35.540+0000] {processor.py:183} INFO - Processing /opt/airflow/dags/training_pipeline_dag.py took 1.996 seconds
[2026-08-30T14:09:05.931+0000] {processor.py:161} INFO - Started process (PID=6180) to work on /opt/airflow/dags/training_pipeline_dag.py
[2026-08-30T14:09:05.933+0000] {processor.py:830} INFO - Processing file /opt/airflow/dags/training_pipeline_dag.py for tasks to queue
[2026-08-30T14:09:05.938+0000] {logging_mixin.py:188} INFO - [2026-08-30T14:09:05.937+0000] {dagbag.py:545} INFO - Filling up the DagBag from /opt/airflow/dags/training_pipeline_dag.py
[2026-08-30T14:09:07.694+0000] {processor.py:840} INFO - DAG(s) 'training_pipeline' retrieved from /opt/airflow/dags/training_pipeline_dag.py
[2026-08-30T14:09:07.766+0000] {logging_mixin.py:188} INFO - [2026-08-30T14:09:07.765+0000] {dag.py:3089} INFO - Sync 1 DAGs
[2026-08-30T14:09:07.805+0000] {logging_mixin.py:188} INFO - [2026-08-30T14:09:07.805+0000] {dag.py:3947} INFO - Setting next_dagrun for training_pipeline to 2026-08-30 00:00:00+00:00, run_after=2026-08-31 00:00:00+00:00
[2026-08-30T14:09:07.846+0000] {processor.py:183} INFO - Processing /opt/airflow/dags/training_pipeline_dag.py took 1.932 seconds
[2026-08-30T14:09:38.268+0000] {processor.py:161} INFO - Started process (PID=6210) to work on /opt/airflow/dags/training_pipeline_dag.py
[2026-08-30T14:09:38.270+0000] {processor.py:830} INFO - Processing file /opt/airflow/dags/training_pipeline_dag.py for tasks to queue
[2026-08-30T14:09:38.277+0000] {logging_mixin.py:188} INFO - [2026-08-30T14:09:38.276+0000] {dagbag.py:545} INFO - Filling up the DagBag from /opt/airflow/dags/training_pipeline_dag.py
[2026-08-30T14:09:40.021+0000] {processor.py:840} INFO - DAG(s) 'training_pipeline' retrieved from /opt/airflow/dags/training_pipeline_dag.py
[2026-08-30T14:09:40.073+0000] {logging_mixin.py:188} INFO - [2026-08-30T14:09:40.073+0000] {dag.py:3089} INFO - Sync 1 DAGs
[2026-08-30T14:09:40.121+0000] {logging_mixin.py:188} INFO - [2026-08-30T14:09:40.121+0000] {dag.py:3947} INFO - Setting next_dagrun for training_pipeline to 2026-08-30 00:00:00+00:00, run_after=2026-08-31 00:00:00+00:00
[2026-08-30T14:09:40.161+0000] {processor.py:183} INFO - Processing /opt/airflow/dags/training_pipeline_dag.py took 1.910 seconds
[2026-08-30T14:10:11.343+0000] {processor.py:161} INFO - Started process (PID=6240) to work on /opt/airflow/dags/training_pipeline_dag.py
[2026-08-30T14:10:11.346+0000] {processor.py:830} INFO - Processing file /opt/airflow/dags/training_pipeline_dag.py for tasks to queue
[2026-08-30T14:10:11.351+0000] {logging_mixin.py:188} INFO - [2026-08-30T14:10:11.350+0000] {dagbag.py:545} INFO - Filling up the DagBag from /opt/airflow/dags/training_pipeline_dag.py
[2026-08-30T14:10:13.074+0000] {processor.py:840} INFO - DAG(s) 'training_pipeline' retrieved from /opt/airflow/dags/training_pipeline_dag.py
[2026-08-30T14:10:13.125+0000] {logging_mixin.py:188} INFO - [2026-08-30T14:10:13.124+0000] {dag.py:3089} INFO - Sync 1 DAGs
[2026-08-30T14:10:13.165+0000] {logging_mixin.py:188} INFO - [2026-08-30T14:10:13.165+0000] {dag.py:3947} INFO - Setting next_dagrun for training_pipeline to 2026-08-30 00:00:00+00:00, run_after=2026-08-31 00:00:00+00:00
[2026-08-30T14:10:13.206+0000] {processor.py:183} INFO - Processing /opt/airflow/dags/training_pipeline_dag.py took 1.880 seconds
[2026-08-30T14:10:43.913+0000] {processor.py:161} INFO - Started process (PID=6270) to work on /opt/airflow/dags/training_pipeline_dag.py
[2026-08-30T14:10:43.916+0000] {processor.py:830} INFO - Processing file /opt/airflow/dags/training_pipeline_dag.py for tasks to queue
[2026-08-30T14:10:43.922+0000] {logging_mixin.py:188} INFO - [2026-08-30T14:10:43.921+0000] {dagbag.py:545} INFO - Filling up the DagBag from /opt/airflow/dags/training_pipeline_dag.py
[2026-08-30T14:10:45.527+0000] {processor.py:840} INFO - DAG(s) 'training_pipeline' retrieved from /opt/airflow/dags/training_pipeline_dag.py
[2026-08-30T14:10:45.578+0000] {logging_mixin.py:188} INFO - [2026-08-30T14:10:45.577+0000] {dag.py:3089} INFO - Sync 1 DAGs
[2026-08-30T14:10:45.626+0000] {logging_mixin.py:188} INFO - [2026-08-30T14:10:45.625+0000] {dag.py:3947} INFO - Setting next_dagrun for training_pipeline to 2026-08-30 00:00:00+00:00, run_after=2026-08-31 00:00:00+00:00
[2026-08-30T14:10:45.669+0000] {processor.py:183} INFO - Processing /opt/airflow/dags/training_pipeline_dag.py took 1.772 seconds
[2026-08-30T14:11:16.473+0000] {processor.py:161} INFO - Started process (PID=6300) to work on /opt/airflow/dags/training_pipeline_dag.py
[2026-08-30T14:11:16.476+0000] {processor.py:830} INFO - Processing file /opt/airflow/dags/training_pipeline_dag.py for tasks to queue
[2026-08-30T14:11:16.480+0000] {logging_mixin.py:188} INFO - [2026-08-30T14:11:16.480+0000] {dagbag.py:545} INFO - Filling up the DagBag from /opt/airflow/dags/training_pipeline_dag.py
[2026-08-30T14:11:16.017+0000] {processor.py:840} INFO - DAG(s) 'training_pipeline' retrieved from /opt/airflow/dags/training_pipeline_dag.py
[2026-08-30T14:11:16.077+0000] {logging_mixin.py:188} INFO - [2026-08-30T14:11:16.076+0000] {dag.py:3089} INFO - Sync 1 DAGs
[2026-08-30T14:11:16.119+0000] {logging_mixin.py:188} INFO - [2026-08-30T14:11:16.118+0000] {dag.py:3947} INFO - Setting next_dagrun for training_pipeline to 2026-08-30 00:00:00+00:00, run_after=2026-08-31 00:00:00+00:00
[2026-08-30T14:11:16.160+0000] {processor.py:183} INFO - Processing /opt/airflow/dags/training_pipeline_dag.py took 1.991 seconds
[2026-08-30T14:11:46.680+0000] {processor.py:161} INFO - Started process (PID=6330) to work on /opt/airflow/dags/training_pipeline_dag.py
[2026-08-30T14:11:46.682+0000] {processor.py:830} INFO - Processing file /opt/airflow/dags/training_pipeline_dag.py for tasks to queue
[2026-08-30T14:11:46.687+0000] {logging_mixin.py:188} INFO - [2026-08-30T14:11:46.686+0000] {dagbag.py:545} INFO - Filling up the DagBag from /opt/airflow/dags/training_pipeline_dag.py
[2026-08-30T14:11:48.620+0000] {processor.py:840} INFO - DAG(s) 'training_pipeline' retrieved from /opt/airflow/dags/training_pipeline_dag.py
[2026-08-30T14:11:48.673+0000] {logging_mixin.py:188} INFO - [2026-08-30T14:11:48.672+0000] {dag.py:3089} INFO - Sync 1 DAGs
[2026-08-30T14:11:48.713+0000] {logging_mixin.py:188} INFO - [2026-08-30T14:11:48.712+0000] {dag.py:3947} INFO - Setting next_dagrun for training_pipeline to 2026-08-30 00:00:00+00:00, run_after=2026-08-31 00:00:00+00:00
[2026-08-30T14:11:48.753+0000] {processor.py:183} INFO - Processing /opt/airflow/dags/training_pipeline_dag.py took 2.091 seconds
[2026-08-30T14:12:19.510+0000] {processor.py:161} INFO - Started process (PID=6360) to work on /opt/airflow/dags/training_pipeline_dag.py
[2026-08-30T14:12:19.513+0000] {processor.py:830} INFO - Processing file /opt/airflow/dags/training_pipeline_dag.py for tasks to queue
[2026-08-30T14:12:19.519+0000] {logging_mixin.py:188} INFO - [2026-08-30T14:12:19.519+0000] {dagbag.py:545} INFO - Filling up the DagBag from /opt/airflow/dags/training_pipeline_dag.py
[2026-08-30T14:12:21.047+0000] {processor.py:840} INFO - DAG(s) 'training_pipeline' retrieved from /opt/airflow/dags/training_pipeline_dag.py
[2026-08-30T14:12:21.096+0000] {logging_mixin.py:188} INFO - [2026-08-30T14:12:21.096+0000] {dag.py:3089} INFO - Sync 1 DAGs
[2026-08-30T14:12:21.132+0000] {logging_mixin.py:188} INFO - [2026-08-30T14:12:21.132+0000] {dag.py:3947} INFO - Setting next_dagrun for training_pipeline to 2026-08-30 00:00:00+00:00, run_after=2026-08-31 00:00:00+00:00
[2026-08-30T14:12:21.170+0000] {processor.py:183} INFO - Processing /opt/airflow/dags/training_pipeline_dag.py took 1.678 seconds
[2026-08-30T14:12:51.784+0000] {processor.py:161} INFO - Started process (PID=6390) to work on /opt/airflow/dags/training_pipeline_dag.py
[2026-08-30T14:12:51.787+0000] {processor.py:830} INFO - Processing file /opt/airflow/dags/training_pipeline_dag.py for tasks to queue
[2026-08-30T14:12:51.793+0000] {logging_mixin.py:188} INFO - [2026-08-30T14:12:51.792+0000] {dagbag.py:545} INFO - Filling up the DagBag from /opt/airflow/dags/training_pipeline_dag.py
[2026-08-30T14:12:53.567+0000] {processor.py:840} INFO - DAG(s) 'training_pipeline' retrieved from /opt/airflow/dags/training_pipeline_dag.py
[2026-08-30T14:12:53.624+0000] {logging_mixin.py:188} INFO - [2026-08-30T14:12:53.623+0000] {dag.py:3089} INFO - Sync 1 DAGs
[2026-08-30T14:12:53.663+0000] {logging_mixin.py:188} INFO - [2026-08-30T14:12:53.662+0000] {dag.py:3947} INFO - Setting next_dagrun for training_pipeline to 2026-08-30 00:00:00+00:00, run_after=2026-08-31 00:00:00+00:00
[2026-08-30T14:12:53.703+0000] {processor.py:183} INFO - Processing /opt/airflow/dags/training_pipeline_dag.py took 1.943 seconds
[2026-08-30T14:13:23.924+0000] {processor.py:161} INFO - Started process (PID=6420) to work on /opt/airflow/dags/training_pipeline_dag.py
[2026-08-30T14:13:23.927+0000] {processor.py:830} INFO - Processing file /opt/airflow/dags/training_pipeline_dag.py for tasks to queue
[2026-08-30T14:13:23.931+0000] {logging_mixin.py:188} INFO - [2026-08-30T14:13:23.930+0000] {dagbag.py:545} INFO - Filling up the DagBag from /opt/airflow/dags/training_pipeline_dag.py
[2026-08-30T14:13:25.750+0000] {processor.py:840} INFO - DAG(s) 'training_pipeline' retrieved from /opt/airflow/dags/training_pipeline_dag.py
[2026-08-30T14:13:25.805+0000] {logging_mixin.py:188} INFO - [2026-08-30T14:13:25.804+0000] {dag.py:3089} INFO - Sync 1 DAGs
[2026-08-30T14:13:25.852+0000] {logging_mixin.py:188} INFO - [2026-08-30T14:13:25.852+0000] {dag.py:3947} INFO - Setting next_dagrun for training_pipeline to 2026-08-30 00:00:00+00:00, run_after=2026-08-31 00:00:00+00:00
[2026-08-30T14:13:25.889+0000] {processor.py:183} INFO - Processing /opt/airflow/dags/training_pipeline_dag.py took 1.981 seconds
[2026-08-30T16:49:49.665+0000] {processor.py:161} INFO - Started process (PID=6432) to work on /opt/airflow/dags/training_pipeline_dag.py
[2026-08-30T16:49:49.672+0000] {processor.py:830} INFO - Processing file /opt/airflow/dags/training_pipeline_dag.py for tasks to queue
[2026-08-30T16:49:49.713+0000] {logging_mixin.py:188} INFO - [2026-08-30T16:49:49.689+0000] {dagbag.py:545} INFO - Filling up the DagBag from /opt/airflow/dags/training_pipeline_dag.py
[2026-08-30T16:49:52.662+0000] {processor.py:840} INFO - DAG(s) 'training_pipeline' retrieved from /opt/airflow/dags/training_pipeline_dag.py
[2026-08-30T16:49:52.738+0000] {logging_mixin.py:188} INFO - [2026-08-30T16:49:52.737+0000] {dag.py:3089} INFO - Sync 1 DAGs
[2026-08-30T16:49:52.815+0000] {logging_mixin.py:188} INFO - [2026-08-30T16:49:52.810+0000] {dag.py:3947} INFO - Setting next_dagrun for training_pipeline to 2026-08-30 00:00:00+00:00, run_after=2026-08-31 00:00:00+00:00
[2026-08-30T16:49:52.913+0000] {processor.py:183} INFO - Processing /opt/airflow/dags/training_pipeline_dag.py took 3.280 seconds
[2026-08-30T16:50:24.071+0000] {processor.py:161} INFO - Started process (PID=6466) to work on /opt/airflow/dags/training_pipeline_dag.py
[2026-08-30T16:50:24.082+0000] {processor.py:830} INFO - Processing file /opt/airflow/dags/training_pipeline_dag.py for tasks to queue
[2026-08-30T16:50:24.240+0000] {logging_mixin.py:188} INFO - [2026-08-30T16:50:24.239+0000] {dagbag.py:545} INFO - Filling up the DagBag from /opt/airflow/dags/training_pipeline_dag.py
[2026-08-30T16:50:51.770+0000] {processor.py:840} INFO - DAG(s) 'training_pipeline' retrieved from /opt/airflow/dags/training_pipeline_dag.py
[2026-08-30T16:50:52.001+0000] {logging_mixin.py:188} INFO - [2026-08-30T16:50:51.998+0000] {dag.py:3089} INFO - Sync 1 DAGs
[2026-08-30T16:50:52.096+0000] {logging_mixin.py:188} INFO - [2026-08-30T16:50:52.091+0000] {dag.py:3947} INFO - Setting next_dagrun for training_pipeline to 2026-08-30 00:00:00+00:00, run_after=2026-08-31 00:00:00+00:00
[2026-08-30T16:50:52.225+0000] {processor.py:183} INFO - Processing /opt/airflow/dags/training_pipeline_dag.py took 28.290 seconds
[2026-08-30T16:51:25.037+0000] {processor.py:161} INFO - Started process (PID=6498) to work on /opt/airflow/dags/training_pipeline_dag.py
[2026-08-30T16:51:25.047+0000] {processor.py:830} INFO - Processing file /opt/airflow/dags/training_pipeline_dag.py for tasks to queue
[2026-08-30T16:51:25.067+0000] {logging_mixin.py:188} INFO - [2026-08-30T16:51:25.064+0000] {dagbag.py:545} INFO - Filling up the DagBag from /opt/airflow/dags/training_pipeline_dag.py
[2026-08-30T16:51:24.390+0000] {processor.py:840} INFO - DAG(s) 'training_pipeline' retrieved from /opt/airflow/dags/training_pipeline_dag.py
[2026-08-30T16:51:24.443+0000] {logging_mixin.py:188} INFO - [2026-08-30T16:51:24.442+0000] {dag.py:3089} INFO - Sync 1 DAGs
[2026-08-30T16:51:24.501+0000] {logging_mixin.py:188} INFO - [2026-08-30T16:51:24.501+0000] {dag.py:3947} INFO - Setting next_dagrun for training_pipeline to 2026-08-30 00:00:00+00:00, run_after=2026-08-31 00:00:00+00:00
[2026-08-30T16:51:24.551+0000] {processor.py:183} INFO - Processing /opt/airflow/dags/training_pipeline_dag.py took 2.889 seconds
[2026-08-30T16:51:55.387+0000] {processor.py:161} INFO - Started process (PID=6550) to work on /opt/airflow/dags/training_pipeline_dag.py
[2026-08-30T16:51:55.390+0000] {processor.py:830} INFO - Processing file /opt/airflow/dags/training_pipeline_dag.py for tasks to queue
[2026-08-30T16:51:55.396+0000] {logging_mixin.py:188} INFO - [2026-08-30T16:51:55.395+0000] {dagbag.py:545} INFO - Filling up the DagBag from /opt/airflow/dags/training_pipeline_dag.py
[2026-08-30T16:51:57.153+0000] {processor.py:840} INFO - DAG(s) 'training_pipeline' retrieved from /opt/airflow/dags/training_pipeline_dag.py
[2026-08-30T16:51:57.208+0000] {logging_mixin.py:188} INFO - [2026-08-30T16:51:57.207+0000] {dag.py:3089} INFO - Sync 1 DAGs
[2026-08-30T16:51:57.254+0000] {logging_mixin.py:188} INFO - [2026-08-30T16:51:57.253+0000] {dag.py:3947} INFO - Setting next_dagrun for training_pipeline to 2026-08-30 00:00:00+00:00, run_after=2026-08-31 00:00:00+00:00
[2026-08-30T16:51:57.297+0000] {processor.py:183} INFO - Processing /opt/airflow/dags/training_pipeline_dag.py took 1.961 seconds
[2026-08-30T16:52:27.777+0000] {processor.py:161} INFO - Started process (PID=6580) to work on /opt/airflow/dags/training_pipeline_dag.py
[2026-08-30T16:52:27.780+0000] {processor.py:830} INFO - Processing file /opt/airflow/dags/training_pipeline_dag.py for tasks to queue
[2026-08-30T16:52:27.785+0000] {logging_mixin.py:188} INFO - [2026-08-30T16:52:27.784+0000] {dagbag.py:545} INFO - Filling up the DagBag from /opt/airflow/dags/training_pipeline_dag.py
[2026-08-30T16:52:29.570+0000] {processor.py:840} INFO - DAG(s) 'training_pipeline' retrieved from /opt/airflow/dags/training_pipeline_dag.py
[2026-08-30T16:52:29.631+0000] {logging_mixin.py:188} INFO - [2026-08-30T16:52:29.630+0000] {dag.py:3089} INFO - Sync 1 DAGs
[2026-08-30T16:52:29.680+0000] {logging_mixin.py:188} INFO - [2026-08-30T16:52:29.680+0000] {dag.py:3947} INFO - Setting next_dagrun for training_pipeline to 2026-08-30 00:00:00+00:00, run_after=2026-08-31 00:00:00+00:00
[2026-08-30T16:52:29.722+0000] {processor.py:183} INFO - Processing /opt/airflow/dags/training_pipeline_dag.py took 1.963 seconds
[2026-08-30T16:53:00.429+0000] {processor.py:161} INFO - Started process (PID=6644) to work on /opt/airflow/dags/training_pipeline_dag.py
[2026-08-30T16:53:00.431+0000] {processor.py:830} INFO - Processing file /opt/airflow/dags/training_pipeline_dag.py for tasks to queue
[2026-08-30T16:53:00.438+0000] {logging_mixin.py:188} INFO - [2026-08-30T16:53:00.437+0000] {dagbag.py:545} INFO - Filling up the DagBag from /opt/airflow/dags/training_pipeline_dag.py
[2026-08-30T16:53:02.091+0000] {processor.py:840} INFO - DAG(s) 'training_pipeline' retrieved from /opt/airflow/dags/training_pipeline_dag.py
[2026-08-30T16:53:02.137+0000] {logging_mixin.py:188} INFO - [2026-08-30T16:53:02.136+0000] {dag.py:3089} INFO - Sync 1 DAGs
[2026-08-30T16:53:02.183+0000] {logging_mixin.py:188} INFO - [2026-08-30T16:53:02.182+0000] {dag.py:3947} INFO - Setting next_dagrun for training_pipeline to 2026-08-30 00:00:00+00:00, run_after=2026-08-31 00:00:00+00:00
[2026-08-30T16:53:02.221+0000] {processor.py:183} INFO - Processing /opt/airflow/dags/training_pipeline_dag.py took 1.811 seconds
[2026-08-30T16:53:32.799+0000] {processor.py:161} INFO - Started process (PID=6707) to work on /opt/airflow/dags/training_pipeline_dag.py
[2026-08-30T16:53:32.802+0000] {processor.py:830} INFO - Processing file /opt/airflow/dags/training_pipeline_dag.py for tasks to queue
[2026-08-30T16:53:32.807+0000] {logging_mixin.py:188} INFO - [2026-08-30T16:53:32.806+0000] {dagbag.py:545} INFO - Filling up the DagBag from /opt/airflow/dags/training_pipeline_dag.py
[2026-08-30T16:53:34.966+0000] {processor.py:840} INFO - DAG(s) 'training_pipeline' retrieved from /opt/airflow/dags/training_pipeline_dag.py
[2026-08-30T16:53:35.027+0000] {logging_mixin.py:188} INFO - [2026-08-30T16:53:35.026+0000] {dag.py:3089} INFO - Sync 1 DAGs
[2026-08-30T16:53:35.070+0000] {logging_mixin.py:188} INFO - [2026-08-30T16:53:35.070+0000] {dag.py:3947} INFO - Setting next_dagrun for training_pipeline to 2026-08-30 00:00:00+00:00, run_after=2026-08-31 00:00:00+00:00
[2026-08-30T16:53:35.110+0000] {processor.py:183} INFO - Processing /opt/airflow/dags/training_pipeline_dag.py took 2.330 seconds
[2026-08-30T16:54:05.457+0000] {processor.py:161} INFO - Started process (PID=6772) to work on /opt/airflow/dags/training_pipeline_dag.py
[2026-08-30T16:54:05.460+0000] {processor.py:830} INFO - Processing file /opt/airflow/dags/training_pipeline_dag.py for tasks to queue
[2026-08-30T16:54:05.465+0000] {logging_mixin.py:188} INFO - [2026-08-30T16:54:05.464+0000] {dagbag.py:545} INFO - Filling up the DagBag from /opt/airflow/dags/training_pipeline_dag.py
[2026-08-30T16:54:07.167+0000] {processor.py:840} INFO - DAG(s) 'training_pipeline' retrieved from /opt/airflow/dags/training_pipeline_dag.py
[2026-08-30T16:54:07.228+0000] {logging_mixin.py:188} INFO - [2026-08-30T16:54:07.227+0000] {dag.py:3089} INFO - Sync 1 DAGs
[2026-08-30T16:54:07.277+0000] {logging_mixin.py:188} INFO - [2026-08-30T16:54:07.277+0000] {dag.py:3947} INFO - Setting next_dagrun for training_pipeline to 2026-08-30 00:00:00+00:00, run_after=2026-08-31 00:00:00+00:00
[2026-08-30T16:54:07.319+0000] {processor.py:183} INFO - Processing /opt/airflow/dags/training_pipeline_dag.py took 1.886 seconds
[2026-08-30T16:54:39.152+0000] {processor.py:161} INFO - Started process (PID=6802) to work on /opt/airflow/dags/training_pipeline_dag.py
[2026-08-30T16:54:39.158+0000] {processor.py:830} INFO - Processing file /opt/airflow/dags/training_pipeline_dag.py for tasks to queue
[2026-08-30T16:54:39.164+0000] {logging_mixin.py:188} INFO - [2026-08-30T16:54:39.163+0000] {dagbag.py:545} INFO - Filling up the DagBag from /opt/airflow/dags/training_pipeline_dag.py
[2026-08-30T16:54:37.602+0000] {processor.py:840} INFO - DAG(s) 'training_pipeline' retrieved from /opt/airflow/dags/training_pipeline_dag.py
[2026-08-30T16:54:37.651+0000] {logging_mixin.py:188} INFO - [2026-08-30T16:54:37.651+0000] {dag.py:3089} INFO - Sync 1 DAGs
[2026-08-30T16:54:37.690+0000] {logging_mixin.py:188} INFO - [2026-08-30T16:54:37.690+0000] {dag.py:3947} INFO - Setting next_dagrun for training_pipeline to 2026-08-30 00:00:00+00:00, run_after=2026-08-31 00:00:00+00:00
[2026-08-30T16:54:37.730+0000] {processor.py:183} INFO - Processing /opt/airflow/dags/training_pipeline_dag.py took 2.067 seconds
[2026-08-30T16:55:10.254+0000] {processor.py:161} INFO - Started process (PID=6876) to work on /opt/airflow/dags/training_pipeline_dag.py
[2026-08-30T16:55:10.284+0000] {processor.py:830} INFO - Processing file /opt/airflow/dags/training_pipeline_dag.py for tasks to queue
[2026-08-30T16:55:10.639+0000] {logging_mixin.py:188} INFO - [2026-08-30T16:55:10.608+0000] {dagbag.py:545} INFO - Filling up the DagBag from /opt/airflow/dags/training_pipeline_dag.py
[2026-08-30T16:55:20.488+0000] {processor.py:840} INFO - DAG(s) 'training_pipeline' retrieved from /opt/airflow/dags/training_pipeline_dag.py
[2026-08-30T16:55:20.547+0000] {logging_mixin.py:188} INFO - [2026-08-30T16:55:20.546+0000] {dag.py:3089} INFO - Sync 1 DAGs
[2026-08-30T16:55:20.614+0000] {logging_mixin.py:188} INFO - [2026-08-30T16:55:20.613+0000] {dag.py:3947} INFO - Setting next_dagrun for training_pipeline to 2026-08-30 00:00:00+00:00, run_after=2026-08-31 00:00:00+00:00
[2026-08-30T16:55:20.677+0000] {processor.py:183} INFO - Processing /opt/airflow/dags/training_pipeline_dag.py took 11.319 seconds
[2026-08-30T16:55:52.130+0000] {processor.py:161} INFO - Started process (PID=6963) to work on /opt/airflow/dags/training_pipeline_dag.py
[2026-08-30T16:55:52.136+0000] {processor.py:830} INFO - Processing file /opt/airflow/dags/training_pipeline_dag.py for tasks to queue
[2026-08-30T16:55:52.147+0000] {logging_mixin.py:188} INFO - [2026-08-30T16:55:52.147+0000] {dagbag.py:545} INFO - Filling up the DagBag from /opt/airflow/dags/training_pipeline_dag.py
[2026-08-30T16:56:06.817+0000] {processor.py:840} INFO - DAG(s) 'training_pipeline' retrieved from /opt/airflow/dags/training_pipeline_dag.py
[2026-08-30T16:56:07.214+0000] {logging_mixin.py:188} INFO - [2026-08-30T16:56:07.210+0000] {dag.py:3089} INFO - Sync 1 DAGs
[2026-08-30T16:56:07.596+0000] {logging_mixin.py:188} INFO - [2026-08-30T16:56:07.592+0000] {dag.py:3947} INFO - Setting next_dagrun for training_pipeline to 2026-08-30 00:00:00+00:00, run_after=2026-08-31 00:00:00+00:00
[2026-08-30T16:56:09.871+0000] {processor.py:183} INFO - Processing /opt/airflow/dags/training_pipeline_dag.py took 20.559 seconds
[2026-08-30T16:56:40.613+0000] {processor.py:161} INFO - Started process (PID=7041) to work on /opt/airflow/dags/training_pipeline_dag.py
[2026-08-30T16:56:40.617+0000] {processor.py:830} INFO - Processing file /opt/airflow/dags/training_pipeline_dag.py for tasks to queue
[2026-08-30T16:56:40.625+0000] {logging_mixin.py:188} INFO - [2026-08-30T16:56:40.624+0000] {dagbag.py:545} INFO - Filling up the DagBag from /opt/airflow/dags/training_pipeline_dag.py
[2026-08-30T16:56:42.662+0000] {processor.py:840} INFO - DAG(s) 'training_pipeline' retrieved from /opt/airflow/dags/training_pipeline_dag.py
[2026-08-30T16:56:42.907+0000] {logging_mixin.py:188} INFO - [2026-08-30T16:56:42.905+0000] {dag.py:3089} INFO - Sync 1 DAGs
[2026-08-30T16:56:43.052+0000] {logging_mixin.py:188} INFO - [2026-08-30T16:56:43.048+0000] {dag.py:3947} INFO - Setting next_dagrun for training_pipeline to 2026-08-30 00:00:00+00:00, run_after=2026-08-31 00:00:00+00:00
[2026-08-30T16:56:43.179+0000] {processor.py:183} INFO - Processing /opt/airflow/dags/training_pipeline_dag.py took 2.593 seconds
[2026-08-30T16:57:13.582+0000] {processor.py:161} INFO - Started process (PID=7133) to work on /opt/airflow/dags/training_pipeline_dag.py
[2026-08-30T16:57:13.586+0000] {processor.py:830} INFO - Processing file /opt/airflow/dags/training_pipeline_dag.py for tasks to queue
[2026-08-30T16:57:13.592+0000] {logging_mixin.py:188} INFO - [2026-08-30T16:57:13.591+0000] {dagbag.py:545} INFO - Filling up the DagBag from /opt/airflow/dags/training_pipeline_dag.py
[2026-08-30T16:57:15.434+0000] {processor.py:840} INFO - DAG(s) 'training_pipeline' retrieved from /opt/airflow/dags/training_pipeline_dag.py
[2026-08-30T16:57:15.482+0000] {logging_mixin.py:188} INFO - [2026-08-30T16:57:15.481+0000] {dag.py:3089} INFO - Sync 1 DAGs
[2026-08-30T16:57:15.521+0000] {logging_mixin.py:188} INFO - [2026-08-30T16:57:15.521+0000] {dag.py:3947} INFO - Setting next_dagrun for training_pipeline to 2026-08-30 00:00:00+00:00, run_after=2026-08-31 00:00:00+00:00
[2026-08-30T16:57:15.564+0000] {processor.py:183} INFO - Processing /opt/airflow/dags/training_pipeline_dag.py took 2.001 seconds
[2026-08-30T16:57:46.560+0000] {processor.py:161} INFO - Started process (PID=7163) to work on /opt/airflow/dags/training_pipeline_dag.py
[2026-08-30T16:57:46.564+0000] {processor.py:830} INFO - Processing file /opt/airflow/dags/training_pipeline_dag.py for tasks to queue
[2026-08-30T16:57:46.576+0000] {logging_mixin.py:188} INFO - [2026-08-30T16:57:46.575+0000] {dagbag.py:545} INFO - Filling up the DagBag from /opt/airflow/dags/training_pipeline_dag.py
[2026-08-30T16:57:48.673+0000] {processor.py:840} INFO - DAG(s) 'training_pipeline' retrieved from /opt/airflow/dags/training_pipeline_dag.py
[2026-08-30T16:57:48.730+0000] {logging_mixin.py:188} INFO - [2026-08-30T16:57:48.729+0000] {dag.py:3089} INFO - Sync 1 DAGs
[2026-08-30T16:57:48.772+0000] {logging_mixin.py:188} INFO - [2026-08-30T16:57:48.771+0000] {dag.py:3947} INFO - Setting next_dagrun for training_pipeline to 2026-08-30 00:00:00+00:00, run_after=2026-08-31 00:00:00+00:00
[2026-08-30T16:57:48.823+0000] {processor.py:183} INFO - Processing /opt/airflow/dags/training_pipeline_dag.py took 2.304 seconds
[2026-08-30T16:58:19.108+0000] {processor.py:161} INFO - Started process (PID=7217) to work on /opt/airflow/dags/training_pipeline_dag.py
[2026-08-30T16:58:19.111+0000] {processor.py:830} INFO - Processing file /opt/airflow/dags/training_pipeline_dag.py for tasks to queue
[2026-08-30T16:58:19.118+0000] {logging_mixin.py:188} INFO - [2026-08-30T16:58:19.117+0000] {dagbag.py:545} INFO - Filling up the DagBag from /opt/airflow/dags/training_pipeline_dag.py
[2026-08-30T16:58:18.658+0000] {processor.py:840} INFO - DAG(s) 'training_pipeline' retrieved from /opt/airflow/dags/training_pipeline_dag.py
[2026-08-30T16:58:18.726+0000] {logging_mixin.py:188} INFO - [2026-08-30T16:58:18.725+0000] {dag.py:3089} INFO - Sync 1 DAGs
[2026-08-30T16:58:18.770+0000] {logging_mixin.py:188} INFO - [2026-08-30T16:58:18.770+0000] {dag.py:3947} INFO - Setting next_dagrun for training_pipeline to 2026-08-30 00:00:00+00:00, run_after=2026-08-31 00:00:00+00:00
[2026-08-30T16:58:18.813+0000] {processor.py:183} INFO - Processing /opt/airflow/dags/training_pipeline_dag.py took 2.141 seconds
[2026-08-30T16:58:49.137+0000] {processor.py:161} INFO - Started process (PID=7268) to work on /opt/airflow/dags/training_pipeline_dag.py
[2026-08-30T16:58:49.140+0000] {processor.py:830} INFO - Processing file /opt/airflow/dags/training_pipeline_dag.py for tasks to queue
[2026-08-30T16:58:49.146+0000] {logging_mixin.py:188} INFO - [2026-08-30T16:58:49.145+0000] {dagbag.py:545} INFO - Filling up the DagBag from /opt/airflow/dags/training_pipeline_dag.py
[2026-08-30T16:58:50.835+0000] {processor.py:840} INFO - DAG(s) 'training_pipeline' retrieved from /opt/airflow/dags/training_pipeline_dag.py
[2026-08-30T16:58:50.884+0000] {logging_mixin.py:188} INFO - [2026-08-30T16:58:50.883+0000] {dag.py:3089} INFO - Sync 1 DAGs
[2026-08-30T16:58:50.924+0000] {logging_mixin.py:188} INFO - [2026-08-30T16:58:50.924+0000] {dag.py:3947} INFO - Setting next_dagrun for training_pipeline to 2026-08-30 00:00:00+00:00, run_after=2026-08-31 00:00:00+00:00
[2026-08-30T16:58:50.959+0000] {processor.py:183} INFO - Processing /opt/airflow/dags/training_pipeline_dag.py took 1.848 seconds
[2026-08-30T16:59:21.452+0000] {processor.py:161} INFO - Started process (PID=7315) to work on /opt/airflow/dags/training_pipeline_dag.py
[2026-08-30T16:59:21.460+0000] {processor.py:830} INFO - Processing file /opt/airflow/dags/training_pipeline_dag.py for tasks to queue
[2026-08-30T16:59:21.485+0000] {logging_mixin.py:188} INFO - [2026-08-30T16:59:21.484+0000] {dagbag.py:545} INFO - Filling up the DagBag from /opt/airflow/dags/training_pipeline_dag.py
[2026-08-30T16:59:23.362+0000] {processor.py:840} INFO - DAG(s) 'training_pipeline' retrieved from /opt/airflow/dags/training_pipeline_dag.py
[2026-08-30T16:59:23.414+0000] {logging_mixin.py:188} INFO - [2026-08-30T16:59:23.414+0000] {dag.py:3089} INFO - Sync 1 DAGs
[2026-08-30T16:59:23.460+0000] {logging_mixin.py:188} INFO - [2026-08-30T16:59:23.460+0000] {dag.py:3947} INFO - Setting next_dagrun for training_pipeline to 2026-08-30 00:00:00+00:00, run_after=2026-08-31 00:00:00+00:00
[2026-08-30T16:59:23.497+0000] {processor.py:183} INFO - Processing /opt/airflow/dags/training_pipeline_dag.py took 2.115 seconds
[2026-08-30T16:59:54.038+0000] {processor.py:161} INFO - Started process (PID=7361) to work on /opt/airflow/dags/training_pipeline_dag.py
[2026-08-30T16:59:54.041+0000] {processor.py:830} INFO - Processing file /opt/airflow/dags/training_pipeline_dag.py for tasks to queue
[2026-08-30T16:59:54.049+0000] {logging_mixin.py:188} INFO - [2026-08-30T16:59:54.048+0000] {dagbag.py:545} INFO - Filling up the DagBag from /opt/airflow/dags/training_pipeline_dag.py
[2026-08-30T16:59:56.058+0000] {processor.py:840} INFO - DAG(s) 'training_pipeline' retrieved from /opt/airflow/dags/training_pipeline_dag.py
[2026-08-30T16:59:56.130+0000] {logging_mixin.py:188} INFO - [2026-08-30T16:59:56.128+0000] {dag.py:3089} INFO - Sync 1 DAGs
[2026-08-30T16:59:56.174+0000] {logging_mixin.py:188} INFO - [2026-08-30T16:59:56.174+0000] {dag.py:3947} INFO - Setting next_dagrun for training_pipeline to 2026-08-30 00:00:00+00:00, run_after=2026-08-31 00:00:00+00:00
[2026-08-30T16:59:56.212+0000] {processor.py:183} INFO - Processing /opt/airflow/dags/training_pipeline_dag.py took 2.195 seconds
[2026-08-30T17:00:27.369+0000] {processor.py:161} INFO - Started process (PID=7397) to work on /opt/airflow/dags/training_pipeline_dag.py
[2026-08-30T17:00:27.372+0000] {processor.py:830} INFO - Processing file /opt/airflow/dags/training_pipeline_dag.py for tasks to queue
[2026-08-30T17:00:27.379+0000] {logging_mixin.py:188} INFO - [2026-08-30T17:00:27.378+0000] {dagbag.py:545} INFO - Filling up the DagBag from /opt/airflow/dags/training_pipeline_dag.py
[2026-08-30T17:00:29.209+0000] {processor.py:840} INFO - DAG(s) 'training_pipeline' retrieved from /opt/airflow/dags/training_pipeline_dag.py
[2026-08-30T17:00:29.265+0000] {logging_mixin.py:188} INFO - [2026-08-30T17:00:29.265+0000] {dag.py:3089} INFO - Sync 1 DAGs
[2026-08-30T17:00:29.309+0000] {logging_mixin.py:188} INFO - [2026-08-30T17:00:29.308+0000] {dag.py:3947} INFO - Setting next_dagrun for training_pipeline to 2026-08-30 00:00:00+00:00, run_after=2026-08-31 00:00:00+00:00
[2026-08-30T17:00:29.345+0000] {processor.py:183} INFO - Processing /opt/airflow/dags/training_pipeline_dag.py took 1.994 seconds
[2026-08-30T17:00:59.949+0000] {processor.py:161} INFO - Started process (PID=7478) to work on /opt/airflow/dags/training_pipeline_dag.py
[2026-08-30T17:00:59.952+0000] {processor.py:830} INFO - Processing file /opt/airflow/dags/training_pipeline_dag.py for tasks to queue
[2026-08-30T17:00:59.957+0000] {logging_mixin.py:188} INFO - [2026-08-30T17:00:59.957+0000] {dagbag.py:545} INFO - Filling up the DagBag from /opt/airflow/dags/training_pipeline_dag.py
[2026-08-30T17:01:01.614+0000] {processor.py:840} INFO - DAG(s) 'training_pipeline' retrieved from /opt/airflow/dags/training_pipeline_dag.py
[2026-08-30T17:01:01.665+0000] {logging_mixin.py:188} INFO - [2026-08-30T17:01:01.664+0000] {dag.py:3089} INFO - Sync 1 DAGs
[2026-08-30T17:01:01.704+0000] {logging_mixin.py:188} INFO - [2026-08-30T17:01:01.703+0000] {dag.py:3947} INFO - Setting next_dagrun for training_pipeline to 2026-08-30 00:00:00+00:00, run_after=2026-08-31 00:00:00+00:00
[2026-08-30T17:01:01.737+0000] {processor.py:183} INFO - Processing /opt/airflow/dags/training_pipeline_dag.py took 1.808 seconds
[2026-08-30T17:01:32.312+0000] {processor.py:161} INFO - Started process (PID=7510) to work on /opt/airflow/dags/training_pipeline_dag.py
[2026-08-30T17:01:32.315+0000] {processor.py:830} INFO - Processing file /opt/airflow/dags/training_pipeline_dag.py for tasks to queue
[2026-08-30T17:01:32.322+0000] {logging_mixin.py:188} INFO - [2026-08-30T17:01:32.321+0000] {dagbag.py:545} INFO - Filling up the DagBag from /opt/airflow/dags/training_pipeline_dag.py
[2026-08-30T17:01:31.774+0000] {processor.py:840} INFO - DAG(s) 'training_pipeline' retrieved from /opt/airflow/dags/training_pipeline_dag.py
[2026-08-30T17:01:31.827+0000] {logging_mixin.py:188} INFO - [2026-08-30T17:01:31.826+0000] {dag.py:3089} INFO - Sync 1 DAGs
[2026-08-30T17:01:31.876+0000] {logging_mixin.py:188} INFO - [2026-08-30T17:01:31.875+0000] {dag.py:3947} INFO - Setting next_dagrun for training_pipeline to 2026-08-30 00:00:00+00:00, run_after=2026-08-31 00:00:00+00:00
[2026-08-30T17:01:31.916+0000] {processor.py:183} INFO - Processing /opt/airflow/dags/training_pipeline_dag.py took 1.985 seconds
[2026-08-30T17:02:02.330+0000] {processor.py:161} INFO - Started process (PID=7540) to work on /opt/airflow/dags/training_pipeline_dag.py
[2026-08-30T17:02:02.333+0000] {processor.py:830} INFO - Processing file /opt/airflow/dags/training_pipeline_dag.py for tasks to queue
[2026-08-30T17:02:02.339+0000] {logging_mixin.py:188} INFO - [2026-08-30T17:02:02.338+0000] {dagbag.py:545} INFO - Filling up the DagBag from /opt/airflow/dags/training_pipeline_dag.py
[2026-08-30T17:02:04.282+0000] {processor.py:840} INFO - DAG(s) 'training_pipeline' retrieved from /opt/airflow/dags/training_pipeline_dag.py
[2026-08-30T17:02:04.335+0000] {logging_mixin.py:188} INFO - [2026-08-30T17:02:04.334+0000] {dag.py:3089} INFO - Sync 1 DAGs
[2026-08-30T17:02:04.374+0000] {logging_mixin.py:188} INFO - [2026-08-30T17:02:04.374+0000] {dag.py:3947} INFO - Setting next_dagrun for training_pipeline to 2026-08-30 00:00:00+00:00, run_after=2026-08-31 00:00:00+00:00
[2026-08-30T17:02:04.413+0000] {processor.py:183} INFO - Processing /opt/airflow/dags/training_pipeline_dag.py took 2.103 seconds
[2026-08-30T17:02:34.649+0000] {processor.py:161} INFO - Started process (PID=7602) to work on /opt/airflow/dags/training_pipeline_dag.py
[2026-08-30T17:02:34.652+0000] {processor.py:830} INFO - Processing file /opt/airflow/dags/training_pipeline_dag.py for tasks to queue
[2026-08-30T17:02:34.659+0000] {logging_mixin.py:188} INFO - [2026-08-30T17:02:34.658+0000] {dagbag.py:545} INFO - Filling up the DagBag from /opt/airflow/dags/training_pipeline_dag.py
[2026-08-30T17:02:36.608+0000] {processor.py:840} INFO - DAG(s) 'training_pipeline' retrieved from /opt/airflow/dags/training_pipeline_dag.py
[2026-08-30T17:02:36.661+0000] {logging_mixin.py:188} INFO - [2026-08-30T17:02:36.660+0000] {dag.py:3089} INFO - Sync 1 DAGs
[2026-08-30T17:02:36.702+0000] {logging_mixin.py:188} INFO - [2026-08-30T17:02:36.702+0000] {dag.py:3947} INFO - Setting next_dagrun for training_pipeline to 2026-08-30 00:00:00+00:00, run_after=2026-08-31 00:00:00+00:00
[2026-08-30T17:02:36.742+0000] {processor.py:183} INFO - Processing /opt/airflow/dags/training_pipeline_dag.py took 2.116 seconds
[2026-08-30T17:03:07.236+0000] {processor.py:161} INFO - Started process (PID=7634) to work on /opt/airflow/dags/training_pipeline_dag.py
[2026-08-30T17:03:07.239+0000] {processor.py:830} INFO - Processing file /opt/airflow/dags/training_pipeline_dag.py for tasks to queue
[2026-08-30T17:03:07.246+0000] {logging_mixin.py:188} INFO - [2026-08-30T17:03:07.245+0000] {dagbag.py:545} INFO - Filling up the DagBag from /opt/airflow/dags/training_pipeline_dag.py
[2026-08-30T17:03:08.999+0000] {processor.py:840} INFO - DAG(s) 'training_pipeline' retrieved from /opt/airflow/dags/training_pipeline_dag.py
[2026-08-30T17:03:09.047+0000] {logging_mixin.py:188} INFO - [2026-08-30T17:03:09.046+0000] {dag.py:3089} INFO - Sync 1 DAGs
[2026-08-30T17:03:09.083+0000] {logging_mixin.py:188} INFO - [2026-08-30T17:03:09.082+0000] {dag.py:3947} INFO - Setting next_dagrun for training_pipeline to 2026-08-30 00:00:00+00:00, run_after=2026-08-31 00:00:00+00:00
[2026-08-30T17:03:09.123+0000] {processor.py:183} INFO - Processing /opt/airflow/dags/training_pipeline_dag.py took 1.905 seconds
[2026-08-30T17:03:39.555+0000] {processor.py:161} INFO - Started process (PID=7710) to work on /opt/airflow/dags/training_pipeline_dag.py
[2026-08-30T17:03:39.558+0000] {processor.py:830} INFO - Processing file /opt/airflow/dags/training_pipeline_dag.py for tasks to queue
[2026-08-30T17:03:39.565+0000] {logging_mixin.py:188} INFO - [2026-08-30T17:03:39.564+0000] {dagbag.py:545} INFO - Filling up the DagBag from /opt/airflow/dags/training_pipeline_dag.py
[2026-08-30T17:03:41.297+0000] {processor.py:840} INFO - DAG(s) 'training_pipeline' retrieved from /opt/airflow/dags/training_pipeline_dag.py
[2026-08-30T17:03:41.343+0000] {logging_mixin.py:188} INFO - [2026-08-30T17:03:41.342+0000] {dag.py:3089} INFO - Sync 1 DAGs
[2026-08-30T17:03:41.383+0000] {logging_mixin.py:188} INFO - [2026-08-30T17:03:41.382+0000] {dag.py:3947} INFO - Setting next_dagrun for training_pipeline to 2026-08-30 00:00:00+00:00, run_after=2026-08-31 00:00:00+00:00
[2026-08-30T17:03:41.420+0000] {processor.py:183} INFO - Processing /opt/airflow/dags/training_pipeline_dag.py took 1.887 seconds
[2026-08-30T17:04:12.467+0000] {processor.py:161} INFO - Started process (PID=7764) to work on /opt/airflow/dags/training_pipeline_dag.py
[2026-08-30T17:04:12.470+0000] {processor.py:830} INFO - Processing file /opt/airflow/dags/training_pipeline_dag.py for tasks to queue
[2026-08-30T17:04:12.476+0000] {logging_mixin.py:188} INFO - [2026-08-30T17:04:12.475+0000] {dagbag.py:545} INFO - Filling up the DagBag from /opt/airflow/dags/training_pipeline_dag.py
[2026-08-30T17:04:14.087+0000] {processor.py:840} INFO - DAG(s) 'training_pipeline' retrieved from /opt/airflow/dags/training_pipeline_dag.py
[2026-08-30T17:04:14.136+0000] {logging_mixin.py:188} INFO - [2026-08-30T17:04:14.135+0000] {dag.py:3089} INFO - Sync 1 DAGs
[2026-08-30T17:04:14.173+0000] {logging_mixin.py:188} INFO - [2026-08-30T17:04:14.173+0000] {dag.py:3947} INFO - Setting next_dagrun for training_pipeline to 2026-08-30 00:00:00+00:00, run_after=2026-08-31 00:00:00+00:00
[2026-08-30T17:04:14.210+0000] {processor.py:183} INFO - Processing /opt/airflow/dags/training_pipeline_dag.py took 1.766 seconds
[2026-08-30T17:04:45.211+0000] {processor.py:161} INFO - Started process (PID=7815) to work on /opt/airflow/dags/training_pipeline_dag.py
[2026-08-30T17:04:45.214+0000] {processor.py:830} INFO - Processing file /opt/airflow/dags/training_pipeline_dag.py for tasks to queue
[2026-08-30T17:04:45.223+0000] {logging_mixin.py:188} INFO - [2026-08-30T17:04:45.222+0000] {dagbag.py:545} INFO - Filling up the DagBag from /opt/airflow/dags/training_pipeline_dag.py
[2026-08-30T17:04:47.148+0000] {processor.py:840} INFO - DAG(s) 'training_pipeline' retrieved from /opt/airflow/dags/training_pipeline_dag.py
[2026-08-30T17:04:47.211+0000] {logging_mixin.py:188} INFO - [2026-08-30T17:04:47.210+0000] {dag.py:3089} INFO - Sync 1 DAGs
[2026-08-30T17:04:48.428+0000] {logging_mixin.py:188} INFO - [2026-08-30T17:04:48.427+0000] {dag.py:3947} INFO - Setting next_dagrun for training_pipeline to 2026-08-30 00:00:00+00:00, run_after=2026-08-31 00:00:00+00:00
[2026-08-30T17:04:48.481+0000] {processor.py:183} INFO - Processing /opt/airflow/dags/training_pipeline_dag.py took 2.143 seconds
[2026-08-30T17:05:19.010+0000] {processor.py:161} INFO - Started process (PID=7866) to work on /opt/airflow/dags/training_pipeline_dag.py
[2026-08-30T17:05:19.013+0000] {processor.py:830} INFO - Processing file /opt/airflow/dags/training_pipeline_dag.py for tasks to queue
[2026-08-30T17:05:19.018+0000] {logging_mixin.py:188} INFO - [2026-08-30T17:05:19.017+0000] {dagbag.py:545} INFO - Filling up the DagBag from /opt/airflow/dags/training_pipeline_dag.py
[2026-08-30T17:05:20.696+0000] {processor.py:840} INFO - DAG(s) 'training_pipeline' retrieved from /opt/airflow/dags/training_pipeline_dag.py
[2026-08-30T17:05:20.752+0000] {logging_mixin.py:188} INFO - [2026-08-30T17:05:20.751+0000] {dag.py:3089} INFO - Sync 1 DAGs
[2026-08-30T17:05:20.796+0000] {logging_mixin.py:188} INFO - [2026-08-30T17:05:20.796+0000] {dag.py:3947} INFO - Setting next_dagrun for training_pipeline to 2026-08-30 00:00:00+00:00, run_after=2026-08-31 00:00:00+00:00
[2026-08-30T17:05:20.834+0000] {processor.py:183} INFO - Processing /opt/airflow/dags/training_pipeline_dag.py took 1.843 seconds
[2026-08-30T18:38:34.116+0000] {processor.py:161} INFO - Started process (PID=7914) to work on /opt/airflow/dags/training_pipeline_dag.py
[2026-08-30T18:38:34.118+0000] {processor.py:830} INFO - Processing file /opt/airflow/dags/training_pipeline_dag.py for tasks to queue
[2026-08-30T18:38:34.122+0000] {logging_mixin.py:188} INFO - [2026-08-30T18:38:34.122+0000] {dagbag.py:545} INFO - Filling up the DagBag from /opt/airflow/dags/training_pipeline_dag.py
[2026-08-30T18:38:36.158+0000] {processor.py:840} INFO - DAG(s) 'training_pipeline' retrieved from /opt/airflow/dags/training_pipeline_dag.py
[2026-08-30T18:38:36.210+0000] {logging_mixin.py:188} INFO - [2026-08-30T18:38:36.210+0000] {dag.py:3089} INFO - Sync 1 DAGs
[2026-08-30T18:38:36.257+0000] {logging_mixin.py:188} INFO - [2026-08-30T18:38:36.257+0000] {dag.py:3947} INFO - Setting next_dagrun for training_pipeline to 2026-08-30 00:00:00+00:00, run_after=2026-08-31 00:00:00+00:00
[2026-08-30T18:38:36.332+0000] {processor.py:183} INFO - Processing /opt/airflow/dags/training_pipeline_dag.py took 2.236 seconds
[2026-08-30T18:39:07.093+0000] {processor.py:161} INFO - Started process (PID=7947) to work on /opt/airflow/dags/training_pipeline_dag.py
[2026-08-30T18:39:07.102+0000] {processor.py:830} INFO - Processing file /opt/airflow/dags/training_pipeline_dag.py for tasks to queue
[2026-08-30T18:39:07.124+0000] {logging_mixin.py:188} INFO - [2026-08-30T18:39:07.121+0000] {dagbag.py:545} INFO - Filling up the DagBag from /opt/airflow/dags/training_pipeline_dag.py
[2026-08-30T18:39:10.012+0000] {processor.py:840} INFO - DAG(s) 'training_pipeline' retrieved from /opt/airflow/dags/training_pipeline_dag.py
[2026-08-30T18:39:10.073+0000] {logging_mixin.py:188} INFO - [2026-08-30T18:39:10.072+0000] {dag.py:3089} INFO - Sync 1 DAGs
[2026-08-30T18:39:10.127+0000] {logging_mixin.py:188} INFO - [2026-08-30T18:39:10.127+0000] {dag.py:3947} INFO - Setting next_dagrun for training_pipeline to 2026-08-30 00:00:00+00:00, run_after=2026-08-31 00:00:00+00:00
[2026-08-30T18:39:10.201+0000] {processor.py:183} INFO - Processing /opt/airflow/dags/training_pipeline_dag.py took 3.166 seconds
[2026-08-30T18:39:40.476+0000] {processor.py:161} INFO - Started process (PID=7977) to work on /opt/airflow/dags/training_pipeline_dag.py
[2026-08-30T18:39:40.484+0000] {processor.py:830} INFO - Processing file /opt/airflow/dags/training_pipeline_dag.py for tasks to queue
[2026-08-30T18:39:40.491+0000] {logging_mixin.py:188} INFO - [2026-08-30T18:39:40.490+0000] {dagbag.py:545} INFO - Filling up the DagBag from /opt/airflow/dags/training_pipeline_dag.py
[2026-08-30T18:39:41.936+0000] {processor.py:840} INFO - DAG(s) 'training_pipeline' retrieved from /opt/airflow/dags/training_pipeline_dag.py
[2026-08-30T18:39:41.989+0000] {logging_mixin.py:188} INFO - [2026-08-30T18:39:41.988+0000] {dag.py:3089} INFO - Sync 1 DAGs
[2026-08-30T18:39:42.022+0000] {logging_mixin.py:188} INFO - [2026-08-30T18:39:42.022+0000] {dag.py:3947} INFO - Setting next_dagrun for training_pipeline to 2026-08-30 00:00:00+00:00, run_after=2026-08-31 00:00:00+00:00
[2026-08-30T18:39:42.059+0000] {processor.py:183} INFO - Processing /opt/airflow/dags/training_pipeline_dag.py took 1.603 seconds
[2026-08-30T18:40:12.408+0000] {processor.py:161} INFO - Started process (PID=8007) to work on /opt/airflow/dags/training_pipeline_dag.py
[2026-08-30T18:40:12.411+0000] {processor.py:830} INFO - Processing file /opt/airflow/dags/training_pipeline_dag.py for tasks to queue
[2026-08-30T18:40:12.416+0000] {logging_mixin.py:188} INFO - [2026-08-30T18:40:12.416+0000] {dagbag.py:545} INFO - Filling up the DagBag from /opt/airflow/dags/training_pipeline_dag.py
[2026-08-30T18:40:14.323+0000] {processor.py:840} INFO - DAG(s) 'training_pipeline' retrieved from /opt/airflow/dags/training_pipeline_dag.py
[2026-08-30T18:40:14.376+0000] {logging_mixin.py:188} INFO - [2026-08-30T18:40:14.375+0000] {dag.py:3089} INFO - Sync 1 DAGs
[2026-08-30T18:40:14.413+0000] {logging_mixin.py:188} INFO - [2026-08-30T18:40:14.412+0000] {dag.py:3947} INFO - Setting next_dagrun for training_pipeline to 2026-08-30 00:00:00+00:00, run_after=2026-08-31 00:00:00+00:00
[2026-08-30T18:40:14.446+0000] {processor.py:183} INFO - Processing /opt/airflow/dags/training_pipeline_dag.py took 2.059 seconds
[2026-08-30T18:40:44.809+0000] {processor.py:161} INFO - Started process (PID=8037) to work on /opt/airflow/dags/training_pipeline_dag.py
[2026-08-30T18:40:44.812+0000] {processor.py:830} INFO - Processing file /opt/airflow/dags/training_pipeline_dag.py for tasks to queue
[2026-08-30T18:40:44.818+0000] {logging_mixin.py:188} INFO - [2026-08-30T18:40:44.817+0000] {dagbag.py:545} INFO - Filling up the DagBag from /opt/airflow/dags/training_pipeline_dag.py
[2026-08-30T18:40:46.629+0000] {processor.py:840} INFO - DAG(s) 'training_pipeline' retrieved from /opt/airflow/dags/training_pipeline_dag.py
[2026-08-30T18:40:46.678+0000] {logging_mixin.py:188} INFO - [2026-08-30T18:40:46.677+0000] {dag.py:3089} INFO - Sync 1 DAGs
[2026-08-30T18:40:46.728+0000] {logging_mixin.py:188} INFO - [2026-08-30T18:40:46.727+0000] {dag.py:3947} INFO - Setting next_dagrun for training_pipeline to 2026-08-30 00:00:00+00:00, run_after=2026-08-31 00:00:00+00:00
[2026-08-30T18:40:46.764+0000] {processor.py:183} INFO - Processing /opt/airflow/dags/training_pipeline_dag.py took 1.976 seconds
[2026-08-30T18:41:17.040+0000] {processor.py:161} INFO - Started process (PID=8067) to work on /opt/airflow/dags/training_pipeline_dag.py
[2026-08-30T18:41:17.043+0000] {processor.py:830} INFO - Processing file /opt/airflow/dags/training_pipeline_dag.py for tasks to queue
[2026-08-30T18:41:17.049+0000] {logging_mixin.py:188} INFO - [2026-08-30T18:41:17.048+0000] {dagbag.py:545} INFO - Filling up the DagBag from /opt/airflow/dags/training_pipeline_dag.py
[2026-08-30T18:41:18.746+0000] {processor.py:840} INFO - DAG(s) 'training_pipeline' retrieved from /opt/airflow/dags/training_pipeline_dag.py
[2026-08-30T18:41:18.798+0000] {logging_mixin.py:188} INFO - [2026-08-30T18:41:18.798+0000] {dag.py:3089} INFO - Sync 1 DAGs
[2026-08-30T18:41:18.838+0000] {logging_mixin.py:188} INFO - [2026-08-30T18:41:18.837+0000] {dag.py:3947} INFO - Setting next_dagrun for training_pipeline to 2026-08-30 00:00:00+00:00, run_after=2026-08-31 00:00:00+00:00
[2026-08-30T18:41:18.881+0000] {processor.py:183} INFO - Processing /opt/airflow/dags/training_pipeline_dag.py took 1.862 seconds
[2026-08-30T18:41:49.506+0000] {processor.py:161} INFO - Started process (PID=8097) to work on /opt/airflow/dags/training_pipeline_dag.py
[2026-08-30T18:41:49.509+0000] {processor.py:830} INFO - Processing file /opt/airflow/dags/training_pipeline_dag.py for tasks to queue
[2026-08-30T18:41:49.514+0000] {logging_mixin.py:188} INFO - [2026-08-30T18:41:49.513+0000] {dagbag.py:545} INFO - Filling up the DagBag from /opt/airflow/dags/training_pipeline_dag.py
[2026-08-30T18:41:51.263+0000] {processor.py:840} INFO - DAG(s) 'training_pipeline' retrieved from /opt/airflow/dags/training_pipeline_dag.py
[2026-08-30T18:41:51.321+0000] {logging_mixin.py:188} INFO - [2026-08-30T18:41:51.320+0000] {dag.py:3089} INFO - Sync 1 DAGs
[2026-08-30T18:41:51.371+0000] {logging_mixin.py:188} INFO - [2026-08-30T18:41:51.370+0000] {dag.py:3947} INFO - Setting next_dagrun for training_pipeline to 2026-08-30 00:00:00+00:00, run_after=2026-08-31 00:00:00+00:00
[2026-08-30T18:41:51.413+0000] {processor.py:183} INFO - Processing /opt/airflow/dags/training_pipeline_dag.py took 1.923 seconds
[2026-08-30T18:42:21.830+0000] {processor.py:161} INFO - Started process (PID=8127) to work on /opt/airflow/dags/training_pipeline_dag.py
[2026-08-30T18:42:21.833+0000] {processor.py:830} INFO - Processing file /opt/airflow/dags/training_pipeline_dag.py for tasks to queue
[2026-08-30T18:42:21.839+0000] {logging_mixin.py:188} INFO - [2026-08-30T18:42:21.838+0000] {dagbag.py:545} INFO - Filling up the DagBag from /opt/airflow/dags/training_pipeline_dag.py
[2026-08-30T18:42:23.347+0000] {processor.py:840} INFO - DAG(s) 'training_pipeline' retrieved from /opt/airflow/dags/training_pipeline_dag.py
[2026-08-30T18:42:23.398+0000] {logging_mixin.py:188} INFO - [2026-08-30T18:42:23.397+0000] {dag.py:3089} INFO - Sync 1 DAGs
[2026-08-30T18:42:23.444+0000] {logging_mixin.py:188} INFO - [2026-08-30T18:42:23.443+0000] {dag.py:3947} INFO - Setting next_dagrun for training_pipeline to 2026-08-30 00:00:00+00:00, run_after=2026-08-31 00:00:00+00:00
[2026-08-30T18:42:23.481+0000] {processor.py:183} INFO - Processing /opt/airflow/dags/training_pipeline_dag.py took 1.671 seconds
[2026-08-30T18:42:53.820+0000] {processor.py:161} INFO - Started process (PID=8157) to work on /opt/airflow/dags/training_pipeline_dag.py
[2026-08-30T18:42:53.823+0000] {processor.py:830} INFO - Processing file /opt/airflow/dags/training_pipeline_dag.py for tasks to queue
[2026-08-30T18:42:53.828+0000] {logging_mixin.py:188} INFO - [2026-08-30T18:42:53.827+0000] {dagbag.py:545} INFO - Filling up the DagBag from /opt/airflow/dags/training_pipeline_dag.py
[2026-08-30T18:42:55.529+0000] {processor.py:840} INFO - DAG(s) 'training_pipeline' retrieved from /opt/airflow/dags/training_pipeline_dag.py
[2026-08-30T18:42:55.595+0000] {logging_mixin.py:188} INFO - [2026-08-30T18:42:55.595+0000] {dag.py:3089} INFO - Sync 1 DAGs
[2026-08-30T18:42:55.634+0000] {logging_mixin.py:188} INFO - [2026-08-30T18:42:55.633+0000] {dag.py:3947} INFO - Setting next_dagrun for training_pipeline to 2026-08-30 00:00:00+00:00, run_after=2026-08-31 00:00:00+00:00
[2026-08-30T18:42:55.670+0000] {processor.py:183} INFO - Processing /opt/airflow/dags/training_pipeline_dag.py took 1.867 seconds
[2026-08-30T18:43:26.043+0000] {processor.py:161} INFO - Started process (PID=8187) to work on /opt/airflow/dags/training_pipeline_dag.py
[2026-08-30T18:43:26.046+0000] {processor.py:830} INFO - Processing file /opt/airflow/dags/training_pipeline_dag.py for tasks to queue
[2026-08-30T18:43:26.052+0000] {logging_mixin.py:188} INFO - [2026-08-30T18:43:26.051+0000] {dagbag.py:545} INFO - Filling up the DagBag from /opt/airflow/dags/training_pipeline_dag.py
[2026-08-30T18:43:27.815+0000] {processor.py:840} INFO - DAG(s) 'training_pipeline' retrieved from /opt/airflow/dags/training_pipeline_dag.py
[2026-08-30T18:43:27.875+0000] {logging_mixin.py:188} INFO - [2026-08-30T18:43:27.874+0000] {dag.py:3089} INFO - Sync 1 DAGs
[2026-08-30T18:43:27.914+0000] {logging_mixin.py:188} INFO - [2026-08-30T18:43:27.914+0000] {dag.py:3947} INFO - Setting next_dagrun for training_pipeline to 2026-08-30 00:00:00+00:00, run_after=2026-08-31 00:00:00+00:00
[2026-08-30T18:43:27.948+0000] {processor.py:183} INFO - Processing /opt/airflow/dags/training_pipeline_dag.py took 1.924 seconds
[2026-08-30T18:43:58.576+0000] {processor.py:161} INFO - Started process (PID=8217) to work on /opt/airflow/dags/training_pipeline_dag.py
[2026-08-30T18:43:58.578+0000] {processor.py:830} INFO - Processing file /opt/airflow/dags/training_pipeline_dag.py for tasks to queue
[2026-08-30T18:43:58.583+0000] {logging_mixin.py:188} INFO - [2026-08-30T18:43:58.582+0000] {dagbag.py:545} INFO - Filling up the DagBag from /opt/airflow/dags/training_pipeline_dag.py
[2026-08-30T18:44:00.128+0000] {processor.py:840} INFO - DAG(s) 'training_pipeline' retrieved from /opt/airflow/dags/training_pipeline_dag.py
[2026-08-30T18:44:00.173+0000] {logging_mixin.py:188} INFO - [2026-08-30T18:44:00.172+0000] {dag.py:3089} INFO - Sync 1 DAGs
[2026-08-30T18:44:00.207+0000] {logging_mixin.py:188} INFO - [2026-08-30T18:44:00.206+0000] {dag.py:3947} INFO - Setting next_dagrun for training_pipeline to 2026-08-30 00:00:00+00:00, run_after=2026-08-31 00:00:00+00:00
[2026-08-30T18:44:00.243+0000] {processor.py:183} INFO - Processing /opt/airflow/dags/training_pipeline_dag.py took 1.687 seconds
[2026-08-30T18:44:30.790+0000] {processor.py:161} INFO - Started process (PID=8247) to work on /opt/airflow/dags/training_pipeline_dag.py
[2026-08-30T18:44:30.793+0000] {processor.py:830} INFO - Processing file /opt/airflow/dags/training_pipeline_dag.py for tasks to queue
[2026-08-30T18:44:30.798+0000] {logging_mixin.py:188} INFO - [2026-08-30T18:44:30.797+0000] {dagbag.py:545} INFO - Filling up the DagBag from /opt/airflow/dags/training_pipeline_dag.py
[2026-08-30T18:44:32.606+0000] {processor.py:840} INFO - DAG(s) 'training_pipeline' retrieved from /opt/airflow/dags/training_pipeline_dag.py
[2026-08-30T18:44:32.681+0000] {logging_mixin.py:188} INFO - [2026-08-30T18:44:32.680+0000] {dag.py:3089} INFO - Sync 1 DAGs
[2026-08-30T18:44:32.751+0000] {logging_mixin.py:188} INFO - [2026-08-30T18:44:32.751+0000] {dag.py:3947} INFO - Setting next_dagrun for training_pipeline to 2026-08-30 00:00:00+00:00, run_after=2026-08-31 00:00:00+00:00
[2026-08-30T18:44:32.789+0000] {processor.py:183} INFO - Processing /opt/airflow/dags/training_pipeline_dag.py took 2.019 seconds
[2026-08-30T18:45:02.973+0000] {processor.py:161} INFO - Started process (PID=8277) to work on /opt/airflow/dags/training_pipeline_dag.py
[2026-08-30T18:45:02.976+0000] {processor.py:830} INFO - Processing file /opt/airflow/dags/training_pipeline_dag.py for tasks to queue
[2026-08-30T18:45:02.981+0000] {logging_mixin.py:188} INFO - [2026-08-30T18:45:02.980+0000] {dagbag.py:545} INFO - Filling up the DagBag from /opt/airflow/dags/training_pipeline_dag.py
[2026-08-30T18:45:04.675+0000] {processor.py:840} INFO - DAG(s) 'training_pipeline' retrieved from /opt/airflow/dags/training_pipeline_dag.py
[2026-08-30T18:45:04.721+0000] {logging_mixin.py:188} INFO - [2026-08-30T18:45:04.721+0000] {dag.py:3089} INFO - Sync 1 DAGs
[2026-08-30T18:45:04.773+0000] {logging_mixin.py:188} INFO - [2026-08-30T18:45:04.772+0000] {dag.py:3947} INFO - Setting next_dagrun for training_pipeline to 2026-08-30 00:00:00+00:00, run_after=2026-08-31 00:00:00+00:00
[2026-08-30T18:45:04.810+0000] {processor.py:183} INFO - Processing /opt/airflow/dags/training_pipeline_dag.py took 1.856 seconds
[2026-08-30T18:45:35.442+0000] {processor.py:161} INFO - Started process (PID=8305) to work on /opt/airflow/dags/training_pipeline_dag.py
[2026-08-30T18:45:35.445+0000] {processor.py:830} INFO - Processing file /opt/airflow/dags/training_pipeline_dag.py for tasks to queue
[2026-08-30T18:45:35.454+0000] {logging_mixin.py:188} INFO - [2026-08-30T18:45:35.453+0000] {dagbag.py:545} INFO - Filling up the DagBag from /opt/airflow/dags/training_pipeline_dag.py
[2026-08-30T18:45:37.183+0000] {processor.py:840} INFO - DAG(s) 'training_pipeline' retrieved from /opt/airflow/dags/training_pipeline_dag.py
[2026-08-30T18:45:37.225+0000] {logging_mixin.py:188} INFO - [2026-08-30T18:45:37.225+0000] {dag.py:3089} INFO - Sync 1 DAGs
[2026-08-30T18:45:37.259+0000] {logging_mixin.py:188} INFO - [2026-08-30T18:45:37.259+0000] {dag.py:3947} INFO - Setting next_dagrun for training_pipeline to 2026-08-30 00:00:00+00:00, run_after=2026-08-31 00:00:00+00:00
[2026-08-30T18:45:37.294+0000] {processor.py:183} INFO - Processing /opt/airflow/dags/training_pipeline_dag.py took 1.873 seconds
[2026-08-30T18:46:07.901+0000] {processor.py:161} INFO - Started process (PID=8323) to work on /opt/airflow/dags/training_pipeline_dag.py
[2026-08-30T18:46:07.904+0000] {processor.py:830} INFO - Processing file /opt/airflow/dags/training_pipeline_dag.py for tasks to queue
[2026-08-30T18:46:07.914+0000] {logging_mixin.py:188} INFO - [2026-08-30T18:46:07.912+0000] {dagbag.py:545} INFO - Filling up the DagBag from /opt/airflow/dags/training_pipeline_dag.py
[2026-08-30T18:46:09.901+0000] {processor.py:840} INFO - DAG(s) 'training_pipeline' retrieved from /opt/airflow/dags/training_pipeline_dag.py
[2026-08-30T18:46:09.961+0000] {logging_mixin.py:188} INFO - [2026-08-30T18:46:09.960+0000] {dag.py:3089} INFO - Sync 1 DAGs
[2026-08-30T18:46:09.998+0000] {logging_mixin.py:188} INFO - [2026-08-30T18:46:09.998+0000] {dag.py:3947} INFO - Setting next_dagrun for training_pipeline to 2026-08-30 00:00:00+00:00, run_after=2026-08-31 00:00:00+00:00
[2026-08-30T18:46:10.034+0000] {processor.py:183} INFO - Processing /opt/airflow/dags/training_pipeline_dag.py took 2.155 seconds
[2026-08-30T18:46:40.458+0000] {processor.py:161} INFO - Started process (PID=8349) to work on /opt/airflow/dags/training_pipeline_dag.py
[2026-08-30T18:46:40.461+0000] {processor.py:830} INFO - Processing file /opt/airflow/dags/training_pipeline_dag.py for tasks to queue
[2026-08-30T18:46:40.468+0000] {logging_mixin.py:188} INFO - [2026-08-30T18:46:40.467+0000] {dagbag.py:545} INFO - Filling up the DagBag from /opt/airflow/dags/training_pipeline_dag.py
[2026-08-30T18:46:42.107+0000] {processor.py:840} INFO - DAG(s) 'training_pipeline' retrieved from /opt/airflow/dags/training_pipeline_dag.py
[2026-08-30T18:46:42.161+0000] {logging_mixin.py:188} INFO - [2026-08-30T18:46:42.160+0000] {dag.py:3089} INFO - Sync 1 DAGs
[2026-08-30T18:46:42.203+0000] {logging_mixin.py:188} INFO - [2026-08-30T18:46:42.203+0000] {dag.py:3947} INFO - Setting next_dagrun for training_pipeline to 2026-08-30 00:00:00+00:00, run_after=2026-08-31 00:00:00+00:00
[2026-08-30T18:46:42.241+0000] {processor.py:183} INFO - Processing /opt/airflow/dags/training_pipeline_dag.py took 1.801 seconds
[2026-08-30T18:47:12.929+0000] {processor.py:161} INFO - Started process (PID=8379) to work on /opt/airflow/dags/training_pipeline_dag.py
[2026-08-30T18:47:12.932+0000] {processor.py:830} INFO - Processing file /opt/airflow/dags/training_pipeline_dag.py for tasks to queue
[2026-08-30T18:47:12.938+0000] {logging_mixin.py:188} INFO - [2026-08-30T18:47:12.937+0000] {dagbag.py:545} INFO - Filling up the DagBag from /opt/airflow/dags/training_pipeline_dag.py
[2026-08-30T18:47:14.671+0000] {processor.py:840} INFO - DAG(s) 'training_pipeline' retrieved from /opt/airflow/dags/training_pipeline_dag.py
[2026-08-30T18:47:14.716+0000] {logging_mixin.py:188} INFO - [2026-08-30T18:47:14.715+0000] {dag.py:3089} INFO - Sync 1 DAGs
[2026-08-30T18:47:14.751+0000] {logging_mixin.py:188} INFO - [2026-08-30T18:47:14.750+0000] {dag.py:3947} INFO - Setting next_dagrun for training_pipeline to 2026-08-30 00:00:00+00:00, run_after=2026-08-31 00:00:00+00:00
[2026-08-30T18:47:14.786+0000] {processor.py:183} INFO - Processing /opt/airflow/dags/training_pipeline_dag.py took 1.879 seconds
[2026-08-30T18:47:45.349+0000] {processor.py:161} INFO - Started process (PID=8409) to work on /opt/airflow/dags/training_pipeline_dag.py
[2026-08-30T18:47:45.352+0000] {processor.py:830} INFO - Processing file /opt/airflow/dags/training_pipeline_dag.py for tasks to queue
[2026-08-30T18:47:45.359+0000] {logging_mixin.py:188} INFO - [2026-08-30T18:47:45.358+0000] {dagbag.py:545} INFO - Filling up the DagBag from /opt/airflow/dags/training_pipeline_dag.py
[2026-08-30T18:47:47.059+0000] {processor.py:840} INFO - DAG(s) 'training_pipeline' retrieved from /opt/airflow/dags/training_pipeline_dag.py
[2026-08-30T18:47:47.107+0000] {logging_mixin.py:188} INFO - [2026-08-30T18:47:47.107+0000] {dag.py:3089} INFO - Sync 1 DAGs
[2026-08-30T18:47:47.146+0000] {logging_mixin.py:188} INFO - [2026-08-30T18:47:47.145+0000] {dag.py:3947} INFO - Setting next_dagrun for training_pipeline to 2026-08-30 00:00:00+00:00, run_after=2026-08-31 00:00:00+00:00
[2026-08-30T18:47:47.179+0000] {processor.py:183} INFO - Processing /opt/airflow/dags/training_pipeline_dag.py took 1.851 seconds
[2026-08-30T18:48:17.790+0000] {processor.py:161} INFO - Started process (PID=8439) to work on /opt/airflow/dags/training_pipeline_dag.py
[2026-08-30T18:48:17.792+0000] {processor.py:830} INFO - Processing file /opt/airflow/dags/training_pipeline_dag.py for tasks to queue
[2026-08-30T18:48:17.798+0000] {logging_mixin.py:188} INFO - [2026-08-30T18:48:17.797+0000] {dagbag.py:545} INFO - Filling up the DagBag from /opt/airflow/dags/training_pipeline_dag.py
[2026-08-30T18:48:19.608+0000] {processor.py:840} INFO - DAG(s) 'training_pipeline' retrieved from /opt/airflow/dags/training_pipeline_dag.py
[2026-08-30T18:48:19.664+0000] {logging_mixin.py:188} INFO - [2026-08-30T18:48:19.663+0000] {dag.py:3089} INFO - Sync 1 DAGs
[2026-08-30T18:48:19.712+0000] {logging_mixin.py:188} INFO - [2026-08-30T18:48:19.712+0000] {dag.py:3947} INFO - Setting next_dagrun for training_pipeline to 2026-08-30 00:00:00+00:00, run_after=2026-08-31 00:00:00+00:00
[2026-08-30T18:48:19.755+0000] {processor.py:183} INFO - Processing /opt/airflow/dags/training_pipeline_dag.py took 1.982 seconds
[2026-08-30T18:48:50.413+0000] {processor.py:161} INFO - Started process (PID=8469) to work on /opt/airflow/dags/training_pipeline_dag.py
[2026-08-30T18:48:50.415+0000] {processor.py:830} INFO - Processing file /opt/airflow/dags/training_pipeline_dag.py for tasks to queue
[2026-08-30T18:48:50.423+0000] {logging_mixin.py:188} INFO - [2026-08-30T18:48:50.422+0000] {dagbag.py:545} INFO - Filling up the DagBag from /opt/airflow/dags/training_pipeline_dag.py
[2026-08-30T20:17:47.270+0000] {processor.py:840} INFO - DAG(s) 'training_pipeline' retrieved from /opt/airflow/dags/training_pipeline_dag.py
[2026-08-30T20:17:47.416+0000] {logging_mixin.py:188} INFO - [2026-08-30T20:17:47.415+0000] {dag.py:3089} INFO - Sync 1 DAGs
[2026-08-30T20:17:47.494+0000] {logging_mixin.py:188} INFO - [2026-08-30T20:17:47.493+0000] {dag.py:3947} INFO - Setting next_dagrun for training_pipeline to 2026-08-30 00:00:00+00:00, run_after=2026-08-31 00:00:00+00:00
[2026-08-30T20:17:47.607+0000] {processor.py:183} INFO - Processing /opt/airflow/dags/training_pipeline_dag.py took 3.385 seconds
[2026-08-30T20:18:18.667+0000] {processor.py:161} INFO - Started process (PID=8505) to work on /opt/airflow/dags/training_pipeline_dag.py
[2026-08-30T20:18:18.670+0000] {processor.py:830} INFO - Processing file /opt/airflow/dags/training_pipeline_dag.py for tasks to queue
[2026-08-30T20:18:18.680+0000] {logging_mixin.py:188} INFO - [2026-08-30T20:18:18.679+0000] {dagbag.py:545} INFO - Filling up the DagBag from /opt/airflow/dags/training_pipeline_dag.py
[2026-08-30T20:18:20.312+0000] {processor.py:840} INFO - DAG(s) 'training_pipeline' retrieved from /opt/airflow/dags/training_pipeline_dag.py
[2026-08-30T20:18:20.352+0000] {logging_mixin.py:188} INFO - [2026-08-30T20:18:20.351+0000] {dag.py:3089} INFO - Sync 1 DAGs
[2026-08-30T20:18:20.387+0000] {logging_mixin.py:188} INFO - [2026-08-30T20:18:20.387+0000] {dag.py:3947} INFO - Setting next_dagrun for training_pipeline to 2026-08-30 00:00:00+00:00, run_after=2026-08-31 00:00:00+00:00
[2026-08-30T20:18:20.420+0000] {processor.py:183} INFO - Processing /opt/airflow/dags/training_pipeline_dag.py took 1.783 seconds
[2026-08-30T20:18:51.348+0000] {processor.py:161} INFO - Started process (PID=8535) to work on /opt/airflow/dags/training_pipeline_dag.py
[2026-08-30T20:18:51.351+0000] {processor.py:830} INFO - Processing file /opt/airflow/dags/training_pipeline_dag.py for tasks to queue
[2026-08-30T20:18:51.356+0000] {logging_mixin.py:188} INFO - [2026-08-30T20:18:51.356+0000] {dagbag.py:545} INFO - Filling up the DagBag from /opt/airflow/dags/training_pipeline_dag.py
[2026-08-30T20:18:54.459+0000] {processor.py:840} INFO - DAG(s) 'training_pipeline' retrieved from /opt/airflow/dags/training_pipeline_dag.py
[2026-08-30T20:18:54.520+0000] {logging_mixin.py:188} INFO - [2026-08-30T20:18:54.519+0000] {dag.py:3089} INFO - Sync 1 DAGs
[2026-08-30T20:18:54.564+0000] {logging_mixin.py:188} INFO - [2026-08-30T20:18:54.563+0000] {dag.py:3947} INFO - Setting next_dagrun for training_pipeline to 2026-08-30 00:00:00+00:00, run_after=2026-08-31 00:00:00+00:00
[2026-08-30T20:18:54.740+0000] {processor.py:183} INFO - Processing /opt/airflow/dags/training_pipeline_dag.py took 3.527 seconds
[2026-08-30T20:19:25.252+0000] {processor.py:161} INFO - Started process (PID=8565) to work on /opt/airflow/dags/training_pipeline_dag.py
[2026-08-30T20:19:25.261+0000] {processor.py:830} INFO - Processing file /opt/airflow/dags/training_pipeline_dag.py for tasks to queue
[2026-08-30T20:19:25.270+0000] {logging_mixin.py:188} INFO - [2026-08-30T20:19:25.269+0000] {dagbag.py:545} INFO - Filling up the DagBag from /opt/airflow/dags/training_pipeline_dag.py
[2026-08-30T20:19:27.522+0000] {processor.py:840} INFO - DAG(s) 'training_pipeline' retrieved from /opt/airflow/dags/training_pipeline_dag.py
[2026-08-30T20:19:27.686+0000] {logging_mixin.py:188} INFO - [2026-08-30T20:19:27.685+0000] {dag.py:3089} INFO - Sync 1 DAGs
[2026-08-30T20:19:27.744+0000] {logging_mixin.py:188} INFO - [2026-08-30T20:19:27.743+0000] {dag.py:3947} INFO - Setting next_dagrun for training_pipeline to 2026-08-30 00:00:00+00:00, run_after=2026-08-31 00:00:00+00:00
[2026-08-30T20:19:27.818+0000] {processor.py:183} INFO - Processing /opt/airflow/dags/training_pipeline_dag.py took 2.596 seconds
[2026-08-30T20:19:58.491+0000] {processor.py:161} INFO - Started process (PID=8595) to work on /opt/airflow/dags/training_pipeline_dag.py
[2026-08-30T20:19:58.492+0000] {processor.py:830} INFO - Processing file /opt/airflow/dags/training_pipeline_dag.py for tasks to queue
[2026-08-30T20:19:58.499+0000] {logging_mixin.py:188} INFO - [2026-08-30T20:19:58.498+0000] {dagbag.py:545} INFO - Filling up the DagBag from /opt/airflow/dags/training_pipeline_dag.py
[2026-08-30T20:20:00.400+0000] {processor.py:840} INFO - DAG(s) 'training_pipeline' retrieved from /opt/airflow/dags/training_pipeline_dag.py
[2026-08-30T20:20:00.478+0000] {logging_mixin.py:188} INFO - [2026-08-30T20:20:00.477+0000] {dag.py:3089} INFO - Sync 1 DAGs
[2026-08-30T20:20:00.521+0000] {logging_mixin.py:188} INFO - [2026-08-30T20:20:00.520+0000] {dag.py:3947} INFO - Setting next_dagrun for training_pipeline to 2026-08-30 00:00:00+00:00, run_after=2026-08-31 00:00:00+00:00
[2026-08-30T20:20:00.667+0000] {processor.py:183} INFO - Processing /opt/airflow/dags/training_pipeline_dag.py took 2.193 seconds
