[2026-08-07T09:31:12.590+0000] {processor.py:161} INFO - Started process (PID=1397) to work on /opt/airflow/dags/feature_pipeline_dag.py
[2026-08-07T09:31:12.622+0000] {processor.py:830} INFO - Processing file /opt/airflow/dags/feature_pipeline_dag.py for tasks to queue
[2026-08-07T09:31:12.655+0000] {logging_mixin.py:188} INFO - [2026-08-07T09:31:12.651+0000] {dagbag.py:545} INFO - Filling up the DagBag from /opt/airflow/dags/feature_pipeline_dag.py
[2026-08-07T09:31:30.511+0000] {processor.py:840} INFO - DAG(s) 'feature_pipeline' retrieved from /opt/airflow/dags/feature_pipeline_dag.py
[2026-08-07T09:31:30.581+0000] {logging_mixin.py:188} INFO - [2026-08-07T09:31:30.580+0000] {dag.py:3089} INFO - Sync 1 DAGs
[2026-08-07T09:31:30.620+0000] {logging_mixin.py:188} INFO - [2026-08-07T09:31:30.620+0000] {dag.py:3947} INFO - Setting next_dagrun for feature_pipeline to 2026-08-07 09:00:00+00:00, run_after=2026-08-07 10:00:00+00:00
[2026-08-07T09:31:30.674+0000] {processor.py:183} INFO - Processing /opt/airflow/dags/feature_pipeline_dag.py took 18.689 seconds
[2026-08-07T09:32:01.417+0000] {processor.py:161} INFO - Started process (PID=1420) to work on /opt/airflow/dags/feature_pipeline_dag.py
[2026-08-07T09:32:01.433+0000] {processor.py:830} INFO - Processing file /opt/airflow/dags/feature_pipeline_dag.py for tasks to queue
[2026-08-07T09:32:01.656+0000] {logging_mixin.py:188} INFO - [2026-08-07T09:32:01.622+0000] {dagbag.py:545} INFO - Filling up the DagBag from /opt/airflow/dags/feature_pipeline_dag.py
[2026-08-07T09:32:14.613+0000] {processor.py:840} INFO - DAG(s) 'feature_pipeline' retrieved from /opt/airflow/dags/feature_pipeline_dag.py
[2026-08-07T09:32:14.697+0000] {logging_mixin.py:188} INFO - [2026-08-07T09:32:14.696+0000] {dag.py:3089} INFO - Sync 1 DAGs
[2026-08-07T09:32:14.743+0000] {logging_mixin.py:188} INFO - [2026-08-07T09:32:14.743+0000] {dag.py:3947} INFO - Setting next_dagrun for feature_pipeline to 2026-08-07 09:00:00+00:00, run_after=2026-08-07 10:00:00+00:00
[2026-08-07T09:32:14.792+0000] {processor.py:183} INFO - Processing /opt/airflow/dags/feature_pipeline_dag.py took 13.684 seconds
[2026-08-07T09:32:45.481+0000] {processor.py:161} INFO - Started process (PID=1436) to work on /opt/airflow/dags/feature_pipeline_dag.py
[2026-08-07T09:32:45.483+0000] {processor.py:830} INFO - Processing file /opt/airflow/dags/feature_pipeline_dag.py for tasks to queue
[2026-08-07T09:32:45.490+0000] {logging_mixin.py:188} INFO - [2026-08-07T09:32:45.489+0000] {dagbag.py:545} INFO - Filling up the DagBag from /opt/airflow/dags/feature_pipeline_dag.py
[2026-08-07T09:32:48.222+0000] {processor.py:840} INFO - DAG(s) 'feature_pipeline' retrieved from /opt/airflow/dags/feature_pipeline_dag.py
[2026-08-07T09:32:48.323+0000] {logging_mixin.py:188} INFO - [2026-08-07T09:32:48.322+0000] {dag.py:3089} INFO - Sync 1 DAGs
[2026-08-07T09:32:49.094+0000] {logging_mixin.py:188} INFO - [2026-08-07T09:32:49.094+0000] {dag.py:3947} INFO - Setting next_dagrun for feature_pipeline to 2026-08-07 09:00:00+00:00, run_after=2026-08-07 10:00:00+00:00
[2026-08-07T09:32:49.142+0000] {processor.py:183} INFO - Processing /opt/airflow/dags/feature_pipeline_dag.py took 3.864 seconds
[2026-08-07T09:33:20.085+0000] {processor.py:161} INFO - Started process (PID=1445) to work on /opt/airflow/dags/feature_pipeline_dag.py
[2026-08-07T09:33:20.109+0000] {processor.py:830} INFO - Processing file /opt/airflow/dags/feature_pipeline_dag.py for tasks to queue
[2026-08-07T09:33:20.126+0000] {logging_mixin.py:188} INFO - [2026-08-07T09:33:20.125+0000] {dagbag.py:545} INFO - Filling up the DagBag from /opt/airflow/dags/feature_pipeline_dag.py
[2026-08-07T09:33:21.824+0000] {processor.py:840} INFO - DAG(s) 'feature_pipeline' retrieved from /opt/airflow/dags/feature_pipeline_dag.py
[2026-08-07T09:33:22.412+0000] {logging_mixin.py:188} INFO - [2026-08-07T09:33:21.903+0000] {dag.py:3089} INFO - Sync 1 DAGs
[2026-08-07T09:33:22.717+0000] {logging_mixin.py:188} INFO - [2026-08-07T09:33:22.715+0000] {dag.py:3947} INFO - Setting next_dagrun for feature_pipeline to 2026-08-07 09:00:00+00:00, run_after=2026-08-07 10:00:00+00:00
[2026-08-07T09:33:22.825+0000] {processor.py:183} INFO - Processing /opt/airflow/dags/feature_pipeline_dag.py took 2.760 seconds
[2026-08-07T09:33:53.228+0000] {processor.py:161} INFO - Started process (PID=1457) to work on /opt/airflow/dags/feature_pipeline_dag.py
[2026-08-07T09:33:53.235+0000] {processor.py:830} INFO - Processing file /opt/airflow/dags/feature_pipeline_dag.py for tasks to queue
[2026-08-07T09:33:53.240+0000] {logging_mixin.py:188} INFO - [2026-08-07T09:33:53.240+0000] {dagbag.py:545} INFO - Filling up the DagBag from /opt/airflow/dags/feature_pipeline_dag.py
[2026-08-07T09:34:00.884+0000] {processor.py:840} INFO - DAG(s) 'feature_pipeline' retrieved from /opt/airflow/dags/feature_pipeline_dag.py
[2026-08-07T09:34:18.141+0000] {logging_mixin.py:188} INFO - [2026-08-07T09:34:18.110+0000] {dag.py:3089} INFO - Sync 1 DAGs
[2026-08-07T09:34:18.354+0000] {logging_mixin.py:188} INFO - [2026-08-07T09:34:18.353+0000] {dag.py:3947} INFO - Setting next_dagrun for feature_pipeline to 2026-08-07 09:00:00+00:00, run_after=2026-08-07 10:00:00+00:00
[2026-08-07T09:34:18.432+0000] {processor.py:183} INFO - Processing /opt/airflow/dags/feature_pipeline_dag.py took 25.242 seconds
[2026-08-07T09:34:48.816+0000] {processor.py:161} INFO - Started process (PID=1473) to work on /opt/airflow/dags/feature_pipeline_dag.py
[2026-08-07T09:34:48.829+0000] {processor.py:830} INFO - Processing file /opt/airflow/dags/feature_pipeline_dag.py for tasks to queue
[2026-08-07T09:34:48.836+0000] {logging_mixin.py:188} INFO - [2026-08-07T09:34:48.835+0000] {dagbag.py:545} INFO - Filling up the DagBag from /opt/airflow/dags/feature_pipeline_dag.py
[2026-08-07T09:34:52.096+0000] {processor.py:840} INFO - DAG(s) 'feature_pipeline' retrieved from /opt/airflow/dags/feature_pipeline_dag.py
[2026-08-07T09:34:52.152+0000] {logging_mixin.py:188} INFO - [2026-08-07T09:34:52.151+0000] {dag.py:3089} INFO - Sync 1 DAGs
[2026-08-07T09:34:52.193+0000] {logging_mixin.py:188} INFO - [2026-08-07T09:34:52.192+0000] {dag.py:3947} INFO - Setting next_dagrun for feature_pipeline to 2026-08-07 09:00:00+00:00, run_after=2026-08-07 10:00:00+00:00
[2026-08-07T09:34:52.233+0000] {processor.py:183} INFO - Processing /opt/airflow/dags/feature_pipeline_dag.py took 3.439 seconds
[2026-08-07T09:35:23.255+0000] {processor.py:161} INFO - Started process (PID=1485) to work on /opt/airflow/dags/feature_pipeline_dag.py
[2026-08-07T09:35:23.258+0000] {processor.py:830} INFO - Processing file /opt/airflow/dags/feature_pipeline_dag.py for tasks to queue
[2026-08-07T09:35:23.266+0000] {logging_mixin.py:188} INFO - [2026-08-07T09:35:23.265+0000] {dagbag.py:545} INFO - Filling up the DagBag from /opt/airflow/dags/feature_pipeline_dag.py
[2026-08-07T09:35:24.722+0000] {processor.py:840} INFO - DAG(s) 'feature_pipeline' retrieved from /opt/airflow/dags/feature_pipeline_dag.py
[2026-08-07T09:35:24.783+0000] {logging_mixin.py:188} INFO - [2026-08-07T09:35:24.782+0000] {dag.py:3089} INFO - Sync 1 DAGs
[2026-08-07T09:35:25.156+0000] {logging_mixin.py:188} INFO - [2026-08-07T09:35:25.156+0000] {dag.py:3947} INFO - Setting next_dagrun for feature_pipeline to 2026-08-07 09:00:00+00:00, run_after=2026-08-07 10:00:00+00:00
[2026-08-07T09:35:25.191+0000] {processor.py:183} INFO - Processing /opt/airflow/dags/feature_pipeline_dag.py took 1.963 seconds
[2026-08-07T09:35:55.890+0000] {processor.py:161} INFO - Started process (PID=1497) to work on /opt/airflow/dags/feature_pipeline_dag.py
[2026-08-07T09:35:55.893+0000] {processor.py:830} INFO - Processing file /opt/airflow/dags/feature_pipeline_dag.py for tasks to queue
[2026-08-07T09:35:55.899+0000] {logging_mixin.py:188} INFO - [2026-08-07T09:35:55.898+0000] {dagbag.py:545} INFO - Filling up the DagBag from /opt/airflow/dags/feature_pipeline_dag.py
[2026-08-07T09:35:58.499+0000] {processor.py:840} INFO - DAG(s) 'feature_pipeline' retrieved from /opt/airflow/dags/feature_pipeline_dag.py
[2026-08-07T09:35:58.557+0000] {logging_mixin.py:188} INFO - [2026-08-07T09:35:58.556+0000] {dag.py:3089} INFO - Sync 1 DAGs
[2026-08-07T09:35:58.939+0000] {logging_mixin.py:188} INFO - [2026-08-07T09:35:58.938+0000] {dag.py:3947} INFO - Setting next_dagrun for feature_pipeline to 2026-08-07 09:00:00+00:00, run_after=2026-08-07 10:00:00+00:00
[2026-08-07T09:35:58.987+0000] {processor.py:183} INFO - Processing /opt/airflow/dags/feature_pipeline_dag.py took 3.114 seconds
[2026-08-07T09:36:29.800+0000] {processor.py:161} INFO - Started process (PID=1509) to work on /opt/airflow/dags/feature_pipeline_dag.py
[2026-08-07T09:36:29.802+0000] {processor.py:830} INFO - Processing file /opt/airflow/dags/feature_pipeline_dag.py for tasks to queue
[2026-08-07T09:36:29.808+0000] {logging_mixin.py:188} INFO - [2026-08-07T09:36:29.807+0000] {dagbag.py:545} INFO - Filling up the DagBag from /opt/airflow/dags/feature_pipeline_dag.py
[2026-08-07T09:36:31.605+0000] {processor.py:840} INFO - DAG(s) 'feature_pipeline' retrieved from /opt/airflow/dags/feature_pipeline_dag.py
[2026-08-07T09:36:31.661+0000] {logging_mixin.py:188} INFO - [2026-08-07T09:36:31.660+0000] {dag.py:3089} INFO - Sync 1 DAGs
[2026-08-07T09:36:31.700+0000] {logging_mixin.py:188} INFO - [2026-08-07T09:36:31.699+0000] {dag.py:3947} INFO - Setting next_dagrun for feature_pipeline to 2026-08-07 09:00:00+00:00, run_after=2026-08-07 10:00:00+00:00
[2026-08-07T09:36:31.816+0000] {processor.py:183} INFO - Processing /opt/airflow/dags/feature_pipeline_dag.py took 2.036 seconds
[2026-08-07T09:37:02.826+0000] {processor.py:161} INFO - Started process (PID=1523) to work on /opt/airflow/dags/feature_pipeline_dag.py
[2026-08-07T09:37:02.829+0000] {processor.py:830} INFO - Processing file /opt/airflow/dags/feature_pipeline_dag.py for tasks to queue
[2026-08-07T09:37:02.834+0000] {logging_mixin.py:188} INFO - [2026-08-07T09:37:02.833+0000] {dagbag.py:545} INFO - Filling up the DagBag from /opt/airflow/dags/feature_pipeline_dag.py
[2026-08-07T09:37:04.419+0000] {processor.py:840} INFO - DAG(s) 'feature_pipeline' retrieved from /opt/airflow/dags/feature_pipeline_dag.py
[2026-08-07T09:37:04.846+0000] {logging_mixin.py:188} INFO - [2026-08-07T09:37:04.845+0000] {dag.py:3089} INFO - Sync 1 DAGs
[2026-08-07T09:37:04.887+0000] {logging_mixin.py:188} INFO - [2026-08-07T09:37:04.886+0000] {dag.py:3947} INFO - Setting next_dagrun for feature_pipeline to 2026-08-07 09:00:00+00:00, run_after=2026-08-07 10:00:00+00:00
[2026-08-07T09:37:04.927+0000] {processor.py:183} INFO - Processing /opt/airflow/dags/feature_pipeline_dag.py took 2.122 seconds
[2026-08-07T09:37:35.496+0000] {processor.py:161} INFO - Started process (PID=1533) to work on /opt/airflow/dags/feature_pipeline_dag.py
[2026-08-07T09:37:35.499+0000] {processor.py:830} INFO - Processing file /opt/airflow/dags/feature_pipeline_dag.py for tasks to queue
[2026-08-07T09:37:35.508+0000] {logging_mixin.py:188} INFO - [2026-08-07T09:37:35.506+0000] {dagbag.py:545} INFO - Filling up the DagBag from /opt/airflow/dags/feature_pipeline_dag.py
[2026-08-07T09:37:37.347+0000] {processor.py:840} INFO - DAG(s) 'feature_pipeline' retrieved from /opt/airflow/dags/feature_pipeline_dag.py
[2026-08-07T09:37:37.437+0000] {logging_mixin.py:188} INFO - [2026-08-07T09:37:37.436+0000] {dag.py:3089} INFO - Sync 1 DAGs
[2026-08-07T09:37:37.484+0000] {logging_mixin.py:188} INFO - [2026-08-07T09:37:37.484+0000] {dag.py:3947} INFO - Setting next_dagrun for feature_pipeline to 2026-08-07 09:00:00+00:00, run_after=2026-08-07 10:00:00+00:00
[2026-08-07T09:37:37.522+0000] {processor.py:183} INFO - Processing /opt/airflow/dags/feature_pipeline_dag.py took 2.053 seconds
[2026-08-07T09:38:08.901+0000] {processor.py:161} INFO - Started process (PID=1545) to work on /opt/airflow/dags/feature_pipeline_dag.py
[2026-08-07T09:38:08.917+0000] {processor.py:830} INFO - Processing file /opt/airflow/dags/feature_pipeline_dag.py for tasks to queue
[2026-08-07T09:38:08.925+0000] {logging_mixin.py:188} INFO - [2026-08-07T09:38:08.924+0000] {dagbag.py:545} INFO - Filling up the DagBag from /opt/airflow/dags/feature_pipeline_dag.py
[2026-08-07T09:38:11.791+0000] {processor.py:840} INFO - DAG(s) 'feature_pipeline' retrieved from /opt/airflow/dags/feature_pipeline_dag.py
[2026-08-07T09:38:11.851+0000] {logging_mixin.py:188} INFO - [2026-08-07T09:38:11.850+0000] {dag.py:3089} INFO - Sync 1 DAGs
[2026-08-07T09:38:11.894+0000] {logging_mixin.py:188} INFO - [2026-08-07T09:38:11.894+0000] {dag.py:3947} INFO - Setting next_dagrun for feature_pipeline to 2026-08-07 09:00:00+00:00, run_after=2026-08-07 10:00:00+00:00
[2026-08-07T09:38:11.948+0000] {processor.py:183} INFO - Processing /opt/airflow/dags/feature_pipeline_dag.py took 2.547 seconds
[2026-08-07T09:38:42.407+0000] {processor.py:161} INFO - Started process (PID=1559) to work on /opt/airflow/dags/feature_pipeline_dag.py
[2026-08-07T09:38:42.419+0000] {processor.py:830} INFO - Processing file /opt/airflow/dags/feature_pipeline_dag.py for tasks to queue
[2026-08-07T09:38:42.427+0000] {logging_mixin.py:188} INFO - [2026-08-07T09:38:42.426+0000] {dagbag.py:545} INFO - Filling up the DagBag from /opt/airflow/dags/feature_pipeline_dag.py
[2026-08-07T09:38:44.117+0000] {processor.py:840} INFO - DAG(s) 'feature_pipeline' retrieved from /opt/airflow/dags/feature_pipeline_dag.py
[2026-08-07T09:38:44.185+0000] {logging_mixin.py:188} INFO - [2026-08-07T09:38:44.184+0000] {dag.py:3089} INFO - Sync 1 DAGs
[2026-08-07T09:38:44.753+0000] {logging_mixin.py:188} INFO - [2026-08-07T09:38:44.753+0000] {dag.py:3947} INFO - Setting next_dagrun for feature_pipeline to 2026-08-07 09:00:00+00:00, run_after=2026-08-07 10:00:00+00:00
[2026-08-07T09:38:44.795+0000] {processor.py:183} INFO - Processing /opt/airflow/dags/feature_pipeline_dag.py took 2.416 seconds
[2026-08-07T09:39:15.775+0000] {processor.py:161} INFO - Started process (PID=1571) to work on /opt/airflow/dags/feature_pipeline_dag.py
[2026-08-07T09:39:15.780+0000] {processor.py:830} INFO - Processing file /opt/airflow/dags/feature_pipeline_dag.py for tasks to queue
[2026-08-07T09:39:15.789+0000] {logging_mixin.py:188} INFO - [2026-08-07T09:39:15.788+0000] {dagbag.py:545} INFO - Filling up the DagBag from /opt/airflow/dags/feature_pipeline_dag.py
[2026-08-07T09:39:17.472+0000] {processor.py:840} INFO - DAG(s) 'feature_pipeline' retrieved from /opt/airflow/dags/feature_pipeline_dag.py
[2026-08-07T09:39:17.942+0000] {logging_mixin.py:188} INFO - [2026-08-07T09:39:17.556+0000] {dag.py:3089} INFO - Sync 1 DAGs
[2026-08-07T09:39:18.006+0000] {logging_mixin.py:188} INFO - [2026-08-07T09:39:18.005+0000] {dag.py:3947} INFO - Setting next_dagrun for feature_pipeline to 2026-08-07 09:00:00+00:00, run_after=2026-08-07 10:00:00+00:00
[2026-08-07T09:39:18.067+0000] {processor.py:183} INFO - Processing /opt/airflow/dags/feature_pipeline_dag.py took 2.315 seconds
[2026-08-07T09:39:49.212+0000] {processor.py:161} INFO - Started process (PID=1583) to work on /opt/airflow/dags/feature_pipeline_dag.py
[2026-08-07T09:39:49.215+0000] {processor.py:830} INFO - Processing file /opt/airflow/dags/feature_pipeline_dag.py for tasks to queue
[2026-08-07T09:39:49.222+0000] {logging_mixin.py:188} INFO - [2026-08-07T09:39:49.221+0000] {dagbag.py:545} INFO - Filling up the DagBag from /opt/airflow/dags/feature_pipeline_dag.py
[2026-08-07T09:39:47.656+0000] {processor.py:840} INFO - DAG(s) 'feature_pipeline' retrieved from /opt/airflow/dags/feature_pipeline_dag.py
[2026-08-07T09:39:47.708+0000] {logging_mixin.py:188} INFO - [2026-08-07T09:39:47.707+0000] {dag.py:3089} INFO - Sync 1 DAGs
[2026-08-07T09:39:47.744+0000] {logging_mixin.py:188} INFO - [2026-08-07T09:39:47.743+0000] {dag.py:3947} INFO - Setting next_dagrun for feature_pipeline to 2026-08-07 09:00:00+00:00, run_after=2026-08-07 10:00:00+00:00
[2026-08-07T09:39:47.777+0000] {processor.py:183} INFO - Processing /opt/airflow/dags/feature_pipeline_dag.py took 1.891 seconds
[2026-08-07T09:40:18.819+0000] {processor.py:161} INFO - Started process (PID=1595) to work on /opt/airflow/dags/feature_pipeline_dag.py
[2026-08-07T09:40:18.822+0000] {processor.py:830} INFO - Processing file /opt/airflow/dags/feature_pipeline_dag.py for tasks to queue
[2026-08-07T09:40:18.830+0000] {logging_mixin.py:188} INFO - [2026-08-07T09:40:18.829+0000] {dagbag.py:545} INFO - Filling up the DagBag from /opt/airflow/dags/feature_pipeline_dag.py
[2026-08-07T09:40:20.730+0000] {processor.py:840} INFO - DAG(s) 'feature_pipeline' retrieved from /opt/airflow/dags/feature_pipeline_dag.py
[2026-08-07T09:40:20.804+0000] {logging_mixin.py:188} INFO - [2026-08-07T09:40:20.803+0000] {dag.py:3089} INFO - Sync 1 DAGs
[2026-08-07T09:40:20.846+0000] {logging_mixin.py:188} INFO - [2026-08-07T09:40:20.845+0000] {dag.py:3947} INFO - Setting next_dagrun for feature_pipeline to 2026-08-07 09:00:00+00:00, run_after=2026-08-07 10:00:00+00:00
[2026-08-07T09:40:20.885+0000] {processor.py:183} INFO - Processing /opt/airflow/dags/feature_pipeline_dag.py took 2.092 seconds
[2026-08-07T09:40:51.102+0000] {processor.py:161} INFO - Started process (PID=1607) to work on /opt/airflow/dags/feature_pipeline_dag.py
[2026-08-07T09:40:51.105+0000] {processor.py:830} INFO - Processing file /opt/airflow/dags/feature_pipeline_dag.py for tasks to queue
[2026-08-07T09:40:51.116+0000] {logging_mixin.py:188} INFO - [2026-08-07T09:40:51.115+0000] {dagbag.py:545} INFO - Filling up the DagBag from /opt/airflow/dags/feature_pipeline_dag.py
[2026-08-07T09:40:53.086+0000] {processor.py:840} INFO - DAG(s) 'feature_pipeline' retrieved from /opt/airflow/dags/feature_pipeline_dag.py
[2026-08-07T09:40:53.151+0000] {logging_mixin.py:188} INFO - [2026-08-07T09:40:53.150+0000] {dag.py:3089} INFO - Sync 1 DAGs
[2026-08-07T09:40:53.194+0000] {logging_mixin.py:188} INFO - [2026-08-07T09:40:53.193+0000] {dag.py:3947} INFO - Setting next_dagrun for feature_pipeline to 2026-08-07 09:00:00+00:00, run_after=2026-08-07 10:00:00+00:00
[2026-08-07T09:40:53.240+0000] {processor.py:183} INFO - Processing /opt/airflow/dags/feature_pipeline_dag.py took 2.158 seconds
[2026-08-07T09:41:23.795+0000] {processor.py:161} INFO - Started process (PID=1619) to work on /opt/airflow/dags/feature_pipeline_dag.py
[2026-08-07T09:41:23.798+0000] {processor.py:830} INFO - Processing file /opt/airflow/dags/feature_pipeline_dag.py for tasks to queue
[2026-08-07T09:41:23.804+0000] {logging_mixin.py:188} INFO - [2026-08-07T09:41:23.803+0000] {dagbag.py:545} INFO - Filling up the DagBag from /opt/airflow/dags/feature_pipeline_dag.py
[2026-08-07T09:41:25.389+0000] {processor.py:840} INFO - DAG(s) 'feature_pipeline' retrieved from /opt/airflow/dags/feature_pipeline_dag.py
[2026-08-07T09:41:25.467+0000] {logging_mixin.py:188} INFO - [2026-08-07T09:41:25.464+0000] {dag.py:3089} INFO - Sync 1 DAGs
[2026-08-07T09:41:25.868+0000] {logging_mixin.py:188} INFO - [2026-08-07T09:41:25.867+0000] {dag.py:3947} INFO - Setting next_dagrun for feature_pipeline to 2026-08-07 09:00:00+00:00, run_after=2026-08-07 10:00:00+00:00
[2026-08-07T09:41:25.910+0000] {processor.py:183} INFO - Processing /opt/airflow/dags/feature_pipeline_dag.py took 2.139 seconds
[2026-08-07T09:41:56.332+0000] {processor.py:161} INFO - Started process (PID=1631) to work on /opt/airflow/dags/feature_pipeline_dag.py
[2026-08-07T09:41:56.334+0000] {processor.py:830} INFO - Processing file /opt/airflow/dags/feature_pipeline_dag.py for tasks to queue
[2026-08-07T09:41:56.340+0000] {logging_mixin.py:188} INFO - [2026-08-07T09:41:56.340+0000] {dagbag.py:545} INFO - Filling up the DagBag from /opt/airflow/dags/feature_pipeline_dag.py
[2026-08-07T09:41:58.031+0000] {processor.py:840} INFO - DAG(s) 'feature_pipeline' retrieved from /opt/airflow/dags/feature_pipeline_dag.py
[2026-08-07T09:41:58.465+0000] {logging_mixin.py:188} INFO - [2026-08-07T09:41:58.100+0000] {dag.py:3089} INFO - Sync 1 DAGs
[2026-08-07T09:41:58.520+0000] {logging_mixin.py:188} INFO - [2026-08-07T09:41:58.520+0000] {dag.py:3947} INFO - Setting next_dagrun for feature_pipeline to 2026-08-07 09:00:00+00:00, run_after=2026-08-07 10:00:00+00:00
[2026-08-07T09:41:58.560+0000] {processor.py:183} INFO - Processing /opt/airflow/dags/feature_pipeline_dag.py took 2.247 seconds
[2026-08-07T09:42:31.479+0000] {processor.py:161} INFO - Started process (PID=1641) to work on /opt/airflow/dags/feature_pipeline_dag.py
[2026-08-07T09:42:31.735+0000] {processor.py:830} INFO - Processing file /opt/airflow/dags/feature_pipeline_dag.py for tasks to queue
[2026-08-07T09:42:32.142+0000] {logging_mixin.py:188} INFO - [2026-08-07T09:42:32.094+0000] {dagbag.py:545} INFO - Filling up the DagBag from /opt/airflow/dags/feature_pipeline_dag.py
[2026-08-07T09:42:48.564+0000] {processor.py:840} INFO - DAG(s) 'feature_pipeline' retrieved from /opt/airflow/dags/feature_pipeline_dag.py
[2026-08-07T09:42:48.643+0000] {logging_mixin.py:188} INFO - [2026-08-07T09:42:48.641+0000] {dag.py:3089} INFO - Sync 1 DAGs
[2026-08-07T09:42:48.719+0000] {logging_mixin.py:188} INFO - [2026-08-07T09:42:48.718+0000] {dag.py:3947} INFO - Setting next_dagrun for feature_pipeline to 2026-08-07 09:00:00+00:00, run_after=2026-08-07 10:00:00+00:00
[2026-08-07T09:42:48.773+0000] {processor.py:183} INFO - Processing /opt/airflow/dags/feature_pipeline_dag.py took 20.650 seconds
[2026-08-07T09:43:19.331+0000] {processor.py:161} INFO - Started process (PID=1649) to work on /opt/airflow/dags/feature_pipeline_dag.py
[2026-08-07T09:43:19.335+0000] {processor.py:830} INFO - Processing file /opt/airflow/dags/feature_pipeline_dag.py for tasks to queue
[2026-08-07T09:43:19.349+0000] {logging_mixin.py:188} INFO - [2026-08-07T09:43:19.348+0000] {dagbag.py:545} INFO - Filling up the DagBag from /opt/airflow/dags/feature_pipeline_dag.py
[2026-08-07T09:43:24.088+0000] {processor.py:840} INFO - DAG(s) 'feature_pipeline' retrieved from /opt/airflow/dags/feature_pipeline_dag.py
[2026-08-07T09:43:24.656+0000] {logging_mixin.py:188} INFO - [2026-08-07T09:43:24.655+0000] {dag.py:3089} INFO - Sync 1 DAGs
[2026-08-07T09:43:24.750+0000] {logging_mixin.py:188} INFO - [2026-08-07T09:43:24.749+0000] {dag.py:3947} INFO - Setting next_dagrun for feature_pipeline to 2026-08-07 09:00:00+00:00, run_after=2026-08-07 10:00:00+00:00
[2026-08-07T09:43:24.914+0000] {processor.py:183} INFO - Processing /opt/airflow/dags/feature_pipeline_dag.py took 5.608 seconds
[2026-08-07T09:43:55.191+0000] {processor.py:161} INFO - Started process (PID=1661) to work on /opt/airflow/dags/feature_pipeline_dag.py
[2026-08-07T09:43:55.193+0000] {processor.py:830} INFO - Processing file /opt/airflow/dags/feature_pipeline_dag.py for tasks to queue
[2026-08-07T09:43:55.206+0000] {logging_mixin.py:188} INFO - [2026-08-07T09:43:55.204+0000] {dagbag.py:545} INFO - Filling up the DagBag from /opt/airflow/dags/feature_pipeline_dag.py
[2026-08-07T09:43:57.680+0000] {processor.py:840} INFO - DAG(s) 'feature_pipeline' retrieved from /opt/airflow/dags/feature_pipeline_dag.py
[2026-08-07T09:43:57.779+0000] {logging_mixin.py:188} INFO - [2026-08-07T09:43:57.777+0000] {dag.py:3089} INFO - Sync 1 DAGs
[2026-08-07T09:43:57.852+0000] {logging_mixin.py:188} INFO - [2026-08-07T09:43:57.850+0000] {dag.py:3947} INFO - Setting next_dagrun for feature_pipeline to 2026-08-07 09:00:00+00:00, run_after=2026-08-07 10:00:00+00:00
[2026-08-07T09:43:57.907+0000] {processor.py:183} INFO - Processing /opt/airflow/dags/feature_pipeline_dag.py took 2.764 seconds
[2026-08-07T09:44:28.544+0000] {processor.py:161} INFO - Started process (PID=1679) to work on /opt/airflow/dags/feature_pipeline_dag.py
[2026-08-07T09:44:28.614+0000] {processor.py:830} INFO - Processing file /opt/airflow/dags/feature_pipeline_dag.py for tasks to queue
[2026-08-07T09:44:28.687+0000] {logging_mixin.py:188} INFO - [2026-08-07T09:44:28.683+0000] {dagbag.py:545} INFO - Filling up the DagBag from /opt/airflow/dags/feature_pipeline_dag.py
[2026-08-07T09:44:45.832+0000] {processor.py:840} INFO - DAG(s) 'feature_pipeline' retrieved from /opt/airflow/dags/feature_pipeline_dag.py
[2026-08-07T09:44:45.933+0000] {logging_mixin.py:188} INFO - [2026-08-07T09:44:45.932+0000] {dag.py:3089} INFO - Sync 1 DAGs
[2026-08-07T09:44:46.003+0000] {logging_mixin.py:188} INFO - [2026-08-07T09:44:46.003+0000] {dag.py:3947} INFO - Setting next_dagrun for feature_pipeline to 2026-08-07 09:00:00+00:00, run_after=2026-08-07 10:00:00+00:00
[2026-08-07T09:44:46.077+0000] {processor.py:183} INFO - Processing /opt/airflow/dags/feature_pipeline_dag.py took 19.861 seconds
[2026-08-07T09:45:16.677+0000] {processor.py:161} INFO - Started process (PID=1725) to work on /opt/airflow/dags/feature_pipeline_dag.py
[2026-08-07T09:45:16.682+0000] {processor.py:830} INFO - Processing file /opt/airflow/dags/feature_pipeline_dag.py for tasks to queue
[2026-08-07T09:45:16.701+0000] {logging_mixin.py:188} INFO - [2026-08-07T09:45:16.700+0000] {dagbag.py:545} INFO - Filling up the DagBag from /opt/airflow/dags/feature_pipeline_dag.py
[2026-08-07T09:45:19.469+0000] {processor.py:840} INFO - DAG(s) 'feature_pipeline' retrieved from /opt/airflow/dags/feature_pipeline_dag.py
[2026-08-07T09:45:19.532+0000] {logging_mixin.py:188} INFO - [2026-08-07T09:45:19.531+0000] {dag.py:3089} INFO - Sync 1 DAGs
[2026-08-07T09:45:19.579+0000] {logging_mixin.py:188} INFO - [2026-08-07T09:45:19.578+0000] {dag.py:3947} INFO - Setting next_dagrun for feature_pipeline to 2026-08-07 09:00:00+00:00, run_after=2026-08-07 10:00:00+00:00
[2026-08-07T09:45:19.637+0000] {processor.py:183} INFO - Processing /opt/airflow/dags/feature_pipeline_dag.py took 3.124 seconds
[2026-08-07T09:45:50.293+0000] {processor.py:161} INFO - Started process (PID=1755) to work on /opt/airflow/dags/feature_pipeline_dag.py
[2026-08-07T09:45:50.296+0000] {processor.py:830} INFO - Processing file /opt/airflow/dags/feature_pipeline_dag.py for tasks to queue
[2026-08-07T09:45:50.303+0000] {logging_mixin.py:188} INFO - [2026-08-07T09:45:50.302+0000] {dagbag.py:545} INFO - Filling up the DagBag from /opt/airflow/dags/feature_pipeline_dag.py
[2026-08-07T09:45:52.249+0000] {processor.py:840} INFO - DAG(s) 'feature_pipeline' retrieved from /opt/airflow/dags/feature_pipeline_dag.py
[2026-08-07T09:45:52.306+0000] {logging_mixin.py:188} INFO - [2026-08-07T09:45:52.305+0000] {dag.py:3089} INFO - Sync 1 DAGs
[2026-08-07T09:45:52.350+0000] {logging_mixin.py:188} INFO - [2026-08-07T09:45:52.350+0000] {dag.py:3947} INFO - Setting next_dagrun for feature_pipeline to 2026-08-07 09:00:00+00:00, run_after=2026-08-07 10:00:00+00:00
[2026-08-07T09:45:52.389+0000] {processor.py:183} INFO - Processing /opt/airflow/dags/feature_pipeline_dag.py took 2.121 seconds
[2026-08-07T09:46:22.988+0000] {processor.py:161} INFO - Started process (PID=1767) to work on /opt/airflow/dags/feature_pipeline_dag.py
[2026-08-07T09:46:22.990+0000] {processor.py:830} INFO - Processing file /opt/airflow/dags/feature_pipeline_dag.py for tasks to queue
[2026-08-07T09:46:22.996+0000] {logging_mixin.py:188} INFO - [2026-08-07T09:46:22.995+0000] {dagbag.py:545} INFO - Filling up the DagBag from /opt/airflow/dags/feature_pipeline_dag.py
[2026-08-07T09:46:25.783+0000] {processor.py:840} INFO - DAG(s) 'feature_pipeline' retrieved from /opt/airflow/dags/feature_pipeline_dag.py
[2026-08-07T09:46:25.848+0000] {logging_mixin.py:188} INFO - [2026-08-07T09:46:25.847+0000] {dag.py:3089} INFO - Sync 1 DAGs
[2026-08-07T09:46:25.900+0000] {logging_mixin.py:188} INFO - [2026-08-07T09:46:25.899+0000] {dag.py:3947} INFO - Setting next_dagrun for feature_pipeline to 2026-08-07 09:00:00+00:00, run_after=2026-08-07 10:00:00+00:00
[2026-08-07T09:46:25.949+0000] {processor.py:183} INFO - Processing /opt/airflow/dags/feature_pipeline_dag.py took 2.986 seconds
[2026-08-07T09:46:56.770+0000] {processor.py:161} INFO - Started process (PID=1779) to work on /opt/airflow/dags/feature_pipeline_dag.py
[2026-08-07T09:46:56.786+0000] {processor.py:830} INFO - Processing file /opt/airflow/dags/feature_pipeline_dag.py for tasks to queue
[2026-08-07T09:46:56.794+0000] {logging_mixin.py:188} INFO - [2026-08-07T09:46:56.793+0000] {dagbag.py:545} INFO - Filling up the DagBag from /opt/airflow/dags/feature_pipeline_dag.py
[2026-08-07T09:46:58.998+0000] {processor.py:840} INFO - DAG(s) 'feature_pipeline' retrieved from /opt/airflow/dags/feature_pipeline_dag.py
[2026-08-07T09:46:58.962+0000] {logging_mixin.py:188} INFO - [2026-08-07T09:46:58.961+0000] {dag.py:3089} INFO - Sync 1 DAGs
[2026-08-07T09:46:59.007+0000] {logging_mixin.py:188} INFO - [2026-08-07T09:46:59.006+0000] {dag.py:3947} INFO - Setting next_dagrun for feature_pipeline to 2026-08-07 09:00:00+00:00, run_after=2026-08-07 10:00:00+00:00
[2026-08-07T09:46:59.089+0000] {processor.py:183} INFO - Processing /opt/airflow/dags/feature_pipeline_dag.py took 2.488 seconds
[2026-08-07T09:47:29.333+0000] {processor.py:161} INFO - Started process (PID=1791) to work on /opt/airflow/dags/feature_pipeline_dag.py
[2026-08-07T09:47:29.345+0000] {processor.py:830} INFO - Processing file /opt/airflow/dags/feature_pipeline_dag.py for tasks to queue
[2026-08-07T09:47:29.352+0000] {logging_mixin.py:188} INFO - [2026-08-07T09:47:29.351+0000] {dagbag.py:545} INFO - Filling up the DagBag from /opt/airflow/dags/feature_pipeline_dag.py
[2026-08-07T09:47:33.736+0000] {processor.py:840} INFO - DAG(s) 'feature_pipeline' retrieved from /opt/airflow/dags/feature_pipeline_dag.py
[2026-08-07T09:47:33.801+0000] {logging_mixin.py:188} INFO - [2026-08-07T09:47:33.798+0000] {dag.py:3089} INFO - Sync 1 DAGs
[2026-08-07T09:47:33.838+0000] {logging_mixin.py:188} INFO - [2026-08-07T09:47:33.838+0000] {dag.py:3947} INFO - Setting next_dagrun for feature_pipeline to 2026-08-07 09:00:00+00:00, run_after=2026-08-07 10:00:00+00:00
[2026-08-07T09:47:33.972+0000] {processor.py:183} INFO - Processing /opt/airflow/dags/feature_pipeline_dag.py took 4.660 seconds
[2026-08-07T09:48:04.230+0000] {processor.py:161} INFO - Started process (PID=1803) to work on /opt/airflow/dags/feature_pipeline_dag.py
[2026-08-07T09:48:04.257+0000] {processor.py:830} INFO - Processing file /opt/airflow/dags/feature_pipeline_dag.py for tasks to queue
[2026-08-07T09:48:04.268+0000] {logging_mixin.py:188} INFO - [2026-08-07T09:48:04.266+0000] {dagbag.py:545} INFO - Filling up the DagBag from /opt/airflow/dags/feature_pipeline_dag.py
[2026-08-07T09:48:07.086+0000] {processor.py:840} INFO - DAG(s) 'feature_pipeline' retrieved from /opt/airflow/dags/feature_pipeline_dag.py
[2026-08-07T09:48:07.218+0000] {logging_mixin.py:188} INFO - [2026-08-07T09:48:07.216+0000] {dag.py:3089} INFO - Sync 1 DAGs
[2026-08-07T09:48:07.273+0000] {logging_mixin.py:188} INFO - [2026-08-07T09:48:07.272+0000] {dag.py:3947} INFO - Setting next_dagrun for feature_pipeline to 2026-08-07 09:00:00+00:00, run_after=2026-08-07 10:00:00+00:00
[2026-08-07T09:48:07.402+0000] {processor.py:183} INFO - Processing /opt/airflow/dags/feature_pipeline_dag.py took 3.194 seconds
[2026-08-07T09:48:37.826+0000] {processor.py:161} INFO - Started process (PID=1815) to work on /opt/airflow/dags/feature_pipeline_dag.py
[2026-08-07T09:48:37.832+0000] {processor.py:830} INFO - Processing file /opt/airflow/dags/feature_pipeline_dag.py for tasks to queue
[2026-08-07T09:48:37.843+0000] {logging_mixin.py:188} INFO - [2026-08-07T09:48:37.841+0000] {dagbag.py:545} INFO - Filling up the DagBag from /opt/airflow/dags/feature_pipeline_dag.py
[2026-08-07T09:48:40.521+0000] {processor.py:840} INFO - DAG(s) 'feature_pipeline' retrieved from /opt/airflow/dags/feature_pipeline_dag.py
[2026-08-07T09:48:40.595+0000] {logging_mixin.py:188} INFO - [2026-08-07T09:48:40.594+0000] {dag.py:3089} INFO - Sync 1 DAGs
[2026-08-07T09:48:40.644+0000] {logging_mixin.py:188} INFO - [2026-08-07T09:48:40.643+0000] {dag.py:3947} INFO - Setting next_dagrun for feature_pipeline to 2026-08-07 09:00:00+00:00, run_after=2026-08-07 10:00:00+00:00
[2026-08-07T09:48:40.817+0000] {processor.py:183} INFO - Processing /opt/airflow/dags/feature_pipeline_dag.py took 3.030 seconds
[2026-08-07T09:49:14.445+0000] {processor.py:161} INFO - Started process (PID=1831) to work on /opt/airflow/dags/feature_pipeline_dag.py
[2026-08-07T09:49:14.447+0000] {processor.py:830} INFO - Processing file /opt/airflow/dags/feature_pipeline_dag.py for tasks to queue
[2026-08-07T09:49:14.454+0000] {logging_mixin.py:188} INFO - [2026-08-07T09:49:14.452+0000] {dagbag.py:545} INFO - Filling up the DagBag from /opt/airflow/dags/feature_pipeline_dag.py
[2026-08-07T09:49:19.127+0000] {processor.py:840} INFO - DAG(s) 'feature_pipeline' retrieved from /opt/airflow/dags/feature_pipeline_dag.py
[2026-08-07T09:49:19.188+0000] {logging_mixin.py:188} INFO - [2026-08-07T09:49:19.187+0000] {dag.py:3089} INFO - Sync 1 DAGs
[2026-08-07T09:49:19.239+0000] {logging_mixin.py:188} INFO - [2026-08-07T09:49:19.239+0000] {dag.py:3947} INFO - Setting next_dagrun for feature_pipeline to 2026-08-07 09:00:00+00:00, run_after=2026-08-07 10:00:00+00:00
[2026-08-07T09:49:19.291+0000] {processor.py:183} INFO - Processing /opt/airflow/dags/feature_pipeline_dag.py took 7.222 seconds
[2026-08-07T09:50:00.815+0000] {processor.py:161} INFO - Started process (PID=1857) to work on /opt/airflow/dags/feature_pipeline_dag.py
[2026-08-07T09:50:00.859+0000] {processor.py:830} INFO - Processing file /opt/airflow/dags/feature_pipeline_dag.py for tasks to queue
[2026-08-07T09:50:02.100+0000] {logging_mixin.py:188} INFO - [2026-08-07T09:50:01.914+0000] {dagbag.py:545} INFO - Filling up the DagBag from /opt/airflow/dags/feature_pipeline_dag.py
[2026-08-07T09:50:40.489+0000] {logging_mixin.py:188} INFO - [2026-08-07T09:50:39.923+0000] {timeout.py:68} ERROR - Process timed out, PID: 1857
[2026-08-07T09:51:17.173+0000] {processor.py:161} INFO - Started process (PID=1867) to work on /opt/airflow/dags/feature_pipeline_dag.py
[2026-08-07T09:51:17.179+0000] {processor.py:830} INFO - Processing file /opt/airflow/dags/feature_pipeline_dag.py for tasks to queue
[2026-08-07T09:51:17.194+0000] {logging_mixin.py:188} INFO - [2026-08-07T09:51:17.185+0000] {dagbag.py:545} INFO - Filling up the DagBag from /opt/airflow/dags/feature_pipeline_dag.py
[2026-08-07T09:51:31.662+0000] {processor.py:840} INFO - DAG(s) 'feature_pipeline' retrieved from /opt/airflow/dags/feature_pipeline_dag.py
[2026-08-07T09:51:32.443+0000] {logging_mixin.py:188} INFO - [2026-08-07T09:51:32.442+0000] {dag.py:3089} INFO - Sync 1 DAGs
[2026-08-07T09:51:32.671+0000] {logging_mixin.py:188} INFO - [2026-08-07T09:51:32.671+0000] {dag.py:3947} INFO - Setting next_dagrun for feature_pipeline to 2026-08-07 09:00:00+00:00, run_after=2026-08-07 10:00:00+00:00
[2026-08-07T09:51:32.726+0000] {processor.py:183} INFO - Processing /opt/airflow/dags/feature_pipeline_dag.py took 15.775 seconds
[2026-08-07T09:52:03.219+0000] {processor.py:161} INFO - Started process (PID=1896) to work on /opt/airflow/dags/feature_pipeline_dag.py
[2026-08-07T09:52:03.266+0000] {processor.py:830} INFO - Processing file /opt/airflow/dags/feature_pipeline_dag.py for tasks to queue
[2026-08-07T09:52:03.271+0000] {logging_mixin.py:188} INFO - [2026-08-07T09:52:03.268+0000] {dagbag.py:545} INFO - Filling up the DagBag from /opt/airflow/dags/feature_pipeline_dag.py
[2026-08-07T09:52:10.104+0000] {processor.py:840} INFO - DAG(s) 'feature_pipeline' retrieved from /opt/airflow/dags/feature_pipeline_dag.py
[2026-08-07T09:52:10.195+0000] {logging_mixin.py:188} INFO - [2026-08-07T09:52:10.194+0000] {dag.py:3089} INFO - Sync 1 DAGs
[2026-08-07T09:52:10.236+0000] {logging_mixin.py:188} INFO - [2026-08-07T09:52:10.235+0000] {dag.py:3947} INFO - Setting next_dagrun for feature_pipeline to 2026-08-07 09:00:00+00:00, run_after=2026-08-07 10:00:00+00:00
[2026-08-07T09:52:10.278+0000] {processor.py:183} INFO - Processing /opt/airflow/dags/feature_pipeline_dag.py took 7.281 seconds
[2026-08-07T09:52:40.533+0000] {processor.py:161} INFO - Started process (PID=1911) to work on /opt/airflow/dags/feature_pipeline_dag.py
[2026-08-07T09:52:40.538+0000] {processor.py:830} INFO - Processing file /opt/airflow/dags/feature_pipeline_dag.py for tasks to queue
[2026-08-07T09:52:40.543+0000] {logging_mixin.py:188} INFO - [2026-08-07T09:52:40.540+0000] {dagbag.py:545} INFO - Filling up the DagBag from /opt/airflow/dags/feature_pipeline_dag.py
[2026-08-07T09:52:47.872+0000] {processor.py:840} INFO - DAG(s) 'feature_pipeline' retrieved from /opt/airflow/dags/feature_pipeline_dag.py
[2026-08-07T09:52:47.983+0000] {logging_mixin.py:188} INFO - [2026-08-07T09:52:47.982+0000] {dag.py:3089} INFO - Sync 1 DAGs
[2026-08-07T09:52:48.036+0000] {logging_mixin.py:188} INFO - [2026-08-07T09:52:48.035+0000] {dag.py:3947} INFO - Setting next_dagrun for feature_pipeline to 2026-08-07 09:00:00+00:00, run_after=2026-08-07 10:00:00+00:00
[2026-08-07T09:52:48.082+0000] {processor.py:183} INFO - Processing /opt/airflow/dags/feature_pipeline_dag.py took 7.580 seconds
[2026-08-07T09:53:18.943+0000] {processor.py:161} INFO - Started process (PID=1920) to work on /opt/airflow/dags/feature_pipeline_dag.py
[2026-08-07T09:53:18.946+0000] {processor.py:830} INFO - Processing file /opt/airflow/dags/feature_pipeline_dag.py for tasks to queue
[2026-08-07T09:53:18.958+0000] {logging_mixin.py:188} INFO - [2026-08-07T09:53:18.949+0000] {dagbag.py:545} INFO - Filling up the DagBag from /opt/airflow/dags/feature_pipeline_dag.py
[2026-08-07T09:53:23.017+0000] {processor.py:840} INFO - DAG(s) 'feature_pipeline' retrieved from /opt/airflow/dags/feature_pipeline_dag.py
[2026-08-07T09:53:23.084+0000] {logging_mixin.py:188} INFO - [2026-08-07T09:53:23.080+0000] {dag.py:3089} INFO - Sync 1 DAGs
[2026-08-07T09:53:23.135+0000] {logging_mixin.py:188} INFO - [2026-08-07T09:53:23.134+0000] {dag.py:3947} INFO - Setting next_dagrun for feature_pipeline to 2026-08-07 09:00:00+00:00, run_after=2026-08-07 10:00:00+00:00
[2026-08-07T09:53:23.183+0000] {processor.py:183} INFO - Processing /opt/airflow/dags/feature_pipeline_dag.py took 4.297 seconds
[2026-08-07T09:53:54.754+0000] {processor.py:161} INFO - Started process (PID=1984) to work on /opt/airflow/dags/feature_pipeline_dag.py
[2026-08-07T09:53:54.967+0000] {processor.py:830} INFO - Processing file /opt/airflow/dags/feature_pipeline_dag.py for tasks to queue
[2026-08-07T09:53:54.996+0000] {logging_mixin.py:188} INFO - [2026-08-07T09:53:54.973+0000] {dagbag.py:545} INFO - Filling up the DagBag from /opt/airflow/dags/feature_pipeline_dag.py
[2026-08-07T09:53:59.062+0000] {processor.py:840} INFO - DAG(s) 'feature_pipeline' retrieved from /opt/airflow/dags/feature_pipeline_dag.py
[2026-08-07T09:53:59.131+0000] {logging_mixin.py:188} INFO - [2026-08-07T09:53:59.130+0000] {dag.py:3089} INFO - Sync 1 DAGs
[2026-08-07T09:53:59.182+0000] {logging_mixin.py:188} INFO - [2026-08-07T09:53:59.182+0000] {dag.py:3947} INFO - Setting next_dagrun for feature_pipeline to 2026-08-07 09:00:00+00:00, run_after=2026-08-07 10:00:00+00:00
[2026-08-07T09:53:59.266+0000] {processor.py:183} INFO - Processing /opt/airflow/dags/feature_pipeline_dag.py took 4.604 seconds
[2026-08-07T09:54:29.797+0000] {processor.py:161} INFO - Started process (PID=1996) to work on /opt/airflow/dags/feature_pipeline_dag.py
[2026-08-07T09:54:29.800+0000] {processor.py:830} INFO - Processing file /opt/airflow/dags/feature_pipeline_dag.py for tasks to queue
[2026-08-07T09:54:29.804+0000] {logging_mixin.py:188} INFO - [2026-08-07T09:54:29.802+0000] {dagbag.py:545} INFO - Filling up the DagBag from /opt/airflow/dags/feature_pipeline_dag.py
[2026-08-07T09:54:32.142+0000] {processor.py:840} INFO - DAG(s) 'feature_pipeline' retrieved from /opt/airflow/dags/feature_pipeline_dag.py
[2026-08-07T09:54:32.211+0000] {logging_mixin.py:188} INFO - [2026-08-07T09:54:32.210+0000] {dag.py:3089} INFO - Sync 1 DAGs
[2026-08-07T09:54:32.264+0000] {logging_mixin.py:188} INFO - [2026-08-07T09:54:32.264+0000] {dag.py:3947} INFO - Setting next_dagrun for feature_pipeline to 2026-08-07 09:00:00+00:00, run_after=2026-08-07 10:00:00+00:00
[2026-08-07T09:54:32.305+0000] {processor.py:183} INFO - Processing /opt/airflow/dags/feature_pipeline_dag.py took 2.531 seconds
[2026-08-07T09:55:02.652+0000] {processor.py:161} INFO - Started process (PID=2011) to work on /opt/airflow/dags/feature_pipeline_dag.py
[2026-08-07T09:55:02.656+0000] {processor.py:830} INFO - Processing file /opt/airflow/dags/feature_pipeline_dag.py for tasks to queue
[2026-08-07T09:55:02.660+0000] {logging_mixin.py:188} INFO - [2026-08-07T09:55:02.659+0000] {dagbag.py:545} INFO - Filling up the DagBag from /opt/airflow/dags/feature_pipeline_dag.py
[2026-08-07T09:55:05.081+0000] {processor.py:840} INFO - DAG(s) 'feature_pipeline' retrieved from /opt/airflow/dags/feature_pipeline_dag.py
[2026-08-07T09:55:05.139+0000] {logging_mixin.py:188} INFO - [2026-08-07T09:55:05.138+0000] {dag.py:3089} INFO - Sync 1 DAGs
[2026-08-07T09:55:05.191+0000] {logging_mixin.py:188} INFO - [2026-08-07T09:55:05.190+0000] {dag.py:3947} INFO - Setting next_dagrun for feature_pipeline to 2026-08-07 09:00:00+00:00, run_after=2026-08-07 10:00:00+00:00
[2026-08-07T09:55:05.244+0000] {processor.py:183} INFO - Processing /opt/airflow/dags/feature_pipeline_dag.py took 2.647 seconds
[2026-08-07T09:55:35.582+0000] {processor.py:161} INFO - Started process (PID=2020) to work on /opt/airflow/dags/feature_pipeline_dag.py
[2026-08-07T09:55:35.586+0000] {processor.py:830} INFO - Processing file /opt/airflow/dags/feature_pipeline_dag.py for tasks to queue
[2026-08-07T09:55:35.589+0000] {logging_mixin.py:188} INFO - [2026-08-07T09:55:35.588+0000] {dagbag.py:545} INFO - Filling up the DagBag from /opt/airflow/dags/feature_pipeline_dag.py
[2026-08-07T09:55:38.667+0000] {processor.py:840} INFO - DAG(s) 'feature_pipeline' retrieved from /opt/airflow/dags/feature_pipeline_dag.py
[2026-08-07T09:55:38.732+0000] {logging_mixin.py:188} INFO - [2026-08-07T09:55:38.731+0000] {dag.py:3089} INFO - Sync 1 DAGs
[2026-08-07T09:55:38.780+0000] {logging_mixin.py:188} INFO - [2026-08-07T09:55:38.780+0000] {dag.py:3947} INFO - Setting next_dagrun for feature_pipeline to 2026-08-07 09:00:00+00:00, run_after=2026-08-07 10:00:00+00:00
[2026-08-07T09:55:38.860+0000] {processor.py:183} INFO - Processing /opt/airflow/dags/feature_pipeline_dag.py took 3.303 seconds
[2026-08-07T09:56:09.056+0000] {processor.py:161} INFO - Started process (PID=2032) to work on /opt/airflow/dags/feature_pipeline_dag.py
[2026-08-07T09:56:09.060+0000] {processor.py:830} INFO - Processing file /opt/airflow/dags/feature_pipeline_dag.py for tasks to queue
[2026-08-07T09:56:09.063+0000] {logging_mixin.py:188} INFO - [2026-08-07T09:56:09.062+0000] {dagbag.py:545} INFO - Filling up the DagBag from /opt/airflow/dags/feature_pipeline_dag.py
[2026-08-07T09:56:08.678+0000] {processor.py:840} INFO - DAG(s) 'feature_pipeline' retrieved from /opt/airflow/dags/feature_pipeline_dag.py
[2026-08-07T09:56:08.776+0000] {logging_mixin.py:188} INFO - [2026-08-07T09:56:08.773+0000] {dag.py:3089} INFO - Sync 1 DAGs
[2026-08-07T09:56:08.832+0000] {logging_mixin.py:188} INFO - [2026-08-07T09:56:08.831+0000] {dag.py:3947} INFO - Setting next_dagrun for feature_pipeline to 2026-08-07 09:00:00+00:00, run_after=2026-08-07 10:00:00+00:00
[2026-08-07T09:56:08.913+0000] {processor.py:183} INFO - Processing /opt/airflow/dags/feature_pipeline_dag.py took 2.682 seconds
[2026-08-07T09:56:39.886+0000] {processor.py:161} INFO - Started process (PID=2044) to work on /opt/airflow/dags/feature_pipeline_dag.py
[2026-08-07T09:56:39.888+0000] {processor.py:830} INFO - Processing file /opt/airflow/dags/feature_pipeline_dag.py for tasks to queue
[2026-08-07T09:56:39.891+0000] {logging_mixin.py:188} INFO - [2026-08-07T09:56:39.890+0000] {dagbag.py:545} INFO - Filling up the DagBag from /opt/airflow/dags/feature_pipeline_dag.py
[2026-08-07T09:56:42.147+0000] {processor.py:840} INFO - DAG(s) 'feature_pipeline' retrieved from /opt/airflow/dags/feature_pipeline_dag.py
[2026-08-07T09:56:42.340+0000] {logging_mixin.py:188} INFO - [2026-08-07T09:56:42.339+0000] {dag.py:3089} INFO - Sync 1 DAGs
[2026-08-07T09:56:42.394+0000] {logging_mixin.py:188} INFO - [2026-08-07T09:56:42.393+0000] {dag.py:3947} INFO - Setting next_dagrun for feature_pipeline to 2026-08-07 09:00:00+00:00, run_after=2026-08-07 10:00:00+00:00
[2026-08-07T09:56:42.450+0000] {processor.py:183} INFO - Processing /opt/airflow/dags/feature_pipeline_dag.py took 2.586 seconds
[2026-08-07T09:57:12.933+0000] {processor.py:161} INFO - Started process (PID=2056) to work on /opt/airflow/dags/feature_pipeline_dag.py
[2026-08-07T09:57:12.936+0000] {processor.py:830} INFO - Processing file /opt/airflow/dags/feature_pipeline_dag.py for tasks to queue
[2026-08-07T09:57:12.939+0000] {logging_mixin.py:188} INFO - [2026-08-07T09:57:12.938+0000] {dagbag.py:545} INFO - Filling up the DagBag from /opt/airflow/dags/feature_pipeline_dag.py
[2026-08-07T09:57:15.270+0000] {processor.py:840} INFO - DAG(s) 'feature_pipeline' retrieved from /opt/airflow/dags/feature_pipeline_dag.py
[2026-08-07T09:57:15.337+0000] {logging_mixin.py:188} INFO - [2026-08-07T09:57:15.336+0000] {dag.py:3089} INFO - Sync 1 DAGs
[2026-08-07T09:57:15.391+0000] {logging_mixin.py:188} INFO - [2026-08-07T09:57:15.390+0000] {dag.py:3947} INFO - Setting next_dagrun for feature_pipeline to 2026-08-07 09:00:00+00:00, run_after=2026-08-07 10:00:00+00:00
[2026-08-07T09:57:15.438+0000] {processor.py:183} INFO - Processing /opt/airflow/dags/feature_pipeline_dag.py took 2.537 seconds
[2026-08-07T09:57:46.294+0000] {processor.py:161} INFO - Started process (PID=2068) to work on /opt/airflow/dags/feature_pipeline_dag.py
[2026-08-07T09:57:46.297+0000] {processor.py:830} INFO - Processing file /opt/airflow/dags/feature_pipeline_dag.py for tasks to queue
[2026-08-07T09:57:46.300+0000] {logging_mixin.py:188} INFO - [2026-08-07T09:57:46.299+0000] {dagbag.py:545} INFO - Filling up the DagBag from /opt/airflow/dags/feature_pipeline_dag.py
[2026-08-07T09:57:48.567+0000] {processor.py:840} INFO - DAG(s) 'feature_pipeline' retrieved from /opt/airflow/dags/feature_pipeline_dag.py
[2026-08-07T09:57:48.632+0000] {logging_mixin.py:188} INFO - [2026-08-07T09:57:48.631+0000] {dag.py:3089} INFO - Sync 1 DAGs
[2026-08-07T09:57:48.679+0000] {logging_mixin.py:188} INFO - [2026-08-07T09:57:48.679+0000] {dag.py:3947} INFO - Setting next_dagrun for feature_pipeline to 2026-08-07 09:00:00+00:00, run_after=2026-08-07 10:00:00+00:00
[2026-08-07T09:57:48.731+0000] {processor.py:183} INFO - Processing /opt/airflow/dags/feature_pipeline_dag.py took 2.462 seconds
[2026-08-07T09:58:19.543+0000] {processor.py:161} INFO - Started process (PID=2080) to work on /opt/airflow/dags/feature_pipeline_dag.py
[2026-08-07T09:58:19.546+0000] {processor.py:830} INFO - Processing file /opt/airflow/dags/feature_pipeline_dag.py for tasks to queue
[2026-08-07T09:58:19.548+0000] {logging_mixin.py:188} INFO - [2026-08-07T09:58:19.547+0000] {dagbag.py:545} INFO - Filling up the DagBag from /opt/airflow/dags/feature_pipeline_dag.py
[2026-08-07T09:58:21.953+0000] {processor.py:840} INFO - DAG(s) 'feature_pipeline' retrieved from /opt/airflow/dags/feature_pipeline_dag.py
[2026-08-07T09:58:22.015+0000] {logging_mixin.py:188} INFO - [2026-08-07T09:58:22.014+0000] {dag.py:3089} INFO - Sync 1 DAGs
[2026-08-07T09:58:22.067+0000] {logging_mixin.py:188} INFO - [2026-08-07T09:58:22.066+0000] {dag.py:3947} INFO - Setting next_dagrun for feature_pipeline to 2026-08-07 09:00:00+00:00, run_after=2026-08-07 10:00:00+00:00
[2026-08-07T09:58:22.115+0000] {processor.py:183} INFO - Processing /opt/airflow/dags/feature_pipeline_dag.py took 2.597 seconds
[2026-08-07T09:58:52.495+0000] {processor.py:161} INFO - Started process (PID=2092) to work on /opt/airflow/dags/feature_pipeline_dag.py
[2026-08-07T09:58:52.498+0000] {processor.py:830} INFO - Processing file /opt/airflow/dags/feature_pipeline_dag.py for tasks to queue
[2026-08-07T09:58:52.501+0000] {logging_mixin.py:188} INFO - [2026-08-07T09:58:52.499+0000] {dagbag.py:545} INFO - Filling up the DagBag from /opt/airflow/dags/feature_pipeline_dag.py
[2026-08-07T09:58:52.262+0000] {processor.py:840} INFO - DAG(s) 'feature_pipeline' retrieved from /opt/airflow/dags/feature_pipeline_dag.py
[2026-08-07T09:58:52.319+0000] {logging_mixin.py:188} INFO - [2026-08-07T09:58:52.316+0000] {dag.py:3089} INFO - Sync 1 DAGs
[2026-08-07T09:58:52.362+0000] {logging_mixin.py:188} INFO - [2026-08-07T09:58:52.361+0000] {dag.py:3947} INFO - Setting next_dagrun for feature_pipeline to 2026-08-07 09:00:00+00:00, run_after=2026-08-07 10:00:00+00:00
[2026-08-07T09:58:52.401+0000] {processor.py:183} INFO - Processing /opt/airflow/dags/feature_pipeline_dag.py took 2.594 seconds
[2026-08-07T09:59:22.883+0000] {processor.py:161} INFO - Started process (PID=2104) to work on /opt/airflow/dags/feature_pipeline_dag.py
[2026-08-07T09:59:22.885+0000] {processor.py:830} INFO - Processing file /opt/airflow/dags/feature_pipeline_dag.py for tasks to queue
[2026-08-07T09:59:22.888+0000] {logging_mixin.py:188} INFO - [2026-08-07T09:59:22.887+0000] {dagbag.py:545} INFO - Filling up the DagBag from /opt/airflow/dags/feature_pipeline_dag.py
[2026-08-07T09:59:25.360+0000] {processor.py:840} INFO - DAG(s) 'feature_pipeline' retrieved from /opt/airflow/dags/feature_pipeline_dag.py
[2026-08-07T09:59:25.455+0000] {logging_mixin.py:188} INFO - [2026-08-07T09:59:25.454+0000] {dag.py:3089} INFO - Sync 1 DAGs
[2026-08-07T09:59:25.510+0000] {logging_mixin.py:188} INFO - [2026-08-07T09:59:25.509+0000] {dag.py:3947} INFO - Setting next_dagrun for feature_pipeline to 2026-08-07 09:00:00+00:00, run_after=2026-08-07 10:00:00+00:00
[2026-08-07T09:59:25.578+0000] {processor.py:183} INFO - Processing /opt/airflow/dags/feature_pipeline_dag.py took 2.732 seconds
[2026-08-07T09:59:56.480+0000] {processor.py:161} INFO - Started process (PID=2116) to work on /opt/airflow/dags/feature_pipeline_dag.py
[2026-08-07T09:59:56.484+0000] {processor.py:830} INFO - Processing file /opt/airflow/dags/feature_pipeline_dag.py for tasks to queue
[2026-08-07T09:59:56.489+0000] {logging_mixin.py:188} INFO - [2026-08-07T09:59:56.487+0000] {dagbag.py:545} INFO - Filling up the DagBag from /opt/airflow/dags/feature_pipeline_dag.py
[2026-08-07T09:59:58.875+0000] {processor.py:840} INFO - DAG(s) 'feature_pipeline' retrieved from /opt/airflow/dags/feature_pipeline_dag.py
[2026-08-07T09:59:58.949+0000] {logging_mixin.py:188} INFO - [2026-08-07T09:59:58.947+0000] {dag.py:3089} INFO - Sync 1 DAGs
[2026-08-07T09:59:59.007+0000] {logging_mixin.py:188} INFO - [2026-08-07T09:59:59.006+0000] {dag.py:3947} INFO - Setting next_dagrun for feature_pipeline to 2026-08-07 09:00:00+00:00, run_after=2026-08-07 10:00:00+00:00
[2026-08-07T09:59:59.051+0000] {processor.py:183} INFO - Processing /opt/airflow/dags/feature_pipeline_dag.py took 2.604 seconds
[2026-08-07T10:00:30.042+0000] {processor.py:161} INFO - Started process (PID=2134) to work on /opt/airflow/dags/feature_pipeline_dag.py
[2026-08-07T10:00:30.048+0000] {processor.py:830} INFO - Processing file /opt/airflow/dags/feature_pipeline_dag.py for tasks to queue
[2026-08-07T10:00:30.053+0000] {logging_mixin.py:188} INFO - [2026-08-07T10:00:30.050+0000] {dagbag.py:545} INFO - Filling up the DagBag from /opt/airflow/dags/feature_pipeline_dag.py
[2026-08-07T10:00:42.774+0000] {processor.py:840} INFO - DAG(s) 'feature_pipeline' retrieved from /opt/airflow/dags/feature_pipeline_dag.py
[2026-08-07T10:00:42.888+0000] {logging_mixin.py:188} INFO - [2026-08-07T10:00:42.887+0000] {dag.py:3089} INFO - Sync 1 DAGs
[2026-08-07T10:00:42.976+0000] {logging_mixin.py:188} INFO - [2026-08-07T10:00:42.975+0000] {dag.py:3947} INFO - Setting next_dagrun for feature_pipeline to 2026-08-07 10:00:00+00:00, run_after=2026-08-07 11:00:00+00:00
[2026-08-07T10:00:43.162+0000] {processor.py:183} INFO - Processing /opt/airflow/dags/feature_pipeline_dag.py took 13.159 seconds
[2026-08-07T10:01:14.077+0000] {processor.py:161} INFO - Started process (PID=2168) to work on /opt/airflow/dags/feature_pipeline_dag.py
[2026-08-07T10:01:14.086+0000] {processor.py:830} INFO - Processing file /opt/airflow/dags/feature_pipeline_dag.py for tasks to queue
[2026-08-07T10:01:14.092+0000] {logging_mixin.py:188} INFO - [2026-08-07T10:01:14.089+0000] {dagbag.py:545} INFO - Filling up the DagBag from /opt/airflow/dags/feature_pipeline_dag.py
[2026-08-07T10:01:21.342+0000] {processor.py:840} INFO - DAG(s) 'feature_pipeline' retrieved from /opt/airflow/dags/feature_pipeline_dag.py
[2026-08-07T10:01:21.404+0000] {logging_mixin.py:188} INFO - [2026-08-07T10:01:21.403+0000] {dag.py:3089} INFO - Sync 1 DAGs
[2026-08-07T10:01:21.464+0000] {logging_mixin.py:188} INFO - [2026-08-07T10:01:21.463+0000] {dag.py:3947} INFO - Setting next_dagrun for feature_pipeline to 2026-08-07 10:00:00+00:00, run_after=2026-08-07 11:00:00+00:00
[2026-08-07T10:01:21.576+0000] {processor.py:183} INFO - Processing /opt/airflow/dags/feature_pipeline_dag.py took 7.545 seconds
[2026-08-07T10:01:51.886+0000] {processor.py:161} INFO - Started process (PID=2181) to work on /opt/airflow/dags/feature_pipeline_dag.py
[2026-08-07T10:01:51.889+0000] {processor.py:830} INFO - Processing file /opt/airflow/dags/feature_pipeline_dag.py for tasks to queue
[2026-08-07T10:01:51.894+0000] {logging_mixin.py:188} INFO - [2026-08-07T10:01:51.892+0000] {dagbag.py:545} INFO - Filling up the DagBag from /opt/airflow/dags/feature_pipeline_dag.py
[2026-08-07T10:01:53.903+0000] {processor.py:840} INFO - DAG(s) 'feature_pipeline' retrieved from /opt/airflow/dags/feature_pipeline_dag.py
[2026-08-07T10:01:53.958+0000] {logging_mixin.py:188} INFO - [2026-08-07T10:01:53.954+0000] {dag.py:3089} INFO - Sync 1 DAGs
[2026-08-07T10:01:54.006+0000] {logging_mixin.py:188} INFO - [2026-08-07T10:01:54.006+0000] {dag.py:3947} INFO - Setting next_dagrun for feature_pipeline to 2026-08-07 10:00:00+00:00, run_after=2026-08-07 11:00:00+00:00
[2026-08-07T10:01:54.049+0000] {processor.py:183} INFO - Processing /opt/airflow/dags/feature_pipeline_dag.py took 2.190 seconds
[2026-08-07T10:02:25.177+0000] {processor.py:161} INFO - Started process (PID=2193) to work on /opt/airflow/dags/feature_pipeline_dag.py
[2026-08-07T10:02:25.182+0000] {processor.py:830} INFO - Processing file /opt/airflow/dags/feature_pipeline_dag.py for tasks to queue
[2026-08-07T10:02:25.189+0000] {logging_mixin.py:188} INFO - [2026-08-07T10:02:25.188+0000] {dagbag.py:545} INFO - Filling up the DagBag from /opt/airflow/dags/feature_pipeline_dag.py
[2026-08-07T10:02:27.277+0000] {processor.py:840} INFO - DAG(s) 'feature_pipeline' retrieved from /opt/airflow/dags/feature_pipeline_dag.py
[2026-08-07T10:02:27.334+0000] {logging_mixin.py:188} INFO - [2026-08-07T10:02:27.333+0000] {dag.py:3089} INFO - Sync 1 DAGs
[2026-08-07T10:02:27.394+0000] {logging_mixin.py:188} INFO - [2026-08-07T10:02:27.393+0000] {dag.py:3947} INFO - Setting next_dagrun for feature_pipeline to 2026-08-07 10:00:00+00:00, run_after=2026-08-07 11:00:00+00:00
[2026-08-07T10:02:27.434+0000] {processor.py:183} INFO - Processing /opt/airflow/dags/feature_pipeline_dag.py took 2.281 seconds
[2026-08-07T10:02:57.925+0000] {processor.py:161} INFO - Started process (PID=2205) to work on /opt/airflow/dags/feature_pipeline_dag.py
[2026-08-07T10:02:57.927+0000] {processor.py:830} INFO - Processing file /opt/airflow/dags/feature_pipeline_dag.py for tasks to queue
[2026-08-07T10:02:57.929+0000] {logging_mixin.py:188} INFO - [2026-08-07T10:02:57.929+0000] {dagbag.py:545} INFO - Filling up the DagBag from /opt/airflow/dags/feature_pipeline_dag.py
[2026-08-07T10:02:59.798+0000] {processor.py:840} INFO - DAG(s) 'feature_pipeline' retrieved from /opt/airflow/dags/feature_pipeline_dag.py
[2026-08-07T10:02:59.852+0000] {logging_mixin.py:188} INFO - [2026-08-07T10:02:59.851+0000] {dag.py:3089} INFO - Sync 1 DAGs
[2026-08-07T10:02:59.899+0000] {logging_mixin.py:188} INFO - [2026-08-07T10:02:59.899+0000] {dag.py:3947} INFO - Setting next_dagrun for feature_pipeline to 2026-08-07 10:00:00+00:00, run_after=2026-08-07 11:00:00+00:00
[2026-08-07T10:02:59.940+0000] {processor.py:183} INFO - Processing /opt/airflow/dags/feature_pipeline_dag.py took 2.039 seconds
[2026-08-07T10:03:30.390+0000] {processor.py:161} INFO - Started process (PID=2219) to work on /opt/airflow/dags/feature_pipeline_dag.py
[2026-08-07T10:03:30.393+0000] {processor.py:830} INFO - Processing file /opt/airflow/dags/feature_pipeline_dag.py for tasks to queue
[2026-08-07T10:03:30.396+0000] {logging_mixin.py:188} INFO - [2026-08-07T10:03:30.395+0000] {dagbag.py:545} INFO - Filling up the DagBag from /opt/airflow/dags/feature_pipeline_dag.py
[2026-08-07T10:03:32.461+0000] {processor.py:840} INFO - DAG(s) 'feature_pipeline' retrieved from /opt/airflow/dags/feature_pipeline_dag.py
[2026-08-07T10:03:32.523+0000] {logging_mixin.py:188} INFO - [2026-08-07T10:03:32.522+0000] {dag.py:3089} INFO - Sync 1 DAGs
[2026-08-07T10:03:32.590+0000] {logging_mixin.py:188} INFO - [2026-08-07T10:03:32.587+0000] {dag.py:3947} INFO - Setting next_dagrun for feature_pipeline to 2026-08-07 10:00:00+00:00, run_after=2026-08-07 11:00:00+00:00
[2026-08-07T10:03:32.638+0000] {processor.py:183} INFO - Processing /opt/airflow/dags/feature_pipeline_dag.py took 2.269 seconds
[2026-08-07T10:04:02.966+0000] {processor.py:161} INFO - Started process (PID=2231) to work on /opt/airflow/dags/feature_pipeline_dag.py
[2026-08-07T10:04:02.969+0000] {processor.py:830} INFO - Processing file /opt/airflow/dags/feature_pipeline_dag.py for tasks to queue
[2026-08-07T10:04:02.971+0000] {logging_mixin.py:188} INFO - [2026-08-07T10:04:02.970+0000] {dagbag.py:545} INFO - Filling up the DagBag from /opt/airflow/dags/feature_pipeline_dag.py
[2026-08-07T10:04:04.995+0000] {processor.py:840} INFO - DAG(s) 'feature_pipeline' retrieved from /opt/airflow/dags/feature_pipeline_dag.py
[2026-08-07T10:04:05.057+0000] {logging_mixin.py:188} INFO - [2026-08-07T10:04:05.056+0000] {dag.py:3089} INFO - Sync 1 DAGs
[2026-08-07T10:04:05.102+0000] {logging_mixin.py:188} INFO - [2026-08-07T10:04:05.102+0000] {dag.py:3947} INFO - Setting next_dagrun for feature_pipeline to 2026-08-07 10:00:00+00:00, run_after=2026-08-07 11:00:00+00:00
[2026-08-07T10:04:05.145+0000] {processor.py:183} INFO - Processing /opt/airflow/dags/feature_pipeline_dag.py took 2.204 seconds
[2026-08-07T10:04:35.728+0000] {processor.py:161} INFO - Started process (PID=2243) to work on /opt/airflow/dags/feature_pipeline_dag.py
[2026-08-07T10:04:35.731+0000] {processor.py:830} INFO - Processing file /opt/airflow/dags/feature_pipeline_dag.py for tasks to queue
[2026-08-07T10:04:35.734+0000] {logging_mixin.py:188} INFO - [2026-08-07T10:04:35.733+0000] {dagbag.py:545} INFO - Filling up the DagBag from /opt/airflow/dags/feature_pipeline_dag.py
[2026-08-07T10:04:37.828+0000] {processor.py:840} INFO - DAG(s) 'feature_pipeline' retrieved from /opt/airflow/dags/feature_pipeline_dag.py
[2026-08-07T10:04:37.885+0000] {logging_mixin.py:188} INFO - [2026-08-07T10:04:37.881+0000] {dag.py:3089} INFO - Sync 1 DAGs
[2026-08-07T10:04:37.943+0000] {logging_mixin.py:188} INFO - [2026-08-07T10:04:37.942+0000] {dag.py:3947} INFO - Setting next_dagrun for feature_pipeline to 2026-08-07 10:00:00+00:00, run_after=2026-08-07 11:00:00+00:00
[2026-08-07T10:04:37.984+0000] {processor.py:183} INFO - Processing /opt/airflow/dags/feature_pipeline_dag.py took 2.276 seconds
[2026-08-07T10:05:08.252+0000] {processor.py:161} INFO - Started process (PID=2255) to work on /opt/airflow/dags/feature_pipeline_dag.py
[2026-08-07T10:05:08.255+0000] {processor.py:830} INFO - Processing file /opt/airflow/dags/feature_pipeline_dag.py for tasks to queue
[2026-08-07T10:05:08.258+0000] {logging_mixin.py:188} INFO - [2026-08-07T10:05:08.257+0000] {dagbag.py:545} INFO - Filling up the DagBag from /opt/airflow/dags/feature_pipeline_dag.py
[2026-08-07T10:05:10.138+0000] {processor.py:840} INFO - DAG(s) 'feature_pipeline' retrieved from /opt/airflow/dags/feature_pipeline_dag.py
[2026-08-07T10:05:10.199+0000] {logging_mixin.py:188} INFO - [2026-08-07T10:05:10.198+0000] {dag.py:3089} INFO - Sync 1 DAGs
[2026-08-07T10:05:10.245+0000] {logging_mixin.py:188} INFO - [2026-08-07T10:05:10.244+0000] {dag.py:3947} INFO - Setting next_dagrun for feature_pipeline to 2026-08-07 10:00:00+00:00, run_after=2026-08-07 11:00:00+00:00
[2026-08-07T10:05:10.287+0000] {processor.py:183} INFO - Processing /opt/airflow/dags/feature_pipeline_dag.py took 2.056 seconds
[2026-08-07T10:05:40.573+0000] {processor.py:161} INFO - Started process (PID=2267) to work on /opt/airflow/dags/feature_pipeline_dag.py
[2026-08-07T10:05:40.578+0000] {processor.py:830} INFO - Processing file /opt/airflow/dags/feature_pipeline_dag.py for tasks to queue
[2026-08-07T10:05:40.581+0000] {logging_mixin.py:188} INFO - [2026-08-07T10:05:40.580+0000] {dagbag.py:545} INFO - Filling up the DagBag from /opt/airflow/dags/feature_pipeline_dag.py
[2026-08-07T10:05:42.469+0000] {processor.py:840} INFO - DAG(s) 'feature_pipeline' retrieved from /opt/airflow/dags/feature_pipeline_dag.py
[2026-08-07T10:05:42.526+0000] {logging_mixin.py:188} INFO - [2026-08-07T10:05:42.525+0000] {dag.py:3089} INFO - Sync 1 DAGs
[2026-08-07T10:05:42.566+0000] {logging_mixin.py:188} INFO - [2026-08-07T10:05:42.566+0000] {dag.py:3947} INFO - Setting next_dagrun for feature_pipeline to 2026-08-07 10:00:00+00:00, run_after=2026-08-07 11:00:00+00:00
[2026-08-07T10:05:42.614+0000] {processor.py:183} INFO - Processing /opt/airflow/dags/feature_pipeline_dag.py took 2.064 seconds
[2026-08-07T10:06:12.997+0000] {processor.py:161} INFO - Started process (PID=2279) to work on /opt/airflow/dags/feature_pipeline_dag.py
[2026-08-07T10:06:13.000+0000] {processor.py:830} INFO - Processing file /opt/airflow/dags/feature_pipeline_dag.py for tasks to queue
[2026-08-07T10:06:13.003+0000] {logging_mixin.py:188} INFO - [2026-08-07T10:06:13.002+0000] {dagbag.py:545} INFO - Filling up the DagBag from /opt/airflow/dags/feature_pipeline_dag.py
[2026-08-07T10:06:15.371+0000] {processor.py:840} INFO - DAG(s) 'feature_pipeline' retrieved from /opt/airflow/dags/feature_pipeline_dag.py
[2026-08-07T10:06:15.434+0000] {logging_mixin.py:188} INFO - [2026-08-07T10:06:15.433+0000] {dag.py:3089} INFO - Sync 1 DAGs
[2026-08-07T10:06:15.488+0000] {logging_mixin.py:188} INFO - [2026-08-07T10:06:15.487+0000] {dag.py:3947} INFO - Setting next_dagrun for feature_pipeline to 2026-08-07 10:00:00+00:00, run_after=2026-08-07 11:00:00+00:00
[2026-08-07T10:06:15.546+0000] {processor.py:183} INFO - Processing /opt/airflow/dags/feature_pipeline_dag.py took 2.578 seconds
[2026-08-07T10:06:45.784+0000] {processor.py:161} INFO - Started process (PID=2291) to work on /opt/airflow/dags/feature_pipeline_dag.py
[2026-08-07T10:06:45.788+0000] {processor.py:830} INFO - Processing file /opt/airflow/dags/feature_pipeline_dag.py for tasks to queue
[2026-08-07T10:06:45.791+0000] {logging_mixin.py:188} INFO - [2026-08-07T10:06:45.790+0000] {dagbag.py:545} INFO - Filling up the DagBag from /opt/airflow/dags/feature_pipeline_dag.py
[2026-08-07T10:06:47.805+0000] {processor.py:840} INFO - DAG(s) 'feature_pipeline' retrieved from /opt/airflow/dags/feature_pipeline_dag.py
[2026-08-07T10:06:47.898+0000] {logging_mixin.py:188} INFO - [2026-08-07T10:06:47.897+0000] {dag.py:3089} INFO - Sync 1 DAGs
[2026-08-07T10:06:47.949+0000] {logging_mixin.py:188} INFO - [2026-08-07T10:06:47.949+0000] {dag.py:3947} INFO - Setting next_dagrun for feature_pipeline to 2026-08-07 10:00:00+00:00, run_after=2026-08-07 11:00:00+00:00
[2026-08-07T10:06:47.994+0000] {processor.py:183} INFO - Processing /opt/airflow/dags/feature_pipeline_dag.py took 2.230 seconds
[2026-08-07T10:07:18.877+0000] {processor.py:161} INFO - Started process (PID=2303) to work on /opt/airflow/dags/feature_pipeline_dag.py
[2026-08-07T10:07:18.880+0000] {processor.py:830} INFO - Processing file /opt/airflow/dags/feature_pipeline_dag.py for tasks to queue
[2026-08-07T10:07:18.883+0000] {logging_mixin.py:188} INFO - [2026-08-07T10:07:18.882+0000] {dagbag.py:545} INFO - Filling up the DagBag from /opt/airflow/dags/feature_pipeline_dag.py
[2026-08-07T10:07:20.951+0000] {processor.py:840} INFO - DAG(s) 'feature_pipeline' retrieved from /opt/airflow/dags/feature_pipeline_dag.py
[2026-08-07T10:07:21.008+0000] {logging_mixin.py:188} INFO - [2026-08-07T10:07:21.005+0000] {dag.py:3089} INFO - Sync 1 DAGs
[2026-08-07T10:07:21.051+0000] {logging_mixin.py:188} INFO - [2026-08-07T10:07:21.050+0000] {dag.py:3947} INFO - Setting next_dagrun for feature_pipeline to 2026-08-07 10:00:00+00:00, run_after=2026-08-07 11:00:00+00:00
[2026-08-07T10:07:21.091+0000] {processor.py:183} INFO - Processing /opt/airflow/dags/feature_pipeline_dag.py took 2.239 seconds
[2026-08-07T10:07:51.499+0000] {processor.py:161} INFO - Started process (PID=2315) to work on /opt/airflow/dags/feature_pipeline_dag.py
[2026-08-07T10:07:51.501+0000] {processor.py:830} INFO - Processing file /opt/airflow/dags/feature_pipeline_dag.py for tasks to queue
[2026-08-07T10:07:51.504+0000] {logging_mixin.py:188} INFO - [2026-08-07T10:07:51.503+0000] {dagbag.py:545} INFO - Filling up the DagBag from /opt/airflow/dags/feature_pipeline_dag.py
[2026-08-07T10:07:53.687+0000] {processor.py:840} INFO - DAG(s) 'feature_pipeline' retrieved from /opt/airflow/dags/feature_pipeline_dag.py
[2026-08-07T10:07:53.763+0000] {logging_mixin.py:188} INFO - [2026-08-07T10:07:53.762+0000] {dag.py:3089} INFO - Sync 1 DAGs
[2026-08-07T10:07:53.811+0000] {logging_mixin.py:188} INFO - [2026-08-07T10:07:53.810+0000] {dag.py:3947} INFO - Setting next_dagrun for feature_pipeline to 2026-08-07 10:00:00+00:00, run_after=2026-08-07 11:00:00+00:00
[2026-08-07T10:07:53.924+0000] {processor.py:183} INFO - Processing /opt/airflow/dags/feature_pipeline_dag.py took 2.444 seconds
[2026-08-07T10:08:24.113+0000] {processor.py:161} INFO - Started process (PID=2327) to work on /opt/airflow/dags/feature_pipeline_dag.py
[2026-08-07T10:08:24.115+0000] {processor.py:830} INFO - Processing file /opt/airflow/dags/feature_pipeline_dag.py for tasks to queue
[2026-08-07T10:08:24.119+0000] {logging_mixin.py:188} INFO - [2026-08-07T10:08:24.118+0000] {dagbag.py:545} INFO - Filling up the DagBag from /opt/airflow/dags/feature_pipeline_dag.py
[2026-08-07T10:08:26.383+0000] {processor.py:840} INFO - DAG(s) 'feature_pipeline' retrieved from /opt/airflow/dags/feature_pipeline_dag.py
[2026-08-07T10:08:26.437+0000] {logging_mixin.py:188} INFO - [2026-08-07T10:08:26.436+0000] {dag.py:3089} INFO - Sync 1 DAGs
[2026-08-07T10:08:26.486+0000] {logging_mixin.py:188} INFO - [2026-08-07T10:08:26.486+0000] {dag.py:3947} INFO - Setting next_dagrun for feature_pipeline to 2026-08-07 10:00:00+00:00, run_after=2026-08-07 11:00:00+00:00
[2026-08-07T10:08:26.524+0000] {processor.py:183} INFO - Processing /opt/airflow/dags/feature_pipeline_dag.py took 2.436 seconds
[2026-08-07T10:08:57.097+0000] {processor.py:161} INFO - Started process (PID=2337) to work on /opt/airflow/dags/feature_pipeline_dag.py
[2026-08-07T10:08:57.100+0000] {processor.py:830} INFO - Processing file /opt/airflow/dags/feature_pipeline_dag.py for tasks to queue
[2026-08-07T10:08:57.103+0000] {logging_mixin.py:188} INFO - [2026-08-07T10:08:57.102+0000] {dagbag.py:545} INFO - Filling up the DagBag from /opt/airflow/dags/feature_pipeline_dag.py
[2026-08-07T10:08:56.571+0000] {processor.py:840} INFO - DAG(s) 'feature_pipeline' retrieved from /opt/airflow/dags/feature_pipeline_dag.py
[2026-08-07T10:08:56.624+0000] {logging_mixin.py:188} INFO - [2026-08-07T10:08:56.623+0000] {dag.py:3089} INFO - Sync 1 DAGs
[2026-08-07T10:08:56.667+0000] {logging_mixin.py:188} INFO - [2026-08-07T10:08:56.666+0000] {dag.py:3947} INFO - Setting next_dagrun for feature_pipeline to 2026-08-07 10:00:00+00:00, run_after=2026-08-07 11:00:00+00:00
[2026-08-07T10:08:56.715+0000] {processor.py:183} INFO - Processing /opt/airflow/dags/feature_pipeline_dag.py took 2.146 seconds
[2026-08-07T10:09:26.967+0000] {processor.py:161} INFO - Started process (PID=2345) to work on /opt/airflow/dags/feature_pipeline_dag.py
[2026-08-07T10:09:26.969+0000] {processor.py:830} INFO - Processing file /opt/airflow/dags/feature_pipeline_dag.py for tasks to queue
[2026-08-07T10:09:26.972+0000] {logging_mixin.py:188} INFO - [2026-08-07T10:09:26.971+0000] {dagbag.py:545} INFO - Filling up the DagBag from /opt/airflow/dags/feature_pipeline_dag.py
[2026-08-07T10:09:29.103+0000] {processor.py:840} INFO - DAG(s) 'feature_pipeline' retrieved from /opt/airflow/dags/feature_pipeline_dag.py
[2026-08-07T10:09:29.180+0000] {logging_mixin.py:188} INFO - [2026-08-07T10:09:29.179+0000] {dag.py:3089} INFO - Sync 1 DAGs
[2026-08-07T10:09:29.239+0000] {logging_mixin.py:188} INFO - [2026-08-07T10:09:29.238+0000] {dag.py:3947} INFO - Setting next_dagrun for feature_pipeline to 2026-08-07 10:00:00+00:00, run_after=2026-08-07 11:00:00+00:00
[2026-08-07T10:09:29.291+0000] {processor.py:183} INFO - Processing /opt/airflow/dags/feature_pipeline_dag.py took 2.346 seconds
[2026-08-07T10:10:00.241+0000] {processor.py:161} INFO - Started process (PID=2357) to work on /opt/airflow/dags/feature_pipeline_dag.py
[2026-08-07T10:10:00.245+0000] {processor.py:830} INFO - Processing file /opt/airflow/dags/feature_pipeline_dag.py for tasks to queue
[2026-08-07T10:10:00.248+0000] {logging_mixin.py:188} INFO - [2026-08-07T10:10:00.247+0000] {dagbag.py:545} INFO - Filling up the DagBag from /opt/airflow/dags/feature_pipeline_dag.py
[2026-08-07T10:10:02.544+0000] {processor.py:840} INFO - DAG(s) 'feature_pipeline' retrieved from /opt/airflow/dags/feature_pipeline_dag.py
[2026-08-07T10:10:02.611+0000] {logging_mixin.py:188} INFO - [2026-08-07T10:10:02.608+0000] {dag.py:3089} INFO - Sync 1 DAGs
[2026-08-07T10:10:02.658+0000] {logging_mixin.py:188} INFO - [2026-08-07T10:10:02.658+0000] {dag.py:3947} INFO - Setting next_dagrun for feature_pipeline to 2026-08-07 10:00:00+00:00, run_after=2026-08-07 11:00:00+00:00
[2026-08-07T10:10:02.703+0000] {processor.py:183} INFO - Processing /opt/airflow/dags/feature_pipeline_dag.py took 2.483 seconds
[2026-08-07T10:10:33.793+0000] {processor.py:161} INFO - Started process (PID=2369) to work on /opt/airflow/dags/feature_pipeline_dag.py
[2026-08-07T10:10:33.796+0000] {processor.py:830} INFO - Processing file /opt/airflow/dags/feature_pipeline_dag.py for tasks to queue
[2026-08-07T10:10:33.800+0000] {logging_mixin.py:188} INFO - [2026-08-07T10:10:33.799+0000] {dagbag.py:545} INFO - Filling up the DagBag from /opt/airflow/dags/feature_pipeline_dag.py
[2026-08-07T10:10:36.635+0000] {processor.py:840} INFO - DAG(s) 'feature_pipeline' retrieved from /opt/airflow/dags/feature_pipeline_dag.py
[2026-08-07T10:10:36.698+0000] {logging_mixin.py:188} INFO - [2026-08-07T10:10:36.697+0000] {dag.py:3089} INFO - Sync 1 DAGs
[2026-08-07T10:10:36.742+0000] {logging_mixin.py:188} INFO - [2026-08-07T10:10:36.742+0000] {dag.py:3947} INFO - Setting next_dagrun for feature_pipeline to 2026-08-07 10:00:00+00:00, run_after=2026-08-07 11:00:00+00:00
[2026-08-07T10:10:36.782+0000] {processor.py:183} INFO - Processing /opt/airflow/dags/feature_pipeline_dag.py took 3.017 seconds
[2026-08-07T10:11:07.463+0000] {processor.py:161} INFO - Started process (PID=2381) to work on /opt/airflow/dags/feature_pipeline_dag.py
[2026-08-07T10:11:07.465+0000] {processor.py:830} INFO - Processing file /opt/airflow/dags/feature_pipeline_dag.py for tasks to queue
[2026-08-07T10:11:07.468+0000] {logging_mixin.py:188} INFO - [2026-08-07T10:11:07.467+0000] {dagbag.py:545} INFO - Filling up the DagBag from /opt/airflow/dags/feature_pipeline_dag.py
[2026-08-07T10:11:09.526+0000] {processor.py:840} INFO - DAG(s) 'feature_pipeline' retrieved from /opt/airflow/dags/feature_pipeline_dag.py
[2026-08-07T10:11:09.590+0000] {logging_mixin.py:188} INFO - [2026-08-07T10:11:09.589+0000] {dag.py:3089} INFO - Sync 1 DAGs
[2026-08-07T10:11:09.639+0000] {logging_mixin.py:188} INFO - [2026-08-07T10:11:09.639+0000] {dag.py:3947} INFO - Setting next_dagrun for feature_pipeline to 2026-08-07 10:00:00+00:00, run_after=2026-08-07 11:00:00+00:00
[2026-08-07T10:11:09.705+0000] {processor.py:183} INFO - Processing /opt/airflow/dags/feature_pipeline_dag.py took 2.267 seconds
[2026-08-07T10:11:40.249+0000] {processor.py:161} INFO - Started process (PID=2393) to work on /opt/airflow/dags/feature_pipeline_dag.py
[2026-08-07T10:11:40.252+0000] {processor.py:830} INFO - Processing file /opt/airflow/dags/feature_pipeline_dag.py for tasks to queue
[2026-08-07T10:11:40.255+0000] {logging_mixin.py:188} INFO - [2026-08-07T10:11:40.254+0000] {dagbag.py:545} INFO - Filling up the DagBag from /opt/airflow/dags/feature_pipeline_dag.py
[2026-08-07T10:11:39.871+0000] {processor.py:840} INFO - DAG(s) 'feature_pipeline' retrieved from /opt/airflow/dags/feature_pipeline_dag.py
[2026-08-07T10:11:39.928+0000] {logging_mixin.py:188} INFO - [2026-08-07T10:11:39.927+0000] {dag.py:3089} INFO - Sync 1 DAGs
[2026-08-07T10:11:39.968+0000] {logging_mixin.py:188} INFO - [2026-08-07T10:11:39.967+0000] {dag.py:3947} INFO - Setting next_dagrun for feature_pipeline to 2026-08-07 10:00:00+00:00, run_after=2026-08-07 11:00:00+00:00
[2026-08-07T10:11:40.011+0000] {processor.py:183} INFO - Processing /opt/airflow/dags/feature_pipeline_dag.py took 2.404 seconds
[2026-08-07T10:12:10.410+0000] {processor.py:161} INFO - Started process (PID=2405) to work on /opt/airflow/dags/feature_pipeline_dag.py
[2026-08-07T10:12:10.413+0000] {processor.py:830} INFO - Processing file /opt/airflow/dags/feature_pipeline_dag.py for tasks to queue
[2026-08-07T10:12:10.416+0000] {logging_mixin.py:188} INFO - [2026-08-07T10:12:10.415+0000] {dagbag.py:545} INFO - Filling up the DagBag from /opt/airflow/dags/feature_pipeline_dag.py
[2026-08-07T10:12:12.973+0000] {processor.py:840} INFO - DAG(s) 'feature_pipeline' retrieved from /opt/airflow/dags/feature_pipeline_dag.py
[2026-08-07T10:12:13.039+0000] {logging_mixin.py:188} INFO - [2026-08-07T10:12:13.038+0000] {dag.py:3089} INFO - Sync 1 DAGs
[2026-08-07T10:12:13.100+0000] {logging_mixin.py:188} INFO - [2026-08-07T10:12:13.100+0000] {dag.py:3947} INFO - Setting next_dagrun for feature_pipeline to 2026-08-07 10:00:00+00:00, run_after=2026-08-07 11:00:00+00:00
[2026-08-07T10:12:13.144+0000] {processor.py:183} INFO - Processing /opt/airflow/dags/feature_pipeline_dag.py took 2.760 seconds
[2026-08-07T10:12:44.025+0000] {processor.py:161} INFO - Started process (PID=2417) to work on /opt/airflow/dags/feature_pipeline_dag.py
[2026-08-07T10:12:44.027+0000] {processor.py:830} INFO - Processing file /opt/airflow/dags/feature_pipeline_dag.py for tasks to queue
[2026-08-07T10:12:44.029+0000] {logging_mixin.py:188} INFO - [2026-08-07T10:12:44.028+0000] {dagbag.py:545} INFO - Filling up the DagBag from /opt/airflow/dags/feature_pipeline_dag.py
[2026-08-07T10:12:46.134+0000] {processor.py:840} INFO - DAG(s) 'feature_pipeline' retrieved from /opt/airflow/dags/feature_pipeline_dag.py
[2026-08-07T10:12:46.197+0000] {logging_mixin.py:188} INFO - [2026-08-07T10:12:46.194+0000] {dag.py:3089} INFO - Sync 1 DAGs
[2026-08-07T10:12:46.243+0000] {logging_mixin.py:188} INFO - [2026-08-07T10:12:46.242+0000] {dag.py:3947} INFO - Setting next_dagrun for feature_pipeline to 2026-08-07 10:00:00+00:00, run_after=2026-08-07 11:00:00+00:00
[2026-08-07T10:12:46.287+0000] {processor.py:183} INFO - Processing /opt/airflow/dags/feature_pipeline_dag.py took 2.285 seconds
[2026-08-07T10:13:16.520+0000] {processor.py:161} INFO - Started process (PID=2429) to work on /opt/airflow/dags/feature_pipeline_dag.py
[2026-08-07T10:13:16.522+0000] {processor.py:830} INFO - Processing file /opt/airflow/dags/feature_pipeline_dag.py for tasks to queue
[2026-08-07T10:13:16.525+0000] {logging_mixin.py:188} INFO - [2026-08-07T10:13:16.524+0000] {dagbag.py:545} INFO - Filling up the DagBag from /opt/airflow/dags/feature_pipeline_dag.py
[2026-08-07T10:13:18.874+0000] {processor.py:840} INFO - DAG(s) 'feature_pipeline' retrieved from /opt/airflow/dags/feature_pipeline_dag.py
[2026-08-07T10:13:18.959+0000] {logging_mixin.py:188} INFO - [2026-08-07T10:13:18.958+0000] {dag.py:3089} INFO - Sync 1 DAGs
[2026-08-07T10:13:19.026+0000] {logging_mixin.py:188} INFO - [2026-08-07T10:13:19.025+0000] {dag.py:3947} INFO - Setting next_dagrun for feature_pipeline to 2026-08-07 10:00:00+00:00, run_after=2026-08-07 11:00:00+00:00
[2026-08-07T10:13:19.125+0000] {processor.py:183} INFO - Processing /opt/airflow/dags/feature_pipeline_dag.py took 2.632 seconds
[2026-08-07T10:16:01.646+0000] {processor.py:161} INFO - Started process (PID=169) to work on /opt/airflow/dags/feature_pipeline_dag.py
[2026-08-07T10:16:01.685+0000] {processor.py:830} INFO - Processing file /opt/airflow/dags/feature_pipeline_dag.py for tasks to queue
[2026-08-07T10:16:01.692+0000] {logging_mixin.py:188} INFO - [2026-08-07T10:16:01.691+0000] {dagbag.py:545} INFO - Filling up the DagBag from /opt/airflow/dags/feature_pipeline_dag.py
[2026-08-07T10:16:24.031+0000] {processor.py:840} INFO - DAG(s) 'feature_pipeline' retrieved from /opt/airflow/dags/feature_pipeline_dag.py
[2026-08-07T10:16:27.134+0000] {logging_mixin.py:188} INFO - [2026-08-07T10:16:27.132+0000] {dag.py:3089} INFO - Sync 1 DAGs
[2026-08-07T10:16:27.229+0000] {logging_mixin.py:188} INFO - [2026-08-07T10:16:27.228+0000] {dag.py:3947} INFO - Setting next_dagrun for feature_pipeline to 2026-08-07 10:00:00+00:00, run_after=2026-08-07 11:00:00+00:00
[2026-08-07T10:16:27.304+0000] {processor.py:183} INFO - Processing /opt/airflow/dags/feature_pipeline_dag.py took 28.180 seconds
[2026-08-07T10:16:58.786+0000] {processor.py:161} INFO - Started process (PID=181) to work on /opt/airflow/dags/feature_pipeline_dag.py
[2026-08-07T10:16:58.791+0000] {processor.py:830} INFO - Processing file /opt/airflow/dags/feature_pipeline_dag.py for tasks to queue
[2026-08-07T10:16:58.979+0000] {logging_mixin.py:188} INFO - [2026-08-07T10:16:58.969+0000] {dagbag.py:545} INFO - Filling up the DagBag from /opt/airflow/dags/feature_pipeline_dag.py
[2026-08-07T10:17:08.128+0000] {processor.py:840} INFO - DAG(s) 'feature_pipeline' retrieved from /opt/airflow/dags/feature_pipeline_dag.py
[2026-08-07T10:17:09.280+0000] {logging_mixin.py:188} INFO - [2026-08-07T10:17:09.278+0000] {dag.py:3089} INFO - Sync 1 DAGs
[2026-08-07T10:17:09.734+0000] {logging_mixin.py:188} INFO - [2026-08-07T10:17:09.733+0000] {dag.py:3947} INFO - Setting next_dagrun for feature_pipeline to 2026-08-07 10:00:00+00:00, run_after=2026-08-07 11:00:00+00:00
[2026-08-07T10:17:10.101+0000] {processor.py:183} INFO - Processing /opt/airflow/dags/feature_pipeline_dag.py took 14.665 seconds
[2026-08-07T10:17:41.387+0000] {processor.py:161} INFO - Started process (PID=193) to work on /opt/airflow/dags/feature_pipeline_dag.py
[2026-08-07T10:17:41.392+0000] {processor.py:830} INFO - Processing file /opt/airflow/dags/feature_pipeline_dag.py for tasks to queue
[2026-08-07T10:17:41.398+0000] {logging_mixin.py:188} INFO - [2026-08-07T10:17:41.397+0000] {dagbag.py:545} INFO - Filling up the DagBag from /opt/airflow/dags/feature_pipeline_dag.py
[2026-08-07T10:18:00.936+0000] {processor.py:840} INFO - DAG(s) 'feature_pipeline' retrieved from /opt/airflow/dags/feature_pipeline_dag.py
[2026-08-07T10:18:01.159+0000] {logging_mixin.py:188} INFO - [2026-08-07T10:18:01.157+0000] {dag.py:3089} INFO - Sync 1 DAGs
[2026-08-07T10:18:01.294+0000] {logging_mixin.py:188} INFO - [2026-08-07T10:18:01.293+0000] {dag.py:3947} INFO - Setting next_dagrun for feature_pipeline to 2026-08-07 10:00:00+00:00, run_after=2026-08-07 11:00:00+00:00
[2026-08-07T10:18:01.498+0000] {processor.py:183} INFO - Processing /opt/airflow/dags/feature_pipeline_dag.py took 20.218 seconds
[2026-08-07T10:18:34.615+0000] {processor.py:161} INFO - Started process (PID=208) to work on /opt/airflow/dags/feature_pipeline_dag.py
[2026-08-07T10:18:34.638+0000] {processor.py:830} INFO - Processing file /opt/airflow/dags/feature_pipeline_dag.py for tasks to queue
[2026-08-07T10:18:34.644+0000] {logging_mixin.py:188} INFO - [2026-08-07T10:18:34.642+0000] {dagbag.py:545} INFO - Filling up the DagBag from /opt/airflow/dags/feature_pipeline_dag.py
[2026-08-07T10:18:45.236+0000] {processor.py:840} INFO - DAG(s) 'feature_pipeline' retrieved from /opt/airflow/dags/feature_pipeline_dag.py
[2026-08-07T10:18:45.999+0000] {logging_mixin.py:188} INFO - [2026-08-07T10:18:45.997+0000] {dag.py:3089} INFO - Sync 1 DAGs
[2026-08-07T10:18:46.493+0000] {logging_mixin.py:188} INFO - [2026-08-07T10:18:46.493+0000] {dag.py:3947} INFO - Setting next_dagrun for feature_pipeline to 2026-08-07 10:00:00+00:00, run_after=2026-08-07 11:00:00+00:00
[2026-08-07T10:18:46.544+0000] {processor.py:183} INFO - Processing /opt/airflow/dags/feature_pipeline_dag.py took 11.946 seconds
[2026-08-07T10:19:17.690+0000] {processor.py:161} INFO - Started process (PID=240) to work on /opt/airflow/dags/feature_pipeline_dag.py
[2026-08-07T10:19:17.696+0000] {processor.py:830} INFO - Processing file /opt/airflow/dags/feature_pipeline_dag.py for tasks to queue
[2026-08-07T10:19:17.702+0000] {logging_mixin.py:188} INFO - [2026-08-07T10:19:17.701+0000] {dagbag.py:545} INFO - Filling up the DagBag from /opt/airflow/dags/feature_pipeline_dag.py
[2026-08-07T10:19:20.894+0000] {processor.py:840} INFO - DAG(s) 'feature_pipeline' retrieved from /opt/airflow/dags/feature_pipeline_dag.py
[2026-08-07T10:19:24.798+0000] {logging_mixin.py:188} INFO - [2026-08-07T10:19:21.274+0000] {dag.py:3089} INFO - Sync 1 DAGs
[2026-08-07T10:19:25.079+0000] {logging_mixin.py:188} INFO - [2026-08-07T10:19:25.078+0000] {dag.py:3947} INFO - Setting next_dagrun for feature_pipeline to 2026-08-07 10:00:00+00:00, run_after=2026-08-07 11:00:00+00:00
[2026-08-07T10:19:25.125+0000] {processor.py:183} INFO - Processing /opt/airflow/dags/feature_pipeline_dag.py took 7.458 seconds
[2026-08-07T10:19:55.867+0000] {processor.py:161} INFO - Started process (PID=257) to work on /opt/airflow/dags/feature_pipeline_dag.py
[2026-08-07T10:19:55.887+0000] {processor.py:830} INFO - Processing file /opt/airflow/dags/feature_pipeline_dag.py for tasks to queue
[2026-08-07T10:19:55.893+0000] {logging_mixin.py:188} INFO - [2026-08-07T10:19:55.892+0000] {dagbag.py:545} INFO - Filling up the DagBag from /opt/airflow/dags/feature_pipeline_dag.py
[2026-08-07T10:20:01.954+0000] {processor.py:840} INFO - DAG(s) 'feature_pipeline' retrieved from /opt/airflow/dags/feature_pipeline_dag.py
[2026-08-07T10:20:04.677+0000] {logging_mixin.py:188} INFO - [2026-08-07T10:20:04.676+0000] {dag.py:3089} INFO - Sync 1 DAGs
[2026-08-07T10:20:04.815+0000] {logging_mixin.py:188} INFO - [2026-08-07T10:20:04.815+0000] {dag.py:3947} INFO - Setting next_dagrun for feature_pipeline to 2026-08-07 10:00:00+00:00, run_after=2026-08-07 11:00:00+00:00
[2026-08-07T10:20:04.910+0000] {processor.py:183} INFO - Processing /opt/airflow/dags/feature_pipeline_dag.py took 9.069 seconds
[2026-08-07T10:20:35.465+0000] {processor.py:161} INFO - Started process (PID=284) to work on /opt/airflow/dags/feature_pipeline_dag.py
[2026-08-07T10:20:35.469+0000] {processor.py:830} INFO - Processing file /opt/airflow/dags/feature_pipeline_dag.py for tasks to queue
[2026-08-07T10:20:35.476+0000] {logging_mixin.py:188} INFO - [2026-08-07T10:20:35.474+0000] {dagbag.py:545} INFO - Filling up the DagBag from /opt/airflow/dags/feature_pipeline_dag.py
[2026-08-07T10:20:38.140+0000] {processor.py:840} INFO - DAG(s) 'feature_pipeline' retrieved from /opt/airflow/dags/feature_pipeline_dag.py
[2026-08-07T10:20:38.211+0000] {logging_mixin.py:188} INFO - [2026-08-07T10:20:38.210+0000] {dag.py:3089} INFO - Sync 1 DAGs
[2026-08-07T10:20:38.352+0000] {logging_mixin.py:188} INFO - [2026-08-07T10:20:38.351+0000] {dag.py:3947} INFO - Setting next_dagrun for feature_pipeline to 2026-08-07 10:00:00+00:00, run_after=2026-08-07 11:00:00+00:00
[2026-08-07T10:20:38.513+0000] {processor.py:183} INFO - Processing /opt/airflow/dags/feature_pipeline_dag.py took 3.075 seconds
[2026-08-07T10:21:09.189+0000] {processor.py:161} INFO - Started process (PID=317) to work on /opt/airflow/dags/feature_pipeline_dag.py
[2026-08-07T10:21:09.191+0000] {processor.py:830} INFO - Processing file /opt/airflow/dags/feature_pipeline_dag.py for tasks to queue
[2026-08-07T10:21:09.196+0000] {logging_mixin.py:188} INFO - [2026-08-07T10:21:09.195+0000] {dagbag.py:545} INFO - Filling up the DagBag from /opt/airflow/dags/feature_pipeline_dag.py
[2026-08-07T10:21:10.698+0000] {processor.py:840} INFO - DAG(s) 'feature_pipeline' retrieved from /opt/airflow/dags/feature_pipeline_dag.py
[2026-08-07T10:21:10.760+0000] {logging_mixin.py:188} INFO - [2026-08-07T10:21:10.759+0000] {dag.py:3089} INFO - Sync 1 DAGs
[2026-08-07T10:21:11.108+0000] {logging_mixin.py:188} INFO - [2026-08-07T10:21:11.107+0000] {dag.py:3947} INFO - Setting next_dagrun for feature_pipeline to 2026-08-07 10:00:00+00:00, run_after=2026-08-07 11:00:00+00:00
[2026-08-07T10:21:11.147+0000] {processor.py:183} INFO - Processing /opt/airflow/dags/feature_pipeline_dag.py took 1.975 seconds
[2026-08-07T10:21:41.550+0000] {processor.py:161} INFO - Started process (PID=329) to work on /opt/airflow/dags/feature_pipeline_dag.py
[2026-08-07T10:21:41.553+0000] {processor.py:830} INFO - Processing file /opt/airflow/dags/feature_pipeline_dag.py for tasks to queue
[2026-08-07T10:21:41.561+0000] {logging_mixin.py:188} INFO - [2026-08-07T10:21:41.560+0000] {dagbag.py:545} INFO - Filling up the DagBag from /opt/airflow/dags/feature_pipeline_dag.py
[2026-08-07T10:21:40.667+0000] {processor.py:840} INFO - DAG(s) 'feature_pipeline' retrieved from /opt/airflow/dags/feature_pipeline_dag.py
[2026-08-07T10:21:40.738+0000] {logging_mixin.py:188} INFO - [2026-08-07T10:21:40.737+0000] {dag.py:3089} INFO - Sync 1 DAGs
[2026-08-07T10:21:41.080+0000] {logging_mixin.py:188} INFO - [2026-08-07T10:21:41.080+0000] {dag.py:3947} INFO - Setting next_dagrun for feature_pipeline to 2026-08-07 10:00:00+00:00, run_after=2026-08-07 11:00:00+00:00
[2026-08-07T10:21:41.138+0000] {processor.py:183} INFO - Processing /opt/airflow/dags/feature_pipeline_dag.py took 2.249 seconds
[2026-08-07T10:22:11.319+0000] {processor.py:161} INFO - Started process (PID=335) to work on /opt/airflow/dags/feature_pipeline_dag.py
[2026-08-07T10:22:11.322+0000] {processor.py:830} INFO - Processing file /opt/airflow/dags/feature_pipeline_dag.py for tasks to queue
[2026-08-07T10:22:11.327+0000] {logging_mixin.py:188} INFO - [2026-08-07T10:22:11.326+0000] {dagbag.py:545} INFO - Filling up the DagBag from /opt/airflow/dags/feature_pipeline_dag.py
[2026-08-07T10:22:12.785+0000] {processor.py:840} INFO - DAG(s) 'feature_pipeline' retrieved from /opt/airflow/dags/feature_pipeline_dag.py
[2026-08-07T10:22:12.844+0000] {logging_mixin.py:188} INFO - [2026-08-07T10:22:12.841+0000] {dag.py:3089} INFO - Sync 1 DAGs
[2026-08-07T10:22:13.236+0000] {logging_mixin.py:188} INFO - [2026-08-07T10:22:13.235+0000] {dag.py:3947} INFO - Setting next_dagrun for feature_pipeline to 2026-08-07 10:00:00+00:00, run_after=2026-08-07 11:00:00+00:00
[2026-08-07T10:22:13.275+0000] {processor.py:183} INFO - Processing /opt/airflow/dags/feature_pipeline_dag.py took 1.972 seconds
[2026-08-07T10:22:43.743+0000] {processor.py:161} INFO - Started process (PID=347) to work on /opt/airflow/dags/feature_pipeline_dag.py
[2026-08-07T10:22:43.747+0000] {processor.py:830} INFO - Processing file /opt/airflow/dags/feature_pipeline_dag.py for tasks to queue
[2026-08-07T10:22:43.755+0000] {logging_mixin.py:188} INFO - [2026-08-07T10:22:43.754+0000] {dagbag.py:545} INFO - Filling up the DagBag from /opt/airflow/dags/feature_pipeline_dag.py
[2026-08-07T10:22:45.395+0000] {processor.py:840} INFO - DAG(s) 'feature_pipeline' retrieved from /opt/airflow/dags/feature_pipeline_dag.py
[2026-08-07T10:22:45.885+0000] {logging_mixin.py:188} INFO - [2026-08-07T10:22:45.884+0000] {dag.py:3089} INFO - Sync 1 DAGs
[2026-08-07T10:22:45.928+0000] {logging_mixin.py:188} INFO - [2026-08-07T10:22:45.927+0000] {dag.py:3947} INFO - Setting next_dagrun for feature_pipeline to 2026-08-07 10:00:00+00:00, run_after=2026-08-07 11:00:00+00:00
[2026-08-07T10:22:45.967+0000] {processor.py:183} INFO - Processing /opt/airflow/dags/feature_pipeline_dag.py took 2.247 seconds
[2026-08-07T10:23:16.532+0000] {processor.py:161} INFO - Started process (PID=359) to work on /opt/airflow/dags/feature_pipeline_dag.py
[2026-08-07T10:23:16.536+0000] {processor.py:830} INFO - Processing file /opt/airflow/dags/feature_pipeline_dag.py for tasks to queue
[2026-08-07T10:23:16.544+0000] {logging_mixin.py:188} INFO - [2026-08-07T10:23:16.543+0000] {dagbag.py:545} INFO - Filling up the DagBag from /opt/airflow/dags/feature_pipeline_dag.py
[2026-08-07T10:23:18.434+0000] {processor.py:840} INFO - DAG(s) 'feature_pipeline' retrieved from /opt/airflow/dags/feature_pipeline_dag.py
[2026-08-07T10:23:18.509+0000] {logging_mixin.py:188} INFO - [2026-08-07T10:23:18.508+0000] {dag.py:3089} INFO - Sync 1 DAGs
[2026-08-07T10:23:18.556+0000] {logging_mixin.py:188} INFO - [2026-08-07T10:23:18.556+0000] {dag.py:3947} INFO - Setting next_dagrun for feature_pipeline to 2026-08-07 10:00:00+00:00, run_after=2026-08-07 11:00:00+00:00
[2026-08-07T10:23:18.598+0000] {processor.py:183} INFO - Processing /opt/airflow/dags/feature_pipeline_dag.py took 2.088 seconds
[2026-08-07T10:23:49.781+0000] {processor.py:161} INFO - Started process (PID=371) to work on /opt/airflow/dags/feature_pipeline_dag.py
[2026-08-07T10:23:49.785+0000] {processor.py:830} INFO - Processing file /opt/airflow/dags/feature_pipeline_dag.py for tasks to queue
[2026-08-07T10:23:49.791+0000] {logging_mixin.py:188} INFO - [2026-08-07T10:23:49.790+0000] {dagbag.py:545} INFO - Filling up the DagBag from /opt/airflow/dags/feature_pipeline_dag.py
[2026-08-07T10:23:51.397+0000] {processor.py:840} INFO - DAG(s) 'feature_pipeline' retrieved from /opt/airflow/dags/feature_pipeline_dag.py
[2026-08-07T10:23:51.488+0000] {logging_mixin.py:188} INFO - [2026-08-07T10:23:51.487+0000] {dag.py:3089} INFO - Sync 1 DAGs
[2026-08-07T10:23:51.563+0000] {logging_mixin.py:188} INFO - [2026-08-07T10:23:51.563+0000] {dag.py:3947} INFO - Setting next_dagrun for feature_pipeline to 2026-08-07 10:00:00+00:00, run_after=2026-08-07 11:00:00+00:00
[2026-08-07T10:23:51.627+0000] {processor.py:183} INFO - Processing /opt/airflow/dags/feature_pipeline_dag.py took 1.868 seconds
[2026-08-07T10:24:22.367+0000] {processor.py:161} INFO - Started process (PID=383) to work on /opt/airflow/dags/feature_pipeline_dag.py
[2026-08-07T10:24:22.370+0000] {processor.py:830} INFO - Processing file /opt/airflow/dags/feature_pipeline_dag.py for tasks to queue
[2026-08-07T10:24:22.376+0000] {logging_mixin.py:188} INFO - [2026-08-07T10:24:22.375+0000] {dagbag.py:545} INFO - Filling up the DagBag from /opt/airflow/dags/feature_pipeline_dag.py
[2026-08-07T10:24:23.966+0000] {processor.py:840} INFO - DAG(s) 'feature_pipeline' retrieved from /opt/airflow/dags/feature_pipeline_dag.py
[2026-08-07T10:24:24.022+0000] {logging_mixin.py:188} INFO - [2026-08-07T10:24:24.021+0000] {dag.py:3089} INFO - Sync 1 DAGs
[2026-08-07T10:24:24.467+0000] {logging_mixin.py:188} INFO - [2026-08-07T10:24:24.466+0000] {dag.py:3947} INFO - Setting next_dagrun for feature_pipeline to 2026-08-07 10:00:00+00:00, run_after=2026-08-07 11:00:00+00:00
[2026-08-07T10:24:24.504+0000] {processor.py:183} INFO - Processing /opt/airflow/dags/feature_pipeline_dag.py took 2.157 seconds
[2026-08-07T10:24:55.282+0000] {processor.py:161} INFO - Started process (PID=395) to work on /opt/airflow/dags/feature_pipeline_dag.py
[2026-08-07T10:24:55.287+0000] {processor.py:830} INFO - Processing file /opt/airflow/dags/feature_pipeline_dag.py for tasks to queue
[2026-08-07T10:24:55.295+0000] {logging_mixin.py:188} INFO - [2026-08-07T10:24:55.294+0000] {dagbag.py:545} INFO - Filling up the DagBag from /opt/airflow/dags/feature_pipeline_dag.py
[2026-08-07T10:24:56.996+0000] {processor.py:840} INFO - DAG(s) 'feature_pipeline' retrieved from /opt/airflow/dags/feature_pipeline_dag.py
[2026-08-07T10:24:57.076+0000] {logging_mixin.py:188} INFO - [2026-08-07T10:24:57.073+0000] {dag.py:3089} INFO - Sync 1 DAGs
[2026-08-07T10:24:58.774+0000] {logging_mixin.py:188} INFO - [2026-08-07T10:24:58.773+0000] {dag.py:3947} INFO - Setting next_dagrun for feature_pipeline to 2026-08-07 10:00:00+00:00, run_after=2026-08-07 11:00:00+00:00
[2026-08-07T10:24:58.830+0000] {processor.py:183} INFO - Processing /opt/airflow/dags/feature_pipeline_dag.py took 3.572 seconds
[2026-08-07T10:25:29.022+0000] {processor.py:161} INFO - Started process (PID=410) to work on /opt/airflow/dags/feature_pipeline_dag.py
[2026-08-07T10:25:29.026+0000] {processor.py:830} INFO - Processing file /opt/airflow/dags/feature_pipeline_dag.py for tasks to queue
[2026-08-07T10:25:29.032+0000] {logging_mixin.py:188} INFO - [2026-08-07T10:25:29.031+0000] {dagbag.py:545} INFO - Filling up the DagBag from /opt/airflow/dags/feature_pipeline_dag.py
[2026-08-07T10:25:30.741+0000] {processor.py:840} INFO - DAG(s) 'feature_pipeline' retrieved from /opt/airflow/dags/feature_pipeline_dag.py
[2026-08-07T10:25:31.250+0000] {logging_mixin.py:188} INFO - [2026-08-07T10:25:31.249+0000] {dag.py:3089} INFO - Sync 1 DAGs
[2026-08-07T10:25:31.326+0000] {logging_mixin.py:188} INFO - [2026-08-07T10:25:31.325+0000] {dag.py:3947} INFO - Setting next_dagrun for feature_pipeline to 2026-08-07 10:00:00+00:00, run_after=2026-08-07 11:00:00+00:00
[2026-08-07T10:25:31.384+0000] {processor.py:183} INFO - Processing /opt/airflow/dags/feature_pipeline_dag.py took 2.385 seconds
[2026-08-07T10:26:01.652+0000] {processor.py:161} INFO - Started process (PID=419) to work on /opt/airflow/dags/feature_pipeline_dag.py
[2026-08-07T10:26:01.655+0000] {processor.py:830} INFO - Processing file /opt/airflow/dags/feature_pipeline_dag.py for tasks to queue
[2026-08-07T10:26:01.666+0000] {logging_mixin.py:188} INFO - [2026-08-07T10:26:01.665+0000] {dagbag.py:545} INFO - Filling up the DagBag from /opt/airflow/dags/feature_pipeline_dag.py
[2026-08-07T10:26:04.020+0000] {processor.py:840} INFO - DAG(s) 'feature_pipeline' retrieved from /opt/airflow/dags/feature_pipeline_dag.py
[2026-08-07T10:26:04.612+0000] {logging_mixin.py:188} INFO - [2026-08-07T10:26:04.609+0000] {dag.py:3089} INFO - Sync 1 DAGs
[2026-08-07T10:26:04.737+0000] {logging_mixin.py:188} INFO - [2026-08-07T10:26:04.736+0000] {dag.py:3947} INFO - Setting next_dagrun for feature_pipeline to 2026-08-07 10:00:00+00:00, run_after=2026-08-07 11:00:00+00:00
[2026-08-07T10:26:04.804+0000] {processor.py:183} INFO - Processing /opt/airflow/dags/feature_pipeline_dag.py took 3.177 seconds
[2026-08-07T10:26:35.865+0000] {processor.py:161} INFO - Started process (PID=431) to work on /opt/airflow/dags/feature_pipeline_dag.py
[2026-08-07T10:26:35.868+0000] {processor.py:830} INFO - Processing file /opt/airflow/dags/feature_pipeline_dag.py for tasks to queue
[2026-08-07T10:26:35.874+0000] {logging_mixin.py:188} INFO - [2026-08-07T10:26:35.873+0000] {dagbag.py:545} INFO - Filling up the DagBag from /opt/airflow/dags/feature_pipeline_dag.py
[2026-08-07T10:26:37.508+0000] {processor.py:840} INFO - DAG(s) 'feature_pipeline' retrieved from /opt/airflow/dags/feature_pipeline_dag.py
[2026-08-07T10:26:37.571+0000] {logging_mixin.py:188} INFO - [2026-08-07T10:26:37.571+0000] {dag.py:3089} INFO - Sync 1 DAGs
[2026-08-07T10:26:37.625+0000] {logging_mixin.py:188} INFO - [2026-08-07T10:26:37.624+0000] {dag.py:3947} INFO - Setting next_dagrun for feature_pipeline to 2026-08-07 10:00:00+00:00, run_after=2026-08-07 11:00:00+00:00
[2026-08-07T10:26:37.666+0000] {processor.py:183} INFO - Processing /opt/airflow/dags/feature_pipeline_dag.py took 1.827 seconds
[2026-08-07T10:27:08.073+0000] {processor.py:161} INFO - Started process (PID=443) to work on /opt/airflow/dags/feature_pipeline_dag.py
[2026-08-07T10:27:08.076+0000] {processor.py:830} INFO - Processing file /opt/airflow/dags/feature_pipeline_dag.py for tasks to queue
[2026-08-07T10:27:08.081+0000] {logging_mixin.py:188} INFO - [2026-08-07T10:27:08.080+0000] {dagbag.py:545} INFO - Filling up the DagBag from /opt/airflow/dags/feature_pipeline_dag.py
[2026-08-07T10:27:09.684+0000] {processor.py:840} INFO - DAG(s) 'feature_pipeline' retrieved from /opt/airflow/dags/feature_pipeline_dag.py
[2026-08-07T10:27:09.748+0000] {logging_mixin.py:188} INFO - [2026-08-07T10:27:09.748+0000] {dag.py:3089} INFO - Sync 1 DAGs
[2026-08-07T10:27:10.172+0000] {logging_mixin.py:188} INFO - [2026-08-07T10:27:10.171+0000] {dag.py:3947} INFO - Setting next_dagrun for feature_pipeline to 2026-08-07 10:00:00+00:00, run_after=2026-08-07 11:00:00+00:00
[2026-08-07T10:27:10.207+0000] {processor.py:183} INFO - Processing /opt/airflow/dags/feature_pipeline_dag.py took 2.158 seconds
[2026-08-07T10:27:40.683+0000] {processor.py:161} INFO - Started process (PID=455) to work on /opt/airflow/dags/feature_pipeline_dag.py
[2026-08-07T10:27:40.686+0000] {processor.py:830} INFO - Processing file /opt/airflow/dags/feature_pipeline_dag.py for tasks to queue
[2026-08-07T10:27:40.691+0000] {logging_mixin.py:188} INFO - [2026-08-07T10:27:40.691+0000] {dagbag.py:545} INFO - Filling up the DagBag from /opt/airflow/dags/feature_pipeline_dag.py
[2026-08-07T10:27:42.286+0000] {processor.py:840} INFO - DAG(s) 'feature_pipeline' retrieved from /opt/airflow/dags/feature_pipeline_dag.py
[2026-08-07T10:27:42.348+0000] {logging_mixin.py:188} INFO - [2026-08-07T10:27:42.347+0000] {dag.py:3089} INFO - Sync 1 DAGs
[2026-08-07T10:27:42.762+0000] {logging_mixin.py:188} INFO - [2026-08-07T10:27:42.762+0000] {dag.py:3947} INFO - Setting next_dagrun for feature_pipeline to 2026-08-07 10:00:00+00:00, run_after=2026-08-07 11:00:00+00:00
[2026-08-07T10:27:42.800+0000] {processor.py:183} INFO - Processing /opt/airflow/dags/feature_pipeline_dag.py took 2.137 seconds
[2026-08-07T10:28:13.239+0000] {processor.py:161} INFO - Started process (PID=467) to work on /opt/airflow/dags/feature_pipeline_dag.py
[2026-08-07T10:28:13.242+0000] {processor.py:830} INFO - Processing file /opt/airflow/dags/feature_pipeline_dag.py for tasks to queue
[2026-08-07T10:28:13.247+0000] {logging_mixin.py:188} INFO - [2026-08-07T10:28:13.246+0000] {dagbag.py:545} INFO - Filling up the DagBag from /opt/airflow/dags/feature_pipeline_dag.py
[2026-08-07T10:28:15.062+0000] {processor.py:840} INFO - DAG(s) 'feature_pipeline' retrieved from /opt/airflow/dags/feature_pipeline_dag.py
[2026-08-07T10:28:15.618+0000] {logging_mixin.py:188} INFO - [2026-08-07T10:28:15.617+0000] {dag.py:3089} INFO - Sync 1 DAGs
[2026-08-07T10:28:15.662+0000] {logging_mixin.py:188} INFO - [2026-08-07T10:28:15.661+0000] {dag.py:3947} INFO - Setting next_dagrun for feature_pipeline to 2026-08-07 10:00:00+00:00, run_after=2026-08-07 11:00:00+00:00
[2026-08-07T10:28:15.699+0000] {processor.py:183} INFO - Processing /opt/airflow/dags/feature_pipeline_dag.py took 2.481 seconds
[2026-08-07T10:28:47.029+0000] {processor.py:161} INFO - Started process (PID=483) to work on /opt/airflow/dags/feature_pipeline_dag.py
[2026-08-07T10:28:47.136+0000] {processor.py:830} INFO - Processing file /opt/airflow/dags/feature_pipeline_dag.py for tasks to queue
[2026-08-07T10:28:47.499+0000] {logging_mixin.py:188} INFO - [2026-08-07T10:28:47.464+0000] {dagbag.py:545} INFO - Filling up the DagBag from /opt/airflow/dags/feature_pipeline_dag.py
[2026-08-07T10:28:53.720+0000] {processor.py:840} INFO - DAG(s) 'feature_pipeline' retrieved from /opt/airflow/dags/feature_pipeline_dag.py
[2026-08-07T10:28:58.684+0000] {logging_mixin.py:188} INFO - [2026-08-07T10:28:58.683+0000] {dag.py:3089} INFO - Sync 1 DAGs
[2026-08-07T10:28:58.731+0000] {logging_mixin.py:188} INFO - [2026-08-07T10:28:58.730+0000] {dag.py:3947} INFO - Setting next_dagrun for feature_pipeline to 2026-08-07 10:00:00+00:00, run_after=2026-08-07 11:00:00+00:00
[2026-08-07T10:29:01.389+0000] {processor.py:183} INFO - Processing /opt/airflow/dags/feature_pipeline_dag.py took 17.631 seconds
[2026-08-07T10:29:32.321+0000] {processor.py:161} INFO - Started process (PID=509) to work on /opt/airflow/dags/feature_pipeline_dag.py
[2026-08-07T10:29:32.408+0000] {processor.py:830} INFO - Processing file /opt/airflow/dags/feature_pipeline_dag.py for tasks to queue
[2026-08-07T10:29:32.456+0000] {logging_mixin.py:188} INFO - [2026-08-07T10:29:32.452+0000] {dagbag.py:545} INFO - Filling up the DagBag from /opt/airflow/dags/feature_pipeline_dag.py
[2026-08-07T10:29:57.123+0000] {processor.py:840} INFO - DAG(s) 'feature_pipeline' retrieved from /opt/airflow/dags/feature_pipeline_dag.py
[2026-08-07T10:29:59.752+0000] {logging_mixin.py:188} INFO - [2026-08-07T10:29:59.751+0000] {dag.py:3089} INFO - Sync 1 DAGs
[2026-08-07T10:29:59.826+0000] {logging_mixin.py:188} INFO - [2026-08-07T10:29:59.825+0000] {dag.py:3947} INFO - Setting next_dagrun for feature_pipeline to 2026-08-07 10:00:00+00:00, run_after=2026-08-07 11:00:00+00:00
[2026-08-07T10:29:59.896+0000] {processor.py:183} INFO - Processing /opt/airflow/dags/feature_pipeline_dag.py took 30.524 seconds
[2026-08-07T10:30:30.336+0000] {processor.py:161} INFO - Started process (PID=538) to work on /opt/airflow/dags/feature_pipeline_dag.py
[2026-08-07T10:30:30.354+0000] {processor.py:830} INFO - Processing file /opt/airflow/dags/feature_pipeline_dag.py for tasks to queue
[2026-08-07T10:30:30.360+0000] {logging_mixin.py:188} INFO - [2026-08-07T10:30:30.357+0000] {dagbag.py:545} INFO - Filling up the DagBag from /opt/airflow/dags/feature_pipeline_dag.py
[2026-08-07T10:30:44.223+0000] {processor.py:840} INFO - DAG(s) 'feature_pipeline' retrieved from /opt/airflow/dags/feature_pipeline_dag.py
[2026-08-07T10:30:44.682+0000] {logging_mixin.py:188} INFO - [2026-08-07T10:30:44.678+0000] {dag.py:3089} INFO - Sync 1 DAGs
[2026-08-07T10:30:55.393+0000] {logging_mixin.py:188} INFO - [2026-08-07T10:30:55.393+0000] {dag.py:3947} INFO - Setting next_dagrun for feature_pipeline to 2026-08-07 10:00:00+00:00, run_after=2026-08-07 11:00:00+00:00
[2026-08-07T10:30:55.587+0000] {processor.py:183} INFO - Processing /opt/airflow/dags/feature_pipeline_dag.py took 27.885 seconds
[2026-08-07T10:31:27.302+0000] {processor.py:161} INFO - Started process (PID=550) to work on /opt/airflow/dags/feature_pipeline_dag.py
[2026-08-07T10:31:27.309+0000] {processor.py:830} INFO - Processing file /opt/airflow/dags/feature_pipeline_dag.py for tasks to queue
[2026-08-07T10:31:27.315+0000] {logging_mixin.py:188} INFO - [2026-08-07T10:31:27.314+0000] {dagbag.py:545} INFO - Filling up the DagBag from /opt/airflow/dags/feature_pipeline_dag.py
[2026-08-07T10:31:31.731+0000] {processor.py:840} INFO - DAG(s) 'feature_pipeline' retrieved from /opt/airflow/dags/feature_pipeline_dag.py
[2026-08-07T10:31:36.582+0000] {logging_mixin.py:188} INFO - [2026-08-07T10:31:36.579+0000] {dag.py:3089} INFO - Sync 1 DAGs
[2026-08-07T10:31:36.633+0000] {logging_mixin.py:188} INFO - [2026-08-07T10:31:36.632+0000] {dag.py:3947} INFO - Setting next_dagrun for feature_pipeline to 2026-08-07 10:00:00+00:00, run_after=2026-08-07 11:00:00+00:00
[2026-08-07T10:31:36.714+0000] {processor.py:183} INFO - Processing /opt/airflow/dags/feature_pipeline_dag.py took 9.432 seconds
[2026-08-07T10:32:07.386+0000] {processor.py:161} INFO - Started process (PID=566) to work on /opt/airflow/dags/feature_pipeline_dag.py
[2026-08-07T10:32:07.390+0000] {processor.py:830} INFO - Processing file /opt/airflow/dags/feature_pipeline_dag.py for tasks to queue
[2026-08-07T10:32:07.394+0000] {logging_mixin.py:188} INFO - [2026-08-07T10:32:07.392+0000] {dagbag.py:545} INFO - Filling up the DagBag from /opt/airflow/dags/feature_pipeline_dag.py
[2026-08-07T10:32:09.093+0000] {processor.py:840} INFO - DAG(s) 'feature_pipeline' retrieved from /opt/airflow/dags/feature_pipeline_dag.py
[2026-08-07T10:32:09.164+0000] {logging_mixin.py:188} INFO - [2026-08-07T10:32:09.163+0000] {dag.py:3089} INFO - Sync 1 DAGs
[2026-08-07T10:32:09.214+0000] {logging_mixin.py:188} INFO - [2026-08-07T10:32:09.214+0000] {dag.py:3947} INFO - Setting next_dagrun for feature_pipeline to 2026-08-07 10:00:00+00:00, run_after=2026-08-07 11:00:00+00:00
[2026-08-07T10:32:09.306+0000] {processor.py:183} INFO - Processing /opt/airflow/dags/feature_pipeline_dag.py took 1.944 seconds
[2026-08-07T10:32:39.742+0000] {processor.py:161} INFO - Started process (PID=900) to work on /opt/airflow/dags/feature_pipeline_dag.py
[2026-08-07T10:32:39.746+0000] {processor.py:830} INFO - Processing file /opt/airflow/dags/feature_pipeline_dag.py for tasks to queue
[2026-08-07T10:32:39.749+0000] {logging_mixin.py:188} INFO - [2026-08-07T10:32:39.748+0000] {dagbag.py:545} INFO - Filling up the DagBag from /opt/airflow/dags/feature_pipeline_dag.py
[2026-08-07T10:32:47.690+0000] {processor.py:840} INFO - DAG(s) 'feature_pipeline' retrieved from /opt/airflow/dags/feature_pipeline_dag.py
[2026-08-07T10:32:48.584+0000] {logging_mixin.py:188} INFO - [2026-08-07T10:32:48.583+0000] {dag.py:3089} INFO - Sync 1 DAGs
[2026-08-07T10:32:48.877+0000] {logging_mixin.py:188} INFO - [2026-08-07T10:32:48.877+0000] {dag.py:3947} INFO - Setting next_dagrun for feature_pipeline to 2026-08-07 10:00:00+00:00, run_after=2026-08-07 11:00:00+00:00
[2026-08-07T10:32:49.399+0000] {processor.py:183} INFO - Processing /opt/airflow/dags/feature_pipeline_dag.py took 9.678 seconds
[2026-08-07T10:33:19.856+0000] {processor.py:161} INFO - Started process (PID=1360) to work on /opt/airflow/dags/feature_pipeline_dag.py
[2026-08-07T10:33:19.859+0000] {processor.py:830} INFO - Processing file /opt/airflow/dags/feature_pipeline_dag.py for tasks to queue
[2026-08-07T10:33:19.863+0000] {logging_mixin.py:188} INFO - [2026-08-07T10:33:19.861+0000] {dagbag.py:545} INFO - Filling up the DagBag from /opt/airflow/dags/feature_pipeline_dag.py
[2026-08-07T10:33:26.599+0000] {processor.py:840} INFO - DAG(s) 'feature_pipeline' retrieved from /opt/airflow/dags/feature_pipeline_dag.py
[2026-08-07T10:33:28.087+0000] {logging_mixin.py:188} INFO - [2026-08-07T10:33:28.086+0000] {dag.py:3089} INFO - Sync 1 DAGs
[2026-08-07T10:33:32.576+0000] {logging_mixin.py:188} INFO - [2026-08-07T10:33:32.572+0000] {dag.py:3947} INFO - Setting next_dagrun for feature_pipeline to 2026-08-07 10:00:00+00:00, run_after=2026-08-07 11:00:00+00:00
[2026-08-07T10:33:32.729+0000] {processor.py:183} INFO - Processing /opt/airflow/dags/feature_pipeline_dag.py took 12.893 seconds
[2026-08-07T10:34:03.010+0000] {processor.py:161} INFO - Started process (PID=1540) to work on /opt/airflow/dags/feature_pipeline_dag.py
[2026-08-07T10:34:03.015+0000] {processor.py:830} INFO - Processing file /opt/airflow/dags/feature_pipeline_dag.py for tasks to queue
[2026-08-07T10:34:03.017+0000] {logging_mixin.py:188} INFO - [2026-08-07T10:34:03.016+0000] {dagbag.py:545} INFO - Filling up the DagBag from /opt/airflow/dags/feature_pipeline_dag.py
[2026-08-07T10:34:05.029+0000] {processor.py:840} INFO - DAG(s) 'feature_pipeline' retrieved from /opt/airflow/dags/feature_pipeline_dag.py
[2026-08-07T10:34:05.403+0000] {logging_mixin.py:188} INFO - [2026-08-07T10:34:05.402+0000] {dag.py:3089} INFO - Sync 1 DAGs
[2026-08-07T10:34:05.446+0000] {logging_mixin.py:188} INFO - [2026-08-07T10:34:05.446+0000] {dag.py:3947} INFO - Setting next_dagrun for feature_pipeline to 2026-08-07 10:00:00+00:00, run_after=2026-08-07 11:00:00+00:00
[2026-08-07T10:34:05.485+0000] {processor.py:183} INFO - Processing /opt/airflow/dags/feature_pipeline_dag.py took 2.501 seconds
[2026-08-07T10:34:36.210+0000] {processor.py:161} INFO - Started process (PID=1552) to work on /opt/airflow/dags/feature_pipeline_dag.py
[2026-08-07T10:34:36.215+0000] {processor.py:830} INFO - Processing file /opt/airflow/dags/feature_pipeline_dag.py for tasks to queue
[2026-08-07T10:34:36.219+0000] {logging_mixin.py:188} INFO - [2026-08-07T10:34:36.218+0000] {dagbag.py:545} INFO - Filling up the DagBag from /opt/airflow/dags/feature_pipeline_dag.py
[2026-08-07T10:34:40.668+0000] {processor.py:840} INFO - DAG(s) 'feature_pipeline' retrieved from /opt/airflow/dags/feature_pipeline_dag.py
[2026-08-07T10:34:43.912+0000] {logging_mixin.py:188} INFO - [2026-08-07T10:34:43.911+0000] {dag.py:3089} INFO - Sync 1 DAGs
[2026-08-07T10:34:43.952+0000] {logging_mixin.py:188} INFO - [2026-08-07T10:34:43.952+0000] {dag.py:3947} INFO - Setting next_dagrun for feature_pipeline to 2026-08-07 10:00:00+00:00, run_after=2026-08-07 11:00:00+00:00
[2026-08-07T10:34:43.992+0000] {processor.py:183} INFO - Processing /opt/airflow/dags/feature_pipeline_dag.py took 7.822 seconds
[2026-08-07T10:35:15.126+0000] {processor.py:161} INFO - Started process (PID=1567) to work on /opt/airflow/dags/feature_pipeline_dag.py
[2026-08-07T10:35:15.177+0000] {processor.py:830} INFO - Processing file /opt/airflow/dags/feature_pipeline_dag.py for tasks to queue
[2026-08-07T10:35:15.205+0000] {logging_mixin.py:188} INFO - [2026-08-07T10:35:15.197+0000] {dagbag.py:545} INFO - Filling up the DagBag from /opt/airflow/dags/feature_pipeline_dag.py
[2026-08-07T10:35:17.331+0000] {processor.py:840} INFO - DAG(s) 'feature_pipeline' retrieved from /opt/airflow/dags/feature_pipeline_dag.py
[2026-08-07T10:35:17.392+0000] {logging_mixin.py:188} INFO - [2026-08-07T10:35:17.391+0000] {dag.py:3089} INFO - Sync 1 DAGs
[2026-08-07T10:35:17.437+0000] {logging_mixin.py:188} INFO - [2026-08-07T10:35:17.436+0000] {dag.py:3947} INFO - Setting next_dagrun for feature_pipeline to 2026-08-07 10:00:00+00:00, run_after=2026-08-07 11:00:00+00:00
[2026-08-07T10:35:17.481+0000] {processor.py:183} INFO - Processing /opt/airflow/dags/feature_pipeline_dag.py took 2.582 seconds
[2026-08-07T10:35:48.145+0000] {processor.py:161} INFO - Started process (PID=1579) to work on /opt/airflow/dags/feature_pipeline_dag.py
[2026-08-07T10:35:48.157+0000] {processor.py:830} INFO - Processing file /opt/airflow/dags/feature_pipeline_dag.py for tasks to queue
[2026-08-07T10:35:48.160+0000] {logging_mixin.py:188} INFO - [2026-08-07T10:35:48.159+0000] {dagbag.py:545} INFO - Filling up the DagBag from /opt/airflow/dags/feature_pipeline_dag.py
[2026-08-07T10:35:49.809+0000] {processor.py:840} INFO - DAG(s) 'feature_pipeline' retrieved from /opt/airflow/dags/feature_pipeline_dag.py
[2026-08-07T10:35:49.887+0000] {logging_mixin.py:188} INFO - [2026-08-07T10:35:49.885+0000] {dag.py:3089} INFO - Sync 1 DAGs
[2026-08-07T10:35:49.948+0000] {logging_mixin.py:188} INFO - [2026-08-07T10:35:49.948+0000] {dag.py:3947} INFO - Setting next_dagrun for feature_pipeline to 2026-08-07 10:00:00+00:00, run_after=2026-08-07 11:00:00+00:00
[2026-08-07T10:35:47.735+0000] {processor.py:183} INFO - Processing /opt/airflow/dags/feature_pipeline_dag.py took 2.586 seconds
[2026-08-07T10:36:18.548+0000] {processor.py:161} INFO - Started process (PID=1587) to work on /opt/airflow/dags/feature_pipeline_dag.py
[2026-08-07T10:36:18.551+0000] {processor.py:830} INFO - Processing file /opt/airflow/dags/feature_pipeline_dag.py for tasks to queue
[2026-08-07T10:36:18.555+0000] {logging_mixin.py:188} INFO - [2026-08-07T10:36:18.554+0000] {dagbag.py:545} INFO - Filling up the DagBag from /opt/airflow/dags/feature_pipeline_dag.py
[2026-08-07T10:36:20.222+0000] {processor.py:840} INFO - DAG(s) 'feature_pipeline' retrieved from /opt/airflow/dags/feature_pipeline_dag.py
[2026-08-07T10:36:20.295+0000] {logging_mixin.py:188} INFO - [2026-08-07T10:36:20.291+0000] {dag.py:3089} INFO - Sync 1 DAGs
[2026-08-07T10:36:20.680+0000] {logging_mixin.py:188} INFO - [2026-08-07T10:36:20.679+0000] {dag.py:3947} INFO - Setting next_dagrun for feature_pipeline to 2026-08-07 10:00:00+00:00, run_after=2026-08-07 11:00:00+00:00
[2026-08-07T10:36:20.723+0000] {processor.py:183} INFO - Processing /opt/airflow/dags/feature_pipeline_dag.py took 2.196 seconds
[2026-08-07T10:36:51.100+0000] {processor.py:161} INFO - Started process (PID=1599) to work on /opt/airflow/dags/feature_pipeline_dag.py
[2026-08-07T10:36:51.104+0000] {processor.py:830} INFO - Processing file /opt/airflow/dags/feature_pipeline_dag.py for tasks to queue
[2026-08-07T10:36:51.107+0000] {logging_mixin.py:188} INFO - [2026-08-07T10:36:51.106+0000] {dagbag.py:545} INFO - Filling up the DagBag from /opt/airflow/dags/feature_pipeline_dag.py
[2026-08-07T10:36:54.229+0000] {processor.py:840} INFO - DAG(s) 'feature_pipeline' retrieved from /opt/airflow/dags/feature_pipeline_dag.py
[2026-08-07T10:37:05.682+0000] {logging_mixin.py:188} INFO - [2026-08-07T10:37:05.681+0000] {dag.py:3089} INFO - Sync 1 DAGs
[2026-08-07T10:37:06.063+0000] {logging_mixin.py:188} INFO - [2026-08-07T10:37:06.063+0000] {dag.py:3947} INFO - Setting next_dagrun for feature_pipeline to 2026-08-07 10:00:00+00:00, run_after=2026-08-07 11:00:00+00:00
[2026-08-07T10:37:06.251+0000] {processor.py:183} INFO - Processing /opt/airflow/dags/feature_pipeline_dag.py took 15.174 seconds
[2026-08-07T10:37:36.708+0000] {processor.py:161} INFO - Started process (PID=1611) to work on /opt/airflow/dags/feature_pipeline_dag.py
[2026-08-07T10:37:36.712+0000] {processor.py:830} INFO - Processing file /opt/airflow/dags/feature_pipeline_dag.py for tasks to queue
[2026-08-07T10:37:36.715+0000] {logging_mixin.py:188} INFO - [2026-08-07T10:37:36.714+0000] {dagbag.py:545} INFO - Filling up the DagBag from /opt/airflow/dags/feature_pipeline_dag.py
[2026-08-07T10:37:37.083+0000] {processor.py:840} INFO - DAG(s) 'feature_pipeline' retrieved from /opt/airflow/dags/feature_pipeline_dag.py
[2026-08-07T10:37:37.227+0000] {logging_mixin.py:188} INFO - [2026-08-07T10:37:37.226+0000] {dag.py:3089} INFO - Sync 1 DAGs
[2026-08-07T10:37:37.327+0000] {logging_mixin.py:188} INFO - [2026-08-07T10:37:37.327+0000] {dag.py:3947} INFO - Setting next_dagrun for feature_pipeline to 2026-08-07 10:00:00+00:00, run_after=2026-08-07 11:00:00+00:00
[2026-08-07T10:37:37.442+0000] {processor.py:183} INFO - Processing /opt/airflow/dags/feature_pipeline_dag.py took 3.499 seconds
[2026-08-07T10:38:07.884+0000] {processor.py:161} INFO - Started process (PID=1623) to work on /opt/airflow/dags/feature_pipeline_dag.py
[2026-08-07T10:38:07.890+0000] {processor.py:830} INFO - Processing file /opt/airflow/dags/feature_pipeline_dag.py for tasks to queue
[2026-08-07T10:38:07.894+0000] {logging_mixin.py:188} INFO - [2026-08-07T10:38:07.893+0000] {dagbag.py:545} INFO - Filling up the DagBag from /opt/airflow/dags/feature_pipeline_dag.py
[2026-08-07T10:38:09.671+0000] {processor.py:840} INFO - DAG(s) 'feature_pipeline' retrieved from /opt/airflow/dags/feature_pipeline_dag.py
[2026-08-07T10:38:09.769+0000] {logging_mixin.py:188} INFO - [2026-08-07T10:38:09.767+0000] {dag.py:3089} INFO - Sync 1 DAGs
[2026-08-07T10:38:09.851+0000] {logging_mixin.py:188} INFO - [2026-08-07T10:38:09.850+0000] {dag.py:3947} INFO - Setting next_dagrun for feature_pipeline to 2026-08-07 10:00:00+00:00, run_after=2026-08-07 11:00:00+00:00
[2026-08-07T10:38:10.388+0000] {processor.py:183} INFO - Processing /opt/airflow/dags/feature_pipeline_dag.py took 2.525 seconds
[2026-08-07T10:38:41.301+0000] {processor.py:161} INFO - Started process (PID=1635) to work on /opt/airflow/dags/feature_pipeline_dag.py
[2026-08-07T10:38:41.305+0000] {processor.py:830} INFO - Processing file /opt/airflow/dags/feature_pipeline_dag.py for tasks to queue
[2026-08-07T10:38:41.308+0000] {logging_mixin.py:188} INFO - [2026-08-07T10:38:41.307+0000] {dagbag.py:545} INFO - Filling up the DagBag from /opt/airflow/dags/feature_pipeline_dag.py
[2026-08-07T10:38:42.879+0000] {processor.py:840} INFO - DAG(s) 'feature_pipeline' retrieved from /opt/airflow/dags/feature_pipeline_dag.py
[2026-08-07T10:38:42.963+0000] {logging_mixin.py:188} INFO - [2026-08-07T10:38:42.963+0000] {dag.py:3089} INFO - Sync 1 DAGs
[2026-08-07T10:38:43.355+0000] {logging_mixin.py:188} INFO - [2026-08-07T10:38:43.355+0000] {dag.py:3947} INFO - Setting next_dagrun for feature_pipeline to 2026-08-07 10:00:00+00:00, run_after=2026-08-07 11:00:00+00:00
[2026-08-07T10:38:43.396+0000] {processor.py:183} INFO - Processing /opt/airflow/dags/feature_pipeline_dag.py took 2.115 seconds
[2026-08-07T10:39:13.605+0000] {processor.py:161} INFO - Started process (PID=1647) to work on /opt/airflow/dags/feature_pipeline_dag.py
[2026-08-07T10:39:13.608+0000] {processor.py:830} INFO - Processing file /opt/airflow/dags/feature_pipeline_dag.py for tasks to queue
[2026-08-07T10:39:13.611+0000] {logging_mixin.py:188} INFO - [2026-08-07T10:39:13.610+0000] {dagbag.py:545} INFO - Filling up the DagBag from /opt/airflow/dags/feature_pipeline_dag.py
[2026-08-07T10:39:15.261+0000] {processor.py:840} INFO - DAG(s) 'feature_pipeline' retrieved from /opt/airflow/dags/feature_pipeline_dag.py
[2026-08-07T10:39:15.340+0000] {logging_mixin.py:188} INFO - [2026-08-07T10:39:15.336+0000] {dag.py:3089} INFO - Sync 1 DAGs
[2026-08-07T10:39:15.908+0000] {logging_mixin.py:188} INFO - [2026-08-07T10:39:15.907+0000] {dag.py:3947} INFO - Setting next_dagrun for feature_pipeline to 2026-08-07 10:00:00+00:00, run_after=2026-08-07 11:00:00+00:00
[2026-08-07T10:39:15.949+0000] {processor.py:183} INFO - Processing /opt/airflow/dags/feature_pipeline_dag.py took 2.369 seconds
[2026-08-07T10:39:47.706+0000] {processor.py:161} INFO - Started process (PID=1659) to work on /opt/airflow/dags/feature_pipeline_dag.py
[2026-08-07T10:39:48.425+0000] {processor.py:830} INFO - Processing file /opt/airflow/dags/feature_pipeline_dag.py for tasks to queue
[2026-08-07T10:39:48.431+0000] {logging_mixin.py:188} INFO - [2026-08-07T10:39:48.429+0000] {dagbag.py:545} INFO - Filling up the DagBag from /opt/airflow/dags/feature_pipeline_dag.py
[2026-08-07T10:39:51.180+0000] {processor.py:840} INFO - DAG(s) 'feature_pipeline' retrieved from /opt/airflow/dags/feature_pipeline_dag.py
[2026-08-07T10:39:52.051+0000] {logging_mixin.py:188} INFO - [2026-08-07T10:39:52.051+0000] {dag.py:3089} INFO - Sync 1 DAGs
[2026-08-07T10:39:52.096+0000] {logging_mixin.py:188} INFO - [2026-08-07T10:39:52.095+0000] {dag.py:3947} INFO - Setting next_dagrun for feature_pipeline to 2026-08-07 10:00:00+00:00, run_after=2026-08-07 11:00:00+00:00
[2026-08-07T10:39:52.136+0000] {processor.py:183} INFO - Processing /opt/airflow/dags/feature_pipeline_dag.py took 4.454 seconds
[2026-08-07T10:40:23.351+0000] {processor.py:161} INFO - Started process (PID=1671) to work on /opt/airflow/dags/feature_pipeline_dag.py
[2026-08-07T10:40:23.354+0000] {processor.py:830} INFO - Processing file /opt/airflow/dags/feature_pipeline_dag.py for tasks to queue
[2026-08-07T10:40:23.358+0000] {logging_mixin.py:188} INFO - [2026-08-07T10:40:23.356+0000] {dagbag.py:545} INFO - Filling up the DagBag from /opt/airflow/dags/feature_pipeline_dag.py
[2026-08-07T10:40:23.658+0000] {processor.py:840} INFO - DAG(s) 'feature_pipeline' retrieved from /opt/airflow/dags/feature_pipeline_dag.py
[2026-08-07T10:40:23.735+0000] {logging_mixin.py:188} INFO - [2026-08-07T10:40:23.734+0000] {dag.py:3089} INFO - Sync 1 DAGs
[2026-08-07T10:40:23.778+0000] {logging_mixin.py:188} INFO - [2026-08-07T10:40:23.778+0000] {dag.py:3947} INFO - Setting next_dagrun for feature_pipeline to 2026-08-07 10:00:00+00:00, run_after=2026-08-07 11:00:00+00:00
[2026-08-07T10:40:23.819+0000] {processor.py:183} INFO - Processing /opt/airflow/dags/feature_pipeline_dag.py took 2.951 seconds
[2026-08-07T10:40:54.185+0000] {processor.py:161} INFO - Started process (PID=1686) to work on /opt/airflow/dags/feature_pipeline_dag.py
[2026-08-07T10:40:54.188+0000] {processor.py:830} INFO - Processing file /opt/airflow/dags/feature_pipeline_dag.py for tasks to queue
[2026-08-07T10:40:54.190+0000] {logging_mixin.py:188} INFO - [2026-08-07T10:40:54.189+0000] {dagbag.py:545} INFO - Filling up the DagBag from /opt/airflow/dags/feature_pipeline_dag.py
[2026-08-07T10:40:55.828+0000] {processor.py:840} INFO - DAG(s) 'feature_pipeline' retrieved from /opt/airflow/dags/feature_pipeline_dag.py
[2026-08-07T10:40:55.901+0000] {logging_mixin.py:188} INFO - [2026-08-07T10:40:55.900+0000] {dag.py:3089} INFO - Sync 1 DAGs
[2026-08-07T10:40:55.955+0000] {logging_mixin.py:188} INFO - [2026-08-07T10:40:55.955+0000] {dag.py:3947} INFO - Setting next_dagrun for feature_pipeline to 2026-08-07 10:00:00+00:00, run_after=2026-08-07 11:00:00+00:00
[2026-08-07T10:40:56.004+0000] {processor.py:183} INFO - Processing /opt/airflow/dags/feature_pipeline_dag.py took 1.843 seconds
[2026-08-07T10:41:26.420+0000] {processor.py:161} INFO - Started process (PID=1695) to work on /opt/airflow/dags/feature_pipeline_dag.py
[2026-08-07T10:41:26.423+0000] {processor.py:830} INFO - Processing file /opt/airflow/dags/feature_pipeline_dag.py for tasks to queue
[2026-08-07T10:41:26.426+0000] {logging_mixin.py:188} INFO - [2026-08-07T10:41:26.425+0000] {dagbag.py:545} INFO - Filling up the DagBag from /opt/airflow/dags/feature_pipeline_dag.py
[2026-08-07T10:41:29.140+0000] {processor.py:840} INFO - DAG(s) 'feature_pipeline' retrieved from /opt/airflow/dags/feature_pipeline_dag.py
[2026-08-07T10:41:29.424+0000] {logging_mixin.py:188} INFO - [2026-08-07T10:41:29.423+0000] {dag.py:3089} INFO - Sync 1 DAGs
[2026-08-07T10:41:30.515+0000] {logging_mixin.py:188} INFO - [2026-08-07T10:41:30.514+0000] {dag.py:3947} INFO - Setting next_dagrun for feature_pipeline to 2026-08-07 10:00:00+00:00, run_after=2026-08-07 11:00:00+00:00
[2026-08-07T10:41:30.554+0000] {processor.py:183} INFO - Processing /opt/airflow/dags/feature_pipeline_dag.py took 4.156 seconds
[2026-08-07T10:42:01.037+0000] {processor.py:161} INFO - Started process (PID=1707) to work on /opt/airflow/dags/feature_pipeline_dag.py
[2026-08-07T10:42:01.040+0000] {processor.py:830} INFO - Processing file /opt/airflow/dags/feature_pipeline_dag.py for tasks to queue
[2026-08-07T10:42:01.043+0000] {logging_mixin.py:188} INFO - [2026-08-07T10:42:01.042+0000] {dagbag.py:545} INFO - Filling up the DagBag from /opt/airflow/dags/feature_pipeline_dag.py
[2026-08-07T10:42:02.851+0000] {processor.py:840} INFO - DAG(s) 'feature_pipeline' retrieved from /opt/airflow/dags/feature_pipeline_dag.py
[2026-08-07T10:42:02.931+0000] {logging_mixin.py:188} INFO - [2026-08-07T10:42:02.928+0000] {dag.py:3089} INFO - Sync 1 DAGs
[2026-08-07T10:42:03.463+0000] {logging_mixin.py:188} INFO - [2026-08-07T10:42:03.463+0000] {dag.py:3947} INFO - Setting next_dagrun for feature_pipeline to 2026-08-07 10:00:00+00:00, run_after=2026-08-07 11:00:00+00:00
[2026-08-07T10:42:03.512+0000] {processor.py:183} INFO - Processing /opt/airflow/dags/feature_pipeline_dag.py took 2.518 seconds
[2026-08-07T10:42:33.737+0000] {processor.py:161} INFO - Started process (PID=1719) to work on /opt/airflow/dags/feature_pipeline_dag.py
[2026-08-07T10:42:33.740+0000] {processor.py:830} INFO - Processing file /opt/airflow/dags/feature_pipeline_dag.py for tasks to queue
[2026-08-07T10:42:33.742+0000] {logging_mixin.py:188} INFO - [2026-08-07T10:42:33.741+0000] {dagbag.py:545} INFO - Filling up the DagBag from /opt/airflow/dags/feature_pipeline_dag.py
[2026-08-07T10:42:35.218+0000] {processor.py:840} INFO - DAG(s) 'feature_pipeline' retrieved from /opt/airflow/dags/feature_pipeline_dag.py
[2026-08-07T10:42:35.623+0000] {logging_mixin.py:188} INFO - [2026-08-07T10:42:35.621+0000] {dag.py:3089} INFO - Sync 1 DAGs
[2026-08-07T10:42:35.659+0000] {logging_mixin.py:188} INFO - [2026-08-07T10:42:35.659+0000] {dag.py:3947} INFO - Setting next_dagrun for feature_pipeline to 2026-08-07 10:00:00+00:00, run_after=2026-08-07 11:00:00+00:00
[2026-08-07T10:42:35.696+0000] {processor.py:183} INFO - Processing /opt/airflow/dags/feature_pipeline_dag.py took 1.982 seconds
[2026-08-07T10:43:06.267+0000] {processor.py:161} INFO - Started process (PID=1731) to work on /opt/airflow/dags/feature_pipeline_dag.py
[2026-08-07T10:43:06.270+0000] {processor.py:830} INFO - Processing file /opt/airflow/dags/feature_pipeline_dag.py for tasks to queue
[2026-08-07T10:43:06.273+0000] {logging_mixin.py:188} INFO - [2026-08-07T10:43:06.272+0000] {dagbag.py:545} INFO - Filling up the DagBag from /opt/airflow/dags/feature_pipeline_dag.py
[2026-08-07T10:43:05.537+0000] {processor.py:840} INFO - DAG(s) 'feature_pipeline' retrieved from /opt/airflow/dags/feature_pipeline_dag.py
[2026-08-07T10:43:05.596+0000] {logging_mixin.py:188} INFO - [2026-08-07T10:43:05.595+0000] {dag.py:3089} INFO - Sync 1 DAGs
[2026-08-07T10:43:05.634+0000] {logging_mixin.py:188} INFO - [2026-08-07T10:43:05.633+0000] {dag.py:3947} INFO - Setting next_dagrun for feature_pipeline to 2026-08-07 10:00:00+00:00, run_after=2026-08-07 11:00:00+00:00
[2026-08-07T10:43:05.669+0000] {processor.py:183} INFO - Processing /opt/airflow/dags/feature_pipeline_dag.py took 2.116 seconds
[2026-08-07T10:43:36.359+0000] {processor.py:161} INFO - Started process (PID=1743) to work on /opt/airflow/dags/feature_pipeline_dag.py
[2026-08-07T10:43:36.361+0000] {processor.py:830} INFO - Processing file /opt/airflow/dags/feature_pipeline_dag.py for tasks to queue
[2026-08-07T10:43:36.365+0000] {logging_mixin.py:188} INFO - [2026-08-07T10:43:36.364+0000] {dagbag.py:545} INFO - Filling up the DagBag from /opt/airflow/dags/feature_pipeline_dag.py
[2026-08-07T10:43:37.992+0000] {processor.py:840} INFO - DAG(s) 'feature_pipeline' retrieved from /opt/airflow/dags/feature_pipeline_dag.py
[2026-08-07T10:43:38.071+0000] {logging_mixin.py:188} INFO - [2026-08-07T10:43:38.070+0000] {dag.py:3089} INFO - Sync 1 DAGs
[2026-08-07T10:43:38.123+0000] {logging_mixin.py:188} INFO - [2026-08-07T10:43:38.123+0000] {dag.py:3947} INFO - Setting next_dagrun for feature_pipeline to 2026-08-07 10:00:00+00:00, run_after=2026-08-07 11:00:00+00:00
[2026-08-07T10:43:38.172+0000] {processor.py:183} INFO - Processing /opt/airflow/dags/feature_pipeline_dag.py took 1.836 seconds
[2026-08-07T10:44:08.369+0000] {processor.py:161} INFO - Started process (PID=1755) to work on /opt/airflow/dags/feature_pipeline_dag.py
[2026-08-07T10:44:08.372+0000] {processor.py:830} INFO - Processing file /opt/airflow/dags/feature_pipeline_dag.py for tasks to queue
[2026-08-07T10:44:08.376+0000] {logging_mixin.py:188} INFO - [2026-08-07T10:44:08.374+0000] {dagbag.py:545} INFO - Filling up the DagBag from /opt/airflow/dags/feature_pipeline_dag.py
[2026-08-07T10:44:09.854+0000] {processor.py:840} INFO - DAG(s) 'feature_pipeline' retrieved from /opt/airflow/dags/feature_pipeline_dag.py
[2026-08-07T10:44:09.930+0000] {logging_mixin.py:188} INFO - [2026-08-07T10:44:09.929+0000] {dag.py:3089} INFO - Sync 1 DAGs
[2026-08-07T10:44:09.976+0000] {logging_mixin.py:188} INFO - [2026-08-07T10:44:09.976+0000] {dag.py:3947} INFO - Setting next_dagrun for feature_pipeline to 2026-08-07 10:00:00+00:00, run_after=2026-08-07 11:00:00+00:00
[2026-08-07T10:44:10.320+0000] {processor.py:183} INFO - Processing /opt/airflow/dags/feature_pipeline_dag.py took 1.972 seconds
[2026-08-07T10:44:41.284+0000] {processor.py:161} INFO - Started process (PID=1767) to work on /opt/airflow/dags/feature_pipeline_dag.py
[2026-08-07T10:44:41.287+0000] {processor.py:830} INFO - Processing file /opt/airflow/dags/feature_pipeline_dag.py for tasks to queue
[2026-08-07T10:44:41.290+0000] {logging_mixin.py:188} INFO - [2026-08-07T10:44:41.289+0000] {dagbag.py:545} INFO - Filling up the DagBag from /opt/airflow/dags/feature_pipeline_dag.py
[2026-08-07T10:44:43.121+0000] {processor.py:840} INFO - DAG(s) 'feature_pipeline' retrieved from /opt/airflow/dags/feature_pipeline_dag.py
[2026-08-07T10:44:43.189+0000] {logging_mixin.py:188} INFO - [2026-08-07T10:44:43.186+0000] {dag.py:3089} INFO - Sync 1 DAGs
[2026-08-07T10:44:43.586+0000] {logging_mixin.py:188} INFO - [2026-08-07T10:44:43.585+0000] {dag.py:3947} INFO - Setting next_dagrun for feature_pipeline to 2026-08-07 10:00:00+00:00, run_after=2026-08-07 11:00:00+00:00
[2026-08-07T10:44:43.629+0000] {processor.py:183} INFO - Processing /opt/airflow/dags/feature_pipeline_dag.py took 2.370 seconds
[2026-08-07T10:45:13.990+0000] {processor.py:161} INFO - Started process (PID=1779) to work on /opt/airflow/dags/feature_pipeline_dag.py
[2026-08-07T10:45:13.993+0000] {processor.py:830} INFO - Processing file /opt/airflow/dags/feature_pipeline_dag.py for tasks to queue
[2026-08-07T10:45:13.995+0000] {logging_mixin.py:188} INFO - [2026-08-07T10:45:13.994+0000] {dagbag.py:545} INFO - Filling up the DagBag from /opt/airflow/dags/feature_pipeline_dag.py
[2026-08-07T10:45:15.781+0000] {processor.py:840} INFO - DAG(s) 'feature_pipeline' retrieved from /opt/airflow/dags/feature_pipeline_dag.py
[2026-08-07T10:45:15.843+0000] {logging_mixin.py:188} INFO - [2026-08-07T10:45:15.842+0000] {dag.py:3089} INFO - Sync 1 DAGs
[2026-08-07T10:45:15.887+0000] {logging_mixin.py:188} INFO - [2026-08-07T10:45:15.886+0000] {dag.py:3947} INFO - Setting next_dagrun for feature_pipeline to 2026-08-07 10:00:00+00:00, run_after=2026-08-07 11:00:00+00:00
[2026-08-07T10:45:15.925+0000] {processor.py:183} INFO - Processing /opt/airflow/dags/feature_pipeline_dag.py took 1.955 seconds
[2026-08-07T10:45:46.969+0000] {processor.py:161} INFO - Started process (PID=1791) to work on /opt/airflow/dags/feature_pipeline_dag.py
[2026-08-07T10:45:46.972+0000] {processor.py:830} INFO - Processing file /opt/airflow/dags/feature_pipeline_dag.py for tasks to queue
[2026-08-07T10:45:46.975+0000] {logging_mixin.py:188} INFO - [2026-08-07T10:45:46.974+0000] {dagbag.py:545} INFO - Filling up the DagBag from /opt/airflow/dags/feature_pipeline_dag.py
[2026-08-07T10:45:48.902+0000] {processor.py:840} INFO - DAG(s) 'feature_pipeline' retrieved from /opt/airflow/dags/feature_pipeline_dag.py
[2026-08-07T10:45:49.327+0000] {logging_mixin.py:188} INFO - [2026-08-07T10:45:49.325+0000] {dag.py:3089} INFO - Sync 1 DAGs
[2026-08-07T10:45:49.391+0000] {logging_mixin.py:188} INFO - [2026-08-07T10:45:49.390+0000] {dag.py:3947} INFO - Setting next_dagrun for feature_pipeline to 2026-08-07 10:00:00+00:00, run_after=2026-08-07 11:00:00+00:00
[2026-08-07T10:45:49.467+0000] {processor.py:183} INFO - Processing /opt/airflow/dags/feature_pipeline_dag.py took 2.534 seconds
[2026-08-07T10:46:19.880+0000] {processor.py:161} INFO - Started process (PID=1803) to work on /opt/airflow/dags/feature_pipeline_dag.py
[2026-08-07T10:46:19.883+0000] {processor.py:830} INFO - Processing file /opt/airflow/dags/feature_pipeline_dag.py for tasks to queue
[2026-08-07T10:46:19.886+0000] {logging_mixin.py:188} INFO - [2026-08-07T10:46:19.885+0000] {dagbag.py:545} INFO - Filling up the DagBag from /opt/airflow/dags/feature_pipeline_dag.py
[2026-08-07T10:46:21.362+0000] {processor.py:840} INFO - DAG(s) 'feature_pipeline' retrieved from /opt/airflow/dags/feature_pipeline_dag.py
[2026-08-07T10:46:21.438+0000] {logging_mixin.py:188} INFO - [2026-08-07T10:46:21.437+0000] {dag.py:3089} INFO - Sync 1 DAGs
[2026-08-07T10:46:21.486+0000] {logging_mixin.py:188} INFO - [2026-08-07T10:46:21.486+0000] {dag.py:3947} INFO - Setting next_dagrun for feature_pipeline to 2026-08-07 10:00:00+00:00, run_after=2026-08-07 11:00:00+00:00
[2026-08-07T10:46:21.531+0000] {processor.py:183} INFO - Processing /opt/airflow/dags/feature_pipeline_dag.py took 1.674 seconds
[2026-08-07T10:46:51.940+0000] {processor.py:161} INFO - Started process (PID=1815) to work on /opt/airflow/dags/feature_pipeline_dag.py
[2026-08-07T10:46:51.943+0000] {processor.py:830} INFO - Processing file /opt/airflow/dags/feature_pipeline_dag.py for tasks to queue
[2026-08-07T10:46:51.947+0000] {logging_mixin.py:188} INFO - [2026-08-07T10:46:51.946+0000] {dagbag.py:545} INFO - Filling up the DagBag from /opt/airflow/dags/feature_pipeline_dag.py
[2026-08-07T10:46:53.556+0000] {processor.py:840} INFO - DAG(s) 'feature_pipeline' retrieved from /opt/airflow/dags/feature_pipeline_dag.py
[2026-08-07T10:46:53.621+0000] {logging_mixin.py:188} INFO - [2026-08-07T10:46:53.620+0000] {dag.py:3089} INFO - Sync 1 DAGs
[2026-08-07T10:46:53.674+0000] {logging_mixin.py:188} INFO - [2026-08-07T10:46:53.673+0000] {dag.py:3947} INFO - Setting next_dagrun for feature_pipeline to 2026-08-07 10:00:00+00:00, run_after=2026-08-07 11:00:00+00:00
[2026-08-07T10:46:54.088+0000] {processor.py:183} INFO - Processing /opt/airflow/dags/feature_pipeline_dag.py took 2.172 seconds
[2026-08-07T10:47:24.437+0000] {processor.py:161} INFO - Started process (PID=1827) to work on /opt/airflow/dags/feature_pipeline_dag.py
[2026-08-07T10:47:24.440+0000] {processor.py:830} INFO - Processing file /opt/airflow/dags/feature_pipeline_dag.py for tasks to queue
[2026-08-07T10:47:24.443+0000] {logging_mixin.py:188} INFO - [2026-08-07T10:47:24.442+0000] {dagbag.py:545} INFO - Filling up the DagBag from /opt/airflow/dags/feature_pipeline_dag.py
[2026-08-07T10:47:26.153+0000] {processor.py:840} INFO - DAG(s) 'feature_pipeline' retrieved from /opt/airflow/dags/feature_pipeline_dag.py
[2026-08-07T10:47:26.223+0000] {logging_mixin.py:188} INFO - [2026-08-07T10:47:26.220+0000] {dag.py:3089} INFO - Sync 1 DAGs
[2026-08-07T10:47:26.599+0000] {logging_mixin.py:188} INFO - [2026-08-07T10:47:26.599+0000] {dag.py:3947} INFO - Setting next_dagrun for feature_pipeline to 2026-08-07 10:00:00+00:00, run_after=2026-08-07 11:00:00+00:00
[2026-08-07T10:47:26.638+0000] {processor.py:183} INFO - Processing /opt/airflow/dags/feature_pipeline_dag.py took 2.224 seconds
[2026-08-07T10:47:57.669+0000] {processor.py:161} INFO - Started process (PID=1839) to work on /opt/airflow/dags/feature_pipeline_dag.py
[2026-08-07T10:47:57.681+0000] {processor.py:830} INFO - Processing file /opt/airflow/dags/feature_pipeline_dag.py for tasks to queue
[2026-08-07T10:47:57.684+0000] {logging_mixin.py:188} INFO - [2026-08-07T10:47:57.683+0000] {dagbag.py:545} INFO - Filling up the DagBag from /opt/airflow/dags/feature_pipeline_dag.py
[2026-08-07T10:47:59.827+0000] {processor.py:840} INFO - DAG(s) 'feature_pipeline' retrieved from /opt/airflow/dags/feature_pipeline_dag.py
[2026-08-07T10:47:59.915+0000] {logging_mixin.py:188} INFO - [2026-08-07T10:47:59.913+0000] {dag.py:3089} INFO - Sync 1 DAGs
[2026-08-07T10:47:59.972+0000] {logging_mixin.py:188} INFO - [2026-08-07T10:47:59.972+0000] {dag.py:3947} INFO - Setting next_dagrun for feature_pipeline to 2026-08-07 10:00:00+00:00, run_after=2026-08-07 11:00:00+00:00
[2026-08-07T10:48:00.019+0000] {processor.py:183} INFO - Processing /opt/airflow/dags/feature_pipeline_dag.py took 2.373 seconds
[2026-08-07T10:48:30.697+0000] {processor.py:161} INFO - Started process (PID=1851) to work on /opt/airflow/dags/feature_pipeline_dag.py
[2026-08-07T10:48:30.704+0000] {processor.py:830} INFO - Processing file /opt/airflow/dags/feature_pipeline_dag.py for tasks to queue
[2026-08-07T10:48:30.709+0000] {logging_mixin.py:188} INFO - [2026-08-07T10:48:30.708+0000] {dagbag.py:545} INFO - Filling up the DagBag from /opt/airflow/dags/feature_pipeline_dag.py
[2026-08-07T10:48:32.381+0000] {processor.py:840} INFO - DAG(s) 'feature_pipeline' retrieved from /opt/airflow/dags/feature_pipeline_dag.py
[2026-08-07T10:48:32.814+0000] {logging_mixin.py:188} INFO - [2026-08-07T10:48:32.813+0000] {dag.py:3089} INFO - Sync 1 DAGs
[2026-08-07T10:48:32.854+0000] {logging_mixin.py:188} INFO - [2026-08-07T10:48:32.853+0000] {dag.py:3947} INFO - Setting next_dagrun for feature_pipeline to 2026-08-07 10:00:00+00:00, run_after=2026-08-07 11:00:00+00:00
[2026-08-07T10:48:32.894+0000] {processor.py:183} INFO - Processing /opt/airflow/dags/feature_pipeline_dag.py took 2.234 seconds
[2026-08-07T10:49:03.397+0000] {processor.py:161} INFO - Started process (PID=1863) to work on /opt/airflow/dags/feature_pipeline_dag.py
[2026-08-07T10:49:03.400+0000] {processor.py:830} INFO - Processing file /opt/airflow/dags/feature_pipeline_dag.py for tasks to queue
[2026-08-07T10:49:03.403+0000] {logging_mixin.py:188} INFO - [2026-08-07T10:49:03.402+0000] {dagbag.py:545} INFO - Filling up the DagBag from /opt/airflow/dags/feature_pipeline_dag.py
[2026-08-07T10:49:05.446+0000] {processor.py:840} INFO - DAG(s) 'feature_pipeline' retrieved from /opt/airflow/dags/feature_pipeline_dag.py
[2026-08-07T10:49:05.507+0000] {logging_mixin.py:188} INFO - [2026-08-07T10:49:05.505+0000] {dag.py:3089} INFO - Sync 1 DAGs
[2026-08-07T10:49:05.556+0000] {logging_mixin.py:188} INFO - [2026-08-07T10:49:05.556+0000] {dag.py:3947} INFO - Setting next_dagrun for feature_pipeline to 2026-08-07 10:00:00+00:00, run_after=2026-08-07 11:00:00+00:00
[2026-08-07T10:49:05.598+0000] {processor.py:183} INFO - Processing /opt/airflow/dags/feature_pipeline_dag.py took 2.227 seconds
[2026-08-07T10:49:36.420+0000] {processor.py:161} INFO - Started process (PID=1875) to work on /opt/airflow/dags/feature_pipeline_dag.py
[2026-08-07T10:49:36.423+0000] {processor.py:830} INFO - Processing file /opt/airflow/dags/feature_pipeline_dag.py for tasks to queue
[2026-08-07T10:49:36.426+0000] {logging_mixin.py:188} INFO - [2026-08-07T10:49:36.425+0000] {dagbag.py:545} INFO - Filling up the DagBag from /opt/airflow/dags/feature_pipeline_dag.py
[2026-08-07T10:49:38.133+0000] {processor.py:840} INFO - DAG(s) 'feature_pipeline' retrieved from /opt/airflow/dags/feature_pipeline_dag.py
[2026-08-07T10:49:38.203+0000] {logging_mixin.py:188} INFO - [2026-08-07T10:49:38.202+0000] {dag.py:3089} INFO - Sync 1 DAGs
[2026-08-07T10:49:38.279+0000] {logging_mixin.py:188} INFO - [2026-08-07T10:49:38.279+0000] {dag.py:3947} INFO - Setting next_dagrun for feature_pipeline to 2026-08-07 10:00:00+00:00, run_after=2026-08-07 11:00:00+00:00
[2026-08-07T10:49:38.615+0000] {processor.py:183} INFO - Processing /opt/airflow/dags/feature_pipeline_dag.py took 2.219 seconds
[2026-08-07T10:50:09.009+0000] {processor.py:161} INFO - Started process (PID=1887) to work on /opt/airflow/dags/feature_pipeline_dag.py
[2026-08-07T10:50:09.011+0000] {processor.py:830} INFO - Processing file /opt/airflow/dags/feature_pipeline_dag.py for tasks to queue
[2026-08-07T10:50:09.015+0000] {logging_mixin.py:188} INFO - [2026-08-07T10:50:09.013+0000] {dagbag.py:545} INFO - Filling up the DagBag from /opt/airflow/dags/feature_pipeline_dag.py
[2026-08-07T10:50:10.609+0000] {processor.py:840} INFO - DAG(s) 'feature_pipeline' retrieved from /opt/airflow/dags/feature_pipeline_dag.py
[2026-08-07T10:50:10.687+0000] {logging_mixin.py:188} INFO - [2026-08-07T10:50:10.683+0000] {dag.py:3089} INFO - Sync 1 DAGs
[2026-08-07T10:50:11.144+0000] {logging_mixin.py:188} INFO - [2026-08-07T10:50:11.144+0000] {dag.py:3947} INFO - Setting next_dagrun for feature_pipeline to 2026-08-07 10:00:00+00:00, run_after=2026-08-07 11:00:00+00:00
[2026-08-07T10:50:11.188+0000] {processor.py:183} INFO - Processing /opt/airflow/dags/feature_pipeline_dag.py took 2.202 seconds
[2026-08-07T10:50:41.737+0000] {processor.py:161} INFO - Started process (PID=1899) to work on /opt/airflow/dags/feature_pipeline_dag.py
[2026-08-07T10:50:41.740+0000] {processor.py:830} INFO - Processing file /opt/airflow/dags/feature_pipeline_dag.py for tasks to queue
[2026-08-07T10:50:41.743+0000] {logging_mixin.py:188} INFO - [2026-08-07T10:50:41.742+0000] {dagbag.py:545} INFO - Filling up the DagBag from /opt/airflow/dags/feature_pipeline_dag.py
[2026-08-07T10:50:43.707+0000] {processor.py:840} INFO - DAG(s) 'feature_pipeline' retrieved from /opt/airflow/dags/feature_pipeline_dag.py
[2026-08-07T10:50:43.773+0000] {logging_mixin.py:188} INFO - [2026-08-07T10:50:43.772+0000] {dag.py:3089} INFO - Sync 1 DAGs
[2026-08-07T10:50:43.831+0000] {logging_mixin.py:188} INFO - [2026-08-07T10:50:43.831+0000] {dag.py:3947} INFO - Setting next_dagrun for feature_pipeline to 2026-08-07 10:00:00+00:00, run_after=2026-08-07 11:00:00+00:00
[2026-08-07T10:50:43.876+0000] {processor.py:183} INFO - Processing /opt/airflow/dags/feature_pipeline_dag.py took 2.161 seconds
[2026-08-07T10:51:14.418+0000] {processor.py:161} INFO - Started process (PID=1911) to work on /opt/airflow/dags/feature_pipeline_dag.py
[2026-08-07T10:51:14.421+0000] {processor.py:830} INFO - Processing file /opt/airflow/dags/feature_pipeline_dag.py for tasks to queue
[2026-08-07T10:51:14.424+0000] {logging_mixin.py:188} INFO - [2026-08-07T10:51:14.423+0000] {dagbag.py:545} INFO - Filling up the DagBag from /opt/airflow/dags/feature_pipeline_dag.py
[2026-08-07T10:51:16.199+0000] {processor.py:840} INFO - DAG(s) 'feature_pipeline' retrieved from /opt/airflow/dags/feature_pipeline_dag.py
[2026-08-07T10:51:16.682+0000] {logging_mixin.py:188} INFO - [2026-08-07T10:51:16.681+0000] {dag.py:3089} INFO - Sync 1 DAGs
[2026-08-07T10:51:16.723+0000] {logging_mixin.py:188} INFO - [2026-08-07T10:51:16.722+0000] {dag.py:3947} INFO - Setting next_dagrun for feature_pipeline to 2026-08-07 10:00:00+00:00, run_after=2026-08-07 11:00:00+00:00
[2026-08-07T10:51:16.767+0000] {processor.py:183} INFO - Processing /opt/airflow/dags/feature_pipeline_dag.py took 2.371 seconds
[2026-08-07T10:51:47.049+0000] {processor.py:161} INFO - Started process (PID=1923) to work on /opt/airflow/dags/feature_pipeline_dag.py
[2026-08-07T10:51:47.053+0000] {processor.py:830} INFO - Processing file /opt/airflow/dags/feature_pipeline_dag.py for tasks to queue
[2026-08-07T10:51:47.056+0000] {logging_mixin.py:188} INFO - [2026-08-07T10:51:47.054+0000] {dagbag.py:545} INFO - Filling up the DagBag from /opt/airflow/dags/feature_pipeline_dag.py
[2026-08-07T10:51:46.390+0000] {processor.py:840} INFO - DAG(s) 'feature_pipeline' retrieved from /opt/airflow/dags/feature_pipeline_dag.py
[2026-08-07T10:51:46.438+0000] {logging_mixin.py:188} INFO - [2026-08-07T10:51:46.437+0000] {dag.py:3089} INFO - Sync 1 DAGs
[2026-08-07T10:51:46.474+0000] {logging_mixin.py:188} INFO - [2026-08-07T10:51:46.473+0000] {dag.py:3947} INFO - Setting next_dagrun for feature_pipeline to 2026-08-07 10:00:00+00:00, run_after=2026-08-07 11:00:00+00:00
[2026-08-07T10:51:46.512+0000] {processor.py:183} INFO - Processing /opt/airflow/dags/feature_pipeline_dag.py took 2.063 seconds
