[2026-08-02T19:03:52.525+0000] {processor.py:161} INFO - Started process (PID=1078) to work on /opt/airflow/dags/orchestration.py
[2026-08-02T19:03:52.527+0000] {processor.py:830} INFO - Processing file /opt/airflow/dags/orchestration.py for tasks to queue
[2026-08-02T19:03:52.532+0000] {logging_mixin.py:188} INFO - [2026-08-02T19:03:52.531+0000] {dagbag.py:545} INFO - Filling up the DagBag from /opt/airflow/dags/orchestration.py
[2026-08-02T19:03:52.804+0000] {logging_mixin.py:188} INFO - [2026-08-02T19:03:52.680+0000] {dagbag.py:355} ERROR - Failed to import: /opt/airflow/dags/orchestration.py
Traceback (most recent call last):
  File "/home/airflow/.local/lib/python3.11/site-packages/airflow/models/dagbag.py", line 351, in parse
    loader.exec_module(new_module)
  File "<frozen importlib._bootstrap_external>", line 940, in exec_module
  File "<frozen importlib._bootstrap>", line 241, in _call_with_frames_removed
  File "/opt/airflow/dags/orchestration.py", line 1, in <module>
    from airflow import dag, task
ImportError: cannot import name 'dag' from 'airflow' (/home/airflow/.local/lib/python3.11/site-packages/airflow/__init__.py)
[2026-08-02T19:03:52.809+0000] {processor.py:842} WARNING - No viable dags retrieved from /opt/airflow/dags/orchestration.py
[2026-08-02T19:03:53.549+0000] {processor.py:183} INFO - Processing /opt/airflow/dags/orchestration.py took 1.064 seconds
[2026-08-02T19:03:54.630+0000] {processor.py:161} INFO - Started process (PID=1083) to work on /opt/airflow/dags/orchestration.py
[2026-08-02T19:03:54.633+0000] {processor.py:830} INFO - Processing file /opt/airflow/dags/orchestration.py for tasks to queue
[2026-08-02T19:03:54.639+0000] {logging_mixin.py:188} INFO - [2026-08-02T19:03:54.638+0000] {dagbag.py:545} INFO - Filling up the DagBag from /opt/airflow/dags/orchestration.py
[2026-08-02T19:03:54.730+0000] {logging_mixin.py:188} INFO - [2026-08-02T19:03:54.714+0000] {dagbag.py:355} ERROR - Failed to import: /opt/airflow/dags/orchestration.py
Traceback (most recent call last):
  File "/home/airflow/.local/lib/python3.11/site-packages/airflow/models/dagbag.py", line 351, in parse
    loader.exec_module(new_module)
  File "<frozen importlib._bootstrap_external>", line 940, in exec_module
  File "<frozen importlib._bootstrap>", line 241, in _call_with_frames_removed
  File "/opt/airflow/dags/orchestration.py", line 1, in <module>
    from airflow import dag, task
ImportError: cannot import name 'dag' from 'airflow' (/home/airflow/.local/lib/python3.11/site-packages/airflow/__init__.py)
[2026-08-02T19:03:54.735+0000] {processor.py:842} WARNING - No viable dags retrieved from /opt/airflow/dags/orchestration.py
[2026-08-02T19:03:54.833+0000] {processor.py:183} INFO - Processing /opt/airflow/dags/orchestration.py took 0.226 seconds
[2026-08-02T19:04:26.274+0000] {processor.py:161} INFO - Started process (PID=1098) to work on /opt/airflow/dags/orchestration.py
[2026-08-02T19:04:26.277+0000] {processor.py:830} INFO - Processing file /opt/airflow/dags/orchestration.py for tasks to queue
[2026-08-02T19:04:26.282+0000] {logging_mixin.py:188} INFO - [2026-08-02T19:04:26.281+0000] {dagbag.py:545} INFO - Filling up the DagBag from /opt/airflow/dags/orchestration.py
[2026-08-02T19:04:26.332+0000] {logging_mixin.py:188} INFO - [2026-08-02T19:04:26.320+0000] {dagbag.py:355} ERROR - Failed to import: /opt/airflow/dags/orchestration.py
Traceback (most recent call last):
  File "/home/airflow/.local/lib/python3.11/site-packages/airflow/models/dagbag.py", line 351, in parse
    loader.exec_module(new_module)
  File "<frozen importlib._bootstrap_external>", line 940, in exec_module
  File "<frozen importlib._bootstrap>", line 241, in _call_with_frames_removed
  File "/opt/airflow/dags/orchestration.py", line 1, in <module>
    from airflow import dag, task
ImportError: cannot import name 'dag' from 'airflow' (/home/airflow/.local/lib/python3.11/site-packages/airflow/__init__.py)
[2026-08-02T19:04:26.337+0000] {processor.py:842} WARNING - No viable dags retrieved from /opt/airflow/dags/orchestration.py
[2026-08-02T19:04:26.387+0000] {processor.py:183} INFO - Processing /opt/airflow/dags/orchestration.py took 0.131 seconds
[2026-08-02T19:04:57.245+0000] {processor.py:161} INFO - Started process (PID=1113) to work on /opt/airflow/dags/orchestration.py
[2026-08-02T19:04:57.248+0000] {processor.py:830} INFO - Processing file /opt/airflow/dags/orchestration.py for tasks to queue
[2026-08-02T19:04:57.252+0000] {logging_mixin.py:188} INFO - [2026-08-02T19:04:57.252+0000] {dagbag.py:545} INFO - Filling up the DagBag from /opt/airflow/dags/orchestration.py
[2026-08-02T19:04:57.304+0000] {logging_mixin.py:188} INFO - [2026-08-02T19:04:57.291+0000] {dagbag.py:355} ERROR - Failed to import: /opt/airflow/dags/orchestration.py
Traceback (most recent call last):
  File "/home/airflow/.local/lib/python3.11/site-packages/airflow/models/dagbag.py", line 351, in parse
    loader.exec_module(new_module)
  File "<frozen importlib._bootstrap_external>", line 940, in exec_module
  File "<frozen importlib._bootstrap>", line 241, in _call_with_frames_removed
  File "/opt/airflow/dags/orchestration.py", line 1, in <module>
    from airflow import dag, task
ImportError: cannot import name 'dag' from 'airflow' (/home/airflow/.local/lib/python3.11/site-packages/airflow/__init__.py)
[2026-08-02T19:04:57.308+0000] {processor.py:842} WARNING - No viable dags retrieved from /opt/airflow/dags/orchestration.py
[2026-08-02T19:04:57.358+0000] {processor.py:183} INFO - Processing /opt/airflow/dags/orchestration.py took 0.127 seconds
[2026-08-02T19:05:27.988+0000] {processor.py:161} INFO - Started process (PID=1128) to work on /opt/airflow/dags/orchestration.py
[2026-08-02T19:05:27.990+0000] {processor.py:830} INFO - Processing file /opt/airflow/dags/orchestration.py for tasks to queue
[2026-08-02T19:05:27.995+0000] {logging_mixin.py:188} INFO - [2026-08-02T19:05:27.994+0000] {dagbag.py:545} INFO - Filling up the DagBag from /opt/airflow/dags/orchestration.py
[2026-08-02T19:05:28.046+0000] {logging_mixin.py:188} INFO - [2026-08-02T19:05:28.032+0000] {dagbag.py:355} ERROR - Failed to import: /opt/airflow/dags/orchestration.py
Traceback (most recent call last):
  File "/home/airflow/.local/lib/python3.11/site-packages/airflow/models/dagbag.py", line 351, in parse
    loader.exec_module(new_module)
  File "<frozen importlib._bootstrap_external>", line 940, in exec_module
  File "<frozen importlib._bootstrap>", line 241, in _call_with_frames_removed
  File "/opt/airflow/dags/orchestration.py", line 1, in <module>
    from airflow import dag, task
ImportError: cannot import name 'dag' from 'airflow' (/home/airflow/.local/lib/python3.11/site-packages/airflow/__init__.py)
[2026-08-02T19:05:28.050+0000] {processor.py:842} WARNING - No viable dags retrieved from /opt/airflow/dags/orchestration.py
[2026-08-02T19:05:28.101+0000] {processor.py:183} INFO - Processing /opt/airflow/dags/orchestration.py took 0.132 seconds
[2026-08-02T19:05:58.844+0000] {processor.py:161} INFO - Started process (PID=1143) to work on /opt/airflow/dags/orchestration.py
[2026-08-02T19:05:58.847+0000] {processor.py:830} INFO - Processing file /opt/airflow/dags/orchestration.py for tasks to queue
[2026-08-02T19:05:58.851+0000] {logging_mixin.py:188} INFO - [2026-08-02T19:05:58.850+0000] {dagbag.py:545} INFO - Filling up the DagBag from /opt/airflow/dags/orchestration.py
[2026-08-02T19:05:58.918+0000] {logging_mixin.py:188} INFO - [2026-08-02T19:05:58.906+0000] {dagbag.py:355} ERROR - Failed to import: /opt/airflow/dags/orchestration.py
Traceback (most recent call last):
  File "/home/airflow/.local/lib/python3.11/site-packages/airflow/models/dagbag.py", line 351, in parse
    loader.exec_module(new_module)
  File "<frozen importlib._bootstrap_external>", line 940, in exec_module
  File "<frozen importlib._bootstrap>", line 241, in _call_with_frames_removed
  File "/opt/airflow/dags/orchestration.py", line 1, in <module>
    from airflow import dag, task
ImportError: cannot import name 'dag' from 'airflow' (/home/airflow/.local/lib/python3.11/site-packages/airflow/__init__.py)
[2026-08-02T19:05:58.922+0000] {processor.py:842} WARNING - No viable dags retrieved from /opt/airflow/dags/orchestration.py
[2026-08-02T19:05:58.978+0000] {processor.py:183} INFO - Processing /opt/airflow/dags/orchestration.py took 0.158 seconds
[2026-08-02T19:06:29.647+0000] {processor.py:161} INFO - Started process (PID=1158) to work on /opt/airflow/dags/orchestration.py
[2026-08-02T19:06:29.653+0000] {processor.py:830} INFO - Processing file /opt/airflow/dags/orchestration.py for tasks to queue
[2026-08-02T19:06:29.657+0000] {logging_mixin.py:188} INFO - [2026-08-02T19:06:29.657+0000] {dagbag.py:545} INFO - Filling up the DagBag from /opt/airflow/dags/orchestration.py
[2026-08-02T19:06:29.719+0000] {logging_mixin.py:188} INFO - [2026-08-02T19:06:29.706+0000] {dagbag.py:355} ERROR - Failed to import: /opt/airflow/dags/orchestration.py
Traceback (most recent call last):
  File "/home/airflow/.local/lib/python3.11/site-packages/airflow/models/dagbag.py", line 351, in parse
    loader.exec_module(new_module)
  File "<frozen importlib._bootstrap_external>", line 940, in exec_module
  File "<frozen importlib._bootstrap>", line 241, in _call_with_frames_removed
  File "/opt/airflow/dags/orchestration.py", line 1, in <module>
    from airflow import dag, task
ImportError: cannot import name 'dag' from 'airflow' (/home/airflow/.local/lib/python3.11/site-packages/airflow/__init__.py)
[2026-08-02T19:06:29.724+0000] {processor.py:842} WARNING - No viable dags retrieved from /opt/airflow/dags/orchestration.py
[2026-08-02T19:06:29.775+0000] {processor.py:183} INFO - Processing /opt/airflow/dags/orchestration.py took 0.145 seconds
[2026-08-02T19:07:00.428+0000] {processor.py:161} INFO - Started process (PID=1173) to work on /opt/airflow/dags/orchestration.py
[2026-08-02T19:07:00.431+0000] {processor.py:830} INFO - Processing file /opt/airflow/dags/orchestration.py for tasks to queue
[2026-08-02T19:07:00.435+0000] {logging_mixin.py:188} INFO - [2026-08-02T19:07:00.435+0000] {dagbag.py:545} INFO - Filling up the DagBag from /opt/airflow/dags/orchestration.py
[2026-08-02T19:07:00.486+0000] {logging_mixin.py:188} INFO - [2026-08-02T19:07:00.474+0000] {dagbag.py:355} ERROR - Failed to import: /opt/airflow/dags/orchestration.py
Traceback (most recent call last):
  File "/home/airflow/.local/lib/python3.11/site-packages/airflow/models/dagbag.py", line 351, in parse
    loader.exec_module(new_module)
  File "<frozen importlib._bootstrap_external>", line 940, in exec_module
  File "<frozen importlib._bootstrap>", line 241, in _call_with_frames_removed
  File "/opt/airflow/dags/orchestration.py", line 1, in <module>
    from airflow import dag, task
ImportError: cannot import name 'dag' from 'airflow' (/home/airflow/.local/lib/python3.11/site-packages/airflow/__init__.py)
[2026-08-02T19:07:00.490+0000] {processor.py:842} WARNING - No viable dags retrieved from /opt/airflow/dags/orchestration.py
[2026-08-02T19:07:00.547+0000] {processor.py:183} INFO - Processing /opt/airflow/dags/orchestration.py took 0.134 seconds
[2026-08-02T19:07:31.177+0000] {processor.py:161} INFO - Started process (PID=1188) to work on /opt/airflow/dags/orchestration.py
[2026-08-02T19:07:31.179+0000] {processor.py:830} INFO - Processing file /opt/airflow/dags/orchestration.py for tasks to queue
[2026-08-02T19:07:31.184+0000] {logging_mixin.py:188} INFO - [2026-08-02T19:07:31.183+0000] {dagbag.py:545} INFO - Filling up the DagBag from /opt/airflow/dags/orchestration.py
[2026-08-02T19:07:31.235+0000] {logging_mixin.py:188} INFO - [2026-08-02T19:07:31.222+0000] {dagbag.py:355} ERROR - Failed to import: /opt/airflow/dags/orchestration.py
Traceback (most recent call last):
  File "/home/airflow/.local/lib/python3.11/site-packages/airflow/models/dagbag.py", line 351, in parse
    loader.exec_module(new_module)
  File "<frozen importlib._bootstrap_external>", line 940, in exec_module
  File "<frozen importlib._bootstrap>", line 241, in _call_with_frames_removed
  File "/opt/airflow/dags/orchestration.py", line 1, in <module>
    from airflow import dag, task
ImportError: cannot import name 'dag' from 'airflow' (/home/airflow/.local/lib/python3.11/site-packages/airflow/__init__.py)
[2026-08-02T19:07:31.239+0000] {processor.py:842} WARNING - No viable dags retrieved from /opt/airflow/dags/orchestration.py
[2026-08-02T19:07:31.289+0000] {processor.py:183} INFO - Processing /opt/airflow/dags/orchestration.py took 0.136 seconds
[2026-08-02T19:08:01.931+0000] {processor.py:161} INFO - Started process (PID=1203) to work on /opt/airflow/dags/orchestration.py
[2026-08-02T19:08:01.934+0000] {processor.py:830} INFO - Processing file /opt/airflow/dags/orchestration.py for tasks to queue
[2026-08-02T19:08:01.940+0000] {logging_mixin.py:188} INFO - [2026-08-02T19:08:01.939+0000] {dagbag.py:545} INFO - Filling up the DagBag from /opt/airflow/dags/orchestration.py
[2026-08-02T19:08:01.993+0000] {logging_mixin.py:188} INFO - [2026-08-02T19:08:01.978+0000] {dagbag.py:355} ERROR - Failed to import: /opt/airflow/dags/orchestration.py
Traceback (most recent call last):
  File "/home/airflow/.local/lib/python3.11/site-packages/airflow/models/dagbag.py", line 351, in parse
    loader.exec_module(new_module)
  File "<frozen importlib._bootstrap_external>", line 940, in exec_module
  File "<frozen importlib._bootstrap>", line 241, in _call_with_frames_removed
  File "/opt/airflow/dags/orchestration.py", line 1, in <module>
    from airflow import dag, task
ImportError: cannot import name 'dag' from 'airflow' (/home/airflow/.local/lib/python3.11/site-packages/airflow/__init__.py)
[2026-08-02T19:08:01.998+0000] {processor.py:842} WARNING - No viable dags retrieved from /opt/airflow/dags/orchestration.py
[2026-08-02T19:08:02.055+0000] {processor.py:183} INFO - Processing /opt/airflow/dags/orchestration.py took 0.138 seconds
[2026-08-02T19:08:20.279+0000] {processor.py:161} INFO - Started process (PID=1208) to work on /opt/airflow/dags/orchestration.py
[2026-08-02T19:08:20.282+0000] {processor.py:830} INFO - Processing file /opt/airflow/dags/orchestration.py for tasks to queue
[2026-08-02T19:08:20.289+0000] {logging_mixin.py:188} INFO - [2026-08-02T19:08:20.288+0000] {dagbag.py:545} INFO - Filling up the DagBag from /opt/airflow/dags/orchestration.py
[2026-08-02T19:08:52.571+0000] {logging_mixin.py:188} INFO - [2026-08-02T19:08:52.540+0000] {timeout.py:68} ERROR - Process timed out, PID: 1208
[2026-08-02T19:09:23.424+0000] {processor.py:161} INFO - Started process (PID=1234) to work on /opt/airflow/dags/orchestration.py
[2026-08-02T19:09:23.426+0000] {processor.py:830} INFO - Processing file /opt/airflow/dags/orchestration.py for tasks to queue
[2026-08-02T19:09:23.430+0000] {logging_mixin.py:188} INFO - [2026-08-02T19:09:23.430+0000] {dagbag.py:545} INFO - Filling up the DagBag from /opt/airflow/dags/orchestration.py
[2026-08-02T19:09:48.276+0000] {processor.py:840} INFO - DAG(s) 'first_orchestrator' retrieved from /opt/airflow/dags/orchestration.py
[2026-08-02T19:09:49.792+0000] {logging_mixin.py:188} INFO - [2026-08-02T19:09:49.788+0000] {override.py:1858} INFO - Created Permission View: can read on DAG:first_orchestrator
[2026-08-02T19:09:49.831+0000] {logging_mixin.py:188} INFO - [2026-08-02T19:09:49.830+0000] {override.py:1858} INFO - Created Permission View: can delete on DAG:first_orchestrator
[2026-08-02T19:09:49.847+0000] {logging_mixin.py:188} INFO - [2026-08-02T19:09:49.847+0000] {override.py:1858} INFO - Created Permission View: can edit on DAG:first_orchestrator
[2026-08-02T19:09:49.849+0000] {logging_mixin.py:188} INFO - [2026-08-02T19:09:49.848+0000] {dag.py:3089} INFO - Sync 1 DAGs
[2026-08-02T19:09:49.902+0000] {logging_mixin.py:188} INFO - [2026-08-02T19:09:49.901+0000] {dag.py:3111} INFO - Creating ORM DAG for first_orchestrator
[2026-08-02T19:09:49.970+0000] {logging_mixin.py:188} INFO - [2026-08-02T19:09:49.970+0000] {dag.py:3947} INFO - Setting next_dagrun for first_orchestrator to 2026-08-02 18:00:00+00:00, run_after=2026-08-02 19:00:00+00:00
[2026-08-02T19:09:50.038+0000] {processor.py:183} INFO - Processing /opt/airflow/dags/orchestration.py took 26.528 seconds
[2026-08-02T19:09:53.285+0000] {processor.py:161} INFO - Started process (PID=1250) to work on /opt/airflow/dags/orchestration.py
[2026-08-02T19:09:53.287+0000] {processor.py:830} INFO - Processing file /opt/airflow/dags/orchestration.py for tasks to queue
[2026-08-02T19:09:53.291+0000] {logging_mixin.py:188} INFO - [2026-08-02T19:09:53.291+0000] {dagbag.py:545} INFO - Filling up the DagBag from /opt/airflow/dags/orchestration.py
[2026-08-02T19:09:53.389+0000] {logging_mixin.py:188} INFO - [2026-08-02T19:09:53.376+0000] {dagbag.py:355} ERROR - Failed to import: /opt/airflow/dags/orchestration.py
Traceback (most recent call last):
  File "/home/airflow/.local/lib/python3.11/site-packages/airflow/models/dagbag.py", line 351, in parse
    loader.exec_module(new_module)
  File "<frozen importlib._bootstrap_external>", line 940, in exec_module
  File "<frozen importlib._bootstrap>", line 241, in _call_with_frames_removed
  File "/opt/airflow/dags/orchestration.py", line 1, in <module>
    from airflow.sdk import dag, task
ModuleNotFoundError: No module named 'airflow.sdk'
[2026-08-02T19:09:53.393+0000] {processor.py:842} WARNING - No viable dags retrieved from /opt/airflow/dags/orchestration.py
[2026-08-02T19:09:53.477+0000] {processor.py:183} INFO - Processing /opt/airflow/dags/orchestration.py took 0.210 seconds
[2026-08-02T19:10:24.057+0000] {processor.py:161} INFO - Started process (PID=1266) to work on /opt/airflow/dags/orchestration.py
[2026-08-02T19:10:24.062+0000] {processor.py:830} INFO - Processing file /opt/airflow/dags/orchestration.py for tasks to queue
[2026-08-02T19:10:24.069+0000] {logging_mixin.py:188} INFO - [2026-08-02T19:10:24.067+0000] {dagbag.py:545} INFO - Filling up the DagBag from /opt/airflow/dags/orchestration.py
[2026-08-02T19:10:24.231+0000] {logging_mixin.py:188} INFO - [2026-08-02T19:10:24.185+0000] {dagbag.py:355} ERROR - Failed to import: /opt/airflow/dags/orchestration.py
Traceback (most recent call last):
  File "/home/airflow/.local/lib/python3.11/site-packages/airflow/models/dagbag.py", line 351, in parse
    loader.exec_module(new_module)
  File "<frozen importlib._bootstrap_external>", line 940, in exec_module
  File "<frozen importlib._bootstrap>", line 241, in _call_with_frames_removed
  File "/opt/airflow/dags/orchestration.py", line 1, in <module>
    from airflow.sdk import dag, task
ModuleNotFoundError: No module named 'airflow.sdk'
[2026-08-02T19:10:24.238+0000] {processor.py:842} WARNING - No viable dags retrieved from /opt/airflow/dags/orchestration.py
[2026-08-02T19:10:24.313+0000] {processor.py:183} INFO - Processing /opt/airflow/dags/orchestration.py took 0.284 seconds
[2026-08-02T19:10:49.030+0000] {processor.py:161} INFO - Started process (PID=1281) to work on /opt/airflow/dags/orchestration.py
[2026-08-02T19:10:49.034+0000] {processor.py:830} INFO - Processing file /opt/airflow/dags/orchestration.py for tasks to queue
[2026-08-02T19:10:49.043+0000] {logging_mixin.py:188} INFO - [2026-08-02T19:10:49.042+0000] {dagbag.py:545} INFO - Filling up the DagBag from /opt/airflow/dags/orchestration.py
[2026-08-02T19:10:51.162+0000] {processor.py:840} INFO - DAG(s) 'first_orchestrator' retrieved from /opt/airflow/dags/orchestration.py
[2026-08-02T19:10:51.219+0000] {logging_mixin.py:188} INFO - [2026-08-02T19:10:51.216+0000] {dag.py:3089} INFO - Sync 1 DAGs
[2026-08-02T19:10:51.359+0000] {logging_mixin.py:188} INFO - [2026-08-02T19:10:51.356+0000] {dag.py:3947} INFO - Setting next_dagrun for first_orchestrator to 2026-08-02 19:00:00+00:00, run_after=2026-08-02 20:00:00+00:00
[2026-08-02T19:10:51.584+0000] {processor.py:183} INFO - Processing /opt/airflow/dags/orchestration.py took 2.582 seconds
[2026-08-02T19:11:23.078+0000] {processor.py:161} INFO - Started process (PID=1299) to work on /opt/airflow/dags/orchestration.py
[2026-08-02T19:11:23.105+0000] {processor.py:830} INFO - Processing file /opt/airflow/dags/orchestration.py for tasks to queue
[2026-08-02T19:11:23.189+0000] {logging_mixin.py:188} INFO - [2026-08-02T19:11:23.161+0000] {dagbag.py:545} INFO - Filling up the DagBag from /opt/airflow/dags/orchestration.py
[2026-08-02T19:11:37.984+0000] {processor.py:840} INFO - DAG(s) 'first_orchestrator' retrieved from /opt/airflow/dags/orchestration.py
[2026-08-02T19:11:38.836+0000] {logging_mixin.py:188} INFO - [2026-08-02T19:11:38.825+0000] {dag.py:3089} INFO - Sync 1 DAGs
[2026-08-02T19:11:39.244+0000] {logging_mixin.py:188} INFO - [2026-08-02T19:11:39.243+0000] {dag.py:3947} INFO - Setting next_dagrun for first_orchestrator to 2026-08-02 19:00:00+00:00, run_after=2026-08-02 20:00:00+00:00
[2026-08-02T19:11:39.446+0000] {processor.py:183} INFO - Processing /opt/airflow/dags/orchestration.py took 16.774 seconds
[2026-08-02T19:12:10.471+0000] {processor.py:161} INFO - Started process (PID=1332) to work on /opt/airflow/dags/orchestration.py
[2026-08-02T19:12:10.482+0000] {processor.py:830} INFO - Processing file /opt/airflow/dags/orchestration.py for tasks to queue
[2026-08-02T19:12:10.490+0000] {logging_mixin.py:188} INFO - [2026-08-02T19:12:10.489+0000] {dagbag.py:545} INFO - Filling up the DagBag from /opt/airflow/dags/orchestration.py
[2026-08-02T19:12:12.702+0000] {processor.py:840} INFO - DAG(s) 'first_orchestrator' retrieved from /opt/airflow/dags/orchestration.py
[2026-08-02T19:12:12.757+0000] {logging_mixin.py:188} INFO - [2026-08-02T19:12:12.756+0000] {dag.py:3089} INFO - Sync 1 DAGs
[2026-08-02T19:12:12.806+0000] {logging_mixin.py:188} INFO - [2026-08-02T19:12:12.805+0000] {dag.py:3947} INFO - Setting next_dagrun for first_orchestrator to 2026-08-02 19:00:00+00:00, run_after=2026-08-02 20:00:00+00:00
[2026-08-02T19:12:12.844+0000] {processor.py:183} INFO - Processing /opt/airflow/dags/orchestration.py took 2.409 seconds
[2026-08-02T19:12:43.727+0000] {processor.py:161} INFO - Started process (PID=1348) to work on /opt/airflow/dags/orchestration.py
[2026-08-02T19:12:43.738+0000] {processor.py:830} INFO - Processing file /opt/airflow/dags/orchestration.py for tasks to queue
[2026-08-02T19:12:43.745+0000] {logging_mixin.py:188} INFO - [2026-08-02T19:12:43.744+0000] {dagbag.py:545} INFO - Filling up the DagBag from /opt/airflow/dags/orchestration.py
[2026-08-02T19:12:45.391+0000] {processor.py:840} INFO - DAG(s) 'first_orchestrator' retrieved from /opt/airflow/dags/orchestration.py
[2026-08-02T19:12:45.442+0000] {logging_mixin.py:188} INFO - [2026-08-02T19:12:45.441+0000] {dag.py:3089} INFO - Sync 1 DAGs
[2026-08-02T19:12:45.483+0000] {logging_mixin.py:188} INFO - [2026-08-02T19:12:45.482+0000] {dag.py:3947} INFO - Setting next_dagrun for first_orchestrator to 2026-08-02 19:00:00+00:00, run_after=2026-08-02 20:00:00+00:00
[2026-08-02T19:12:45.520+0000] {processor.py:183} INFO - Processing /opt/airflow/dags/orchestration.py took 1.819 seconds
[2026-08-02T19:13:16.380+0000] {processor.py:161} INFO - Started process (PID=1364) to work on /opt/airflow/dags/orchestration.py
[2026-08-02T19:13:16.383+0000] {processor.py:830} INFO - Processing file /opt/airflow/dags/orchestration.py for tasks to queue
[2026-08-02T19:13:16.389+0000] {logging_mixin.py:188} INFO - [2026-08-02T19:13:16.388+0000] {dagbag.py:545} INFO - Filling up the DagBag from /opt/airflow/dags/orchestration.py
[2026-08-02T19:13:18.119+0000] {processor.py:840} INFO - DAG(s) 'first_orchestrator' retrieved from /opt/airflow/dags/orchestration.py
[2026-08-02T19:13:18.169+0000] {logging_mixin.py:188} INFO - [2026-08-02T19:13:18.168+0000] {dag.py:3089} INFO - Sync 1 DAGs
[2026-08-02T19:13:18.207+0000] {logging_mixin.py:188} INFO - [2026-08-02T19:13:18.207+0000] {dag.py:3947} INFO - Setting next_dagrun for first_orchestrator to 2026-08-02 19:00:00+00:00, run_after=2026-08-02 20:00:00+00:00
[2026-08-02T19:13:18.241+0000] {processor.py:183} INFO - Processing /opt/airflow/dags/orchestration.py took 1.882 seconds
[2026-08-02T19:13:49.071+0000] {processor.py:161} INFO - Started process (PID=1380) to work on /opt/airflow/dags/orchestration.py
[2026-08-02T19:13:49.073+0000] {processor.py:830} INFO - Processing file /opt/airflow/dags/orchestration.py for tasks to queue
[2026-08-02T19:13:49.078+0000] {logging_mixin.py:188} INFO - [2026-08-02T19:13:49.077+0000] {dagbag.py:545} INFO - Filling up the DagBag from /opt/airflow/dags/orchestration.py
[2026-08-02T19:13:50.979+0000] {processor.py:840} INFO - DAG(s) 'first_orchestrator' retrieved from /opt/airflow/dags/orchestration.py
[2026-08-02T19:13:51.032+0000] {logging_mixin.py:188} INFO - [2026-08-02T19:13:51.032+0000] {dag.py:3089} INFO - Sync 1 DAGs
[2026-08-02T19:13:51.076+0000] {logging_mixin.py:188} INFO - [2026-08-02T19:13:51.076+0000] {dag.py:3947} INFO - Setting next_dagrun for first_orchestrator to 2026-08-02 19:00:00+00:00, run_after=2026-08-02 20:00:00+00:00
[2026-08-02T19:13:51.113+0000] {processor.py:183} INFO - Processing /opt/airflow/dags/orchestration.py took 2.058 seconds
[2026-08-02T19:14:22.102+0000] {processor.py:161} INFO - Started process (PID=1396) to work on /opt/airflow/dags/orchestration.py
[2026-08-02T19:14:22.104+0000] {processor.py:830} INFO - Processing file /opt/airflow/dags/orchestration.py for tasks to queue
[2026-08-02T19:14:22.108+0000] {logging_mixin.py:188} INFO - [2026-08-02T19:14:22.107+0000] {dagbag.py:545} INFO - Filling up the DagBag from /opt/airflow/dags/orchestration.py
[2026-08-02T19:14:23.845+0000] {processor.py:840} INFO - DAG(s) 'first_orchestrator' retrieved from /opt/airflow/dags/orchestration.py
[2026-08-02T19:14:23.896+0000] {logging_mixin.py:188} INFO - [2026-08-02T19:14:23.895+0000] {dag.py:3089} INFO - Sync 1 DAGs
[2026-08-02T19:14:23.944+0000] {logging_mixin.py:188} INFO - [2026-08-02T19:14:23.943+0000] {dag.py:3947} INFO - Setting next_dagrun for first_orchestrator to 2026-08-02 19:00:00+00:00, run_after=2026-08-02 20:00:00+00:00
[2026-08-02T19:14:23.977+0000] {processor.py:183} INFO - Processing /opt/airflow/dags/orchestration.py took 1.891 seconds
[2026-08-02T19:14:54.899+0000] {processor.py:161} INFO - Started process (PID=1412) to work on /opt/airflow/dags/orchestration.py
[2026-08-02T19:14:54.902+0000] {processor.py:830} INFO - Processing file /opt/airflow/dags/orchestration.py for tasks to queue
[2026-08-02T19:14:54.907+0000] {logging_mixin.py:188} INFO - [2026-08-02T19:14:54.906+0000] {dagbag.py:545} INFO - Filling up the DagBag from /opt/airflow/dags/orchestration.py
[2026-08-02T19:14:56.650+0000] {processor.py:840} INFO - DAG(s) 'first_orchestrator' retrieved from /opt/airflow/dags/orchestration.py
[2026-08-02T19:14:56.716+0000] {logging_mixin.py:188} INFO - [2026-08-02T19:14:56.715+0000] {dag.py:3089} INFO - Sync 1 DAGs
[2026-08-02T19:14:56.764+0000] {logging_mixin.py:188} INFO - [2026-08-02T19:14:56.764+0000] {dag.py:3947} INFO - Setting next_dagrun for first_orchestrator to 2026-08-02 19:00:00+00:00, run_after=2026-08-02 20:00:00+00:00
[2026-08-02T19:14:56.802+0000] {processor.py:183} INFO - Processing /opt/airflow/dags/orchestration.py took 1.920 seconds
[2026-08-02T19:15:27.664+0000] {processor.py:161} INFO - Started process (PID=1428) to work on /opt/airflow/dags/orchestration.py
[2026-08-02T19:15:27.666+0000] {processor.py:830} INFO - Processing file /opt/airflow/dags/orchestration.py for tasks to queue
[2026-08-02T19:15:27.671+0000] {logging_mixin.py:188} INFO - [2026-08-02T19:15:27.670+0000] {dagbag.py:545} INFO - Filling up the DagBag from /opt/airflow/dags/orchestration.py
[2026-08-02T19:15:29.362+0000] {processor.py:840} INFO - DAG(s) 'first_orchestrator' retrieved from /opt/airflow/dags/orchestration.py
[2026-08-02T19:15:29.411+0000] {logging_mixin.py:188} INFO - [2026-08-02T19:15:29.410+0000] {dag.py:3089} INFO - Sync 1 DAGs
[2026-08-02T19:15:29.448+0000] {logging_mixin.py:188} INFO - [2026-08-02T19:15:29.448+0000] {dag.py:3947} INFO - Setting next_dagrun for first_orchestrator to 2026-08-02 19:00:00+00:00, run_after=2026-08-02 20:00:00+00:00
[2026-08-02T19:15:29.487+0000] {processor.py:183} INFO - Processing /opt/airflow/dags/orchestration.py took 1.839 seconds
[2026-08-02T19:16:00.385+0000] {processor.py:161} INFO - Started process (PID=1444) to work on /opt/airflow/dags/orchestration.py
[2026-08-02T19:16:00.388+0000] {processor.py:830} INFO - Processing file /opt/airflow/dags/orchestration.py for tasks to queue
[2026-08-02T19:16:00.392+0000] {logging_mixin.py:188} INFO - [2026-08-02T19:16:00.391+0000] {dagbag.py:545} INFO - Filling up the DagBag from /opt/airflow/dags/orchestration.py
[2026-08-02T19:16:02.118+0000] {processor.py:840} INFO - DAG(s) 'first_orchestrator' retrieved from /opt/airflow/dags/orchestration.py
[2026-08-02T19:16:02.166+0000] {logging_mixin.py:188} INFO - [2026-08-02T19:16:02.166+0000] {dag.py:3089} INFO - Sync 1 DAGs
[2026-08-02T19:16:02.205+0000] {logging_mixin.py:188} INFO - [2026-08-02T19:16:02.205+0000] {dag.py:3947} INFO - Setting next_dagrun for first_orchestrator to 2026-08-02 19:00:00+00:00, run_after=2026-08-02 20:00:00+00:00
[2026-08-02T19:16:02.243+0000] {processor.py:183} INFO - Processing /opt/airflow/dags/orchestration.py took 1.875 seconds
[2026-08-02T19:16:33.081+0000] {processor.py:161} INFO - Started process (PID=1460) to work on /opt/airflow/dags/orchestration.py
[2026-08-02T19:16:33.084+0000] {processor.py:830} INFO - Processing file /opt/airflow/dags/orchestration.py for tasks to queue
[2026-08-02T19:16:33.091+0000] {logging_mixin.py:188} INFO - [2026-08-02T19:16:33.090+0000] {dagbag.py:545} INFO - Filling up the DagBag from /opt/airflow/dags/orchestration.py
[2026-08-02T19:16:34.904+0000] {processor.py:840} INFO - DAG(s) 'first_orchestrator' retrieved from /opt/airflow/dags/orchestration.py
[2026-08-02T19:16:34.952+0000] {logging_mixin.py:188} INFO - [2026-08-02T19:16:34.951+0000] {dag.py:3089} INFO - Sync 1 DAGs
[2026-08-02T19:16:34.992+0000] {logging_mixin.py:188} INFO - [2026-08-02T19:16:34.991+0000] {dag.py:3947} INFO - Setting next_dagrun for first_orchestrator to 2026-08-02 19:00:00+00:00, run_after=2026-08-02 20:00:00+00:00
[2026-08-02T19:16:35.026+0000] {processor.py:183} INFO - Processing /opt/airflow/dags/orchestration.py took 1.907 seconds
[2026-08-02T19:17:05.831+0000] {processor.py:161} INFO - Started process (PID=1481) to work on /opt/airflow/dags/orchestration.py
[2026-08-02T19:17:05.835+0000] {processor.py:830} INFO - Processing file /opt/airflow/dags/orchestration.py for tasks to queue
[2026-08-02T19:17:05.840+0000] {logging_mixin.py:188} INFO - [2026-08-02T19:17:05.839+0000] {dagbag.py:545} INFO - Filling up the DagBag from /opt/airflow/dags/orchestration.py
[2026-08-02T19:17:07.577+0000] {processor.py:840} INFO - DAG(s) 'first_orchestrator' retrieved from /opt/airflow/dags/orchestration.py
[2026-08-02T19:17:07.640+0000] {logging_mixin.py:188} INFO - [2026-08-02T19:17:07.639+0000] {dag.py:3089} INFO - Sync 1 DAGs
[2026-08-02T19:17:07.697+0000] {logging_mixin.py:188} INFO - [2026-08-02T19:17:07.696+0000] {dag.py:3947} INFO - Setting next_dagrun for first_orchestrator to 2026-08-02 19:00:00+00:00, run_after=2026-08-02 20:00:00+00:00
[2026-08-02T19:17:07.738+0000] {processor.py:183} INFO - Processing /opt/airflow/dags/orchestration.py took 1.929 seconds
[2026-08-02T19:17:38.753+0000] {processor.py:161} INFO - Started process (PID=1502) to work on /opt/airflow/dags/orchestration.py
[2026-08-02T19:17:38.755+0000] {processor.py:830} INFO - Processing file /opt/airflow/dags/orchestration.py for tasks to queue
[2026-08-02T19:17:38.759+0000] {logging_mixin.py:188} INFO - [2026-08-02T19:17:38.759+0000] {dagbag.py:545} INFO - Filling up the DagBag from /opt/airflow/dags/orchestration.py
[2026-08-02T19:17:40.667+0000] {processor.py:840} INFO - DAG(s) 'first_orchestrator' retrieved from /opt/airflow/dags/orchestration.py
[2026-08-02T19:17:40.714+0000] {logging_mixin.py:188} INFO - [2026-08-02T19:17:40.714+0000] {dag.py:3089} INFO - Sync 1 DAGs
[2026-08-02T19:17:40.753+0000] {logging_mixin.py:188} INFO - [2026-08-02T19:17:40.753+0000] {dag.py:3947} INFO - Setting next_dagrun for first_orchestrator to 2026-08-02 19:00:00+00:00, run_after=2026-08-02 20:00:00+00:00
[2026-08-02T19:17:40.786+0000] {processor.py:183} INFO - Processing /opt/airflow/dags/orchestration.py took 2.049 seconds
[2026-08-02T19:18:11.553+0000] {processor.py:161} INFO - Started process (PID=1518) to work on /opt/airflow/dags/orchestration.py
[2026-08-02T19:18:11.555+0000] {processor.py:830} INFO - Processing file /opt/airflow/dags/orchestration.py for tasks to queue
[2026-08-02T19:18:11.560+0000] {logging_mixin.py:188} INFO - [2026-08-02T19:18:11.559+0000] {dagbag.py:545} INFO - Filling up the DagBag from /opt/airflow/dags/orchestration.py
[2026-08-02T19:18:13.281+0000] {processor.py:840} INFO - DAG(s) 'first_orchestrator' retrieved from /opt/airflow/dags/orchestration.py
[2026-08-02T19:18:13.338+0000] {logging_mixin.py:188} INFO - [2026-08-02T19:18:13.337+0000] {dag.py:3089} INFO - Sync 1 DAGs
[2026-08-02T19:18:13.382+0000] {logging_mixin.py:188} INFO - [2026-08-02T19:18:13.382+0000] {dag.py:3947} INFO - Setting next_dagrun for first_orchestrator to 2026-08-02 19:00:00+00:00, run_after=2026-08-02 20:00:00+00:00
[2026-08-02T19:18:13.414+0000] {processor.py:183} INFO - Processing /opt/airflow/dags/orchestration.py took 1.877 seconds
[2026-08-02T19:18:44.266+0000] {processor.py:161} INFO - Started process (PID=1534) to work on /opt/airflow/dags/orchestration.py
[2026-08-02T19:18:44.268+0000] {processor.py:830} INFO - Processing file /opt/airflow/dags/orchestration.py for tasks to queue
[2026-08-02T19:18:44.274+0000] {logging_mixin.py:188} INFO - [2026-08-02T19:18:44.273+0000] {dagbag.py:545} INFO - Filling up the DagBag from /opt/airflow/dags/orchestration.py
[2026-08-02T19:18:46.515+0000] {processor.py:840} INFO - DAG(s) 'first_orchestrator' retrieved from /opt/airflow/dags/orchestration.py
[2026-08-02T19:18:46.594+0000] {logging_mixin.py:188} INFO - [2026-08-02T19:18:46.593+0000] {dag.py:3089} INFO - Sync 1 DAGs
[2026-08-02T19:18:46.651+0000] {logging_mixin.py:188} INFO - [2026-08-02T19:18:46.651+0000] {dag.py:3947} INFO - Setting next_dagrun for first_orchestrator to 2026-08-02 19:00:00+00:00, run_after=2026-08-02 20:00:00+00:00
[2026-08-02T19:18:46.713+0000] {processor.py:183} INFO - Processing /opt/airflow/dags/orchestration.py took 2.464 seconds
[2026-08-02T19:19:17.568+0000] {processor.py:161} INFO - Started process (PID=1550) to work on /opt/airflow/dags/orchestration.py
[2026-08-02T19:19:17.570+0000] {processor.py:830} INFO - Processing file /opt/airflow/dags/orchestration.py for tasks to queue
[2026-08-02T19:19:17.575+0000] {logging_mixin.py:188} INFO - [2026-08-02T19:19:17.574+0000] {dagbag.py:545} INFO - Filling up the DagBag from /opt/airflow/dags/orchestration.py
[2026-08-02T19:19:19.299+0000] {processor.py:840} INFO - DAG(s) 'first_orchestrator' retrieved from /opt/airflow/dags/orchestration.py
[2026-08-02T19:19:19.348+0000] {logging_mixin.py:188} INFO - [2026-08-02T19:19:19.348+0000] {dag.py:3089} INFO - Sync 1 DAGs
[2026-08-02T19:19:19.386+0000] {logging_mixin.py:188} INFO - [2026-08-02T19:19:19.386+0000] {dag.py:3947} INFO - Setting next_dagrun for first_orchestrator to 2026-08-02 19:00:00+00:00, run_after=2026-08-02 20:00:00+00:00
[2026-08-02T19:19:19.422+0000] {processor.py:183} INFO - Processing /opt/airflow/dags/orchestration.py took 1.870 seconds
[2026-08-02T19:19:50.295+0000] {processor.py:161} INFO - Started process (PID=1566) to work on /opt/airflow/dags/orchestration.py
[2026-08-02T19:19:50.297+0000] {processor.py:830} INFO - Processing file /opt/airflow/dags/orchestration.py for tasks to queue
[2026-08-02T19:19:50.303+0000] {logging_mixin.py:188} INFO - [2026-08-02T19:19:50.302+0000] {dagbag.py:545} INFO - Filling up the DagBag from /opt/airflow/dags/orchestration.py
[2026-08-02T19:19:52.056+0000] {processor.py:840} INFO - DAG(s) 'first_orchestrator' retrieved from /opt/airflow/dags/orchestration.py
[2026-08-02T19:19:52.105+0000] {logging_mixin.py:188} INFO - [2026-08-02T19:19:52.102+0000] {dag.py:3089} INFO - Sync 1 DAGs
[2026-08-02T19:19:52.144+0000] {logging_mixin.py:188} INFO - [2026-08-02T19:19:52.144+0000] {dag.py:3947} INFO - Setting next_dagrun for first_orchestrator to 2026-08-02 19:00:00+00:00, run_after=2026-08-02 20:00:00+00:00
[2026-08-02T19:19:52.177+0000] {processor.py:183} INFO - Processing /opt/airflow/dags/orchestration.py took 1.902 seconds
[2026-08-02T19:20:22.474+0000] {processor.py:161} INFO - Started process (PID=1582) to work on /opt/airflow/dags/orchestration.py
[2026-08-02T19:20:22.476+0000] {processor.py:830} INFO - Processing file /opt/airflow/dags/orchestration.py for tasks to queue
[2026-08-02T19:20:22.481+0000] {logging_mixin.py:188} INFO - [2026-08-02T19:20:22.480+0000] {dagbag.py:545} INFO - Filling up the DagBag from /opt/airflow/dags/orchestration.py
[2026-08-02T19:20:24.260+0000] {processor.py:840} INFO - DAG(s) 'first_orchestrator' retrieved from /opt/airflow/dags/orchestration.py
[2026-08-02T19:20:24.312+0000] {logging_mixin.py:188} INFO - [2026-08-02T19:20:24.311+0000] {dag.py:3089} INFO - Sync 1 DAGs
[2026-08-02T19:20:24.351+0000] {logging_mixin.py:188} INFO - [2026-08-02T19:20:24.351+0000] {dag.py:3947} INFO - Setting next_dagrun for first_orchestrator to 2026-08-02 19:00:00+00:00, run_after=2026-08-02 20:00:00+00:00
[2026-08-02T19:20:24.389+0000] {processor.py:183} INFO - Processing /opt/airflow/dags/orchestration.py took 1.932 seconds
[2026-08-02T19:20:55.338+0000] {processor.py:161} INFO - Started process (PID=1598) to work on /opt/airflow/dags/orchestration.py
[2026-08-02T19:20:55.342+0000] {processor.py:830} INFO - Processing file /opt/airflow/dags/orchestration.py for tasks to queue
[2026-08-02T19:20:55.346+0000] {logging_mixin.py:188} INFO - [2026-08-02T19:20:55.346+0000] {dagbag.py:545} INFO - Filling up the DagBag from /opt/airflow/dags/orchestration.py
[2026-08-02T19:20:57.134+0000] {processor.py:840} INFO - DAG(s) 'first_orchestrator' retrieved from /opt/airflow/dags/orchestration.py
[2026-08-02T19:20:57.202+0000] {logging_mixin.py:188} INFO - [2026-08-02T19:20:57.201+0000] {dag.py:3089} INFO - Sync 1 DAGs
[2026-08-02T19:20:57.239+0000] {logging_mixin.py:188} INFO - [2026-08-02T19:20:57.239+0000] {dag.py:3947} INFO - Setting next_dagrun for first_orchestrator to 2026-08-02 19:00:00+00:00, run_after=2026-08-02 20:00:00+00:00
[2026-08-02T19:20:57.275+0000] {processor.py:183} INFO - Processing /opt/airflow/dags/orchestration.py took 1.954 seconds
[2026-08-02T19:21:03.465+0000] {processor.py:161} INFO - Started process (PID=1604) to work on /opt/airflow/dags/orchestration.py
[2026-08-02T19:21:03.467+0000] {processor.py:830} INFO - Processing file /opt/airflow/dags/orchestration.py for tasks to queue
[2026-08-02T19:21:03.472+0000] {logging_mixin.py:188} INFO - [2026-08-02T19:21:03.471+0000] {dagbag.py:545} INFO - Filling up the DagBag from /opt/airflow/dags/orchestration.py
[2026-08-02T19:21:05.499+0000] {processor.py:840} INFO - DAG(s) 'first_orchestrator' retrieved from /opt/airflow/dags/orchestration.py
[2026-08-02T19:21:05.552+0000] {logging_mixin.py:188} INFO - [2026-08-02T19:21:05.551+0000] {dag.py:3089} INFO - Sync 1 DAGs
[2026-08-02T19:21:05.596+0000] {logging_mixin.py:188} INFO - [2026-08-02T19:21:05.596+0000] {dag.py:3947} INFO - Setting next_dagrun for first_orchestrator to 2026-08-02 19:00:00+00:00, run_after=2026-08-02 20:00:00+00:00
[2026-08-02T19:21:05.648+0000] {processor.py:183} INFO - Processing /opt/airflow/dags/orchestration.py took 2.157 seconds
[2026-08-02T19:21:36.270+0000] {processor.py:161} INFO - Started process (PID=1620) to work on /opt/airflow/dags/orchestration.py
[2026-08-02T19:21:36.272+0000] {processor.py:830} INFO - Processing file /opt/airflow/dags/orchestration.py for tasks to queue
[2026-08-02T19:21:36.276+0000] {logging_mixin.py:188} INFO - [2026-08-02T19:21:36.275+0000] {dagbag.py:545} INFO - Filling up the DagBag from /opt/airflow/dags/orchestration.py
[2026-08-02T19:21:38.160+0000] {processor.py:840} INFO - DAG(s) 'first_orchestrator' retrieved from /opt/airflow/dags/orchestration.py
[2026-08-02T19:21:38.210+0000] {logging_mixin.py:188} INFO - [2026-08-02T19:21:38.210+0000] {dag.py:3089} INFO - Sync 1 DAGs
[2026-08-02T19:21:38.253+0000] {logging_mixin.py:188} INFO - [2026-08-02T19:21:38.252+0000] {dag.py:3947} INFO - Setting next_dagrun for first_orchestrator to 2026-08-02 19:00:00+00:00, run_after=2026-08-02 20:00:00+00:00
[2026-08-02T19:21:38.298+0000] {processor.py:183} INFO - Processing /opt/airflow/dags/orchestration.py took 2.044 seconds
[2026-08-02T19:22:08.938+0000] {processor.py:161} INFO - Started process (PID=1636) to work on /opt/airflow/dags/orchestration.py
[2026-08-02T19:22:08.940+0000] {processor.py:830} INFO - Processing file /opt/airflow/dags/orchestration.py for tasks to queue
[2026-08-02T19:22:08.948+0000] {logging_mixin.py:188} INFO - [2026-08-02T19:22:08.947+0000] {dagbag.py:545} INFO - Filling up the DagBag from /opt/airflow/dags/orchestration.py
[2026-08-02T19:22:11.009+0000] {processor.py:840} INFO - DAG(s) 'first_orchestrator' retrieved from /opt/airflow/dags/orchestration.py
[2026-08-02T19:22:11.067+0000] {logging_mixin.py:188} INFO - [2026-08-02T19:22:11.067+0000] {dag.py:3089} INFO - Sync 1 DAGs
[2026-08-02T19:22:11.109+0000] {logging_mixin.py:188} INFO - [2026-08-02T19:22:11.109+0000] {dag.py:3947} INFO - Setting next_dagrun for first_orchestrator to 2026-08-02 19:00:00+00:00, run_after=2026-08-02 20:00:00+00:00
[2026-08-02T19:22:11.149+0000] {processor.py:183} INFO - Processing /opt/airflow/dags/orchestration.py took 2.227 seconds
[2026-08-02T19:22:41.591+0000] {processor.py:161} INFO - Started process (PID=1652) to work on /opt/airflow/dags/orchestration.py
[2026-08-02T19:22:41.594+0000] {processor.py:830} INFO - Processing file /opt/airflow/dags/orchestration.py for tasks to queue
[2026-08-02T19:22:41.599+0000] {logging_mixin.py:188} INFO - [2026-08-02T19:22:41.598+0000] {dagbag.py:545} INFO - Filling up the DagBag from /opt/airflow/dags/orchestration.py
[2026-08-02T19:22:43.324+0000] {processor.py:840} INFO - DAG(s) 'first_orchestrator' retrieved from /opt/airflow/dags/orchestration.py
[2026-08-02T19:22:43.374+0000] {logging_mixin.py:188} INFO - [2026-08-02T19:22:43.374+0000] {dag.py:3089} INFO - Sync 1 DAGs
[2026-08-02T19:22:43.413+0000] {logging_mixin.py:188} INFO - [2026-08-02T19:22:43.412+0000] {dag.py:3947} INFO - Setting next_dagrun for first_orchestrator to 2026-08-02 19:00:00+00:00, run_after=2026-08-02 20:00:00+00:00
[2026-08-02T19:22:43.446+0000] {processor.py:183} INFO - Processing /opt/airflow/dags/orchestration.py took 1.875 seconds
[2026-08-02T19:23:14.307+0000] {processor.py:161} INFO - Started process (PID=1678) to work on /opt/airflow/dags/orchestration.py
[2026-08-02T19:23:14.310+0000] {processor.py:830} INFO - Processing file /opt/airflow/dags/orchestration.py for tasks to queue
[2026-08-02T19:23:14.323+0000] {logging_mixin.py:188} INFO - [2026-08-02T19:23:14.320+0000] {dagbag.py:545} INFO - Filling up the DagBag from /opt/airflow/dags/orchestration.py
[2026-08-02T19:23:16.196+0000] {processor.py:840} INFO - DAG(s) 'first_orchestrator' retrieved from /opt/airflow/dags/orchestration.py
[2026-08-02T19:23:16.246+0000] {logging_mixin.py:188} INFO - [2026-08-02T19:23:16.246+0000] {dag.py:3089} INFO - Sync 1 DAGs
[2026-08-02T19:23:16.285+0000] {logging_mixin.py:188} INFO - [2026-08-02T19:23:16.284+0000] {dag.py:3947} INFO - Setting next_dagrun for first_orchestrator to 2026-08-02 19:00:00+00:00, run_after=2026-08-02 20:00:00+00:00
[2026-08-02T19:23:16.321+0000] {processor.py:183} INFO - Processing /opt/airflow/dags/orchestration.py took 2.036 seconds
[2026-08-02T19:23:47.051+0000] {processor.py:161} INFO - Started process (PID=1694) to work on /opt/airflow/dags/orchestration.py
[2026-08-02T19:23:47.054+0000] {processor.py:830} INFO - Processing file /opt/airflow/dags/orchestration.py for tasks to queue
[2026-08-02T19:23:47.061+0000] {logging_mixin.py:188} INFO - [2026-08-02T19:23:47.060+0000] {dagbag.py:545} INFO - Filling up the DagBag from /opt/airflow/dags/orchestration.py
[2026-08-02T19:23:48.724+0000] {processor.py:840} INFO - DAG(s) 'first_orchestrator' retrieved from /opt/airflow/dags/orchestration.py
[2026-08-02T19:23:48.776+0000] {logging_mixin.py:188} INFO - [2026-08-02T19:23:48.775+0000] {dag.py:3089} INFO - Sync 1 DAGs
[2026-08-02T19:23:48.815+0000] {logging_mixin.py:188} INFO - [2026-08-02T19:23:48.815+0000] {dag.py:3947} INFO - Setting next_dagrun for first_orchestrator to 2026-08-02 19:00:00+00:00, run_after=2026-08-02 20:00:00+00:00
[2026-08-02T19:23:48.851+0000] {processor.py:183} INFO - Processing /opt/airflow/dags/orchestration.py took 1.822 seconds
[2026-08-02T19:24:17.668+0000] {processor.py:161} INFO - Started process (PID=1710) to work on /opt/airflow/dags/orchestration.py
[2026-08-02T19:24:17.671+0000] {processor.py:830} INFO - Processing file /opt/airflow/dags/orchestration.py for tasks to queue
[2026-08-02T19:24:17.675+0000] {logging_mixin.py:188} INFO - [2026-08-02T19:24:17.675+0000] {dagbag.py:545} INFO - Filling up the DagBag from /opt/airflow/dags/orchestration.py
[2026-08-02T19:24:19.432+0000] {processor.py:840} INFO - DAG(s) 'first_orchestrator' retrieved from /opt/airflow/dags/orchestration.py
[2026-08-02T19:24:19.489+0000] {logging_mixin.py:188} INFO - [2026-08-02T19:24:19.488+0000] {dag.py:3089} INFO - Sync 1 DAGs
[2026-08-02T19:24:19.534+0000] {logging_mixin.py:188} INFO - [2026-08-02T19:24:19.534+0000] {dag.py:3947} INFO - Setting next_dagrun for first_orchestrator to 2026-08-02 19:00:00+00:00, run_after=2026-08-02 20:00:00+00:00
[2026-08-02T19:24:19.584+0000] {processor.py:183} INFO - Processing /opt/airflow/dags/orchestration.py took 1.933 seconds
[2026-08-02T19:24:50.249+0000] {processor.py:161} INFO - Started process (PID=1726) to work on /opt/airflow/dags/orchestration.py
[2026-08-02T19:24:50.251+0000] {processor.py:830} INFO - Processing file /opt/airflow/dags/orchestration.py for tasks to queue
[2026-08-02T19:24:50.256+0000] {logging_mixin.py:188} INFO - [2026-08-02T19:24:50.256+0000] {dagbag.py:545} INFO - Filling up the DagBag from /opt/airflow/dags/orchestration.py
[2026-08-02T19:24:52.163+0000] {processor.py:840} INFO - DAG(s) 'first_orchestrator' retrieved from /opt/airflow/dags/orchestration.py
[2026-08-02T19:24:52.215+0000] {logging_mixin.py:188} INFO - [2026-08-02T19:24:52.214+0000] {dag.py:3089} INFO - Sync 1 DAGs
[2026-08-02T19:24:52.259+0000] {logging_mixin.py:188} INFO - [2026-08-02T19:24:52.259+0000] {dag.py:3947} INFO - Setting next_dagrun for first_orchestrator to 2026-08-02 19:00:00+00:00, run_after=2026-08-02 20:00:00+00:00
[2026-08-02T19:24:52.301+0000] {processor.py:183} INFO - Processing /opt/airflow/dags/orchestration.py took 2.070 seconds
[2026-08-02T19:25:23.123+0000] {processor.py:161} INFO - Started process (PID=1742) to work on /opt/airflow/dags/orchestration.py
[2026-08-02T19:25:23.126+0000] {processor.py:830} INFO - Processing file /opt/airflow/dags/orchestration.py for tasks to queue
[2026-08-02T19:25:23.133+0000] {logging_mixin.py:188} INFO - [2026-08-02T19:25:23.132+0000] {dagbag.py:545} INFO - Filling up the DagBag from /opt/airflow/dags/orchestration.py
[2026-08-02T19:25:24.773+0000] {processor.py:840} INFO - DAG(s) 'first_orchestrator' retrieved from /opt/airflow/dags/orchestration.py
[2026-08-02T19:25:24.823+0000] {logging_mixin.py:188} INFO - [2026-08-02T19:25:24.823+0000] {dag.py:3089} INFO - Sync 1 DAGs
[2026-08-02T19:25:24.866+0000] {logging_mixin.py:188} INFO - [2026-08-02T19:25:24.866+0000] {dag.py:3947} INFO - Setting next_dagrun for first_orchestrator to 2026-08-02 19:00:00+00:00, run_after=2026-08-02 20:00:00+00:00
[2026-08-02T19:25:24.900+0000] {processor.py:183} INFO - Processing /opt/airflow/dags/orchestration.py took 1.800 seconds
[2026-08-02T19:25:55.699+0000] {processor.py:161} INFO - Started process (PID=1759) to work on /opt/airflow/dags/orchestration.py
[2026-08-02T19:25:55.703+0000] {processor.py:830} INFO - Processing file /opt/airflow/dags/orchestration.py for tasks to queue
[2026-08-02T19:25:55.708+0000] {logging_mixin.py:188} INFO - [2026-08-02T19:25:55.707+0000] {dagbag.py:545} INFO - Filling up the DagBag from /opt/airflow/dags/orchestration.py
[2026-08-02T19:25:57.678+0000] {processor.py:840} INFO - DAG(s) 'first_orchestrator' retrieved from /opt/airflow/dags/orchestration.py
[2026-08-02T19:25:57.736+0000] {logging_mixin.py:188} INFO - [2026-08-02T19:25:57.735+0000] {dag.py:3089} INFO - Sync 1 DAGs
[2026-08-02T19:25:57.781+0000] {logging_mixin.py:188} INFO - [2026-08-02T19:25:57.780+0000] {dag.py:3947} INFO - Setting next_dagrun for first_orchestrator to 2026-08-02 19:00:00+00:00, run_after=2026-08-02 20:00:00+00:00
[2026-08-02T19:25:57.820+0000] {processor.py:183} INFO - Processing /opt/airflow/dags/orchestration.py took 2.136 seconds
[2026-08-02T19:26:28.423+0000] {processor.py:161} INFO - Started process (PID=1780) to work on /opt/airflow/dags/orchestration.py
[2026-08-02T19:26:28.426+0000] {processor.py:830} INFO - Processing file /opt/airflow/dags/orchestration.py for tasks to queue
[2026-08-02T19:26:28.432+0000] {logging_mixin.py:188} INFO - [2026-08-02T19:26:28.431+0000] {dagbag.py:545} INFO - Filling up the DagBag from /opt/airflow/dags/orchestration.py
[2026-08-02T19:26:30.263+0000] {processor.py:840} INFO - DAG(s) 'first_orchestrator' retrieved from /opt/airflow/dags/orchestration.py
[2026-08-02T19:26:30.328+0000] {logging_mixin.py:188} INFO - [2026-08-02T19:26:30.327+0000] {dag.py:3089} INFO - Sync 1 DAGs
[2026-08-02T19:26:30.388+0000] {logging_mixin.py:188} INFO - [2026-08-02T19:26:30.387+0000] {dag.py:3947} INFO - Setting next_dagrun for first_orchestrator to 2026-08-02 19:00:00+00:00, run_after=2026-08-02 20:00:00+00:00
[2026-08-02T19:26:30.450+0000] {processor.py:183} INFO - Processing /opt/airflow/dags/orchestration.py took 2.080 seconds
[2026-08-02T19:27:01.154+0000] {processor.py:161} INFO - Started process (PID=1796) to work on /opt/airflow/dags/orchestration.py
[2026-08-02T19:27:01.156+0000] {processor.py:830} INFO - Processing file /opt/airflow/dags/orchestration.py for tasks to queue
[2026-08-02T19:27:01.160+0000] {logging_mixin.py:188} INFO - [2026-08-02T19:27:01.159+0000] {dagbag.py:545} INFO - Filling up the DagBag from /opt/airflow/dags/orchestration.py
[2026-08-02T19:27:02.891+0000] {processor.py:840} INFO - DAG(s) 'first_orchestrator' retrieved from /opt/airflow/dags/orchestration.py
[2026-08-02T19:27:02.946+0000] {logging_mixin.py:188} INFO - [2026-08-02T19:27:02.945+0000] {dag.py:3089} INFO - Sync 1 DAGs
[2026-08-02T19:27:02.988+0000] {logging_mixin.py:188} INFO - [2026-08-02T19:27:02.987+0000] {dag.py:3947} INFO - Setting next_dagrun for first_orchestrator to 2026-08-02 19:00:00+00:00, run_after=2026-08-02 20:00:00+00:00
[2026-08-02T19:27:03.027+0000] {processor.py:183} INFO - Processing /opt/airflow/dags/orchestration.py took 1.892 seconds
[2026-08-02T19:27:33.935+0000] {processor.py:161} INFO - Started process (PID=1812) to work on /opt/airflow/dags/orchestration.py
[2026-08-02T19:27:33.939+0000] {processor.py:830} INFO - Processing file /opt/airflow/dags/orchestration.py for tasks to queue
[2026-08-02T19:27:33.944+0000] {logging_mixin.py:188} INFO - [2026-08-02T19:27:33.943+0000] {dagbag.py:545} INFO - Filling up the DagBag from /opt/airflow/dags/orchestration.py
[2026-08-02T19:27:35.843+0000] {processor.py:840} INFO - DAG(s) 'first_orchestrator' retrieved from /opt/airflow/dags/orchestration.py
[2026-08-02T19:27:35.945+0000] {logging_mixin.py:188} INFO - [2026-08-02T19:27:35.944+0000] {dag.py:3089} INFO - Sync 1 DAGs
[2026-08-02T19:27:35.985+0000] {logging_mixin.py:188} INFO - [2026-08-02T19:27:35.985+0000] {dag.py:3947} INFO - Setting next_dagrun for first_orchestrator to 2026-08-02 19:00:00+00:00, run_after=2026-08-02 20:00:00+00:00
[2026-08-02T19:27:36.021+0000] {processor.py:183} INFO - Processing /opt/airflow/dags/orchestration.py took 2.059 seconds
[2026-08-02T19:27:59.628+0000] {processor.py:161} INFO - Started process (PID=1828) to work on /opt/airflow/dags/orchestration.py
[2026-08-02T19:27:59.631+0000] {processor.py:830} INFO - Processing file /opt/airflow/dags/orchestration.py for tasks to queue
[2026-08-02T19:27:59.637+0000] {logging_mixin.py:188} INFO - [2026-08-02T19:27:59.635+0000] {dagbag.py:545} INFO - Filling up the DagBag from /opt/airflow/dags/orchestration.py
[2026-08-02T19:28:01.595+0000] {processor.py:840} INFO - DAG(s) 'first_orchestrator' retrieved from /opt/airflow/dags/orchestration.py
[2026-08-02T19:28:01.646+0000] {logging_mixin.py:188} INFO - [2026-08-02T19:28:01.646+0000] {dag.py:3089} INFO - Sync 1 DAGs
[2026-08-02T19:28:01.687+0000] {logging_mixin.py:188} INFO - [2026-08-02T19:28:01.687+0000] {dag.py:3947} INFO - Setting next_dagrun for first_orchestrator to 2026-08-02 19:00:00+00:00, run_after=2026-08-02 20:00:00+00:00
[2026-08-02T19:28:01.736+0000] {processor.py:183} INFO - Processing /opt/airflow/dags/orchestration.py took 2.130 seconds
[2026-08-02T19:28:32.426+0000] {processor.py:161} INFO - Started process (PID=1844) to work on /opt/airflow/dags/orchestration.py
[2026-08-02T19:28:32.429+0000] {processor.py:830} INFO - Processing file /opt/airflow/dags/orchestration.py for tasks to queue
[2026-08-02T19:28:32.434+0000] {logging_mixin.py:188} INFO - [2026-08-02T19:28:32.433+0000] {dagbag.py:545} INFO - Filling up the DagBag from /opt/airflow/dags/orchestration.py
[2026-08-02T19:28:34.225+0000] {processor.py:840} INFO - DAG(s) 'first_orchestrator' retrieved from /opt/airflow/dags/orchestration.py
[2026-08-02T19:28:34.276+0000] {logging_mixin.py:188} INFO - [2026-08-02T19:28:34.275+0000] {dag.py:3089} INFO - Sync 1 DAGs
[2026-08-02T19:28:34.319+0000] {logging_mixin.py:188} INFO - [2026-08-02T19:28:34.318+0000] {dag.py:3947} INFO - Setting next_dagrun for first_orchestrator to 2026-08-02 19:00:00+00:00, run_after=2026-08-02 20:00:00+00:00
[2026-08-02T19:28:34.354+0000] {processor.py:183} INFO - Processing /opt/airflow/dags/orchestration.py took 1.947 seconds
[2026-08-02T19:29:05.133+0000] {processor.py:161} INFO - Started process (PID=1860) to work on /opt/airflow/dags/orchestration.py
[2026-08-02T19:29:05.135+0000] {processor.py:830} INFO - Processing file /opt/airflow/dags/orchestration.py for tasks to queue
[2026-08-02T19:29:05.140+0000] {logging_mixin.py:188} INFO - [2026-08-02T19:29:05.139+0000] {dagbag.py:545} INFO - Filling up the DagBag from /opt/airflow/dags/orchestration.py
[2026-08-02T19:29:06.928+0000] {processor.py:840} INFO - DAG(s) 'first_orchestrator' retrieved from /opt/airflow/dags/orchestration.py
[2026-08-02T19:29:06.982+0000] {logging_mixin.py:188} INFO - [2026-08-02T19:29:06.981+0000] {dag.py:3089} INFO - Sync 1 DAGs
[2026-08-02T19:29:07.020+0000] {logging_mixin.py:188} INFO - [2026-08-02T19:29:07.020+0000] {dag.py:3947} INFO - Setting next_dagrun for first_orchestrator to 2026-08-02 19:00:00+00:00, run_after=2026-08-02 20:00:00+00:00
[2026-08-02T19:29:07.069+0000] {processor.py:183} INFO - Processing /opt/airflow/dags/orchestration.py took 1.927 seconds
[2026-08-02T19:29:37.934+0000] {processor.py:161} INFO - Started process (PID=1876) to work on /opt/airflow/dags/orchestration.py
[2026-08-02T19:29:37.937+0000] {processor.py:830} INFO - Processing file /opt/airflow/dags/orchestration.py for tasks to queue
[2026-08-02T19:29:37.945+0000] {logging_mixin.py:188} INFO - [2026-08-02T19:29:37.944+0000] {dagbag.py:545} INFO - Filling up the DagBag from /opt/airflow/dags/orchestration.py
[2026-08-02T19:29:39.810+0000] {processor.py:840} INFO - DAG(s) 'first_orchestrator' retrieved from /opt/airflow/dags/orchestration.py
[2026-08-02T19:29:39.859+0000] {logging_mixin.py:188} INFO - [2026-08-02T19:29:39.858+0000] {dag.py:3089} INFO - Sync 1 DAGs
[2026-08-02T19:29:39.901+0000] {logging_mixin.py:188} INFO - [2026-08-02T19:29:39.901+0000] {dag.py:3947} INFO - Setting next_dagrun for first_orchestrator to 2026-08-02 19:00:00+00:00, run_after=2026-08-02 20:00:00+00:00
[2026-08-02T19:29:39.937+0000] {processor.py:183} INFO - Processing /opt/airflow/dags/orchestration.py took 2.032 seconds
[2026-08-02T19:30:10.652+0000] {processor.py:161} INFO - Started process (PID=1892) to work on /opt/airflow/dags/orchestration.py
[2026-08-02T19:30:10.657+0000] {processor.py:830} INFO - Processing file /opt/airflow/dags/orchestration.py for tasks to queue
[2026-08-02T19:30:10.661+0000] {logging_mixin.py:188} INFO - [2026-08-02T19:30:10.661+0000] {dagbag.py:545} INFO - Filling up the DagBag from /opt/airflow/dags/orchestration.py
[2026-08-02T19:30:12.383+0000] {processor.py:840} INFO - DAG(s) 'first_orchestrator' retrieved from /opt/airflow/dags/orchestration.py
[2026-08-02T19:30:12.457+0000] {logging_mixin.py:188} INFO - [2026-08-02T19:30:12.456+0000] {dag.py:3089} INFO - Sync 1 DAGs
[2026-08-02T19:30:12.498+0000] {logging_mixin.py:188} INFO - [2026-08-02T19:30:12.497+0000] {dag.py:3947} INFO - Setting next_dagrun for first_orchestrator to 2026-08-02 19:00:00+00:00, run_after=2026-08-02 20:00:00+00:00
[2026-08-02T19:30:12.533+0000] {processor.py:183} INFO - Processing /opt/airflow/dags/orchestration.py took 1.902 seconds
[2026-08-02T19:30:43.263+0000] {processor.py:161} INFO - Started process (PID=1908) to work on /opt/airflow/dags/orchestration.py
[2026-08-02T19:30:43.266+0000] {processor.py:830} INFO - Processing file /opt/airflow/dags/orchestration.py for tasks to queue
[2026-08-02T19:30:43.270+0000] {logging_mixin.py:188} INFO - [2026-08-02T19:30:43.269+0000] {dagbag.py:545} INFO - Filling up the DagBag from /opt/airflow/dags/orchestration.py
[2026-08-02T19:30:45.156+0000] {processor.py:840} INFO - DAG(s) 'first_orchestrator' retrieved from /opt/airflow/dags/orchestration.py
[2026-08-02T19:30:45.210+0000] {logging_mixin.py:188} INFO - [2026-08-02T19:30:45.209+0000] {dag.py:3089} INFO - Sync 1 DAGs
[2026-08-02T19:30:45.249+0000] {logging_mixin.py:188} INFO - [2026-08-02T19:30:45.249+0000] {dag.py:3947} INFO - Setting next_dagrun for first_orchestrator to 2026-08-02 19:00:00+00:00, run_after=2026-08-02 20:00:00+00:00
[2026-08-02T19:30:45.289+0000] {processor.py:183} INFO - Processing /opt/airflow/dags/orchestration.py took 2.044 seconds
[2026-08-02T19:31:16.053+0000] {processor.py:161} INFO - Started process (PID=1924) to work on /opt/airflow/dags/orchestration.py
[2026-08-02T19:31:16.056+0000] {processor.py:830} INFO - Processing file /opt/airflow/dags/orchestration.py for tasks to queue
[2026-08-02T19:31:16.060+0000] {logging_mixin.py:188} INFO - [2026-08-02T19:31:16.059+0000] {dagbag.py:545} INFO - Filling up the DagBag from /opt/airflow/dags/orchestration.py
[2026-08-02T19:31:17.893+0000] {processor.py:840} INFO - DAG(s) 'first_orchestrator' retrieved from /opt/airflow/dags/orchestration.py
[2026-08-02T19:31:17.949+0000] {logging_mixin.py:188} INFO - [2026-08-02T19:31:17.948+0000] {dag.py:3089} INFO - Sync 1 DAGs
[2026-08-02T19:31:17.991+0000] {logging_mixin.py:188} INFO - [2026-08-02T19:31:17.991+0000] {dag.py:3947} INFO - Setting next_dagrun for first_orchestrator to 2026-08-02 19:00:00+00:00, run_after=2026-08-02 20:00:00+00:00
[2026-08-02T19:31:18.031+0000] {processor.py:183} INFO - Processing /opt/airflow/dags/orchestration.py took 1.997 seconds
[2026-08-02T19:31:48.789+0000] {processor.py:161} INFO - Started process (PID=1940) to work on /opt/airflow/dags/orchestration.py
[2026-08-02T19:31:48.792+0000] {processor.py:830} INFO - Processing file /opt/airflow/dags/orchestration.py for tasks to queue
[2026-08-02T19:31:48.796+0000] {logging_mixin.py:188} INFO - [2026-08-02T19:31:48.795+0000] {dagbag.py:545} INFO - Filling up the DagBag from /opt/airflow/dags/orchestration.py
[2026-08-02T19:31:50.583+0000] {processor.py:840} INFO - DAG(s) 'first_orchestrator' retrieved from /opt/airflow/dags/orchestration.py
[2026-08-02T19:31:50.646+0000] {logging_mixin.py:188} INFO - [2026-08-02T19:31:50.644+0000] {dag.py:3089} INFO - Sync 1 DAGs
[2026-08-02T19:31:50.690+0000] {logging_mixin.py:188} INFO - [2026-08-02T19:31:50.690+0000] {dag.py:3947} INFO - Setting next_dagrun for first_orchestrator to 2026-08-02 19:00:00+00:00, run_after=2026-08-02 20:00:00+00:00
[2026-08-02T19:31:50.743+0000] {processor.py:183} INFO - Processing /opt/airflow/dags/orchestration.py took 1.970 seconds
[2026-08-02T19:32:21.497+0000] {processor.py:161} INFO - Started process (PID=1956) to work on /opt/airflow/dags/orchestration.py
[2026-08-02T19:32:21.500+0000] {processor.py:830} INFO - Processing file /opt/airflow/dags/orchestration.py for tasks to queue
[2026-08-02T19:32:21.507+0000] {logging_mixin.py:188} INFO - [2026-08-02T19:32:21.506+0000] {dagbag.py:545} INFO - Filling up the DagBag from /opt/airflow/dags/orchestration.py
[2026-08-02T19:32:23.983+0000] {processor.py:840} INFO - DAG(s) 'first_orchestrator' retrieved from /opt/airflow/dags/orchestration.py
[2026-08-02T19:32:24.084+0000] {logging_mixin.py:188} INFO - [2026-08-02T19:32:24.083+0000] {dag.py:3089} INFO - Sync 1 DAGs
[2026-08-02T19:32:24.137+0000] {logging_mixin.py:188} INFO - [2026-08-02T19:32:24.137+0000] {dag.py:3947} INFO - Setting next_dagrun for first_orchestrator to 2026-08-02 19:00:00+00:00, run_after=2026-08-02 20:00:00+00:00
[2026-08-02T19:32:24.179+0000] {processor.py:183} INFO - Processing /opt/airflow/dags/orchestration.py took 2.700 seconds
[2026-08-02T19:32:54.895+0000] {processor.py:161} INFO - Started process (PID=1972) to work on /opt/airflow/dags/orchestration.py
[2026-08-02T19:32:54.899+0000] {processor.py:830} INFO - Processing file /opt/airflow/dags/orchestration.py for tasks to queue
[2026-08-02T19:32:54.905+0000] {logging_mixin.py:188} INFO - [2026-08-02T19:32:54.904+0000] {dagbag.py:545} INFO - Filling up the DagBag from /opt/airflow/dags/orchestration.py
[2026-08-02T19:33:00.183+0000] {processor.py:840} INFO - DAG(s) 'first_orchestrator' retrieved from /opt/airflow/dags/orchestration.py
[2026-08-02T19:33:00.237+0000] {logging_mixin.py:188} INFO - [2026-08-02T19:33:00.236+0000] {dag.py:3089} INFO - Sync 1 DAGs
[2026-08-02T19:33:00.278+0000] {logging_mixin.py:188} INFO - [2026-08-02T19:33:00.278+0000] {dag.py:3947} INFO - Setting next_dagrun for first_orchestrator to 2026-08-02 19:00:00+00:00, run_after=2026-08-02 20:00:00+00:00
[2026-08-02T19:33:00.360+0000] {processor.py:183} INFO - Processing /opt/airflow/dags/orchestration.py took 5.482 seconds
[2026-08-02T19:33:30.695+0000] {processor.py:161} INFO - Started process (PID=1993) to work on /opt/airflow/dags/orchestration.py
[2026-08-02T19:33:30.699+0000] {processor.py:830} INFO - Processing file /opt/airflow/dags/orchestration.py for tasks to queue
[2026-08-02T19:33:30.704+0000] {logging_mixin.py:188} INFO - [2026-08-02T19:33:30.703+0000] {dagbag.py:545} INFO - Filling up the DagBag from /opt/airflow/dags/orchestration.py
[2026-08-02T19:33:33.440+0000] {processor.py:840} INFO - DAG(s) 'first_orchestrator' retrieved from /opt/airflow/dags/orchestration.py
[2026-08-02T19:33:33.501+0000] {logging_mixin.py:188} INFO - [2026-08-02T19:33:33.501+0000] {dag.py:3089} INFO - Sync 1 DAGs
[2026-08-02T19:33:33.592+0000] {logging_mixin.py:188} INFO - [2026-08-02T19:33:33.592+0000] {dag.py:3947} INFO - Setting next_dagrun for first_orchestrator to 2026-08-02 19:00:00+00:00, run_after=2026-08-02 20:00:00+00:00
[2026-08-02T19:33:33.675+0000] {processor.py:183} INFO - Processing /opt/airflow/dags/orchestration.py took 3.005 seconds
[2026-08-02T19:33:58.585+0000] {processor.py:161} INFO - Started process (PID=2004) to work on /opt/airflow/dags/orchestration.py
[2026-08-02T19:33:58.588+0000] {processor.py:830} INFO - Processing file /opt/airflow/dags/orchestration.py for tasks to queue
[2026-08-02T19:33:58.594+0000] {logging_mixin.py:188} INFO - [2026-08-02T19:33:58.593+0000] {dagbag.py:545} INFO - Filling up the DagBag from /opt/airflow/dags/orchestration.py
[2026-08-02T19:34:04.863+0000] {processor.py:840} INFO - DAG(s) 'first_orchestrator' retrieved from /opt/airflow/dags/orchestration.py
[2026-08-02T19:34:05.094+0000] {logging_mixin.py:188} INFO - [2026-08-02T19:34:05.092+0000] {dag.py:3089} INFO - Sync 1 DAGs
[2026-08-02T19:34:05.159+0000] {logging_mixin.py:188} INFO - [2026-08-02T19:34:05.159+0000] {dag.py:3947} INFO - Setting next_dagrun for first_orchestrator to 2026-08-02 19:00:00+00:00, run_after=2026-08-02 20:00:00+00:00
[2026-08-02T19:34:05.228+0000] {processor.py:183} INFO - Processing /opt/airflow/dags/orchestration.py took 6.665 seconds
[2026-08-02T19:34:35.405+0000] {processor.py:161} INFO - Started process (PID=2030) to work on /opt/airflow/dags/orchestration.py
[2026-08-02T19:34:35.408+0000] {processor.py:830} INFO - Processing file /opt/airflow/dags/orchestration.py for tasks to queue
[2026-08-02T19:34:35.413+0000] {logging_mixin.py:188} INFO - [2026-08-02T19:34:35.412+0000] {dagbag.py:545} INFO - Filling up the DagBag from /opt/airflow/dags/orchestration.py
[2026-08-02T19:34:37.659+0000] {processor.py:840} INFO - DAG(s) 'first_orchestrator' retrieved from /opt/airflow/dags/orchestration.py
[2026-08-02T19:34:37.719+0000] {logging_mixin.py:188} INFO - [2026-08-02T19:34:37.716+0000] {dag.py:3089} INFO - Sync 1 DAGs
[2026-08-02T19:34:37.761+0000] {logging_mixin.py:188} INFO - [2026-08-02T19:34:37.760+0000] {dag.py:3947} INFO - Setting next_dagrun for first_orchestrator to 2026-08-02 19:00:00+00:00, run_after=2026-08-02 20:00:00+00:00
[2026-08-02T19:34:37.797+0000] {processor.py:183} INFO - Processing /opt/airflow/dags/orchestration.py took 2.415 seconds
[2026-08-02T19:35:08.163+0000] {processor.py:161} INFO - Started process (PID=2046) to work on /opt/airflow/dags/orchestration.py
[2026-08-02T19:35:08.166+0000] {processor.py:830} INFO - Processing file /opt/airflow/dags/orchestration.py for tasks to queue
[2026-08-02T19:35:08.175+0000] {logging_mixin.py:188} INFO - [2026-08-02T19:35:08.174+0000] {dagbag.py:545} INFO - Filling up the DagBag from /opt/airflow/dags/orchestration.py
[2026-08-02T19:35:15.099+0000] {processor.py:840} INFO - DAG(s) 'first_orchestrator' retrieved from /opt/airflow/dags/orchestration.py
[2026-08-02T19:35:15.324+0000] {logging_mixin.py:188} INFO - [2026-08-02T19:35:15.313+0000] {dag.py:3089} INFO - Sync 1 DAGs
[2026-08-02T19:35:15.540+0000] {logging_mixin.py:188} INFO - [2026-08-02T19:35:15.539+0000] {dag.py:3947} INFO - Setting next_dagrun for first_orchestrator to 2026-08-02 19:00:00+00:00, run_after=2026-08-02 20:00:00+00:00
[2026-08-02T19:35:15.649+0000] {processor.py:183} INFO - Processing /opt/airflow/dags/orchestration.py took 7.506 seconds
[2026-08-02T19:37:29.824+0000] {processor.py:161} INFO - Started process (PID=168) to work on /opt/airflow/dags/orchestration.py
[2026-08-02T19:37:29.916+0000] {processor.py:830} INFO - Processing file /opt/airflow/dags/orchestration.py for tasks to queue
[2026-08-02T19:37:30.070+0000] {logging_mixin.py:188} INFO - [2026-08-02T19:37:30.053+0000] {dagbag.py:545} INFO - Filling up the DagBag from /opt/airflow/dags/orchestration.py
[2026-08-02T19:37:35.597+0000] {processor.py:840} INFO - DAG(s) 'first_orchestrator' retrieved from /opt/airflow/dags/orchestration.py
[2026-08-02T19:37:35.715+0000] {logging_mixin.py:188} INFO - [2026-08-02T19:37:35.714+0000] {dag.py:3089} INFO - Sync 1 DAGs
[2026-08-02T19:37:35.819+0000] {logging_mixin.py:188} INFO - [2026-08-02T19:37:35.818+0000] {dag.py:3947} INFO - Setting next_dagrun for first_orchestrator to 2026-08-02 19:00:00+00:00, run_after=2026-08-02 20:00:00+00:00
[2026-08-02T19:37:35.883+0000] {processor.py:183} INFO - Processing /opt/airflow/dags/orchestration.py took 6.573 seconds
[2026-08-02T19:38:07.040+0000] {processor.py:161} INFO - Started process (PID=194) to work on /opt/airflow/dags/orchestration.py
[2026-08-02T19:38:07.043+0000] {processor.py:830} INFO - Processing file /opt/airflow/dags/orchestration.py for tasks to queue
[2026-08-02T19:38:07.048+0000] {logging_mixin.py:188} INFO - [2026-08-02T19:38:07.047+0000] {dagbag.py:545} INFO - Filling up the DagBag from /opt/airflow/dags/orchestration.py
[2026-08-02T19:38:16.160+0000] {processor.py:840} INFO - DAG(s) 'first_orchestrator' retrieved from /opt/airflow/dags/orchestration.py
[2026-08-02T19:38:17.112+0000] {logging_mixin.py:188} INFO - [2026-08-02T19:38:17.110+0000] {dag.py:3089} INFO - Sync 1 DAGs
[2026-08-02T19:38:17.190+0000] {logging_mixin.py:188} INFO - [2026-08-02T19:38:17.190+0000] {dag.py:3947} INFO - Setting next_dagrun for first_orchestrator to 2026-08-02 19:00:00+00:00, run_after=2026-08-02 20:00:00+00:00
[2026-08-02T19:38:17.449+0000] {processor.py:183} INFO - Processing /opt/airflow/dags/orchestration.py took 10.447 seconds
[2026-08-02T19:38:49.302+0000] {processor.py:161} INFO - Started process (PID=212) to work on /opt/airflow/dags/orchestration.py
[2026-08-02T19:38:49.318+0000] {processor.py:830} INFO - Processing file /opt/airflow/dags/orchestration.py for tasks to queue
[2026-08-02T19:38:49.554+0000] {logging_mixin.py:188} INFO - [2026-08-02T19:38:49.549+0000] {dagbag.py:545} INFO - Filling up the DagBag from /opt/airflow/dags/orchestration.py
[2026-08-02T19:39:12.333+0000] {processor.py:840} INFO - DAG(s) 'first_orchestrator' retrieved from /opt/airflow/dags/orchestration.py
[2026-08-02T19:39:12.563+0000] {logging_mixin.py:188} INFO - [2026-08-02T19:39:12.562+0000] {dag.py:3089} INFO - Sync 1 DAGs
[2026-08-02T19:39:12.713+0000] {logging_mixin.py:188} INFO - [2026-08-02T19:39:12.712+0000] {dag.py:3947} INFO - Setting next_dagrun for first_orchestrator to 2026-08-02 19:00:00+00:00, run_after=2026-08-02 20:00:00+00:00
[2026-08-02T19:39:12.764+0000] {processor.py:183} INFO - Processing /opt/airflow/dags/orchestration.py took 24.180 seconds
[2026-08-02T19:39:43.375+0000] {processor.py:161} INFO - Started process (PID=262) to work on /opt/airflow/dags/orchestration.py
[2026-08-02T19:39:43.378+0000] {processor.py:830} INFO - Processing file /opt/airflow/dags/orchestration.py for tasks to queue
[2026-08-02T19:39:43.382+0000] {logging_mixin.py:188} INFO - [2026-08-02T19:39:43.381+0000] {dagbag.py:545} INFO - Filling up the DagBag from /opt/airflow/dags/orchestration.py
[2026-08-02T19:39:57.140+0000] {processor.py:840} INFO - DAG(s) 'first_orchestrator' retrieved from /opt/airflow/dags/orchestration.py
[2026-08-02T19:39:57.208+0000] {logging_mixin.py:188} INFO - [2026-08-02T19:39:57.205+0000] {dag.py:3089} INFO - Sync 1 DAGs
[2026-08-02T19:39:57.252+0000] {logging_mixin.py:188} INFO - [2026-08-02T19:39:57.251+0000] {dag.py:3947} INFO - Setting next_dagrun for first_orchestrator to 2026-08-02 19:00:00+00:00, run_after=2026-08-02 20:00:00+00:00
[2026-08-02T19:39:57.290+0000] {processor.py:183} INFO - Processing /opt/airflow/dags/orchestration.py took 13.930 seconds
[2026-08-02T19:40:28.282+0000] {processor.py:161} INFO - Started process (PID=293) to work on /opt/airflow/dags/orchestration.py
[2026-08-02T19:40:28.286+0000] {processor.py:830} INFO - Processing file /opt/airflow/dags/orchestration.py for tasks to queue
[2026-08-02T19:40:28.291+0000] {logging_mixin.py:188} INFO - [2026-08-02T19:40:28.290+0000] {dagbag.py:545} INFO - Filling up the DagBag from /opt/airflow/dags/orchestration.py
[2026-08-02T19:40:30.459+0000] {processor.py:840} INFO - DAG(s) 'first_orchestrator' retrieved from /opt/airflow/dags/orchestration.py
[2026-08-02T19:40:30.520+0000] {logging_mixin.py:188} INFO - [2026-08-02T19:40:30.519+0000] {dag.py:3089} INFO - Sync 1 DAGs
[2026-08-02T19:40:30.567+0000] {logging_mixin.py:188} INFO - [2026-08-02T19:40:30.567+0000] {dag.py:3947} INFO - Setting next_dagrun for first_orchestrator to 2026-08-02 19:00:00+00:00, run_after=2026-08-02 20:00:00+00:00
[2026-08-02T19:40:30.609+0000] {processor.py:183} INFO - Processing /opt/airflow/dags/orchestration.py took 2.356 seconds
[2026-08-02T19:41:01.418+0000] {processor.py:161} INFO - Started process (PID=309) to work on /opt/airflow/dags/orchestration.py
[2026-08-02T19:41:01.421+0000] {processor.py:830} INFO - Processing file /opt/airflow/dags/orchestration.py for tasks to queue
[2026-08-02T19:41:01.427+0000] {logging_mixin.py:188} INFO - [2026-08-02T19:41:01.426+0000] {dagbag.py:545} INFO - Filling up the DagBag from /opt/airflow/dags/orchestration.py
[2026-08-02T19:41:02.850+0000] {processor.py:840} INFO - DAG(s) 'first_orchestrator' retrieved from /opt/airflow/dags/orchestration.py
[2026-08-02T19:41:02.918+0000] {logging_mixin.py:188} INFO - [2026-08-02T19:41:02.916+0000] {dag.py:3089} INFO - Sync 1 DAGs
[2026-08-02T19:41:02.979+0000] {logging_mixin.py:188} INFO - [2026-08-02T19:41:02.978+0000] {dag.py:3947} INFO - Setting next_dagrun for first_orchestrator to 2026-08-02 19:00:00+00:00, run_after=2026-08-02 20:00:00+00:00
[2026-08-02T19:41:03.019+0000] {processor.py:183} INFO - Processing /opt/airflow/dags/orchestration.py took 1.623 seconds
[2026-08-02T19:41:33.879+0000] {processor.py:161} INFO - Started process (PID=325) to work on /opt/airflow/dags/orchestration.py
[2026-08-02T19:41:33.881+0000] {processor.py:830} INFO - Processing file /opt/airflow/dags/orchestration.py for tasks to queue
[2026-08-02T19:41:33.886+0000] {logging_mixin.py:188} INFO - [2026-08-02T19:41:33.885+0000] {dagbag.py:545} INFO - Filling up the DagBag from /opt/airflow/dags/orchestration.py
[2026-08-02T19:41:35.358+0000] {processor.py:840} INFO - DAG(s) 'first_orchestrator' retrieved from /opt/airflow/dags/orchestration.py
[2026-08-02T19:41:35.418+0000] {logging_mixin.py:188} INFO - [2026-08-02T19:41:35.417+0000] {dag.py:3089} INFO - Sync 1 DAGs
[2026-08-02T19:41:35.470+0000] {logging_mixin.py:188} INFO - [2026-08-02T19:41:35.469+0000] {dag.py:3947} INFO - Setting next_dagrun for first_orchestrator to 2026-08-02 19:00:00+00:00, run_after=2026-08-02 20:00:00+00:00
[2026-08-02T19:41:35.819+0000] {processor.py:183} INFO - Processing /opt/airflow/dags/orchestration.py took 1.955 seconds
[2026-08-02T19:42:06.543+0000] {processor.py:161} INFO - Started process (PID=341) to work on /opt/airflow/dags/orchestration.py
[2026-08-02T19:42:06.547+0000] {processor.py:830} INFO - Processing file /opt/airflow/dags/orchestration.py for tasks to queue
[2026-08-02T19:42:06.552+0000] {logging_mixin.py:188} INFO - [2026-08-02T19:42:06.551+0000] {dagbag.py:545} INFO - Filling up the DagBag from /opt/airflow/dags/orchestration.py
[2026-08-02T19:42:07.985+0000] {processor.py:840} INFO - DAG(s) 'first_orchestrator' retrieved from /opt/airflow/dags/orchestration.py
[2026-08-02T19:42:08.046+0000] {logging_mixin.py:188} INFO - [2026-08-02T19:42:08.045+0000] {dag.py:3089} INFO - Sync 1 DAGs
[2026-08-02T19:42:08.451+0000] {logging_mixin.py:188} INFO - [2026-08-02T19:42:08.451+0000] {dag.py:3947} INFO - Setting next_dagrun for first_orchestrator to 2026-08-02 19:00:00+00:00, run_after=2026-08-02 20:00:00+00:00
[2026-08-02T19:42:08.488+0000] {processor.py:183} INFO - Processing /opt/airflow/dags/orchestration.py took 1.962 seconds
[2026-08-02T19:42:39.590+0000] {processor.py:161} INFO - Started process (PID=357) to work on /opt/airflow/dags/orchestration.py
[2026-08-02T19:42:39.599+0000] {processor.py:830} INFO - Processing file /opt/airflow/dags/orchestration.py for tasks to queue
[2026-08-02T19:42:39.605+0000] {logging_mixin.py:188} INFO - [2026-08-02T19:42:39.604+0000] {dagbag.py:545} INFO - Filling up the DagBag from /opt/airflow/dags/orchestration.py
[2026-08-02T19:42:41.228+0000] {processor.py:840} INFO - DAG(s) 'first_orchestrator' retrieved from /opt/airflow/dags/orchestration.py
[2026-08-02T19:42:41.330+0000] {logging_mixin.py:188} INFO - [2026-08-02T19:42:41.327+0000] {dag.py:3089} INFO - Sync 1 DAGs
[2026-08-02T19:42:41.761+0000] {logging_mixin.py:188} INFO - [2026-08-02T19:42:41.761+0000] {dag.py:3947} INFO - Setting next_dagrun for first_orchestrator to 2026-08-02 19:00:00+00:00, run_after=2026-08-02 20:00:00+00:00
[2026-08-02T19:42:41.804+0000] {processor.py:183} INFO - Processing /opt/airflow/dags/orchestration.py took 2.244 seconds
[2026-08-02T19:43:12.701+0000] {processor.py:161} INFO - Started process (PID=373) to work on /opt/airflow/dags/orchestration.py
[2026-08-02T19:43:12.704+0000] {processor.py:830} INFO - Processing file /opt/airflow/dags/orchestration.py for tasks to queue
[2026-08-02T19:43:12.709+0000] {logging_mixin.py:188} INFO - [2026-08-02T19:43:12.708+0000] {dagbag.py:545} INFO - Filling up the DagBag from /opt/airflow/dags/orchestration.py
[2026-08-02T19:43:14.184+0000] {processor.py:840} INFO - DAG(s) 'first_orchestrator' retrieved from /opt/airflow/dags/orchestration.py
[2026-08-02T19:43:14.523+0000] {logging_mixin.py:188} INFO - [2026-08-02T19:43:14.523+0000] {dag.py:3089} INFO - Sync 1 DAGs
[2026-08-02T19:43:14.562+0000] {logging_mixin.py:188} INFO - [2026-08-02T19:43:14.561+0000] {dag.py:3947} INFO - Setting next_dagrun for first_orchestrator to 2026-08-02 19:00:00+00:00, run_after=2026-08-02 20:00:00+00:00
[2026-08-02T19:43:14.606+0000] {processor.py:183} INFO - Processing /opt/airflow/dags/orchestration.py took 1.925 seconds
[2026-08-02T19:43:45.567+0000] {processor.py:161} INFO - Started process (PID=399) to work on /opt/airflow/dags/orchestration.py
[2026-08-02T19:43:45.570+0000] {processor.py:830} INFO - Processing file /opt/airflow/dags/orchestration.py for tasks to queue
[2026-08-02T19:43:45.576+0000] {logging_mixin.py:188} INFO - [2026-08-02T19:43:45.575+0000] {dagbag.py:545} INFO - Filling up the DagBag from /opt/airflow/dags/orchestration.py
[2026-08-02T19:43:47.103+0000] {processor.py:840} INFO - DAG(s) 'first_orchestrator' retrieved from /opt/airflow/dags/orchestration.py
[2026-08-02T19:43:47.171+0000] {logging_mixin.py:188} INFO - [2026-08-02T19:43:47.170+0000] {dag.py:3089} INFO - Sync 1 DAGs
[2026-08-02T19:43:47.277+0000] {logging_mixin.py:188} INFO - [2026-08-02T19:43:47.276+0000] {dag.py:3947} INFO - Setting next_dagrun for first_orchestrator to 2026-08-02 19:00:00+00:00, run_after=2026-08-02 20:00:00+00:00
[2026-08-02T19:43:47.333+0000] {processor.py:183} INFO - Processing /opt/airflow/dags/orchestration.py took 1.782 seconds
[2026-08-02T19:44:18.063+0000] {processor.py:161} INFO - Started process (PID=415) to work on /opt/airflow/dags/orchestration.py
[2026-08-02T19:44:18.067+0000] {processor.py:830} INFO - Processing file /opt/airflow/dags/orchestration.py for tasks to queue
[2026-08-02T19:44:18.073+0000] {logging_mixin.py:188} INFO - [2026-08-02T19:44:18.072+0000] {dagbag.py:545} INFO - Filling up the DagBag from /opt/airflow/dags/orchestration.py
[2026-08-02T19:44:19.640+0000] {processor.py:840} INFO - DAG(s) 'first_orchestrator' retrieved from /opt/airflow/dags/orchestration.py
[2026-08-02T19:44:19.699+0000] {logging_mixin.py:188} INFO - [2026-08-02T19:44:19.698+0000] {dag.py:3089} INFO - Sync 1 DAGs
[2026-08-02T19:44:19.750+0000] {logging_mixin.py:188} INFO - [2026-08-02T19:44:19.750+0000] {dag.py:3947} INFO - Setting next_dagrun for first_orchestrator to 2026-08-02 19:00:00+00:00, run_after=2026-08-02 20:00:00+00:00
[2026-08-02T19:44:21.993+0000] {processor.py:183} INFO - Processing /opt/airflow/dags/orchestration.py took 3.946 seconds
[2026-08-02T19:44:52.981+0000] {processor.py:161} INFO - Started process (PID=431) to work on /opt/airflow/dags/orchestration.py
[2026-08-02T19:44:52.983+0000] {processor.py:830} INFO - Processing file /opt/airflow/dags/orchestration.py for tasks to queue
[2026-08-02T19:44:52.988+0000] {logging_mixin.py:188} INFO - [2026-08-02T19:44:52.987+0000] {dagbag.py:545} INFO - Filling up the DagBag from /opt/airflow/dags/orchestration.py
[2026-08-02T19:44:54.423+0000] {processor.py:840} INFO - DAG(s) 'first_orchestrator' retrieved from /opt/airflow/dags/orchestration.py
[2026-08-02T19:44:54.488+0000] {logging_mixin.py:188} INFO - [2026-08-02T19:44:54.487+0000] {dag.py:3089} INFO - Sync 1 DAGs
[2026-08-02T19:44:54.536+0000] {logging_mixin.py:188} INFO - [2026-08-02T19:44:54.536+0000] {dag.py:3947} INFO - Setting next_dagrun for first_orchestrator to 2026-08-02 19:00:00+00:00, run_after=2026-08-02 20:00:00+00:00
[2026-08-02T19:44:57.154+0000] {processor.py:183} INFO - Processing /opt/airflow/dags/orchestration.py took 4.191 seconds
[2026-08-02T19:45:27.708+0000] {processor.py:161} INFO - Started process (PID=447) to work on /opt/airflow/dags/orchestration.py
[2026-08-02T19:45:27.711+0000] {processor.py:830} INFO - Processing file /opt/airflow/dags/orchestration.py for tasks to queue
[2026-08-02T19:45:27.715+0000] {logging_mixin.py:188} INFO - [2026-08-02T19:45:27.714+0000] {dagbag.py:545} INFO - Filling up the DagBag from /opt/airflow/dags/orchestration.py
[2026-08-02T19:45:29.202+0000] {processor.py:840} INFO - DAG(s) 'first_orchestrator' retrieved from /opt/airflow/dags/orchestration.py
[2026-08-02T19:45:29.305+0000] {logging_mixin.py:188} INFO - [2026-08-02T19:45:29.301+0000] {dag.py:3089} INFO - Sync 1 DAGs
[2026-08-02T19:45:30.241+0000] {logging_mixin.py:188} INFO - [2026-08-02T19:45:30.240+0000] {dag.py:3947} INFO - Setting next_dagrun for first_orchestrator to 2026-08-02 19:00:00+00:00, run_after=2026-08-02 20:00:00+00:00
[2026-08-02T19:45:30.306+0000] {processor.py:183} INFO - Processing /opt/airflow/dags/orchestration.py took 2.613 seconds
[2026-08-02T19:46:01.306+0000] {processor.py:161} INFO - Started process (PID=463) to work on /opt/airflow/dags/orchestration.py
[2026-08-02T19:46:01.308+0000] {processor.py:830} INFO - Processing file /opt/airflow/dags/orchestration.py for tasks to queue
[2026-08-02T19:46:01.313+0000] {logging_mixin.py:188} INFO - [2026-08-02T19:46:01.312+0000] {dagbag.py:545} INFO - Filling up the DagBag from /opt/airflow/dags/orchestration.py
[2026-08-02T19:46:02.849+0000] {processor.py:840} INFO - DAG(s) 'first_orchestrator' retrieved from /opt/airflow/dags/orchestration.py
[2026-08-02T19:46:06.602+0000] {logging_mixin.py:188} INFO - [2026-08-02T19:46:06.601+0000] {dag.py:3089} INFO - Sync 1 DAGs
[2026-08-02T19:46:06.661+0000] {logging_mixin.py:188} INFO - [2026-08-02T19:46:06.660+0000] {dag.py:3947} INFO - Setting next_dagrun for first_orchestrator to 2026-08-02 19:00:00+00:00, run_after=2026-08-02 20:00:00+00:00
[2026-08-02T19:46:06.699+0000] {processor.py:183} INFO - Processing /opt/airflow/dags/orchestration.py took 5.419 seconds
[2026-08-02T19:46:37.274+0000] {processor.py:161} INFO - Started process (PID=479) to work on /opt/airflow/dags/orchestration.py
[2026-08-02T19:46:37.278+0000] {processor.py:830} INFO - Processing file /opt/airflow/dags/orchestration.py for tasks to queue
[2026-08-02T19:46:37.312+0000] {logging_mixin.py:188} INFO - [2026-08-02T19:46:37.311+0000] {dagbag.py:545} INFO - Filling up the DagBag from /opt/airflow/dags/orchestration.py
[2026-08-02T19:46:44.717+0000] {processor.py:840} INFO - DAG(s) 'first_orchestrator' retrieved from /opt/airflow/dags/orchestration.py
[2026-08-02T19:46:49.850+0000] {logging_mixin.py:188} INFO - [2026-08-02T19:46:49.831+0000] {dag.py:3089} INFO - Sync 1 DAGs
[2026-08-02T19:46:50.138+0000] {logging_mixin.py:188} INFO - [2026-08-02T19:46:50.136+0000] {dag.py:3947} INFO - Setting next_dagrun for first_orchestrator to 2026-08-02 19:00:00+00:00, run_after=2026-08-02 20:00:00+00:00
[2026-08-02T19:46:50.291+0000] {processor.py:183} INFO - Processing /opt/airflow/dags/orchestration.py took 13.083 seconds
[2026-08-02T19:47:21.238+0000] {processor.py:161} INFO - Started process (PID=495) to work on /opt/airflow/dags/orchestration.py
[2026-08-02T19:47:21.241+0000] {processor.py:830} INFO - Processing file /opt/airflow/dags/orchestration.py for tasks to queue
[2026-08-02T19:47:21.363+0000] {logging_mixin.py:188} INFO - [2026-08-02T19:47:21.353+0000] {dagbag.py:545} INFO - Filling up the DagBag from /opt/airflow/dags/orchestration.py
[2026-08-02T19:47:23.624+0000] {processor.py:840} INFO - DAG(s) 'first_orchestrator' retrieved from /opt/airflow/dags/orchestration.py
[2026-08-02T19:47:23.735+0000] {logging_mixin.py:188} INFO - [2026-08-02T19:47:23.733+0000] {dag.py:3089} INFO - Sync 1 DAGs
[2026-08-02T19:47:23.805+0000] {logging_mixin.py:188} INFO - [2026-08-02T19:47:23.805+0000] {dag.py:3947} INFO - Setting next_dagrun for first_orchestrator to 2026-08-02 19:00:00+00:00, run_after=2026-08-02 20:00:00+00:00
[2026-08-02T19:47:23.904+0000] {processor.py:183} INFO - Processing /opt/airflow/dags/orchestration.py took 2.961 seconds
[2026-08-02T19:47:54.719+0000] {processor.py:161} INFO - Started process (PID=521) to work on /opt/airflow/dags/orchestration.py
[2026-08-02T19:47:54.722+0000] {processor.py:830} INFO - Processing file /opt/airflow/dags/orchestration.py for tasks to queue
[2026-08-02T19:47:54.727+0000] {logging_mixin.py:188} INFO - [2026-08-02T19:47:54.726+0000] {dagbag.py:545} INFO - Filling up the DagBag from /opt/airflow/dags/orchestration.py
[2026-08-02T19:47:56.192+0000] {processor.py:840} INFO - DAG(s) 'first_orchestrator' retrieved from /opt/airflow/dags/orchestration.py
[2026-08-02T19:47:56.567+0000] {logging_mixin.py:188} INFO - [2026-08-02T19:47:56.567+0000] {dag.py:3089} INFO - Sync 1 DAGs
[2026-08-02T19:47:56.699+0000] {logging_mixin.py:188} INFO - [2026-08-02T19:47:56.699+0000] {dag.py:3947} INFO - Setting next_dagrun for first_orchestrator to 2026-08-02 19:00:00+00:00, run_after=2026-08-02 20:00:00+00:00
[2026-08-02T19:47:58.717+0000] {processor.py:183} INFO - Processing /opt/airflow/dags/orchestration.py took 4.015 seconds
[2026-08-02T19:48:29.604+0000] {processor.py:161} INFO - Started process (PID=537) to work on /opt/airflow/dags/orchestration.py
[2026-08-02T19:48:29.606+0000] {processor.py:830} INFO - Processing file /opt/airflow/dags/orchestration.py for tasks to queue
[2026-08-02T19:48:29.615+0000] {logging_mixin.py:188} INFO - [2026-08-02T19:48:29.614+0000] {dagbag.py:545} INFO - Filling up the DagBag from /opt/airflow/dags/orchestration.py
[2026-08-02T19:48:33.189+0000] {processor.py:840} INFO - DAG(s) 'first_orchestrator' retrieved from /opt/airflow/dags/orchestration.py
[2026-08-02T19:48:36.458+0000] {logging_mixin.py:188} INFO - [2026-08-02T19:48:36.453+0000] {dag.py:3089} INFO - Sync 1 DAGs
[2026-08-02T19:48:44.724+0000] {logging_mixin.py:188} INFO - [2026-08-02T19:48:44.724+0000] {dag.py:3947} INFO - Setting next_dagrun for first_orchestrator to 2026-08-02 19:00:00+00:00, run_after=2026-08-02 20:00:00+00:00
[2026-08-02T19:48:44.847+0000] {processor.py:183} INFO - Processing /opt/airflow/dags/orchestration.py took 15.294 seconds
[2026-08-02T19:49:15.821+0000] {processor.py:161} INFO - Started process (PID=553) to work on /opt/airflow/dags/orchestration.py
[2026-08-02T19:49:15.824+0000] {processor.py:830} INFO - Processing file /opt/airflow/dags/orchestration.py for tasks to queue
[2026-08-02T19:49:15.830+0000] {logging_mixin.py:188} INFO - [2026-08-02T19:49:15.829+0000] {dagbag.py:545} INFO - Filling up the DagBag from /opt/airflow/dags/orchestration.py
[2026-08-02T19:49:17.469+0000] {processor.py:840} INFO - DAG(s) 'first_orchestrator' retrieved from /opt/airflow/dags/orchestration.py
[2026-08-02T19:49:17.864+0000] {logging_mixin.py:188} INFO - [2026-08-02T19:49:17.863+0000] {dag.py:3089} INFO - Sync 1 DAGs
[2026-08-02T19:49:17.904+0000] {logging_mixin.py:188} INFO - [2026-08-02T19:49:17.903+0000] {dag.py:3947} INFO - Setting next_dagrun for first_orchestrator to 2026-08-02 19:00:00+00:00, run_after=2026-08-02 20:00:00+00:00
[2026-08-02T19:49:17.944+0000] {processor.py:183} INFO - Processing /opt/airflow/dags/orchestration.py took 2.144 seconds
[2026-08-02T19:49:48.656+0000] {processor.py:161} INFO - Started process (PID=569) to work on /opt/airflow/dags/orchestration.py
[2026-08-02T19:49:48.659+0000] {processor.py:830} INFO - Processing file /opt/airflow/dags/orchestration.py for tasks to queue
[2026-08-02T19:49:48.667+0000] {logging_mixin.py:188} INFO - [2026-08-02T19:49:48.666+0000] {dagbag.py:545} INFO - Filling up the DagBag from /opt/airflow/dags/orchestration.py
[2026-08-02T19:49:50.160+0000] {processor.py:840} INFO - DAG(s) 'first_orchestrator' retrieved from /opt/airflow/dags/orchestration.py
[2026-08-02T19:49:50.230+0000] {logging_mixin.py:188} INFO - [2026-08-02T19:49:50.229+0000] {dag.py:3089} INFO - Sync 1 DAGs
[2026-08-02T19:49:50.289+0000] {logging_mixin.py:188} INFO - [2026-08-02T19:49:50.288+0000] {dag.py:3947} INFO - Setting next_dagrun for first_orchestrator to 2026-08-02 19:00:00+00:00, run_after=2026-08-02 20:00:00+00:00
[2026-08-02T19:49:50.331+0000] {processor.py:183} INFO - Processing /opt/airflow/dags/orchestration.py took 1.696 seconds
[2026-08-02T19:50:21.137+0000] {processor.py:161} INFO - Started process (PID=585) to work on /opt/airflow/dags/orchestration.py
[2026-08-02T19:50:21.139+0000] {processor.py:830} INFO - Processing file /opt/airflow/dags/orchestration.py for tasks to queue
[2026-08-02T19:50:21.146+0000] {logging_mixin.py:188} INFO - [2026-08-02T19:50:21.146+0000] {dagbag.py:545} INFO - Filling up the DagBag from /opt/airflow/dags/orchestration.py
[2026-08-02T19:50:22.591+0000] {processor.py:840} INFO - DAG(s) 'first_orchestrator' retrieved from /opt/airflow/dags/orchestration.py
[2026-08-02T19:50:22.675+0000] {logging_mixin.py:188} INFO - [2026-08-02T19:50:22.674+0000] {dag.py:3089} INFO - Sync 1 DAGs
[2026-08-02T19:50:22.725+0000] {logging_mixin.py:188} INFO - [2026-08-02T19:50:22.724+0000] {dag.py:3947} INFO - Setting next_dagrun for first_orchestrator to 2026-08-02 19:00:00+00:00, run_after=2026-08-02 20:00:00+00:00
[2026-08-02T19:50:22.770+0000] {processor.py:183} INFO - Processing /opt/airflow/dags/orchestration.py took 1.650 seconds
[2026-08-02T19:50:53.382+0000] {processor.py:161} INFO - Started process (PID=601) to work on /opt/airflow/dags/orchestration.py
[2026-08-02T19:50:53.385+0000] {processor.py:830} INFO - Processing file /opt/airflow/dags/orchestration.py for tasks to queue
[2026-08-02T19:50:53.391+0000] {logging_mixin.py:188} INFO - [2026-08-02T19:50:53.390+0000] {dagbag.py:545} INFO - Filling up the DagBag from /opt/airflow/dags/orchestration.py
[2026-08-02T19:50:54.731+0000] {processor.py:840} INFO - DAG(s) 'first_orchestrator' retrieved from /opt/airflow/dags/orchestration.py
[2026-08-02T19:50:54.795+0000] {logging_mixin.py:188} INFO - [2026-08-02T19:50:54.794+0000] {dag.py:3089} INFO - Sync 1 DAGs
[2026-08-02T19:50:54.842+0000] {logging_mixin.py:188} INFO - [2026-08-02T19:50:54.842+0000] {dag.py:3947} INFO - Setting next_dagrun for first_orchestrator to 2026-08-02 19:00:00+00:00, run_after=2026-08-02 20:00:00+00:00
[2026-08-02T19:50:55.177+0000] {processor.py:183} INFO - Processing /opt/airflow/dags/orchestration.py took 1.812 seconds
[2026-08-02T19:51:26.046+0000] {processor.py:161} INFO - Started process (PID=617) to work on /opt/airflow/dags/orchestration.py
[2026-08-02T19:51:26.049+0000] {processor.py:830} INFO - Processing file /opt/airflow/dags/orchestration.py for tasks to queue
[2026-08-02T19:51:26.054+0000] {logging_mixin.py:188} INFO - [2026-08-02T19:51:26.053+0000] {dagbag.py:545} INFO - Filling up the DagBag from /opt/airflow/dags/orchestration.py
[2026-08-02T19:51:27.416+0000] {processor.py:840} INFO - DAG(s) 'first_orchestrator' retrieved from /opt/airflow/dags/orchestration.py
[2026-08-02T19:51:27.476+0000] {logging_mixin.py:188} INFO - [2026-08-02T19:51:27.475+0000] {dag.py:3089} INFO - Sync 1 DAGs
[2026-08-02T19:51:27.841+0000] {logging_mixin.py:188} INFO - [2026-08-02T19:51:27.840+0000] {dag.py:3947} INFO - Setting next_dagrun for first_orchestrator to 2026-08-02 19:00:00+00:00, run_after=2026-08-02 20:00:00+00:00
[2026-08-02T19:51:27.874+0000] {processor.py:183} INFO - Processing /opt/airflow/dags/orchestration.py took 1.848 seconds
[2026-08-02T19:51:58.636+0000] {processor.py:161} INFO - Started process (PID=638) to work on /opt/airflow/dags/orchestration.py
[2026-08-02T19:51:58.638+0000] {processor.py:830} INFO - Processing file /opt/airflow/dags/orchestration.py for tasks to queue
[2026-08-02T19:51:58.643+0000] {logging_mixin.py:188} INFO - [2026-08-02T19:51:58.642+0000] {dagbag.py:545} INFO - Filling up the DagBag from /opt/airflow/dags/orchestration.py
[2026-08-02T19:52:00.104+0000] {processor.py:840} INFO - DAG(s) 'first_orchestrator' retrieved from /opt/airflow/dags/orchestration.py
[2026-08-02T19:52:00.175+0000] {logging_mixin.py:188} INFO - [2026-08-02T19:52:00.172+0000] {dag.py:3089} INFO - Sync 1 DAGs
[2026-08-02T19:52:00.520+0000] {logging_mixin.py:188} INFO - [2026-08-02T19:52:00.520+0000] {dag.py:3947} INFO - Setting next_dagrun for first_orchestrator to 2026-08-02 19:00:00+00:00, run_after=2026-08-02 20:00:00+00:00
[2026-08-02T19:52:00.556+0000] {processor.py:183} INFO - Processing /opt/airflow/dags/orchestration.py took 1.939 seconds
[2026-08-02T19:52:31.434+0000] {processor.py:161} INFO - Started process (PID=659) to work on /opt/airflow/dags/orchestration.py
[2026-08-02T19:52:31.437+0000] {processor.py:830} INFO - Processing file /opt/airflow/dags/orchestration.py for tasks to queue
[2026-08-02T19:52:31.445+0000] {logging_mixin.py:188} INFO - [2026-08-02T19:52:31.444+0000] {dagbag.py:545} INFO - Filling up the DagBag from /opt/airflow/dags/orchestration.py
[2026-08-02T19:52:32.974+0000] {processor.py:840} INFO - DAG(s) 'first_orchestrator' retrieved from /opt/airflow/dags/orchestration.py
[2026-08-02T19:52:33.405+0000] {logging_mixin.py:188} INFO - [2026-08-02T19:52:33.405+0000] {dag.py:3089} INFO - Sync 1 DAGs
[2026-08-02T19:52:33.450+0000] {logging_mixin.py:188} INFO - [2026-08-02T19:52:33.449+0000] {dag.py:3947} INFO - Setting next_dagrun for first_orchestrator to 2026-08-02 19:00:00+00:00, run_after=2026-08-02 20:00:00+00:00
[2026-08-02T19:52:33.483+0000] {processor.py:183} INFO - Processing /opt/airflow/dags/orchestration.py took 2.067 seconds
[2026-08-02T19:53:04.164+0000] {processor.py:161} INFO - Started process (PID=675) to work on /opt/airflow/dags/orchestration.py
[2026-08-02T19:53:04.167+0000] {processor.py:830} INFO - Processing file /opt/airflow/dags/orchestration.py for tasks to queue
[2026-08-02T19:53:04.172+0000] {logging_mixin.py:188} INFO - [2026-08-02T19:53:04.171+0000] {dagbag.py:545} INFO - Filling up the DagBag from /opt/airflow/dags/orchestration.py
[2026-08-02T19:53:05.859+0000] {processor.py:840} INFO - DAG(s) 'first_orchestrator' retrieved from /opt/airflow/dags/orchestration.py
[2026-08-02T19:53:05.913+0000] {logging_mixin.py:188} INFO - [2026-08-02T19:53:05.912+0000] {dag.py:3089} INFO - Sync 1 DAGs
[2026-08-02T19:53:05.956+0000] {logging_mixin.py:188} INFO - [2026-08-02T19:53:05.956+0000] {dag.py:3947} INFO - Setting next_dagrun for first_orchestrator to 2026-08-02 19:00:00+00:00, run_after=2026-08-02 20:00:00+00:00
[2026-08-02T19:53:05.991+0000] {processor.py:183} INFO - Processing /opt/airflow/dags/orchestration.py took 1.843 seconds
[2026-08-02T19:53:36.730+0000] {processor.py:161} INFO - Started process (PID=691) to work on /opt/airflow/dags/orchestration.py
[2026-08-02T19:53:36.733+0000] {processor.py:830} INFO - Processing file /opt/airflow/dags/orchestration.py for tasks to queue
[2026-08-02T19:53:36.737+0000] {logging_mixin.py:188} INFO - [2026-08-02T19:53:36.737+0000] {dagbag.py:545} INFO - Filling up the DagBag from /opt/airflow/dags/orchestration.py
[2026-08-02T19:53:38.077+0000] {processor.py:840} INFO - DAG(s) 'first_orchestrator' retrieved from /opt/airflow/dags/orchestration.py
[2026-08-02T19:53:38.131+0000] {logging_mixin.py:188} INFO - [2026-08-02T19:53:38.130+0000] {dag.py:3089} INFO - Sync 1 DAGs
[2026-08-02T19:53:38.174+0000] {logging_mixin.py:188} INFO - [2026-08-02T19:53:38.174+0000] {dag.py:3947} INFO - Setting next_dagrun for first_orchestrator to 2026-08-02 19:00:00+00:00, run_after=2026-08-02 20:00:00+00:00
[2026-08-02T19:53:38.214+0000] {processor.py:183} INFO - Processing /opt/airflow/dags/orchestration.py took 1.508 seconds
[2026-08-02T19:54:08.430+0000] {processor.py:161} INFO - Started process (PID=707) to work on /opt/airflow/dags/orchestration.py
[2026-08-02T19:54:08.433+0000] {processor.py:830} INFO - Processing file /opt/airflow/dags/orchestration.py for tasks to queue
[2026-08-02T19:54:08.438+0000] {logging_mixin.py:188} INFO - [2026-08-02T19:54:08.437+0000] {dagbag.py:545} INFO - Filling up the DagBag from /opt/airflow/dags/orchestration.py
[2026-08-02T19:54:09.767+0000] {processor.py:840} INFO - DAG(s) 'first_orchestrator' retrieved from /opt/airflow/dags/orchestration.py
[2026-08-02T19:54:09.825+0000] {logging_mixin.py:188} INFO - [2026-08-02T19:54:09.824+0000] {dag.py:3089} INFO - Sync 1 DAGs
[2026-08-02T19:54:09.875+0000] {logging_mixin.py:188} INFO - [2026-08-02T19:54:09.874+0000] {dag.py:3947} INFO - Setting next_dagrun for first_orchestrator to 2026-08-02 19:00:00+00:00, run_after=2026-08-02 20:00:00+00:00
[2026-08-02T19:54:10.200+0000] {processor.py:183} INFO - Processing /opt/airflow/dags/orchestration.py took 1.789 seconds
[2026-08-02T19:54:40.884+0000] {processor.py:161} INFO - Started process (PID=723) to work on /opt/airflow/dags/orchestration.py
[2026-08-02T19:54:40.886+0000] {processor.py:830} INFO - Processing file /opt/airflow/dags/orchestration.py for tasks to queue
[2026-08-02T19:54:40.891+0000] {logging_mixin.py:188} INFO - [2026-08-02T19:54:40.890+0000] {dagbag.py:545} INFO - Filling up the DagBag from /opt/airflow/dags/orchestration.py
[2026-08-02T19:54:42.219+0000] {processor.py:840} INFO - DAG(s) 'first_orchestrator' retrieved from /opt/airflow/dags/orchestration.py
[2026-08-02T19:54:42.291+0000] {logging_mixin.py:188} INFO - [2026-08-02T19:54:42.288+0000] {dag.py:3089} INFO - Sync 1 DAGs
[2026-08-02T19:54:42.825+0000] {logging_mixin.py:188} INFO - [2026-08-02T19:54:42.824+0000] {dag.py:3947} INFO - Setting next_dagrun for first_orchestrator to 2026-08-02 19:00:00+00:00, run_after=2026-08-02 20:00:00+00:00
[2026-08-02T19:54:42.873+0000] {processor.py:183} INFO - Processing /opt/airflow/dags/orchestration.py took 2.005 seconds
[2026-08-02T19:55:13.610+0000] {processor.py:161} INFO - Started process (PID=739) to work on /opt/airflow/dags/orchestration.py
[2026-08-02T19:55:13.612+0000] {processor.py:830} INFO - Processing file /opt/airflow/dags/orchestration.py for tasks to queue
[2026-08-02T19:55:13.618+0000] {logging_mixin.py:188} INFO - [2026-08-02T19:55:13.617+0000] {dagbag.py:545} INFO - Filling up the DagBag from /opt/airflow/dags/orchestration.py
[2026-08-02T19:55:14.998+0000] {processor.py:840} INFO - DAG(s) 'first_orchestrator' retrieved from /opt/airflow/dags/orchestration.py
[2026-08-02T19:55:15.424+0000] {logging_mixin.py:188} INFO - [2026-08-02T19:55:15.423+0000] {dag.py:3089} INFO - Sync 1 DAGs
[2026-08-02T19:55:15.462+0000] {logging_mixin.py:188} INFO - [2026-08-02T19:55:15.462+0000] {dag.py:3947} INFO - Setting next_dagrun for first_orchestrator to 2026-08-02 19:00:00+00:00, run_after=2026-08-02 20:00:00+00:00
[2026-08-02T19:55:15.498+0000] {processor.py:183} INFO - Processing /opt/airflow/dags/orchestration.py took 1.906 seconds
[2026-08-02T19:55:46.268+0000] {processor.py:161} INFO - Started process (PID=755) to work on /opt/airflow/dags/orchestration.py
[2026-08-02T19:55:46.270+0000] {processor.py:830} INFO - Processing file /opt/airflow/dags/orchestration.py for tasks to queue
[2026-08-02T19:55:46.276+0000] {logging_mixin.py:188} INFO - [2026-08-02T19:55:46.275+0000] {dagbag.py:545} INFO - Filling up the DagBag from /opt/airflow/dags/orchestration.py
[2026-08-02T19:55:47.638+0000] {processor.py:840} INFO - DAG(s) 'first_orchestrator' retrieved from /opt/airflow/dags/orchestration.py
[2026-08-02T19:55:48.104+0000] {logging_mixin.py:188} INFO - [2026-08-02T19:55:48.104+0000] {dag.py:3089} INFO - Sync 1 DAGs
[2026-08-02T19:55:48.143+0000] {logging_mixin.py:188} INFO - [2026-08-02T19:55:48.143+0000] {dag.py:3947} INFO - Setting next_dagrun for first_orchestrator to 2026-08-02 19:00:00+00:00, run_after=2026-08-02 20:00:00+00:00
[2026-08-02T19:55:48.179+0000] {processor.py:183} INFO - Processing /opt/airflow/dags/orchestration.py took 1.927 seconds
[2026-08-02T19:56:18.960+0000] {processor.py:161} INFO - Started process (PID=771) to work on /opt/airflow/dags/orchestration.py
[2026-08-02T19:56:18.963+0000] {processor.py:830} INFO - Processing file /opt/airflow/dags/orchestration.py for tasks to queue
[2026-08-02T19:56:18.968+0000] {logging_mixin.py:188} INFO - [2026-08-02T19:56:18.967+0000] {dagbag.py:545} INFO - Filling up the DagBag from /opt/airflow/dags/orchestration.py
[2026-08-02T19:56:20.252+0000] {processor.py:840} INFO - DAG(s) 'first_orchestrator' retrieved from /opt/airflow/dags/orchestration.py
[2026-08-02T19:56:20.311+0000] {logging_mixin.py:188} INFO - [2026-08-02T19:56:20.310+0000] {dag.py:3089} INFO - Sync 1 DAGs
[2026-08-02T19:56:20.355+0000] {logging_mixin.py:188} INFO - [2026-08-02T19:56:20.354+0000] {dag.py:3947} INFO - Setting next_dagrun for first_orchestrator to 2026-08-02 19:00:00+00:00, run_after=2026-08-02 20:00:00+00:00
[2026-08-02T19:56:20.393+0000] {processor.py:183} INFO - Processing /opt/airflow/dags/orchestration.py took 1.449 seconds
[2026-08-02T19:56:50.641+0000] {processor.py:161} INFO - Started process (PID=787) to work on /opt/airflow/dags/orchestration.py
[2026-08-02T19:56:50.643+0000] {processor.py:830} INFO - Processing file /opt/airflow/dags/orchestration.py for tasks to queue
[2026-08-02T19:56:50.647+0000] {logging_mixin.py:188} INFO - [2026-08-02T19:56:50.647+0000] {dagbag.py:545} INFO - Filling up the DagBag from /opt/airflow/dags/orchestration.py
[2026-08-02T19:56:52.005+0000] {processor.py:840} INFO - DAG(s) 'first_orchestrator' retrieved from /opt/airflow/dags/orchestration.py
[2026-08-02T19:56:52.069+0000] {logging_mixin.py:188} INFO - [2026-08-02T19:56:52.068+0000] {dag.py:3089} INFO - Sync 1 DAGs
[2026-08-02T19:56:52.116+0000] {logging_mixin.py:188} INFO - [2026-08-02T19:56:52.116+0000] {dag.py:3947} INFO - Setting next_dagrun for first_orchestrator to 2026-08-02 19:00:00+00:00, run_after=2026-08-02 20:00:00+00:00
[2026-08-02T19:56:52.601+0000] {processor.py:183} INFO - Processing /opt/airflow/dags/orchestration.py took 1.975 seconds
[2026-08-02T19:59:39.003+0000] {processor.py:161} INFO - Started process (PID=168) to work on /opt/airflow/dags/orchestration.py
[2026-08-02T19:59:39.047+0000] {processor.py:830} INFO - Processing file /opt/airflow/dags/orchestration.py for tasks to queue
[2026-08-02T19:59:39.106+0000] {logging_mixin.py:188} INFO - [2026-08-02T19:59:39.101+0000] {dagbag.py:545} INFO - Filling up the DagBag from /opt/airflow/dags/orchestration.py
[2026-08-02T19:59:58.950+0000] {processor.py:840} INFO - DAG(s) 'first_orchestrator' retrieved from /opt/airflow/dags/orchestration.py
[2026-08-02T19:59:59.468+0000] {logging_mixin.py:188} INFO - [2026-08-02T19:59:59.467+0000] {dag.py:3089} INFO - Sync 1 DAGs
[2026-08-02T19:59:59.523+0000] {logging_mixin.py:188} INFO - [2026-08-02T19:59:59.522+0000] {dag.py:3947} INFO - Setting next_dagrun for first_orchestrator to 2026-08-02 19:00:00+00:00, run_after=2026-08-02 20:00:00+00:00
[2026-08-02T19:59:59.574+0000] {processor.py:183} INFO - Processing /opt/airflow/dags/orchestration.py took 20.928 seconds
[2026-08-02T20:00:31.301+0000] {processor.py:161} INFO - Started process (PID=200) to work on /opt/airflow/dags/orchestration.py
[2026-08-02T20:00:31.378+0000] {processor.py:830} INFO - Processing file /opt/airflow/dags/orchestration.py for tasks to queue
[2026-08-02T20:00:31.489+0000] {logging_mixin.py:188} INFO - [2026-08-02T20:00:31.474+0000] {dagbag.py:545} INFO - Filling up the DagBag from /opt/airflow/dags/orchestration.py
[2026-08-02T20:00:45.739+0000] {processor.py:840} INFO - DAG(s) 'first_orchestrator' retrieved from /opt/airflow/dags/orchestration.py
[2026-08-02T20:00:45.868+0000] {logging_mixin.py:188} INFO - [2026-08-02T20:00:45.867+0000] {dag.py:3089} INFO - Sync 1 DAGs
[2026-08-02T20:00:45.918+0000] {logging_mixin.py:188} INFO - [2026-08-02T20:00:45.918+0000] {dag.py:3947} INFO - Setting next_dagrun for first_orchestrator to 2026-08-02 20:00:00+00:00, run_after=2026-08-02 21:00:00+00:00
[2026-08-02T20:00:45.972+0000] {processor.py:183} INFO - Processing /opt/airflow/dags/orchestration.py took 14.954 seconds
[2026-08-02T20:01:16.628+0000] {processor.py:161} INFO - Started process (PID=276) to work on /opt/airflow/dags/orchestration.py
[2026-08-02T20:01:16.630+0000] {processor.py:830} INFO - Processing file /opt/airflow/dags/orchestration.py for tasks to queue
[2026-08-02T20:01:16.635+0000] {logging_mixin.py:188} INFO - [2026-08-02T20:01:16.634+0000] {dagbag.py:545} INFO - Filling up the DagBag from /opt/airflow/dags/orchestration.py
[2026-08-02T20:01:18.469+0000] {processor.py:840} INFO - DAG(s) 'first_orchestrator' retrieved from /opt/airflow/dags/orchestration.py
[2026-08-02T20:01:18.519+0000] {logging_mixin.py:188} INFO - [2026-08-02T20:01:18.518+0000] {dag.py:3089} INFO - Sync 1 DAGs
[2026-08-02T20:01:18.555+0000] {logging_mixin.py:188} INFO - [2026-08-02T20:01:18.554+0000] {dag.py:3947} INFO - Setting next_dagrun for first_orchestrator to 2026-08-02 20:00:00+00:00, run_after=2026-08-02 21:00:00+00:00
[2026-08-02T20:01:18.589+0000] {processor.py:183} INFO - Processing /opt/airflow/dags/orchestration.py took 1.975 seconds
[2026-08-02T20:01:53.250+0000] {processor.py:161} INFO - Started process (PID=292) to work on /opt/airflow/dags/orchestration.py
[2026-08-02T20:01:53.303+0000] {processor.py:830} INFO - Processing file /opt/airflow/dags/orchestration.py for tasks to queue
[2026-08-02T20:01:53.415+0000] {logging_mixin.py:188} INFO - [2026-08-02T20:01:53.409+0000] {dagbag.py:545} INFO - Filling up the DagBag from /opt/airflow/dags/orchestration.py
[2026-08-02T20:02:16.663+0000] {processor.py:840} INFO - DAG(s) 'first_orchestrator' retrieved from /opt/airflow/dags/orchestration.py
[2026-08-02T20:02:16.822+0000] {logging_mixin.py:188} INFO - [2026-08-02T20:02:16.820+0000] {dag.py:3089} INFO - Sync 1 DAGs
[2026-08-02T20:02:18.394+0000] {logging_mixin.py:188} INFO - [2026-08-02T20:02:18.394+0000] {dag.py:3947} INFO - Setting next_dagrun for first_orchestrator to 2026-08-02 20:00:00+00:00, run_after=2026-08-02 21:00:00+00:00
[2026-08-02T20:02:18.713+0000] {processor.py:183} INFO - Processing /opt/airflow/dags/orchestration.py took 26.317 seconds
[2026-08-02T20:02:49.536+0000] {processor.py:161} INFO - Started process (PID=313) to work on /opt/airflow/dags/orchestration.py
[2026-08-02T20:02:49.538+0000] {processor.py:830} INFO - Processing file /opt/airflow/dags/orchestration.py for tasks to queue
[2026-08-02T20:02:49.576+0000] {logging_mixin.py:188} INFO - [2026-08-02T20:02:49.575+0000] {dagbag.py:545} INFO - Filling up the DagBag from /opt/airflow/dags/orchestration.py
[2026-08-02T20:03:07.581+0000] {processor.py:840} INFO - DAG(s) 'first_orchestrator' retrieved from /opt/airflow/dags/orchestration.py
[2026-08-02T20:03:07.899+0000] {logging_mixin.py:188} INFO - [2026-08-02T20:03:07.898+0000] {dag.py:3089} INFO - Sync 1 DAGs
[2026-08-02T20:03:08.112+0000] {logging_mixin.py:188} INFO - [2026-08-02T20:03:08.112+0000] {dag.py:3947} INFO - Setting next_dagrun for first_orchestrator to 2026-08-02 20:00:00+00:00, run_after=2026-08-02 21:00:00+00:00
[2026-08-02T20:03:08.440+0000] {processor.py:183} INFO - Processing /opt/airflow/dags/orchestration.py took 18.918 seconds
[2026-08-02T20:03:39.336+0000] {processor.py:161} INFO - Started process (PID=357) to work on /opt/airflow/dags/orchestration.py
[2026-08-02T20:03:39.353+0000] {processor.py:830} INFO - Processing file /opt/airflow/dags/orchestration.py for tasks to queue
[2026-08-02T20:03:39.359+0000] {logging_mixin.py:188} INFO - [2026-08-02T20:03:39.358+0000] {dagbag.py:545} INFO - Filling up the DagBag from /opt/airflow/dags/orchestration.py
[2026-08-02T20:03:44.898+0000] {processor.py:840} INFO - DAG(s) 'first_orchestrator' retrieved from /opt/airflow/dags/orchestration.py
[2026-08-02T20:03:45.348+0000] {logging_mixin.py:188} INFO - [2026-08-02T20:03:45.347+0000] {dag.py:3089} INFO - Sync 1 DAGs
[2026-08-02T20:03:49.102+0000] {logging_mixin.py:188} INFO - [2026-08-02T20:03:49.101+0000] {dag.py:3947} INFO - Setting next_dagrun for first_orchestrator to 2026-08-02 20:00:00+00:00, run_after=2026-08-02 21:00:00+00:00
[2026-08-02T20:03:49.167+0000] {processor.py:183} INFO - Processing /opt/airflow/dags/orchestration.py took 9.895 seconds
[2026-08-02T20:04:19.514+0000] {processor.py:161} INFO - Started process (PID=397) to work on /opt/airflow/dags/orchestration.py
[2026-08-02T20:04:19.520+0000] {processor.py:830} INFO - Processing file /opt/airflow/dags/orchestration.py for tasks to queue
[2026-08-02T20:04:19.528+0000] {logging_mixin.py:188} INFO - [2026-08-02T20:04:19.527+0000] {dagbag.py:545} INFO - Filling up the DagBag from /opt/airflow/dags/orchestration.py
[2026-08-02T20:04:21.045+0000] {processor.py:840} INFO - DAG(s) 'first_orchestrator' retrieved from /opt/airflow/dags/orchestration.py
[2026-08-02T20:04:22.471+0000] {logging_mixin.py:188} INFO - [2026-08-02T20:04:22.470+0000] {dag.py:3089} INFO - Sync 1 DAGs
[2026-08-02T20:04:22.528+0000] {logging_mixin.py:188} INFO - [2026-08-02T20:04:22.528+0000] {dag.py:3947} INFO - Setting next_dagrun for first_orchestrator to 2026-08-02 20:00:00+00:00, run_after=2026-08-02 21:00:00+00:00
[2026-08-02T20:04:22.575+0000] {processor.py:183} INFO - Processing /opt/airflow/dags/orchestration.py took 3.085 seconds
[2026-08-02T20:04:53.421+0000] {processor.py:161} INFO - Started process (PID=427) to work on /opt/airflow/dags/orchestration.py
[2026-08-02T20:04:53.424+0000] {processor.py:830} INFO - Processing file /opt/airflow/dags/orchestration.py for tasks to queue
[2026-08-02T20:04:53.430+0000] {logging_mixin.py:188} INFO - [2026-08-02T20:04:53.429+0000] {dagbag.py:545} INFO - Filling up the DagBag from /opt/airflow/dags/orchestration.py
[2026-08-02T20:04:55.355+0000] {processor.py:840} INFO - DAG(s) 'first_orchestrator' retrieved from /opt/airflow/dags/orchestration.py
[2026-08-02T20:04:55.408+0000] {logging_mixin.py:188} INFO - [2026-08-02T20:04:55.407+0000] {dag.py:3089} INFO - Sync 1 DAGs
[2026-08-02T20:04:55.446+0000] {logging_mixin.py:188} INFO - [2026-08-02T20:04:55.446+0000] {dag.py:3947} INFO - Setting next_dagrun for first_orchestrator to 2026-08-02 20:00:00+00:00, run_after=2026-08-02 21:00:00+00:00
[2026-08-02T20:04:55.485+0000] {processor.py:183} INFO - Processing /opt/airflow/dags/orchestration.py took 2.085 seconds
[2026-08-02T20:05:26.303+0000] {processor.py:161} INFO - Started process (PID=448) to work on /opt/airflow/dags/orchestration.py
[2026-08-02T20:05:26.305+0000] {processor.py:830} INFO - Processing file /opt/airflow/dags/orchestration.py for tasks to queue
[2026-08-02T20:05:26.310+0000] {logging_mixin.py:188} INFO - [2026-08-02T20:05:26.309+0000] {dagbag.py:545} INFO - Filling up the DagBag from /opt/airflow/dags/orchestration.py
[2026-08-02T20:05:27.796+0000] {processor.py:840} INFO - DAG(s) 'first_orchestrator' retrieved from /opt/airflow/dags/orchestration.py
[2026-08-02T20:05:27.861+0000] {logging_mixin.py:188} INFO - [2026-08-02T20:05:27.860+0000] {dag.py:3089} INFO - Sync 1 DAGs
[2026-08-02T20:05:27.913+0000] {logging_mixin.py:188} INFO - [2026-08-02T20:05:27.912+0000] {dag.py:3947} INFO - Setting next_dagrun for first_orchestrator to 2026-08-02 20:00:00+00:00, run_after=2026-08-02 21:00:00+00:00
[2026-08-02T20:05:27.956+0000] {processor.py:183} INFO - Processing /opt/airflow/dags/orchestration.py took 1.668 seconds
[2026-08-02T20:05:58.746+0000] {processor.py:161} INFO - Started process (PID=464) to work on /opt/airflow/dags/orchestration.py
[2026-08-02T20:05:58.749+0000] {processor.py:830} INFO - Processing file /opt/airflow/dags/orchestration.py for tasks to queue
[2026-08-02T20:05:58.753+0000] {logging_mixin.py:188} INFO - [2026-08-02T20:05:58.752+0000] {dagbag.py:545} INFO - Filling up the DagBag from /opt/airflow/dags/orchestration.py
[2026-08-02T20:06:00.211+0000] {processor.py:840} INFO - DAG(s) 'first_orchestrator' retrieved from /opt/airflow/dags/orchestration.py
[2026-08-02T20:06:00.271+0000] {logging_mixin.py:188} INFO - [2026-08-02T20:06:00.270+0000] {dag.py:3089} INFO - Sync 1 DAGs
[2026-08-02T20:06:00.323+0000] {logging_mixin.py:188} INFO - [2026-08-02T20:06:00.322+0000] {dag.py:3947} INFO - Setting next_dagrun for first_orchestrator to 2026-08-02 20:00:00+00:00, run_after=2026-08-02 21:00:00+00:00
[2026-08-02T20:06:00.682+0000] {processor.py:183} INFO - Processing /opt/airflow/dags/orchestration.py took 1.950 seconds
[2026-08-02T20:06:31.427+0000] {processor.py:161} INFO - Started process (PID=480) to work on /opt/airflow/dags/orchestration.py
[2026-08-02T20:06:31.430+0000] {processor.py:830} INFO - Processing file /opt/airflow/dags/orchestration.py for tasks to queue
[2026-08-02T20:06:31.436+0000] {logging_mixin.py:188} INFO - [2026-08-02T20:06:31.435+0000] {dagbag.py:545} INFO - Filling up the DagBag from /opt/airflow/dags/orchestration.py
[2026-08-02T20:06:32.812+0000] {processor.py:840} INFO - DAG(s) 'first_orchestrator' retrieved from /opt/airflow/dags/orchestration.py
[2026-08-02T20:06:32.870+0000] {logging_mixin.py:188} INFO - [2026-08-02T20:06:32.869+0000] {dag.py:3089} INFO - Sync 1 DAGs
[2026-08-02T20:06:33.251+0000] {logging_mixin.py:188} INFO - [2026-08-02T20:06:33.250+0000] {dag.py:3947} INFO - Setting next_dagrun for first_orchestrator to 2026-08-02 20:00:00+00:00, run_after=2026-08-02 21:00:00+00:00
[2026-08-02T20:06:33.284+0000] {processor.py:183} INFO - Processing /opt/airflow/dags/orchestration.py took 1.871 seconds
[2026-08-02T20:07:04.140+0000] {processor.py:161} INFO - Started process (PID=496) to work on /opt/airflow/dags/orchestration.py
[2026-08-02T20:07:04.143+0000] {processor.py:830} INFO - Processing file /opt/airflow/dags/orchestration.py for tasks to queue
[2026-08-02T20:07:04.149+0000] {logging_mixin.py:188} INFO - [2026-08-02T20:07:04.148+0000] {dagbag.py:545} INFO - Filling up the DagBag from /opt/airflow/dags/orchestration.py
[2026-08-02T20:07:05.503+0000] {processor.py:840} INFO - DAG(s) 'first_orchestrator' retrieved from /opt/airflow/dags/orchestration.py
[2026-08-02T20:07:05.826+0000] {logging_mixin.py:188} INFO - [2026-08-02T20:07:05.563+0000] {dag.py:3089} INFO - Sync 1 DAGs
[2026-08-02T20:07:05.870+0000] {logging_mixin.py:188} INFO - [2026-08-02T20:07:05.870+0000] {dag.py:3947} INFO - Setting next_dagrun for first_orchestrator to 2026-08-02 20:00:00+00:00, run_after=2026-08-02 21:00:00+00:00
[2026-08-02T20:07:05.908+0000] {processor.py:183} INFO - Processing /opt/airflow/dags/orchestration.py took 1.791 seconds
[2026-08-02T20:07:36.673+0000] {processor.py:161} INFO - Started process (PID=512) to work on /opt/airflow/dags/orchestration.py
[2026-08-02T20:07:36.676+0000] {processor.py:830} INFO - Processing file /opt/airflow/dags/orchestration.py for tasks to queue
[2026-08-02T20:07:36.680+0000] {logging_mixin.py:188} INFO - [2026-08-02T20:07:36.679+0000] {dagbag.py:545} INFO - Filling up the DagBag from /opt/airflow/dags/orchestration.py
[2026-08-02T20:07:37.978+0000] {processor.py:840} INFO - DAG(s) 'first_orchestrator' retrieved from /opt/airflow/dags/orchestration.py
[2026-08-02T20:07:38.383+0000] {logging_mixin.py:188} INFO - [2026-08-02T20:07:38.383+0000] {dag.py:3089} INFO - Sync 1 DAGs
[2026-08-02T20:07:38.421+0000] {logging_mixin.py:188} INFO - [2026-08-02T20:07:38.421+0000] {dag.py:3947} INFO - Setting next_dagrun for first_orchestrator to 2026-08-02 20:00:00+00:00, run_after=2026-08-02 21:00:00+00:00
[2026-08-02T20:07:38.458+0000] {processor.py:183} INFO - Processing /opt/airflow/dags/orchestration.py took 1.800 seconds
[2026-08-02T20:08:09.269+0000] {processor.py:161} INFO - Started process (PID=528) to work on /opt/airflow/dags/orchestration.py
[2026-08-02T20:08:09.271+0000] {processor.py:830} INFO - Processing file /opt/airflow/dags/orchestration.py for tasks to queue
[2026-08-02T20:08:09.276+0000] {logging_mixin.py:188} INFO - [2026-08-02T20:08:09.275+0000] {dagbag.py:545} INFO - Filling up the DagBag from /opt/airflow/dags/orchestration.py
[2026-08-02T20:08:10.630+0000] {processor.py:840} INFO - DAG(s) 'first_orchestrator' retrieved from /opt/airflow/dags/orchestration.py
[2026-08-02T20:08:10.686+0000] {logging_mixin.py:188} INFO - [2026-08-02T20:08:10.686+0000] {dag.py:3089} INFO - Sync 1 DAGs
[2026-08-02T20:08:10.729+0000] {logging_mixin.py:188} INFO - [2026-08-02T20:08:10.729+0000] {dag.py:3947} INFO - Setting next_dagrun for first_orchestrator to 2026-08-02 20:00:00+00:00, run_after=2026-08-02 21:00:00+00:00
[2026-08-02T20:08:10.766+0000] {processor.py:183} INFO - Processing /opt/airflow/dags/orchestration.py took 1.517 seconds
[2026-08-02T20:08:41.599+0000] {processor.py:161} INFO - Started process (PID=544) to work on /opt/airflow/dags/orchestration.py
[2026-08-02T20:08:41.601+0000] {processor.py:830} INFO - Processing file /opt/airflow/dags/orchestration.py for tasks to queue
[2026-08-02T20:08:41.608+0000] {logging_mixin.py:188} INFO - [2026-08-02T20:08:41.607+0000] {dagbag.py:545} INFO - Filling up the DagBag from /opt/airflow/dags/orchestration.py
[2026-08-02T20:08:43.117+0000] {processor.py:840} INFO - DAG(s) 'first_orchestrator' retrieved from /opt/airflow/dags/orchestration.py
[2026-08-02T20:08:43.211+0000] {logging_mixin.py:188} INFO - [2026-08-02T20:08:43.209+0000] {dag.py:3089} INFO - Sync 1 DAGs
[2026-08-02T20:08:43.274+0000] {logging_mixin.py:188} INFO - [2026-08-02T20:08:43.273+0000] {dag.py:3947} INFO - Setting next_dagrun for first_orchestrator to 2026-08-02 20:00:00+00:00, run_after=2026-08-02 21:00:00+00:00
[2026-08-02T20:08:43.820+0000] {processor.py:183} INFO - Processing /opt/airflow/dags/orchestration.py took 2.237 seconds
[2026-08-02T20:09:14.390+0000] {processor.py:161} INFO - Started process (PID=560) to work on /opt/airflow/dags/orchestration.py
[2026-08-02T20:09:14.393+0000] {processor.py:830} INFO - Processing file /opt/airflow/dags/orchestration.py for tasks to queue
[2026-08-02T20:09:14.398+0000] {logging_mixin.py:188} INFO - [2026-08-02T20:09:14.398+0000] {dagbag.py:545} INFO - Filling up the DagBag from /opt/airflow/dags/orchestration.py
[2026-08-02T20:09:15.782+0000] {processor.py:840} INFO - DAG(s) 'first_orchestrator' retrieved from /opt/airflow/dags/orchestration.py
[2026-08-02T20:09:15.841+0000] {logging_mixin.py:188} INFO - [2026-08-02T20:09:15.840+0000] {dag.py:3089} INFO - Sync 1 DAGs
[2026-08-02T20:09:16.234+0000] {logging_mixin.py:188} INFO - [2026-08-02T20:09:16.234+0000] {dag.py:3947} INFO - Setting next_dagrun for first_orchestrator to 2026-08-02 20:00:00+00:00, run_after=2026-08-02 21:00:00+00:00
[2026-08-02T20:09:16.266+0000] {processor.py:183} INFO - Processing /opt/airflow/dags/orchestration.py took 1.892 seconds
[2026-08-02T20:09:47.206+0000] {processor.py:161} INFO - Started process (PID=576) to work on /opt/airflow/dags/orchestration.py
[2026-08-02T20:09:47.208+0000] {processor.py:830} INFO - Processing file /opt/airflow/dags/orchestration.py for tasks to queue
[2026-08-02T20:09:47.213+0000] {logging_mixin.py:188} INFO - [2026-08-02T20:09:47.212+0000] {dagbag.py:545} INFO - Filling up the DagBag from /opt/airflow/dags/orchestration.py
[2026-08-02T20:09:48.538+0000] {processor.py:840} INFO - DAG(s) 'first_orchestrator' retrieved from /opt/airflow/dags/orchestration.py
[2026-08-02T20:09:48.597+0000] {logging_mixin.py:188} INFO - [2026-08-02T20:09:48.596+0000] {dag.py:3089} INFO - Sync 1 DAGs
[2026-08-02T20:09:49.015+0000] {logging_mixin.py:188} INFO - [2026-08-02T20:09:49.014+0000] {dag.py:3947} INFO - Setting next_dagrun for first_orchestrator to 2026-08-02 20:00:00+00:00, run_after=2026-08-02 21:00:00+00:00
[2026-08-02T20:09:49.051+0000] {processor.py:183} INFO - Processing /opt/airflow/dags/orchestration.py took 1.860 seconds
[2026-08-02T20:10:19.836+0000] {processor.py:161} INFO - Started process (PID=592) to work on /opt/airflow/dags/orchestration.py
[2026-08-02T20:10:19.838+0000] {processor.py:830} INFO - Processing file /opt/airflow/dags/orchestration.py for tasks to queue
[2026-08-02T20:10:19.842+0000] {logging_mixin.py:188} INFO - [2026-08-02T20:10:19.841+0000] {dagbag.py:545} INFO - Filling up the DagBag from /opt/airflow/dags/orchestration.py
[2026-08-02T20:10:21.147+0000] {processor.py:840} INFO - DAG(s) 'first_orchestrator' retrieved from /opt/airflow/dags/orchestration.py
[2026-08-02T20:10:21.591+0000] {logging_mixin.py:188} INFO - [2026-08-02T20:10:21.589+0000] {dag.py:3089} INFO - Sync 1 DAGs
[2026-08-02T20:10:21.638+0000] {logging_mixin.py:188} INFO - [2026-08-02T20:10:21.637+0000] {dag.py:3947} INFO - Setting next_dagrun for first_orchestrator to 2026-08-02 20:00:00+00:00, run_after=2026-08-02 21:00:00+00:00
[2026-08-02T20:10:21.674+0000] {processor.py:183} INFO - Processing /opt/airflow/dags/orchestration.py took 1.853 seconds
[2026-08-02T20:10:51.972+0000] {processor.py:161} INFO - Started process (PID=608) to work on /opt/airflow/dags/orchestration.py
[2026-08-02T20:10:51.975+0000] {processor.py:830} INFO - Processing file /opt/airflow/dags/orchestration.py for tasks to queue
[2026-08-02T20:10:51.979+0000] {logging_mixin.py:188} INFO - [2026-08-02T20:10:51.978+0000] {dagbag.py:545} INFO - Filling up the DagBag from /opt/airflow/dags/orchestration.py
[2026-08-02T20:10:53.446+0000] {processor.py:840} INFO - DAG(s) 'first_orchestrator' retrieved from /opt/airflow/dags/orchestration.py
[2026-08-02T20:10:53.910+0000] {logging_mixin.py:188} INFO - [2026-08-02T20:10:53.909+0000] {dag.py:3089} INFO - Sync 1 DAGs
[2026-08-02T20:10:53.952+0000] {logging_mixin.py:188} INFO - [2026-08-02T20:10:53.951+0000] {dag.py:3947} INFO - Setting next_dagrun for first_orchestrator to 2026-08-02 20:00:00+00:00, run_after=2026-08-02 21:00:00+00:00
[2026-08-02T20:10:53.988+0000] {processor.py:183} INFO - Processing /opt/airflow/dags/orchestration.py took 2.032 seconds
[2026-08-02T23:11:26.663+0000] {processor.py:161} INFO - Started process (PID=624) to work on /opt/airflow/dags/orchestration.py
[2026-08-02T23:11:26.690+0000] {processor.py:830} INFO - Processing file /opt/airflow/dags/orchestration.py for tasks to queue
[2026-08-02T23:11:26.719+0000] {logging_mixin.py:188} INFO - [2026-08-02T23:11:26.717+0000] {dagbag.py:545} INFO - Filling up the DagBag from /opt/airflow/dags/orchestration.py
[2026-08-02T23:11:28.919+0000] {processor.py:840} INFO - DAG(s) 'first_orchestrator' retrieved from /opt/airflow/dags/orchestration.py
[2026-08-02T23:11:29.075+0000] {logging_mixin.py:188} INFO - [2026-08-02T23:11:29.074+0000] {dag.py:3089} INFO - Sync 1 DAGs
[2026-08-02T23:11:29.115+0000] {logging_mixin.py:188} INFO - [2026-08-02T23:11:29.115+0000] {dag.py:3947} INFO - Setting next_dagrun for first_orchestrator to 2026-08-02 22:00:00+00:00, run_after=2026-08-02 23:00:00+00:00
[2026-08-02T23:11:29.265+0000] {processor.py:183} INFO - Processing /opt/airflow/dags/orchestration.py took 2.623 seconds
