[2026-08-09T00:59:42.647+0000] {processor.py:161} INFO - Started process (PID=2765) to work on /opt/airflow/dags/feature_pipeline_dag.py
[2026-08-09T00:59:42.654+0000] {processor.py:830} INFO - Processing file /opt/airflow/dags/feature_pipeline_dag.py for tasks to queue
[2026-08-09T00:59:42.662+0000] {logging_mixin.py:188} INFO - [2026-08-09T00:59:42.661+0000] {dagbag.py:545} INFO - Filling up the DagBag from /opt/airflow/dags/feature_pipeline_dag.py
[2026-08-09T00:59:44.655+0000] {processor.py:840} INFO - DAG(s) 'feature_pipeline' retrieved from /opt/airflow/dags/feature_pipeline_dag.py
[2026-08-09T00:59:44.703+0000] {logging_mixin.py:188} INFO - [2026-08-09T00:59:44.702+0000] {dag.py:3089} INFO - Sync 1 DAGs
[2026-08-09T00:59:44.739+0000] {logging_mixin.py:188} INFO - [2026-08-09T00:59:44.738+0000] {dag.py:3947} INFO - Setting next_dagrun for feature_pipeline to 2026-08-09 00:00:00+00:00, run_after=2026-08-09 01:00:00+00:00
[2026-08-09T00:59:44.774+0000] {processor.py:183} INFO - Processing /opt/airflow/dags/feature_pipeline_dag.py took 2.197 seconds
[2026-08-09T13:40:44.948+0000] {processor.py:161} INFO - Started process (PID=167) to work on /opt/airflow/dags/feature_pipeline_dag.py
[2026-08-09T13:40:44.953+0000] {processor.py:830} INFO - Processing file /opt/airflow/dags/feature_pipeline_dag.py for tasks to queue
[2026-08-09T13:40:44.963+0000] {logging_mixin.py:188} INFO - [2026-08-09T13:40:44.962+0000] {dagbag.py:545} INFO - Filling up the DagBag from /opt/airflow/dags/feature_pipeline_dag.py
[2026-08-09T13:40:55.992+0000] {processor.py:840} INFO - DAG(s) 'feature_pipeline' retrieved from /opt/airflow/dags/feature_pipeline_dag.py
[2026-08-09T13:40:56.184+0000] {logging_mixin.py:188} INFO - [2026-08-09T13:40:56.183+0000] {dag.py:3089} INFO - Sync 1 DAGs
[2026-08-09T13:40:56.241+0000] {logging_mixin.py:188} INFO - [2026-08-09T13:40:56.241+0000] {dag.py:3947} INFO - Setting next_dagrun for feature_pipeline to 2026-08-09 13:00:00+00:00, run_after=2026-08-09 14:00:00+00:00
[2026-08-09T13:40:56.297+0000] {processor.py:183} INFO - Processing /opt/airflow/dags/feature_pipeline_dag.py took 11.380 seconds
[2026-08-09T13:41:27.605+0000] {processor.py:161} INFO - Started process (PID=220) to work on /opt/airflow/dags/feature_pipeline_dag.py
[2026-08-09T13:41:27.628+0000] {processor.py:830} INFO - Processing file /opt/airflow/dags/feature_pipeline_dag.py for tasks to queue
[2026-08-09T13:41:27.737+0000] {logging_mixin.py:188} INFO - [2026-08-09T13:41:27.731+0000] {dagbag.py:545} INFO - Filling up the DagBag from /opt/airflow/dags/feature_pipeline_dag.py
[2026-08-09T13:44:37.514+0000] {processor.py:161} INFO - Started process (PID=239) to work on /opt/airflow/dags/feature_pipeline_dag.py
[2026-08-09T13:44:38.991+0000] {processor.py:830} INFO - Processing file /opt/airflow/dags/feature_pipeline_dag.py for tasks to queue
[2026-08-09T13:44:39.683+0000] {logging_mixin.py:188} INFO - [2026-08-09T13:44:39.364+0000] {dagbag.py:545} INFO - Filling up the DagBag from /opt/airflow/dags/feature_pipeline_dag.py
[2026-08-09T13:45:17.719+0000] {logging_mixin.py:188} INFO - [2026-08-09T13:45:17.718+0000] {timeout.py:68} ERROR - Process timed out, PID: 239
[2026-08-09T13:45:17.721+0000] {logging_mixin.py:188} WARNING - Exception ignored in: <bound method _MultipleClassMarker._remove_item of <sqlalchemy.orm.clsregistry._MultipleClassMarker object at 0x7ccb8cc7ce00>>
[2026-08-09T13:45:17.723+0000] {logging_mixin.py:188} WARNING - Traceback (most recent call last):
[2026-08-09T13:45:17.724+0000] {logging_mixin.py:188} WARNING -   File "/home/airflow/.local/lib/python3.11/site-packages/sqlalchemy/orm/clsregistry.py", line 157, in _remove_item
[2026-08-09T13:45:17.731+0000] {logging_mixin.py:188} WARNING -     def _remove_item(self, ref):
[2026-08-09T13:45:17.733+0000] {logging_mixin.py:188} WARNING -   File "/home/airflow/.local/lib/python3.11/site-packages/airflow/utils/timeout.py", line 69, in handle_timeout
[2026-08-09T13:45:17.737+0000] {logging_mixin.py:188} WARNING -     raise AirflowTaskTimeout(self.error_message)
[2026-08-09T13:45:17.738+0000] {logging_mixin.py:188} WARNING - airflow.exceptions.AirflowTaskTimeout: DagBag import timeout for /opt/airflow/dags/feature_pipeline_dag.py after 30.0s.
Please take a look at these docs to improve your DAG import time:
* https://airflow.apache.org/docs/apache-airflow/2.9.3/best-practices.html#top-level-python-code
* https://airflow.apache.org/docs/apache-airflow/2.9.3/best-practices.html#reducing-dag-complexity, PID: 239
[2026-08-09T13:45:50.182+0000] {processor.py:161} INFO - Started process (PID=247) to work on /opt/airflow/dags/feature_pipeline_dag.py
[2026-08-09T13:45:50.185+0000] {processor.py:830} INFO - Processing file /opt/airflow/dags/feature_pipeline_dag.py for tasks to queue
[2026-08-09T13:45:50.188+0000] {logging_mixin.py:188} INFO - [2026-08-09T13:45:50.187+0000] {dagbag.py:545} INFO - Filling up the DagBag from /opt/airflow/dags/feature_pipeline_dag.py
[2026-08-09T13:45:52.022+0000] {processor.py:840} INFO - DAG(s) 'feature_pipeline' retrieved from /opt/airflow/dags/feature_pipeline_dag.py
[2026-08-09T13:45:53.323+0000] {logging_mixin.py:188} INFO - [2026-08-09T13:45:53.322+0000] {dag.py:3089} INFO - Sync 1 DAGs
[2026-08-09T13:45:53.368+0000] {logging_mixin.py:188} INFO - [2026-08-09T13:45:53.368+0000] {dag.py:3947} INFO - Setting next_dagrun for feature_pipeline to 2026-08-09 13:00:00+00:00, run_after=2026-08-09 14:00:00+00:00
[2026-08-09T13:45:53.409+0000] {processor.py:183} INFO - Processing /opt/airflow/dags/feature_pipeline_dag.py took 3.250 seconds
[2026-08-09T13:46:24.057+0000] {processor.py:161} INFO - Started process (PID=259) to work on /opt/airflow/dags/feature_pipeline_dag.py
[2026-08-09T13:46:24.063+0000] {processor.py:830} INFO - Processing file /opt/airflow/dags/feature_pipeline_dag.py for tasks to queue
[2026-08-09T13:46:24.066+0000] {logging_mixin.py:188} INFO - [2026-08-09T13:46:24.065+0000] {dagbag.py:545} INFO - Filling up the DagBag from /opt/airflow/dags/feature_pipeline_dag.py
[2026-08-09T13:46:26.755+0000] {processor.py:840} INFO - DAG(s) 'feature_pipeline' retrieved from /opt/airflow/dags/feature_pipeline_dag.py
[2026-08-09T13:46:34.100+0000] {logging_mixin.py:188} INFO - [2026-08-09T13:46:34.099+0000] {dag.py:3089} INFO - Sync 1 DAGs
[2026-08-09T13:46:34.642+0000] {logging_mixin.py:188} INFO - [2026-08-09T13:46:34.642+0000] {dag.py:3947} INFO - Setting next_dagrun for feature_pipeline to 2026-08-09 13:00:00+00:00, run_after=2026-08-09 14:00:00+00:00
[2026-08-09T13:46:34.815+0000] {processor.py:183} INFO - Processing /opt/airflow/dags/feature_pipeline_dag.py took 12.857 seconds
[2026-08-09T13:47:05.211+0000] {processor.py:161} INFO - Started process (PID=271) to work on /opt/airflow/dags/feature_pipeline_dag.py
[2026-08-09T13:47:05.214+0000] {processor.py:830} INFO - Processing file /opt/airflow/dags/feature_pipeline_dag.py for tasks to queue
[2026-08-09T13:47:05.217+0000] {logging_mixin.py:188} INFO - [2026-08-09T13:47:05.216+0000] {dagbag.py:545} INFO - Filling up the DagBag from /opt/airflow/dags/feature_pipeline_dag.py
[2026-08-09T13:47:07.516+0000] {processor.py:840} INFO - DAG(s) 'feature_pipeline' retrieved from /opt/airflow/dags/feature_pipeline_dag.py
[2026-08-09T13:47:07.613+0000] {logging_mixin.py:188} INFO - [2026-08-09T13:47:07.611+0000] {dag.py:3089} INFO - Sync 1 DAGs
[2026-08-09T13:47:07.687+0000] {logging_mixin.py:188} INFO - [2026-08-09T13:47:07.686+0000] {dag.py:3947} INFO - Setting next_dagrun for feature_pipeline to 2026-08-09 13:00:00+00:00, run_after=2026-08-09 14:00:00+00:00
[2026-08-09T13:47:07.739+0000] {processor.py:183} INFO - Processing /opt/airflow/dags/feature_pipeline_dag.py took 2.552 seconds
[2026-08-09T13:47:38.524+0000] {processor.py:161} INFO - Started process (PID=283) to work on /opt/airflow/dags/feature_pipeline_dag.py
[2026-08-09T13:47:38.526+0000] {processor.py:830} INFO - Processing file /opt/airflow/dags/feature_pipeline_dag.py for tasks to queue
[2026-08-09T13:47:38.528+0000] {logging_mixin.py:188} INFO - [2026-08-09T13:47:38.528+0000] {dagbag.py:545} INFO - Filling up the DagBag from /opt/airflow/dags/feature_pipeline_dag.py
[2026-08-09T13:47:40.161+0000] {processor.py:840} INFO - DAG(s) 'feature_pipeline' retrieved from /opt/airflow/dags/feature_pipeline_dag.py
[2026-08-09T13:47:40.237+0000] {logging_mixin.py:188} INFO - [2026-08-09T13:47:40.236+0000] {dag.py:3089} INFO - Sync 1 DAGs
[2026-08-09T13:47:40.300+0000] {logging_mixin.py:188} INFO - [2026-08-09T13:47:40.300+0000] {dag.py:3947} INFO - Setting next_dagrun for feature_pipeline to 2026-08-09 13:00:00+00:00, run_after=2026-08-09 14:00:00+00:00
[2026-08-09T13:47:40.775+0000] {processor.py:183} INFO - Processing /opt/airflow/dags/feature_pipeline_dag.py took 2.268 seconds
[2026-08-09T13:48:11.545+0000] {processor.py:161} INFO - Started process (PID=295) to work on /opt/airflow/dags/feature_pipeline_dag.py
[2026-08-09T13:48:11.548+0000] {processor.py:830} INFO - Processing file /opt/airflow/dags/feature_pipeline_dag.py for tasks to queue
[2026-08-09T13:48:11.550+0000] {logging_mixin.py:188} INFO - [2026-08-09T13:48:11.550+0000] {dagbag.py:545} INFO - Filling up the DagBag from /opt/airflow/dags/feature_pipeline_dag.py
[2026-08-09T13:48:13.541+0000] {processor.py:840} INFO - DAG(s) 'feature_pipeline' retrieved from /opt/airflow/dags/feature_pipeline_dag.py
[2026-08-09T13:48:13.634+0000] {logging_mixin.py:188} INFO - [2026-08-09T13:48:13.633+0000] {dag.py:3089} INFO - Sync 1 DAGs
[2026-08-09T13:48:14.189+0000] {logging_mixin.py:188} INFO - [2026-08-09T13:48:14.188+0000] {dag.py:3947} INFO - Setting next_dagrun for feature_pipeline to 2026-08-09 13:00:00+00:00, run_after=2026-08-09 14:00:00+00:00
[2026-08-09T13:48:14.232+0000] {processor.py:183} INFO - Processing /opt/airflow/dags/feature_pipeline_dag.py took 2.709 seconds
[2026-08-09T13:48:45.145+0000] {processor.py:161} INFO - Started process (PID=307) to work on /opt/airflow/dags/feature_pipeline_dag.py
[2026-08-09T13:48:45.157+0000] {processor.py:830} INFO - Processing file /opt/airflow/dags/feature_pipeline_dag.py for tasks to queue
[2026-08-09T13:48:45.164+0000] {logging_mixin.py:188} INFO - [2026-08-09T13:48:45.163+0000] {dagbag.py:545} INFO - Filling up the DagBag from /opt/airflow/dags/feature_pipeline_dag.py
[2026-08-09T13:49:39.317+0000] {processor.py:161} INFO - Started process (PID=171) to work on /opt/airflow/dags/feature_pipeline_dag.py
[2026-08-09T13:49:39.321+0000] {processor.py:830} INFO - Processing file /opt/airflow/dags/feature_pipeline_dag.py for tasks to queue
[2026-08-09T13:49:39.332+0000] {logging_mixin.py:188} INFO - [2026-08-09T13:49:39.331+0000] {dagbag.py:545} INFO - Filling up the DagBag from /opt/airflow/dags/feature_pipeline_dag.py
[2026-08-09T13:49:45.346+0000] {processor.py:840} INFO - DAG(s) 'feature_pipeline' retrieved from /opt/airflow/dags/feature_pipeline_dag.py
[2026-08-09T13:49:45.411+0000] {logging_mixin.py:188} INFO - [2026-08-09T13:49:45.410+0000] {dag.py:3089} INFO - Sync 1 DAGs
[2026-08-09T13:49:45.456+0000] {logging_mixin.py:188} INFO - [2026-08-09T13:49:45.456+0000] {dag.py:3947} INFO - Setting next_dagrun for feature_pipeline to 2026-08-09 13:00:00+00:00, run_after=2026-08-09 14:00:00+00:00
[2026-08-09T13:49:44.921+0000] {processor.py:183} INFO - Processing /opt/airflow/dags/feature_pipeline_dag.py took 7.358 seconds
[2026-08-09T13:50:15.313+0000] {processor.py:161} INFO - Started process (PID=190) to work on /opt/airflow/dags/feature_pipeline_dag.py
[2026-08-09T13:50:15.356+0000] {processor.py:830} INFO - Processing file /opt/airflow/dags/feature_pipeline_dag.py for tasks to queue
[2026-08-09T13:50:15.360+0000] {logging_mixin.py:188} INFO - [2026-08-09T13:50:15.360+0000] {dagbag.py:545} INFO - Filling up the DagBag from /opt/airflow/dags/feature_pipeline_dag.py
[2026-08-09T13:50:15.882+0000] {processor.py:840} INFO - DAG(s) 'feature_pipeline' retrieved from /opt/airflow/dags/feature_pipeline_dag.py
[2026-08-09T13:50:17.028+0000] {logging_mixin.py:188} INFO - [2026-08-09T13:50:17.027+0000] {dag.py:3089} INFO - Sync 1 DAGs
[2026-08-09T13:50:17.090+0000] {logging_mixin.py:188} INFO - [2026-08-09T13:50:17.089+0000] {dag.py:3947} INFO - Setting next_dagrun for feature_pipeline to 2026-08-09 13:00:00+00:00, run_after=2026-08-09 14:00:00+00:00
[2026-08-09T13:50:17.176+0000] {processor.py:183} INFO - Processing /opt/airflow/dags/feature_pipeline_dag.py took 3.635 seconds
[2026-08-09T13:50:47.523+0000] {processor.py:161} INFO - Started process (PID=207) to work on /opt/airflow/dags/feature_pipeline_dag.py
[2026-08-09T13:50:47.526+0000] {processor.py:830} INFO - Processing file /opt/airflow/dags/feature_pipeline_dag.py for tasks to queue
[2026-08-09T13:50:47.531+0000] {logging_mixin.py:188} INFO - [2026-08-09T13:50:47.530+0000] {dagbag.py:545} INFO - Filling up the DagBag from /opt/airflow/dags/feature_pipeline_dag.py
[2026-08-09T13:50:49.663+0000] {processor.py:840} INFO - DAG(s) 'feature_pipeline' retrieved from /opt/airflow/dags/feature_pipeline_dag.py
[2026-08-09T13:50:49.736+0000] {logging_mixin.py:188} INFO - [2026-08-09T13:50:49.735+0000] {dag.py:3089} INFO - Sync 1 DAGs
[2026-08-09T13:50:49.793+0000] {logging_mixin.py:188} INFO - [2026-08-09T13:50:49.793+0000] {dag.py:3947} INFO - Setting next_dagrun for feature_pipeline to 2026-08-09 13:00:00+00:00, run_after=2026-08-09 14:00:00+00:00
[2026-08-09T13:50:49.842+0000] {processor.py:183} INFO - Processing /opt/airflow/dags/feature_pipeline_dag.py took 2.342 seconds
[2026-08-09T13:51:20.135+0000] {processor.py:161} INFO - Started process (PID=227) to work on /opt/airflow/dags/feature_pipeline_dag.py
[2026-08-09T13:51:20.138+0000] {processor.py:830} INFO - Processing file /opt/airflow/dags/feature_pipeline_dag.py for tasks to queue
[2026-08-09T13:51:20.144+0000] {logging_mixin.py:188} INFO - [2026-08-09T13:51:20.143+0000] {dagbag.py:545} INFO - Filling up the DagBag from /opt/airflow/dags/feature_pipeline_dag.py
[2026-08-09T13:51:22.491+0000] {processor.py:840} INFO - DAG(s) 'feature_pipeline' retrieved from /opt/airflow/dags/feature_pipeline_dag.py
[2026-08-09T13:51:22.560+0000] {logging_mixin.py:188} INFO - [2026-08-09T13:51:22.559+0000] {dag.py:3089} INFO - Sync 1 DAGs
[2026-08-09T13:51:22.616+0000] {logging_mixin.py:188} INFO - [2026-08-09T13:51:22.615+0000] {dag.py:3947} INFO - Setting next_dagrun for feature_pipeline to 2026-08-09 13:00:00+00:00, run_after=2026-08-09 14:00:00+00:00
[2026-08-09T13:51:22.668+0000] {processor.py:183} INFO - Processing /opt/airflow/dags/feature_pipeline_dag.py took 2.549 seconds
[2026-08-09T13:51:53.160+0000] {processor.py:161} INFO - Started process (PID=241) to work on /opt/airflow/dags/feature_pipeline_dag.py
[2026-08-09T13:51:53.165+0000] {processor.py:830} INFO - Processing file /opt/airflow/dags/feature_pipeline_dag.py for tasks to queue
[2026-08-09T13:51:53.170+0000] {logging_mixin.py:188} INFO - [2026-08-09T13:51:53.170+0000] {dagbag.py:545} INFO - Filling up the DagBag from /opt/airflow/dags/feature_pipeline_dag.py
[2026-08-09T13:51:55.270+0000] {processor.py:840} INFO - DAG(s) 'feature_pipeline' retrieved from /opt/airflow/dags/feature_pipeline_dag.py
[2026-08-09T13:51:55.338+0000] {logging_mixin.py:188} INFO - [2026-08-09T13:51:55.337+0000] {dag.py:3089} INFO - Sync 1 DAGs
[2026-08-09T13:51:55.385+0000] {logging_mixin.py:188} INFO - [2026-08-09T13:51:55.384+0000] {dag.py:3947} INFO - Setting next_dagrun for feature_pipeline to 2026-08-09 13:00:00+00:00, run_after=2026-08-09 14:00:00+00:00
[2026-08-09T13:51:55.631+0000] {processor.py:183} INFO - Processing /opt/airflow/dags/feature_pipeline_dag.py took 2.489 seconds
[2026-08-09T13:52:26.143+0000] {processor.py:161} INFO - Started process (PID=258) to work on /opt/airflow/dags/feature_pipeline_dag.py
[2026-08-09T13:52:26.146+0000] {processor.py:830} INFO - Processing file /opt/airflow/dags/feature_pipeline_dag.py for tasks to queue
[2026-08-09T13:52:26.151+0000] {logging_mixin.py:188} INFO - [2026-08-09T13:52:26.150+0000] {dagbag.py:545} INFO - Filling up the DagBag from /opt/airflow/dags/feature_pipeline_dag.py
[2026-08-09T13:52:27.690+0000] {processor.py:840} INFO - DAG(s) 'feature_pipeline' retrieved from /opt/airflow/dags/feature_pipeline_dag.py
[2026-08-09T13:52:27.759+0000] {logging_mixin.py:188} INFO - [2026-08-09T13:52:27.758+0000] {dag.py:3089} INFO - Sync 1 DAGs
[2026-08-09T13:52:29.971+0000] {logging_mixin.py:188} INFO - [2026-08-09T13:52:29.970+0000] {dag.py:3947} INFO - Setting next_dagrun for feature_pipeline to 2026-08-09 13:00:00+00:00, run_after=2026-08-09 14:00:00+00:00
[2026-08-09T13:52:30.018+0000] {processor.py:183} INFO - Processing /opt/airflow/dags/feature_pipeline_dag.py took 3.893 seconds
[2026-08-09T13:53:00.244+0000] {processor.py:161} INFO - Started process (PID=279) to work on /opt/airflow/dags/feature_pipeline_dag.py
[2026-08-09T13:53:00.247+0000] {processor.py:830} INFO - Processing file /opt/airflow/dags/feature_pipeline_dag.py for tasks to queue
[2026-08-09T13:53:00.258+0000] {logging_mixin.py:188} INFO - [2026-08-09T13:53:00.257+0000] {dagbag.py:545} INFO - Filling up the DagBag from /opt/airflow/dags/feature_pipeline_dag.py
[2026-08-09T13:53:01.916+0000] {processor.py:840} INFO - DAG(s) 'feature_pipeline' retrieved from /opt/airflow/dags/feature_pipeline_dag.py
[2026-08-09T13:53:02.252+0000] {logging_mixin.py:188} INFO - [2026-08-09T13:53:02.251+0000] {dag.py:3089} INFO - Sync 1 DAGs
[2026-08-09T13:53:02.290+0000] {logging_mixin.py:188} INFO - [2026-08-09T13:53:02.290+0000] {dag.py:3947} INFO - Setting next_dagrun for feature_pipeline to 2026-08-09 13:00:00+00:00, run_after=2026-08-09 14:00:00+00:00
[2026-08-09T13:53:02.328+0000] {processor.py:183} INFO - Processing /opt/airflow/dags/feature_pipeline_dag.py took 2.112 seconds
[2026-08-09T13:53:32.529+0000] {processor.py:161} INFO - Started process (PID=295) to work on /opt/airflow/dags/feature_pipeline_dag.py
[2026-08-09T13:53:32.532+0000] {processor.py:830} INFO - Processing file /opt/airflow/dags/feature_pipeline_dag.py for tasks to queue
[2026-08-09T13:53:32.536+0000] {logging_mixin.py:188} INFO - [2026-08-09T13:53:32.535+0000] {dagbag.py:545} INFO - Filling up the DagBag from /opt/airflow/dags/feature_pipeline_dag.py
[2026-08-09T13:53:33.905+0000] {processor.py:840} INFO - DAG(s) 'feature_pipeline' retrieved from /opt/airflow/dags/feature_pipeline_dag.py
[2026-08-09T13:53:32.459+0000] {logging_mixin.py:188} INFO - [2026-08-09T13:53:32.458+0000] {dag.py:3089} INFO - Sync 1 DAGs
[2026-08-09T13:53:32.498+0000] {logging_mixin.py:188} INFO - [2026-08-09T13:53:32.497+0000] {dag.py:3947} INFO - Setting next_dagrun for feature_pipeline to 2026-08-09 13:00:00+00:00, run_after=2026-08-09 14:00:00+00:00
[2026-08-09T13:53:32.536+0000] {processor.py:183} INFO - Processing /opt/airflow/dags/feature_pipeline_dag.py took 1.987 seconds
[2026-08-09T13:54:03.657+0000] {processor.py:161} INFO - Started process (PID=309) to work on /opt/airflow/dags/feature_pipeline_dag.py
[2026-08-09T13:54:03.660+0000] {processor.py:830} INFO - Processing file /opt/airflow/dags/feature_pipeline_dag.py for tasks to queue
[2026-08-09T13:54:03.665+0000] {logging_mixin.py:188} INFO - [2026-08-09T13:54:03.664+0000] {dagbag.py:545} INFO - Filling up the DagBag from /opt/airflow/dags/feature_pipeline_dag.py
[2026-08-09T13:54:05.155+0000] {processor.py:840} INFO - DAG(s) 'feature_pipeline' retrieved from /opt/airflow/dags/feature_pipeline_dag.py
[2026-08-09T13:54:05.220+0000] {logging_mixin.py:188} INFO - [2026-08-09T13:54:05.220+0000] {dag.py:3089} INFO - Sync 1 DAGs
[2026-08-09T13:54:05.266+0000] {logging_mixin.py:188} INFO - [2026-08-09T13:54:05.266+0000] {dag.py:3947} INFO - Setting next_dagrun for feature_pipeline to 2026-08-09 13:00:00+00:00, run_after=2026-08-09 14:00:00+00:00
[2026-08-09T13:54:05.308+0000] {processor.py:183} INFO - Processing /opt/airflow/dags/feature_pipeline_dag.py took 1.670 seconds
[2026-08-09T13:54:36.110+0000] {processor.py:161} INFO - Started process (PID=326) to work on /opt/airflow/dags/feature_pipeline_dag.py
[2026-08-09T13:54:36.113+0000] {processor.py:830} INFO - Processing file /opt/airflow/dags/feature_pipeline_dag.py for tasks to queue
[2026-08-09T13:54:36.119+0000] {logging_mixin.py:188} INFO - [2026-08-09T13:54:36.118+0000] {dagbag.py:545} INFO - Filling up the DagBag from /opt/airflow/dags/feature_pipeline_dag.py
[2026-08-09T13:54:37.668+0000] {processor.py:840} INFO - DAG(s) 'feature_pipeline' retrieved from /opt/airflow/dags/feature_pipeline_dag.py
[2026-08-09T13:54:37.766+0000] {logging_mixin.py:188} INFO - [2026-08-09T13:54:37.765+0000] {dag.py:3089} INFO - Sync 1 DAGs
[2026-08-09T13:54:37.823+0000] {logging_mixin.py:188} INFO - [2026-08-09T13:54:37.823+0000] {dag.py:3947} INFO - Setting next_dagrun for feature_pipeline to 2026-08-09 13:00:00+00:00, run_after=2026-08-09 14:00:00+00:00
[2026-08-09T13:54:41.128+0000] {processor.py:183} INFO - Processing /opt/airflow/dags/feature_pipeline_dag.py took 5.040 seconds
[2026-08-09T13:55:11.647+0000] {processor.py:161} INFO - Started process (PID=343) to work on /opt/airflow/dags/feature_pipeline_dag.py
[2026-08-09T13:55:11.652+0000] {processor.py:830} INFO - Processing file /opt/airflow/dags/feature_pipeline_dag.py for tasks to queue
[2026-08-09T13:55:11.657+0000] {logging_mixin.py:188} INFO - [2026-08-09T13:55:11.656+0000] {dagbag.py:545} INFO - Filling up the DagBag from /opt/airflow/dags/feature_pipeline_dag.py
[2026-08-09T13:55:13.208+0000] {processor.py:840} INFO - DAG(s) 'feature_pipeline' retrieved from /opt/airflow/dags/feature_pipeline_dag.py
[2026-08-09T13:55:13.274+0000] {logging_mixin.py:188} INFO - [2026-08-09T13:55:13.273+0000] {dag.py:3089} INFO - Sync 1 DAGs
[2026-08-09T13:55:13.799+0000] {logging_mixin.py:188} INFO - [2026-08-09T13:55:13.799+0000] {dag.py:3947} INFO - Setting next_dagrun for feature_pipeline to 2026-08-09 13:00:00+00:00, run_after=2026-08-09 14:00:00+00:00
[2026-08-09T13:55:13.839+0000] {processor.py:183} INFO - Processing /opt/airflow/dags/feature_pipeline_dag.py took 2.221 seconds
[2026-08-09T13:55:44.568+0000] {processor.py:161} INFO - Started process (PID=360) to work on /opt/airflow/dags/feature_pipeline_dag.py
[2026-08-09T13:55:44.571+0000] {processor.py:830} INFO - Processing file /opt/airflow/dags/feature_pipeline_dag.py for tasks to queue
[2026-08-09T13:55:44.576+0000] {logging_mixin.py:188} INFO - [2026-08-09T13:55:44.575+0000] {dagbag.py:545} INFO - Filling up the DagBag from /opt/airflow/dags/feature_pipeline_dag.py
[2026-08-09T13:55:46.067+0000] {processor.py:840} INFO - DAG(s) 'feature_pipeline' retrieved from /opt/airflow/dags/feature_pipeline_dag.py
[2026-08-09T13:55:46.477+0000] {logging_mixin.py:188} INFO - [2026-08-09T13:55:46.476+0000] {dag.py:3089} INFO - Sync 1 DAGs
[2026-08-09T13:55:46.529+0000] {logging_mixin.py:188} INFO - [2026-08-09T13:55:46.528+0000] {dag.py:3947} INFO - Setting next_dagrun for feature_pipeline to 2026-08-09 13:00:00+00:00, run_after=2026-08-09 14:00:00+00:00
[2026-08-09T13:55:46.580+0000] {processor.py:183} INFO - Processing /opt/airflow/dags/feature_pipeline_dag.py took 2.032 seconds
[2026-08-09T13:56:17.341+0000] {processor.py:161} INFO - Started process (PID=377) to work on /opt/airflow/dags/feature_pipeline_dag.py
[2026-08-09T13:56:17.344+0000] {processor.py:830} INFO - Processing file /opt/airflow/dags/feature_pipeline_dag.py for tasks to queue
[2026-08-09T13:56:17.348+0000] {logging_mixin.py:188} INFO - [2026-08-09T13:56:17.347+0000] {dagbag.py:545} INFO - Filling up the DagBag from /opt/airflow/dags/feature_pipeline_dag.py
[2026-08-09T13:56:18.745+0000] {processor.py:840} INFO - DAG(s) 'feature_pipeline' retrieved from /opt/airflow/dags/feature_pipeline_dag.py
[2026-08-09T13:56:19.131+0000] {logging_mixin.py:188} INFO - [2026-08-09T13:56:19.130+0000] {dag.py:3089} INFO - Sync 1 DAGs
[2026-08-09T13:56:19.174+0000] {logging_mixin.py:188} INFO - [2026-08-09T13:56:19.174+0000] {dag.py:3947} INFO - Setting next_dagrun for feature_pipeline to 2026-08-09 13:00:00+00:00, run_after=2026-08-09 14:00:00+00:00
[2026-08-09T13:56:19.214+0000] {processor.py:183} INFO - Processing /opt/airflow/dags/feature_pipeline_dag.py took 1.889 seconds
[2026-08-09T13:58:02.975+0000] {processor.py:161} INFO - Started process (PID=171) to work on /opt/airflow/dags/feature_pipeline_dag.py
[2026-08-09T13:58:02.979+0000] {processor.py:830} INFO - Processing file /opt/airflow/dags/feature_pipeline_dag.py for tasks to queue
[2026-08-09T13:58:02.988+0000] {logging_mixin.py:188} INFO - [2026-08-09T13:58:02.986+0000] {dagbag.py:545} INFO - Filling up the DagBag from /opt/airflow/dags/feature_pipeline_dag.py
[2026-08-09T13:58:10.993+0000] {processor.py:840} INFO - DAG(s) 'feature_pipeline' retrieved from /opt/airflow/dags/feature_pipeline_dag.py
[2026-08-09T13:58:11.093+0000] {logging_mixin.py:188} INFO - [2026-08-09T13:58:11.092+0000] {dag.py:3089} INFO - Sync 1 DAGs
[2026-08-09T13:58:11.149+0000] {logging_mixin.py:188} INFO - [2026-08-09T13:58:11.148+0000] {dag.py:3947} INFO - Setting next_dagrun for feature_pipeline to 2026-08-09 13:00:00+00:00, run_after=2026-08-09 14:00:00+00:00
[2026-08-09T13:58:11.220+0000] {processor.py:183} INFO - Processing /opt/airflow/dags/feature_pipeline_dag.py took 8.281 seconds
[2026-08-09T13:58:41.526+0000] {processor.py:161} INFO - Started process (PID=190) to work on /opt/airflow/dags/feature_pipeline_dag.py
[2026-08-09T13:58:41.529+0000] {processor.py:830} INFO - Processing file /opt/airflow/dags/feature_pipeline_dag.py for tasks to queue
[2026-08-09T13:58:41.535+0000] {logging_mixin.py:188} INFO - [2026-08-09T13:58:41.534+0000] {dagbag.py:545} INFO - Filling up the DagBag from /opt/airflow/dags/feature_pipeline_dag.py
[2026-08-09T13:58:41.952+0000] {processor.py:840} INFO - DAG(s) 'feature_pipeline' retrieved from /opt/airflow/dags/feature_pipeline_dag.py
[2026-08-09T13:58:42.768+0000] {logging_mixin.py:188} INFO - [2026-08-09T13:58:42.767+0000] {dag.py:3089} INFO - Sync 1 DAGs
[2026-08-09T13:58:42.811+0000] {logging_mixin.py:188} INFO - [2026-08-09T13:58:42.811+0000] {dag.py:3947} INFO - Setting next_dagrun for feature_pipeline to 2026-08-09 13:00:00+00:00, run_after=2026-08-09 14:00:00+00:00
[2026-08-09T13:58:42.867+0000] {processor.py:183} INFO - Processing /opt/airflow/dags/feature_pipeline_dag.py took 3.318 seconds
[2026-08-09T13:59:13.145+0000] {processor.py:161} INFO - Started process (PID=207) to work on /opt/airflow/dags/feature_pipeline_dag.py
[2026-08-09T13:59:13.148+0000] {processor.py:830} INFO - Processing file /opt/airflow/dags/feature_pipeline_dag.py for tasks to queue
[2026-08-09T13:59:13.155+0000] {logging_mixin.py:188} INFO - [2026-08-09T13:59:13.154+0000] {dagbag.py:545} INFO - Filling up the DagBag from /opt/airflow/dags/feature_pipeline_dag.py
[2026-08-09T13:59:16.451+0000] {processor.py:840} INFO - DAG(s) 'feature_pipeline' retrieved from /opt/airflow/dags/feature_pipeline_dag.py
[2026-08-09T13:59:16.799+0000] {logging_mixin.py:188} INFO - [2026-08-09T13:59:16.798+0000] {dag.py:3089} INFO - Sync 1 DAGs
[2026-08-09T13:59:16.951+0000] {logging_mixin.py:188} INFO - [2026-08-09T13:59:16.951+0000] {dag.py:3947} INFO - Setting next_dagrun for feature_pipeline to 2026-08-09 13:00:00+00:00, run_after=2026-08-09 14:00:00+00:00
[2026-08-09T13:59:17.017+0000] {processor.py:183} INFO - Processing /opt/airflow/dags/feature_pipeline_dag.py took 3.890 seconds
[2026-08-09T13:59:47.476+0000] {processor.py:161} INFO - Started process (PID=224) to work on /opt/airflow/dags/feature_pipeline_dag.py
[2026-08-09T13:59:47.480+0000] {processor.py:830} INFO - Processing file /opt/airflow/dags/feature_pipeline_dag.py for tasks to queue
[2026-08-09T13:59:47.486+0000] {logging_mixin.py:188} INFO - [2026-08-09T13:59:47.485+0000] {dagbag.py:545} INFO - Filling up the DagBag from /opt/airflow/dags/feature_pipeline_dag.py
[2026-08-09T13:59:53.579+0000] {processor.py:840} INFO - DAG(s) 'feature_pipeline' retrieved from /opt/airflow/dags/feature_pipeline_dag.py
[2026-08-09T13:59:53.658+0000] {logging_mixin.py:188} INFO - [2026-08-09T13:59:53.657+0000] {dag.py:3089} INFO - Sync 1 DAGs
[2026-08-09T13:59:53.706+0000] {logging_mixin.py:188} INFO - [2026-08-09T13:59:53.706+0000] {dag.py:3947} INFO - Setting next_dagrun for feature_pipeline to 2026-08-09 13:00:00+00:00, run_after=2026-08-09 14:00:00+00:00
[2026-08-09T13:59:53.748+0000] {processor.py:183} INFO - Processing /opt/airflow/dags/feature_pipeline_dag.py took 6.295 seconds
[2026-08-09T14:00:24.759+0000] {processor.py:161} INFO - Started process (PID=252) to work on /opt/airflow/dags/feature_pipeline_dag.py
[2026-08-09T14:00:24.805+0000] {processor.py:830} INFO - Processing file /opt/airflow/dags/feature_pipeline_dag.py for tasks to queue
[2026-08-09T14:00:24.868+0000] {logging_mixin.py:188} INFO - [2026-08-09T14:00:24.864+0000] {dagbag.py:545} INFO - Filling up the DagBag from /opt/airflow/dags/feature_pipeline_dag.py
[2026-08-09T14:01:11.452+0000] {logging_mixin.py:188} INFO - [2026-08-09T14:01:11.450+0000] {timeout.py:68} ERROR - Process timed out, PID: 252
[2026-08-09T14:01:11.454+0000] {logging_mixin.py:188} WARNING - Exception ignored in: <bound method _MultipleClassMarker._remove_item of <sqlalchemy.orm.clsregistry._MultipleClassMarker object at 0x7c9cfc53a400>>
[2026-08-09T14:01:11.466+0000] {logging_mixin.py:188} WARNING - Traceback (most recent call last):
[2026-08-09T14:01:11.467+0000] {logging_mixin.py:188} WARNING -   File "/home/airflow/.local/lib/python3.11/site-packages/sqlalchemy/orm/clsregistry.py", line 157, in _remove_item
[2026-08-09T14:01:11.479+0000] {logging_mixin.py:188} WARNING -     def _remove_item(self, ref):
[2026-08-09T14:01:11.480+0000] {logging_mixin.py:188} WARNING -   File "/home/airflow/.local/lib/python3.11/site-packages/airflow/utils/timeout.py", line 69, in handle_timeout
[2026-08-09T14:01:11.483+0000] {logging_mixin.py:188} WARNING -     raise AirflowTaskTimeout(self.error_message)
[2026-08-09T14:01:11.485+0000] {logging_mixin.py:188} WARNING - airflow.exceptions.AirflowTaskTimeout: DagBag import timeout for /opt/airflow/dags/feature_pipeline_dag.py after 30.0s.
Please take a look at these docs to improve your DAG import time:
* https://airflow.apache.org/docs/apache-airflow/2.9.3/best-practices.html#top-level-python-code
* https://airflow.apache.org/docs/apache-airflow/2.9.3/best-practices.html#reducing-dag-complexity, PID: 252
[2026-08-09T14:01:24.365+0000] {processor.py:161} INFO - Started process (PID=353) to work on /opt/airflow/dags/feature_pipeline_dag.py
[2026-08-09T14:01:24.368+0000] {processor.py:830} INFO - Processing file /opt/airflow/dags/feature_pipeline_dag.py for tasks to queue
[2026-08-09T14:01:24.372+0000] {logging_mixin.py:188} INFO - [2026-08-09T14:01:24.371+0000] {dagbag.py:545} INFO - Filling up the DagBag from /opt/airflow/dags/feature_pipeline_dag.py
[2026-08-09T14:01:45.585+0000] {processor.py:840} INFO - DAG(s) 'feature_pipeline' retrieved from /opt/airflow/dags/feature_pipeline_dag.py
[2026-08-09T14:01:45.773+0000] {logging_mixin.py:188} INFO - [2026-08-09T14:01:45.772+0000] {dag.py:3089} INFO - Sync 1 DAGs
[2026-08-09T14:01:45.890+0000] {logging_mixin.py:188} INFO - [2026-08-09T14:01:45.889+0000] {dag.py:3947} INFO - Setting next_dagrun for feature_pipeline to 2026-08-09 14:00:00+00:00, run_after=2026-08-09 15:00:00+00:00
[2026-08-09T14:01:45.948+0000] {processor.py:183} INFO - Processing /opt/airflow/dags/feature_pipeline_dag.py took 19.807 seconds
[2026-08-09T14:02:18.648+0000] {processor.py:161} INFO - Started process (PID=432) to work on /opt/airflow/dags/feature_pipeline_dag.py
[2026-08-09T14:02:20.537+0000] {processor.py:830} INFO - Processing file /opt/airflow/dags/feature_pipeline_dag.py for tasks to queue
[2026-08-09T14:02:20.597+0000] {logging_mixin.py:188} INFO - [2026-08-09T14:02:20.595+0000] {dagbag.py:545} INFO - Filling up the DagBag from /opt/airflow/dags/feature_pipeline_dag.py
[2026-08-09T14:02:33.447+0000] {processor.py:840} INFO - DAG(s) 'feature_pipeline' retrieved from /opt/airflow/dags/feature_pipeline_dag.py
[2026-08-09T14:02:34.459+0000] {logging_mixin.py:188} INFO - [2026-08-09T14:02:34.409+0000] {dag.py:3089} INFO - Sync 1 DAGs
[2026-08-09T14:02:35.606+0000] {logging_mixin.py:188} INFO - [2026-08-09T14:02:35.605+0000] {dag.py:3947} INFO - Setting next_dagrun for feature_pipeline to 2026-08-09 14:00:00+00:00, run_after=2026-08-09 15:00:00+00:00
[2026-08-09T14:02:36.265+0000] {processor.py:183} INFO - Processing /opt/airflow/dags/feature_pipeline_dag.py took 19.263 seconds
[2026-08-09T14:03:07.112+0000] {processor.py:161} INFO - Started process (PID=498) to work on /opt/airflow/dags/feature_pipeline_dag.py
[2026-08-09T14:03:07.120+0000] {processor.py:830} INFO - Processing file /opt/airflow/dags/feature_pipeline_dag.py for tasks to queue
[2026-08-09T14:03:07.127+0000] {logging_mixin.py:188} INFO - [2026-08-09T14:03:07.125+0000] {dagbag.py:545} INFO - Filling up the DagBag from /opt/airflow/dags/feature_pipeline_dag.py
[2026-08-09T14:03:11.001+0000] {processor.py:840} INFO - DAG(s) 'feature_pipeline' retrieved from /opt/airflow/dags/feature_pipeline_dag.py
[2026-08-09T14:03:11.109+0000] {logging_mixin.py:188} INFO - [2026-08-09T14:03:11.108+0000] {dag.py:3089} INFO - Sync 1 DAGs
[2026-08-09T14:03:11.155+0000] {logging_mixin.py:188} INFO - [2026-08-09T14:03:11.155+0000] {dag.py:3947} INFO - Setting next_dagrun for feature_pipeline to 2026-08-09 14:00:00+00:00, run_after=2026-08-09 15:00:00+00:00
[2026-08-09T14:03:11.271+0000] {processor.py:183} INFO - Processing /opt/airflow/dags/feature_pipeline_dag.py took 4.209 seconds
[2026-08-09T14:04:30.427+0000] {processor.py:161} INFO - Started process (PID=172) to work on /opt/airflow/dags/feature_pipeline_dag.py
[2026-08-09T14:04:30.432+0000] {processor.py:830} INFO - Processing file /opt/airflow/dags/feature_pipeline_dag.py for tasks to queue
[2026-08-09T14:04:30.437+0000] {logging_mixin.py:188} INFO - [2026-08-09T14:04:30.436+0000] {dagbag.py:545} INFO - Filling up the DagBag from /opt/airflow/dags/feature_pipeline_dag.py
[2026-08-09T14:04:37.483+0000] {processor.py:840} INFO - DAG(s) 'feature_pipeline' retrieved from /opt/airflow/dags/feature_pipeline_dag.py
[2026-08-09T14:04:38.425+0000] {logging_mixin.py:188} INFO - [2026-08-09T14:04:38.415+0000] {dag.py:3089} INFO - Sync 1 DAGs
[2026-08-09T14:04:38.551+0000] {logging_mixin.py:188} INFO - [2026-08-09T14:04:38.550+0000] {dag.py:3947} INFO - Setting next_dagrun for feature_pipeline to 2026-08-09 14:00:00+00:00, run_after=2026-08-09 15:00:00+00:00
[2026-08-09T14:04:38.644+0000] {processor.py:183} INFO - Processing /opt/airflow/dags/feature_pipeline_dag.py took 8.234 seconds
[2026-08-09T14:05:09.740+0000] {processor.py:161} INFO - Started process (PID=200) to work on /opt/airflow/dags/feature_pipeline_dag.py
[2026-08-09T14:05:09.757+0000] {processor.py:830} INFO - Processing file /opt/airflow/dags/feature_pipeline_dag.py for tasks to queue
[2026-08-09T14:05:09.765+0000] {logging_mixin.py:188} INFO - [2026-08-09T14:05:09.763+0000] {dagbag.py:545} INFO - Filling up the DagBag from /opt/airflow/dags/feature_pipeline_dag.py
[2026-08-09T14:05:17.343+0000] {processor.py:840} INFO - DAG(s) 'feature_pipeline' retrieved from /opt/airflow/dags/feature_pipeline_dag.py
[2026-08-09T14:05:17.451+0000] {logging_mixin.py:188} INFO - [2026-08-09T14:05:17.450+0000] {dag.py:3089} INFO - Sync 1 DAGs
[2026-08-09T14:05:17.529+0000] {logging_mixin.py:188} INFO - [2026-08-09T14:05:17.526+0000] {dag.py:3947} INFO - Setting next_dagrun for feature_pipeline to 2026-08-09 14:00:00+00:00, run_after=2026-08-09 15:00:00+00:00
[2026-08-09T14:05:17.615+0000] {processor.py:183} INFO - Processing /opt/airflow/dags/feature_pipeline_dag.py took 7.948 seconds
[2026-08-09T14:05:47.967+0000] {processor.py:161} INFO - Started process (PID=229) to work on /opt/airflow/dags/feature_pipeline_dag.py
[2026-08-09T14:05:47.970+0000] {processor.py:830} INFO - Processing file /opt/airflow/dags/feature_pipeline_dag.py for tasks to queue
[2026-08-09T14:05:47.977+0000] {logging_mixin.py:188} INFO - [2026-08-09T14:05:47.975+0000] {dagbag.py:545} INFO - Filling up the DagBag from /opt/airflow/dags/feature_pipeline_dag.py
[2026-08-09T14:05:51.930+0000] {processor.py:840} INFO - DAG(s) 'feature_pipeline' retrieved from /opt/airflow/dags/feature_pipeline_dag.py
[2026-08-09T14:05:51.988+0000] {logging_mixin.py:188} INFO - [2026-08-09T14:05:51.987+0000] {dag.py:3089} INFO - Sync 1 DAGs
[2026-08-09T14:05:52.036+0000] {logging_mixin.py:188} INFO - [2026-08-09T14:05:52.036+0000] {dag.py:3947} INFO - Setting next_dagrun for feature_pipeline to 2026-08-09 14:00:00+00:00, run_after=2026-08-09 15:00:00+00:00
[2026-08-09T14:05:52.079+0000] {processor.py:183} INFO - Processing /opt/airflow/dags/feature_pipeline_dag.py took 6.012 seconds
[2026-08-09T14:06:22.897+0000] {processor.py:161} INFO - Started process (PID=263) to work on /opt/airflow/dags/feature_pipeline_dag.py
[2026-08-09T14:06:22.911+0000] {processor.py:830} INFO - Processing file /opt/airflow/dags/feature_pipeline_dag.py for tasks to queue
[2026-08-09T14:06:22.964+0000] {logging_mixin.py:188} INFO - [2026-08-09T14:06:22.960+0000] {dagbag.py:545} INFO - Filling up the DagBag from /opt/airflow/dags/feature_pipeline_dag.py
[2026-08-09T14:06:29.216+0000] {processor.py:840} INFO - DAG(s) 'feature_pipeline' retrieved from /opt/airflow/dags/feature_pipeline_dag.py
[2026-08-09T14:06:29.288+0000] {logging_mixin.py:188} INFO - [2026-08-09T14:06:29.287+0000] {dag.py:3089} INFO - Sync 1 DAGs
[2026-08-09T14:06:29.353+0000] {logging_mixin.py:188} INFO - [2026-08-09T14:06:29.353+0000] {dag.py:3947} INFO - Setting next_dagrun for feature_pipeline to 2026-08-09 14:00:00+00:00, run_after=2026-08-09 15:00:00+00:00
[2026-08-09T14:06:29.413+0000] {processor.py:183} INFO - Processing /opt/airflow/dags/feature_pipeline_dag.py took 6.667 seconds
[2026-08-09T14:07:00.745+0000] {processor.py:161} INFO - Started process (PID=291) to work on /opt/airflow/dags/feature_pipeline_dag.py
[2026-08-09T14:07:00.748+0000] {processor.py:830} INFO - Processing file /opt/airflow/dags/feature_pipeline_dag.py for tasks to queue
[2026-08-09T14:07:00.791+0000] {logging_mixin.py:188} INFO - [2026-08-09T14:07:00.772+0000] {dagbag.py:545} INFO - Filling up the DagBag from /opt/airflow/dags/feature_pipeline_dag.py
[2026-08-09T14:07:04.190+0000] {processor.py:840} INFO - DAG(s) 'feature_pipeline' retrieved from /opt/airflow/dags/feature_pipeline_dag.py
[2026-08-09T14:07:04.254+0000] {logging_mixin.py:188} INFO - [2026-08-09T14:07:04.252+0000] {dag.py:3089} INFO - Sync 1 DAGs
[2026-08-09T14:07:04.555+0000] {logging_mixin.py:188} INFO - [2026-08-09T14:07:04.555+0000] {dag.py:3947} INFO - Setting next_dagrun for feature_pipeline to 2026-08-09 14:00:00+00:00, run_after=2026-08-09 15:00:00+00:00
[2026-08-09T14:07:04.596+0000] {processor.py:183} INFO - Processing /opt/airflow/dags/feature_pipeline_dag.py took 4.124 seconds
[2026-08-09T14:07:35.154+0000] {processor.py:161} INFO - Started process (PID=322) to work on /opt/airflow/dags/feature_pipeline_dag.py
[2026-08-09T14:07:35.157+0000] {processor.py:830} INFO - Processing file /opt/airflow/dags/feature_pipeline_dag.py for tasks to queue
[2026-08-09T14:07:35.164+0000] {logging_mixin.py:188} INFO - [2026-08-09T14:07:35.163+0000] {dagbag.py:545} INFO - Filling up the DagBag from /opt/airflow/dags/feature_pipeline_dag.py
[2026-08-09T14:07:43.114+0000] {processor.py:840} INFO - DAG(s) 'feature_pipeline' retrieved from /opt/airflow/dags/feature_pipeline_dag.py
[2026-08-09T14:07:43.221+0000] {logging_mixin.py:188} INFO - [2026-08-09T14:07:43.220+0000] {dag.py:3089} INFO - Sync 1 DAGs
[2026-08-09T14:07:43.642+0000] {logging_mixin.py:188} INFO - [2026-08-09T14:07:43.642+0000] {dag.py:3947} INFO - Setting next_dagrun for feature_pipeline to 2026-08-09 14:00:00+00:00, run_after=2026-08-09 15:00:00+00:00
[2026-08-09T14:07:43.698+0000] {processor.py:183} INFO - Processing /opt/airflow/dags/feature_pipeline_dag.py took 8.537 seconds
[2026-08-09T14:08:18.813+0000] {processor.py:161} INFO - Started process (PID=357) to work on /opt/airflow/dags/feature_pipeline_dag.py
[2026-08-09T14:08:18.816+0000] {processor.py:830} INFO - Processing file /opt/airflow/dags/feature_pipeline_dag.py for tasks to queue
[2026-08-09T14:08:18.821+0000] {logging_mixin.py:188} INFO - [2026-08-09T14:08:18.820+0000] {dagbag.py:545} INFO - Filling up the DagBag from /opt/airflow/dags/feature_pipeline_dag.py
[2026-08-09T14:08:22.883+0000] {processor.py:840} INFO - DAG(s) 'feature_pipeline' retrieved from /opt/airflow/dags/feature_pipeline_dag.py
[2026-08-09T14:08:23.556+0000] {logging_mixin.py:188} INFO - [2026-08-09T14:08:23.555+0000] {dag.py:3089} INFO - Sync 1 DAGs
[2026-08-09T14:08:23.691+0000] {logging_mixin.py:188} INFO - [2026-08-09T14:08:23.690+0000] {dag.py:3947} INFO - Setting next_dagrun for feature_pipeline to 2026-08-09 14:00:00+00:00, run_after=2026-08-09 15:00:00+00:00
[2026-08-09T14:08:23.742+0000] {processor.py:183} INFO - Processing /opt/airflow/dags/feature_pipeline_dag.py took 4.966 seconds
[2026-08-09T14:08:54.430+0000] {processor.py:161} INFO - Started process (PID=381) to work on /opt/airflow/dags/feature_pipeline_dag.py
[2026-08-09T14:08:54.438+0000] {processor.py:830} INFO - Processing file /opt/airflow/dags/feature_pipeline_dag.py for tasks to queue
[2026-08-09T14:08:54.448+0000] {logging_mixin.py:188} INFO - [2026-08-09T14:08:54.446+0000] {dagbag.py:545} INFO - Filling up the DagBag from /opt/airflow/dags/feature_pipeline_dag.py
[2026-08-09T14:09:00.370+0000] {processor.py:840} INFO - DAG(s) 'feature_pipeline' retrieved from /opt/airflow/dags/feature_pipeline_dag.py
[2026-08-09T14:09:01.068+0000] {logging_mixin.py:188} INFO - [2026-08-09T14:09:01.067+0000] {dag.py:3089} INFO - Sync 1 DAGs
[2026-08-09T14:09:01.364+0000] {logging_mixin.py:188} INFO - [2026-08-09T14:09:01.363+0000] {dag.py:3947} INFO - Setting next_dagrun for feature_pipeline to 2026-08-09 14:00:00+00:00, run_after=2026-08-09 15:00:00+00:00
[2026-08-09T14:09:01.472+0000] {processor.py:183} INFO - Processing /opt/airflow/dags/feature_pipeline_dag.py took 7.125 seconds
[2026-08-09T14:09:32.523+0000] {processor.py:161} INFO - Started process (PID=399) to work on /opt/airflow/dags/feature_pipeline_dag.py
[2026-08-09T14:09:32.547+0000] {processor.py:830} INFO - Processing file /opt/airflow/dags/feature_pipeline_dag.py for tasks to queue
[2026-08-09T14:09:32.553+0000] {logging_mixin.py:188} INFO - [2026-08-09T14:09:32.552+0000] {dagbag.py:545} INFO - Filling up the DagBag from /opt/airflow/dags/feature_pipeline_dag.py
[2026-08-09T14:09:35.208+0000] {processor.py:840} INFO - DAG(s) 'feature_pipeline' retrieved from /opt/airflow/dags/feature_pipeline_dag.py
[2026-08-09T14:09:35.344+0000] {logging_mixin.py:188} INFO - [2026-08-09T14:09:35.343+0000] {dag.py:3089} INFO - Sync 1 DAGs
[2026-08-09T14:09:35.770+0000] {logging_mixin.py:188} INFO - [2026-08-09T14:09:35.769+0000] {dag.py:3947} INFO - Setting next_dagrun for feature_pipeline to 2026-08-09 14:00:00+00:00, run_after=2026-08-09 15:00:00+00:00
[2026-08-09T14:09:35.839+0000] {processor.py:183} INFO - Processing /opt/airflow/dags/feature_pipeline_dag.py took 5.126 seconds
[2026-08-09T14:10:08.810+0000] {processor.py:161} INFO - Started process (PID=435) to work on /opt/airflow/dags/feature_pipeline_dag.py
[2026-08-09T14:10:09.023+0000] {processor.py:830} INFO - Processing file /opt/airflow/dags/feature_pipeline_dag.py for tasks to queue
[2026-08-09T14:10:09.302+0000] {logging_mixin.py:188} INFO - [2026-08-09T14:10:09.221+0000] {dagbag.py:545} INFO - Filling up the DagBag from /opt/airflow/dags/feature_pipeline_dag.py
[2026-08-09T14:10:37.726+0000] {logging_mixin.py:188} INFO - [2026-08-09T14:10:37.702+0000] {timeout.py:68} ERROR - Process timed out, PID: 435
[2026-08-09T14:11:09.865+0000] {processor.py:161} INFO - Started process (PID=580) to work on /opt/airflow/dags/feature_pipeline_dag.py
[2026-08-09T14:11:09.869+0000] {processor.py:830} INFO - Processing file /opt/airflow/dags/feature_pipeline_dag.py for tasks to queue
[2026-08-09T14:11:09.873+0000] {logging_mixin.py:188} INFO - [2026-08-09T14:11:09.871+0000] {dagbag.py:545} INFO - Filling up the DagBag from /opt/airflow/dags/feature_pipeline_dag.py
[2026-08-09T14:11:11.615+0000] {processor.py:840} INFO - DAG(s) 'feature_pipeline' retrieved from /opt/airflow/dags/feature_pipeline_dag.py
[2026-08-09T14:11:12.009+0000] {logging_mixin.py:188} INFO - [2026-08-09T14:11:12.008+0000] {dag.py:3089} INFO - Sync 1 DAGs
[2026-08-09T14:11:12.067+0000] {logging_mixin.py:188} INFO - [2026-08-09T14:11:12.067+0000] {dag.py:3947} INFO - Setting next_dagrun for feature_pipeline to 2026-08-09 14:00:00+00:00, run_after=2026-08-09 15:00:00+00:00
[2026-08-09T14:11:12.122+0000] {processor.py:183} INFO - Processing /opt/airflow/dags/feature_pipeline_dag.py took 2.277 seconds
[2026-08-09T14:11:42.702+0000] {processor.py:161} INFO - Started process (PID=653) to work on /opt/airflow/dags/feature_pipeline_dag.py
[2026-08-09T14:11:42.707+0000] {processor.py:830} INFO - Processing file /opt/airflow/dags/feature_pipeline_dag.py for tasks to queue
[2026-08-09T14:11:42.709+0000] {logging_mixin.py:188} INFO - [2026-08-09T14:11:42.708+0000] {dagbag.py:545} INFO - Filling up the DagBag from /opt/airflow/dags/feature_pipeline_dag.py
[2026-08-09T14:11:47.051+0000] {processor.py:840} INFO - DAG(s) 'feature_pipeline' retrieved from /opt/airflow/dags/feature_pipeline_dag.py
[2026-08-09T14:11:47.527+0000] {logging_mixin.py:188} INFO - [2026-08-09T14:11:47.526+0000] {dag.py:3089} INFO - Sync 1 DAGs
[2026-08-09T14:11:47.586+0000] {logging_mixin.py:188} INFO - [2026-08-09T14:11:47.585+0000] {dag.py:3947} INFO - Setting next_dagrun for feature_pipeline to 2026-08-09 14:00:00+00:00, run_after=2026-08-09 15:00:00+00:00
[2026-08-09T14:11:47.655+0000] {processor.py:183} INFO - Processing /opt/airflow/dags/feature_pipeline_dag.py took 4.974 seconds
[2026-08-09T14:12:18.610+0000] {processor.py:161} INFO - Started process (PID=708) to work on /opt/airflow/dags/feature_pipeline_dag.py
[2026-08-09T14:12:18.612+0000] {processor.py:830} INFO - Processing file /opt/airflow/dags/feature_pipeline_dag.py for tasks to queue
[2026-08-09T14:12:18.615+0000] {logging_mixin.py:188} INFO - [2026-08-09T14:12:18.614+0000] {dagbag.py:545} INFO - Filling up the DagBag from /opt/airflow/dags/feature_pipeline_dag.py
[2026-08-09T14:12:21.010+0000] {processor.py:840} INFO - DAG(s) 'feature_pipeline' retrieved from /opt/airflow/dags/feature_pipeline_dag.py
[2026-08-09T14:12:21.083+0000] {logging_mixin.py:188} INFO - [2026-08-09T14:12:21.082+0000] {dag.py:3089} INFO - Sync 1 DAGs
[2026-08-09T14:12:21.148+0000] {logging_mixin.py:188} INFO - [2026-08-09T14:12:21.147+0000] {dag.py:3947} INFO - Setting next_dagrun for feature_pipeline to 2026-08-09 14:00:00+00:00, run_after=2026-08-09 15:00:00+00:00
[2026-08-09T14:12:21.195+0000] {processor.py:183} INFO - Processing /opt/airflow/dags/feature_pipeline_dag.py took 2.605 seconds
[2026-08-09T14:12:51.821+0000] {processor.py:161} INFO - Started process (PID=723) to work on /opt/airflow/dags/feature_pipeline_dag.py
[2026-08-09T14:12:51.823+0000] {processor.py:830} INFO - Processing file /opt/airflow/dags/feature_pipeline_dag.py for tasks to queue
[2026-08-09T14:12:51.826+0000] {logging_mixin.py:188} INFO - [2026-08-09T14:12:51.825+0000] {dagbag.py:545} INFO - Filling up the DagBag from /opt/airflow/dags/feature_pipeline_dag.py
[2026-08-09T14:12:53.389+0000] {processor.py:840} INFO - DAG(s) 'feature_pipeline' retrieved from /opt/airflow/dags/feature_pipeline_dag.py
[2026-08-09T14:12:53.292+0000] {logging_mixin.py:188} INFO - [2026-08-09T14:12:53.291+0000] {dag.py:3089} INFO - Sync 1 DAGs
[2026-08-09T14:12:53.344+0000] {logging_mixin.py:188} INFO - [2026-08-09T14:12:53.344+0000] {dag.py:3947} INFO - Setting next_dagrun for feature_pipeline to 2026-08-09 14:00:00+00:00, run_after=2026-08-09 15:00:00+00:00
[2026-08-09T14:12:53.737+0000] {processor.py:183} INFO - Processing /opt/airflow/dags/feature_pipeline_dag.py took 2.094 seconds
[2026-08-09T14:13:22.598+0000] {processor.py:161} INFO - Started process (PID=754) to work on /opt/airflow/dags/feature_pipeline_dag.py
[2026-08-09T14:13:22.601+0000] {processor.py:830} INFO - Processing file /opt/airflow/dags/feature_pipeline_dag.py for tasks to queue
[2026-08-09T14:13:22.604+0000] {logging_mixin.py:188} INFO - [2026-08-09T14:13:22.603+0000] {dagbag.py:545} INFO - Filling up the DagBag from /opt/airflow/dags/feature_pipeline_dag.py
[2026-08-09T14:13:24.243+0000] {processor.py:840} INFO - DAG(s) 'feature_pipeline' retrieved from /opt/airflow/dags/feature_pipeline_dag.py
[2026-08-09T14:13:24.313+0000] {logging_mixin.py:188} INFO - [2026-08-09T14:13:24.312+0000] {dag.py:3089} INFO - Sync 1 DAGs
[2026-08-09T14:13:24.693+0000] {logging_mixin.py:188} INFO - [2026-08-09T14:13:24.692+0000] {dag.py:3947} INFO - Setting next_dagrun for feature_pipeline to 2026-08-09 14:00:00+00:00, run_after=2026-08-09 15:00:00+00:00
[2026-08-09T14:13:24.739+0000] {processor.py:183} INFO - Processing /opt/airflow/dags/feature_pipeline_dag.py took 2.165 seconds
[2026-08-09T14:13:55.493+0000] {processor.py:161} INFO - Started process (PID=785) to work on /opt/airflow/dags/feature_pipeline_dag.py
[2026-08-09T14:13:55.495+0000] {processor.py:830} INFO - Processing file /opt/airflow/dags/feature_pipeline_dag.py for tasks to queue
[2026-08-09T14:13:55.498+0000] {logging_mixin.py:188} INFO - [2026-08-09T14:13:55.497+0000] {dagbag.py:545} INFO - Filling up the DagBag from /opt/airflow/dags/feature_pipeline_dag.py
[2026-08-09T14:13:57.199+0000] {processor.py:840} INFO - DAG(s) 'feature_pipeline' retrieved from /opt/airflow/dags/feature_pipeline_dag.py
[2026-08-09T14:13:57.258+0000] {logging_mixin.py:188} INFO - [2026-08-09T14:13:57.258+0000] {dag.py:3089} INFO - Sync 1 DAGs
[2026-08-09T14:13:57.585+0000] {logging_mixin.py:188} INFO - [2026-08-09T14:13:57.584+0000] {dag.py:3947} INFO - Setting next_dagrun for feature_pipeline to 2026-08-09 14:00:00+00:00, run_after=2026-08-09 15:00:00+00:00
[2026-08-09T14:13:57.628+0000] {processor.py:183} INFO - Processing /opt/airflow/dags/feature_pipeline_dag.py took 2.151 seconds
[2026-08-09T14:14:27.951+0000] {processor.py:161} INFO - Started process (PID=814) to work on /opt/airflow/dags/feature_pipeline_dag.py
[2026-08-09T14:14:27.955+0000] {processor.py:830} INFO - Processing file /opt/airflow/dags/feature_pipeline_dag.py for tasks to queue
[2026-08-09T14:14:27.958+0000] {logging_mixin.py:188} INFO - [2026-08-09T14:14:27.957+0000] {dagbag.py:545} INFO - Filling up the DagBag from /opt/airflow/dags/feature_pipeline_dag.py
[2026-08-09T14:14:29.790+0000] {processor.py:840} INFO - DAG(s) 'feature_pipeline' retrieved from /opt/airflow/dags/feature_pipeline_dag.py
[2026-08-09T14:14:30.193+0000] {logging_mixin.py:188} INFO - [2026-08-09T14:14:30.192+0000] {dag.py:3089} INFO - Sync 1 DAGs
[2026-08-09T14:14:30.242+0000] {logging_mixin.py:188} INFO - [2026-08-09T14:14:30.241+0000] {dag.py:3947} INFO - Setting next_dagrun for feature_pipeline to 2026-08-09 14:00:00+00:00, run_after=2026-08-09 15:00:00+00:00
[2026-08-09T14:14:30.284+0000] {processor.py:183} INFO - Processing /opt/airflow/dags/feature_pipeline_dag.py took 2.368 seconds
[2026-08-09T14:15:00.888+0000] {processor.py:161} INFO - Started process (PID=850) to work on /opt/airflow/dags/feature_pipeline_dag.py
[2026-08-09T14:15:00.891+0000] {processor.py:830} INFO - Processing file /opt/airflow/dags/feature_pipeline_dag.py for tasks to queue
[2026-08-09T14:15:00.893+0000] {logging_mixin.py:188} INFO - [2026-08-09T14:15:00.892+0000] {dagbag.py:545} INFO - Filling up the DagBag from /opt/airflow/dags/feature_pipeline_dag.py
[2026-08-09T14:15:06.872+0000] {processor.py:840} INFO - DAG(s) 'feature_pipeline' retrieved from /opt/airflow/dags/feature_pipeline_dag.py
[2026-08-09T14:15:08.760+0000] {logging_mixin.py:188} INFO - [2026-08-09T14:15:08.745+0000] {dag.py:3089} INFO - Sync 1 DAGs
[2026-08-09T14:15:08.830+0000] {logging_mixin.py:188} INFO - [2026-08-09T14:15:08.829+0000] {dag.py:3947} INFO - Setting next_dagrun for feature_pipeline to 2026-08-09 14:00:00+00:00, run_after=2026-08-09 15:00:00+00:00
[2026-08-09T14:15:08.916+0000] {processor.py:183} INFO - Processing /opt/airflow/dags/feature_pipeline_dag.py took 8.050 seconds
[2026-08-09T14:15:39.956+0000] {processor.py:161} INFO - Started process (PID=887) to work on /opt/airflow/dags/feature_pipeline_dag.py
[2026-08-09T14:15:39.959+0000] {processor.py:830} INFO - Processing file /opt/airflow/dags/feature_pipeline_dag.py for tasks to queue
[2026-08-09T14:15:40.015+0000] {logging_mixin.py:188} INFO - [2026-08-09T14:15:39.991+0000] {dagbag.py:545} INFO - Filling up the DagBag from /opt/airflow/dags/feature_pipeline_dag.py
[2026-08-09T14:15:59.396+0000] {processor.py:840} INFO - DAG(s) 'feature_pipeline' retrieved from /opt/airflow/dags/feature_pipeline_dag.py
[2026-08-09T14:15:59.749+0000] {logging_mixin.py:188} INFO - [2026-08-09T14:15:59.749+0000] {dag.py:3089} INFO - Sync 1 DAGs
[2026-08-09T14:16:00.035+0000] {logging_mixin.py:188} INFO - [2026-08-09T14:16:00.035+0000] {dag.py:3947} INFO - Setting next_dagrun for feature_pipeline to 2026-08-09 14:00:00+00:00, run_after=2026-08-09 15:00:00+00:00
[2026-08-09T14:16:01.209+0000] {processor.py:183} INFO - Processing /opt/airflow/dags/feature_pipeline_dag.py took 24.300 seconds
[2026-08-09T14:16:32.126+0000] {processor.py:161} INFO - Started process (PID=914) to work on /opt/airflow/dags/feature_pipeline_dag.py
[2026-08-09T14:16:32.128+0000] {processor.py:830} INFO - Processing file /opt/airflow/dags/feature_pipeline_dag.py for tasks to queue
[2026-08-09T14:16:32.131+0000] {logging_mixin.py:188} INFO - [2026-08-09T14:16:32.130+0000] {dagbag.py:545} INFO - Filling up the DagBag from /opt/airflow/dags/feature_pipeline_dag.py
[2026-08-09T14:16:38.717+0000] {processor.py:840} INFO - DAG(s) 'feature_pipeline' retrieved from /opt/airflow/dags/feature_pipeline_dag.py
[2026-08-09T14:16:42.056+0000] {logging_mixin.py:188} INFO - [2026-08-09T14:16:42.053+0000] {dag.py:3089} INFO - Sync 1 DAGs
[2026-08-09T14:16:50.459+0000] {logging_mixin.py:188} INFO - [2026-08-09T14:16:50.428+0000] {dag.py:3947} INFO - Setting next_dagrun for feature_pipeline to 2026-08-09 14:00:00+00:00, run_after=2026-08-09 15:00:00+00:00
[2026-08-09T14:16:50.559+0000] {processor.py:183} INFO - Processing /opt/airflow/dags/feature_pipeline_dag.py took 18.489 seconds
[2026-08-09T14:17:23.689+0000] {processor.py:161} INFO - Started process (PID=951) to work on /opt/airflow/dags/feature_pipeline_dag.py
[2026-08-09T14:17:23.770+0000] {processor.py:830} INFO - Processing file /opt/airflow/dags/feature_pipeline_dag.py for tasks to queue
[2026-08-09T14:17:23.841+0000] {logging_mixin.py:188} INFO - [2026-08-09T14:17:23.815+0000] {dagbag.py:545} INFO - Filling up the DagBag from /opt/airflow/dags/feature_pipeline_dag.py
[2026-08-09T14:17:28.611+0000] {processor.py:840} INFO - DAG(s) 'feature_pipeline' retrieved from /opt/airflow/dags/feature_pipeline_dag.py
[2026-08-09T14:17:29.833+0000] {logging_mixin.py:188} INFO - [2026-08-09T14:17:29.831+0000] {dag.py:3089} INFO - Sync 1 DAGs
[2026-08-09T14:17:30.858+0000] {logging_mixin.py:188} INFO - [2026-08-09T14:17:30.857+0000] {dag.py:3947} INFO - Setting next_dagrun for feature_pipeline to 2026-08-09 14:00:00+00:00, run_after=2026-08-09 15:00:00+00:00
[2026-08-09T14:17:30.938+0000] {processor.py:183} INFO - Processing /opt/airflow/dags/feature_pipeline_dag.py took 9.777 seconds
[2026-08-09T14:18:11.609+0000] {processor.py:161} INFO - Started process (PID=1158) to work on /opt/airflow/dags/feature_pipeline_dag.py
[2026-08-09T14:18:11.773+0000] {processor.py:830} INFO - Processing file /opt/airflow/dags/feature_pipeline_dag.py for tasks to queue
[2026-08-09T14:18:11.778+0000] {logging_mixin.py:188} INFO - [2026-08-09T14:18:11.776+0000] {dagbag.py:545} INFO - Filling up the DagBag from /opt/airflow/dags/feature_pipeline_dag.py
[2026-08-09T14:18:14.423+0000] {processor.py:840} INFO - DAG(s) 'feature_pipeline' retrieved from /opt/airflow/dags/feature_pipeline_dag.py
[2026-08-09T14:18:14.488+0000] {logging_mixin.py:188} INFO - [2026-08-09T14:18:14.487+0000] {dag.py:3089} INFO - Sync 1 DAGs
[2026-08-09T14:18:14.539+0000] {logging_mixin.py:188} INFO - [2026-08-09T14:18:14.539+0000] {dag.py:3947} INFO - Setting next_dagrun for feature_pipeline to 2026-08-09 14:00:00+00:00, run_after=2026-08-09 15:00:00+00:00
[2026-08-09T14:18:14.581+0000] {processor.py:183} INFO - Processing /opt/airflow/dags/feature_pipeline_dag.py took 3.009 seconds
[2026-08-09T14:18:45.873+0000] {processor.py:161} INFO - Started process (PID=1213) to work on /opt/airflow/dags/feature_pipeline_dag.py
[2026-08-09T14:18:45.876+0000] {processor.py:830} INFO - Processing file /opt/airflow/dags/feature_pipeline_dag.py for tasks to queue
[2026-08-09T14:18:45.878+0000] {logging_mixin.py:188} INFO - [2026-08-09T14:18:45.877+0000] {dagbag.py:545} INFO - Filling up the DagBag from /opt/airflow/dags/feature_pipeline_dag.py
[2026-08-09T14:18:47.707+0000] {processor.py:840} INFO - DAG(s) 'feature_pipeline' retrieved from /opt/airflow/dags/feature_pipeline_dag.py
[2026-08-09T14:18:47.763+0000] {logging_mixin.py:188} INFO - [2026-08-09T14:18:47.763+0000] {dag.py:3089} INFO - Sync 1 DAGs
[2026-08-09T14:18:47.808+0000] {logging_mixin.py:188} INFO - [2026-08-09T14:18:47.808+0000] {dag.py:3947} INFO - Setting next_dagrun for feature_pipeline to 2026-08-09 14:00:00+00:00, run_after=2026-08-09 15:00:00+00:00
[2026-08-09T14:18:48.494+0000] {processor.py:183} INFO - Processing /opt/airflow/dags/feature_pipeline_dag.py took 2.643 seconds
[2026-08-09T14:19:19.504+0000] {processor.py:161} INFO - Started process (PID=1240) to work on /opt/airflow/dags/feature_pipeline_dag.py
[2026-08-09T14:19:19.511+0000] {processor.py:830} INFO - Processing file /opt/airflow/dags/feature_pipeline_dag.py for tasks to queue
[2026-08-09T14:19:19.515+0000] {logging_mixin.py:188} INFO - [2026-08-09T14:19:19.514+0000] {dagbag.py:545} INFO - Filling up the DagBag from /opt/airflow/dags/feature_pipeline_dag.py
[2026-08-09T14:19:21.154+0000] {processor.py:840} INFO - DAG(s) 'feature_pipeline' retrieved from /opt/airflow/dags/feature_pipeline_dag.py
[2026-08-09T14:19:21.221+0000] {logging_mixin.py:188} INFO - [2026-08-09T14:19:21.221+0000] {dag.py:3089} INFO - Sync 1 DAGs
[2026-08-09T14:19:21.579+0000] {logging_mixin.py:188} INFO - [2026-08-09T14:19:21.578+0000] {dag.py:3947} INFO - Setting next_dagrun for feature_pipeline to 2026-08-09 14:00:00+00:00, run_after=2026-08-09 15:00:00+00:00
[2026-08-09T14:19:21.625+0000] {processor.py:183} INFO - Processing /opt/airflow/dags/feature_pipeline_dag.py took 2.148 seconds
[2026-08-09T14:19:51.985+0000] {processor.py:161} INFO - Started process (PID=1302) to work on /opt/airflow/dags/feature_pipeline_dag.py
[2026-08-09T14:19:51.989+0000] {processor.py:830} INFO - Processing file /opt/airflow/dags/feature_pipeline_dag.py for tasks to queue
[2026-08-09T14:19:51.994+0000] {logging_mixin.py:188} INFO - [2026-08-09T14:19:51.992+0000] {dagbag.py:545} INFO - Filling up the DagBag from /opt/airflow/dags/feature_pipeline_dag.py
[2026-08-09T14:19:54.730+0000] {processor.py:840} INFO - DAG(s) 'feature_pipeline' retrieved from /opt/airflow/dags/feature_pipeline_dag.py
[2026-08-09T14:19:56.106+0000] {logging_mixin.py:188} INFO - [2026-08-09T14:19:56.105+0000] {dag.py:3089} INFO - Sync 1 DAGs
[2026-08-09T14:19:56.149+0000] {logging_mixin.py:188} INFO - [2026-08-09T14:19:56.149+0000] {dag.py:3947} INFO - Setting next_dagrun for feature_pipeline to 2026-08-09 14:00:00+00:00, run_after=2026-08-09 15:00:00+00:00
[2026-08-09T14:19:56.186+0000] {processor.py:183} INFO - Processing /opt/airflow/dags/feature_pipeline_dag.py took 4.227 seconds
[2026-08-09T14:20:26.475+0000] {processor.py:161} INFO - Started process (PID=1391) to work on /opt/airflow/dags/feature_pipeline_dag.py
[2026-08-09T14:20:26.484+0000] {processor.py:830} INFO - Processing file /opt/airflow/dags/feature_pipeline_dag.py for tasks to queue
[2026-08-09T14:20:26.487+0000] {logging_mixin.py:188} INFO - [2026-08-09T14:20:26.486+0000] {dagbag.py:545} INFO - Filling up the DagBag from /opt/airflow/dags/feature_pipeline_dag.py
[2026-08-09T14:20:31.932+0000] {processor.py:840} INFO - DAG(s) 'feature_pipeline' retrieved from /opt/airflow/dags/feature_pipeline_dag.py
[2026-08-09T14:20:39.380+0000] {logging_mixin.py:188} INFO - [2026-08-09T14:20:39.379+0000] {dag.py:3089} INFO - Sync 1 DAGs
[2026-08-09T14:20:39.676+0000] {logging_mixin.py:188} INFO - [2026-08-09T14:20:39.676+0000] {dag.py:3947} INFO - Setting next_dagrun for feature_pipeline to 2026-08-09 14:00:00+00:00, run_after=2026-08-09 15:00:00+00:00
[2026-08-09T14:20:39.800+0000] {processor.py:183} INFO - Processing /opt/airflow/dags/feature_pipeline_dag.py took 13.355 seconds
[2026-08-09T14:21:10.501+0000] {processor.py:161} INFO - Started process (PID=1803) to work on /opt/airflow/dags/feature_pipeline_dag.py
[2026-08-09T14:21:10.510+0000] {processor.py:830} INFO - Processing file /opt/airflow/dags/feature_pipeline_dag.py for tasks to queue
[2026-08-09T14:21:10.513+0000] {logging_mixin.py:188} INFO - [2026-08-09T14:21:10.512+0000] {dagbag.py:545} INFO - Filling up the DagBag from /opt/airflow/dags/feature_pipeline_dag.py
[2026-08-09T14:21:15.395+0000] {processor.py:840} INFO - DAG(s) 'feature_pipeline' retrieved from /opt/airflow/dags/feature_pipeline_dag.py
[2026-08-09T14:21:15.611+0000] {logging_mixin.py:188} INFO - [2026-08-09T14:21:15.610+0000] {dag.py:3089} INFO - Sync 1 DAGs
[2026-08-09T14:21:15.705+0000] {logging_mixin.py:188} INFO - [2026-08-09T14:21:15.705+0000] {dag.py:3947} INFO - Setting next_dagrun for feature_pipeline to 2026-08-09 14:00:00+00:00, run_after=2026-08-09 15:00:00+00:00
[2026-08-09T14:21:15.776+0000] {processor.py:183} INFO - Processing /opt/airflow/dags/feature_pipeline_dag.py took 5.304 seconds
[2026-08-09T14:21:46.396+0000] {processor.py:161} INFO - Started process (PID=2251) to work on /opt/airflow/dags/feature_pipeline_dag.py
[2026-08-09T14:21:46.399+0000] {processor.py:830} INFO - Processing file /opt/airflow/dags/feature_pipeline_dag.py for tasks to queue
[2026-08-09T14:21:46.418+0000] {logging_mixin.py:188} INFO - [2026-08-09T14:21:46.401+0000] {dagbag.py:545} INFO - Filling up the DagBag from /opt/airflow/dags/feature_pipeline_dag.py
[2026-08-09T14:21:54.516+0000] {processor.py:840} INFO - DAG(s) 'feature_pipeline' retrieved from /opt/airflow/dags/feature_pipeline_dag.py
[2026-08-09T14:21:55.124+0000] {logging_mixin.py:188} INFO - [2026-08-09T14:21:55.122+0000] {dag.py:3089} INFO - Sync 1 DAGs
[2026-08-09T14:21:55.972+0000] {logging_mixin.py:188} INFO - [2026-08-09T14:21:55.971+0000] {dag.py:3947} INFO - Setting next_dagrun for feature_pipeline to 2026-08-09 14:00:00+00:00, run_after=2026-08-09 15:00:00+00:00
[2026-08-09T14:21:56.142+0000] {processor.py:183} INFO - Processing /opt/airflow/dags/feature_pipeline_dag.py took 11.731 seconds
[2026-08-09T14:22:26.705+0000] {processor.py:161} INFO - Started process (PID=2328) to work on /opt/airflow/dags/feature_pipeline_dag.py
[2026-08-09T14:22:26.709+0000] {processor.py:830} INFO - Processing file /opt/airflow/dags/feature_pipeline_dag.py for tasks to queue
[2026-08-09T14:22:26.711+0000] {logging_mixin.py:188} INFO - [2026-08-09T14:22:26.710+0000] {dagbag.py:545} INFO - Filling up the DagBag from /opt/airflow/dags/feature_pipeline_dag.py
[2026-08-09T14:22:28.526+0000] {processor.py:840} INFO - DAG(s) 'feature_pipeline' retrieved from /opt/airflow/dags/feature_pipeline_dag.py
[2026-08-09T14:22:28.694+0000] {logging_mixin.py:188} INFO - [2026-08-09T14:22:28.693+0000] {dag.py:3089} INFO - Sync 1 DAGs
[2026-08-09T14:22:29.267+0000] {logging_mixin.py:188} INFO - [2026-08-09T14:22:29.267+0000] {dag.py:3947} INFO - Setting next_dagrun for feature_pipeline to 2026-08-09 14:00:00+00:00, run_after=2026-08-09 15:00:00+00:00
[2026-08-09T14:22:29.314+0000] {processor.py:183} INFO - Processing /opt/airflow/dags/feature_pipeline_dag.py took 2.634 seconds
[2026-08-09T14:22:59.733+0000] {processor.py:161} INFO - Started process (PID=2354) to work on /opt/airflow/dags/feature_pipeline_dag.py
[2026-08-09T14:22:59.736+0000] {processor.py:830} INFO - Processing file /opt/airflow/dags/feature_pipeline_dag.py for tasks to queue
[2026-08-09T14:22:59.739+0000] {logging_mixin.py:188} INFO - [2026-08-09T14:22:59.737+0000] {dagbag.py:545} INFO - Filling up the DagBag from /opt/airflow/dags/feature_pipeline_dag.py
[2026-08-09T14:23:03.752+0000] {processor.py:840} INFO - DAG(s) 'feature_pipeline' retrieved from /opt/airflow/dags/feature_pipeline_dag.py
[2026-08-09T14:23:04.219+0000] {logging_mixin.py:188} INFO - [2026-08-09T14:23:04.219+0000] {dag.py:3089} INFO - Sync 1 DAGs
[2026-08-09T14:23:04.275+0000] {logging_mixin.py:188} INFO - [2026-08-09T14:23:04.275+0000] {dag.py:3947} INFO - Setting next_dagrun for feature_pipeline to 2026-08-09 14:00:00+00:00, run_after=2026-08-09 15:00:00+00:00
[2026-08-09T14:23:04.317+0000] {processor.py:183} INFO - Processing /opt/airflow/dags/feature_pipeline_dag.py took 4.609 seconds
[2026-08-09T14:23:36.807+0000] {processor.py:161} INFO - Started process (PID=2382) to work on /opt/airflow/dags/feature_pipeline_dag.py
[2026-08-09T14:23:36.810+0000] {processor.py:830} INFO - Processing file /opt/airflow/dags/feature_pipeline_dag.py for tasks to queue
[2026-08-09T14:23:36.813+0000] {logging_mixin.py:188} INFO - [2026-08-09T14:23:36.812+0000] {dagbag.py:545} INFO - Filling up the DagBag from /opt/airflow/dags/feature_pipeline_dag.py
[2026-08-09T14:23:37.541+0000] {processor.py:840} INFO - DAG(s) 'feature_pipeline' retrieved from /opt/airflow/dags/feature_pipeline_dag.py
[2026-08-09T14:23:38.094+0000] {logging_mixin.py:188} INFO - [2026-08-09T14:23:38.093+0000] {dag.py:3089} INFO - Sync 1 DAGs
[2026-08-09T14:23:38.140+0000] {logging_mixin.py:188} INFO - [2026-08-09T14:23:38.140+0000] {dag.py:3947} INFO - Setting next_dagrun for feature_pipeline to 2026-08-09 14:00:00+00:00, run_after=2026-08-09 15:00:00+00:00
[2026-08-09T14:23:38.182+0000] {processor.py:183} INFO - Processing /opt/airflow/dags/feature_pipeline_dag.py took 3.662 seconds
[2026-08-09T14:24:09.136+0000] {processor.py:161} INFO - Started process (PID=2402) to work on /opt/airflow/dags/feature_pipeline_dag.py
[2026-08-09T14:24:09.139+0000] {processor.py:830} INFO - Processing file /opt/airflow/dags/feature_pipeline_dag.py for tasks to queue
[2026-08-09T14:24:09.142+0000] {logging_mixin.py:188} INFO - [2026-08-09T14:24:09.141+0000] {dagbag.py:545} INFO - Filling up the DagBag from /opt/airflow/dags/feature_pipeline_dag.py
[2026-08-09T14:24:12.150+0000] {processor.py:840} INFO - DAG(s) 'feature_pipeline' retrieved from /opt/airflow/dags/feature_pipeline_dag.py
[2026-08-09T14:24:12.200+0000] {logging_mixin.py:188} INFO - [2026-08-09T14:24:12.200+0000] {dag.py:3089} INFO - Sync 1 DAGs
[2026-08-09T14:24:12.248+0000] {logging_mixin.py:188} INFO - [2026-08-09T14:24:12.247+0000] {dag.py:3947} INFO - Setting next_dagrun for feature_pipeline to 2026-08-09 14:00:00+00:00, run_after=2026-08-09 15:00:00+00:00
[2026-08-09T14:24:12.295+0000] {processor.py:183} INFO - Processing /opt/airflow/dags/feature_pipeline_dag.py took 3.187 seconds
[2026-08-09T14:24:42.533+0000] {processor.py:161} INFO - Started process (PID=2447) to work on /opt/airflow/dags/feature_pipeline_dag.py
[2026-08-09T14:24:42.538+0000] {processor.py:830} INFO - Processing file /opt/airflow/dags/feature_pipeline_dag.py for tasks to queue
[2026-08-09T14:24:42.541+0000] {logging_mixin.py:188} INFO - [2026-08-09T14:24:42.540+0000] {dagbag.py:545} INFO - Filling up the DagBag from /opt/airflow/dags/feature_pipeline_dag.py
[2026-08-09T14:25:14.275+0000] {logging_mixin.py:188} INFO - [2026-08-09T14:25:11.477+0000] {timeout.py:68} ERROR - Process timed out, PID: 2447
[2026-08-09T14:26:18.686+0000] {processor.py:161} INFO - Started process (PID=2462) to work on /opt/airflow/dags/feature_pipeline_dag.py
[2026-08-09T14:26:18.841+0000] {processor.py:830} INFO - Processing file /opt/airflow/dags/feature_pipeline_dag.py for tasks to queue
[2026-08-09T14:26:18.967+0000] {logging_mixin.py:188} INFO - [2026-08-09T14:26:18.843+0000] {dagbag.py:545} INFO - Filling up the DagBag from /opt/airflow/dags/feature_pipeline_dag.py
[2026-08-09T14:30:44.923+0000] {processor.py:161} INFO - Started process (PID=2472) to work on /opt/airflow/dags/feature_pipeline_dag.py
[2026-08-09T14:30:45.163+0000] {processor.py:830} INFO - Processing file /opt/airflow/dags/feature_pipeline_dag.py for tasks to queue
[2026-08-09T14:30:45.665+0000] {logging_mixin.py:188} INFO - [2026-08-09T14:30:45.455+0000] {dagbag.py:545} INFO - Filling up the DagBag from /opt/airflow/dags/feature_pipeline_dag.py
[2026-08-09T14:31:46.057+0000] {processor.py:161} INFO - Started process (PID=2499) to work on /opt/airflow/dags/feature_pipeline_dag.py
[2026-08-09T14:31:46.059+0000] {processor.py:830} INFO - Processing file /opt/airflow/dags/feature_pipeline_dag.py for tasks to queue
[2026-08-09T14:31:46.062+0000] {logging_mixin.py:188} INFO - [2026-08-09T14:31:46.061+0000] {dagbag.py:545} INFO - Filling up the DagBag from /opt/airflow/dags/feature_pipeline_dag.py
[2026-08-09T14:31:47.693+0000] {processor.py:840} INFO - DAG(s) 'feature_pipeline' retrieved from /opt/airflow/dags/feature_pipeline_dag.py
[2026-08-09T14:31:48.349+0000] {logging_mixin.py:188} INFO - [2026-08-09T14:31:48.348+0000] {dag.py:3089} INFO - Sync 1 DAGs
[2026-08-09T14:31:48.395+0000] {logging_mixin.py:188} INFO - [2026-08-09T14:31:48.394+0000] {dag.py:3947} INFO - Setting next_dagrun for feature_pipeline to 2026-08-09 14:00:00+00:00, run_after=2026-08-09 15:00:00+00:00
[2026-08-09T14:31:48.457+0000] {processor.py:183} INFO - Processing /opt/airflow/dags/feature_pipeline_dag.py took 2.420 seconds
[2026-08-09T14:32:19.307+0000] {processor.py:161} INFO - Started process (PID=2513) to work on /opt/airflow/dags/feature_pipeline_dag.py
[2026-08-09T14:32:19.309+0000] {processor.py:830} INFO - Processing file /opt/airflow/dags/feature_pipeline_dag.py for tasks to queue
[2026-08-09T14:32:19.312+0000] {logging_mixin.py:188} INFO - [2026-08-09T14:32:19.311+0000] {dagbag.py:545} INFO - Filling up the DagBag from /opt/airflow/dags/feature_pipeline_dag.py
[2026-08-09T14:32:20.788+0000] {processor.py:840} INFO - DAG(s) 'feature_pipeline' retrieved from /opt/airflow/dags/feature_pipeline_dag.py
[2026-08-09T14:32:21.183+0000] {logging_mixin.py:188} INFO - [2026-08-09T14:32:21.182+0000] {dag.py:3089} INFO - Sync 1 DAGs
[2026-08-09T14:32:21.222+0000] {logging_mixin.py:188} INFO - [2026-08-09T14:32:21.221+0000] {dag.py:3947} INFO - Setting next_dagrun for feature_pipeline to 2026-08-09 14:00:00+00:00, run_after=2026-08-09 15:00:00+00:00
[2026-08-09T14:32:21.258+0000] {processor.py:183} INFO - Processing /opt/airflow/dags/feature_pipeline_dag.py took 1.978 seconds
[2026-08-09T14:32:51.649+0000] {processor.py:161} INFO - Started process (PID=2546) to work on /opt/airflow/dags/feature_pipeline_dag.py
[2026-08-09T14:32:51.652+0000] {processor.py:830} INFO - Processing file /opt/airflow/dags/feature_pipeline_dag.py for tasks to queue
[2026-08-09T14:32:51.655+0000] {logging_mixin.py:188} INFO - [2026-08-09T14:32:51.654+0000] {dagbag.py:545} INFO - Filling up the DagBag from /opt/airflow/dags/feature_pipeline_dag.py
[2026-08-09T14:32:53.636+0000] {processor.py:840} INFO - DAG(s) 'feature_pipeline' retrieved from /opt/airflow/dags/feature_pipeline_dag.py
[2026-08-09T14:32:53.696+0000] {logging_mixin.py:188} INFO - [2026-08-09T14:32:53.695+0000] {dag.py:3089} INFO - Sync 1 DAGs
[2026-08-09T14:32:53.743+0000] {logging_mixin.py:188} INFO - [2026-08-09T14:32:53.742+0000] {dag.py:3947} INFO - Setting next_dagrun for feature_pipeline to 2026-08-09 14:00:00+00:00, run_after=2026-08-09 15:00:00+00:00
[2026-08-09T14:32:53.792+0000] {processor.py:183} INFO - Processing /opt/airflow/dags/feature_pipeline_dag.py took 2.166 seconds
[2026-08-09T14:37:20.353+0000] {processor.py:161} INFO - Started process (PID=2592) to work on /opt/airflow/dags/feature_pipeline_dag.py
[2026-08-09T14:37:20.418+0000] {processor.py:830} INFO - Processing file /opt/airflow/dags/feature_pipeline_dag.py for tasks to queue
[2026-08-09T14:37:20.594+0000] {logging_mixin.py:188} INFO - [2026-08-09T14:37:20.492+0000] {dagbag.py:545} INFO - Filling up the DagBag from /opt/airflow/dags/feature_pipeline_dag.py
[2026-08-09T14:37:57.921+0000] {logging_mixin.py:188} INFO - [2026-08-09T14:37:54.317+0000] {timeout.py:68} ERROR - Process timed out, PID: 2592
[2026-08-09T14:39:44.014+0000] {processor.py:161} INFO - Started process (PID=2608) to work on /opt/airflow/dags/feature_pipeline_dag.py
[2026-08-09T14:39:44.269+0000] {processor.py:830} INFO - Processing file /opt/airflow/dags/feature_pipeline_dag.py for tasks to queue
[2026-08-09T14:39:44.417+0000] {logging_mixin.py:188} INFO - [2026-08-09T14:39:44.271+0000] {dagbag.py:545} INFO - Filling up the DagBag from /opt/airflow/dags/feature_pipeline_dag.py
[2026-08-09T14:41:27.254+0000] {processor.py:161} INFO - Started process (PID=2621) to work on /opt/airflow/dags/feature_pipeline_dag.py
[2026-08-09T14:41:27.255+0000] {processor.py:830} INFO - Processing file /opt/airflow/dags/feature_pipeline_dag.py for tasks to queue
[2026-08-09T14:41:27.331+0000] {logging_mixin.py:188} INFO - [2026-08-09T14:41:27.257+0000] {dagbag.py:545} INFO - Filling up the DagBag from /opt/airflow/dags/feature_pipeline_dag.py
[2026-08-09T14:42:23.010+0000] {logging_mixin.py:188} INFO - [2026-08-09T14:42:15.596+0000] {timeout.py:68} ERROR - Process timed out, PID: 2621
[2026-08-09T14:43:30.602+0000] {processor.py:161} INFO - Started process (PID=2641) to work on /opt/airflow/dags/feature_pipeline_dag.py
[2026-08-09T14:43:30.722+0000] {processor.py:830} INFO - Processing file /opt/airflow/dags/feature_pipeline_dag.py for tasks to queue
[2026-08-09T14:43:30.777+0000] {logging_mixin.py:188} INFO - [2026-08-09T14:43:30.775+0000] {dagbag.py:545} INFO - Filling up the DagBag from /opt/airflow/dags/feature_pipeline_dag.py
[2026-08-09T14:43:59.653+0000] {logging_mixin.py:188} INFO - [2026-08-09T14:43:59.432+0000] {timeout.py:68} ERROR - Process timed out, PID: 2641
[2026-08-09T14:44:30.085+0000] {processor.py:161} INFO - Started process (PID=2671) to work on /opt/airflow/dags/feature_pipeline_dag.py
[2026-08-09T14:44:30.087+0000] {processor.py:830} INFO - Processing file /opt/airflow/dags/feature_pipeline_dag.py for tasks to queue
[2026-08-09T14:44:30.088+0000] {logging_mixin.py:188} INFO - [2026-08-09T14:44:30.088+0000] {dagbag.py:545} INFO - Filling up the DagBag from /opt/airflow/dags/feature_pipeline_dag.py
[2026-08-09T14:44:31.322+0000] {processor.py:840} INFO - DAG(s) 'feature_pipeline' retrieved from /opt/airflow/dags/feature_pipeline_dag.py
[2026-08-09T14:44:31.427+0000] {logging_mixin.py:188} INFO - [2026-08-09T14:44:31.427+0000] {dag.py:3089} INFO - Sync 1 DAGs
[2026-08-09T14:44:31.479+0000] {logging_mixin.py:188} INFO - [2026-08-09T14:44:31.479+0000] {dag.py:3947} INFO - Setting next_dagrun for feature_pipeline to 2026-08-09 14:00:00+00:00, run_after=2026-08-09 15:00:00+00:00
[2026-08-09T14:44:31.521+0000] {processor.py:183} INFO - Processing /opt/airflow/dags/feature_pipeline_dag.py took 1.447 seconds
[2026-08-09T14:45:04.051+0000] {processor.py:161} INFO - Started process (PID=2688) to work on /opt/airflow/dags/feature_pipeline_dag.py
[2026-08-09T14:45:04.053+0000] {processor.py:830} INFO - Processing file /opt/airflow/dags/feature_pipeline_dag.py for tasks to queue
[2026-08-09T14:45:04.054+0000] {logging_mixin.py:188} INFO - [2026-08-09T14:45:04.053+0000] {dagbag.py:545} INFO - Filling up the DagBag from /opt/airflow/dags/feature_pipeline_dag.py
[2026-08-09T14:45:05.677+0000] {processor.py:840} INFO - DAG(s) 'feature_pipeline' retrieved from /opt/airflow/dags/feature_pipeline_dag.py
[2026-08-09T14:45:05.766+0000] {logging_mixin.py:188} INFO - [2026-08-09T14:45:05.766+0000] {dag.py:3089} INFO - Sync 1 DAGs
[2026-08-09T14:45:05.828+0000] {logging_mixin.py:188} INFO - [2026-08-09T14:45:05.827+0000] {dag.py:3947} INFO - Setting next_dagrun for feature_pipeline to 2026-08-09 14:00:00+00:00, run_after=2026-08-09 15:00:00+00:00
[2026-08-09T14:45:06.471+0000] {processor.py:183} INFO - Processing /opt/airflow/dags/feature_pipeline_dag.py took 4.565 seconds
[2026-08-09T14:45:37.563+0000] {processor.py:161} INFO - Started process (PID=2730) to work on /opt/airflow/dags/feature_pipeline_dag.py
[2026-08-09T14:45:37.565+0000] {processor.py:830} INFO - Processing file /opt/airflow/dags/feature_pipeline_dag.py for tasks to queue
[2026-08-09T14:45:37.567+0000] {logging_mixin.py:188} INFO - [2026-08-09T14:45:37.566+0000] {dagbag.py:545} INFO - Filling up the DagBag from /opt/airflow/dags/feature_pipeline_dag.py
[2026-08-09T14:45:40.861+0000] {processor.py:840} INFO - DAG(s) 'feature_pipeline' retrieved from /opt/airflow/dags/feature_pipeline_dag.py
[2026-08-09T14:45:40.940+0000] {logging_mixin.py:188} INFO - [2026-08-09T14:45:40.939+0000] {dag.py:3089} INFO - Sync 1 DAGs
[2026-08-09T14:45:41.521+0000] {logging_mixin.py:188} INFO - [2026-08-09T14:45:41.521+0000] {dag.py:3947} INFO - Setting next_dagrun for feature_pipeline to 2026-08-09 14:00:00+00:00, run_after=2026-08-09 15:00:00+00:00
[2026-08-09T14:45:41.559+0000] {processor.py:183} INFO - Processing /opt/airflow/dags/feature_pipeline_dag.py took 5.792 seconds
[2026-08-09T14:59:25.845+0000] {processor.py:161} INFO - Started process (PID=2747) to work on /opt/airflow/dags/feature_pipeline_dag.py
[2026-08-09T14:59:25.851+0000] {processor.py:830} INFO - Processing file /opt/airflow/dags/feature_pipeline_dag.py for tasks to queue
[2026-08-09T14:59:25.926+0000] {logging_mixin.py:188} INFO - [2026-08-09T14:59:25.852+0000] {dagbag.py:545} INFO - Filling up the DagBag from /opt/airflow/dags/feature_pipeline_dag.py
[2026-08-09T14:59:57.220+0000] {logging_mixin.py:188} INFO - [2026-08-09T14:59:57.102+0000] {timeout.py:68} ERROR - Process timed out, PID: 2747
[2026-08-09T15:00:27.725+0000] {processor.py:161} INFO - Started process (PID=2771) to work on /opt/airflow/dags/feature_pipeline_dag.py
[2026-08-09T15:00:27.728+0000] {processor.py:830} INFO - Processing file /opt/airflow/dags/feature_pipeline_dag.py for tasks to queue
[2026-08-09T15:00:27.731+0000] {logging_mixin.py:188} INFO - [2026-08-09T15:00:27.730+0000] {dagbag.py:545} INFO - Filling up the DagBag from /opt/airflow/dags/feature_pipeline_dag.py
[2026-08-09T15:00:29.065+0000] {processor.py:840} INFO - DAG(s) 'feature_pipeline' retrieved from /opt/airflow/dags/feature_pipeline_dag.py
[2026-08-09T15:00:29.166+0000] {logging_mixin.py:188} INFO - [2026-08-09T15:00:29.166+0000] {dag.py:3089} INFO - Sync 1 DAGs
[2026-08-09T15:00:29.182+0000] {logging_mixin.py:188} INFO - [2026-08-09T15:00:29.182+0000] {dag.py:3947} INFO - Setting next_dagrun for feature_pipeline to 2026-08-09 15:00:00+00:00, run_after=2026-08-09 16:00:00+00:00
[2026-08-09T15:00:29.201+0000] {processor.py:183} INFO - Processing /opt/airflow/dags/feature_pipeline_dag.py took 1.494 seconds
[2026-08-09T15:00:59.375+0000] {processor.py:161} INFO - Started process (PID=2938) to work on /opt/airflow/dags/feature_pipeline_dag.py
[2026-08-09T15:00:59.379+0000] {processor.py:830} INFO - Processing file /opt/airflow/dags/feature_pipeline_dag.py for tasks to queue
[2026-08-09T15:00:59.381+0000] {logging_mixin.py:188} INFO - [2026-08-09T15:00:59.380+0000] {dagbag.py:545} INFO - Filling up the DagBag from /opt/airflow/dags/feature_pipeline_dag.py
[2026-08-09T15:01:02.031+0000] {processor.py:840} INFO - DAG(s) 'feature_pipeline' retrieved from /opt/airflow/dags/feature_pipeline_dag.py
[2026-08-09T15:01:02.064+0000] {logging_mixin.py:188} INFO - [2026-08-09T15:01:02.063+0000] {dag.py:3089} INFO - Sync 1 DAGs
[2026-08-09T15:01:02.089+0000] {logging_mixin.py:188} INFO - [2026-08-09T15:01:02.089+0000] {dag.py:3947} INFO - Setting next_dagrun for feature_pipeline to 2026-08-09 15:00:00+00:00, run_after=2026-08-09 16:00:00+00:00
[2026-08-09T15:01:02.400+0000] {processor.py:183} INFO - Processing /opt/airflow/dags/feature_pipeline_dag.py took 3.060 seconds
[2026-08-09T15:09:33.723+0000] {processor.py:161} INFO - Started process (PID=170) to work on /opt/airflow/dags/feature_pipeline_dag.py
[2026-08-09T15:09:33.774+0000] {processor.py:830} INFO - Processing file /opt/airflow/dags/feature_pipeline_dag.py for tasks to queue
[2026-08-09T15:09:33.788+0000] {logging_mixin.py:188} INFO - [2026-08-09T15:09:33.785+0000] {dagbag.py:545} INFO - Filling up the DagBag from /opt/airflow/dags/feature_pipeline_dag.py
[2026-08-09T15:09:56.312+0000] {processor.py:840} INFO - DAG(s) 'feature_pipeline' retrieved from /opt/airflow/dags/feature_pipeline_dag.py
[2026-08-09T15:09:57.750+0000] {logging_mixin.py:188} INFO - [2026-08-09T15:09:57.750+0000] {dag.py:3089} INFO - Sync 1 DAGs
[2026-08-09T15:09:58.838+0000] {logging_mixin.py:188} INFO - [2026-08-09T15:09:58.837+0000] {dag.py:3947} INFO - Setting next_dagrun for feature_pipeline to 2026-08-09 15:00:00+00:00, run_after=2026-08-09 16:00:00+00:00
[2026-08-09T15:09:59.276+0000] {processor.py:183} INFO - Processing /opt/airflow/dags/feature_pipeline_dag.py took 27.910 seconds
[2026-08-09T15:10:31.503+0000] {processor.py:161} INFO - Started process (PID=196) to work on /opt/airflow/dags/feature_pipeline_dag.py
[2026-08-09T15:10:31.565+0000] {processor.py:830} INFO - Processing file /opt/airflow/dags/feature_pipeline_dag.py for tasks to queue
[2026-08-09T15:10:33.830+0000] {logging_mixin.py:188} INFO - [2026-08-09T15:10:31.891+0000] {dagbag.py:545} INFO - Filling up the DagBag from /opt/airflow/dags/feature_pipeline_dag.py
[2026-08-09T15:11:50.908+0000] {processor.py:161} INFO - Started process (PID=246) to work on /opt/airflow/dags/feature_pipeline_dag.py
[2026-08-09T15:11:50.923+0000] {processor.py:830} INFO - Processing file /opt/airflow/dags/feature_pipeline_dag.py for tasks to queue
[2026-08-09T15:11:50.924+0000] {logging_mixin.py:188} INFO - [2026-08-09T15:11:50.923+0000] {dagbag.py:545} INFO - Filling up the DagBag from /opt/airflow/dags/feature_pipeline_dag.py
[2026-08-09T15:11:57.760+0000] {processor.py:840} INFO - DAG(s) 'feature_pipeline' retrieved from /opt/airflow/dags/feature_pipeline_dag.py
[2026-08-09T15:11:58.339+0000] {logging_mixin.py:188} INFO - [2026-08-09T15:11:58.339+0000] {dag.py:3089} INFO - Sync 1 DAGs
[2026-08-09T15:11:58.366+0000] {logging_mixin.py:188} INFO - [2026-08-09T15:11:58.365+0000] {dag.py:3947} INFO - Setting next_dagrun for feature_pipeline to 2026-08-09 15:00:00+00:00, run_after=2026-08-09 16:00:00+00:00
[2026-08-09T15:11:58.417+0000] {processor.py:183} INFO - Processing /opt/airflow/dags/feature_pipeline_dag.py took 7.526 seconds
[2026-08-09T15:12:29.478+0000] {processor.py:161} INFO - Started process (PID=274) to work on /opt/airflow/dags/feature_pipeline_dag.py
[2026-08-09T15:12:29.491+0000] {processor.py:830} INFO - Processing file /opt/airflow/dags/feature_pipeline_dag.py for tasks to queue
[2026-08-09T15:12:29.505+0000] {logging_mixin.py:188} INFO - [2026-08-09T15:12:29.495+0000] {dagbag.py:545} INFO - Filling up the DagBag from /opt/airflow/dags/feature_pipeline_dag.py
[2026-08-09T15:12:31.563+0000] {processor.py:840} INFO - DAG(s) 'feature_pipeline' retrieved from /opt/airflow/dags/feature_pipeline_dag.py
[2026-08-09T15:12:31.856+0000] {logging_mixin.py:188} INFO - [2026-08-09T15:12:31.852+0000] {dag.py:3089} INFO - Sync 1 DAGs
[2026-08-09T15:12:35.616+0000] {logging_mixin.py:188} INFO - [2026-08-09T15:12:35.616+0000] {dag.py:3947} INFO - Setting next_dagrun for feature_pipeline to 2026-08-09 15:00:00+00:00, run_after=2026-08-09 16:00:00+00:00
[2026-08-09T15:12:35.721+0000] {processor.py:183} INFO - Processing /opt/airflow/dags/feature_pipeline_dag.py took 6.320 seconds
[2026-08-09T15:13:06.362+0000] {processor.py:161} INFO - Started process (PID=288) to work on /opt/airflow/dags/feature_pipeline_dag.py
[2026-08-09T15:13:06.365+0000] {processor.py:830} INFO - Processing file /opt/airflow/dags/feature_pipeline_dag.py for tasks to queue
[2026-08-09T15:13:06.367+0000] {logging_mixin.py:188} INFO - [2026-08-09T15:13:06.367+0000] {dagbag.py:545} INFO - Filling up the DagBag from /opt/airflow/dags/feature_pipeline_dag.py
[2026-08-09T15:13:07.424+0000] {processor.py:840} INFO - DAG(s) 'feature_pipeline' retrieved from /opt/airflow/dags/feature_pipeline_dag.py
[2026-08-09T15:13:08.327+0000] {logging_mixin.py:188} INFO - [2026-08-09T15:13:08.326+0000] {dag.py:3089} INFO - Sync 1 DAGs
[2026-08-09T15:13:08.659+0000] {logging_mixin.py:188} INFO - [2026-08-09T15:13:08.658+0000] {dag.py:3947} INFO - Setting next_dagrun for feature_pipeline to 2026-08-09 15:00:00+00:00, run_after=2026-08-09 16:00:00+00:00
[2026-08-09T15:13:08.756+0000] {processor.py:183} INFO - Processing /opt/airflow/dags/feature_pipeline_dag.py took 2.409 seconds
[2026-08-09T15:13:39.021+0000] {processor.py:161} INFO - Started process (PID=317) to work on /opt/airflow/dags/feature_pipeline_dag.py
[2026-08-09T15:13:39.035+0000] {processor.py:830} INFO - Processing file /opt/airflow/dags/feature_pipeline_dag.py for tasks to queue
[2026-08-09T15:13:39.057+0000] {logging_mixin.py:188} INFO - [2026-08-09T15:13:39.055+0000] {dagbag.py:545} INFO - Filling up the DagBag from /opt/airflow/dags/feature_pipeline_dag.py
[2026-08-09T15:13:40.446+0000] {processor.py:840} INFO - DAG(s) 'feature_pipeline' retrieved from /opt/airflow/dags/feature_pipeline_dag.py
[2026-08-09T15:13:41.559+0000] {logging_mixin.py:188} INFO - [2026-08-09T15:13:41.558+0000] {dag.py:3089} INFO - Sync 1 DAGs
[2026-08-09T15:13:41.585+0000] {logging_mixin.py:188} INFO - [2026-08-09T15:13:41.585+0000] {dag.py:3947} INFO - Setting next_dagrun for feature_pipeline to 2026-08-09 15:00:00+00:00, run_after=2026-08-09 16:00:00+00:00
[2026-08-09T15:13:41.630+0000] {processor.py:183} INFO - Processing /opt/airflow/dags/feature_pipeline_dag.py took 2.376 seconds
[2026-08-09T15:14:12.686+0000] {processor.py:161} INFO - Started process (PID=350) to work on /opt/airflow/dags/feature_pipeline_dag.py
[2026-08-09T15:14:12.695+0000] {processor.py:830} INFO - Processing file /opt/airflow/dags/feature_pipeline_dag.py for tasks to queue
[2026-08-09T15:14:12.696+0000] {logging_mixin.py:188} INFO - [2026-08-09T15:14:12.696+0000] {dagbag.py:545} INFO - Filling up the DagBag from /opt/airflow/dags/feature_pipeline_dag.py
[2026-08-09T15:14:14.236+0000] {processor.py:840} INFO - DAG(s) 'feature_pipeline' retrieved from /opt/airflow/dags/feature_pipeline_dag.py
[2026-08-09T15:14:14.434+0000] {logging_mixin.py:188} INFO - [2026-08-09T15:14:14.433+0000] {dag.py:3089} INFO - Sync 1 DAGs
[2026-08-09T15:14:14.456+0000] {logging_mixin.py:188} INFO - [2026-08-09T15:14:14.456+0000] {dag.py:3947} INFO - Setting next_dagrun for feature_pipeline to 2026-08-09 15:00:00+00:00, run_after=2026-08-09 16:00:00+00:00
[2026-08-09T15:14:14.516+0000] {processor.py:183} INFO - Processing /opt/airflow/dags/feature_pipeline_dag.py took 1.837 seconds
[2026-08-09T15:14:54.230+0000] {processor.py:161} INFO - Started process (PID=393) to work on /opt/airflow/dags/feature_pipeline_dag.py
[2026-08-09T15:14:54.233+0000] {processor.py:830} INFO - Processing file /opt/airflow/dags/feature_pipeline_dag.py for tasks to queue
[2026-08-09T15:14:54.235+0000] {logging_mixin.py:188} INFO - [2026-08-09T15:14:54.234+0000] {dagbag.py:545} INFO - Filling up the DagBag from /opt/airflow/dags/feature_pipeline_dag.py
[2026-08-09T15:14:55.323+0000] {processor.py:840} INFO - DAG(s) 'feature_pipeline' retrieved from /opt/airflow/dags/feature_pipeline_dag.py
[2026-08-09T15:14:55.359+0000] {logging_mixin.py:188} INFO - [2026-08-09T15:14:55.358+0000] {dag.py:3089} INFO - Sync 1 DAGs
[2026-08-09T15:14:55.584+0000] {logging_mixin.py:188} INFO - [2026-08-09T15:14:55.584+0000] {dag.py:3947} INFO - Setting next_dagrun for feature_pipeline to 2026-08-09 15:00:00+00:00, run_after=2026-08-09 16:00:00+00:00
[2026-08-09T15:14:55.646+0000] {processor.py:183} INFO - Processing /opt/airflow/dags/feature_pipeline_dag.py took 1.450 seconds
[2026-08-09T15:15:26.303+0000] {processor.py:161} INFO - Started process (PID=423) to work on /opt/airflow/dags/feature_pipeline_dag.py
[2026-08-09T15:15:26.352+0000] {processor.py:830} INFO - Processing file /opt/airflow/dags/feature_pipeline_dag.py for tasks to queue
[2026-08-09T15:15:26.354+0000] {logging_mixin.py:188} INFO - [2026-08-09T15:15:26.354+0000] {dagbag.py:545} INFO - Filling up the DagBag from /opt/airflow/dags/feature_pipeline_dag.py
[2026-08-09T15:15:27.529+0000] {processor.py:840} INFO - DAG(s) 'feature_pipeline' retrieved from /opt/airflow/dags/feature_pipeline_dag.py
[2026-08-09T15:15:27.563+0000] {logging_mixin.py:188} INFO - [2026-08-09T15:15:27.563+0000] {dag.py:3089} INFO - Sync 1 DAGs
[2026-08-09T15:15:27.799+0000] {logging_mixin.py:188} INFO - [2026-08-09T15:15:27.798+0000] {dag.py:3947} INFO - Setting next_dagrun for feature_pipeline to 2026-08-09 15:00:00+00:00, run_after=2026-08-09 16:00:00+00:00
[2026-08-09T15:15:27.841+0000] {processor.py:183} INFO - Processing /opt/airflow/dags/feature_pipeline_dag.py took 1.554 seconds
[2026-08-09T15:15:58.422+0000] {processor.py:161} INFO - Started process (PID=451) to work on /opt/airflow/dags/feature_pipeline_dag.py
[2026-08-09T15:15:58.426+0000] {processor.py:830} INFO - Processing file /opt/airflow/dags/feature_pipeline_dag.py for tasks to queue
[2026-08-09T15:15:58.428+0000] {logging_mixin.py:188} INFO - [2026-08-09T15:15:58.427+0000] {dagbag.py:545} INFO - Filling up the DagBag from /opt/airflow/dags/feature_pipeline_dag.py
[2026-08-09T15:16:08.290+0000] {processor.py:840} INFO - DAG(s) 'feature_pipeline' retrieved from /opt/airflow/dags/feature_pipeline_dag.py
[2026-08-09T15:16:08.833+0000] {logging_mixin.py:188} INFO - [2026-08-09T15:16:08.833+0000] {dag.py:3089} INFO - Sync 1 DAGs
[2026-08-09T15:16:09.745+0000] {logging_mixin.py:188} INFO - [2026-08-09T15:16:09.745+0000] {dag.py:3947} INFO - Setting next_dagrun for feature_pipeline to 2026-08-09 15:00:00+00:00, run_after=2026-08-09 16:00:00+00:00
[2026-08-09T15:16:09.890+0000] {processor.py:183} INFO - Processing /opt/airflow/dags/feature_pipeline_dag.py took 11.502 seconds
[2026-08-09T15:16:42.647+0000] {processor.py:161} INFO - Started process (PID=479) to work on /opt/airflow/dags/feature_pipeline_dag.py
[2026-08-09T15:16:42.738+0000] {processor.py:830} INFO - Processing file /opt/airflow/dags/feature_pipeline_dag.py for tasks to queue
[2026-08-09T15:16:42.797+0000] {logging_mixin.py:188} INFO - [2026-08-09T15:16:42.748+0000] {dagbag.py:545} INFO - Filling up the DagBag from /opt/airflow/dags/feature_pipeline_dag.py
[2026-08-09T15:16:44.276+0000] {processor.py:840} INFO - DAG(s) 'feature_pipeline' retrieved from /opt/airflow/dags/feature_pipeline_dag.py
[2026-08-09T15:16:51.597+0000] {logging_mixin.py:188} INFO - [2026-08-09T15:16:51.596+0000] {dag.py:3089} INFO - Sync 1 DAGs
[2026-08-09T15:16:51.623+0000] {logging_mixin.py:188} INFO - [2026-08-09T15:16:51.622+0000] {dag.py:3947} INFO - Setting next_dagrun for feature_pipeline to 2026-08-09 15:00:00+00:00, run_after=2026-08-09 16:00:00+00:00
[2026-08-09T15:16:51.675+0000] {processor.py:183} INFO - Processing /opt/airflow/dags/feature_pipeline_dag.py took 9.289 seconds
[2026-08-09T15:17:21.788+0000] {processor.py:161} INFO - Started process (PID=514) to work on /opt/airflow/dags/feature_pipeline_dag.py
[2026-08-09T15:17:21.790+0000] {processor.py:830} INFO - Processing file /opt/airflow/dags/feature_pipeline_dag.py for tasks to queue
[2026-08-09T15:17:21.791+0000] {logging_mixin.py:188} INFO - [2026-08-09T15:17:21.791+0000] {dagbag.py:545} INFO - Filling up the DagBag from /opt/airflow/dags/feature_pipeline_dag.py
[2026-08-09T15:17:22.575+0000] {processor.py:840} INFO - DAG(s) 'feature_pipeline' retrieved from /opt/airflow/dags/feature_pipeline_dag.py
[2026-08-09T15:17:22.634+0000] {logging_mixin.py:188} INFO - [2026-08-09T15:17:22.633+0000] {dag.py:3089} INFO - Sync 1 DAGs
[2026-08-09T15:17:22.674+0000] {logging_mixin.py:188} INFO - [2026-08-09T15:17:22.674+0000] {dag.py:3947} INFO - Setting next_dagrun for feature_pipeline to 2026-08-09 15:00:00+00:00, run_after=2026-08-09 16:00:00+00:00
[2026-08-09T15:17:22.702+0000] {processor.py:183} INFO - Processing /opt/airflow/dags/feature_pipeline_dag.py took 0.924 seconds
[2026-08-09T15:17:52.994+0000] {processor.py:161} INFO - Started process (PID=542) to work on /opt/airflow/dags/feature_pipeline_dag.py
[2026-08-09T15:17:53.053+0000] {processor.py:830} INFO - Processing file /opt/airflow/dags/feature_pipeline_dag.py for tasks to queue
[2026-08-09T15:17:53.055+0000] {logging_mixin.py:188} INFO - [2026-08-09T15:17:53.055+0000] {dagbag.py:545} INFO - Filling up the DagBag from /opt/airflow/dags/feature_pipeline_dag.py
[2026-08-09T15:17:53.894+0000] {processor.py:840} INFO - DAG(s) 'feature_pipeline' retrieved from /opt/airflow/dags/feature_pipeline_dag.py
[2026-08-09T15:17:53.942+0000] {logging_mixin.py:188} INFO - [2026-08-09T15:17:53.941+0000] {dag.py:3089} INFO - Sync 1 DAGs
[2026-08-09T15:17:53.984+0000] {logging_mixin.py:188} INFO - [2026-08-09T15:17:53.984+0000] {dag.py:3947} INFO - Setting next_dagrun for feature_pipeline to 2026-08-09 15:00:00+00:00, run_after=2026-08-09 16:00:00+00:00
[2026-08-09T15:17:54.421+0000] {processor.py:183} INFO - Processing /opt/airflow/dags/feature_pipeline_dag.py took 1.435 seconds
[2026-08-09T15:18:24.641+0000] {processor.py:161} INFO - Started process (PID=573) to work on /opt/airflow/dags/feature_pipeline_dag.py
[2026-08-09T15:18:24.645+0000] {processor.py:830} INFO - Processing file /opt/airflow/dags/feature_pipeline_dag.py for tasks to queue
[2026-08-09T15:18:24.646+0000] {logging_mixin.py:188} INFO - [2026-08-09T15:18:24.646+0000] {dagbag.py:545} INFO - Filling up the DagBag from /opt/airflow/dags/feature_pipeline_dag.py
[2026-08-09T15:18:25.377+0000] {processor.py:840} INFO - DAG(s) 'feature_pipeline' retrieved from /opt/airflow/dags/feature_pipeline_dag.py
[2026-08-09T15:18:25.412+0000] {logging_mixin.py:188} INFO - [2026-08-09T15:18:25.412+0000] {dag.py:3089} INFO - Sync 1 DAGs
[2026-08-09T15:18:25.685+0000] {logging_mixin.py:188} INFO - [2026-08-09T15:18:25.685+0000] {dag.py:3947} INFO - Setting next_dagrun for feature_pipeline to 2026-08-09 15:00:00+00:00, run_after=2026-08-09 16:00:00+00:00
[2026-08-09T15:18:25.707+0000] {processor.py:183} INFO - Processing /opt/airflow/dags/feature_pipeline_dag.py took 1.081 seconds
[2026-08-09T15:18:56.420+0000] {processor.py:161} INFO - Started process (PID=601) to work on /opt/airflow/dags/feature_pipeline_dag.py
[2026-08-09T15:18:56.421+0000] {processor.py:830} INFO - Processing file /opt/airflow/dags/feature_pipeline_dag.py for tasks to queue
[2026-08-09T15:18:56.423+0000] {logging_mixin.py:188} INFO - [2026-08-09T15:18:56.422+0000] {dagbag.py:545} INFO - Filling up the DagBag from /opt/airflow/dags/feature_pipeline_dag.py
[2026-08-09T15:18:59.112+0000] {processor.py:840} INFO - DAG(s) 'feature_pipeline' retrieved from /opt/airflow/dags/feature_pipeline_dag.py
[2026-08-09T15:18:59.518+0000] {logging_mixin.py:188} INFO - [2026-08-09T15:18:59.518+0000] {dag.py:3089} INFO - Sync 1 DAGs
[2026-08-09T15:18:59.552+0000] {logging_mixin.py:188} INFO - [2026-08-09T15:18:59.552+0000] {dag.py:3947} INFO - Setting next_dagrun for feature_pipeline to 2026-08-09 15:00:00+00:00, run_after=2026-08-09 16:00:00+00:00
[2026-08-09T15:19:01.194+0000] {processor.py:183} INFO - Processing /opt/airflow/dags/feature_pipeline_dag.py took 4.785 seconds
[2026-08-09T15:19:31.667+0000] {processor.py:161} INFO - Started process (PID=619) to work on /opt/airflow/dags/feature_pipeline_dag.py
[2026-08-09T15:19:31.669+0000] {processor.py:830} INFO - Processing file /opt/airflow/dags/feature_pipeline_dag.py for tasks to queue
[2026-08-09T15:19:31.670+0000] {logging_mixin.py:188} INFO - [2026-08-09T15:19:31.670+0000] {dagbag.py:545} INFO - Filling up the DagBag from /opt/airflow/dags/feature_pipeline_dag.py
[2026-08-09T15:19:32.538+0000] {processor.py:840} INFO - DAG(s) 'feature_pipeline' retrieved from /opt/airflow/dags/feature_pipeline_dag.py
[2026-08-09T15:19:33.134+0000] {logging_mixin.py:188} INFO - [2026-08-09T15:19:33.132+0000] {dag.py:3089} INFO - Sync 1 DAGs
[2026-08-09T15:19:33.177+0000] {logging_mixin.py:188} INFO - [2026-08-09T15:19:33.176+0000] {dag.py:3947} INFO - Setting next_dagrun for feature_pipeline to 2026-08-09 15:00:00+00:00, run_after=2026-08-09 16:00:00+00:00
[2026-08-09T15:19:33.209+0000] {processor.py:183} INFO - Processing /opt/airflow/dags/feature_pipeline_dag.py took 1.556 seconds
[2026-08-09T15:20:03.339+0000] {processor.py:161} INFO - Started process (PID=647) to work on /opt/airflow/dags/feature_pipeline_dag.py
[2026-08-09T15:20:03.340+0000] {processor.py:830} INFO - Processing file /opt/airflow/dags/feature_pipeline_dag.py for tasks to queue
[2026-08-09T15:20:03.341+0000] {logging_mixin.py:188} INFO - [2026-08-09T15:20:03.341+0000] {dagbag.py:545} INFO - Filling up the DagBag from /opt/airflow/dags/feature_pipeline_dag.py
[2026-08-09T15:20:03.934+0000] {processor.py:840} INFO - DAG(s) 'feature_pipeline' retrieved from /opt/airflow/dags/feature_pipeline_dag.py
[2026-08-09T15:20:03.962+0000] {logging_mixin.py:188} INFO - [2026-08-09T15:20:03.962+0000] {dag.py:3089} INFO - Sync 1 DAGs
[2026-08-09T15:20:03.984+0000] {logging_mixin.py:188} INFO - [2026-08-09T15:20:03.984+0000] {dag.py:3947} INFO - Setting next_dagrun for feature_pipeline to 2026-08-09 15:00:00+00:00, run_after=2026-08-09 16:00:00+00:00
[2026-08-09T15:20:04.004+0000] {processor.py:183} INFO - Processing /opt/airflow/dags/feature_pipeline_dag.py took 0.672 seconds
[2026-08-09T15:20:34.983+0000] {processor.py:161} INFO - Started process (PID=678) to work on /opt/airflow/dags/feature_pipeline_dag.py
[2026-08-09T15:20:34.984+0000] {processor.py:830} INFO - Processing file /opt/airflow/dags/feature_pipeline_dag.py for tasks to queue
[2026-08-09T15:20:34.985+0000] {logging_mixin.py:188} INFO - [2026-08-09T15:20:34.984+0000] {dagbag.py:545} INFO - Filling up the DagBag from /opt/airflow/dags/feature_pipeline_dag.py
[2026-08-09T15:20:35.602+0000] {processor.py:840} INFO - DAG(s) 'feature_pipeline' retrieved from /opt/airflow/dags/feature_pipeline_dag.py
[2026-08-09T15:20:35.631+0000] {logging_mixin.py:188} INFO - [2026-08-09T15:20:35.630+0000] {dag.py:3089} INFO - Sync 1 DAGs
[2026-08-09T15:20:35.653+0000] {logging_mixin.py:188} INFO - [2026-08-09T15:20:35.653+0000] {dag.py:3947} INFO - Setting next_dagrun for feature_pipeline to 2026-08-09 15:00:00+00:00, run_after=2026-08-09 16:00:00+00:00
[2026-08-09T15:20:35.857+0000] {processor.py:183} INFO - Processing /opt/airflow/dags/feature_pipeline_dag.py took 0.881 seconds
[2026-08-09T15:21:06.763+0000] {processor.py:161} INFO - Started process (PID=709) to work on /opt/airflow/dags/feature_pipeline_dag.py
[2026-08-09T15:21:06.765+0000] {processor.py:830} INFO - Processing file /opt/airflow/dags/feature_pipeline_dag.py for tasks to queue
[2026-08-09T15:21:06.766+0000] {logging_mixin.py:188} INFO - [2026-08-09T15:21:06.766+0000] {dagbag.py:545} INFO - Filling up the DagBag from /opt/airflow/dags/feature_pipeline_dag.py
[2026-08-09T15:21:08.856+0000] {processor.py:840} INFO - DAG(s) 'feature_pipeline' retrieved from /opt/airflow/dags/feature_pipeline_dag.py
[2026-08-09T15:21:08.930+0000] {logging_mixin.py:188} INFO - [2026-08-09T15:21:08.929+0000] {dag.py:3089} INFO - Sync 1 DAGs
[2026-08-09T15:21:09.529+0000] {logging_mixin.py:188} INFO - [2026-08-09T15:21:09.529+0000] {dag.py:3947} INFO - Setting next_dagrun for feature_pipeline to 2026-08-09 15:00:00+00:00, run_after=2026-08-09 16:00:00+00:00
[2026-08-09T15:21:09.552+0000] {processor.py:183} INFO - Processing /opt/airflow/dags/feature_pipeline_dag.py took 2.829 seconds
[2026-08-09T15:21:39.708+0000] {processor.py:161} INFO - Started process (PID=740) to work on /opt/airflow/dags/feature_pipeline_dag.py
[2026-08-09T15:21:39.710+0000] {processor.py:830} INFO - Processing file /opt/airflow/dags/feature_pipeline_dag.py for tasks to queue
[2026-08-09T15:21:39.712+0000] {logging_mixin.py:188} INFO - [2026-08-09T15:21:39.711+0000] {dagbag.py:545} INFO - Filling up the DagBag from /opt/airflow/dags/feature_pipeline_dag.py
[2026-08-09T15:21:40.316+0000] {processor.py:840} INFO - DAG(s) 'feature_pipeline' retrieved from /opt/airflow/dags/feature_pipeline_dag.py
[2026-08-09T15:21:40.345+0000] {logging_mixin.py:188} INFO - [2026-08-09T15:21:40.344+0000] {dag.py:3089} INFO - Sync 1 DAGs
[2026-08-09T15:21:40.599+0000] {logging_mixin.py:188} INFO - [2026-08-09T15:21:40.599+0000] {dag.py:3947} INFO - Setting next_dagrun for feature_pipeline to 2026-08-09 15:00:00+00:00, run_after=2026-08-09 16:00:00+00:00
[2026-08-09T15:21:40.619+0000] {processor.py:183} INFO - Processing /opt/airflow/dags/feature_pipeline_dag.py took 0.927 seconds
[2026-08-09T15:22:11.039+0000] {processor.py:161} INFO - Started process (PID=771) to work on /opt/airflow/dags/feature_pipeline_dag.py
[2026-08-09T15:22:11.040+0000] {processor.py:830} INFO - Processing file /opt/airflow/dags/feature_pipeline_dag.py for tasks to queue
[2026-08-09T15:22:11.041+0000] {logging_mixin.py:188} INFO - [2026-08-09T15:22:11.040+0000] {dagbag.py:545} INFO - Filling up the DagBag from /opt/airflow/dags/feature_pipeline_dag.py
[2026-08-09T15:22:11.660+0000] {processor.py:840} INFO - DAG(s) 'feature_pipeline' retrieved from /opt/airflow/dags/feature_pipeline_dag.py
[2026-08-09T15:22:12.005+0000] {logging_mixin.py:188} INFO - [2026-08-09T15:22:12.004+0000] {dag.py:3089} INFO - Sync 1 DAGs
[2026-08-09T15:22:12.031+0000] {logging_mixin.py:188} INFO - [2026-08-09T15:22:12.030+0000] {dag.py:3947} INFO - Setting next_dagrun for feature_pipeline to 2026-08-09 15:00:00+00:00, run_after=2026-08-09 16:00:00+00:00
[2026-08-09T15:22:12.053+0000] {processor.py:183} INFO - Processing /opt/airflow/dags/feature_pipeline_dag.py took 1.023 seconds
[2026-08-09T15:22:42.303+0000] {processor.py:161} INFO - Started process (PID=802) to work on /opt/airflow/dags/feature_pipeline_dag.py
[2026-08-09T15:22:42.304+0000] {processor.py:830} INFO - Processing file /opt/airflow/dags/feature_pipeline_dag.py for tasks to queue
[2026-08-09T15:22:42.305+0000] {logging_mixin.py:188} INFO - [2026-08-09T15:22:42.305+0000] {dagbag.py:545} INFO - Filling up the DagBag from /opt/airflow/dags/feature_pipeline_dag.py
[2026-08-09T15:22:42.916+0000] {processor.py:840} INFO - DAG(s) 'feature_pipeline' retrieved from /opt/airflow/dags/feature_pipeline_dag.py
[2026-08-09T15:22:43.135+0000] {logging_mixin.py:188} INFO - [2026-08-09T15:22:43.135+0000] {dag.py:3089} INFO - Sync 1 DAGs
[2026-08-09T15:22:43.152+0000] {logging_mixin.py:188} INFO - [2026-08-09T15:22:43.152+0000] {dag.py:3947} INFO - Setting next_dagrun for feature_pipeline to 2026-08-09 15:00:00+00:00, run_after=2026-08-09 16:00:00+00:00
[2026-08-09T15:22:43.167+0000] {processor.py:183} INFO - Processing /opt/airflow/dags/feature_pipeline_dag.py took 0.872 seconds
[2026-08-09T15:23:13.761+0000] {processor.py:161} INFO - Started process (PID=833) to work on /opt/airflow/dags/feature_pipeline_dag.py
[2026-08-09T15:23:13.762+0000] {processor.py:830} INFO - Processing file /opt/airflow/dags/feature_pipeline_dag.py for tasks to queue
[2026-08-09T15:23:13.763+0000] {logging_mixin.py:188} INFO - [2026-08-09T15:23:13.763+0000] {dagbag.py:545} INFO - Filling up the DagBag from /opt/airflow/dags/feature_pipeline_dag.py
[2026-08-09T15:23:14.504+0000] {processor.py:840} INFO - DAG(s) 'feature_pipeline' retrieved from /opt/airflow/dags/feature_pipeline_dag.py
[2026-08-09T15:23:14.526+0000] {logging_mixin.py:188} INFO - [2026-08-09T15:23:14.526+0000] {dag.py:3089} INFO - Sync 1 DAGs
[2026-08-09T15:23:14.544+0000] {logging_mixin.py:188} INFO - [2026-08-09T15:23:14.544+0000] {dag.py:3947} INFO - Setting next_dagrun for feature_pipeline to 2026-08-09 15:00:00+00:00, run_after=2026-08-09 16:00:00+00:00
[2026-08-09T15:23:14.560+0000] {processor.py:183} INFO - Processing /opt/airflow/dags/feature_pipeline_dag.py took 0.807 seconds
[2026-08-09T15:23:45.074+0000] {processor.py:161} INFO - Started process (PID=864) to work on /opt/airflow/dags/feature_pipeline_dag.py
[2026-08-09T15:23:45.076+0000] {processor.py:830} INFO - Processing file /opt/airflow/dags/feature_pipeline_dag.py for tasks to queue
[2026-08-09T15:23:45.077+0000] {logging_mixin.py:188} INFO - [2026-08-09T15:23:45.076+0000] {dagbag.py:545} INFO - Filling up the DagBag from /opt/airflow/dags/feature_pipeline_dag.py
[2026-08-09T15:23:45.814+0000] {processor.py:840} INFO - DAG(s) 'feature_pipeline' retrieved from /opt/airflow/dags/feature_pipeline_dag.py
[2026-08-09T15:23:45.844+0000] {logging_mixin.py:188} INFO - [2026-08-09T15:23:45.844+0000] {dag.py:3089} INFO - Sync 1 DAGs
[2026-08-09T15:23:45.869+0000] {logging_mixin.py:188} INFO - [2026-08-09T15:23:45.869+0000] {dag.py:3947} INFO - Setting next_dagrun for feature_pipeline to 2026-08-09 15:00:00+00:00, run_after=2026-08-09 16:00:00+00:00
[2026-08-09T15:23:46.136+0000] {processor.py:183} INFO - Processing /opt/airflow/dags/feature_pipeline_dag.py took 1.070 seconds
[2026-08-09T15:24:17.101+0000] {processor.py:161} INFO - Started process (PID=892) to work on /opt/airflow/dags/feature_pipeline_dag.py
[2026-08-09T15:24:17.103+0000] {processor.py:830} INFO - Processing file /opt/airflow/dags/feature_pipeline_dag.py for tasks to queue
[2026-08-09T15:24:17.104+0000] {logging_mixin.py:188} INFO - [2026-08-09T15:24:17.104+0000] {dagbag.py:545} INFO - Filling up the DagBag from /opt/airflow/dags/feature_pipeline_dag.py
[2026-08-09T15:24:17.843+0000] {processor.py:840} INFO - DAG(s) 'feature_pipeline' retrieved from /opt/airflow/dags/feature_pipeline_dag.py
[2026-08-09T15:24:17.894+0000] {logging_mixin.py:188} INFO - [2026-08-09T15:24:17.893+0000] {dag.py:3089} INFO - Sync 1 DAGs
[2026-08-09T15:24:18.282+0000] {logging_mixin.py:188} INFO - [2026-08-09T15:24:18.282+0000] {dag.py:3947} INFO - Setting next_dagrun for feature_pipeline to 2026-08-09 15:00:00+00:00, run_after=2026-08-09 16:00:00+00:00
[2026-08-09T15:24:18.308+0000] {processor.py:183} INFO - Processing /opt/airflow/dags/feature_pipeline_dag.py took 1.221 seconds
[2026-08-09T15:24:48.909+0000] {processor.py:161} INFO - Started process (PID=907) to work on /opt/airflow/dags/feature_pipeline_dag.py
[2026-08-09T15:24:48.910+0000] {processor.py:830} INFO - Processing file /opt/airflow/dags/feature_pipeline_dag.py for tasks to queue
[2026-08-09T15:24:48.911+0000] {logging_mixin.py:188} INFO - [2026-08-09T15:24:48.911+0000] {dagbag.py:545} INFO - Filling up the DagBag from /opt/airflow/dags/feature_pipeline_dag.py
[2026-08-09T15:24:49.448+0000] {processor.py:840} INFO - DAG(s) 'feature_pipeline' retrieved from /opt/airflow/dags/feature_pipeline_dag.py
[2026-08-09T15:24:49.474+0000] {logging_mixin.py:188} INFO - [2026-08-09T15:24:49.474+0000] {dag.py:3089} INFO - Sync 1 DAGs
[2026-08-09T15:24:49.661+0000] {logging_mixin.py:188} INFO - [2026-08-09T15:24:49.661+0000] {dag.py:3947} INFO - Setting next_dagrun for feature_pipeline to 2026-08-09 15:00:00+00:00, run_after=2026-08-09 16:00:00+00:00
[2026-08-09T15:24:49.676+0000] {processor.py:183} INFO - Processing /opt/airflow/dags/feature_pipeline_dag.py took 0.774 seconds
[2026-08-09T15:25:19.959+0000] {processor.py:161} INFO - Started process (PID=938) to work on /opt/airflow/dags/feature_pipeline_dag.py
[2026-08-09T15:25:19.960+0000] {processor.py:830} INFO - Processing file /opt/airflow/dags/feature_pipeline_dag.py for tasks to queue
[2026-08-09T15:25:19.961+0000] {logging_mixin.py:188} INFO - [2026-08-09T15:25:19.961+0000] {dagbag.py:545} INFO - Filling up the DagBag from /opt/airflow/dags/feature_pipeline_dag.py
[2026-08-09T15:25:20.516+0000] {processor.py:840} INFO - DAG(s) 'feature_pipeline' retrieved from /opt/airflow/dags/feature_pipeline_dag.py
[2026-08-09T15:25:20.755+0000] {logging_mixin.py:188} INFO - [2026-08-09T15:25:20.754+0000] {dag.py:3089} INFO - Sync 1 DAGs
[2026-08-09T15:25:20.775+0000] {logging_mixin.py:188} INFO - [2026-08-09T15:25:20.775+0000] {dag.py:3947} INFO - Setting next_dagrun for feature_pipeline to 2026-08-09 15:00:00+00:00, run_after=2026-08-09 16:00:00+00:00
[2026-08-09T15:25:20.793+0000] {processor.py:183} INFO - Processing /opt/airflow/dags/feature_pipeline_dag.py took 0.843 seconds
[2026-08-09T15:25:50.978+0000] {processor.py:161} INFO - Started process (PID=969) to work on /opt/airflow/dags/feature_pipeline_dag.py
[2026-08-09T15:25:50.979+0000] {processor.py:830} INFO - Processing file /opt/airflow/dags/feature_pipeline_dag.py for tasks to queue
[2026-08-09T15:25:50.980+0000] {logging_mixin.py:188} INFO - [2026-08-09T15:25:50.980+0000] {dagbag.py:545} INFO - Filling up the DagBag from /opt/airflow/dags/feature_pipeline_dag.py
[2026-08-09T15:25:51.506+0000] {processor.py:840} INFO - DAG(s) 'feature_pipeline' retrieved from /opt/airflow/dags/feature_pipeline_dag.py
[2026-08-09T15:25:51.689+0000] {logging_mixin.py:188} INFO - [2026-08-09T15:25:51.688+0000] {dag.py:3089} INFO - Sync 1 DAGs
[2026-08-09T15:25:51.704+0000] {logging_mixin.py:188} INFO - [2026-08-09T15:25:51.704+0000] {dag.py:3947} INFO - Setting next_dagrun for feature_pipeline to 2026-08-09 15:00:00+00:00, run_after=2026-08-09 16:00:00+00:00
[2026-08-09T15:25:51.719+0000] {processor.py:183} INFO - Processing /opt/airflow/dags/feature_pipeline_dag.py took 0.748 seconds
[2026-08-09T15:26:22.252+0000] {processor.py:161} INFO - Started process (PID=1000) to work on /opt/airflow/dags/feature_pipeline_dag.py
[2026-08-09T15:26:22.253+0000] {processor.py:830} INFO - Processing file /opt/airflow/dags/feature_pipeline_dag.py for tasks to queue
[2026-08-09T15:26:22.254+0000] {logging_mixin.py:188} INFO - [2026-08-09T15:26:22.254+0000] {dagbag.py:545} INFO - Filling up the DagBag from /opt/airflow/dags/feature_pipeline_dag.py
[2026-08-09T15:26:22.848+0000] {processor.py:840} INFO - DAG(s) 'feature_pipeline' retrieved from /opt/airflow/dags/feature_pipeline_dag.py
[2026-08-09T15:26:22.876+0000] {logging_mixin.py:188} INFO - [2026-08-09T15:26:22.875+0000] {dag.py:3089} INFO - Sync 1 DAGs
[2026-08-09T15:26:22.900+0000] {logging_mixin.py:188} INFO - [2026-08-09T15:26:22.900+0000] {dag.py:3947} INFO - Setting next_dagrun for feature_pipeline to 2026-08-09 15:00:00+00:00, run_after=2026-08-09 16:00:00+00:00
[2026-08-09T15:26:22.939+0000] {processor.py:183} INFO - Processing /opt/airflow/dags/feature_pipeline_dag.py took 0.694 seconds
[2026-08-09T15:26:53.089+0000] {processor.py:161} INFO - Started process (PID=1031) to work on /opt/airflow/dags/feature_pipeline_dag.py
[2026-08-09T15:26:53.090+0000] {processor.py:830} INFO - Processing file /opt/airflow/dags/feature_pipeline_dag.py for tasks to queue
[2026-08-09T15:26:53.091+0000] {logging_mixin.py:188} INFO - [2026-08-09T15:26:53.091+0000] {dagbag.py:545} INFO - Filling up the DagBag from /opt/airflow/dags/feature_pipeline_dag.py
[2026-08-09T15:26:53.619+0000] {processor.py:840} INFO - DAG(s) 'feature_pipeline' retrieved from /opt/airflow/dags/feature_pipeline_dag.py
[2026-08-09T15:26:53.646+0000] {logging_mixin.py:188} INFO - [2026-08-09T15:26:53.646+0000] {dag.py:3089} INFO - Sync 1 DAGs
[2026-08-09T15:26:53.667+0000] {logging_mixin.py:188} INFO - [2026-08-09T15:26:53.667+0000] {dag.py:3947} INFO - Setting next_dagrun for feature_pipeline to 2026-08-09 15:00:00+00:00, run_after=2026-08-09 16:00:00+00:00
[2026-08-09T15:26:53.848+0000] {processor.py:183} INFO - Processing /opt/airflow/dags/feature_pipeline_dag.py took 0.767 seconds
[2026-08-09T15:27:24.026+0000] {processor.py:161} INFO - Started process (PID=1062) to work on /opt/airflow/dags/feature_pipeline_dag.py
[2026-08-09T15:27:24.028+0000] {processor.py:830} INFO - Processing file /opt/airflow/dags/feature_pipeline_dag.py for tasks to queue
[2026-08-09T15:27:24.029+0000] {logging_mixin.py:188} INFO - [2026-08-09T15:27:24.028+0000] {dagbag.py:545} INFO - Filling up the DagBag from /opt/airflow/dags/feature_pipeline_dag.py
[2026-08-09T15:27:24.645+0000] {processor.py:840} INFO - DAG(s) 'feature_pipeline' retrieved from /opt/airflow/dags/feature_pipeline_dag.py
[2026-08-09T15:27:24.679+0000] {logging_mixin.py:188} INFO - [2026-08-09T15:27:24.678+0000] {dag.py:3089} INFO - Sync 1 DAGs
[2026-08-09T15:27:24.869+0000] {logging_mixin.py:188} INFO - [2026-08-09T15:27:24.869+0000] {dag.py:3947} INFO - Setting next_dagrun for feature_pipeline to 2026-08-09 15:00:00+00:00, run_after=2026-08-09 16:00:00+00:00
[2026-08-09T15:27:24.885+0000] {processor.py:183} INFO - Processing /opt/airflow/dags/feature_pipeline_dag.py took 0.869 seconds
[2026-08-09T15:27:55.189+0000] {processor.py:161} INFO - Started process (PID=1093) to work on /opt/airflow/dags/feature_pipeline_dag.py
[2026-08-09T15:27:55.191+0000] {processor.py:830} INFO - Processing file /opt/airflow/dags/feature_pipeline_dag.py for tasks to queue
[2026-08-09T15:27:55.192+0000] {logging_mixin.py:188} INFO - [2026-08-09T15:27:55.191+0000] {dagbag.py:545} INFO - Filling up the DagBag from /opt/airflow/dags/feature_pipeline_dag.py
[2026-08-09T15:27:55.813+0000] {processor.py:840} INFO - DAG(s) 'feature_pipeline' retrieved from /opt/airflow/dags/feature_pipeline_dag.py
[2026-08-09T15:27:55.865+0000] {logging_mixin.py:188} INFO - [2026-08-09T15:27:55.865+0000] {dag.py:3089} INFO - Sync 1 DAGs
[2026-08-09T15:27:56.110+0000] {logging_mixin.py:188} INFO - [2026-08-09T15:27:56.110+0000] {dag.py:3947} INFO - Setting next_dagrun for feature_pipeline to 2026-08-09 15:00:00+00:00, run_after=2026-08-09 16:00:00+00:00
[2026-08-09T15:27:56.127+0000] {processor.py:183} INFO - Processing /opt/airflow/dags/feature_pipeline_dag.py took 0.949 seconds
[2026-08-09T15:28:26.411+0000] {processor.py:161} INFO - Started process (PID=1124) to work on /opt/airflow/dags/feature_pipeline_dag.py
[2026-08-09T15:28:26.412+0000] {processor.py:830} INFO - Processing file /opt/airflow/dags/feature_pipeline_dag.py for tasks to queue
[2026-08-09T15:28:26.413+0000] {logging_mixin.py:188} INFO - [2026-08-09T15:28:26.413+0000] {dagbag.py:545} INFO - Filling up the DagBag from /opt/airflow/dags/feature_pipeline_dag.py
[2026-08-09T15:28:26.946+0000] {processor.py:840} INFO - DAG(s) 'feature_pipeline' retrieved from /opt/airflow/dags/feature_pipeline_dag.py
[2026-08-09T15:28:27.172+0000] {logging_mixin.py:188} INFO - [2026-08-09T15:28:27.172+0000] {dag.py:3089} INFO - Sync 1 DAGs
[2026-08-09T15:28:27.191+0000] {logging_mixin.py:188} INFO - [2026-08-09T15:28:27.190+0000] {dag.py:3947} INFO - Setting next_dagrun for feature_pipeline to 2026-08-09 15:00:00+00:00, run_after=2026-08-09 16:00:00+00:00
[2026-08-09T15:28:27.207+0000] {processor.py:183} INFO - Processing /opt/airflow/dags/feature_pipeline_dag.py took 0.804 seconds
[2026-08-09T15:28:57.434+0000] {processor.py:161} INFO - Started process (PID=1155) to work on /opt/airflow/dags/feature_pipeline_dag.py
[2026-08-09T15:28:57.435+0000] {processor.py:830} INFO - Processing file /opt/airflow/dags/feature_pipeline_dag.py for tasks to queue
[2026-08-09T15:28:57.436+0000] {logging_mixin.py:188} INFO - [2026-08-09T15:28:57.436+0000] {dagbag.py:545} INFO - Filling up the DagBag from /opt/airflow/dags/feature_pipeline_dag.py
[2026-08-09T15:28:58.228+0000] {processor.py:840} INFO - DAG(s) 'feature_pipeline' retrieved from /opt/airflow/dags/feature_pipeline_dag.py
[2026-08-09T15:28:58.641+0000] {logging_mixin.py:188} INFO - [2026-08-09T15:28:58.640+0000] {dag.py:3089} INFO - Sync 1 DAGs
[2026-08-09T15:28:58.658+0000] {logging_mixin.py:188} INFO - [2026-08-09T15:28:58.658+0000] {dag.py:3947} INFO - Setting next_dagrun for feature_pipeline to 2026-08-09 15:00:00+00:00, run_after=2026-08-09 16:00:00+00:00
[2026-08-09T15:28:59.288+0000] {processor.py:183} INFO - Processing /opt/airflow/dags/feature_pipeline_dag.py took 1.861 seconds
[2026-08-09T15:29:29.521+0000] {processor.py:161} INFO - Started process (PID=1186) to work on /opt/airflow/dags/feature_pipeline_dag.py
[2026-08-09T15:29:29.522+0000] {processor.py:830} INFO - Processing file /opt/airflow/dags/feature_pipeline_dag.py for tasks to queue
[2026-08-09T15:29:29.523+0000] {logging_mixin.py:188} INFO - [2026-08-09T15:29:29.523+0000] {dagbag.py:545} INFO - Filling up the DagBag from /opt/airflow/dags/feature_pipeline_dag.py
[2026-08-09T15:29:30.158+0000] {processor.py:840} INFO - DAG(s) 'feature_pipeline' retrieved from /opt/airflow/dags/feature_pipeline_dag.py
[2026-08-09T15:29:30.189+0000] {logging_mixin.py:188} INFO - [2026-08-09T15:29:30.189+0000] {dag.py:3089} INFO - Sync 1 DAGs
[2026-08-09T15:29:30.215+0000] {logging_mixin.py:188} INFO - [2026-08-09T15:29:30.215+0000] {dag.py:3947} INFO - Setting next_dagrun for feature_pipeline to 2026-08-09 15:00:00+00:00, run_after=2026-08-09 16:00:00+00:00
[2026-08-09T15:29:30.243+0000] {processor.py:183} INFO - Processing /opt/airflow/dags/feature_pipeline_dag.py took 0.730 seconds
[2026-08-09T15:30:00.361+0000] {processor.py:161} INFO - Started process (PID=1214) to work on /opt/airflow/dags/feature_pipeline_dag.py
[2026-08-09T15:30:00.363+0000] {processor.py:830} INFO - Processing file /opt/airflow/dags/feature_pipeline_dag.py for tasks to queue
[2026-08-09T15:30:00.364+0000] {logging_mixin.py:188} INFO - [2026-08-09T15:30:00.363+0000] {dagbag.py:545} INFO - Filling up the DagBag from /opt/airflow/dags/feature_pipeline_dag.py
[2026-08-09T15:30:00.930+0000] {processor.py:840} INFO - DAG(s) 'feature_pipeline' retrieved from /opt/airflow/dags/feature_pipeline_dag.py
[2026-08-09T15:30:00.961+0000] {logging_mixin.py:188} INFO - [2026-08-09T15:30:00.960+0000] {dag.py:3089} INFO - Sync 1 DAGs
[2026-08-09T15:30:00.983+0000] {logging_mixin.py:188} INFO - [2026-08-09T15:30:00.983+0000] {dag.py:3947} INFO - Setting next_dagrun for feature_pipeline to 2026-08-09 15:00:00+00:00, run_after=2026-08-09 16:00:00+00:00
[2026-08-09T15:30:01.170+0000] {processor.py:183} INFO - Processing /opt/airflow/dags/feature_pipeline_dag.py took 0.818 seconds
[2026-08-09T15:30:31.309+0000] {processor.py:161} INFO - Started process (PID=1229) to work on /opt/airflow/dags/feature_pipeline_dag.py
[2026-08-09T15:30:31.310+0000] {processor.py:830} INFO - Processing file /opt/airflow/dags/feature_pipeline_dag.py for tasks to queue
[2026-08-09T15:30:31.311+0000] {logging_mixin.py:188} INFO - [2026-08-09T15:30:31.310+0000] {dagbag.py:545} INFO - Filling up the DagBag from /opt/airflow/dags/feature_pipeline_dag.py
[2026-08-09T15:30:31.821+0000] {processor.py:840} INFO - DAG(s) 'feature_pipeline' retrieved from /opt/airflow/dags/feature_pipeline_dag.py
[2026-08-09T15:30:31.844+0000] {logging_mixin.py:188} INFO - [2026-08-09T15:30:31.844+0000] {dag.py:3089} INFO - Sync 1 DAGs
[2026-08-09T15:30:32.019+0000] {logging_mixin.py:188} INFO - [2026-08-09T15:30:32.019+0000] {dag.py:3947} INFO - Setting next_dagrun for feature_pipeline to 2026-08-09 15:00:00+00:00, run_after=2026-08-09 16:00:00+00:00
[2026-08-09T15:30:32.034+0000] {processor.py:183} INFO - Processing /opt/airflow/dags/feature_pipeline_dag.py took 0.733 seconds
[2026-08-09T15:31:02.104+0000] {processor.py:161} INFO - Started process (PID=1260) to work on /opt/airflow/dags/feature_pipeline_dag.py
[2026-08-09T15:31:02.106+0000] {processor.py:830} INFO - Processing file /opt/airflow/dags/feature_pipeline_dag.py for tasks to queue
[2026-08-09T15:31:02.107+0000] {logging_mixin.py:188} INFO - [2026-08-09T15:31:02.106+0000] {dagbag.py:545} INFO - Filling up the DagBag from /opt/airflow/dags/feature_pipeline_dag.py
[2026-08-09T15:31:02.653+0000] {processor.py:840} INFO - DAG(s) 'feature_pipeline' retrieved from /opt/airflow/dags/feature_pipeline_dag.py
[2026-08-09T15:31:02.681+0000] {logging_mixin.py:188} INFO - [2026-08-09T15:31:02.680+0000] {dag.py:3089} INFO - Sync 1 DAGs
[2026-08-09T15:31:02.876+0000] {logging_mixin.py:188} INFO - [2026-08-09T15:31:02.876+0000] {dag.py:3947} INFO - Setting next_dagrun for feature_pipeline to 2026-08-09 15:00:00+00:00, run_after=2026-08-09 16:00:00+00:00
[2026-08-09T15:31:02.892+0000] {processor.py:183} INFO - Processing /opt/airflow/dags/feature_pipeline_dag.py took 0.797 seconds
[2026-08-09T15:31:33.720+0000] {processor.py:161} INFO - Started process (PID=1291) to work on /opt/airflow/dags/feature_pipeline_dag.py
[2026-08-09T15:31:33.721+0000] {processor.py:830} INFO - Processing file /opt/airflow/dags/feature_pipeline_dag.py for tasks to queue
[2026-08-09T15:31:33.722+0000] {logging_mixin.py:188} INFO - [2026-08-09T15:31:33.721+0000] {dagbag.py:545} INFO - Filling up the DagBag from /opt/airflow/dags/feature_pipeline_dag.py
[2026-08-09T15:31:34.305+0000] {processor.py:840} INFO - DAG(s) 'feature_pipeline' retrieved from /opt/airflow/dags/feature_pipeline_dag.py
[2026-08-09T15:31:34.501+0000] {logging_mixin.py:188} INFO - [2026-08-09T15:31:34.501+0000] {dag.py:3089} INFO - Sync 1 DAGs
[2026-08-09T15:31:34.517+0000] {logging_mixin.py:188} INFO - [2026-08-09T15:31:34.517+0000] {dag.py:3947} INFO - Setting next_dagrun for feature_pipeline to 2026-08-09 15:00:00+00:00, run_after=2026-08-09 16:00:00+00:00
[2026-08-09T15:31:34.533+0000] {processor.py:183} INFO - Processing /opt/airflow/dags/feature_pipeline_dag.py took 0.821 seconds
[2026-08-09T15:32:04.834+0000] {processor.py:161} INFO - Started process (PID=1322) to work on /opt/airflow/dags/feature_pipeline_dag.py
[2026-08-09T15:32:04.835+0000] {processor.py:830} INFO - Processing file /opt/airflow/dags/feature_pipeline_dag.py for tasks to queue
[2026-08-09T15:32:04.837+0000] {logging_mixin.py:188} INFO - [2026-08-09T15:32:04.836+0000] {dagbag.py:545} INFO - Filling up the DagBag from /opt/airflow/dags/feature_pipeline_dag.py
[2026-08-09T15:32:05.450+0000] {processor.py:840} INFO - DAG(s) 'feature_pipeline' retrieved from /opt/airflow/dags/feature_pipeline_dag.py
[2026-08-09T15:32:05.666+0000] {logging_mixin.py:188} INFO - [2026-08-09T15:32:05.666+0000] {dag.py:3089} INFO - Sync 1 DAGs
[2026-08-09T15:32:05.683+0000] {logging_mixin.py:188} INFO - [2026-08-09T15:32:05.682+0000] {dag.py:3947} INFO - Setting next_dagrun for feature_pipeline to 2026-08-09 15:00:00+00:00, run_after=2026-08-09 16:00:00+00:00
[2026-08-09T15:32:05.697+0000] {processor.py:183} INFO - Processing /opt/airflow/dags/feature_pipeline_dag.py took 0.872 seconds
[2026-08-09T15:32:35.841+0000] {processor.py:161} INFO - Started process (PID=1353) to work on /opt/airflow/dags/feature_pipeline_dag.py
[2026-08-09T15:32:35.842+0000] {processor.py:830} INFO - Processing file /opt/airflow/dags/feature_pipeline_dag.py for tasks to queue
[2026-08-09T15:32:35.843+0000] {logging_mixin.py:188} INFO - [2026-08-09T15:32:35.843+0000] {dagbag.py:545} INFO - Filling up the DagBag from /opt/airflow/dags/feature_pipeline_dag.py
[2026-08-09T15:32:36.474+0000] {processor.py:840} INFO - DAG(s) 'feature_pipeline' retrieved from /opt/airflow/dags/feature_pipeline_dag.py
[2026-08-09T15:32:36.512+0000] {logging_mixin.py:188} INFO - [2026-08-09T15:32:36.511+0000] {dag.py:3089} INFO - Sync 1 DAGs
[2026-08-09T15:32:36.544+0000] {logging_mixin.py:188} INFO - [2026-08-09T15:32:36.544+0000] {dag.py:3947} INFO - Setting next_dagrun for feature_pipeline to 2026-08-09 15:00:00+00:00, run_after=2026-08-09 16:00:00+00:00
[2026-08-09T15:32:36.570+0000] {processor.py:183} INFO - Processing /opt/airflow/dags/feature_pipeline_dag.py took 0.737 seconds
[2026-08-09T15:33:06.806+0000] {processor.py:161} INFO - Started process (PID=1384) to work on /opt/airflow/dags/feature_pipeline_dag.py
[2026-08-09T15:33:06.807+0000] {processor.py:830} INFO - Processing file /opt/airflow/dags/feature_pipeline_dag.py for tasks to queue
[2026-08-09T15:33:06.808+0000] {logging_mixin.py:188} INFO - [2026-08-09T15:33:06.808+0000] {dagbag.py:545} INFO - Filling up the DagBag from /opt/airflow/dags/feature_pipeline_dag.py
[2026-08-09T15:33:07.398+0000] {processor.py:840} INFO - DAG(s) 'feature_pipeline' retrieved from /opt/airflow/dags/feature_pipeline_dag.py
[2026-08-09T15:33:07.442+0000] {logging_mixin.py:188} INFO - [2026-08-09T15:33:07.441+0000] {dag.py:3089} INFO - Sync 1 DAGs
[2026-08-09T15:33:07.464+0000] {logging_mixin.py:188} INFO - [2026-08-09T15:33:07.464+0000] {dag.py:3947} INFO - Setting next_dagrun for feature_pipeline to 2026-08-09 15:00:00+00:00, run_after=2026-08-09 16:00:00+00:00
[2026-08-09T15:33:07.728+0000] {processor.py:183} INFO - Processing /opt/airflow/dags/feature_pipeline_dag.py took 0.931 seconds
[2026-08-09T15:33:37.901+0000] {processor.py:161} INFO - Started process (PID=1415) to work on /opt/airflow/dags/feature_pipeline_dag.py
[2026-08-09T15:33:37.902+0000] {processor.py:830} INFO - Processing file /opt/airflow/dags/feature_pipeline_dag.py for tasks to queue
[2026-08-09T15:33:37.904+0000] {logging_mixin.py:188} INFO - [2026-08-09T15:33:37.903+0000] {dagbag.py:545} INFO - Filling up the DagBag from /opt/airflow/dags/feature_pipeline_dag.py
[2026-08-09T15:33:38.472+0000] {processor.py:840} INFO - DAG(s) 'feature_pipeline' retrieved from /opt/airflow/dags/feature_pipeline_dag.py
[2026-08-09T15:33:38.507+0000] {logging_mixin.py:188} INFO - [2026-08-09T15:33:38.507+0000] {dag.py:3089} INFO - Sync 1 DAGs
[2026-08-09T15:33:38.720+0000] {logging_mixin.py:188} INFO - [2026-08-09T15:33:38.720+0000] {dag.py:3947} INFO - Setting next_dagrun for feature_pipeline to 2026-08-09 15:00:00+00:00, run_after=2026-08-09 16:00:00+00:00
[2026-08-09T15:33:38.737+0000] {processor.py:183} INFO - Processing /opt/airflow/dags/feature_pipeline_dag.py took 0.846 seconds
[2026-08-09T15:34:08.956+0000] {processor.py:161} INFO - Started process (PID=1446) to work on /opt/airflow/dags/feature_pipeline_dag.py
[2026-08-09T15:34:08.957+0000] {processor.py:830} INFO - Processing file /opt/airflow/dags/feature_pipeline_dag.py for tasks to queue
[2026-08-09T15:34:08.958+0000] {logging_mixin.py:188} INFO - [2026-08-09T15:34:08.958+0000] {dagbag.py:545} INFO - Filling up the DagBag from /opt/airflow/dags/feature_pipeline_dag.py
[2026-08-09T15:34:09.521+0000] {processor.py:840} INFO - DAG(s) 'feature_pipeline' retrieved from /opt/airflow/dags/feature_pipeline_dag.py
[2026-08-09T15:34:09.550+0000] {logging_mixin.py:188} INFO - [2026-08-09T15:34:09.549+0000] {dag.py:3089} INFO - Sync 1 DAGs
[2026-08-09T15:34:09.761+0000] {logging_mixin.py:188} INFO - [2026-08-09T15:34:09.761+0000] {dag.py:3947} INFO - Setting next_dagrun for feature_pipeline to 2026-08-09 15:00:00+00:00, run_after=2026-08-09 16:00:00+00:00
[2026-08-09T15:34:09.781+0000] {processor.py:183} INFO - Processing /opt/airflow/dags/feature_pipeline_dag.py took 0.833 seconds
[2026-08-09T15:34:40.019+0000] {processor.py:161} INFO - Started process (PID=1477) to work on /opt/airflow/dags/feature_pipeline_dag.py
[2026-08-09T15:34:40.020+0000] {processor.py:830} INFO - Processing file /opt/airflow/dags/feature_pipeline_dag.py for tasks to queue
[2026-08-09T15:34:40.021+0000] {logging_mixin.py:188} INFO - [2026-08-09T15:34:40.020+0000] {dagbag.py:545} INFO - Filling up the DagBag from /opt/airflow/dags/feature_pipeline_dag.py
[2026-08-09T15:34:40.565+0000] {processor.py:840} INFO - DAG(s) 'feature_pipeline' retrieved from /opt/airflow/dags/feature_pipeline_dag.py
[2026-08-09T15:34:40.792+0000] {logging_mixin.py:188} INFO - [2026-08-09T15:34:40.791+0000] {dag.py:3089} INFO - Sync 1 DAGs
[2026-08-09T15:34:40.809+0000] {logging_mixin.py:188} INFO - [2026-08-09T15:34:40.809+0000] {dag.py:3947} INFO - Setting next_dagrun for feature_pipeline to 2026-08-09 15:00:00+00:00, run_after=2026-08-09 16:00:00+00:00
[2026-08-09T15:34:40.826+0000] {processor.py:183} INFO - Processing /opt/airflow/dags/feature_pipeline_dag.py took 0.814 seconds
[2026-08-09T15:35:10.945+0000] {processor.py:161} INFO - Started process (PID=1508) to work on /opt/airflow/dags/feature_pipeline_dag.py
[2026-08-09T15:35:10.946+0000] {processor.py:830} INFO - Processing file /opt/airflow/dags/feature_pipeline_dag.py for tasks to queue
[2026-08-09T15:35:10.948+0000] {logging_mixin.py:188} INFO - [2026-08-09T15:35:10.948+0000] {dagbag.py:545} INFO - Filling up the DagBag from /opt/airflow/dags/feature_pipeline_dag.py
[2026-08-09T15:35:11.644+0000] {processor.py:840} INFO - DAG(s) 'feature_pipeline' retrieved from /opt/airflow/dags/feature_pipeline_dag.py
[2026-08-09T15:35:11.665+0000] {logging_mixin.py:188} INFO - [2026-08-09T15:35:11.665+0000] {dag.py:3089} INFO - Sync 1 DAGs
[2026-08-09T15:35:11.680+0000] {logging_mixin.py:188} INFO - [2026-08-09T15:35:11.680+0000] {dag.py:3947} INFO - Setting next_dagrun for feature_pipeline to 2026-08-09 15:00:00+00:00, run_after=2026-08-09 16:00:00+00:00
[2026-08-09T15:35:11.695+0000] {processor.py:183} INFO - Processing /opt/airflow/dags/feature_pipeline_dag.py took 0.757 seconds
[2026-08-09T15:35:42.010+0000] {processor.py:161} INFO - Started process (PID=1536) to work on /opt/airflow/dags/feature_pipeline_dag.py
[2026-08-09T15:35:42.013+0000] {processor.py:830} INFO - Processing file /opt/airflow/dags/feature_pipeline_dag.py for tasks to queue
[2026-08-09T15:35:42.014+0000] {logging_mixin.py:188} INFO - [2026-08-09T15:35:42.013+0000] {dagbag.py:545} INFO - Filling up the DagBag from /opt/airflow/dags/feature_pipeline_dag.py
[2026-08-09T15:35:42.611+0000] {processor.py:840} INFO - DAG(s) 'feature_pipeline' retrieved from /opt/airflow/dags/feature_pipeline_dag.py
[2026-08-09T15:35:42.640+0000] {logging_mixin.py:188} INFO - [2026-08-09T15:35:42.640+0000] {dag.py:3089} INFO - Sync 1 DAGs
[2026-08-09T15:35:42.663+0000] {logging_mixin.py:188} INFO - [2026-08-09T15:35:42.663+0000] {dag.py:3947} INFO - Setting next_dagrun for feature_pipeline to 2026-08-09 15:00:00+00:00, run_after=2026-08-09 16:00:00+00:00
[2026-08-09T15:35:42.872+0000] {processor.py:183} INFO - Processing /opt/airflow/dags/feature_pipeline_dag.py took 0.872 seconds
[2026-08-09T15:36:12.943+0000] {processor.py:161} INFO - Started process (PID=1551) to work on /opt/airflow/dags/feature_pipeline_dag.py
[2026-08-09T15:36:12.944+0000] {processor.py:830} INFO - Processing file /opt/airflow/dags/feature_pipeline_dag.py for tasks to queue
[2026-08-09T15:36:12.945+0000] {logging_mixin.py:188} INFO - [2026-08-09T15:36:12.944+0000] {dagbag.py:545} INFO - Filling up the DagBag from /opt/airflow/dags/feature_pipeline_dag.py
[2026-08-09T15:36:13.483+0000] {processor.py:840} INFO - DAG(s) 'feature_pipeline' retrieved from /opt/airflow/dags/feature_pipeline_dag.py
[2026-08-09T15:36:13.511+0000] {logging_mixin.py:188} INFO - [2026-08-09T15:36:13.510+0000] {dag.py:3089} INFO - Sync 1 DAGs
[2026-08-09T15:36:13.721+0000] {logging_mixin.py:188} INFO - [2026-08-09T15:36:13.720+0000] {dag.py:3947} INFO - Setting next_dagrun for feature_pipeline to 2026-08-09 15:00:00+00:00, run_after=2026-08-09 16:00:00+00:00
[2026-08-09T15:36:13.738+0000] {processor.py:183} INFO - Processing /opt/airflow/dags/feature_pipeline_dag.py took 0.803 seconds
[2026-08-09T15:36:43.995+0000] {processor.py:161} INFO - Started process (PID=1582) to work on /opt/airflow/dags/feature_pipeline_dag.py
[2026-08-09T15:36:43.997+0000] {processor.py:830} INFO - Processing file /opt/airflow/dags/feature_pipeline_dag.py for tasks to queue
[2026-08-09T15:36:43.998+0000] {logging_mixin.py:188} INFO - [2026-08-09T15:36:43.997+0000] {dagbag.py:545} INFO - Filling up the DagBag from /opt/airflow/dags/feature_pipeline_dag.py
[2026-08-09T15:36:44.592+0000] {processor.py:840} INFO - DAG(s) 'feature_pipeline' retrieved from /opt/airflow/dags/feature_pipeline_dag.py
[2026-08-09T15:36:44.619+0000] {logging_mixin.py:188} INFO - [2026-08-09T15:36:44.619+0000] {dag.py:3089} INFO - Sync 1 DAGs
[2026-08-09T15:36:44.814+0000] {logging_mixin.py:188} INFO - [2026-08-09T15:36:44.814+0000] {dag.py:3947} INFO - Setting next_dagrun for feature_pipeline to 2026-08-09 15:00:00+00:00, run_after=2026-08-09 16:00:00+00:00
[2026-08-09T15:36:44.830+0000] {processor.py:183} INFO - Processing /opt/airflow/dags/feature_pipeline_dag.py took 0.845 seconds
[2026-08-09T17:03:40.499+0000] {processor.py:161} INFO - Started process (PID=1616) to work on /opt/airflow/dags/feature_pipeline_dag.py
[2026-08-09T17:03:40.503+0000] {processor.py:830} INFO - Processing file /opt/airflow/dags/feature_pipeline_dag.py for tasks to queue
[2026-08-09T17:03:40.505+0000] {logging_mixin.py:188} INFO - [2026-08-09T17:03:40.504+0000] {dagbag.py:545} INFO - Filling up the DagBag from /opt/airflow/dags/feature_pipeline_dag.py
[2026-08-09T17:03:42.029+0000] {processor.py:840} INFO - DAG(s) 'feature_pipeline' retrieved from /opt/airflow/dags/feature_pipeline_dag.py
[2026-08-09T17:03:42.593+0000] {logging_mixin.py:188} INFO - [2026-08-09T17:03:42.591+0000] {dag.py:3089} INFO - Sync 1 DAGs
[2026-08-09T17:03:42.631+0000] {logging_mixin.py:188} INFO - [2026-08-09T17:03:42.631+0000] {dag.py:3947} INFO - Setting next_dagrun for feature_pipeline to 2026-08-09 16:00:00+00:00, run_after=2026-08-09 17:00:00+00:00
[2026-08-09T17:03:42.696+0000] {processor.py:183} INFO - Processing /opt/airflow/dags/feature_pipeline_dag.py took 2.209 seconds
[2026-08-09T17:04:13.313+0000] {processor.py:161} INFO - Started process (PID=1644) to work on /opt/airflow/dags/feature_pipeline_dag.py
[2026-08-09T17:04:13.377+0000] {processor.py:830} INFO - Processing file /opt/airflow/dags/feature_pipeline_dag.py for tasks to queue
[2026-08-09T17:04:13.381+0000] {logging_mixin.py:188} INFO - [2026-08-09T17:04:13.380+0000] {dagbag.py:545} INFO - Filling up the DagBag from /opt/airflow/dags/feature_pipeline_dag.py
[2026-08-09T17:04:15.745+0000] {processor.py:840} INFO - DAG(s) 'feature_pipeline' retrieved from /opt/airflow/dags/feature_pipeline_dag.py
[2026-08-09T17:04:16.137+0000] {logging_mixin.py:188} INFO - [2026-08-09T17:04:16.136+0000] {dag.py:3089} INFO - Sync 1 DAGs
[2026-08-09T17:04:16.197+0000] {logging_mixin.py:188} INFO - [2026-08-09T17:04:16.197+0000] {dag.py:3947} INFO - Setting next_dagrun for feature_pipeline to 2026-08-09 17:00:00+00:00, run_after=2026-08-09 18:00:00+00:00
[2026-08-09T17:04:16.369+0000] {processor.py:183} INFO - Processing /opt/airflow/dags/feature_pipeline_dag.py took 3.074 seconds
[2026-08-09T17:04:46.753+0000] {processor.py:161} INFO - Started process (PID=1678) to work on /opt/airflow/dags/feature_pipeline_dag.py
[2026-08-09T17:04:46.758+0000] {processor.py:830} INFO - Processing file /opt/airflow/dags/feature_pipeline_dag.py for tasks to queue
[2026-08-09T17:04:46.761+0000] {logging_mixin.py:188} INFO - [2026-08-09T17:04:46.760+0000] {dagbag.py:545} INFO - Filling up the DagBag from /opt/airflow/dags/feature_pipeline_dag.py
[2026-08-09T17:04:48.748+0000] {processor.py:840} INFO - DAG(s) 'feature_pipeline' retrieved from /opt/airflow/dags/feature_pipeline_dag.py
[2026-08-09T17:04:49.366+0000] {logging_mixin.py:188} INFO - [2026-08-09T17:04:49.365+0000] {dag.py:3089} INFO - Sync 1 DAGs
[2026-08-09T17:04:49.402+0000] {logging_mixin.py:188} INFO - [2026-08-09T17:04:49.402+0000] {dag.py:3947} INFO - Setting next_dagrun for feature_pipeline to 2026-08-09 17:00:00+00:00, run_after=2026-08-09 18:00:00+00:00
[2026-08-09T17:04:49.510+0000] {processor.py:183} INFO - Processing /opt/airflow/dags/feature_pipeline_dag.py took 2.783 seconds
[2026-08-09T17:05:20.484+0000] {processor.py:161} INFO - Started process (PID=1730) to work on /opt/airflow/dags/feature_pipeline_dag.py
[2026-08-09T17:05:20.523+0000] {processor.py:830} INFO - Processing file /opt/airflow/dags/feature_pipeline_dag.py for tasks to queue
[2026-08-09T17:05:20.635+0000] {logging_mixin.py:188} INFO - [2026-08-09T17:05:20.578+0000] {dagbag.py:545} INFO - Filling up the DagBag from /opt/airflow/dags/feature_pipeline_dag.py
[2026-08-09T17:05:39.688+0000] {processor.py:840} INFO - DAG(s) 'feature_pipeline' retrieved from /opt/airflow/dags/feature_pipeline_dag.py
[2026-08-09T17:05:42.766+0000] {logging_mixin.py:188} INFO - [2026-08-09T17:05:42.763+0000] {dag.py:3089} INFO - Sync 1 DAGs
[2026-08-09T17:05:43.250+0000] {logging_mixin.py:188} INFO - [2026-08-09T17:05:43.249+0000] {dag.py:3947} INFO - Setting next_dagrun for feature_pipeline to 2026-08-09 17:00:00+00:00, run_after=2026-08-09 18:00:00+00:00
[2026-08-09T17:05:50.717+0000] {processor.py:183} INFO - Processing /opt/airflow/dags/feature_pipeline_dag.py took 30.429 seconds
[2026-08-09T17:06:21.109+0000] {processor.py:161} INFO - Started process (PID=1840) to work on /opt/airflow/dags/feature_pipeline_dag.py
[2026-08-09T17:06:21.119+0000] {processor.py:830} INFO - Processing file /opt/airflow/dags/feature_pipeline_dag.py for tasks to queue
[2026-08-09T17:06:21.127+0000] {logging_mixin.py:188} INFO - [2026-08-09T17:06:21.123+0000] {dagbag.py:545} INFO - Filling up the DagBag from /opt/airflow/dags/feature_pipeline_dag.py
[2026-08-09T17:06:29.303+0000] {processor.py:840} INFO - DAG(s) 'feature_pipeline' retrieved from /opt/airflow/dags/feature_pipeline_dag.py
[2026-08-09T17:06:29.554+0000] {logging_mixin.py:188} INFO - [2026-08-09T17:06:29.553+0000] {dag.py:3089} INFO - Sync 1 DAGs
[2026-08-09T17:06:31.664+0000] {logging_mixin.py:188} INFO - [2026-08-09T17:06:31.663+0000] {dag.py:3947} INFO - Setting next_dagrun for feature_pipeline to 2026-08-09 17:00:00+00:00, run_after=2026-08-09 18:00:00+00:00
[2026-08-09T17:06:31.735+0000] {processor.py:183} INFO - Processing /opt/airflow/dags/feature_pipeline_dag.py took 10.677 seconds
[2026-08-09T17:07:03.589+0000] {processor.py:161} INFO - Started process (PID=1950) to work on /opt/airflow/dags/feature_pipeline_dag.py
[2026-08-09T17:07:03.728+0000] {processor.py:830} INFO - Processing file /opt/airflow/dags/feature_pipeline_dag.py for tasks to queue
[2026-08-09T17:07:03.828+0000] {logging_mixin.py:188} INFO - [2026-08-09T17:07:03.782+0000] {dagbag.py:545} INFO - Filling up the DagBag from /opt/airflow/dags/feature_pipeline_dag.py
[2026-08-09T17:07:17.860+0000] {processor.py:840} INFO - DAG(s) 'feature_pipeline' retrieved from /opt/airflow/dags/feature_pipeline_dag.py
[2026-08-09T17:07:20.886+0000] {logging_mixin.py:188} INFO - [2026-08-09T17:07:20.885+0000] {dag.py:3089} INFO - Sync 1 DAGs
[2026-08-09T17:07:20.932+0000] {logging_mixin.py:188} INFO - [2026-08-09T17:07:20.932+0000] {dag.py:3947} INFO - Setting next_dagrun for feature_pipeline to 2026-08-09 17:00:00+00:00, run_after=2026-08-09 18:00:00+00:00
[2026-08-09T17:07:20.973+0000] {processor.py:183} INFO - Processing /opt/airflow/dags/feature_pipeline_dag.py took 18.540 seconds
[2026-08-09T17:09:12.460+0000] {processor.py:161} INFO - Started process (PID=171) to work on /opt/airflow/dags/feature_pipeline_dag.py
[2026-08-09T17:09:12.471+0000] {processor.py:830} INFO - Processing file /opt/airflow/dags/feature_pipeline_dag.py for tasks to queue
[2026-08-09T17:09:12.499+0000] {logging_mixin.py:188} INFO - [2026-08-09T17:09:12.494+0000] {dagbag.py:545} INFO - Filling up the DagBag from /opt/airflow/dags/feature_pipeline_dag.py
[2026-08-09T17:09:22.935+0000] {processor.py:840} INFO - DAG(s) 'feature_pipeline' retrieved from /opt/airflow/dags/feature_pipeline_dag.py
[2026-08-09T17:09:23.047+0000] {logging_mixin.py:188} INFO - [2026-08-09T17:09:23.046+0000] {dag.py:3089} INFO - Sync 1 DAGs
[2026-08-09T17:09:23.088+0000] {logging_mixin.py:188} INFO - [2026-08-09T17:09:23.087+0000] {dag.py:3947} INFO - Setting next_dagrun for feature_pipeline to 2026-08-09 17:00:00+00:00, run_after=2026-08-09 18:00:00+00:00
[2026-08-09T17:09:23.133+0000] {processor.py:183} INFO - Processing /opt/airflow/dags/feature_pipeline_dag.py took 10.793 seconds
[2026-08-09T17:09:53.823+0000] {processor.py:161} INFO - Started process (PID=199) to work on /opt/airflow/dags/feature_pipeline_dag.py
[2026-08-09T17:09:53.826+0000] {processor.py:830} INFO - Processing file /opt/airflow/dags/feature_pipeline_dag.py for tasks to queue
[2026-08-09T17:09:53.865+0000] {logging_mixin.py:188} INFO - [2026-08-09T17:09:53.830+0000] {dagbag.py:545} INFO - Filling up the DagBag from /opt/airflow/dags/feature_pipeline_dag.py
[2026-08-09T17:10:00.818+0000] {processor.py:840} INFO - DAG(s) 'feature_pipeline' retrieved from /opt/airflow/dags/feature_pipeline_dag.py
[2026-08-09T17:10:01.191+0000] {logging_mixin.py:188} INFO - [2026-08-09T17:10:01.190+0000] {dag.py:3089} INFO - Sync 1 DAGs
[2026-08-09T17:10:01.513+0000] {logging_mixin.py:188} INFO - [2026-08-09T17:10:01.512+0000] {dag.py:3947} INFO - Setting next_dagrun for feature_pipeline to 2026-08-09 17:00:00+00:00, run_after=2026-08-09 18:00:00+00:00
[2026-08-09T17:10:01.615+0000] {processor.py:183} INFO - Processing /opt/airflow/dags/feature_pipeline_dag.py took 7.812 seconds
[2026-08-09T17:10:33.024+0000] {processor.py:161} INFO - Started process (PID=227) to work on /opt/airflow/dags/feature_pipeline_dag.py
[2026-08-09T17:10:33.055+0000] {processor.py:830} INFO - Processing file /opt/airflow/dags/feature_pipeline_dag.py for tasks to queue
[2026-08-09T17:10:33.078+0000] {logging_mixin.py:188} INFO - [2026-08-09T17:10:33.073+0000] {dagbag.py:545} INFO - Filling up the DagBag from /opt/airflow/dags/feature_pipeline_dag.py
[2026-08-09T17:10:40.278+0000] {processor.py:840} INFO - DAG(s) 'feature_pipeline' retrieved from /opt/airflow/dags/feature_pipeline_dag.py
[2026-08-09T17:10:40.333+0000] {logging_mixin.py:188} INFO - [2026-08-09T17:10:40.332+0000] {dag.py:3089} INFO - Sync 1 DAGs
[2026-08-09T17:10:40.373+0000] {logging_mixin.py:188} INFO - [2026-08-09T17:10:40.372+0000] {dag.py:3947} INFO - Setting next_dagrun for feature_pipeline to 2026-08-09 17:00:00+00:00, run_after=2026-08-09 18:00:00+00:00
[2026-08-09T17:10:40.415+0000] {processor.py:183} INFO - Processing /opt/airflow/dags/feature_pipeline_dag.py took 7.589 seconds
[2026-08-09T17:11:11.481+0000] {processor.py:161} INFO - Started process (PID=262) to work on /opt/airflow/dags/feature_pipeline_dag.py
[2026-08-09T17:11:11.490+0000] {processor.py:830} INFO - Processing file /opt/airflow/dags/feature_pipeline_dag.py for tasks to queue
[2026-08-09T17:11:11.504+0000] {logging_mixin.py:188} INFO - [2026-08-09T17:11:11.501+0000] {dagbag.py:545} INFO - Filling up the DagBag from /opt/airflow/dags/feature_pipeline_dag.py
[2026-08-09T17:11:17.264+0000] {processor.py:840} INFO - DAG(s) 'feature_pipeline' retrieved from /opt/airflow/dags/feature_pipeline_dag.py
[2026-08-09T17:11:17.356+0000] {logging_mixin.py:188} INFO - [2026-08-09T17:11:17.355+0000] {dag.py:3089} INFO - Sync 1 DAGs
[2026-08-09T17:11:17.431+0000] {logging_mixin.py:188} INFO - [2026-08-09T17:11:17.431+0000] {dag.py:3947} INFO - Setting next_dagrun for feature_pipeline to 2026-08-09 17:00:00+00:00, run_after=2026-08-09 18:00:00+00:00
[2026-08-09T17:11:17.481+0000] {processor.py:183} INFO - Processing /opt/airflow/dags/feature_pipeline_dag.py took 6.120 seconds
[2026-08-09T17:11:47.749+0000] {processor.py:161} INFO - Started process (PID=289) to work on /opt/airflow/dags/feature_pipeline_dag.py
[2026-08-09T17:11:47.752+0000] {processor.py:830} INFO - Processing file /opt/airflow/dags/feature_pipeline_dag.py for tasks to queue
[2026-08-09T17:11:47.760+0000] {logging_mixin.py:188} INFO - [2026-08-09T17:11:47.759+0000] {dagbag.py:545} INFO - Filling up the DagBag from /opt/airflow/dags/feature_pipeline_dag.py
[2026-08-09T17:11:49.562+0000] {processor.py:840} INFO - DAG(s) 'feature_pipeline' retrieved from /opt/airflow/dags/feature_pipeline_dag.py
[2026-08-09T17:11:49.614+0000] {logging_mixin.py:188} INFO - [2026-08-09T17:11:49.612+0000] {dag.py:3089} INFO - Sync 1 DAGs
[2026-08-09T17:11:49.848+0000] {logging_mixin.py:188} INFO - [2026-08-09T17:11:49.848+0000] {dag.py:3947} INFO - Setting next_dagrun for feature_pipeline to 2026-08-09 17:00:00+00:00, run_after=2026-08-09 18:00:00+00:00
[2026-08-09T17:11:49.886+0000] {processor.py:183} INFO - Processing /opt/airflow/dags/feature_pipeline_dag.py took 2.197 seconds
[2026-08-09T17:12:20.744+0000] {processor.py:161} INFO - Started process (PID=317) to work on /opt/airflow/dags/feature_pipeline_dag.py
[2026-08-09T17:12:20.776+0000] {processor.py:830} INFO - Processing file /opt/airflow/dags/feature_pipeline_dag.py for tasks to queue
[2026-08-09T17:12:20.781+0000] {logging_mixin.py:188} INFO - [2026-08-09T17:12:20.780+0000] {dagbag.py:545} INFO - Filling up the DagBag from /opt/airflow/dags/feature_pipeline_dag.py
[2026-08-09T17:12:23.518+0000] {processor.py:840} INFO - DAG(s) 'feature_pipeline' retrieved from /opt/airflow/dags/feature_pipeline_dag.py
[2026-08-09T17:12:24.304+0000] {logging_mixin.py:188} INFO - [2026-08-09T17:12:24.303+0000] {dag.py:3089} INFO - Sync 1 DAGs
[2026-08-09T17:12:25.436+0000] {logging_mixin.py:188} INFO - [2026-08-09T17:12:25.436+0000] {dag.py:3947} INFO - Setting next_dagrun for feature_pipeline to 2026-08-09 17:00:00+00:00, run_after=2026-08-09 18:00:00+00:00
[2026-08-09T17:12:25.603+0000] {processor.py:183} INFO - Processing /opt/airflow/dags/feature_pipeline_dag.py took 4.908 seconds
[2026-08-09T17:12:55.809+0000] {processor.py:161} INFO - Started process (PID=332) to work on /opt/airflow/dags/feature_pipeline_dag.py
[2026-08-09T17:12:55.811+0000] {processor.py:830} INFO - Processing file /opt/airflow/dags/feature_pipeline_dag.py for tasks to queue
[2026-08-09T17:12:55.814+0000] {logging_mixin.py:188} INFO - [2026-08-09T17:12:55.813+0000] {dagbag.py:545} INFO - Filling up the DagBag from /opt/airflow/dags/feature_pipeline_dag.py
[2026-08-09T17:12:57.282+0000] {processor.py:840} INFO - DAG(s) 'feature_pipeline' retrieved from /opt/airflow/dags/feature_pipeline_dag.py
[2026-08-09T17:12:57.707+0000] {logging_mixin.py:188} INFO - [2026-08-09T17:12:57.706+0000] {dag.py:3089} INFO - Sync 1 DAGs
[2026-08-09T17:12:57.748+0000] {logging_mixin.py:188} INFO - [2026-08-09T17:12:57.747+0000] {dag.py:3947} INFO - Setting next_dagrun for feature_pipeline to 2026-08-09 17:00:00+00:00, run_after=2026-08-09 18:00:00+00:00
[2026-08-09T17:12:57.790+0000] {processor.py:183} INFO - Processing /opt/airflow/dags/feature_pipeline_dag.py took 2.002 seconds
[2026-08-09T17:13:28.182+0000] {processor.py:161} INFO - Started process (PID=363) to work on /opt/airflow/dags/feature_pipeline_dag.py
[2026-08-09T17:13:28.185+0000] {processor.py:830} INFO - Processing file /opt/airflow/dags/feature_pipeline_dag.py for tasks to queue
[2026-08-09T17:13:28.187+0000] {logging_mixin.py:188} INFO - [2026-08-09T17:13:28.187+0000] {dagbag.py:545} INFO - Filling up the DagBag from /opt/airflow/dags/feature_pipeline_dag.py
[2026-08-09T17:13:29.971+0000] {processor.py:840} INFO - DAG(s) 'feature_pipeline' retrieved from /opt/airflow/dags/feature_pipeline_dag.py
[2026-08-09T17:13:30.017+0000] {logging_mixin.py:188} INFO - [2026-08-09T17:13:30.016+0000] {dag.py:3089} INFO - Sync 1 DAGs
[2026-08-09T17:13:30.055+0000] {logging_mixin.py:188} INFO - [2026-08-09T17:13:30.055+0000] {dag.py:3947} INFO - Setting next_dagrun for feature_pipeline to 2026-08-09 17:00:00+00:00, run_after=2026-08-09 18:00:00+00:00
[2026-08-09T17:13:30.093+0000] {processor.py:183} INFO - Processing /opt/airflow/dags/feature_pipeline_dag.py took 1.937 seconds
[2026-08-09T17:14:00.710+0000] {processor.py:161} INFO - Started process (PID=394) to work on /opt/airflow/dags/feature_pipeline_dag.py
[2026-08-09T17:14:00.713+0000] {processor.py:830} INFO - Processing file /opt/airflow/dags/feature_pipeline_dag.py for tasks to queue
[2026-08-09T17:14:00.716+0000] {logging_mixin.py:188} INFO - [2026-08-09T17:14:00.715+0000] {dagbag.py:545} INFO - Filling up the DagBag from /opt/airflow/dags/feature_pipeline_dag.py
[2026-08-09T17:14:02.295+0000] {processor.py:840} INFO - DAG(s) 'feature_pipeline' retrieved from /opt/airflow/dags/feature_pipeline_dag.py
[2026-08-09T17:14:02.354+0000] {logging_mixin.py:188} INFO - [2026-08-09T17:14:02.353+0000] {dag.py:3089} INFO - Sync 1 DAGs
[2026-08-09T17:14:02.393+0000] {logging_mixin.py:188} INFO - [2026-08-09T17:14:02.393+0000] {dag.py:3947} INFO - Setting next_dagrun for feature_pipeline to 2026-08-09 17:00:00+00:00, run_after=2026-08-09 18:00:00+00:00
[2026-08-09T17:14:02.713+0000] {processor.py:183} INFO - Processing /opt/airflow/dags/feature_pipeline_dag.py took 2.020 seconds
[2026-08-09T17:14:33.427+0000] {processor.py:161} INFO - Started process (PID=425) to work on /opt/airflow/dags/feature_pipeline_dag.py
[2026-08-09T17:14:33.430+0000] {processor.py:830} INFO - Processing file /opt/airflow/dags/feature_pipeline_dag.py for tasks to queue
[2026-08-09T17:14:33.432+0000] {logging_mixin.py:188} INFO - [2026-08-09T17:14:33.432+0000] {dagbag.py:545} INFO - Filling up the DagBag from /opt/airflow/dags/feature_pipeline_dag.py
[2026-08-09T17:14:34.735+0000] {processor.py:840} INFO - DAG(s) 'feature_pipeline' retrieved from /opt/airflow/dags/feature_pipeline_dag.py
[2026-08-09T17:14:34.790+0000] {logging_mixin.py:188} INFO - [2026-08-09T17:14:34.789+0000] {dag.py:3089} INFO - Sync 1 DAGs
[2026-08-09T17:14:35.151+0000] {logging_mixin.py:188} INFO - [2026-08-09T17:14:35.150+0000] {dag.py:3947} INFO - Setting next_dagrun for feature_pipeline to 2026-08-09 17:00:00+00:00, run_after=2026-08-09 18:00:00+00:00
[2026-08-09T17:14:35.206+0000] {processor.py:183} INFO - Processing /opt/airflow/dags/feature_pipeline_dag.py took 1.799 seconds
[2026-08-09T17:15:05.711+0000] {processor.py:161} INFO - Started process (PID=453) to work on /opt/airflow/dags/feature_pipeline_dag.py
[2026-08-09T17:15:05.713+0000] {processor.py:830} INFO - Processing file /opt/airflow/dags/feature_pipeline_dag.py for tasks to queue
[2026-08-09T17:15:05.716+0000] {logging_mixin.py:188} INFO - [2026-08-09T17:15:05.715+0000] {dagbag.py:545} INFO - Filling up the DagBag from /opt/airflow/dags/feature_pipeline_dag.py
[2026-08-09T17:15:07.327+0000] {processor.py:840} INFO - DAG(s) 'feature_pipeline' retrieved from /opt/airflow/dags/feature_pipeline_dag.py
[2026-08-09T17:15:07.431+0000] {logging_mixin.py:188} INFO - [2026-08-09T17:15:07.431+0000] {dag.py:3089} INFO - Sync 1 DAGs
[2026-08-09T17:15:08.394+0000] {logging_mixin.py:188} INFO - [2026-08-09T17:15:08.394+0000] {dag.py:3947} INFO - Setting next_dagrun for feature_pipeline to 2026-08-09 17:00:00+00:00, run_after=2026-08-09 18:00:00+00:00
[2026-08-09T17:15:08.444+0000] {processor.py:183} INFO - Processing /opt/airflow/dags/feature_pipeline_dag.py took 2.754 seconds
[2026-08-09T17:15:39.695+0000] {processor.py:161} INFO - Started process (PID=468) to work on /opt/airflow/dags/feature_pipeline_dag.py
[2026-08-09T17:15:39.698+0000] {processor.py:830} INFO - Processing file /opt/airflow/dags/feature_pipeline_dag.py for tasks to queue
[2026-08-09T17:15:39.701+0000] {logging_mixin.py:188} INFO - [2026-08-09T17:15:39.700+0000] {dagbag.py:545} INFO - Filling up the DagBag from /opt/airflow/dags/feature_pipeline_dag.py
[2026-08-09T17:15:41.066+0000] {processor.py:840} INFO - DAG(s) 'feature_pipeline' retrieved from /opt/airflow/dags/feature_pipeline_dag.py
[2026-08-09T17:15:41.128+0000] {logging_mixin.py:188} INFO - [2026-08-09T17:15:41.127+0000] {dag.py:3089} INFO - Sync 1 DAGs
[2026-08-09T17:15:41.436+0000] {logging_mixin.py:188} INFO - [2026-08-09T17:15:41.436+0000] {dag.py:3947} INFO - Setting next_dagrun for feature_pipeline to 2026-08-09 17:00:00+00:00, run_after=2026-08-09 18:00:00+00:00
[2026-08-09T17:15:41.485+0000] {processor.py:183} INFO - Processing /opt/airflow/dags/feature_pipeline_dag.py took 1.810 seconds
[2026-08-09T17:16:11.920+0000] {processor.py:161} INFO - Started process (PID=499) to work on /opt/airflow/dags/feature_pipeline_dag.py
[2026-08-09T17:16:11.922+0000] {processor.py:830} INFO - Processing file /opt/airflow/dags/feature_pipeline_dag.py for tasks to queue
[2026-08-09T17:16:11.924+0000] {logging_mixin.py:188} INFO - [2026-08-09T17:16:11.924+0000] {dagbag.py:545} INFO - Filling up the DagBag from /opt/airflow/dags/feature_pipeline_dag.py
[2026-08-09T17:16:13.495+0000] {processor.py:840} INFO - DAG(s) 'feature_pipeline' retrieved from /opt/airflow/dags/feature_pipeline_dag.py
[2026-08-09T17:16:13.976+0000] {logging_mixin.py:188} INFO - [2026-08-09T17:16:13.975+0000] {dag.py:3089} INFO - Sync 1 DAGs
[2026-08-09T17:16:14.022+0000] {logging_mixin.py:188} INFO - [2026-08-09T17:16:14.022+0000] {dag.py:3947} INFO - Setting next_dagrun for feature_pipeline to 2026-08-09 17:00:00+00:00, run_after=2026-08-09 18:00:00+00:00
[2026-08-09T17:16:14.064+0000] {processor.py:183} INFO - Processing /opt/airflow/dags/feature_pipeline_dag.py took 2.163 seconds
[2026-08-09T17:16:44.393+0000] {processor.py:161} INFO - Started process (PID=530) to work on /opt/airflow/dags/feature_pipeline_dag.py
[2026-08-09T17:16:44.395+0000] {processor.py:830} INFO - Processing file /opt/airflow/dags/feature_pipeline_dag.py for tasks to queue
[2026-08-09T17:16:44.398+0000] {logging_mixin.py:188} INFO - [2026-08-09T17:16:44.397+0000] {dagbag.py:545} INFO - Filling up the DagBag from /opt/airflow/dags/feature_pipeline_dag.py
[2026-08-09T17:16:46.303+0000] {processor.py:840} INFO - DAG(s) 'feature_pipeline' retrieved from /opt/airflow/dags/feature_pipeline_dag.py
[2026-08-09T17:16:46.374+0000] {logging_mixin.py:188} INFO - [2026-08-09T17:16:46.373+0000] {dag.py:3089} INFO - Sync 1 DAGs
[2026-08-09T17:16:46.438+0000] {logging_mixin.py:188} INFO - [2026-08-09T17:16:46.437+0000] {dag.py:3947} INFO - Setting next_dagrun for feature_pipeline to 2026-08-09 17:00:00+00:00, run_after=2026-08-09 18:00:00+00:00
[2026-08-09T17:16:46.471+0000] {processor.py:183} INFO - Processing /opt/airflow/dags/feature_pipeline_dag.py took 2.095 seconds
[2026-08-09T17:17:16.881+0000] {processor.py:161} INFO - Started process (PID=561) to work on /opt/airflow/dags/feature_pipeline_dag.py
[2026-08-09T17:17:16.885+0000] {processor.py:830} INFO - Processing file /opt/airflow/dags/feature_pipeline_dag.py for tasks to queue
[2026-08-09T17:17:16.889+0000] {logging_mixin.py:188} INFO - [2026-08-09T17:17:16.887+0000] {dagbag.py:545} INFO - Filling up the DagBag from /opt/airflow/dags/feature_pipeline_dag.py
[2026-08-09T17:17:18.270+0000] {processor.py:840} INFO - DAG(s) 'feature_pipeline' retrieved from /opt/airflow/dags/feature_pipeline_dag.py
[2026-08-09T17:17:18.329+0000] {logging_mixin.py:188} INFO - [2026-08-09T17:17:18.329+0000] {dag.py:3089} INFO - Sync 1 DAGs
[2026-08-09T17:17:18.373+0000] {logging_mixin.py:188} INFO - [2026-08-09T17:17:18.373+0000] {dag.py:3947} INFO - Setting next_dagrun for feature_pipeline to 2026-08-09 17:00:00+00:00, run_after=2026-08-09 18:00:00+00:00
[2026-08-09T17:17:18.782+0000] {processor.py:183} INFO - Processing /opt/airflow/dags/feature_pipeline_dag.py took 1.923 seconds
[2026-08-09T17:17:49.108+0000] {processor.py:161} INFO - Started process (PID=589) to work on /opt/airflow/dags/feature_pipeline_dag.py
[2026-08-09T17:17:49.111+0000] {processor.py:830} INFO - Processing file /opt/airflow/dags/feature_pipeline_dag.py for tasks to queue
[2026-08-09T17:17:49.114+0000] {logging_mixin.py:188} INFO - [2026-08-09T17:17:49.113+0000] {dagbag.py:545} INFO - Filling up the DagBag from /opt/airflow/dags/feature_pipeline_dag.py
[2026-08-09T17:17:50.787+0000] {processor.py:840} INFO - DAG(s) 'feature_pipeline' retrieved from /opt/airflow/dags/feature_pipeline_dag.py
[2026-08-09T17:17:50.855+0000] {logging_mixin.py:188} INFO - [2026-08-09T17:17:50.854+0000] {dag.py:3089} INFO - Sync 1 DAGs
[2026-08-09T17:17:52.516+0000] {logging_mixin.py:188} INFO - [2026-08-09T17:17:52.515+0000] {dag.py:3947} INFO - Setting next_dagrun for feature_pipeline to 2026-08-09 17:00:00+00:00, run_after=2026-08-09 18:00:00+00:00
[2026-08-09T17:17:52.572+0000] {processor.py:183} INFO - Processing /opt/airflow/dags/feature_pipeline_dag.py took 3.522 seconds
[2026-08-09T17:18:23.137+0000] {processor.py:161} INFO - Started process (PID=604) to work on /opt/airflow/dags/feature_pipeline_dag.py
[2026-08-09T17:18:23.155+0000] {processor.py:830} INFO - Processing file /opt/airflow/dags/feature_pipeline_dag.py for tasks to queue
[2026-08-09T17:18:23.165+0000] {logging_mixin.py:188} INFO - [2026-08-09T17:18:23.161+0000] {dagbag.py:545} INFO - Filling up the DagBag from /opt/airflow/dags/feature_pipeline_dag.py
[2026-08-09T17:18:25.302+0000] {processor.py:840} INFO - DAG(s) 'feature_pipeline' retrieved from /opt/airflow/dags/feature_pipeline_dag.py
[2026-08-09T17:18:25.365+0000] {logging_mixin.py:188} INFO - [2026-08-09T17:18:25.364+0000] {dag.py:3089} INFO - Sync 1 DAGs
[2026-08-09T17:18:26.048+0000] {logging_mixin.py:188} INFO - [2026-08-09T17:18:26.047+0000] {dag.py:3947} INFO - Setting next_dagrun for feature_pipeline to 2026-08-09 17:00:00+00:00, run_after=2026-08-09 18:00:00+00:00
[2026-08-09T17:18:26.092+0000] {processor.py:183} INFO - Processing /opt/airflow/dags/feature_pipeline_dag.py took 3.117 seconds
[2026-08-09T17:18:56.540+0000] {processor.py:161} INFO - Started process (PID=635) to work on /opt/airflow/dags/feature_pipeline_dag.py
[2026-08-09T17:18:56.542+0000] {processor.py:830} INFO - Processing file /opt/airflow/dags/feature_pipeline_dag.py for tasks to queue
[2026-08-09T17:18:56.545+0000] {logging_mixin.py:188} INFO - [2026-08-09T17:18:56.544+0000] {dagbag.py:545} INFO - Filling up the DagBag from /opt/airflow/dags/feature_pipeline_dag.py
[2026-08-09T17:18:58.559+0000] {processor.py:840} INFO - DAG(s) 'feature_pipeline' retrieved from /opt/airflow/dags/feature_pipeline_dag.py
[2026-08-09T17:18:59.247+0000] {logging_mixin.py:188} INFO - [2026-08-09T17:18:59.246+0000] {dag.py:3089} INFO - Sync 1 DAGs
[2026-08-09T17:18:59.294+0000] {logging_mixin.py:188} INFO - [2026-08-09T17:18:59.294+0000] {dag.py:3947} INFO - Setting next_dagrun for feature_pipeline to 2026-08-09 17:00:00+00:00, run_after=2026-08-09 18:00:00+00:00
[2026-08-09T17:18:59.363+0000] {processor.py:183} INFO - Processing /opt/airflow/dags/feature_pipeline_dag.py took 2.840 seconds
[2026-08-09T17:19:29.837+0000] {processor.py:161} INFO - Started process (PID=666) to work on /opt/airflow/dags/feature_pipeline_dag.py
[2026-08-09T17:19:29.839+0000] {processor.py:830} INFO - Processing file /opt/airflow/dags/feature_pipeline_dag.py for tasks to queue
[2026-08-09T17:19:29.841+0000] {logging_mixin.py:188} INFO - [2026-08-09T17:19:29.840+0000] {dagbag.py:545} INFO - Filling up the DagBag from /opt/airflow/dags/feature_pipeline_dag.py
[2026-08-09T17:19:31.168+0000] {processor.py:840} INFO - DAG(s) 'feature_pipeline' retrieved from /opt/airflow/dags/feature_pipeline_dag.py
[2026-08-09T17:19:31.514+0000] {logging_mixin.py:188} INFO - [2026-08-09T17:19:31.513+0000] {dag.py:3089} INFO - Sync 1 DAGs
[2026-08-09T17:19:31.547+0000] {logging_mixin.py:188} INFO - [2026-08-09T17:19:31.547+0000] {dag.py:3947} INFO - Setting next_dagrun for feature_pipeline to 2026-08-09 17:00:00+00:00, run_after=2026-08-09 18:00:00+00:00
[2026-08-09T17:19:31.581+0000] {processor.py:183} INFO - Processing /opt/airflow/dags/feature_pipeline_dag.py took 1.761 seconds
[2026-08-09T17:20:02.108+0000] {processor.py:161} INFO - Started process (PID=697) to work on /opt/airflow/dags/feature_pipeline_dag.py
[2026-08-09T17:20:02.111+0000] {processor.py:830} INFO - Processing file /opt/airflow/dags/feature_pipeline_dag.py for tasks to queue
[2026-08-09T17:20:02.113+0000] {logging_mixin.py:188} INFO - [2026-08-09T17:20:02.112+0000] {dagbag.py:545} INFO - Filling up the DagBag from /opt/airflow/dags/feature_pipeline_dag.py
[2026-08-09T17:20:03.615+0000] {processor.py:840} INFO - DAG(s) 'feature_pipeline' retrieved from /opt/airflow/dags/feature_pipeline_dag.py
[2026-08-09T17:20:03.693+0000] {logging_mixin.py:188} INFO - [2026-08-09T17:20:03.692+0000] {dag.py:3089} INFO - Sync 1 DAGs
[2026-08-09T17:20:03.750+0000] {logging_mixin.py:188} INFO - [2026-08-09T17:20:03.750+0000] {dag.py:3947} INFO - Setting next_dagrun for feature_pipeline to 2026-08-09 17:00:00+00:00, run_after=2026-08-09 18:00:00+00:00
[2026-08-09T17:20:03.821+0000] {processor.py:183} INFO - Processing /opt/airflow/dags/feature_pipeline_dag.py took 1.732 seconds
[2026-08-09T17:20:34.578+0000] {processor.py:161} INFO - Started process (PID=728) to work on /opt/airflow/dags/feature_pipeline_dag.py
[2026-08-09T17:20:34.580+0000] {processor.py:830} INFO - Processing file /opt/airflow/dags/feature_pipeline_dag.py for tasks to queue
[2026-08-09T17:20:34.582+0000] {logging_mixin.py:188} INFO - [2026-08-09T17:20:34.582+0000] {dagbag.py:545} INFO - Filling up the DagBag from /opt/airflow/dags/feature_pipeline_dag.py
[2026-08-09T17:20:35.995+0000] {processor.py:840} INFO - DAG(s) 'feature_pipeline' retrieved from /opt/airflow/dags/feature_pipeline_dag.py
[2026-08-09T17:20:36.049+0000] {logging_mixin.py:188} INFO - [2026-08-09T17:20:36.048+0000] {dag.py:3089} INFO - Sync 1 DAGs
[2026-08-09T17:20:36.090+0000] {logging_mixin.py:188} INFO - [2026-08-09T17:20:36.090+0000] {dag.py:3947} INFO - Setting next_dagrun for feature_pipeline to 2026-08-09 17:00:00+00:00, run_after=2026-08-09 18:00:00+00:00
[2026-08-09T17:20:36.368+0000] {processor.py:183} INFO - Processing /opt/airflow/dags/feature_pipeline_dag.py took 1.812 seconds
[2026-08-09T17:21:06.849+0000] {processor.py:161} INFO - Started process (PID=756) to work on /opt/airflow/dags/feature_pipeline_dag.py
[2026-08-09T17:21:06.852+0000] {processor.py:830} INFO - Processing file /opt/airflow/dags/feature_pipeline_dag.py for tasks to queue
[2026-08-09T17:21:06.854+0000] {logging_mixin.py:188} INFO - [2026-08-09T17:21:06.853+0000] {dagbag.py:545} INFO - Filling up the DagBag from /opt/airflow/dags/feature_pipeline_dag.py
[2026-08-09T17:21:08.323+0000] {processor.py:840} INFO - DAG(s) 'feature_pipeline' retrieved from /opt/airflow/dags/feature_pipeline_dag.py
[2026-08-09T17:21:08.388+0000] {logging_mixin.py:188} INFO - [2026-08-09T17:21:08.387+0000] {dag.py:3089} INFO - Sync 1 DAGs
[2026-08-09T17:21:08.761+0000] {logging_mixin.py:188} INFO - [2026-08-09T17:21:08.761+0000] {dag.py:3947} INFO - Setting next_dagrun for feature_pipeline to 2026-08-09 17:00:00+00:00, run_after=2026-08-09 18:00:00+00:00
[2026-08-09T17:21:08.796+0000] {processor.py:183} INFO - Processing /opt/airflow/dags/feature_pipeline_dag.py took 1.965 seconds
[2026-08-09T17:21:39.350+0000] {processor.py:161} INFO - Started process (PID=771) to work on /opt/airflow/dags/feature_pipeline_dag.py
[2026-08-09T17:21:39.353+0000] {processor.py:830} INFO - Processing file /opt/airflow/dags/feature_pipeline_dag.py for tasks to queue
[2026-08-09T17:21:39.355+0000] {logging_mixin.py:188} INFO - [2026-08-09T17:21:39.354+0000] {dagbag.py:545} INFO - Filling up the DagBag from /opt/airflow/dags/feature_pipeline_dag.py
[2026-08-09T17:21:40.723+0000] {processor.py:840} INFO - DAG(s) 'feature_pipeline' retrieved from /opt/airflow/dags/feature_pipeline_dag.py
[2026-08-09T17:21:40.782+0000] {logging_mixin.py:188} INFO - [2026-08-09T17:21:40.781+0000] {dag.py:3089} INFO - Sync 1 DAGs
[2026-08-09T17:21:41.266+0000] {logging_mixin.py:188} INFO - [2026-08-09T17:21:41.265+0000] {dag.py:3947} INFO - Setting next_dagrun for feature_pipeline to 2026-08-09 17:00:00+00:00, run_after=2026-08-09 18:00:00+00:00
[2026-08-09T17:21:41.301+0000] {processor.py:183} INFO - Processing /opt/airflow/dags/feature_pipeline_dag.py took 1.968 seconds
[2026-08-09T17:22:11.934+0000] {processor.py:161} INFO - Started process (PID=802) to work on /opt/airflow/dags/feature_pipeline_dag.py
[2026-08-09T17:22:11.936+0000] {processor.py:830} INFO - Processing file /opt/airflow/dags/feature_pipeline_dag.py for tasks to queue
[2026-08-09T17:22:11.938+0000] {logging_mixin.py:188} INFO - [2026-08-09T17:22:11.938+0000] {dagbag.py:545} INFO - Filling up the DagBag from /opt/airflow/dags/feature_pipeline_dag.py
[2026-08-09T17:22:13.245+0000] {processor.py:840} INFO - DAG(s) 'feature_pipeline' retrieved from /opt/airflow/dags/feature_pipeline_dag.py
[2026-08-09T17:22:13.704+0000] {logging_mixin.py:188} INFO - [2026-08-09T17:22:13.703+0000] {dag.py:3089} INFO - Sync 1 DAGs
[2026-08-09T17:22:13.741+0000] {logging_mixin.py:188} INFO - [2026-08-09T17:22:13.740+0000] {dag.py:3947} INFO - Setting next_dagrun for feature_pipeline to 2026-08-09 17:00:00+00:00, run_after=2026-08-09 18:00:00+00:00
[2026-08-09T17:22:13.778+0000] {processor.py:183} INFO - Processing /opt/airflow/dags/feature_pipeline_dag.py took 1.861 seconds
[2026-08-09T17:22:44.021+0000] {processor.py:161} INFO - Started process (PID=833) to work on /opt/airflow/dags/feature_pipeline_dag.py
[2026-08-09T17:22:44.024+0000] {processor.py:830} INFO - Processing file /opt/airflow/dags/feature_pipeline_dag.py for tasks to queue
[2026-08-09T17:22:44.026+0000] {logging_mixin.py:188} INFO - [2026-08-09T17:22:44.026+0000] {dagbag.py:545} INFO - Filling up the DagBag from /opt/airflow/dags/feature_pipeline_dag.py
[2026-08-09T17:22:45.408+0000] {processor.py:840} INFO - DAG(s) 'feature_pipeline' retrieved from /opt/airflow/dags/feature_pipeline_dag.py
[2026-08-09T17:22:45.786+0000] {logging_mixin.py:188} INFO - [2026-08-09T17:22:45.786+0000] {dag.py:3089} INFO - Sync 1 DAGs
[2026-08-09T17:22:45.823+0000] {logging_mixin.py:188} INFO - [2026-08-09T17:22:45.822+0000] {dag.py:3947} INFO - Setting next_dagrun for feature_pipeline to 2026-08-09 17:00:00+00:00, run_after=2026-08-09 18:00:00+00:00
[2026-08-09T17:22:45.857+0000] {processor.py:183} INFO - Processing /opt/airflow/dags/feature_pipeline_dag.py took 1.852 seconds
[2026-08-09T17:23:16.369+0000] {processor.py:161} INFO - Started process (PID=864) to work on /opt/airflow/dags/feature_pipeline_dag.py
[2026-08-09T17:23:16.371+0000] {processor.py:830} INFO - Processing file /opt/airflow/dags/feature_pipeline_dag.py for tasks to queue
[2026-08-09T17:23:16.374+0000] {logging_mixin.py:188} INFO - [2026-08-09T17:23:16.373+0000] {dagbag.py:545} INFO - Filling up the DagBag from /opt/airflow/dags/feature_pipeline_dag.py
[2026-08-09T17:23:18.074+0000] {processor.py:840} INFO - DAG(s) 'feature_pipeline' retrieved from /opt/airflow/dags/feature_pipeline_dag.py
[2026-08-09T17:23:18.132+0000] {logging_mixin.py:188} INFO - [2026-08-09T17:23:18.132+0000] {dag.py:3089} INFO - Sync 1 DAGs
[2026-08-09T17:23:18.170+0000] {logging_mixin.py:188} INFO - [2026-08-09T17:23:18.170+0000] {dag.py:3947} INFO - Setting next_dagrun for feature_pipeline to 2026-08-09 17:00:00+00:00, run_after=2026-08-09 18:00:00+00:00
[2026-08-09T17:23:18.206+0000] {processor.py:183} INFO - Processing /opt/airflow/dags/feature_pipeline_dag.py took 1.854 seconds
[2026-08-09T17:23:48.667+0000] {processor.py:161} INFO - Started process (PID=895) to work on /opt/airflow/dags/feature_pipeline_dag.py
[2026-08-09T17:23:48.670+0000] {processor.py:830} INFO - Processing file /opt/airflow/dags/feature_pipeline_dag.py for tasks to queue
[2026-08-09T17:23:48.672+0000] {logging_mixin.py:188} INFO - [2026-08-09T17:23:48.672+0000] {dagbag.py:545} INFO - Filling up the DagBag from /opt/airflow/dags/feature_pipeline_dag.py
[2026-08-09T17:23:50.041+0000] {processor.py:840} INFO - DAG(s) 'feature_pipeline' retrieved from /opt/airflow/dags/feature_pipeline_dag.py
[2026-08-09T17:23:50.097+0000] {logging_mixin.py:188} INFO - [2026-08-09T17:23:50.097+0000] {dag.py:3089} INFO - Sync 1 DAGs
[2026-08-09T17:23:50.142+0000] {logging_mixin.py:188} INFO - [2026-08-09T17:23:50.141+0000] {dag.py:3947} INFO - Setting next_dagrun for feature_pipeline to 2026-08-09 17:00:00+00:00, run_after=2026-08-09 18:00:00+00:00
[2026-08-09T17:23:50.500+0000] {processor.py:183} INFO - Processing /opt/airflow/dags/feature_pipeline_dag.py took 1.850 seconds
[2026-08-09T17:24:21.100+0000] {processor.py:161} INFO - Started process (PID=923) to work on /opt/airflow/dags/feature_pipeline_dag.py
[2026-08-09T17:24:21.104+0000] {processor.py:830} INFO - Processing file /opt/airflow/dags/feature_pipeline_dag.py for tasks to queue
[2026-08-09T17:24:21.107+0000] {logging_mixin.py:188} INFO - [2026-08-09T17:24:21.106+0000] {dagbag.py:545} INFO - Filling up the DagBag from /opt/airflow/dags/feature_pipeline_dag.py
[2026-08-09T17:24:22.768+0000] {processor.py:840} INFO - DAG(s) 'feature_pipeline' retrieved from /opt/airflow/dags/feature_pipeline_dag.py
[2026-08-09T17:24:22.831+0000] {logging_mixin.py:188} INFO - [2026-08-09T17:24:22.830+0000] {dag.py:3089} INFO - Sync 1 DAGs
[2026-08-09T17:24:23.205+0000] {logging_mixin.py:188} INFO - [2026-08-09T17:24:23.205+0000] {dag.py:3947} INFO - Setting next_dagrun for feature_pipeline to 2026-08-09 17:00:00+00:00, run_after=2026-08-09 18:00:00+00:00
[2026-08-09T17:24:23.243+0000] {processor.py:183} INFO - Processing /opt/airflow/dags/feature_pipeline_dag.py took 2.168 seconds
[2026-08-09T17:24:53.576+0000] {processor.py:161} INFO - Started process (PID=938) to work on /opt/airflow/dags/feature_pipeline_dag.py
[2026-08-09T17:24:53.578+0000] {processor.py:830} INFO - Processing file /opt/airflow/dags/feature_pipeline_dag.py for tasks to queue
[2026-08-09T17:24:53.580+0000] {logging_mixin.py:188} INFO - [2026-08-09T17:24:53.580+0000] {dagbag.py:545} INFO - Filling up the DagBag from /opt/airflow/dags/feature_pipeline_dag.py
[2026-08-09T17:24:54.939+0000] {processor.py:840} INFO - DAG(s) 'feature_pipeline' retrieved from /opt/airflow/dags/feature_pipeline_dag.py
[2026-08-09T17:24:54.994+0000] {logging_mixin.py:188} INFO - [2026-08-09T17:24:54.994+0000] {dag.py:3089} INFO - Sync 1 DAGs
[2026-08-09T17:24:55.281+0000] {logging_mixin.py:188} INFO - [2026-08-09T17:24:55.281+0000] {dag.py:3947} INFO - Setting next_dagrun for feature_pipeline to 2026-08-09 17:00:00+00:00, run_after=2026-08-09 18:00:00+00:00
[2026-08-09T17:24:55.313+0000] {processor.py:183} INFO - Processing /opt/airflow/dags/feature_pipeline_dag.py took 1.757 seconds
[2026-08-09T17:25:26.158+0000] {processor.py:161} INFO - Started process (PID=969) to work on /opt/airflow/dags/feature_pipeline_dag.py
[2026-08-09T17:25:26.161+0000] {processor.py:830} INFO - Processing file /opt/airflow/dags/feature_pipeline_dag.py for tasks to queue
[2026-08-09T17:25:26.163+0000] {logging_mixin.py:188} INFO - [2026-08-09T17:25:26.162+0000] {dagbag.py:545} INFO - Filling up the DagBag from /opt/airflow/dags/feature_pipeline_dag.py
[2026-08-09T17:25:27.614+0000] {processor.py:840} INFO - DAG(s) 'feature_pipeline' retrieved from /opt/airflow/dags/feature_pipeline_dag.py
[2026-08-09T17:25:27.976+0000] {logging_mixin.py:188} INFO - [2026-08-09T17:25:27.975+0000] {dag.py:3089} INFO - Sync 1 DAGs
[2026-08-09T17:25:28.011+0000] {logging_mixin.py:188} INFO - [2026-08-09T17:25:28.011+0000] {dag.py:3947} INFO - Setting next_dagrun for feature_pipeline to 2026-08-09 17:00:00+00:00, run_after=2026-08-09 18:00:00+00:00
[2026-08-09T17:25:28.046+0000] {processor.py:183} INFO - Processing /opt/airflow/dags/feature_pipeline_dag.py took 1.907 seconds
[2026-08-09T17:25:58.644+0000] {processor.py:161} INFO - Started process (PID=1000) to work on /opt/airflow/dags/feature_pipeline_dag.py
[2026-08-09T17:25:58.646+0000] {processor.py:830} INFO - Processing file /opt/airflow/dags/feature_pipeline_dag.py for tasks to queue
[2026-08-09T17:25:58.649+0000] {logging_mixin.py:188} INFO - [2026-08-09T17:25:58.648+0000] {dagbag.py:545} INFO - Filling up the DagBag from /opt/airflow/dags/feature_pipeline_dag.py
[2026-08-09T17:26:00.480+0000] {processor.py:840} INFO - DAG(s) 'feature_pipeline' retrieved from /opt/airflow/dags/feature_pipeline_dag.py
[2026-08-09T17:26:00.530+0000] {logging_mixin.py:188} INFO - [2026-08-09T17:26:00.529+0000] {dag.py:3089} INFO - Sync 1 DAGs
[2026-08-09T17:26:00.567+0000] {logging_mixin.py:188} INFO - [2026-08-09T17:26:00.567+0000] {dag.py:3947} INFO - Setting next_dagrun for feature_pipeline to 2026-08-09 17:00:00+00:00, run_after=2026-08-09 18:00:00+00:00
[2026-08-09T17:26:00.603+0000] {processor.py:183} INFO - Processing /opt/airflow/dags/feature_pipeline_dag.py took 1.974 seconds
[2026-08-09T17:26:31.141+0000] {processor.py:161} INFO - Started process (PID=1031) to work on /opt/airflow/dags/feature_pipeline_dag.py
[2026-08-09T17:26:31.144+0000] {processor.py:830} INFO - Processing file /opt/airflow/dags/feature_pipeline_dag.py for tasks to queue
[2026-08-09T17:26:31.147+0000] {logging_mixin.py:188} INFO - [2026-08-09T17:26:31.146+0000] {dagbag.py:545} INFO - Filling up the DagBag from /opt/airflow/dags/feature_pipeline_dag.py
[2026-08-09T17:26:32.513+0000] {processor.py:840} INFO - DAG(s) 'feature_pipeline' retrieved from /opt/airflow/dags/feature_pipeline_dag.py
[2026-08-09T17:26:32.580+0000] {logging_mixin.py:188} INFO - [2026-08-09T17:26:32.579+0000] {dag.py:3089} INFO - Sync 1 DAGs
[2026-08-09T17:26:32.632+0000] {logging_mixin.py:188} INFO - [2026-08-09T17:26:32.631+0000] {dag.py:3947} INFO - Setting next_dagrun for feature_pipeline to 2026-08-09 17:00:00+00:00, run_after=2026-08-09 18:00:00+00:00
[2026-08-09T17:26:33.041+0000] {processor.py:183} INFO - Processing /opt/airflow/dags/feature_pipeline_dag.py took 1.919 seconds
[2026-08-09T17:27:03.247+0000] {processor.py:161} INFO - Started process (PID=1062) to work on /opt/airflow/dags/feature_pipeline_dag.py
[2026-08-09T17:27:03.249+0000] {processor.py:830} INFO - Processing file /opt/airflow/dags/feature_pipeline_dag.py for tasks to queue
[2026-08-09T17:27:03.252+0000] {logging_mixin.py:188} INFO - [2026-08-09T17:27:03.251+0000] {dagbag.py:545} INFO - Filling up the DagBag from /opt/airflow/dags/feature_pipeline_dag.py
[2026-08-09T17:27:04.675+0000] {processor.py:840} INFO - DAG(s) 'feature_pipeline' retrieved from /opt/airflow/dags/feature_pipeline_dag.py
[2026-08-09T17:27:04.733+0000] {logging_mixin.py:188} INFO - [2026-08-09T17:27:04.732+0000] {dag.py:3089} INFO - Sync 1 DAGs
[2026-08-09T17:27:05.119+0000] {logging_mixin.py:188} INFO - [2026-08-09T17:27:05.119+0000] {dag.py:3947} INFO - Setting next_dagrun for feature_pipeline to 2026-08-09 17:00:00+00:00, run_after=2026-08-09 18:00:00+00:00
[2026-08-09T17:27:05.154+0000] {processor.py:183} INFO - Processing /opt/airflow/dags/feature_pipeline_dag.py took 1.924 seconds
[2026-08-09T17:27:35.732+0000] {processor.py:161} INFO - Started process (PID=1090) to work on /opt/airflow/dags/feature_pipeline_dag.py
[2026-08-09T17:27:35.735+0000] {processor.py:830} INFO - Processing file /opt/airflow/dags/feature_pipeline_dag.py for tasks to queue
[2026-08-09T17:27:35.737+0000] {logging_mixin.py:188} INFO - [2026-08-09T17:27:35.736+0000] {dagbag.py:545} INFO - Filling up the DagBag from /opt/airflow/dags/feature_pipeline_dag.py
[2026-08-09T17:27:37.326+0000] {processor.py:840} INFO - DAG(s) 'feature_pipeline' retrieved from /opt/airflow/dags/feature_pipeline_dag.py
[2026-08-09T17:27:37.389+0000] {logging_mixin.py:188} INFO - [2026-08-09T17:27:37.388+0000] {dag.py:3089} INFO - Sync 1 DAGs
[2026-08-09T17:27:37.748+0000] {logging_mixin.py:188} INFO - [2026-08-09T17:27:37.747+0000] {dag.py:3947} INFO - Setting next_dagrun for feature_pipeline to 2026-08-09 17:00:00+00:00, run_after=2026-08-09 18:00:00+00:00
[2026-08-09T17:27:37.783+0000] {processor.py:183} INFO - Processing /opt/airflow/dags/feature_pipeline_dag.py took 2.070 seconds
[2026-08-09T17:28:08.110+0000] {processor.py:161} INFO - Started process (PID=1105) to work on /opt/airflow/dags/feature_pipeline_dag.py
[2026-08-09T17:28:08.113+0000] {processor.py:830} INFO - Processing file /opt/airflow/dags/feature_pipeline_dag.py for tasks to queue
[2026-08-09T17:28:08.116+0000] {logging_mixin.py:188} INFO - [2026-08-09T17:28:08.115+0000] {dagbag.py:545} INFO - Filling up the DagBag from /opt/airflow/dags/feature_pipeline_dag.py
[2026-08-09T17:28:09.374+0000] {processor.py:840} INFO - DAG(s) 'feature_pipeline' retrieved from /opt/airflow/dags/feature_pipeline_dag.py
[2026-08-09T17:28:09.434+0000] {logging_mixin.py:188} INFO - [2026-08-09T17:28:09.433+0000] {dag.py:3089} INFO - Sync 1 DAGs
[2026-08-09T17:28:09.768+0000] {logging_mixin.py:188} INFO - [2026-08-09T17:28:09.768+0000] {dag.py:3947} INFO - Setting next_dagrun for feature_pipeline to 2026-08-09 17:00:00+00:00, run_after=2026-08-09 18:00:00+00:00
[2026-08-09T17:28:09.806+0000] {processor.py:183} INFO - Processing /opt/airflow/dags/feature_pipeline_dag.py took 1.715 seconds
[2026-08-09T17:28:40.637+0000] {processor.py:161} INFO - Started process (PID=1136) to work on /opt/airflow/dags/feature_pipeline_dag.py
[2026-08-09T17:28:40.639+0000] {processor.py:830} INFO - Processing file /opt/airflow/dags/feature_pipeline_dag.py for tasks to queue
[2026-08-09T17:28:40.642+0000] {logging_mixin.py:188} INFO - [2026-08-09T17:28:40.641+0000] {dagbag.py:545} INFO - Filling up the DagBag from /opt/airflow/dags/feature_pipeline_dag.py
[2026-08-09T17:28:41.962+0000] {processor.py:840} INFO - DAG(s) 'feature_pipeline' retrieved from /opt/airflow/dags/feature_pipeline_dag.py
[2026-08-09T17:28:42.355+0000] {logging_mixin.py:188} INFO - [2026-08-09T17:28:42.354+0000] {dag.py:3089} INFO - Sync 1 DAGs
[2026-08-09T17:28:42.392+0000] {logging_mixin.py:188} INFO - [2026-08-09T17:28:42.392+0000] {dag.py:3947} INFO - Setting next_dagrun for feature_pipeline to 2026-08-09 17:00:00+00:00, run_after=2026-08-09 18:00:00+00:00
[2026-08-09T17:28:42.435+0000] {processor.py:183} INFO - Processing /opt/airflow/dags/feature_pipeline_dag.py took 1.814 seconds
[2026-08-09T17:29:13.305+0000] {processor.py:161} INFO - Started process (PID=1167) to work on /opt/airflow/dags/feature_pipeline_dag.py
[2026-08-09T17:29:13.308+0000] {processor.py:830} INFO - Processing file /opt/airflow/dags/feature_pipeline_dag.py for tasks to queue
[2026-08-09T17:29:13.310+0000] {logging_mixin.py:188} INFO - [2026-08-09T17:29:13.309+0000] {dagbag.py:545} INFO - Filling up the DagBag from /opt/airflow/dags/feature_pipeline_dag.py
[2026-08-09T17:29:15.032+0000] {processor.py:840} INFO - DAG(s) 'feature_pipeline' retrieved from /opt/airflow/dags/feature_pipeline_dag.py
[2026-08-09T17:29:15.080+0000] {logging_mixin.py:188} INFO - [2026-08-09T17:29:15.079+0000] {dag.py:3089} INFO - Sync 1 DAGs
[2026-08-09T17:29:15.115+0000] {logging_mixin.py:188} INFO - [2026-08-09T17:29:15.115+0000] {dag.py:3947} INFO - Setting next_dagrun for feature_pipeline to 2026-08-09 17:00:00+00:00, run_after=2026-08-09 18:00:00+00:00
[2026-08-09T17:29:15.152+0000] {processor.py:183} INFO - Processing /opt/airflow/dags/feature_pipeline_dag.py took 1.863 seconds
[2026-08-09T17:29:45.712+0000] {processor.py:161} INFO - Started process (PID=1198) to work on /opt/airflow/dags/feature_pipeline_dag.py
[2026-08-09T17:29:45.715+0000] {processor.py:830} INFO - Processing file /opt/airflow/dags/feature_pipeline_dag.py for tasks to queue
[2026-08-09T17:29:45.718+0000] {logging_mixin.py:188} INFO - [2026-08-09T17:29:45.717+0000] {dagbag.py:545} INFO - Filling up the DagBag from /opt/airflow/dags/feature_pipeline_dag.py
[2026-08-09T17:29:47.190+0000] {processor.py:840} INFO - DAG(s) 'feature_pipeline' retrieved from /opt/airflow/dags/feature_pipeline_dag.py
[2026-08-09T17:29:47.250+0000] {logging_mixin.py:188} INFO - [2026-08-09T17:29:47.249+0000] {dag.py:3089} INFO - Sync 1 DAGs
[2026-08-09T17:29:47.296+0000] {logging_mixin.py:188} INFO - [2026-08-09T17:29:47.295+0000] {dag.py:3947} INFO - Setting next_dagrun for feature_pipeline to 2026-08-09 17:00:00+00:00, run_after=2026-08-09 18:00:00+00:00
[2026-08-09T17:29:47.729+0000] {processor.py:183} INFO - Processing /opt/airflow/dags/feature_pipeline_dag.py took 2.033 seconds
[2026-08-09T17:30:17.984+0000] {processor.py:161} INFO - Started process (PID=1229) to work on /opt/airflow/dags/feature_pipeline_dag.py
[2026-08-09T17:30:17.987+0000] {processor.py:830} INFO - Processing file /opt/airflow/dags/feature_pipeline_dag.py for tasks to queue
[2026-08-09T17:30:17.992+0000] {logging_mixin.py:188} INFO - [2026-08-09T17:30:17.991+0000] {dagbag.py:545} INFO - Filling up the DagBag from /opt/airflow/dags/feature_pipeline_dag.py
[2026-08-09T17:30:19.389+0000] {processor.py:840} INFO - DAG(s) 'feature_pipeline' retrieved from /opt/airflow/dags/feature_pipeline_dag.py
[2026-08-09T17:30:19.449+0000] {logging_mixin.py:188} INFO - [2026-08-09T17:30:19.448+0000] {dag.py:3089} INFO - Sync 1 DAGs
[2026-08-09T17:30:19.813+0000] {logging_mixin.py:188} INFO - [2026-08-09T17:30:19.812+0000] {dag.py:3947} INFO - Setting next_dagrun for feature_pipeline to 2026-08-09 17:00:00+00:00, run_after=2026-08-09 18:00:00+00:00
[2026-08-09T17:30:19.847+0000] {processor.py:183} INFO - Processing /opt/airflow/dags/feature_pipeline_dag.py took 1.879 seconds
[2026-08-09T17:30:50.475+0000] {processor.py:161} INFO - Started process (PID=1257) to work on /opt/airflow/dags/feature_pipeline_dag.py
[2026-08-09T17:30:50.479+0000] {processor.py:830} INFO - Processing file /opt/airflow/dags/feature_pipeline_dag.py for tasks to queue
[2026-08-09T17:30:50.482+0000] {logging_mixin.py:188} INFO - [2026-08-09T17:30:50.481+0000] {dagbag.py:545} INFO - Filling up the DagBag from /opt/airflow/dags/feature_pipeline_dag.py
[2026-08-09T17:30:51.898+0000] {processor.py:840} INFO - DAG(s) 'feature_pipeline' retrieved from /opt/airflow/dags/feature_pipeline_dag.py
[2026-08-09T17:30:51.979+0000] {logging_mixin.py:188} INFO - [2026-08-09T17:30:51.978+0000] {dag.py:3089} INFO - Sync 1 DAGs
[2026-08-09T17:30:52.320+0000] {logging_mixin.py:188} INFO - [2026-08-09T17:30:52.320+0000] {dag.py:3947} INFO - Setting next_dagrun for feature_pipeline to 2026-08-09 17:00:00+00:00, run_after=2026-08-09 18:00:00+00:00
[2026-08-09T17:30:52.356+0000] {processor.py:183} INFO - Processing /opt/airflow/dags/feature_pipeline_dag.py took 1.977 seconds
[2026-08-09T17:31:22.666+0000] {processor.py:161} INFO - Started process (PID=1272) to work on /opt/airflow/dags/feature_pipeline_dag.py
[2026-08-09T17:31:22.669+0000] {processor.py:830} INFO - Processing file /opt/airflow/dags/feature_pipeline_dag.py for tasks to queue
[2026-08-09T17:31:22.671+0000] {logging_mixin.py:188} INFO - [2026-08-09T17:31:22.670+0000] {dagbag.py:545} INFO - Filling up the DagBag from /opt/airflow/dags/feature_pipeline_dag.py
[2026-08-09T17:31:23.986+0000] {processor.py:840} INFO - DAG(s) 'feature_pipeline' retrieved from /opt/airflow/dags/feature_pipeline_dag.py
[2026-08-09T17:31:24.371+0000] {logging_mixin.py:188} INFO - [2026-08-09T17:31:24.370+0000] {dag.py:3089} INFO - Sync 1 DAGs
[2026-08-09T17:31:24.408+0000] {logging_mixin.py:188} INFO - [2026-08-09T17:31:24.408+0000] {dag.py:3947} INFO - Setting next_dagrun for feature_pipeline to 2026-08-09 17:00:00+00:00, run_after=2026-08-09 18:00:00+00:00
[2026-08-09T17:31:24.443+0000] {processor.py:183} INFO - Processing /opt/airflow/dags/feature_pipeline_dag.py took 1.792 seconds
[2026-08-09T17:31:54.964+0000] {processor.py:161} INFO - Started process (PID=1303) to work on /opt/airflow/dags/feature_pipeline_dag.py
[2026-08-09T17:31:54.967+0000] {processor.py:830} INFO - Processing file /opt/airflow/dags/feature_pipeline_dag.py for tasks to queue
[2026-08-09T17:31:54.969+0000] {logging_mixin.py:188} INFO - [2026-08-09T17:31:54.968+0000] {dagbag.py:545} INFO - Filling up the DagBag from /opt/airflow/dags/feature_pipeline_dag.py
[2026-08-09T17:31:56.389+0000] {processor.py:840} INFO - DAG(s) 'feature_pipeline' retrieved from /opt/airflow/dags/feature_pipeline_dag.py
[2026-08-09T17:31:56.944+0000] {logging_mixin.py:188} INFO - [2026-08-09T17:31:56.942+0000] {dag.py:3089} INFO - Sync 1 DAGs
[2026-08-09T17:31:57.005+0000] {logging_mixin.py:188} INFO - [2026-08-09T17:31:57.005+0000] {dag.py:3947} INFO - Setting next_dagrun for feature_pipeline to 2026-08-09 17:00:00+00:00, run_after=2026-08-09 18:00:00+00:00
[2026-08-09T17:31:57.063+0000] {processor.py:183} INFO - Processing /opt/airflow/dags/feature_pipeline_dag.py took 2.114 seconds
[2026-08-09T17:32:27.244+0000] {processor.py:161} INFO - Started process (PID=1334) to work on /opt/airflow/dags/feature_pipeline_dag.py
[2026-08-09T17:32:27.247+0000] {processor.py:830} INFO - Processing file /opt/airflow/dags/feature_pipeline_dag.py for tasks to queue
[2026-08-09T17:32:27.249+0000] {logging_mixin.py:188} INFO - [2026-08-09T17:32:27.249+0000] {dagbag.py:545} INFO - Filling up the DagBag from /opt/airflow/dags/feature_pipeline_dag.py
[2026-08-09T17:32:29.096+0000] {processor.py:840} INFO - DAG(s) 'feature_pipeline' retrieved from /opt/airflow/dags/feature_pipeline_dag.py
[2026-08-09T17:32:29.146+0000] {logging_mixin.py:188} INFO - [2026-08-09T17:32:29.145+0000] {dag.py:3089} INFO - Sync 1 DAGs
[2026-08-09T17:32:29.185+0000] {logging_mixin.py:188} INFO - [2026-08-09T17:32:29.185+0000] {dag.py:3947} INFO - Setting next_dagrun for feature_pipeline to 2026-08-09 17:00:00+00:00, run_after=2026-08-09 18:00:00+00:00
[2026-08-09T17:32:29.221+0000] {processor.py:183} INFO - Processing /opt/airflow/dags/feature_pipeline_dag.py took 1.996 seconds
[2026-08-09T17:32:59.954+0000] {processor.py:161} INFO - Started process (PID=1365) to work on /opt/airflow/dags/feature_pipeline_dag.py
[2026-08-09T17:32:59.957+0000] {processor.py:830} INFO - Processing file /opt/airflow/dags/feature_pipeline_dag.py for tasks to queue
[2026-08-09T17:32:59.959+0000] {logging_mixin.py:188} INFO - [2026-08-09T17:32:59.958+0000] {dagbag.py:545} INFO - Filling up the DagBag from /opt/airflow/dags/feature_pipeline_dag.py
[2026-08-09T17:33:01.421+0000] {processor.py:840} INFO - DAG(s) 'feature_pipeline' retrieved from /opt/airflow/dags/feature_pipeline_dag.py
[2026-08-09T17:33:01.477+0000] {logging_mixin.py:188} INFO - [2026-08-09T17:33:01.476+0000] {dag.py:3089} INFO - Sync 1 DAGs
[2026-08-09T17:33:01.524+0000] {logging_mixin.py:188} INFO - [2026-08-09T17:33:01.524+0000] {dag.py:3947} INFO - Setting next_dagrun for feature_pipeline to 2026-08-09 17:00:00+00:00, run_after=2026-08-09 18:00:00+00:00
[2026-08-09T17:33:01.903+0000] {processor.py:183} INFO - Processing /opt/airflow/dags/feature_pipeline_dag.py took 1.969 seconds
[2026-08-09T17:33:32.316+0000] {processor.py:161} INFO - Started process (PID=1396) to work on /opt/airflow/dags/feature_pipeline_dag.py
[2026-08-09T17:33:32.319+0000] {processor.py:830} INFO - Processing file /opt/airflow/dags/feature_pipeline_dag.py for tasks to queue
[2026-08-09T17:33:32.321+0000] {logging_mixin.py:188} INFO - [2026-08-09T17:33:32.320+0000] {dagbag.py:545} INFO - Filling up the DagBag from /opt/airflow/dags/feature_pipeline_dag.py
[2026-08-09T17:33:33.749+0000] {processor.py:840} INFO - DAG(s) 'feature_pipeline' retrieved from /opt/airflow/dags/feature_pipeline_dag.py
[2026-08-09T17:33:33.809+0000] {logging_mixin.py:188} INFO - [2026-08-09T17:33:33.808+0000] {dag.py:3089} INFO - Sync 1 DAGs
[2026-08-09T17:33:34.169+0000] {logging_mixin.py:188} INFO - [2026-08-09T17:33:34.169+0000] {dag.py:3947} INFO - Setting next_dagrun for feature_pipeline to 2026-08-09 17:00:00+00:00, run_after=2026-08-09 18:00:00+00:00
[2026-08-09T17:33:34.206+0000] {processor.py:183} INFO - Processing /opt/airflow/dags/feature_pipeline_dag.py took 1.904 seconds
[2026-08-09T17:34:04.854+0000] {processor.py:161} INFO - Started process (PID=1424) to work on /opt/airflow/dags/feature_pipeline_dag.py
[2026-08-09T17:34:04.856+0000] {processor.py:830} INFO - Processing file /opt/airflow/dags/feature_pipeline_dag.py for tasks to queue
[2026-08-09T17:34:04.859+0000] {logging_mixin.py:188} INFO - [2026-08-09T17:34:04.858+0000] {dagbag.py:545} INFO - Filling up the DagBag from /opt/airflow/dags/feature_pipeline_dag.py
[2026-08-09T17:34:06.266+0000] {processor.py:840} INFO - DAG(s) 'feature_pipeline' retrieved from /opt/airflow/dags/feature_pipeline_dag.py
[2026-08-09T17:34:06.328+0000] {logging_mixin.py:188} INFO - [2026-08-09T17:34:06.327+0000] {dag.py:3089} INFO - Sync 1 DAGs
[2026-08-09T17:34:06.683+0000] {logging_mixin.py:188} INFO - [2026-08-09T17:34:06.683+0000] {dag.py:3947} INFO - Setting next_dagrun for feature_pipeline to 2026-08-09 17:00:00+00:00, run_after=2026-08-09 18:00:00+00:00
[2026-08-09T17:34:06.717+0000] {processor.py:183} INFO - Processing /opt/airflow/dags/feature_pipeline_dag.py took 1.878 seconds
[2026-08-09T17:34:37.246+0000] {processor.py:161} INFO - Started process (PID=1439) to work on /opt/airflow/dags/feature_pipeline_dag.py
[2026-08-09T17:34:37.249+0000] {processor.py:830} INFO - Processing file /opt/airflow/dags/feature_pipeline_dag.py for tasks to queue
[2026-08-09T17:34:37.252+0000] {logging_mixin.py:188} INFO - [2026-08-09T17:34:37.251+0000] {dagbag.py:545} INFO - Filling up the DagBag from /opt/airflow/dags/feature_pipeline_dag.py
[2026-08-09T17:34:39.014+0000] {processor.py:840} INFO - DAG(s) 'feature_pipeline' retrieved from /opt/airflow/dags/feature_pipeline_dag.py
[2026-08-09T17:34:39.070+0000] {logging_mixin.py:188} INFO - [2026-08-09T17:34:39.069+0000] {dag.py:3089} INFO - Sync 1 DAGs
[2026-08-09T17:34:39.113+0000] {logging_mixin.py:188} INFO - [2026-08-09T17:34:39.113+0000] {dag.py:3947} INFO - Setting next_dagrun for feature_pipeline to 2026-08-09 17:00:00+00:00, run_after=2026-08-09 18:00:00+00:00
[2026-08-09T17:34:39.149+0000] {processor.py:183} INFO - Processing /opt/airflow/dags/feature_pipeline_dag.py took 1.927 seconds
[2026-08-09T17:35:09.577+0000] {processor.py:161} INFO - Started process (PID=1470) to work on /opt/airflow/dags/feature_pipeline_dag.py
[2026-08-09T17:35:09.580+0000] {processor.py:830} INFO - Processing file /opt/airflow/dags/feature_pipeline_dag.py for tasks to queue
[2026-08-09T17:35:09.583+0000] {logging_mixin.py:188} INFO - [2026-08-09T17:35:09.582+0000] {dagbag.py:545} INFO - Filling up the DagBag from /opt/airflow/dags/feature_pipeline_dag.py
[2026-08-09T17:35:11.489+0000] {processor.py:840} INFO - DAG(s) 'feature_pipeline' retrieved from /opt/airflow/dags/feature_pipeline_dag.py
[2026-08-09T17:35:11.540+0000] {logging_mixin.py:188} INFO - [2026-08-09T17:35:11.539+0000] {dag.py:3089} INFO - Sync 1 DAGs
[2026-08-09T17:35:11.582+0000] {logging_mixin.py:188} INFO - [2026-08-09T17:35:11.582+0000] {dag.py:3947} INFO - Setting next_dagrun for feature_pipeline to 2026-08-09 17:00:00+00:00, run_after=2026-08-09 18:00:00+00:00
[2026-08-09T17:35:11.621+0000] {processor.py:183} INFO - Processing /opt/airflow/dags/feature_pipeline_dag.py took 2.064 seconds
[2026-08-09T17:35:41.919+0000] {processor.py:161} INFO - Started process (PID=1501) to work on /opt/airflow/dags/feature_pipeline_dag.py
[2026-08-09T17:35:41.921+0000] {processor.py:830} INFO - Processing file /opt/airflow/dags/feature_pipeline_dag.py for tasks to queue
[2026-08-09T17:35:41.924+0000] {logging_mixin.py:188} INFO - [2026-08-09T17:35:41.923+0000] {dagbag.py:545} INFO - Filling up the DagBag from /opt/airflow/dags/feature_pipeline_dag.py
[2026-08-09T17:35:43.411+0000] {processor.py:840} INFO - DAG(s) 'feature_pipeline' retrieved from /opt/airflow/dags/feature_pipeline_dag.py
[2026-08-09T17:35:43.490+0000] {logging_mixin.py:188} INFO - [2026-08-09T17:35:43.489+0000] {dag.py:3089} INFO - Sync 1 DAGs
[2026-08-09T17:35:43.538+0000] {logging_mixin.py:188} INFO - [2026-08-09T17:35:43.538+0000] {dag.py:3947} INFO - Setting next_dagrun for feature_pipeline to 2026-08-09 17:00:00+00:00, run_after=2026-08-09 18:00:00+00:00
[2026-08-09T17:35:43.887+0000] {processor.py:183} INFO - Processing /opt/airflow/dags/feature_pipeline_dag.py took 1.983 seconds
[2026-08-09T17:36:14.393+0000] {processor.py:161} INFO - Started process (PID=1532) to work on /opt/airflow/dags/feature_pipeline_dag.py
[2026-08-09T17:36:14.395+0000] {processor.py:830} INFO - Processing file /opt/airflow/dags/feature_pipeline_dag.py for tasks to queue
[2026-08-09T17:36:14.397+0000] {logging_mixin.py:188} INFO - [2026-08-09T17:36:14.397+0000] {dagbag.py:545} INFO - Filling up the DagBag from /opt/airflow/dags/feature_pipeline_dag.py
[2026-08-09T17:36:15.828+0000] {processor.py:840} INFO - DAG(s) 'feature_pipeline' retrieved from /opt/airflow/dags/feature_pipeline_dag.py
[2026-08-09T17:36:15.880+0000] {logging_mixin.py:188} INFO - [2026-08-09T17:36:15.880+0000] {dag.py:3089} INFO - Sync 1 DAGs
[2026-08-09T17:36:16.170+0000] {logging_mixin.py:188} INFO - [2026-08-09T17:36:16.170+0000] {dag.py:3947} INFO - Setting next_dagrun for feature_pipeline to 2026-08-09 17:00:00+00:00, run_after=2026-08-09 18:00:00+00:00
[2026-08-09T17:36:16.202+0000] {processor.py:183} INFO - Processing /opt/airflow/dags/feature_pipeline_dag.py took 1.825 seconds
[2026-08-09T17:36:46.731+0000] {processor.py:161} INFO - Started process (PID=1560) to work on /opt/airflow/dags/feature_pipeline_dag.py
[2026-08-09T17:36:46.734+0000] {processor.py:830} INFO - Processing file /opt/airflow/dags/feature_pipeline_dag.py for tasks to queue
[2026-08-09T17:36:46.737+0000] {logging_mixin.py:188} INFO - [2026-08-09T17:36:46.736+0000] {dagbag.py:545} INFO - Filling up the DagBag from /opt/airflow/dags/feature_pipeline_dag.py
[2026-08-09T17:36:48.275+0000] {processor.py:840} INFO - DAG(s) 'feature_pipeline' retrieved from /opt/airflow/dags/feature_pipeline_dag.py
[2026-08-09T17:36:48.343+0000] {logging_mixin.py:188} INFO - [2026-08-09T17:36:48.342+0000] {dag.py:3089} INFO - Sync 1 DAGs
[2026-08-09T17:36:48.737+0000] {logging_mixin.py:188} INFO - [2026-08-09T17:36:48.736+0000] {dag.py:3947} INFO - Setting next_dagrun for feature_pipeline to 2026-08-09 17:00:00+00:00, run_after=2026-08-09 18:00:00+00:00
[2026-08-09T17:36:48.776+0000] {processor.py:183} INFO - Processing /opt/airflow/dags/feature_pipeline_dag.py took 2.065 seconds
[2026-08-09T17:37:19.323+0000] {processor.py:161} INFO - Started process (PID=1575) to work on /opt/airflow/dags/feature_pipeline_dag.py
[2026-08-09T17:37:19.326+0000] {processor.py:830} INFO - Processing file /opt/airflow/dags/feature_pipeline_dag.py for tasks to queue
[2026-08-09T17:37:19.328+0000] {logging_mixin.py:188} INFO - [2026-08-09T17:37:19.327+0000] {dagbag.py:545} INFO - Filling up the DagBag from /opt/airflow/dags/feature_pipeline_dag.py
[2026-08-09T17:37:20.717+0000] {processor.py:840} INFO - DAG(s) 'feature_pipeline' retrieved from /opt/airflow/dags/feature_pipeline_dag.py
[2026-08-09T17:37:21.063+0000] {logging_mixin.py:188} INFO - [2026-08-09T17:37:21.063+0000] {dag.py:3089} INFO - Sync 1 DAGs
[2026-08-09T17:37:21.100+0000] {logging_mixin.py:188} INFO - [2026-08-09T17:37:21.099+0000] {dag.py:3947} INFO - Setting next_dagrun for feature_pipeline to 2026-08-09 17:00:00+00:00, run_after=2026-08-09 18:00:00+00:00
[2026-08-09T17:37:21.136+0000] {processor.py:183} INFO - Processing /opt/airflow/dags/feature_pipeline_dag.py took 1.887 seconds
[2026-08-09T17:37:51.636+0000] {processor.py:161} INFO - Started process (PID=1606) to work on /opt/airflow/dags/feature_pipeline_dag.py
[2026-08-09T17:37:51.640+0000] {processor.py:830} INFO - Processing file /opt/airflow/dags/feature_pipeline_dag.py for tasks to queue
[2026-08-09T17:37:51.642+0000] {logging_mixin.py:188} INFO - [2026-08-09T17:37:51.641+0000] {dagbag.py:545} INFO - Filling up the DagBag from /opt/airflow/dags/feature_pipeline_dag.py
[2026-08-09T17:37:53.093+0000] {processor.py:840} INFO - DAG(s) 'feature_pipeline' retrieved from /opt/airflow/dags/feature_pipeline_dag.py
[2026-08-09T17:37:53.497+0000] {logging_mixin.py:188} INFO - [2026-08-09T17:37:53.496+0000] {dag.py:3089} INFO - Sync 1 DAGs
[2026-08-09T17:37:53.540+0000] {logging_mixin.py:188} INFO - [2026-08-09T17:37:53.540+0000] {dag.py:3947} INFO - Setting next_dagrun for feature_pipeline to 2026-08-09 17:00:00+00:00, run_after=2026-08-09 18:00:00+00:00
[2026-08-09T17:37:53.575+0000] {processor.py:183} INFO - Processing /opt/airflow/dags/feature_pipeline_dag.py took 1.960 seconds
[2026-08-09T17:38:23.922+0000] {processor.py:161} INFO - Started process (PID=1637) to work on /opt/airflow/dags/feature_pipeline_dag.py
[2026-08-09T17:38:23.925+0000] {processor.py:830} INFO - Processing file /opt/airflow/dags/feature_pipeline_dag.py for tasks to queue
[2026-08-09T17:38:23.927+0000] {logging_mixin.py:188} INFO - [2026-08-09T17:38:23.927+0000] {dagbag.py:545} INFO - Filling up the DagBag from /opt/airflow/dags/feature_pipeline_dag.py
[2026-08-09T17:38:25.863+0000] {processor.py:840} INFO - DAG(s) 'feature_pipeline' retrieved from /opt/airflow/dags/feature_pipeline_dag.py
[2026-08-09T17:38:25.923+0000] {logging_mixin.py:188} INFO - [2026-08-09T17:38:25.922+0000] {dag.py:3089} INFO - Sync 1 DAGs
[2026-08-09T17:38:25.965+0000] {logging_mixin.py:188} INFO - [2026-08-09T17:38:25.964+0000] {dag.py:3947} INFO - Setting next_dagrun for feature_pipeline to 2026-08-09 17:00:00+00:00, run_after=2026-08-09 18:00:00+00:00
[2026-08-09T17:38:26.010+0000] {processor.py:183} INFO - Processing /opt/airflow/dags/feature_pipeline_dag.py took 2.105 seconds
[2026-08-09T17:38:56.402+0000] {processor.py:161} INFO - Started process (PID=1668) to work on /opt/airflow/dags/feature_pipeline_dag.py
[2026-08-09T17:38:56.405+0000] {processor.py:830} INFO - Processing file /opt/airflow/dags/feature_pipeline_dag.py for tasks to queue
[2026-08-09T17:38:56.407+0000] {logging_mixin.py:188} INFO - [2026-08-09T17:38:56.407+0000] {dagbag.py:545} INFO - Filling up the DagBag from /opt/airflow/dags/feature_pipeline_dag.py
[2026-08-09T17:38:57.851+0000] {processor.py:840} INFO - DAG(s) 'feature_pipeline' retrieved from /opt/airflow/dags/feature_pipeline_dag.py
[2026-08-09T17:38:57.928+0000] {logging_mixin.py:188} INFO - [2026-08-09T17:38:57.928+0000] {dag.py:3089} INFO - Sync 1 DAGs
[2026-08-09T17:38:57.971+0000] {logging_mixin.py:188} INFO - [2026-08-09T17:38:57.971+0000] {dag.py:3947} INFO - Setting next_dagrun for feature_pipeline to 2026-08-09 17:00:00+00:00, run_after=2026-08-09 18:00:00+00:00
[2026-08-09T17:38:58.437+0000] {processor.py:183} INFO - Processing /opt/airflow/dags/feature_pipeline_dag.py took 2.050 seconds
[2026-08-09T17:39:28.906+0000] {processor.py:161} INFO - Started process (PID=1699) to work on /opt/airflow/dags/feature_pipeline_dag.py
[2026-08-09T17:39:28.909+0000] {processor.py:830} INFO - Processing file /opt/airflow/dags/feature_pipeline_dag.py for tasks to queue
[2026-08-09T17:39:28.911+0000] {logging_mixin.py:188} INFO - [2026-08-09T17:39:28.910+0000] {dagbag.py:545} INFO - Filling up the DagBag from /opt/airflow/dags/feature_pipeline_dag.py
[2026-08-09T17:39:30.467+0000] {processor.py:840} INFO - DAG(s) 'feature_pipeline' retrieved from /opt/airflow/dags/feature_pipeline_dag.py
[2026-08-09T17:39:30.537+0000] {logging_mixin.py:188} INFO - [2026-08-09T17:39:30.536+0000] {dag.py:3089} INFO - Sync 1 DAGs
[2026-08-09T17:39:30.850+0000] {logging_mixin.py:188} INFO - [2026-08-09T17:39:30.850+0000] {dag.py:3947} INFO - Setting next_dagrun for feature_pipeline to 2026-08-09 17:00:00+00:00, run_after=2026-08-09 18:00:00+00:00
[2026-08-09T17:39:30.889+0000] {processor.py:183} INFO - Processing /opt/airflow/dags/feature_pipeline_dag.py took 2.005 seconds
[2026-08-09T17:40:01.357+0000] {processor.py:161} INFO - Started process (PID=1727) to work on /opt/airflow/dags/feature_pipeline_dag.py
[2026-08-09T17:40:01.359+0000] {processor.py:830} INFO - Processing file /opt/airflow/dags/feature_pipeline_dag.py for tasks to queue
[2026-08-09T17:40:01.362+0000] {logging_mixin.py:188} INFO - [2026-08-09T17:40:01.361+0000] {dagbag.py:545} INFO - Filling up the DagBag from /opt/airflow/dags/feature_pipeline_dag.py
[2026-08-09T17:40:03.077+0000] {processor.py:840} INFO - DAG(s) 'feature_pipeline' retrieved from /opt/airflow/dags/feature_pipeline_dag.py
[2026-08-09T17:40:03.146+0000] {logging_mixin.py:188} INFO - [2026-08-09T17:40:03.146+0000] {dag.py:3089} INFO - Sync 1 DAGs
[2026-08-09T17:40:03.558+0000] {logging_mixin.py:188} INFO - [2026-08-09T17:40:03.557+0000] {dag.py:3947} INFO - Setting next_dagrun for feature_pipeline to 2026-08-09 17:00:00+00:00, run_after=2026-08-09 18:00:00+00:00
[2026-08-09T17:40:03.597+0000] {processor.py:183} INFO - Processing /opt/airflow/dags/feature_pipeline_dag.py took 2.262 seconds
[2026-08-09T17:40:33.837+0000] {processor.py:161} INFO - Started process (PID=1742) to work on /opt/airflow/dags/feature_pipeline_dag.py
[2026-08-09T17:40:33.841+0000] {processor.py:830} INFO - Processing file /opt/airflow/dags/feature_pipeline_dag.py for tasks to queue
[2026-08-09T17:40:33.843+0000] {logging_mixin.py:188} INFO - [2026-08-09T17:40:33.842+0000] {dagbag.py:545} INFO - Filling up the DagBag from /opt/airflow/dags/feature_pipeline_dag.py
[2026-08-09T17:40:35.714+0000] {processor.py:840} INFO - DAG(s) 'feature_pipeline' retrieved from /opt/airflow/dags/feature_pipeline_dag.py
[2026-08-09T17:40:35.775+0000] {logging_mixin.py:188} INFO - [2026-08-09T17:40:35.774+0000] {dag.py:3089} INFO - Sync 1 DAGs
[2026-08-09T17:40:35.818+0000] {logging_mixin.py:188} INFO - [2026-08-09T17:40:35.818+0000] {dag.py:3947} INFO - Setting next_dagrun for feature_pipeline to 2026-08-09 17:00:00+00:00, run_after=2026-08-09 18:00:00+00:00
[2026-08-09T17:40:35.859+0000] {processor.py:183} INFO - Processing /opt/airflow/dags/feature_pipeline_dag.py took 2.044 seconds
[2026-08-09T17:41:06.248+0000] {processor.py:161} INFO - Started process (PID=1773) to work on /opt/airflow/dags/feature_pipeline_dag.py
[2026-08-09T17:41:06.251+0000] {processor.py:830} INFO - Processing file /opt/airflow/dags/feature_pipeline_dag.py for tasks to queue
[2026-08-09T17:41:06.253+0000] {logging_mixin.py:188} INFO - [2026-08-09T17:41:06.252+0000] {dagbag.py:545} INFO - Filling up the DagBag from /opt/airflow/dags/feature_pipeline_dag.py
[2026-08-09T17:41:07.702+0000] {processor.py:840} INFO - DAG(s) 'feature_pipeline' retrieved from /opt/airflow/dags/feature_pipeline_dag.py
[2026-08-09T17:41:08.076+0000] {logging_mixin.py:188} INFO - [2026-08-09T17:41:08.075+0000] {dag.py:3089} INFO - Sync 1 DAGs
[2026-08-09T17:41:08.116+0000] {logging_mixin.py:188} INFO - [2026-08-09T17:41:08.115+0000] {dag.py:3947} INFO - Setting next_dagrun for feature_pipeline to 2026-08-09 17:00:00+00:00, run_after=2026-08-09 18:00:00+00:00
[2026-08-09T17:41:08.152+0000] {processor.py:183} INFO - Processing /opt/airflow/dags/feature_pipeline_dag.py took 1.919 seconds
[2026-08-09T17:41:38.354+0000] {processor.py:161} INFO - Started process (PID=1804) to work on /opt/airflow/dags/feature_pipeline_dag.py
[2026-08-09T17:41:38.357+0000] {processor.py:830} INFO - Processing file /opt/airflow/dags/feature_pipeline_dag.py for tasks to queue
[2026-08-09T17:41:38.359+0000] {logging_mixin.py:188} INFO - [2026-08-09T17:41:38.358+0000] {dagbag.py:545} INFO - Filling up the DagBag from /opt/airflow/dags/feature_pipeline_dag.py
[2026-08-09T17:41:40.235+0000] {processor.py:840} INFO - DAG(s) 'feature_pipeline' retrieved from /opt/airflow/dags/feature_pipeline_dag.py
[2026-08-09T17:41:40.281+0000] {logging_mixin.py:188} INFO - [2026-08-09T17:41:40.280+0000] {dag.py:3089} INFO - Sync 1 DAGs
[2026-08-09T17:41:40.326+0000] {logging_mixin.py:188} INFO - [2026-08-09T17:41:40.325+0000] {dag.py:3947} INFO - Setting next_dagrun for feature_pipeline to 2026-08-09 17:00:00+00:00, run_after=2026-08-09 18:00:00+00:00
[2026-08-09T17:41:40.357+0000] {processor.py:183} INFO - Processing /opt/airflow/dags/feature_pipeline_dag.py took 2.020 seconds
[2026-08-09T17:42:10.816+0000] {processor.py:161} INFO - Started process (PID=1835) to work on /opt/airflow/dags/feature_pipeline_dag.py
[2026-08-09T17:42:10.818+0000] {processor.py:830} INFO - Processing file /opt/airflow/dags/feature_pipeline_dag.py for tasks to queue
[2026-08-09T17:42:10.821+0000] {logging_mixin.py:188} INFO - [2026-08-09T17:42:10.820+0000] {dagbag.py:545} INFO - Filling up the DagBag from /opt/airflow/dags/feature_pipeline_dag.py
[2026-08-09T17:42:12.232+0000] {processor.py:840} INFO - DAG(s) 'feature_pipeline' retrieved from /opt/airflow/dags/feature_pipeline_dag.py
[2026-08-09T17:42:12.290+0000] {logging_mixin.py:188} INFO - [2026-08-09T17:42:12.290+0000] {dag.py:3089} INFO - Sync 1 DAGs
[2026-08-09T17:42:12.582+0000] {logging_mixin.py:188} INFO - [2026-08-09T17:42:12.582+0000] {dag.py:3947} INFO - Setting next_dagrun for feature_pipeline to 2026-08-09 17:00:00+00:00, run_after=2026-08-09 18:00:00+00:00
[2026-08-09T17:42:12.620+0000] {processor.py:183} INFO - Processing /opt/airflow/dags/feature_pipeline_dag.py took 1.822 seconds
[2026-08-09T17:42:43.187+0000] {processor.py:161} INFO - Started process (PID=1863) to work on /opt/airflow/dags/feature_pipeline_dag.py
[2026-08-09T17:42:43.190+0000] {processor.py:830} INFO - Processing file /opt/airflow/dags/feature_pipeline_dag.py for tasks to queue
[2026-08-09T17:42:43.192+0000] {logging_mixin.py:188} INFO - [2026-08-09T17:42:43.191+0000] {dagbag.py:545} INFO - Filling up the DagBag from /opt/airflow/dags/feature_pipeline_dag.py
[2026-08-09T17:42:44.650+0000] {processor.py:840} INFO - DAG(s) 'feature_pipeline' retrieved from /opt/airflow/dags/feature_pipeline_dag.py
[2026-08-09T17:42:44.715+0000] {logging_mixin.py:188} INFO - [2026-08-09T17:42:44.714+0000] {dag.py:3089} INFO - Sync 1 DAGs
[2026-08-09T17:42:45.115+0000] {logging_mixin.py:188} INFO - [2026-08-09T17:42:45.114+0000] {dag.py:3947} INFO - Setting next_dagrun for feature_pipeline to 2026-08-09 17:00:00+00:00, run_after=2026-08-09 18:00:00+00:00
[2026-08-09T17:42:45.157+0000] {processor.py:183} INFO - Processing /opt/airflow/dags/feature_pipeline_dag.py took 1.990 seconds
[2026-08-09T17:43:15.623+0000] {processor.py:161} INFO - Started process (PID=1878) to work on /opt/airflow/dags/feature_pipeline_dag.py
[2026-08-09T17:43:15.626+0000] {processor.py:830} INFO - Processing file /opt/airflow/dags/feature_pipeline_dag.py for tasks to queue
[2026-08-09T17:43:15.628+0000] {logging_mixin.py:188} INFO - [2026-08-09T17:43:15.627+0000] {dagbag.py:545} INFO - Filling up the DagBag from /opt/airflow/dags/feature_pipeline_dag.py
[2026-08-09T17:43:17.078+0000] {processor.py:840} INFO - DAG(s) 'feature_pipeline' retrieved from /opt/airflow/dags/feature_pipeline_dag.py
[2026-08-09T17:43:17.482+0000] {logging_mixin.py:188} INFO - [2026-08-09T17:43:17.481+0000] {dag.py:3089} INFO - Sync 1 DAGs
[2026-08-09T17:43:17.541+0000] {logging_mixin.py:188} INFO - [2026-08-09T17:43:17.541+0000] {dag.py:3947} INFO - Setting next_dagrun for feature_pipeline to 2026-08-09 17:00:00+00:00, run_after=2026-08-09 18:00:00+00:00
[2026-08-09T17:43:17.583+0000] {processor.py:183} INFO - Processing /opt/airflow/dags/feature_pipeline_dag.py took 1.981 seconds
[2026-08-09T17:43:47.963+0000] {processor.py:161} INFO - Started process (PID=1909) to work on /opt/airflow/dags/feature_pipeline_dag.py
[2026-08-09T17:43:47.966+0000] {processor.py:830} INFO - Processing file /opt/airflow/dags/feature_pipeline_dag.py for tasks to queue
[2026-08-09T17:43:47.968+0000] {logging_mixin.py:188} INFO - [2026-08-09T17:43:47.968+0000] {dagbag.py:545} INFO - Filling up the DagBag from /opt/airflow/dags/feature_pipeline_dag.py
[2026-08-09T17:43:49.458+0000] {processor.py:840} INFO - DAG(s) 'feature_pipeline' retrieved from /opt/airflow/dags/feature_pipeline_dag.py
[2026-08-09T17:43:49.824+0000] {logging_mixin.py:188} INFO - [2026-08-09T17:43:49.823+0000] {dag.py:3089} INFO - Sync 1 DAGs
[2026-08-09T17:43:49.864+0000] {logging_mixin.py:188} INFO - [2026-08-09T17:43:49.864+0000] {dag.py:3947} INFO - Setting next_dagrun for feature_pipeline to 2026-08-09 17:00:00+00:00, run_after=2026-08-09 18:00:00+00:00
[2026-08-09T17:43:49.903+0000] {processor.py:183} INFO - Processing /opt/airflow/dags/feature_pipeline_dag.py took 1.962 seconds
[2026-08-09T17:44:20.094+0000] {processor.py:161} INFO - Started process (PID=1940) to work on /opt/airflow/dags/feature_pipeline_dag.py
[2026-08-09T17:44:20.097+0000] {processor.py:830} INFO - Processing file /opt/airflow/dags/feature_pipeline_dag.py for tasks to queue
[2026-08-09T17:44:20.099+0000] {logging_mixin.py:188} INFO - [2026-08-09T17:44:20.098+0000] {dagbag.py:545} INFO - Filling up the DagBag from /opt/airflow/dags/feature_pipeline_dag.py
[2026-08-09T17:44:21.787+0000] {processor.py:840} INFO - DAG(s) 'feature_pipeline' retrieved from /opt/airflow/dags/feature_pipeline_dag.py
[2026-08-09T17:44:21.835+0000] {logging_mixin.py:188} INFO - [2026-08-09T17:44:21.834+0000] {dag.py:3089} INFO - Sync 1 DAGs
[2026-08-09T17:44:21.878+0000] {logging_mixin.py:188} INFO - [2026-08-09T17:44:21.877+0000] {dag.py:3947} INFO - Setting next_dagrun for feature_pipeline to 2026-08-09 17:00:00+00:00, run_after=2026-08-09 18:00:00+00:00
[2026-08-09T17:44:21.915+0000] {processor.py:183} INFO - Processing /opt/airflow/dags/feature_pipeline_dag.py took 1.841 seconds
[2026-08-09T17:44:52.323+0000] {processor.py:161} INFO - Started process (PID=1971) to work on /opt/airflow/dags/feature_pipeline_dag.py
[2026-08-09T17:44:52.325+0000] {processor.py:830} INFO - Processing file /opt/airflow/dags/feature_pipeline_dag.py for tasks to queue
[2026-08-09T17:44:52.328+0000] {logging_mixin.py:188} INFO - [2026-08-09T17:44:52.327+0000] {dagbag.py:545} INFO - Filling up the DagBag from /opt/airflow/dags/feature_pipeline_dag.py
[2026-08-09T17:44:53.667+0000] {processor.py:840} INFO - DAG(s) 'feature_pipeline' retrieved from /opt/airflow/dags/feature_pipeline_dag.py
[2026-08-09T17:44:53.725+0000] {logging_mixin.py:188} INFO - [2026-08-09T17:44:53.724+0000] {dag.py:3089} INFO - Sync 1 DAGs
[2026-08-09T17:44:53.772+0000] {logging_mixin.py:188} INFO - [2026-08-09T17:44:53.772+0000] {dag.py:3947} INFO - Setting next_dagrun for feature_pipeline to 2026-08-09 17:00:00+00:00, run_after=2026-08-09 18:00:00+00:00
[2026-08-09T17:44:54.190+0000] {processor.py:183} INFO - Processing /opt/airflow/dags/feature_pipeline_dag.py took 1.884 seconds
[2026-08-09T17:45:24.974+0000] {processor.py:161} INFO - Started process (PID=2002) to work on /opt/airflow/dags/feature_pipeline_dag.py
[2026-08-09T17:45:24.976+0000] {processor.py:830} INFO - Processing file /opt/airflow/dags/feature_pipeline_dag.py for tasks to queue
[2026-08-09T17:45:24.979+0000] {logging_mixin.py:188} INFO - [2026-08-09T17:45:24.978+0000] {dagbag.py:545} INFO - Filling up the DagBag from /opt/airflow/dags/feature_pipeline_dag.py
[2026-08-09T17:45:26.259+0000] {processor.py:840} INFO - DAG(s) 'feature_pipeline' retrieved from /opt/airflow/dags/feature_pipeline_dag.py
[2026-08-09T17:45:26.315+0000] {logging_mixin.py:188} INFO - [2026-08-09T17:45:26.315+0000] {dag.py:3089} INFO - Sync 1 DAGs
[2026-08-09T17:45:26.668+0000] {logging_mixin.py:188} INFO - [2026-08-09T17:45:26.668+0000] {dag.py:3947} INFO - Setting next_dagrun for feature_pipeline to 2026-08-09 17:00:00+00:00, run_after=2026-08-09 18:00:00+00:00
[2026-08-09T17:45:26.708+0000] {processor.py:183} INFO - Processing /opt/airflow/dags/feature_pipeline_dag.py took 1.756 seconds
[2026-08-09T17:45:57.013+0000] {processor.py:161} INFO - Started process (PID=2030) to work on /opt/airflow/dags/feature_pipeline_dag.py
[2026-08-09T17:45:57.016+0000] {processor.py:830} INFO - Processing file /opt/airflow/dags/feature_pipeline_dag.py for tasks to queue
[2026-08-09T17:45:57.018+0000] {logging_mixin.py:188} INFO - [2026-08-09T17:45:57.018+0000] {dagbag.py:545} INFO - Filling up the DagBag from /opt/airflow/dags/feature_pipeline_dag.py
[2026-08-09T17:45:58.651+0000] {processor.py:840} INFO - DAG(s) 'feature_pipeline' retrieved from /opt/airflow/dags/feature_pipeline_dag.py
[2026-08-09T17:45:58.728+0000] {logging_mixin.py:188} INFO - [2026-08-09T17:45:58.727+0000] {dag.py:3089} INFO - Sync 1 DAGs
[2026-08-09T17:45:59.121+0000] {logging_mixin.py:188} INFO - [2026-08-09T17:45:59.120+0000] {dag.py:3947} INFO - Setting next_dagrun for feature_pipeline to 2026-08-09 17:00:00+00:00, run_after=2026-08-09 18:00:00+00:00
[2026-08-09T17:45:59.161+0000] {processor.py:183} INFO - Processing /opt/airflow/dags/feature_pipeline_dag.py took 2.171 seconds
[2026-08-09T17:46:29.930+0000] {processor.py:161} INFO - Started process (PID=2045) to work on /opt/airflow/dags/feature_pipeline_dag.py
[2026-08-09T17:46:29.933+0000] {processor.py:830} INFO - Processing file /opt/airflow/dags/feature_pipeline_dag.py for tasks to queue
[2026-08-09T17:46:29.936+0000] {logging_mixin.py:188} INFO - [2026-08-09T17:46:29.935+0000] {dagbag.py:545} INFO - Filling up the DagBag from /opt/airflow/dags/feature_pipeline_dag.py
[2026-08-09T17:46:31.778+0000] {processor.py:840} INFO - DAG(s) 'feature_pipeline' retrieved from /opt/airflow/dags/feature_pipeline_dag.py
[2026-08-09T17:46:31.831+0000] {logging_mixin.py:188} INFO - [2026-08-09T17:46:31.831+0000] {dag.py:3089} INFO - Sync 1 DAGs
[2026-08-09T17:46:31.871+0000] {logging_mixin.py:188} INFO - [2026-08-09T17:46:31.870+0000] {dag.py:3947} INFO - Setting next_dagrun for feature_pipeline to 2026-08-09 17:00:00+00:00, run_after=2026-08-09 18:00:00+00:00
[2026-08-09T17:46:31.909+0000] {processor.py:183} INFO - Processing /opt/airflow/dags/feature_pipeline_dag.py took 2.002 seconds
[2026-08-09T17:47:02.388+0000] {processor.py:161} INFO - Started process (PID=2076) to work on /opt/airflow/dags/feature_pipeline_dag.py
[2026-08-09T17:47:02.391+0000] {processor.py:830} INFO - Processing file /opt/airflow/dags/feature_pipeline_dag.py for tasks to queue
[2026-08-09T17:47:02.394+0000] {logging_mixin.py:188} INFO - [2026-08-09T17:47:02.393+0000] {dagbag.py:545} INFO - Filling up the DagBag from /opt/airflow/dags/feature_pipeline_dag.py
[2026-08-09T17:47:04.085+0000] {processor.py:840} INFO - DAG(s) 'feature_pipeline' retrieved from /opt/airflow/dags/feature_pipeline_dag.py
[2026-08-09T17:47:04.543+0000] {logging_mixin.py:188} INFO - [2026-08-09T17:47:04.541+0000] {dag.py:3089} INFO - Sync 1 DAGs
[2026-08-09T17:47:04.593+0000] {logging_mixin.py:188} INFO - [2026-08-09T17:47:04.593+0000] {dag.py:3947} INFO - Setting next_dagrun for feature_pipeline to 2026-08-09 17:00:00+00:00, run_after=2026-08-09 18:00:00+00:00
[2026-08-09T17:47:04.633+0000] {processor.py:183} INFO - Processing /opt/airflow/dags/feature_pipeline_dag.py took 2.264 seconds
[2026-08-09T17:47:35.145+0000] {processor.py:161} INFO - Started process (PID=2107) to work on /opt/airflow/dags/feature_pipeline_dag.py
[2026-08-09T17:47:35.148+0000] {processor.py:830} INFO - Processing file /opt/airflow/dags/feature_pipeline_dag.py for tasks to queue
[2026-08-09T17:47:35.151+0000] {logging_mixin.py:188} INFO - [2026-08-09T17:47:35.150+0000] {dagbag.py:545} INFO - Filling up the DagBag from /opt/airflow/dags/feature_pipeline_dag.py
[2026-08-09T17:47:37.126+0000] {processor.py:840} INFO - DAG(s) 'feature_pipeline' retrieved from /opt/airflow/dags/feature_pipeline_dag.py
[2026-08-09T17:47:37.188+0000] {logging_mixin.py:188} INFO - [2026-08-09T17:47:37.187+0000] {dag.py:3089} INFO - Sync 1 DAGs
[2026-08-09T17:47:37.235+0000] {logging_mixin.py:188} INFO - [2026-08-09T17:47:37.235+0000] {dag.py:3947} INFO - Setting next_dagrun for feature_pipeline to 2026-08-09 17:00:00+00:00, run_after=2026-08-09 18:00:00+00:00
[2026-08-09T17:47:37.278+0000] {processor.py:183} INFO - Processing /opt/airflow/dags/feature_pipeline_dag.py took 2.154 seconds
[2026-08-09T17:48:07.814+0000] {processor.py:161} INFO - Started process (PID=2138) to work on /opt/airflow/dags/feature_pipeline_dag.py
[2026-08-09T17:48:07.817+0000] {processor.py:830} INFO - Processing file /opt/airflow/dags/feature_pipeline_dag.py for tasks to queue
[2026-08-09T17:48:07.819+0000] {logging_mixin.py:188} INFO - [2026-08-09T17:48:07.818+0000] {dagbag.py:545} INFO - Filling up the DagBag from /opt/airflow/dags/feature_pipeline_dag.py
[2026-08-09T17:48:09.130+0000] {processor.py:840} INFO - DAG(s) 'feature_pipeline' retrieved from /opt/airflow/dags/feature_pipeline_dag.py
[2026-08-09T17:48:09.180+0000] {logging_mixin.py:188} INFO - [2026-08-09T17:48:09.180+0000] {dag.py:3089} INFO - Sync 1 DAGs
[2026-08-09T17:48:09.460+0000] {logging_mixin.py:188} INFO - [2026-08-09T17:48:09.460+0000] {dag.py:3947} INFO - Setting next_dagrun for feature_pipeline to 2026-08-09 17:00:00+00:00, run_after=2026-08-09 18:00:00+00:00
[2026-08-09T17:48:09.494+0000] {processor.py:183} INFO - Processing /opt/airflow/dags/feature_pipeline_dag.py took 1.701 seconds
[2026-08-09T17:48:39.670+0000] {processor.py:161} INFO - Started process (PID=2166) to work on /opt/airflow/dags/feature_pipeline_dag.py
[2026-08-09T17:48:39.672+0000] {processor.py:830} INFO - Processing file /opt/airflow/dags/feature_pipeline_dag.py for tasks to queue
[2026-08-09T17:48:39.674+0000] {logging_mixin.py:188} INFO - [2026-08-09T17:48:39.673+0000] {dagbag.py:545} INFO - Filling up the DagBag from /opt/airflow/dags/feature_pipeline_dag.py
[2026-08-09T17:48:41.117+0000] {processor.py:840} INFO - DAG(s) 'feature_pipeline' retrieved from /opt/airflow/dags/feature_pipeline_dag.py
[2026-08-09T17:48:41.187+0000] {logging_mixin.py:188} INFO - [2026-08-09T17:48:41.186+0000] {dag.py:3089} INFO - Sync 1 DAGs
[2026-08-09T17:48:41.616+0000] {logging_mixin.py:188} INFO - [2026-08-09T17:48:41.616+0000] {dag.py:3947} INFO - Setting next_dagrun for feature_pipeline to 2026-08-09 17:00:00+00:00, run_after=2026-08-09 18:00:00+00:00
[2026-08-09T17:48:41.651+0000] {processor.py:183} INFO - Processing /opt/airflow/dags/feature_pipeline_dag.py took 2.003 seconds
[2026-08-09T17:49:12.066+0000] {processor.py:161} INFO - Started process (PID=2181) to work on /opt/airflow/dags/feature_pipeline_dag.py
[2026-08-09T17:49:12.069+0000] {processor.py:830} INFO - Processing file /opt/airflow/dags/feature_pipeline_dag.py for tasks to queue
[2026-08-09T17:49:12.071+0000] {logging_mixin.py:188} INFO - [2026-08-09T17:49:12.071+0000] {dagbag.py:545} INFO - Filling up the DagBag from /opt/airflow/dags/feature_pipeline_dag.py
[2026-08-09T17:49:13.679+0000] {processor.py:840} INFO - DAG(s) 'feature_pipeline' retrieved from /opt/airflow/dags/feature_pipeline_dag.py
[2026-08-09T17:49:14.124+0000] {logging_mixin.py:188} INFO - [2026-08-09T17:49:14.123+0000] {dag.py:3089} INFO - Sync 1 DAGs
[2026-08-09T17:49:14.168+0000] {logging_mixin.py:188} INFO - [2026-08-09T17:49:14.168+0000] {dag.py:3947} INFO - Setting next_dagrun for feature_pipeline to 2026-08-09 17:00:00+00:00, run_after=2026-08-09 18:00:00+00:00
[2026-08-09T17:49:14.209+0000] {processor.py:183} INFO - Processing /opt/airflow/dags/feature_pipeline_dag.py took 2.160 seconds
[2026-08-09T17:49:44.685+0000] {processor.py:161} INFO - Started process (PID=2212) to work on /opt/airflow/dags/feature_pipeline_dag.py
[2026-08-09T17:49:44.689+0000] {processor.py:830} INFO - Processing file /opt/airflow/dags/feature_pipeline_dag.py for tasks to queue
[2026-08-09T17:49:44.691+0000] {logging_mixin.py:188} INFO - [2026-08-09T17:49:44.690+0000] {dagbag.py:545} INFO - Filling up the DagBag from /opt/airflow/dags/feature_pipeline_dag.py
[2026-08-09T17:49:46.191+0000] {processor.py:840} INFO - DAG(s) 'feature_pipeline' retrieved from /opt/airflow/dags/feature_pipeline_dag.py
[2026-08-09T17:49:46.533+0000] {logging_mixin.py:188} INFO - [2026-08-09T17:49:46.532+0000] {dag.py:3089} INFO - Sync 1 DAGs
[2026-08-09T17:49:46.574+0000] {logging_mixin.py:188} INFO - [2026-08-09T17:49:46.573+0000] {dag.py:3947} INFO - Setting next_dagrun for feature_pipeline to 2026-08-09 17:00:00+00:00, run_after=2026-08-09 18:00:00+00:00
[2026-08-09T17:49:46.611+0000] {processor.py:183} INFO - Processing /opt/airflow/dags/feature_pipeline_dag.py took 1.973 seconds
[2026-08-09T17:50:16.931+0000] {processor.py:161} INFO - Started process (PID=2243) to work on /opt/airflow/dags/feature_pipeline_dag.py
[2026-08-09T17:50:16.933+0000] {processor.py:830} INFO - Processing file /opt/airflow/dags/feature_pipeline_dag.py for tasks to queue
[2026-08-09T17:50:16.936+0000] {logging_mixin.py:188} INFO - [2026-08-09T17:50:16.935+0000] {dagbag.py:545} INFO - Filling up the DagBag from /opt/airflow/dags/feature_pipeline_dag.py
[2026-08-09T17:50:18.760+0000] {processor.py:840} INFO - DAG(s) 'feature_pipeline' retrieved from /opt/airflow/dags/feature_pipeline_dag.py
[2026-08-09T17:50:18.806+0000] {logging_mixin.py:188} INFO - [2026-08-09T17:50:18.805+0000] {dag.py:3089} INFO - Sync 1 DAGs
[2026-08-09T17:50:18.845+0000] {logging_mixin.py:188} INFO - [2026-08-09T17:50:18.845+0000] {dag.py:3947} INFO - Setting next_dagrun for feature_pipeline to 2026-08-09 17:00:00+00:00, run_after=2026-08-09 18:00:00+00:00
[2026-08-09T17:50:18.895+0000] {processor.py:183} INFO - Processing /opt/airflow/dags/feature_pipeline_dag.py took 1.980 seconds
[2026-08-09T17:50:49.369+0000] {processor.py:161} INFO - Started process (PID=2274) to work on /opt/airflow/dags/feature_pipeline_dag.py
[2026-08-09T17:50:49.371+0000] {processor.py:830} INFO - Processing file /opt/airflow/dags/feature_pipeline_dag.py for tasks to queue
[2026-08-09T17:50:49.374+0000] {logging_mixin.py:188} INFO - [2026-08-09T17:50:49.373+0000] {dagbag.py:545} INFO - Filling up the DagBag from /opt/airflow/dags/feature_pipeline_dag.py
[2026-08-09T17:50:51.355+0000] {processor.py:840} INFO - DAG(s) 'feature_pipeline' retrieved from /opt/airflow/dags/feature_pipeline_dag.py
[2026-08-09T17:50:51.406+0000] {logging_mixin.py:188} INFO - [2026-08-09T17:50:51.406+0000] {dag.py:3089} INFO - Sync 1 DAGs
[2026-08-09T17:50:51.446+0000] {logging_mixin.py:188} INFO - [2026-08-09T17:50:51.445+0000] {dag.py:3947} INFO - Setting next_dagrun for feature_pipeline to 2026-08-09 17:00:00+00:00, run_after=2026-08-09 18:00:00+00:00
[2026-08-09T17:50:51.484+0000] {processor.py:183} INFO - Processing /opt/airflow/dags/feature_pipeline_dag.py took 2.134 seconds
[2026-08-09T17:51:22.517+0000] {processor.py:161} INFO - Started process (PID=2305) to work on /opt/airflow/dags/feature_pipeline_dag.py
[2026-08-09T17:51:22.519+0000] {processor.py:830} INFO - Processing file /opt/airflow/dags/feature_pipeline_dag.py for tasks to queue
[2026-08-09T17:51:22.522+0000] {logging_mixin.py:188} INFO - [2026-08-09T17:51:22.521+0000] {dagbag.py:545} INFO - Filling up the DagBag from /opt/airflow/dags/feature_pipeline_dag.py
[2026-08-09T17:51:24.052+0000] {processor.py:840} INFO - DAG(s) 'feature_pipeline' retrieved from /opt/airflow/dags/feature_pipeline_dag.py
[2026-08-09T17:51:24.106+0000] {logging_mixin.py:188} INFO - [2026-08-09T17:51:24.105+0000] {dag.py:3089} INFO - Sync 1 DAGs
[2026-08-09T17:51:24.471+0000] {logging_mixin.py:188} INFO - [2026-08-09T17:51:24.471+0000] {dag.py:3947} INFO - Setting next_dagrun for feature_pipeline to 2026-08-09 17:00:00+00:00, run_after=2026-08-09 18:00:00+00:00
[2026-08-09T17:51:24.532+0000] {processor.py:183} INFO - Processing /opt/airflow/dags/feature_pipeline_dag.py took 2.036 seconds
[2026-08-09T17:51:54.831+0000] {processor.py:161} INFO - Started process (PID=2333) to work on /opt/airflow/dags/feature_pipeline_dag.py
[2026-08-09T17:51:54.835+0000] {processor.py:830} INFO - Processing file /opt/airflow/dags/feature_pipeline_dag.py for tasks to queue
[2026-08-09T17:51:54.838+0000] {logging_mixin.py:188} INFO - [2026-08-09T17:51:54.837+0000] {dagbag.py:545} INFO - Filling up the DagBag from /opt/airflow/dags/feature_pipeline_dag.py
[2026-08-09T17:51:56.635+0000] {processor.py:840} INFO - DAG(s) 'feature_pipeline' retrieved from /opt/airflow/dags/feature_pipeline_dag.py
[2026-08-09T17:51:56.721+0000] {logging_mixin.py:188} INFO - [2026-08-09T17:51:56.720+0000] {dag.py:3089} INFO - Sync 1 DAGs
[2026-08-09T17:51:57.235+0000] {logging_mixin.py:188} INFO - [2026-08-09T17:51:57.234+0000] {dag.py:3947} INFO - Setting next_dagrun for feature_pipeline to 2026-08-09 17:00:00+00:00, run_after=2026-08-09 18:00:00+00:00
[2026-08-09T17:51:57.275+0000] {processor.py:183} INFO - Processing /opt/airflow/dags/feature_pipeline_dag.py took 2.470 seconds
[2026-08-09T17:52:28.351+0000] {processor.py:161} INFO - Started process (PID=2348) to work on /opt/airflow/dags/feature_pipeline_dag.py
[2026-08-09T17:52:28.353+0000] {processor.py:830} INFO - Processing file /opt/airflow/dags/feature_pipeline_dag.py for tasks to queue
[2026-08-09T17:52:28.356+0000] {logging_mixin.py:188} INFO - [2026-08-09T17:52:28.355+0000] {dagbag.py:545} INFO - Filling up the DagBag from /opt/airflow/dags/feature_pipeline_dag.py
[2026-08-09T17:52:30.081+0000] {processor.py:840} INFO - DAG(s) 'feature_pipeline' retrieved from /opt/airflow/dags/feature_pipeline_dag.py
[2026-08-09T17:52:30.133+0000] {logging_mixin.py:188} INFO - [2026-08-09T17:52:30.132+0000] {dag.py:3089} INFO - Sync 1 DAGs
[2026-08-09T17:52:30.172+0000] {logging_mixin.py:188} INFO - [2026-08-09T17:52:30.171+0000] {dag.py:3947} INFO - Setting next_dagrun for feature_pipeline to 2026-08-09 17:00:00+00:00, run_after=2026-08-09 18:00:00+00:00
[2026-08-09T17:52:30.210+0000] {processor.py:183} INFO - Processing /opt/airflow/dags/feature_pipeline_dag.py took 1.874 seconds
[2026-08-09T17:53:00.440+0000] {processor.py:161} INFO - Started process (PID=2379) to work on /opt/airflow/dags/feature_pipeline_dag.py
[2026-08-09T17:53:00.442+0000] {processor.py:830} INFO - Processing file /opt/airflow/dags/feature_pipeline_dag.py for tasks to queue
[2026-08-09T17:53:00.445+0000] {logging_mixin.py:188} INFO - [2026-08-09T17:53:00.444+0000] {dagbag.py:545} INFO - Filling up the DagBag from /opt/airflow/dags/feature_pipeline_dag.py
[2026-08-09T17:53:02.033+0000] {processor.py:840} INFO - DAG(s) 'feature_pipeline' retrieved from /opt/airflow/dags/feature_pipeline_dag.py
[2026-08-09T17:53:02.445+0000] {logging_mixin.py:188} INFO - [2026-08-09T17:53:02.445+0000] {dag.py:3089} INFO - Sync 1 DAGs
[2026-08-09T17:53:02.500+0000] {logging_mixin.py:188} INFO - [2026-08-09T17:53:02.499+0000] {dag.py:3947} INFO - Setting next_dagrun for feature_pipeline to 2026-08-09 17:00:00+00:00, run_after=2026-08-09 18:00:00+00:00
[2026-08-09T17:53:02.544+0000] {processor.py:183} INFO - Processing /opt/airflow/dags/feature_pipeline_dag.py took 2.129 seconds
[2026-08-09T17:53:33.006+0000] {processor.py:161} INFO - Started process (PID=2410) to work on /opt/airflow/dags/feature_pipeline_dag.py
[2026-08-09T17:53:33.008+0000] {processor.py:830} INFO - Processing file /opt/airflow/dags/feature_pipeline_dag.py for tasks to queue
[2026-08-09T17:53:33.011+0000] {logging_mixin.py:188} INFO - [2026-08-09T17:53:33.010+0000] {dagbag.py:545} INFO - Filling up the DagBag from /opt/airflow/dags/feature_pipeline_dag.py
[2026-08-09T17:53:34.737+0000] {processor.py:840} INFO - DAG(s) 'feature_pipeline' retrieved from /opt/airflow/dags/feature_pipeline_dag.py
[2026-08-09T17:53:34.805+0000] {logging_mixin.py:188} INFO - [2026-08-09T17:53:34.804+0000] {dag.py:3089} INFO - Sync 1 DAGs
[2026-08-09T17:53:34.849+0000] {logging_mixin.py:188} INFO - [2026-08-09T17:53:34.849+0000] {dag.py:3947} INFO - Setting next_dagrun for feature_pipeline to 2026-08-09 17:00:00+00:00, run_after=2026-08-09 18:00:00+00:00
[2026-08-09T17:53:34.887+0000] {processor.py:183} INFO - Processing /opt/airflow/dags/feature_pipeline_dag.py took 1.898 seconds
[2026-08-09T17:54:05.437+0000] {processor.py:161} INFO - Started process (PID=2441) to work on /opt/airflow/dags/feature_pipeline_dag.py
[2026-08-09T17:54:05.440+0000] {processor.py:830} INFO - Processing file /opt/airflow/dags/feature_pipeline_dag.py for tasks to queue
[2026-08-09T17:54:05.443+0000] {logging_mixin.py:188} INFO - [2026-08-09T17:54:05.442+0000] {dagbag.py:545} INFO - Filling up the DagBag from /opt/airflow/dags/feature_pipeline_dag.py
[2026-08-09T17:54:06.942+0000] {processor.py:840} INFO - DAG(s) 'feature_pipeline' retrieved from /opt/airflow/dags/feature_pipeline_dag.py
[2026-08-09T17:54:06.996+0000] {logging_mixin.py:188} INFO - [2026-08-09T17:54:06.995+0000] {dag.py:3089} INFO - Sync 1 DAGs
[2026-08-09T17:54:07.307+0000] {logging_mixin.py:188} INFO - [2026-08-09T17:54:07.307+0000] {dag.py:3947} INFO - Setting next_dagrun for feature_pipeline to 2026-08-09 17:00:00+00:00, run_after=2026-08-09 18:00:00+00:00
[2026-08-09T17:54:07.345+0000] {processor.py:183} INFO - Processing /opt/airflow/dags/feature_pipeline_dag.py took 1.927 seconds
[2026-08-09T17:54:38.093+0000] {processor.py:161} INFO - Started process (PID=2470) to work on /opt/airflow/dags/feature_pipeline_dag.py
[2026-08-09T17:54:38.097+0000] {processor.py:830} INFO - Processing file /opt/airflow/dags/feature_pipeline_dag.py for tasks to queue
[2026-08-09T17:54:38.100+0000] {logging_mixin.py:188} INFO - [2026-08-09T17:54:38.099+0000] {dagbag.py:545} INFO - Filling up the DagBag from /opt/airflow/dags/feature_pipeline_dag.py
[2026-08-09T17:54:39.635+0000] {processor.py:840} INFO - DAG(s) 'feature_pipeline' retrieved from /opt/airflow/dags/feature_pipeline_dag.py
[2026-08-09T17:54:39.717+0000] {logging_mixin.py:188} INFO - [2026-08-09T17:54:39.717+0000] {dag.py:3089} INFO - Sync 1 DAGs
[2026-08-09T17:54:40.063+0000] {logging_mixin.py:188} INFO - [2026-08-09T17:54:40.063+0000] {dag.py:3947} INFO - Setting next_dagrun for feature_pipeline to 2026-08-09 17:00:00+00:00, run_after=2026-08-09 18:00:00+00:00
[2026-08-09T17:54:40.100+0000] {processor.py:183} INFO - Processing /opt/airflow/dags/feature_pipeline_dag.py took 2.039 seconds
[2026-08-09T17:55:10.431+0000] {processor.py:161} INFO - Started process (PID=2488) to work on /opt/airflow/dags/feature_pipeline_dag.py
[2026-08-09T17:55:10.434+0000] {processor.py:830} INFO - Processing file /opt/airflow/dags/feature_pipeline_dag.py for tasks to queue
[2026-08-09T17:55:10.436+0000] {logging_mixin.py:188} INFO - [2026-08-09T17:55:10.436+0000] {dagbag.py:545} INFO - Filling up the DagBag from /opt/airflow/dags/feature_pipeline_dag.py
[2026-08-09T17:55:11.968+0000] {processor.py:840} INFO - DAG(s) 'feature_pipeline' retrieved from /opt/airflow/dags/feature_pipeline_dag.py
[2026-08-09T17:55:12.370+0000] {logging_mixin.py:188} INFO - [2026-08-09T17:55:12.369+0000] {dag.py:3089} INFO - Sync 1 DAGs
[2026-08-09T17:55:12.409+0000] {logging_mixin.py:188} INFO - [2026-08-09T17:55:12.408+0000] {dag.py:3947} INFO - Setting next_dagrun for feature_pipeline to 2026-08-09 17:00:00+00:00, run_after=2026-08-09 18:00:00+00:00
[2026-08-09T17:55:12.447+0000] {processor.py:183} INFO - Processing /opt/airflow/dags/feature_pipeline_dag.py took 2.036 seconds
[2026-08-09T17:55:42.776+0000] {processor.py:161} INFO - Started process (PID=2515) to work on /opt/airflow/dags/feature_pipeline_dag.py
[2026-08-09T17:55:42.778+0000] {processor.py:830} INFO - Processing file /opt/airflow/dags/feature_pipeline_dag.py for tasks to queue
[2026-08-09T17:55:42.781+0000] {logging_mixin.py:188} INFO - [2026-08-09T17:55:42.780+0000] {dagbag.py:545} INFO - Filling up the DagBag from /opt/airflow/dags/feature_pipeline_dag.py
[2026-08-09T17:55:44.393+0000] {processor.py:840} INFO - DAG(s) 'feature_pipeline' retrieved from /opt/airflow/dags/feature_pipeline_dag.py
[2026-08-09T17:55:44.451+0000] {logging_mixin.py:188} INFO - [2026-08-09T17:55:44.450+0000] {dag.py:3089} INFO - Sync 1 DAGs
[2026-08-09T17:55:44.492+0000] {logging_mixin.py:188} INFO - [2026-08-09T17:55:44.491+0000] {dag.py:3947} INFO - Setting next_dagrun for feature_pipeline to 2026-08-09 17:00:00+00:00, run_after=2026-08-09 18:00:00+00:00
[2026-08-09T17:55:44.528+0000] {processor.py:183} INFO - Processing /opt/airflow/dags/feature_pipeline_dag.py took 1.892 seconds
[2026-08-09T17:56:14.883+0000] {processor.py:161} INFO - Started process (PID=2546) to work on /opt/airflow/dags/feature_pipeline_dag.py
[2026-08-09T17:56:14.887+0000] {processor.py:830} INFO - Processing file /opt/airflow/dags/feature_pipeline_dag.py for tasks to queue
[2026-08-09T17:56:14.890+0000] {logging_mixin.py:188} INFO - [2026-08-09T17:56:14.889+0000] {dagbag.py:545} INFO - Filling up the DagBag from /opt/airflow/dags/feature_pipeline_dag.py
[2026-08-09T17:56:16.716+0000] {processor.py:840} INFO - DAG(s) 'feature_pipeline' retrieved from /opt/airflow/dags/feature_pipeline_dag.py
[2026-08-09T17:56:16.772+0000] {logging_mixin.py:188} INFO - [2026-08-09T17:56:16.771+0000] {dag.py:3089} INFO - Sync 1 DAGs
[2026-08-09T17:56:16.816+0000] {logging_mixin.py:188} INFO - [2026-08-09T17:56:16.815+0000] {dag.py:3947} INFO - Setting next_dagrun for feature_pipeline to 2026-08-09 17:00:00+00:00, run_after=2026-08-09 18:00:00+00:00
[2026-08-09T17:56:16.853+0000] {processor.py:183} INFO - Processing /opt/airflow/dags/feature_pipeline_dag.py took 1.989 seconds
[2026-08-09T17:56:47.449+0000] {processor.py:161} INFO - Started process (PID=2577) to work on /opt/airflow/dags/feature_pipeline_dag.py
[2026-08-09T17:56:47.451+0000] {processor.py:830} INFO - Processing file /opt/airflow/dags/feature_pipeline_dag.py for tasks to queue
[2026-08-09T17:56:47.453+0000] {logging_mixin.py:188} INFO - [2026-08-09T17:56:47.453+0000] {dagbag.py:545} INFO - Filling up the DagBag from /opt/airflow/dags/feature_pipeline_dag.py
[2026-08-09T17:56:49.443+0000] {processor.py:840} INFO - DAG(s) 'feature_pipeline' retrieved from /opt/airflow/dags/feature_pipeline_dag.py
[2026-08-09T17:56:49.496+0000] {logging_mixin.py:188} INFO - [2026-08-09T17:56:49.495+0000] {dag.py:3089} INFO - Sync 1 DAGs
[2026-08-09T17:56:49.542+0000] {logging_mixin.py:188} INFO - [2026-08-09T17:56:49.541+0000] {dag.py:3947} INFO - Setting next_dagrun for feature_pipeline to 2026-08-09 17:00:00+00:00, run_after=2026-08-09 18:00:00+00:00
[2026-08-09T17:56:49.583+0000] {processor.py:183} INFO - Processing /opt/airflow/dags/feature_pipeline_dag.py took 2.151 seconds
[2026-08-09T17:57:20.099+0000] {processor.py:161} INFO - Started process (PID=2608) to work on /opt/airflow/dags/feature_pipeline_dag.py
[2026-08-09T17:57:20.103+0000] {processor.py:830} INFO - Processing file /opt/airflow/dags/feature_pipeline_dag.py for tasks to queue
[2026-08-09T17:57:20.106+0000] {logging_mixin.py:188} INFO - [2026-08-09T17:57:20.105+0000] {dagbag.py:545} INFO - Filling up the DagBag from /opt/airflow/dags/feature_pipeline_dag.py
[2026-08-09T17:57:21.496+0000] {processor.py:840} INFO - DAG(s) 'feature_pipeline' retrieved from /opt/airflow/dags/feature_pipeline_dag.py
[2026-08-09T17:57:21.553+0000] {logging_mixin.py:188} INFO - [2026-08-09T17:57:21.552+0000] {dag.py:3089} INFO - Sync 1 DAGs
[2026-08-09T17:57:21.895+0000] {logging_mixin.py:188} INFO - [2026-08-09T17:57:21.894+0000] {dag.py:3947} INFO - Setting next_dagrun for feature_pipeline to 2026-08-09 17:00:00+00:00, run_after=2026-08-09 18:00:00+00:00
[2026-08-09T17:57:21.927+0000] {processor.py:183} INFO - Processing /opt/airflow/dags/feature_pipeline_dag.py took 1.847 seconds
[2026-08-09T17:57:52.290+0000] {processor.py:161} INFO - Started process (PID=2636) to work on /opt/airflow/dags/feature_pipeline_dag.py
[2026-08-09T17:57:52.293+0000] {processor.py:830} INFO - Processing file /opt/airflow/dags/feature_pipeline_dag.py for tasks to queue
[2026-08-09T17:57:52.296+0000] {logging_mixin.py:188} INFO - [2026-08-09T17:57:52.295+0000] {dagbag.py:545} INFO - Filling up the DagBag from /opt/airflow/dags/feature_pipeline_dag.py
[2026-08-09T17:57:53.827+0000] {processor.py:840} INFO - DAG(s) 'feature_pipeline' retrieved from /opt/airflow/dags/feature_pipeline_dag.py
[2026-08-09T17:57:53.895+0000] {logging_mixin.py:188} INFO - [2026-08-09T17:57:53.894+0000] {dag.py:3089} INFO - Sync 1 DAGs
[2026-08-09T17:57:54.273+0000] {logging_mixin.py:188} INFO - [2026-08-09T17:57:54.273+0000] {dag.py:3947} INFO - Setting next_dagrun for feature_pipeline to 2026-08-09 17:00:00+00:00, run_after=2026-08-09 18:00:00+00:00
[2026-08-09T17:57:54.312+0000] {processor.py:183} INFO - Processing /opt/airflow/dags/feature_pipeline_dag.py took 2.041 seconds
[2026-08-09T17:58:24.719+0000] {processor.py:161} INFO - Started process (PID=2651) to work on /opt/airflow/dags/feature_pipeline_dag.py
[2026-08-09T17:58:24.722+0000] {processor.py:830} INFO - Processing file /opt/airflow/dags/feature_pipeline_dag.py for tasks to queue
[2026-08-09T17:58:24.724+0000] {logging_mixin.py:188} INFO - [2026-08-09T17:58:24.724+0000] {dagbag.py:545} INFO - Filling up the DagBag from /opt/airflow/dags/feature_pipeline_dag.py
[2026-08-09T17:58:26.612+0000] {processor.py:840} INFO - DAG(s) 'feature_pipeline' retrieved from /opt/airflow/dags/feature_pipeline_dag.py
[2026-08-09T17:58:26.678+0000] {logging_mixin.py:188} INFO - [2026-08-09T17:58:26.677+0000] {dag.py:3089} INFO - Sync 1 DAGs
[2026-08-09T17:58:26.726+0000] {logging_mixin.py:188} INFO - [2026-08-09T17:58:26.724+0000] {dag.py:3947} INFO - Setting next_dagrun for feature_pipeline to 2026-08-09 17:00:00+00:00, run_after=2026-08-09 18:00:00+00:00
[2026-08-09T17:58:26.762+0000] {processor.py:183} INFO - Processing /opt/airflow/dags/feature_pipeline_dag.py took 2.066 seconds
[2026-08-09T17:58:57.256+0000] {processor.py:161} INFO - Started process (PID=2682) to work on /opt/airflow/dags/feature_pipeline_dag.py
[2026-08-09T17:58:57.258+0000] {processor.py:830} INFO - Processing file /opt/airflow/dags/feature_pipeline_dag.py for tasks to queue
[2026-08-09T17:58:57.261+0000] {logging_mixin.py:188} INFO - [2026-08-09T17:58:57.260+0000] {dagbag.py:545} INFO - Filling up the DagBag from /opt/airflow/dags/feature_pipeline_dag.py
[2026-08-09T17:58:58.751+0000] {processor.py:840} INFO - DAG(s) 'feature_pipeline' retrieved from /opt/airflow/dags/feature_pipeline_dag.py
[2026-08-09T17:58:59.174+0000] {logging_mixin.py:188} INFO - [2026-08-09T17:58:59.174+0000] {dag.py:3089} INFO - Sync 1 DAGs
[2026-08-09T17:58:59.212+0000] {logging_mixin.py:188} INFO - [2026-08-09T17:58:59.212+0000] {dag.py:3947} INFO - Setting next_dagrun for feature_pipeline to 2026-08-09 17:00:00+00:00, run_after=2026-08-09 18:00:00+00:00
[2026-08-09T17:58:59.249+0000] {processor.py:183} INFO - Processing /opt/airflow/dags/feature_pipeline_dag.py took 2.011 seconds
[2026-08-09T17:59:29.924+0000] {processor.py:161} INFO - Started process (PID=2713) to work on /opt/airflow/dags/feature_pipeline_dag.py
[2026-08-09T17:59:29.926+0000] {processor.py:830} INFO - Processing file /opt/airflow/dags/feature_pipeline_dag.py for tasks to queue
[2026-08-09T17:59:29.928+0000] {logging_mixin.py:188} INFO - [2026-08-09T17:59:29.928+0000] {dagbag.py:545} INFO - Filling up the DagBag from /opt/airflow/dags/feature_pipeline_dag.py
[2026-08-09T17:59:31.680+0000] {processor.py:840} INFO - DAG(s) 'feature_pipeline' retrieved from /opt/airflow/dags/feature_pipeline_dag.py
[2026-08-09T17:59:31.731+0000] {logging_mixin.py:188} INFO - [2026-08-09T17:59:31.730+0000] {dag.py:3089} INFO - Sync 1 DAGs
[2026-08-09T17:59:31.773+0000] {logging_mixin.py:188} INFO - [2026-08-09T17:59:31.772+0000] {dag.py:3947} INFO - Setting next_dagrun for feature_pipeline to 2026-08-09 17:00:00+00:00, run_after=2026-08-09 18:00:00+00:00
[2026-08-09T17:59:31.810+0000] {processor.py:183} INFO - Processing /opt/airflow/dags/feature_pipeline_dag.py took 1.904 seconds
[2026-08-09T18:00:02.239+0000] {processor.py:161} INFO - Started process (PID=2744) to work on /opt/airflow/dags/feature_pipeline_dag.py
[2026-08-09T18:00:02.242+0000] {processor.py:830} INFO - Processing file /opt/airflow/dags/feature_pipeline_dag.py for tasks to queue
[2026-08-09T18:00:02.244+0000] {logging_mixin.py:188} INFO - [2026-08-09T18:00:02.243+0000] {dagbag.py:545} INFO - Filling up the DagBag from /opt/airflow/dags/feature_pipeline_dag.py
[2026-08-09T18:00:04.068+0000] {processor.py:840} INFO - DAG(s) 'feature_pipeline' retrieved from /opt/airflow/dags/feature_pipeline_dag.py
[2026-08-09T18:00:04.123+0000] {logging_mixin.py:188} INFO - [2026-08-09T18:00:04.122+0000] {dag.py:3089} INFO - Sync 1 DAGs
[2026-08-09T18:00:04.167+0000] {logging_mixin.py:188} INFO - [2026-08-09T18:00:04.166+0000] {dag.py:3947} INFO - Setting next_dagrun for feature_pipeline to 2026-08-09 18:00:00+00:00, run_after=2026-08-09 19:00:00+00:00
[2026-08-09T18:00:04.205+0000] {processor.py:183} INFO - Processing /opt/airflow/dags/feature_pipeline_dag.py took 1.988 seconds
[2026-08-09T18:00:34.824+0000] {processor.py:161} INFO - Started process (PID=2778) to work on /opt/airflow/dags/feature_pipeline_dag.py
[2026-08-09T18:00:34.826+0000] {processor.py:830} INFO - Processing file /opt/airflow/dags/feature_pipeline_dag.py for tasks to queue
[2026-08-09T18:00:34.828+0000] {logging_mixin.py:188} INFO - [2026-08-09T18:00:34.827+0000] {dagbag.py:545} INFO - Filling up the DagBag from /opt/airflow/dags/feature_pipeline_dag.py
[2026-08-09T18:00:36.343+0000] {processor.py:840} INFO - DAG(s) 'feature_pipeline' retrieved from /opt/airflow/dags/feature_pipeline_dag.py
[2026-08-09T18:00:36.412+0000] {logging_mixin.py:188} INFO - [2026-08-09T18:00:36.412+0000] {dag.py:3089} INFO - Sync 1 DAGs
[2026-08-09T18:00:36.816+0000] {logging_mixin.py:188} INFO - [2026-08-09T18:00:36.816+0000] {dag.py:3947} INFO - Setting next_dagrun for feature_pipeline to 2026-08-09 18:00:00+00:00, run_after=2026-08-09 19:00:00+00:00
[2026-08-09T18:00:36.856+0000] {processor.py:183} INFO - Processing /opt/airflow/dags/feature_pipeline_dag.py took 2.051 seconds
[2026-08-09T18:01:08.059+0000] {processor.py:161} INFO - Started process (PID=2805) to work on /opt/airflow/dags/feature_pipeline_dag.py
[2026-08-09T18:01:08.069+0000] {processor.py:830} INFO - Processing file /opt/airflow/dags/feature_pipeline_dag.py for tasks to queue
[2026-08-09T18:01:08.086+0000] {logging_mixin.py:188} INFO - [2026-08-09T18:01:08.078+0000] {dagbag.py:545} INFO - Filling up the DagBag from /opt/airflow/dags/feature_pipeline_dag.py
[2026-08-09T18:01:17.925+0000] {processor.py:840} INFO - DAG(s) 'feature_pipeline' retrieved from /opt/airflow/dags/feature_pipeline_dag.py
[2026-08-09T18:01:23.657+0000] {logging_mixin.py:188} INFO - [2026-08-09T18:01:23.656+0000] {dag.py:3089} INFO - Sync 1 DAGs
[2026-08-09T18:01:23.766+0000] {logging_mixin.py:188} INFO - [2026-08-09T18:01:23.765+0000] {dag.py:3947} INFO - Setting next_dagrun for feature_pipeline to 2026-08-09 18:00:00+00:00, run_after=2026-08-09 19:00:00+00:00
[2026-08-09T18:01:23.869+0000] {processor.py:183} INFO - Processing /opt/airflow/dags/feature_pipeline_dag.py took 16.282 seconds
[2026-08-09T18:01:54.626+0000] {processor.py:161} INFO - Started process (PID=2908) to work on /opt/airflow/dags/feature_pipeline_dag.py
[2026-08-09T18:01:54.633+0000] {processor.py:830} INFO - Processing file /opt/airflow/dags/feature_pipeline_dag.py for tasks to queue
[2026-08-09T18:01:54.674+0000] {logging_mixin.py:188} INFO - [2026-08-09T18:01:54.643+0000] {dagbag.py:545} INFO - Filling up the DagBag from /opt/airflow/dags/feature_pipeline_dag.py
[2026-08-09T18:02:04.226+0000] {processor.py:840} INFO - DAG(s) 'feature_pipeline' retrieved from /opt/airflow/dags/feature_pipeline_dag.py
[2026-08-09T18:02:10.404+0000] {logging_mixin.py:188} INFO - [2026-08-09T18:02:10.403+0000] {dag.py:3089} INFO - Sync 1 DAGs
[2026-08-09T18:02:10.478+0000] {logging_mixin.py:188} INFO - [2026-08-09T18:02:10.477+0000] {dag.py:3947} INFO - Setting next_dagrun for feature_pipeline to 2026-08-09 18:00:00+00:00, run_after=2026-08-09 19:00:00+00:00
[2026-08-09T18:02:10.531+0000] {processor.py:183} INFO - Processing /opt/airflow/dags/feature_pipeline_dag.py took 16.228 seconds
[2026-08-09T18:02:41.171+0000] {processor.py:161} INFO - Started process (PID=2951) to work on /opt/airflow/dags/feature_pipeline_dag.py
[2026-08-09T18:02:41.173+0000] {processor.py:830} INFO - Processing file /opt/airflow/dags/feature_pipeline_dag.py for tasks to queue
[2026-08-09T18:02:41.176+0000] {logging_mixin.py:188} INFO - [2026-08-09T18:02:41.175+0000] {dagbag.py:545} INFO - Filling up the DagBag from /opt/airflow/dags/feature_pipeline_dag.py
[2026-08-09T18:02:43.107+0000] {processor.py:840} INFO - DAG(s) 'feature_pipeline' retrieved from /opt/airflow/dags/feature_pipeline_dag.py
[2026-08-09T18:02:43.157+0000] {logging_mixin.py:188} INFO - [2026-08-09T18:02:43.157+0000] {dag.py:3089} INFO - Sync 1 DAGs
[2026-08-09T18:02:43.198+0000] {logging_mixin.py:188} INFO - [2026-08-09T18:02:43.198+0000] {dag.py:3947} INFO - Setting next_dagrun for feature_pipeline to 2026-08-09 18:00:00+00:00, run_after=2026-08-09 19:00:00+00:00
[2026-08-09T18:02:43.239+0000] {processor.py:183} INFO - Processing /opt/airflow/dags/feature_pipeline_dag.py took 2.090 seconds
[2026-08-09T18:03:13.820+0000] {processor.py:161} INFO - Started process (PID=2979) to work on /opt/airflow/dags/feature_pipeline_dag.py
[2026-08-09T18:03:13.824+0000] {processor.py:830} INFO - Processing file /opt/airflow/dags/feature_pipeline_dag.py for tasks to queue
[2026-08-09T18:03:13.700+0000] {logging_mixin.py:188} INFO - [2026-08-09T18:03:13.699+0000] {dagbag.py:545} INFO - Filling up the DagBag from /opt/airflow/dags/feature_pipeline_dag.py
[2026-08-09T18:03:15.158+0000] {processor.py:840} INFO - DAG(s) 'feature_pipeline' retrieved from /opt/airflow/dags/feature_pipeline_dag.py
[2026-08-09T18:03:15.229+0000] {logging_mixin.py:188} INFO - [2026-08-09T18:03:15.228+0000] {dag.py:3089} INFO - Sync 1 DAGs
[2026-08-09T18:03:15.771+0000] {logging_mixin.py:188} INFO - [2026-08-09T18:03:15.771+0000] {dag.py:3947} INFO - Setting next_dagrun for feature_pipeline to 2026-08-09 18:00:00+00:00, run_after=2026-08-09 19:00:00+00:00
[2026-08-09T18:03:16.623+0000] {processor.py:183} INFO - Processing /opt/airflow/dags/feature_pipeline_dag.py took 2.955 seconds
[2026-08-09T18:03:47.255+0000] {processor.py:161} INFO - Started process (PID=2994) to work on /opt/airflow/dags/feature_pipeline_dag.py
[2026-08-09T18:03:47.260+0000] {processor.py:830} INFO - Processing file /opt/airflow/dags/feature_pipeline_dag.py for tasks to queue
[2026-08-09T18:03:47.263+0000] {logging_mixin.py:188} INFO - [2026-08-09T18:03:47.262+0000] {dagbag.py:545} INFO - Filling up the DagBag from /opt/airflow/dags/feature_pipeline_dag.py
[2026-08-09T18:03:50.901+0000] {processor.py:840} INFO - DAG(s) 'feature_pipeline' retrieved from /opt/airflow/dags/feature_pipeline_dag.py
[2026-08-09T18:03:50.975+0000] {logging_mixin.py:188} INFO - [2026-08-09T18:03:50.973+0000] {dag.py:3089} INFO - Sync 1 DAGs
[2026-08-09T18:03:51.490+0000] {logging_mixin.py:188} INFO - [2026-08-09T18:03:51.489+0000] {dag.py:3947} INFO - Setting next_dagrun for feature_pipeline to 2026-08-09 18:00:00+00:00, run_after=2026-08-09 19:00:00+00:00
[2026-08-09T18:03:51.544+0000] {processor.py:183} INFO - Processing /opt/airflow/dags/feature_pipeline_dag.py took 4.310 seconds
[2026-08-09T18:04:21.781+0000] {processor.py:161} INFO - Started process (PID=3049) to work on /opt/airflow/dags/feature_pipeline_dag.py
[2026-08-09T18:04:21.785+0000] {processor.py:830} INFO - Processing file /opt/airflow/dags/feature_pipeline_dag.py for tasks to queue
[2026-08-09T18:04:21.788+0000] {logging_mixin.py:188} INFO - [2026-08-09T18:04:21.787+0000] {dagbag.py:545} INFO - Filling up the DagBag from /opt/airflow/dags/feature_pipeline_dag.py
[2026-08-09T18:04:23.832+0000] {processor.py:840} INFO - DAG(s) 'feature_pipeline' retrieved from /opt/airflow/dags/feature_pipeline_dag.py
[2026-08-09T18:04:23.910+0000] {logging_mixin.py:188} INFO - [2026-08-09T18:04:23.909+0000] {dag.py:3089} INFO - Sync 1 DAGs
[2026-08-09T18:04:23.946+0000] {logging_mixin.py:188} INFO - [2026-08-09T18:04:23.946+0000] {dag.py:3947} INFO - Setting next_dagrun for feature_pipeline to 2026-08-09 18:00:00+00:00, run_after=2026-08-09 19:00:00+00:00
[2026-08-09T18:04:23.979+0000] {processor.py:183} INFO - Processing /opt/airflow/dags/feature_pipeline_dag.py took 2.215 seconds
[2026-08-09T18:04:54.431+0000] {processor.py:161} INFO - Started process (PID=3082) to work on /opt/airflow/dags/feature_pipeline_dag.py
[2026-08-09T18:04:54.434+0000] {processor.py:830} INFO - Processing file /opt/airflow/dags/feature_pipeline_dag.py for tasks to queue
[2026-08-09T18:04:54.436+0000] {logging_mixin.py:188} INFO - [2026-08-09T18:04:54.436+0000] {dagbag.py:545} INFO - Filling up the DagBag from /opt/airflow/dags/feature_pipeline_dag.py
[2026-08-09T18:04:56.372+0000] {processor.py:840} INFO - DAG(s) 'feature_pipeline' retrieved from /opt/airflow/dags/feature_pipeline_dag.py
[2026-08-09T18:04:56.424+0000] {logging_mixin.py:188} INFO - [2026-08-09T18:04:56.423+0000] {dag.py:3089} INFO - Sync 1 DAGs
[2026-08-09T18:04:56.468+0000] {logging_mixin.py:188} INFO - [2026-08-09T18:04:56.467+0000] {dag.py:3947} INFO - Setting next_dagrun for feature_pipeline to 2026-08-09 18:00:00+00:00, run_after=2026-08-09 19:00:00+00:00
[2026-08-09T18:04:56.510+0000] {processor.py:183} INFO - Processing /opt/airflow/dags/feature_pipeline_dag.py took 2.097 seconds
[2026-08-09T18:05:30.386+0000] {processor.py:161} INFO - Started process (PID=3119) to work on /opt/airflow/dags/feature_pipeline_dag.py
[2026-08-09T18:05:30.421+0000] {processor.py:830} INFO - Processing file /opt/airflow/dags/feature_pipeline_dag.py for tasks to queue
[2026-08-09T18:05:30.592+0000] {logging_mixin.py:188} INFO - [2026-08-09T18:05:30.454+0000] {dagbag.py:545} INFO - Filling up the DagBag from /opt/airflow/dags/feature_pipeline_dag.py
[2026-08-09T18:05:56.630+0000] {processor.py:840} INFO - DAG(s) 'feature_pipeline' retrieved from /opt/airflow/dags/feature_pipeline_dag.py
[2026-08-09T18:05:57.816+0000] {logging_mixin.py:188} INFO - [2026-08-09T18:05:57.811+0000] {dag.py:3089} INFO - Sync 1 DAGs
[2026-08-09T18:05:57.991+0000] {logging_mixin.py:188} INFO - [2026-08-09T18:05:57.991+0000] {dag.py:3947} INFO - Setting next_dagrun for feature_pipeline to 2026-08-09 18:00:00+00:00, run_after=2026-08-09 19:00:00+00:00
[2026-08-09T18:05:58.442+0000] {processor.py:183} INFO - Processing /opt/airflow/dags/feature_pipeline_dag.py took 30.791 seconds
[2026-08-09T18:06:29.303+0000] {processor.py:161} INFO - Started process (PID=3230) to work on /opt/airflow/dags/feature_pipeline_dag.py
[2026-08-09T18:06:29.327+0000] {processor.py:830} INFO - Processing file /opt/airflow/dags/feature_pipeline_dag.py for tasks to queue
[2026-08-09T18:06:29.339+0000] {logging_mixin.py:188} INFO - [2026-08-09T18:06:29.329+0000] {dagbag.py:545} INFO - Filling up the DagBag from /opt/airflow/dags/feature_pipeline_dag.py
[2026-08-09T18:06:46.229+0000] {processor.py:840} INFO - DAG(s) 'feature_pipeline' retrieved from /opt/airflow/dags/feature_pipeline_dag.py
[2026-08-09T18:06:48.667+0000] {logging_mixin.py:188} INFO - [2026-08-09T18:06:48.585+0000] {dag.py:3089} INFO - Sync 1 DAGs
[2026-08-09T18:06:48.783+0000] {logging_mixin.py:188} INFO - [2026-08-09T18:06:48.783+0000] {dag.py:3947} INFO - Setting next_dagrun for feature_pipeline to 2026-08-09 18:00:00+00:00, run_after=2026-08-09 19:00:00+00:00
[2026-08-09T18:06:48.901+0000] {processor.py:183} INFO - Processing /opt/airflow/dags/feature_pipeline_dag.py took 19.678 seconds
[2026-08-09T18:07:20.008+0000] {processor.py:161} INFO - Started process (PID=3242) to work on /opt/airflow/dags/feature_pipeline_dag.py
[2026-08-09T18:07:20.011+0000] {processor.py:830} INFO - Processing file /opt/airflow/dags/feature_pipeline_dag.py for tasks to queue
[2026-08-09T18:07:20.015+0000] {logging_mixin.py:188} INFO - [2026-08-09T18:07:20.013+0000] {dagbag.py:545} INFO - Filling up the DagBag from /opt/airflow/dags/feature_pipeline_dag.py
[2026-08-09T18:07:24.022+0000] {processor.py:840} INFO - DAG(s) 'feature_pipeline' retrieved from /opt/airflow/dags/feature_pipeline_dag.py
[2026-08-09T18:07:24.102+0000] {logging_mixin.py:188} INFO - [2026-08-09T18:07:24.101+0000] {dag.py:3089} INFO - Sync 1 DAGs
[2026-08-09T18:07:24.158+0000] {logging_mixin.py:188} INFO - [2026-08-09T18:07:24.157+0000] {dag.py:3947} INFO - Setting next_dagrun for feature_pipeline to 2026-08-09 18:00:00+00:00, run_after=2026-08-09 19:00:00+00:00
[2026-08-09T18:07:24.215+0000] {processor.py:183} INFO - Processing /opt/airflow/dags/feature_pipeline_dag.py took 4.283 seconds
[2026-08-09T18:07:55.283+0000] {processor.py:161} INFO - Started process (PID=3270) to work on /opt/airflow/dags/feature_pipeline_dag.py
[2026-08-09T18:07:55.294+0000] {processor.py:830} INFO - Processing file /opt/airflow/dags/feature_pipeline_dag.py for tasks to queue
[2026-08-09T18:07:55.312+0000] {logging_mixin.py:188} INFO - [2026-08-09T18:07:55.310+0000] {dagbag.py:545} INFO - Filling up the DagBag from /opt/airflow/dags/feature_pipeline_dag.py
[2026-08-09T18:08:08.332+0000] {processor.py:840} INFO - DAG(s) 'feature_pipeline' retrieved from /opt/airflow/dags/feature_pipeline_dag.py
[2026-08-09T18:08:09.322+0000] {logging_mixin.py:188} INFO - [2026-08-09T18:08:09.144+0000] {dag.py:3089} INFO - Sync 1 DAGs
[2026-08-09T18:08:09.646+0000] {logging_mixin.py:188} INFO - [2026-08-09T18:08:09.645+0000] {dag.py:3947} INFO - Setting next_dagrun for feature_pipeline to 2026-08-09 18:00:00+00:00, run_after=2026-08-09 19:00:00+00:00
[2026-08-09T18:08:09.856+0000] {processor.py:183} INFO - Processing /opt/airflow/dags/feature_pipeline_dag.py took 15.096 seconds
[2026-08-09T18:08:40.484+0000] {processor.py:161} INFO - Started process (PID=3284) to work on /opt/airflow/dags/feature_pipeline_dag.py
[2026-08-09T18:08:40.494+0000] {processor.py:830} INFO - Processing file /opt/airflow/dags/feature_pipeline_dag.py for tasks to queue
[2026-08-09T18:08:40.496+0000] {logging_mixin.py:188} INFO - [2026-08-09T18:08:40.495+0000] {dagbag.py:545} INFO - Filling up the DagBag from /opt/airflow/dags/feature_pipeline_dag.py
[2026-08-09T18:08:43.400+0000] {processor.py:840} INFO - DAG(s) 'feature_pipeline' retrieved from /opt/airflow/dags/feature_pipeline_dag.py
[2026-08-09T18:08:43.670+0000] {logging_mixin.py:188} INFO - [2026-08-09T18:08:43.669+0000] {dag.py:3089} INFO - Sync 1 DAGs
[2026-08-09T18:08:43.728+0000] {logging_mixin.py:188} INFO - [2026-08-09T18:08:43.726+0000] {dag.py:3947} INFO - Setting next_dagrun for feature_pipeline to 2026-08-09 18:00:00+00:00, run_after=2026-08-09 19:00:00+00:00
[2026-08-09T18:08:43.843+0000] {processor.py:183} INFO - Processing /opt/airflow/dags/feature_pipeline_dag.py took 3.387 seconds
[2026-08-09T18:09:15.567+0000] {processor.py:161} INFO - Started process (PID=3325) to work on /opt/airflow/dags/feature_pipeline_dag.py
[2026-08-09T18:09:15.617+0000] {processor.py:830} INFO - Processing file /opt/airflow/dags/feature_pipeline_dag.py for tasks to queue
[2026-08-09T18:09:15.681+0000] {logging_mixin.py:188} INFO - [2026-08-09T18:09:15.652+0000] {dagbag.py:545} INFO - Filling up the DagBag from /opt/airflow/dags/feature_pipeline_dag.py
[2026-08-09T18:09:26.733+0000] {processor.py:840} INFO - DAG(s) 'feature_pipeline' retrieved from /opt/airflow/dags/feature_pipeline_dag.py
[2026-08-09T18:09:26.796+0000] {logging_mixin.py:188} INFO - [2026-08-09T18:09:26.795+0000] {dag.py:3089} INFO - Sync 1 DAGs
[2026-08-09T18:09:26.868+0000] {logging_mixin.py:188} INFO - [2026-08-09T18:09:26.868+0000] {dag.py:3947} INFO - Setting next_dagrun for feature_pipeline to 2026-08-09 18:00:00+00:00, run_after=2026-08-09 19:00:00+00:00
[2026-08-09T18:09:26.930+0000] {processor.py:183} INFO - Processing /opt/airflow/dags/feature_pipeline_dag.py took 12.338 seconds
[2026-08-09T18:09:57.461+0000] {processor.py:161} INFO - Started process (PID=3339) to work on /opt/airflow/dags/feature_pipeline_dag.py
[2026-08-09T18:09:57.464+0000] {processor.py:830} INFO - Processing file /opt/airflow/dags/feature_pipeline_dag.py for tasks to queue
[2026-08-09T18:09:57.466+0000] {logging_mixin.py:188} INFO - [2026-08-09T18:09:57.465+0000] {dagbag.py:545} INFO - Filling up the DagBag from /opt/airflow/dags/feature_pipeline_dag.py
[2026-08-09T18:09:58.977+0000] {processor.py:840} INFO - DAG(s) 'feature_pipeline' retrieved from /opt/airflow/dags/feature_pipeline_dag.py
[2026-08-09T18:09:59.480+0000] {logging_mixin.py:188} INFO - [2026-08-09T18:09:59.479+0000] {dag.py:3089} INFO - Sync 1 DAGs
[2026-08-09T18:09:59.520+0000] {logging_mixin.py:188} INFO - [2026-08-09T18:09:59.520+0000] {dag.py:3947} INFO - Setting next_dagrun for feature_pipeline to 2026-08-09 18:00:00+00:00, run_after=2026-08-09 19:00:00+00:00
[2026-08-09T18:09:59.561+0000] {processor.py:183} INFO - Processing /opt/airflow/dags/feature_pipeline_dag.py took 2.119 seconds
[2026-08-09T18:10:29.884+0000] {processor.py:161} INFO - Started process (PID=3370) to work on /opt/airflow/dags/feature_pipeline_dag.py
[2026-08-09T18:10:29.886+0000] {processor.py:830} INFO - Processing file /opt/airflow/dags/feature_pipeline_dag.py for tasks to queue
[2026-08-09T18:10:29.889+0000] {logging_mixin.py:188} INFO - [2026-08-09T18:10:29.888+0000] {dagbag.py:545} INFO - Filling up the DagBag from /opt/airflow/dags/feature_pipeline_dag.py
[2026-08-09T18:10:33.292+0000] {processor.py:840} INFO - DAG(s) 'feature_pipeline' retrieved from /opt/airflow/dags/feature_pipeline_dag.py
[2026-08-09T18:10:33.458+0000] {logging_mixin.py:188} INFO - [2026-08-09T18:10:33.457+0000] {dag.py:3089} INFO - Sync 1 DAGs
[2026-08-09T18:10:33.660+0000] {logging_mixin.py:188} INFO - [2026-08-09T18:10:33.660+0000] {dag.py:3947} INFO - Setting next_dagrun for feature_pipeline to 2026-08-09 18:00:00+00:00, run_after=2026-08-09 19:00:00+00:00
[2026-08-09T18:10:33.723+0000] {processor.py:183} INFO - Processing /opt/airflow/dags/feature_pipeline_dag.py took 3.860 seconds
[2026-08-09T18:11:04.280+0000] {processor.py:161} INFO - Started process (PID=3399) to work on /opt/airflow/dags/feature_pipeline_dag.py
[2026-08-09T18:11:04.287+0000] {processor.py:830} INFO - Processing file /opt/airflow/dags/feature_pipeline_dag.py for tasks to queue
[2026-08-09T18:11:04.292+0000] {logging_mixin.py:188} INFO - [2026-08-09T18:11:04.291+0000] {dagbag.py:545} INFO - Filling up the DagBag from /opt/airflow/dags/feature_pipeline_dag.py
[2026-08-09T18:11:06.526+0000] {processor.py:840} INFO - DAG(s) 'feature_pipeline' retrieved from /opt/airflow/dags/feature_pipeline_dag.py
[2026-08-09T18:11:06.582+0000] {logging_mixin.py:188} INFO - [2026-08-09T18:11:06.581+0000] {dag.py:3089} INFO - Sync 1 DAGs
[2026-08-09T18:11:06.621+0000] {logging_mixin.py:188} INFO - [2026-08-09T18:11:06.621+0000] {dag.py:3947} INFO - Setting next_dagrun for feature_pipeline to 2026-08-09 18:00:00+00:00, run_after=2026-08-09 19:00:00+00:00
[2026-08-09T18:11:06.661+0000] {processor.py:183} INFO - Processing /opt/airflow/dags/feature_pipeline_dag.py took 2.444 seconds
[2026-08-09T18:11:37.027+0000] {processor.py:161} INFO - Started process (PID=3417) to work on /opt/airflow/dags/feature_pipeline_dag.py
[2026-08-09T18:11:37.030+0000] {processor.py:830} INFO - Processing file /opt/airflow/dags/feature_pipeline_dag.py for tasks to queue
[2026-08-09T18:11:37.033+0000] {logging_mixin.py:188} INFO - [2026-08-09T18:11:37.032+0000] {dagbag.py:545} INFO - Filling up the DagBag from /opt/airflow/dags/feature_pipeline_dag.py
[2026-08-09T18:11:39.107+0000] {processor.py:840} INFO - DAG(s) 'feature_pipeline' retrieved from /opt/airflow/dags/feature_pipeline_dag.py
[2026-08-09T18:11:39.164+0000] {logging_mixin.py:188} INFO - [2026-08-09T18:11:39.162+0000] {dag.py:3089} INFO - Sync 1 DAGs
[2026-08-09T18:11:39.213+0000] {logging_mixin.py:188} INFO - [2026-08-09T18:11:39.212+0000] {dag.py:3947} INFO - Setting next_dagrun for feature_pipeline to 2026-08-09 18:00:00+00:00, run_after=2026-08-09 19:00:00+00:00
[2026-08-09T18:11:39.263+0000] {processor.py:183} INFO - Processing /opt/airflow/dags/feature_pipeline_dag.py took 2.257 seconds
[2026-08-09T18:12:10.054+0000] {processor.py:161} INFO - Started process (PID=3444) to work on /opt/airflow/dags/feature_pipeline_dag.py
[2026-08-09T18:12:10.057+0000] {processor.py:830} INFO - Processing file /opt/airflow/dags/feature_pipeline_dag.py for tasks to queue
[2026-08-09T18:12:10.060+0000] {logging_mixin.py:188} INFO - [2026-08-09T18:12:10.058+0000] {dagbag.py:545} INFO - Filling up the DagBag from /opt/airflow/dags/feature_pipeline_dag.py
[2026-08-09T18:12:11.921+0000] {processor.py:840} INFO - DAG(s) 'feature_pipeline' retrieved from /opt/airflow/dags/feature_pipeline_dag.py
[2026-08-09T18:12:11.978+0000] {logging_mixin.py:188} INFO - [2026-08-09T18:12:11.977+0000] {dag.py:3089} INFO - Sync 1 DAGs
[2026-08-09T18:12:12.023+0000] {logging_mixin.py:188} INFO - [2026-08-09T18:12:12.023+0000] {dag.py:3947} INFO - Setting next_dagrun for feature_pipeline to 2026-08-09 18:00:00+00:00, run_after=2026-08-09 19:00:00+00:00
[2026-08-09T18:12:12.063+0000] {processor.py:183} INFO - Processing /opt/airflow/dags/feature_pipeline_dag.py took 2.032 seconds
[2026-08-09T18:12:42.860+0000] {processor.py:161} INFO - Started process (PID=3475) to work on /opt/airflow/dags/feature_pipeline_dag.py
[2026-08-09T18:12:42.866+0000] {processor.py:830} INFO - Processing file /opt/airflow/dags/feature_pipeline_dag.py for tasks to queue
[2026-08-09T18:12:42.869+0000] {logging_mixin.py:188} INFO - [2026-08-09T18:12:42.868+0000] {dagbag.py:545} INFO - Filling up the DagBag from /opt/airflow/dags/feature_pipeline_dag.py
[2026-08-09T18:12:44.943+0000] {processor.py:840} INFO - DAG(s) 'feature_pipeline' retrieved from /opt/airflow/dags/feature_pipeline_dag.py
[2026-08-09T18:12:44.998+0000] {logging_mixin.py:188} INFO - [2026-08-09T18:12:44.997+0000] {dag.py:3089} INFO - Sync 1 DAGs
[2026-08-09T18:12:45.037+0000] {logging_mixin.py:188} INFO - [2026-08-09T18:12:45.037+0000] {dag.py:3947} INFO - Setting next_dagrun for feature_pipeline to 2026-08-09 18:00:00+00:00, run_after=2026-08-09 19:00:00+00:00
[2026-08-09T18:12:45.077+0000] {processor.py:183} INFO - Processing /opt/airflow/dags/feature_pipeline_dag.py took 2.252 seconds
[2026-08-09T18:13:15.946+0000] {processor.py:161} INFO - Started process (PID=3507) to work on /opt/airflow/dags/feature_pipeline_dag.py
[2026-08-09T18:13:15.950+0000] {processor.py:830} INFO - Processing file /opt/airflow/dags/feature_pipeline_dag.py for tasks to queue
[2026-08-09T18:13:15.953+0000] {logging_mixin.py:188} INFO - [2026-08-09T18:13:15.952+0000] {dagbag.py:545} INFO - Filling up the DagBag from /opt/airflow/dags/feature_pipeline_dag.py
[2026-08-09T18:13:17.931+0000] {processor.py:840} INFO - DAG(s) 'feature_pipeline' retrieved from /opt/airflow/dags/feature_pipeline_dag.py
[2026-08-09T18:13:17.992+0000] {logging_mixin.py:188} INFO - [2026-08-09T18:13:17.991+0000] {dag.py:3089} INFO - Sync 1 DAGs
[2026-08-09T18:13:18.037+0000] {logging_mixin.py:188} INFO - [2026-08-09T18:13:18.037+0000] {dag.py:3947} INFO - Setting next_dagrun for feature_pipeline to 2026-08-09 18:00:00+00:00, run_after=2026-08-09 19:00:00+00:00
[2026-08-09T18:13:18.077+0000] {processor.py:183} INFO - Processing /opt/airflow/dags/feature_pipeline_dag.py took 2.158 seconds
[2026-08-09T18:13:48.782+0000] {processor.py:161} INFO - Started process (PID=3538) to work on /opt/airflow/dags/feature_pipeline_dag.py
[2026-08-09T18:13:48.786+0000] {processor.py:830} INFO - Processing file /opt/airflow/dags/feature_pipeline_dag.py for tasks to queue
[2026-08-09T18:13:48.799+0000] {logging_mixin.py:188} INFO - [2026-08-09T18:13:48.792+0000] {dagbag.py:545} INFO - Filling up the DagBag from /opt/airflow/dags/feature_pipeline_dag.py
[2026-08-09T18:13:53.642+0000] {processor.py:840} INFO - DAG(s) 'feature_pipeline' retrieved from /opt/airflow/dags/feature_pipeline_dag.py
[2026-08-09T18:13:53.702+0000] {logging_mixin.py:188} INFO - [2026-08-09T18:13:53.700+0000] {dag.py:3089} INFO - Sync 1 DAGs
[2026-08-09T18:13:53.760+0000] {logging_mixin.py:188} INFO - [2026-08-09T18:13:53.760+0000] {dag.py:3947} INFO - Setting next_dagrun for feature_pipeline to 2026-08-09 18:00:00+00:00, run_after=2026-08-09 19:00:00+00:00
[2026-08-09T18:13:53.818+0000] {processor.py:183} INFO - Processing /opt/airflow/dags/feature_pipeline_dag.py took 5.460 seconds
[2026-08-09T18:14:25.180+0000] {processor.py:161} INFO - Started process (PID=3567) to work on /opt/airflow/dags/feature_pipeline_dag.py
[2026-08-09T18:14:25.183+0000] {processor.py:830} INFO - Processing file /opt/airflow/dags/feature_pipeline_dag.py for tasks to queue
[2026-08-09T18:14:25.210+0000] {logging_mixin.py:188} INFO - [2026-08-09T18:14:25.209+0000] {dagbag.py:545} INFO - Filling up the DagBag from /opt/airflow/dags/feature_pipeline_dag.py
[2026-08-09T18:15:12.260+0000] {logging_mixin.py:188} INFO - [2026-08-09T18:15:12.257+0000] {timeout.py:68} ERROR - Process timed out, PID: 3567
[2026-08-09T18:15:12.285+0000] {logging_mixin.py:188} WARNING - Exception ignored in: <function WeakKeyDictionary.__init__.<locals>.remove at 0x736169268cc0>
[2026-08-09T18:15:12.332+0000] {logging_mixin.py:188} WARNING - Traceback (most recent call last):
[2026-08-09T18:15:12.352+0000] {logging_mixin.py:188} WARNING -   File "/usr/local/lib/python3.11/weakref.py", line 369, in remove
[2026-08-09T18:15:12.423+0000] {logging_mixin.py:188} WARNING -     def remove(k, selfref=ref(self)):
[2026-08-09T18:15:12.442+0000] {logging_mixin.py:188} WARNING -   File "/home/airflow/.local/lib/python3.11/site-packages/airflow/utils/timeout.py", line 69, in handle_timeout
[2026-08-09T18:15:12.464+0000] {logging_mixin.py:188} WARNING -     raise AirflowTaskTimeout(self.error_message)
[2026-08-09T18:15:12.467+0000] {logging_mixin.py:188} WARNING - airflow.exceptions.AirflowTaskTimeout: DagBag import timeout for /opt/airflow/dags/feature_pipeline_dag.py after 30.0s.
Please take a look at these docs to improve your DAG import time:
* https://airflow.apache.org/docs/apache-airflow/2.9.3/best-practices.html#top-level-python-code
* https://airflow.apache.org/docs/apache-airflow/2.9.3/best-practices.html#reducing-dag-complexity, PID: 3567
[2026-08-09T18:15:14.132+0000] {processor.py:840} INFO - DAG(s) 'feature_pipeline' retrieved from /opt/airflow/dags/feature_pipeline_dag.py
[2026-08-09T18:15:45.872+0000] {processor.py:161} INFO - Started process (PID=3658) to work on /opt/airflow/dags/feature_pipeline_dag.py
[2026-08-09T18:15:45.875+0000] {processor.py:830} INFO - Processing file /opt/airflow/dags/feature_pipeline_dag.py for tasks to queue
[2026-08-09T18:15:45.878+0000] {logging_mixin.py:188} INFO - [2026-08-09T18:15:45.877+0000] {dagbag.py:545} INFO - Filling up the DagBag from /opt/airflow/dags/feature_pipeline_dag.py
[2026-08-09T18:15:47.676+0000] {processor.py:840} INFO - DAG(s) 'feature_pipeline' retrieved from /opt/airflow/dags/feature_pipeline_dag.py
[2026-08-09T18:15:47.895+0000] {logging_mixin.py:188} INFO - [2026-08-09T18:15:47.894+0000] {dag.py:3089} INFO - Sync 1 DAGs
[2026-08-09T18:15:47.936+0000] {logging_mixin.py:188} INFO - [2026-08-09T18:15:47.936+0000] {dag.py:3947} INFO - Setting next_dagrun for feature_pipeline to 2026-08-09 18:00:00+00:00, run_after=2026-08-09 19:00:00+00:00
[2026-08-09T18:15:47.977+0000] {processor.py:183} INFO - Processing /opt/airflow/dags/feature_pipeline_dag.py took 2.125 seconds
[2026-08-09T18:16:18.418+0000] {processor.py:161} INFO - Started process (PID=3685) to work on /opt/airflow/dags/feature_pipeline_dag.py
[2026-08-09T18:16:18.421+0000] {processor.py:830} INFO - Processing file /opt/airflow/dags/feature_pipeline_dag.py for tasks to queue
[2026-08-09T18:16:18.425+0000] {logging_mixin.py:188} INFO - [2026-08-09T18:16:18.422+0000] {dagbag.py:545} INFO - Filling up the DagBag from /opt/airflow/dags/feature_pipeline_dag.py
[2026-08-09T18:16:21.553+0000] {processor.py:840} INFO - DAG(s) 'feature_pipeline' retrieved from /opt/airflow/dags/feature_pipeline_dag.py
[2026-08-09T18:16:21.605+0000] {logging_mixin.py:188} INFO - [2026-08-09T18:16:21.604+0000] {dag.py:3089} INFO - Sync 1 DAGs
[2026-08-09T18:16:21.676+0000] {logging_mixin.py:188} INFO - [2026-08-09T18:16:21.675+0000] {dag.py:3947} INFO - Setting next_dagrun for feature_pipeline to 2026-08-09 18:00:00+00:00, run_after=2026-08-09 19:00:00+00:00
[2026-08-09T18:16:21.712+0000] {processor.py:183} INFO - Processing /opt/airflow/dags/feature_pipeline_dag.py took 3.316 seconds
[2026-08-09T18:16:52.244+0000] {processor.py:161} INFO - Started process (PID=3713) to work on /opt/airflow/dags/feature_pipeline_dag.py
[2026-08-09T18:16:52.258+0000] {processor.py:830} INFO - Processing file /opt/airflow/dags/feature_pipeline_dag.py for tasks to queue
[2026-08-09T18:16:52.261+0000] {logging_mixin.py:188} INFO - [2026-08-09T18:16:52.260+0000] {dagbag.py:545} INFO - Filling up the DagBag from /opt/airflow/dags/feature_pipeline_dag.py
[2026-08-09T18:16:54.904+0000] {processor.py:840} INFO - DAG(s) 'feature_pipeline' retrieved from /opt/airflow/dags/feature_pipeline_dag.py
[2026-08-09T18:16:55.403+0000] {logging_mixin.py:188} INFO - [2026-08-09T18:16:55.402+0000] {dag.py:3089} INFO - Sync 1 DAGs
[2026-08-09T18:16:55.464+0000] {logging_mixin.py:188} INFO - [2026-08-09T18:16:55.464+0000] {dag.py:3947} INFO - Setting next_dagrun for feature_pipeline to 2026-08-09 18:00:00+00:00, run_after=2026-08-09 19:00:00+00:00
[2026-08-09T18:16:55.504+0000] {processor.py:183} INFO - Processing /opt/airflow/dags/feature_pipeline_dag.py took 3.297 seconds
[2026-08-09T18:17:25.948+0000] {processor.py:161} INFO - Started process (PID=3728) to work on /opt/airflow/dags/feature_pipeline_dag.py
[2026-08-09T18:17:25.951+0000] {processor.py:830} INFO - Processing file /opt/airflow/dags/feature_pipeline_dag.py for tasks to queue
[2026-08-09T18:17:25.954+0000] {logging_mixin.py:188} INFO - [2026-08-09T18:17:25.953+0000] {dagbag.py:545} INFO - Filling up the DagBag from /opt/airflow/dags/feature_pipeline_dag.py
[2026-08-09T18:17:27.920+0000] {processor.py:840} INFO - DAG(s) 'feature_pipeline' retrieved from /opt/airflow/dags/feature_pipeline_dag.py
[2026-08-09T18:17:27.971+0000] {logging_mixin.py:188} INFO - [2026-08-09T18:17:27.970+0000] {dag.py:3089} INFO - Sync 1 DAGs
[2026-08-09T18:17:28.013+0000] {logging_mixin.py:188} INFO - [2026-08-09T18:17:28.012+0000] {dag.py:3947} INFO - Setting next_dagrun for feature_pipeline to 2026-08-09 18:00:00+00:00, run_after=2026-08-09 19:00:00+00:00
[2026-08-09T18:17:28.052+0000] {processor.py:183} INFO - Processing /opt/airflow/dags/feature_pipeline_dag.py took 2.123 seconds
[2026-08-09T18:17:58.254+0000] {processor.py:161} INFO - Started process (PID=3783) to work on /opt/airflow/dags/feature_pipeline_dag.py
[2026-08-09T18:17:58.256+0000] {processor.py:830} INFO - Processing file /opt/airflow/dags/feature_pipeline_dag.py for tasks to queue
[2026-08-09T18:17:58.259+0000] {logging_mixin.py:188} INFO - [2026-08-09T18:17:58.258+0000] {dagbag.py:545} INFO - Filling up the DagBag from /opt/airflow/dags/feature_pipeline_dag.py
[2026-08-09T18:18:01.769+0000] {processor.py:840} INFO - DAG(s) 'feature_pipeline' retrieved from /opt/airflow/dags/feature_pipeline_dag.py
[2026-08-09T18:18:01.829+0000] {logging_mixin.py:188} INFO - [2026-08-09T18:18:01.828+0000] {dag.py:3089} INFO - Sync 1 DAGs
[2026-08-09T18:18:01.872+0000] {logging_mixin.py:188} INFO - [2026-08-09T18:18:01.872+0000] {dag.py:3947} INFO - Setting next_dagrun for feature_pipeline to 2026-08-09 18:00:00+00:00, run_after=2026-08-09 19:00:00+00:00
[2026-08-09T18:18:01.909+0000] {processor.py:183} INFO - Processing /opt/airflow/dags/feature_pipeline_dag.py took 3.685 seconds
[2026-08-09T18:18:32.491+0000] {processor.py:161} INFO - Started process (PID=3812) to work on /opt/airflow/dags/feature_pipeline_dag.py
[2026-08-09T18:18:32.494+0000] {processor.py:830} INFO - Processing file /opt/airflow/dags/feature_pipeline_dag.py for tasks to queue
[2026-08-09T18:18:32.496+0000] {logging_mixin.py:188} INFO - [2026-08-09T18:18:32.495+0000] {dagbag.py:545} INFO - Filling up the DagBag from /opt/airflow/dags/feature_pipeline_dag.py
[2026-08-09T18:18:34.263+0000] {processor.py:840} INFO - DAG(s) 'feature_pipeline' retrieved from /opt/airflow/dags/feature_pipeline_dag.py
[2026-08-09T18:18:34.312+0000] {logging_mixin.py:188} INFO - [2026-08-09T18:18:34.311+0000] {dag.py:3089} INFO - Sync 1 DAGs
[2026-08-09T18:18:34.353+0000] {logging_mixin.py:188} INFO - [2026-08-09T18:18:34.352+0000] {dag.py:3947} INFO - Setting next_dagrun for feature_pipeline to 2026-08-09 18:00:00+00:00, run_after=2026-08-09 19:00:00+00:00
[2026-08-09T18:18:34.388+0000] {processor.py:183} INFO - Processing /opt/airflow/dags/feature_pipeline_dag.py took 1.918 seconds
[2026-08-09T18:19:05.353+0000] {processor.py:161} INFO - Started process (PID=3830) to work on /opt/airflow/dags/feature_pipeline_dag.py
[2026-08-09T18:19:05.356+0000] {processor.py:830} INFO - Processing file /opt/airflow/dags/feature_pipeline_dag.py for tasks to queue
[2026-08-09T18:19:05.359+0000] {logging_mixin.py:188} INFO - [2026-08-09T18:19:05.358+0000] {dagbag.py:545} INFO - Filling up the DagBag from /opt/airflow/dags/feature_pipeline_dag.py
[2026-08-09T18:19:07.393+0000] {processor.py:840} INFO - DAG(s) 'feature_pipeline' retrieved from /opt/airflow/dags/feature_pipeline_dag.py
[2026-08-09T18:19:07.454+0000] {logging_mixin.py:188} INFO - [2026-08-09T18:19:07.453+0000] {dag.py:3089} INFO - Sync 1 DAGs
[2026-08-09T18:19:07.501+0000] {logging_mixin.py:188} INFO - [2026-08-09T18:19:07.501+0000] {dag.py:3947} INFO - Setting next_dagrun for feature_pipeline to 2026-08-09 18:00:00+00:00, run_after=2026-08-09 19:00:00+00:00
[2026-08-09T18:19:07.538+0000] {processor.py:183} INFO - Processing /opt/airflow/dags/feature_pipeline_dag.py took 2.210 seconds
[2026-08-09T18:19:37.859+0000] {processor.py:161} INFO - Started process (PID=3857) to work on /opt/airflow/dags/feature_pipeline_dag.py
[2026-08-09T18:19:37.861+0000] {processor.py:830} INFO - Processing file /opt/airflow/dags/feature_pipeline_dag.py for tasks to queue
[2026-08-09T18:19:37.864+0000] {logging_mixin.py:188} INFO - [2026-08-09T18:19:37.863+0000] {dagbag.py:545} INFO - Filling up the DagBag from /opt/airflow/dags/feature_pipeline_dag.py
[2026-08-09T18:19:39.535+0000] {processor.py:840} INFO - DAG(s) 'feature_pipeline' retrieved from /opt/airflow/dags/feature_pipeline_dag.py
[2026-08-09T18:19:39.590+0000] {logging_mixin.py:188} INFO - [2026-08-09T18:19:39.589+0000] {dag.py:3089} INFO - Sync 1 DAGs
[2026-08-09T18:19:39.626+0000] {logging_mixin.py:188} INFO - [2026-08-09T18:19:39.626+0000] {dag.py:3947} INFO - Setting next_dagrun for feature_pipeline to 2026-08-09 18:00:00+00:00, run_after=2026-08-09 19:00:00+00:00
[2026-08-09T18:19:39.661+0000] {processor.py:183} INFO - Processing /opt/airflow/dags/feature_pipeline_dag.py took 1.821 seconds
[2026-08-09T18:20:10.346+0000] {processor.py:161} INFO - Started process (PID=3888) to work on /opt/airflow/dags/feature_pipeline_dag.py
[2026-08-09T18:20:10.349+0000] {processor.py:830} INFO - Processing file /opt/airflow/dags/feature_pipeline_dag.py for tasks to queue
[2026-08-09T18:20:10.351+0000] {logging_mixin.py:188} INFO - [2026-08-09T18:20:10.350+0000] {dagbag.py:545} INFO - Filling up the DagBag from /opt/airflow/dags/feature_pipeline_dag.py
[2026-08-09T18:20:12.310+0000] {processor.py:840} INFO - DAG(s) 'feature_pipeline' retrieved from /opt/airflow/dags/feature_pipeline_dag.py
[2026-08-09T18:20:12.360+0000] {logging_mixin.py:188} INFO - [2026-08-09T18:20:12.359+0000] {dag.py:3089} INFO - Sync 1 DAGs
[2026-08-09T18:20:12.396+0000] {logging_mixin.py:188} INFO - [2026-08-09T18:20:12.396+0000] {dag.py:3947} INFO - Setting next_dagrun for feature_pipeline to 2026-08-09 18:00:00+00:00, run_after=2026-08-09 19:00:00+00:00
[2026-08-09T18:20:12.431+0000] {processor.py:183} INFO - Processing /opt/airflow/dags/feature_pipeline_dag.py took 2.109 seconds
[2026-08-09T18:20:43.173+0000] {processor.py:161} INFO - Started process (PID=3919) to work on /opt/airflow/dags/feature_pipeline_dag.py
[2026-08-09T18:20:43.175+0000] {processor.py:830} INFO - Processing file /opt/airflow/dags/feature_pipeline_dag.py for tasks to queue
[2026-08-09T18:20:43.178+0000] {logging_mixin.py:188} INFO - [2026-08-09T18:20:43.177+0000] {dagbag.py:545} INFO - Filling up the DagBag from /opt/airflow/dags/feature_pipeline_dag.py
[2026-08-09T18:20:45.264+0000] {processor.py:840} INFO - DAG(s) 'feature_pipeline' retrieved from /opt/airflow/dags/feature_pipeline_dag.py
[2026-08-09T18:20:45.313+0000] {logging_mixin.py:188} INFO - [2026-08-09T18:20:45.313+0000] {dag.py:3089} INFO - Sync 1 DAGs
[2026-08-09T18:20:45.348+0000] {logging_mixin.py:188} INFO - [2026-08-09T18:20:45.348+0000] {dag.py:3947} INFO - Setting next_dagrun for feature_pipeline to 2026-08-09 18:00:00+00:00, run_after=2026-08-09 19:00:00+00:00
[2026-08-09T18:20:45.387+0000] {processor.py:183} INFO - Processing /opt/airflow/dags/feature_pipeline_dag.py took 2.095 seconds
[2026-08-09T18:21:16.321+0000] {processor.py:161} INFO - Started process (PID=3950) to work on /opt/airflow/dags/feature_pipeline_dag.py
[2026-08-09T18:21:16.324+0000] {processor.py:830} INFO - Processing file /opt/airflow/dags/feature_pipeline_dag.py for tasks to queue
[2026-08-09T18:21:16.326+0000] {logging_mixin.py:188} INFO - [2026-08-09T18:21:16.325+0000] {dagbag.py:545} INFO - Filling up the DagBag from /opt/airflow/dags/feature_pipeline_dag.py
[2026-08-09T18:21:18.168+0000] {processor.py:840} INFO - DAG(s) 'feature_pipeline' retrieved from /opt/airflow/dags/feature_pipeline_dag.py
[2026-08-09T18:21:18.219+0000] {logging_mixin.py:188} INFO - [2026-08-09T18:21:18.218+0000] {dag.py:3089} INFO - Sync 1 DAGs
[2026-08-09T18:21:18.259+0000] {logging_mixin.py:188} INFO - [2026-08-09T18:21:18.258+0000] {dag.py:3947} INFO - Setting next_dagrun for feature_pipeline to 2026-08-09 18:00:00+00:00, run_after=2026-08-09 19:00:00+00:00
[2026-08-09T18:21:18.296+0000] {processor.py:183} INFO - Processing /opt/airflow/dags/feature_pipeline_dag.py took 1.994 seconds
[2026-08-09T18:21:49.026+0000] {processor.py:161} INFO - Started process (PID=3979) to work on /opt/airflow/dags/feature_pipeline_dag.py
[2026-08-09T18:21:49.028+0000] {processor.py:830} INFO - Processing file /opt/airflow/dags/feature_pipeline_dag.py for tasks to queue
[2026-08-09T18:21:49.031+0000] {logging_mixin.py:188} INFO - [2026-08-09T18:21:49.030+0000] {dagbag.py:545} INFO - Filling up the DagBag from /opt/airflow/dags/feature_pipeline_dag.py
[2026-08-09T18:21:50.900+0000] {processor.py:840} INFO - DAG(s) 'feature_pipeline' retrieved from /opt/airflow/dags/feature_pipeline_dag.py
[2026-08-09T18:21:50.945+0000] {logging_mixin.py:188} INFO - [2026-08-09T18:21:50.944+0000] {dag.py:3089} INFO - Sync 1 DAGs
[2026-08-09T18:21:50.982+0000] {logging_mixin.py:188} INFO - [2026-08-09T18:21:50.982+0000] {dag.py:3947} INFO - Setting next_dagrun for feature_pipeline to 2026-08-09 18:00:00+00:00, run_after=2026-08-09 19:00:00+00:00
[2026-08-09T18:21:51.013+0000] {processor.py:183} INFO - Processing /opt/airflow/dags/feature_pipeline_dag.py took 2.014 seconds
[2026-08-09T18:22:21.400+0000] {processor.py:161} INFO - Started process (PID=3996) to work on /opt/airflow/dags/feature_pipeline_dag.py
[2026-08-09T18:22:21.403+0000] {processor.py:830} INFO - Processing file /opt/airflow/dags/feature_pipeline_dag.py for tasks to queue
[2026-08-09T18:22:21.406+0000] {logging_mixin.py:188} INFO - [2026-08-09T18:22:21.405+0000] {dagbag.py:545} INFO - Filling up the DagBag from /opt/airflow/dags/feature_pipeline_dag.py
[2026-08-09T18:22:23.334+0000] {processor.py:840} INFO - DAG(s) 'feature_pipeline' retrieved from /opt/airflow/dags/feature_pipeline_dag.py
[2026-08-09T18:22:23.403+0000] {logging_mixin.py:188} INFO - [2026-08-09T18:22:23.402+0000] {dag.py:3089} INFO - Sync 1 DAGs
[2026-08-09T18:22:23.446+0000] {logging_mixin.py:188} INFO - [2026-08-09T18:22:23.446+0000] {dag.py:3947} INFO - Setting next_dagrun for feature_pipeline to 2026-08-09 18:00:00+00:00, run_after=2026-08-09 19:00:00+00:00
[2026-08-09T18:22:23.488+0000] {processor.py:183} INFO - Processing /opt/airflow/dags/feature_pipeline_dag.py took 2.106 seconds
[2026-08-09T18:22:54.017+0000] {processor.py:161} INFO - Started process (PID=4024) to work on /opt/airflow/dags/feature_pipeline_dag.py
[2026-08-09T18:22:54.020+0000] {processor.py:830} INFO - Processing file /opt/airflow/dags/feature_pipeline_dag.py for tasks to queue
[2026-08-09T18:22:54.023+0000] {logging_mixin.py:188} INFO - [2026-08-09T18:22:54.022+0000] {dagbag.py:545} INFO - Filling up the DagBag from /opt/airflow/dags/feature_pipeline_dag.py
[2026-08-09T18:22:55.896+0000] {processor.py:840} INFO - DAG(s) 'feature_pipeline' retrieved from /opt/airflow/dags/feature_pipeline_dag.py
[2026-08-09T18:22:55.946+0000] {logging_mixin.py:188} INFO - [2026-08-09T18:22:55.946+0000] {dag.py:3089} INFO - Sync 1 DAGs
[2026-08-09T18:22:55.985+0000] {logging_mixin.py:188} INFO - [2026-08-09T18:22:55.985+0000] {dag.py:3947} INFO - Setting next_dagrun for feature_pipeline to 2026-08-09 18:00:00+00:00, run_after=2026-08-09 19:00:00+00:00
[2026-08-09T18:22:56.021+0000] {processor.py:183} INFO - Processing /opt/airflow/dags/feature_pipeline_dag.py took 2.025 seconds
[2026-08-09T18:23:26.605+0000] {processor.py:161} INFO - Started process (PID=4055) to work on /opt/airflow/dags/feature_pipeline_dag.py
[2026-08-09T18:23:26.607+0000] {processor.py:830} INFO - Processing file /opt/airflow/dags/feature_pipeline_dag.py for tasks to queue
[2026-08-09T18:23:26.610+0000] {logging_mixin.py:188} INFO - [2026-08-09T18:23:26.609+0000] {dagbag.py:545} INFO - Filling up the DagBag from /opt/airflow/dags/feature_pipeline_dag.py
[2026-08-09T18:23:28.348+0000] {processor.py:840} INFO - DAG(s) 'feature_pipeline' retrieved from /opt/airflow/dags/feature_pipeline_dag.py
[2026-08-09T18:23:28.399+0000] {logging_mixin.py:188} INFO - [2026-08-09T18:23:28.398+0000] {dag.py:3089} INFO - Sync 1 DAGs
[2026-08-09T18:23:28.434+0000] {logging_mixin.py:188} INFO - [2026-08-09T18:23:28.434+0000] {dag.py:3947} INFO - Setting next_dagrun for feature_pipeline to 2026-08-09 18:00:00+00:00, run_after=2026-08-09 19:00:00+00:00
[2026-08-09T18:23:28.472+0000] {processor.py:183} INFO - Processing /opt/airflow/dags/feature_pipeline_dag.py took 1.888 seconds
[2026-08-09T18:23:58.938+0000] {processor.py:161} INFO - Started process (PID=4086) to work on /opt/airflow/dags/feature_pipeline_dag.py
[2026-08-09T18:23:58.940+0000] {processor.py:830} INFO - Processing file /opt/airflow/dags/feature_pipeline_dag.py for tasks to queue
[2026-08-09T18:23:58.943+0000] {logging_mixin.py:188} INFO - [2026-08-09T18:23:58.942+0000] {dagbag.py:545} INFO - Filling up the DagBag from /opt/airflow/dags/feature_pipeline_dag.py
[2026-08-09T18:24:00.803+0000] {processor.py:840} INFO - DAG(s) 'feature_pipeline' retrieved from /opt/airflow/dags/feature_pipeline_dag.py
[2026-08-09T18:24:00.858+0000] {logging_mixin.py:188} INFO - [2026-08-09T18:24:00.857+0000] {dag.py:3089} INFO - Sync 1 DAGs
[2026-08-09T18:24:00.905+0000] {logging_mixin.py:188} INFO - [2026-08-09T18:24:00.905+0000] {dag.py:3947} INFO - Setting next_dagrun for feature_pipeline to 2026-08-09 18:00:00+00:00, run_after=2026-08-09 19:00:00+00:00
[2026-08-09T18:24:00.947+0000] {processor.py:183} INFO - Processing /opt/airflow/dags/feature_pipeline_dag.py took 2.029 seconds
[2026-08-09T18:24:31.630+0000] {processor.py:161} INFO - Started process (PID=4117) to work on /opt/airflow/dags/feature_pipeline_dag.py
[2026-08-09T18:24:31.632+0000] {processor.py:830} INFO - Processing file /opt/airflow/dags/feature_pipeline_dag.py for tasks to queue
[2026-08-09T18:24:31.635+0000] {logging_mixin.py:188} INFO - [2026-08-09T18:24:31.634+0000] {dagbag.py:545} INFO - Filling up the DagBag from /opt/airflow/dags/feature_pipeline_dag.py
[2026-08-09T18:24:33.369+0000] {processor.py:840} INFO - DAG(s) 'feature_pipeline' retrieved from /opt/airflow/dags/feature_pipeline_dag.py
[2026-08-09T18:24:33.419+0000] {logging_mixin.py:188} INFO - [2026-08-09T18:24:33.419+0000] {dag.py:3089} INFO - Sync 1 DAGs
[2026-08-09T18:24:33.457+0000] {logging_mixin.py:188} INFO - [2026-08-09T18:24:33.457+0000] {dag.py:3947} INFO - Setting next_dagrun for feature_pipeline to 2026-08-09 18:00:00+00:00, run_after=2026-08-09 19:00:00+00:00
[2026-08-09T18:24:33.492+0000] {processor.py:183} INFO - Processing /opt/airflow/dags/feature_pipeline_dag.py took 1.883 seconds
[2026-08-09T18:25:04.045+0000] {processor.py:161} INFO - Started process (PID=4145) to work on /opt/airflow/dags/feature_pipeline_dag.py
[2026-08-09T18:25:04.048+0000] {processor.py:830} INFO - Processing file /opt/airflow/dags/feature_pipeline_dag.py for tasks to queue
[2026-08-09T18:25:04.050+0000] {logging_mixin.py:188} INFO - [2026-08-09T18:25:04.049+0000] {dagbag.py:545} INFO - Filling up the DagBag from /opt/airflow/dags/feature_pipeline_dag.py
[2026-08-09T18:25:06.031+0000] {processor.py:840} INFO - DAG(s) 'feature_pipeline' retrieved from /opt/airflow/dags/feature_pipeline_dag.py
[2026-08-09T18:25:06.097+0000] {logging_mixin.py:188} INFO - [2026-08-09T18:25:06.096+0000] {dag.py:3089} INFO - Sync 1 DAGs
[2026-08-09T18:25:06.146+0000] {logging_mixin.py:188} INFO - [2026-08-09T18:25:06.145+0000] {dag.py:3947} INFO - Setting next_dagrun for feature_pipeline to 2026-08-09 18:00:00+00:00, run_after=2026-08-09 19:00:00+00:00
[2026-08-09T18:25:06.189+0000] {processor.py:183} INFO - Processing /opt/airflow/dags/feature_pipeline_dag.py took 2.164 seconds
[2026-08-09T18:25:37.073+0000] {processor.py:161} INFO - Started process (PID=4160) to work on /opt/airflow/dags/feature_pipeline_dag.py
[2026-08-09T18:25:37.075+0000] {processor.py:830} INFO - Processing file /opt/airflow/dags/feature_pipeline_dag.py for tasks to queue
[2026-08-09T18:25:37.077+0000] {logging_mixin.py:188} INFO - [2026-08-09T18:25:37.076+0000] {dagbag.py:545} INFO - Filling up the DagBag from /opt/airflow/dags/feature_pipeline_dag.py
[2026-08-09T18:25:39.048+0000] {processor.py:840} INFO - DAG(s) 'feature_pipeline' retrieved from /opt/airflow/dags/feature_pipeline_dag.py
[2026-08-09T18:25:39.103+0000] {logging_mixin.py:188} INFO - [2026-08-09T18:25:39.103+0000] {dag.py:3089} INFO - Sync 1 DAGs
[2026-08-09T18:25:39.144+0000] {logging_mixin.py:188} INFO - [2026-08-09T18:25:39.144+0000] {dag.py:3947} INFO - Setting next_dagrun for feature_pipeline to 2026-08-09 18:00:00+00:00, run_after=2026-08-09 19:00:00+00:00
[2026-08-09T18:25:39.182+0000] {processor.py:183} INFO - Processing /opt/airflow/dags/feature_pipeline_dag.py took 2.127 seconds
[2026-08-09T18:26:09.598+0000] {processor.py:161} INFO - Started process (PID=4191) to work on /opt/airflow/dags/feature_pipeline_dag.py
[2026-08-09T18:26:09.600+0000] {processor.py:830} INFO - Processing file /opt/airflow/dags/feature_pipeline_dag.py for tasks to queue
[2026-08-09T18:26:09.603+0000] {logging_mixin.py:188} INFO - [2026-08-09T18:26:09.602+0000] {dagbag.py:545} INFO - Filling up the DagBag from /opt/airflow/dags/feature_pipeline_dag.py
[2026-08-09T18:26:11.394+0000] {processor.py:840} INFO - DAG(s) 'feature_pipeline' retrieved from /opt/airflow/dags/feature_pipeline_dag.py
[2026-08-09T18:26:11.441+0000] {logging_mixin.py:188} INFO - [2026-08-09T18:26:11.441+0000] {dag.py:3089} INFO - Sync 1 DAGs
[2026-08-09T18:26:11.478+0000] {logging_mixin.py:188} INFO - [2026-08-09T18:26:11.477+0000] {dag.py:3947} INFO - Setting next_dagrun for feature_pipeline to 2026-08-09 18:00:00+00:00, run_after=2026-08-09 19:00:00+00:00
[2026-08-09T18:26:11.512+0000] {processor.py:183} INFO - Processing /opt/airflow/dags/feature_pipeline_dag.py took 1.935 seconds
[2026-08-09T18:26:41.871+0000] {processor.py:161} INFO - Started process (PID=4222) to work on /opt/airflow/dags/feature_pipeline_dag.py
[2026-08-09T18:26:41.873+0000] {processor.py:830} INFO - Processing file /opt/airflow/dags/feature_pipeline_dag.py for tasks to queue
[2026-08-09T18:26:41.876+0000] {logging_mixin.py:188} INFO - [2026-08-09T18:26:41.875+0000] {dagbag.py:545} INFO - Filling up the DagBag from /opt/airflow/dags/feature_pipeline_dag.py
[2026-08-09T18:26:43.276+0000] {processor.py:840} INFO - DAG(s) 'feature_pipeline' retrieved from /opt/airflow/dags/feature_pipeline_dag.py
[2026-08-09T18:26:43.328+0000] {logging_mixin.py:188} INFO - [2026-08-09T18:26:43.328+0000] {dag.py:3089} INFO - Sync 1 DAGs
[2026-08-09T18:26:43.368+0000] {logging_mixin.py:188} INFO - [2026-08-09T18:26:43.368+0000] {dag.py:3947} INFO - Setting next_dagrun for feature_pipeline to 2026-08-09 18:00:00+00:00, run_after=2026-08-09 19:00:00+00:00
[2026-08-09T18:26:43.406+0000] {processor.py:183} INFO - Processing /opt/airflow/dags/feature_pipeline_dag.py took 1.979 seconds
[2026-08-09T18:27:13.785+0000] {processor.py:161} INFO - Started process (PID=4253) to work on /opt/airflow/dags/feature_pipeline_dag.py
[2026-08-09T18:27:13.788+0000] {processor.py:830} INFO - Processing file /opt/airflow/dags/feature_pipeline_dag.py for tasks to queue
[2026-08-09T18:27:13.790+0000] {logging_mixin.py:188} INFO - [2026-08-09T18:27:13.789+0000] {dagbag.py:545} INFO - Filling up the DagBag from /opt/airflow/dags/feature_pipeline_dag.py
[2026-08-09T18:27:15.522+0000] {processor.py:840} INFO - DAG(s) 'feature_pipeline' retrieved from /opt/airflow/dags/feature_pipeline_dag.py
[2026-08-09T18:27:15.572+0000] {logging_mixin.py:188} INFO - [2026-08-09T18:27:15.571+0000] {dag.py:3089} INFO - Sync 1 DAGs
[2026-08-09T18:27:15.611+0000] {logging_mixin.py:188} INFO - [2026-08-09T18:27:15.611+0000] {dag.py:3947} INFO - Setting next_dagrun for feature_pipeline to 2026-08-09 18:00:00+00:00, run_after=2026-08-09 19:00:00+00:00
[2026-08-09T18:27:15.646+0000] {processor.py:183} INFO - Processing /opt/airflow/dags/feature_pipeline_dag.py took 1.878 seconds
[2026-08-09T18:27:45.894+0000] {processor.py:161} INFO - Started process (PID=4284) to work on /opt/airflow/dags/feature_pipeline_dag.py
[2026-08-09T18:27:45.896+0000] {processor.py:830} INFO - Processing file /opt/airflow/dags/feature_pipeline_dag.py for tasks to queue
[2026-08-09T18:27:45.899+0000] {logging_mixin.py:188} INFO - [2026-08-09T18:27:45.898+0000] {dagbag.py:545} INFO - Filling up the DagBag from /opt/airflow/dags/feature_pipeline_dag.py
[2026-08-09T18:27:47.571+0000] {processor.py:840} INFO - DAG(s) 'feature_pipeline' retrieved from /opt/airflow/dags/feature_pipeline_dag.py
[2026-08-09T18:27:47.621+0000] {logging_mixin.py:188} INFO - [2026-08-09T18:27:47.621+0000] {dag.py:3089} INFO - Sync 1 DAGs
[2026-08-09T18:27:47.657+0000] {logging_mixin.py:188} INFO - [2026-08-09T18:27:47.657+0000] {dag.py:3947} INFO - Setting next_dagrun for feature_pipeline to 2026-08-09 18:00:00+00:00, run_after=2026-08-09 19:00:00+00:00
[2026-08-09T18:27:47.693+0000] {processor.py:183} INFO - Processing /opt/airflow/dags/feature_pipeline_dag.py took 1.821 seconds
[2026-08-09T18:28:18.628+0000] {processor.py:161} INFO - Started process (PID=4312) to work on /opt/airflow/dags/feature_pipeline_dag.py
[2026-08-09T18:28:18.630+0000] {processor.py:830} INFO - Processing file /opt/airflow/dags/feature_pipeline_dag.py for tasks to queue
[2026-08-09T18:28:18.633+0000] {logging_mixin.py:188} INFO - [2026-08-09T18:28:18.632+0000] {dagbag.py:545} INFO - Filling up the DagBag from /opt/airflow/dags/feature_pipeline_dag.py
[2026-08-09T18:28:20.538+0000] {processor.py:840} INFO - DAG(s) 'feature_pipeline' retrieved from /opt/airflow/dags/feature_pipeline_dag.py
[2026-08-09T18:28:20.594+0000] {logging_mixin.py:188} INFO - [2026-08-09T18:28:20.593+0000] {dag.py:3089} INFO - Sync 1 DAGs
[2026-08-09T18:28:20.639+0000] {logging_mixin.py:188} INFO - [2026-08-09T18:28:20.638+0000] {dag.py:3947} INFO - Setting next_dagrun for feature_pipeline to 2026-08-09 18:00:00+00:00, run_after=2026-08-09 19:00:00+00:00
[2026-08-09T18:28:20.680+0000] {processor.py:183} INFO - Processing /opt/airflow/dags/feature_pipeline_dag.py took 2.074 seconds
[2026-08-09T18:28:51.675+0000] {processor.py:161} INFO - Started process (PID=4327) to work on /opt/airflow/dags/feature_pipeline_dag.py
[2026-08-09T18:28:51.678+0000] {processor.py:830} INFO - Processing file /opt/airflow/dags/feature_pipeline_dag.py for tasks to queue
[2026-08-09T18:28:51.681+0000] {logging_mixin.py:188} INFO - [2026-08-09T18:28:51.680+0000] {dagbag.py:545} INFO - Filling up the DagBag from /opt/airflow/dags/feature_pipeline_dag.py
[2026-08-09T18:28:53.603+0000] {processor.py:840} INFO - DAG(s) 'feature_pipeline' retrieved from /opt/airflow/dags/feature_pipeline_dag.py
[2026-08-09T18:28:53.671+0000] {logging_mixin.py:188} INFO - [2026-08-09T18:28:53.670+0000] {dag.py:3089} INFO - Sync 1 DAGs
[2026-08-09T18:28:53.716+0000] {logging_mixin.py:188} INFO - [2026-08-09T18:28:53.715+0000] {dag.py:3947} INFO - Setting next_dagrun for feature_pipeline to 2026-08-09 18:00:00+00:00, run_after=2026-08-09 19:00:00+00:00
[2026-08-09T18:28:53.753+0000] {processor.py:183} INFO - Processing /opt/airflow/dags/feature_pipeline_dag.py took 2.097 seconds
[2026-08-09T18:29:24.503+0000] {processor.py:161} INFO - Started process (PID=4358) to work on /opt/airflow/dags/feature_pipeline_dag.py
[2026-08-09T18:29:24.505+0000] {processor.py:830} INFO - Processing file /opt/airflow/dags/feature_pipeline_dag.py for tasks to queue
[2026-08-09T18:29:24.508+0000] {logging_mixin.py:188} INFO - [2026-08-09T18:29:24.507+0000] {dagbag.py:545} INFO - Filling up the DagBag from /opt/airflow/dags/feature_pipeline_dag.py
[2026-08-09T18:29:26.274+0000] {processor.py:840} INFO - DAG(s) 'feature_pipeline' retrieved from /opt/airflow/dags/feature_pipeline_dag.py
[2026-08-09T18:29:26.329+0000] {logging_mixin.py:188} INFO - [2026-08-09T18:29:26.328+0000] {dag.py:3089} INFO - Sync 1 DAGs
[2026-08-09T18:29:26.368+0000] {logging_mixin.py:188} INFO - [2026-08-09T18:29:26.368+0000] {dag.py:3947} INFO - Setting next_dagrun for feature_pipeline to 2026-08-09 18:00:00+00:00, run_after=2026-08-09 19:00:00+00:00
[2026-08-09T18:29:26.408+0000] {processor.py:183} INFO - Processing /opt/airflow/dags/feature_pipeline_dag.py took 1.924 seconds
[2026-08-09T18:29:56.986+0000] {processor.py:161} INFO - Started process (PID=4389) to work on /opt/airflow/dags/feature_pipeline_dag.py
[2026-08-09T18:29:56.989+0000] {processor.py:830} INFO - Processing file /opt/airflow/dags/feature_pipeline_dag.py for tasks to queue
[2026-08-09T18:29:56.991+0000] {logging_mixin.py:188} INFO - [2026-08-09T18:29:56.990+0000] {dagbag.py:545} INFO - Filling up the DagBag from /opt/airflow/dags/feature_pipeline_dag.py
[2026-08-09T18:29:58.718+0000] {processor.py:840} INFO - DAG(s) 'feature_pipeline' retrieved from /opt/airflow/dags/feature_pipeline_dag.py
[2026-08-09T18:29:58.769+0000] {logging_mixin.py:188} INFO - [2026-08-09T18:29:58.769+0000] {dag.py:3089} INFO - Sync 1 DAGs
[2026-08-09T18:29:58.806+0000] {logging_mixin.py:188} INFO - [2026-08-09T18:29:58.806+0000] {dag.py:3947} INFO - Setting next_dagrun for feature_pipeline to 2026-08-09 18:00:00+00:00, run_after=2026-08-09 19:00:00+00:00
[2026-08-09T18:29:58.844+0000] {processor.py:183} INFO - Processing /opt/airflow/dags/feature_pipeline_dag.py took 1.881 seconds
[2026-08-09T18:30:29.397+0000] {processor.py:161} INFO - Started process (PID=4420) to work on /opt/airflow/dags/feature_pipeline_dag.py
[2026-08-09T18:30:29.400+0000] {processor.py:830} INFO - Processing file /opt/airflow/dags/feature_pipeline_dag.py for tasks to queue
[2026-08-09T18:30:29.403+0000] {logging_mixin.py:188} INFO - [2026-08-09T18:30:29.401+0000] {dagbag.py:545} INFO - Filling up the DagBag from /opt/airflow/dags/feature_pipeline_dag.py
[2026-08-09T18:30:31.236+0000] {processor.py:840} INFO - DAG(s) 'feature_pipeline' retrieved from /opt/airflow/dags/feature_pipeline_dag.py
[2026-08-09T18:30:31.286+0000] {logging_mixin.py:188} INFO - [2026-08-09T18:30:31.286+0000] {dag.py:3089} INFO - Sync 1 DAGs
[2026-08-09T18:30:31.323+0000] {logging_mixin.py:188} INFO - [2026-08-09T18:30:31.323+0000] {dag.py:3947} INFO - Setting next_dagrun for feature_pipeline to 2026-08-09 18:00:00+00:00, run_after=2026-08-09 19:00:00+00:00
[2026-08-09T18:30:31.361+0000] {processor.py:183} INFO - Processing /opt/airflow/dags/feature_pipeline_dag.py took 1.983 seconds
[2026-08-09T18:31:02.395+0000] {processor.py:161} INFO - Started process (PID=4451) to work on /opt/airflow/dags/feature_pipeline_dag.py
[2026-08-09T18:31:02.398+0000] {processor.py:830} INFO - Processing file /opt/airflow/dags/feature_pipeline_dag.py for tasks to queue
[2026-08-09T18:31:02.400+0000] {logging_mixin.py:188} INFO - [2026-08-09T18:31:02.399+0000] {dagbag.py:545} INFO - Filling up the DagBag from /opt/airflow/dags/feature_pipeline_dag.py
[2026-08-09T18:31:04.130+0000] {processor.py:840} INFO - DAG(s) 'feature_pipeline' retrieved from /opt/airflow/dags/feature_pipeline_dag.py
[2026-08-09T18:31:04.176+0000] {logging_mixin.py:188} INFO - [2026-08-09T18:31:04.176+0000] {dag.py:3089} INFO - Sync 1 DAGs
[2026-08-09T18:31:04.212+0000] {logging_mixin.py:188} INFO - [2026-08-09T18:31:04.211+0000] {dag.py:3947} INFO - Setting next_dagrun for feature_pipeline to 2026-08-09 18:00:00+00:00, run_after=2026-08-09 19:00:00+00:00
[2026-08-09T18:31:04.245+0000] {processor.py:183} INFO - Processing /opt/airflow/dags/feature_pipeline_dag.py took 1.870 seconds
[2026-08-09T18:31:34.723+0000] {processor.py:161} INFO - Started process (PID=4479) to work on /opt/airflow/dags/feature_pipeline_dag.py
[2026-08-09T18:31:34.726+0000] {processor.py:830} INFO - Processing file /opt/airflow/dags/feature_pipeline_dag.py for tasks to queue
[2026-08-09T18:31:34.729+0000] {logging_mixin.py:188} INFO - [2026-08-09T18:31:34.728+0000] {dagbag.py:545} INFO - Filling up the DagBag from /opt/airflow/dags/feature_pipeline_dag.py
[2026-08-09T18:31:36.571+0000] {processor.py:840} INFO - DAG(s) 'feature_pipeline' retrieved from /opt/airflow/dags/feature_pipeline_dag.py
[2026-08-09T18:31:36.623+0000] {logging_mixin.py:188} INFO - [2026-08-09T18:31:36.622+0000] {dag.py:3089} INFO - Sync 1 DAGs
[2026-08-09T18:31:36.665+0000] {logging_mixin.py:188} INFO - [2026-08-09T18:31:36.664+0000] {dag.py:3947} INFO - Setting next_dagrun for feature_pipeline to 2026-08-09 18:00:00+00:00, run_after=2026-08-09 19:00:00+00:00
[2026-08-09T18:31:36.708+0000] {processor.py:183} INFO - Processing /opt/airflow/dags/feature_pipeline_dag.py took 2.007 seconds
[2026-08-09T18:32:07.182+0000] {processor.py:161} INFO - Started process (PID=4494) to work on /opt/airflow/dags/feature_pipeline_dag.py
[2026-08-09T18:32:07.184+0000] {processor.py:830} INFO - Processing file /opt/airflow/dags/feature_pipeline_dag.py for tasks to queue
[2026-08-09T18:32:07.186+0000] {logging_mixin.py:188} INFO - [2026-08-09T18:32:07.185+0000] {dagbag.py:545} INFO - Filling up the DagBag from /opt/airflow/dags/feature_pipeline_dag.py
[2026-08-09T18:32:09.033+0000] {processor.py:840} INFO - DAG(s) 'feature_pipeline' retrieved from /opt/airflow/dags/feature_pipeline_dag.py
[2026-08-09T18:32:09.087+0000] {logging_mixin.py:188} INFO - [2026-08-09T18:32:09.087+0000] {dag.py:3089} INFO - Sync 1 DAGs
[2026-08-09T18:32:09.127+0000] {logging_mixin.py:188} INFO - [2026-08-09T18:32:09.127+0000] {dag.py:3947} INFO - Setting next_dagrun for feature_pipeline to 2026-08-09 18:00:00+00:00, run_after=2026-08-09 19:00:00+00:00
[2026-08-09T18:32:09.164+0000] {processor.py:183} INFO - Processing /opt/airflow/dags/feature_pipeline_dag.py took 2.005 seconds
[2026-08-09T18:32:40.019+0000] {processor.py:161} INFO - Started process (PID=4525) to work on /opt/airflow/dags/feature_pipeline_dag.py
[2026-08-09T18:32:40.021+0000] {processor.py:830} INFO - Processing file /opt/airflow/dags/feature_pipeline_dag.py for tasks to queue
[2026-08-09T18:32:40.024+0000] {logging_mixin.py:188} INFO - [2026-08-09T18:32:40.023+0000] {dagbag.py:545} INFO - Filling up the DagBag from /opt/airflow/dags/feature_pipeline_dag.py
[2026-08-09T18:32:41.642+0000] {processor.py:840} INFO - DAG(s) 'feature_pipeline' retrieved from /opt/airflow/dags/feature_pipeline_dag.py
[2026-08-09T18:32:41.694+0000] {logging_mixin.py:188} INFO - [2026-08-09T18:32:41.693+0000] {dag.py:3089} INFO - Sync 1 DAGs
[2026-08-09T18:32:41.733+0000] {logging_mixin.py:188} INFO - [2026-08-09T18:32:41.733+0000] {dag.py:3947} INFO - Setting next_dagrun for feature_pipeline to 2026-08-09 18:00:00+00:00, run_after=2026-08-09 19:00:00+00:00
[2026-08-09T18:32:41.771+0000] {processor.py:183} INFO - Processing /opt/airflow/dags/feature_pipeline_dag.py took 1.778 seconds
[2026-08-09T18:33:12.633+0000] {processor.py:161} INFO - Started process (PID=4556) to work on /opt/airflow/dags/feature_pipeline_dag.py
[2026-08-09T18:33:12.635+0000] {processor.py:830} INFO - Processing file /opt/airflow/dags/feature_pipeline_dag.py for tasks to queue
[2026-08-09T18:33:12.638+0000] {logging_mixin.py:188} INFO - [2026-08-09T18:33:12.637+0000] {dagbag.py:545} INFO - Filling up the DagBag from /opt/airflow/dags/feature_pipeline_dag.py
[2026-08-09T18:33:14.419+0000] {processor.py:840} INFO - DAG(s) 'feature_pipeline' retrieved from /opt/airflow/dags/feature_pipeline_dag.py
[2026-08-09T18:33:14.470+0000] {logging_mixin.py:188} INFO - [2026-08-09T18:33:14.469+0000] {dag.py:3089} INFO - Sync 1 DAGs
[2026-08-09T18:33:14.510+0000] {logging_mixin.py:188} INFO - [2026-08-09T18:33:14.509+0000] {dag.py:3947} INFO - Setting next_dagrun for feature_pipeline to 2026-08-09 18:00:00+00:00, run_after=2026-08-09 19:00:00+00:00
[2026-08-09T18:33:14.548+0000] {processor.py:183} INFO - Processing /opt/airflow/dags/feature_pipeline_dag.py took 1.934 seconds
[2026-08-09T18:33:45.225+0000] {processor.py:161} INFO - Started process (PID=4587) to work on /opt/airflow/dags/feature_pipeline_dag.py
[2026-08-09T18:33:45.228+0000] {processor.py:830} INFO - Processing file /opt/airflow/dags/feature_pipeline_dag.py for tasks to queue
[2026-08-09T18:33:45.231+0000] {logging_mixin.py:188} INFO - [2026-08-09T18:33:45.230+0000] {dagbag.py:545} INFO - Filling up the DagBag from /opt/airflow/dags/feature_pipeline_dag.py
[2026-08-09T18:33:46.853+0000] {processor.py:840} INFO - DAG(s) 'feature_pipeline' retrieved from /opt/airflow/dags/feature_pipeline_dag.py
[2026-08-09T18:33:46.899+0000] {logging_mixin.py:188} INFO - [2026-08-09T18:33:46.898+0000] {dag.py:3089} INFO - Sync 1 DAGs
[2026-08-09T18:33:46.933+0000] {logging_mixin.py:188} INFO - [2026-08-09T18:33:46.933+0000] {dag.py:3947} INFO - Setting next_dagrun for feature_pipeline to 2026-08-09 18:00:00+00:00, run_after=2026-08-09 19:00:00+00:00
[2026-08-09T18:33:46.968+0000] {processor.py:183} INFO - Processing /opt/airflow/dags/feature_pipeline_dag.py took 1.762 seconds
[2026-08-09T18:34:17.988+0000] {processor.py:161} INFO - Started process (PID=4618) to work on /opt/airflow/dags/feature_pipeline_dag.py
[2026-08-09T18:34:17.991+0000] {processor.py:830} INFO - Processing file /opt/airflow/dags/feature_pipeline_dag.py for tasks to queue
[2026-08-09T18:34:17.993+0000] {logging_mixin.py:188} INFO - [2026-08-09T18:34:17.993+0000] {dagbag.py:545} INFO - Filling up the DagBag from /opt/airflow/dags/feature_pipeline_dag.py
[2026-08-09T18:34:19.720+0000] {processor.py:840} INFO - DAG(s) 'feature_pipeline' retrieved from /opt/airflow/dags/feature_pipeline_dag.py
[2026-08-09T18:34:19.767+0000] {logging_mixin.py:188} INFO - [2026-08-09T18:34:19.766+0000] {dag.py:3089} INFO - Sync 1 DAGs
[2026-08-09T18:34:19.802+0000] {logging_mixin.py:188} INFO - [2026-08-09T18:34:19.801+0000] {dag.py:3947} INFO - Setting next_dagrun for feature_pipeline to 2026-08-09 18:00:00+00:00, run_after=2026-08-09 19:00:00+00:00
[2026-08-09T18:34:19.837+0000] {processor.py:183} INFO - Processing /opt/airflow/dags/feature_pipeline_dag.py took 1.869 seconds
[2026-08-09T18:34:50.480+0000] {processor.py:161} INFO - Started process (PID=4635) to work on /opt/airflow/dags/feature_pipeline_dag.py
[2026-08-09T18:34:50.483+0000] {processor.py:830} INFO - Processing file /opt/airflow/dags/feature_pipeline_dag.py for tasks to queue
[2026-08-09T18:34:50.485+0000] {logging_mixin.py:188} INFO - [2026-08-09T18:34:50.484+0000] {dagbag.py:545} INFO - Filling up the DagBag from /opt/airflow/dags/feature_pipeline_dag.py
[2026-08-09T18:34:52.369+0000] {processor.py:840} INFO - DAG(s) 'feature_pipeline' retrieved from /opt/airflow/dags/feature_pipeline_dag.py
[2026-08-09T18:34:52.426+0000] {logging_mixin.py:188} INFO - [2026-08-09T18:34:52.425+0000] {dag.py:3089} INFO - Sync 1 DAGs
[2026-08-09T18:34:52.476+0000] {logging_mixin.py:188} INFO - [2026-08-09T18:34:52.476+0000] {dag.py:3947} INFO - Setting next_dagrun for feature_pipeline to 2026-08-09 18:00:00+00:00, run_after=2026-08-09 19:00:00+00:00
[2026-08-09T18:34:52.538+0000] {processor.py:183} INFO - Processing /opt/airflow/dags/feature_pipeline_dag.py took 2.089 seconds
[2026-08-09T18:35:23.644+0000] {processor.py:161} INFO - Started process (PID=4661) to work on /opt/airflow/dags/feature_pipeline_dag.py
[2026-08-09T18:35:23.646+0000] {processor.py:830} INFO - Processing file /opt/airflow/dags/feature_pipeline_dag.py for tasks to queue
[2026-08-09T18:35:23.649+0000] {logging_mixin.py:188} INFO - [2026-08-09T18:35:23.648+0000] {dagbag.py:545} INFO - Filling up the DagBag from /opt/airflow/dags/feature_pipeline_dag.py
[2026-08-09T18:35:25.472+0000] {processor.py:840} INFO - DAG(s) 'feature_pipeline' retrieved from /opt/airflow/dags/feature_pipeline_dag.py
[2026-08-09T18:35:25.533+0000] {logging_mixin.py:188} INFO - [2026-08-09T18:35:25.532+0000] {dag.py:3089} INFO - Sync 1 DAGs
[2026-08-09T18:35:25.577+0000] {logging_mixin.py:188} INFO - [2026-08-09T18:35:25.577+0000] {dag.py:3947} INFO - Setting next_dagrun for feature_pipeline to 2026-08-09 18:00:00+00:00, run_after=2026-08-09 19:00:00+00:00
[2026-08-09T18:35:25.621+0000] {processor.py:183} INFO - Processing /opt/airflow/dags/feature_pipeline_dag.py took 1.995 seconds
[2026-08-09T18:35:55.805+0000] {processor.py:161} INFO - Started process (PID=4692) to work on /opt/airflow/dags/feature_pipeline_dag.py
[2026-08-09T18:35:55.808+0000] {processor.py:830} INFO - Processing file /opt/airflow/dags/feature_pipeline_dag.py for tasks to queue
[2026-08-09T18:35:55.810+0000] {logging_mixin.py:188} INFO - [2026-08-09T18:35:55.809+0000] {dagbag.py:545} INFO - Filling up the DagBag from /opt/airflow/dags/feature_pipeline_dag.py
[2026-08-09T18:35:57.542+0000] {processor.py:840} INFO - DAG(s) 'feature_pipeline' retrieved from /opt/airflow/dags/feature_pipeline_dag.py
[2026-08-09T18:35:57.593+0000] {logging_mixin.py:188} INFO - [2026-08-09T18:35:57.592+0000] {dag.py:3089} INFO - Sync 1 DAGs
[2026-08-09T18:35:57.632+0000] {logging_mixin.py:188} INFO - [2026-08-09T18:35:57.632+0000] {dag.py:3947} INFO - Setting next_dagrun for feature_pipeline to 2026-08-09 18:00:00+00:00, run_after=2026-08-09 19:00:00+00:00
[2026-08-09T18:35:57.667+0000] {processor.py:183} INFO - Processing /opt/airflow/dags/feature_pipeline_dag.py took 1.881 seconds
[2026-08-09T18:36:28.822+0000] {processor.py:161} INFO - Started process (PID=4723) to work on /opt/airflow/dags/feature_pipeline_dag.py
[2026-08-09T18:36:28.825+0000] {processor.py:830} INFO - Processing file /opt/airflow/dags/feature_pipeline_dag.py for tasks to queue
[2026-08-09T18:36:28.828+0000] {logging_mixin.py:188} INFO - [2026-08-09T18:36:28.827+0000] {dagbag.py:545} INFO - Filling up the DagBag from /opt/airflow/dags/feature_pipeline_dag.py
[2026-08-09T18:36:30.569+0000] {processor.py:840} INFO - DAG(s) 'feature_pipeline' retrieved from /opt/airflow/dags/feature_pipeline_dag.py
[2026-08-09T18:36:30.627+0000] {logging_mixin.py:188} INFO - [2026-08-09T18:36:30.626+0000] {dag.py:3089} INFO - Sync 1 DAGs
[2026-08-09T18:36:30.675+0000] {logging_mixin.py:188} INFO - [2026-08-09T18:36:30.674+0000] {dag.py:3947} INFO - Setting next_dagrun for feature_pipeline to 2026-08-09 18:00:00+00:00, run_after=2026-08-09 19:00:00+00:00
[2026-08-09T18:36:30.725+0000] {processor.py:183} INFO - Processing /opt/airflow/dags/feature_pipeline_dag.py took 1.921 seconds
[2026-08-09T18:37:00.974+0000] {processor.py:161} INFO - Started process (PID=4754) to work on /opt/airflow/dags/feature_pipeline_dag.py
[2026-08-09T18:37:00.977+0000] {processor.py:830} INFO - Processing file /opt/airflow/dags/feature_pipeline_dag.py for tasks to queue
[2026-08-09T18:37:00.980+0000] {logging_mixin.py:188} INFO - [2026-08-09T18:37:00.979+0000] {dagbag.py:545} INFO - Filling up the DagBag from /opt/airflow/dags/feature_pipeline_dag.py
[2026-08-09T18:37:02.377+0000] {processor.py:840} INFO - DAG(s) 'feature_pipeline' retrieved from /opt/airflow/dags/feature_pipeline_dag.py
[2026-08-09T18:37:02.448+0000] {logging_mixin.py:188} INFO - [2026-08-09T18:37:02.447+0000] {dag.py:3089} INFO - Sync 1 DAGs
[2026-08-09T18:37:02.484+0000] {logging_mixin.py:188} INFO - [2026-08-09T18:37:02.484+0000] {dag.py:3947} INFO - Setting next_dagrun for feature_pipeline to 2026-08-09 18:00:00+00:00, run_after=2026-08-09 19:00:00+00:00
[2026-08-09T18:37:02.519+0000] {processor.py:183} INFO - Processing /opt/airflow/dags/feature_pipeline_dag.py took 2.008 seconds
[2026-08-09T18:37:33.161+0000] {processor.py:161} INFO - Started process (PID=4782) to work on /opt/airflow/dags/feature_pipeline_dag.py
[2026-08-09T18:37:33.164+0000] {processor.py:830} INFO - Processing file /opt/airflow/dags/feature_pipeline_dag.py for tasks to queue
[2026-08-09T18:37:33.167+0000] {logging_mixin.py:188} INFO - [2026-08-09T18:37:33.166+0000] {dagbag.py:545} INFO - Filling up the DagBag from /opt/airflow/dags/feature_pipeline_dag.py
[2026-08-09T18:37:35.079+0000] {processor.py:840} INFO - DAG(s) 'feature_pipeline' retrieved from /opt/airflow/dags/feature_pipeline_dag.py
[2026-08-09T18:37:35.140+0000] {logging_mixin.py:188} INFO - [2026-08-09T18:37:35.139+0000] {dag.py:3089} INFO - Sync 1 DAGs
[2026-08-09T18:37:35.177+0000] {logging_mixin.py:188} INFO - [2026-08-09T18:37:35.176+0000] {dag.py:3947} INFO - Setting next_dagrun for feature_pipeline to 2026-08-09 18:00:00+00:00, run_after=2026-08-09 19:00:00+00:00
[2026-08-09T18:37:35.212+0000] {processor.py:183} INFO - Processing /opt/airflow/dags/feature_pipeline_dag.py took 2.078 seconds
[2026-08-09T18:38:05.778+0000] {processor.py:161} INFO - Started process (PID=4797) to work on /opt/airflow/dags/feature_pipeline_dag.py
[2026-08-09T18:38:05.780+0000] {processor.py:830} INFO - Processing file /opt/airflow/dags/feature_pipeline_dag.py for tasks to queue
[2026-08-09T18:38:05.783+0000] {logging_mixin.py:188} INFO - [2026-08-09T18:38:05.782+0000] {dagbag.py:545} INFO - Filling up the DagBag from /opt/airflow/dags/feature_pipeline_dag.py
[2026-08-09T18:38:07.578+0000] {processor.py:840} INFO - DAG(s) 'feature_pipeline' retrieved from /opt/airflow/dags/feature_pipeline_dag.py
[2026-08-09T18:38:07.632+0000] {logging_mixin.py:188} INFO - [2026-08-09T18:38:07.631+0000] {dag.py:3089} INFO - Sync 1 DAGs
[2026-08-09T18:38:07.674+0000] {logging_mixin.py:188} INFO - [2026-08-09T18:38:07.674+0000] {dag.py:3947} INFO - Setting next_dagrun for feature_pipeline to 2026-08-09 18:00:00+00:00, run_after=2026-08-09 19:00:00+00:00
[2026-08-09T18:38:07.705+0000] {processor.py:183} INFO - Processing /opt/airflow/dags/feature_pipeline_dag.py took 1.945 seconds
[2026-08-09T18:38:38.109+0000] {processor.py:161} INFO - Started process (PID=4828) to work on /opt/airflow/dags/feature_pipeline_dag.py
[2026-08-09T18:38:38.111+0000] {processor.py:830} INFO - Processing file /opt/airflow/dags/feature_pipeline_dag.py for tasks to queue
[2026-08-09T18:38:38.114+0000] {logging_mixin.py:188} INFO - [2026-08-09T18:38:38.113+0000] {dagbag.py:545} INFO - Filling up the DagBag from /opt/airflow/dags/feature_pipeline_dag.py
[2026-08-09T18:38:39.925+0000] {processor.py:840} INFO - DAG(s) 'feature_pipeline' retrieved from /opt/airflow/dags/feature_pipeline_dag.py
[2026-08-09T18:38:39.981+0000] {logging_mixin.py:188} INFO - [2026-08-09T18:38:39.981+0000] {dag.py:3089} INFO - Sync 1 DAGs
[2026-08-09T18:38:40.019+0000] {logging_mixin.py:188} INFO - [2026-08-09T18:38:40.019+0000] {dag.py:3947} INFO - Setting next_dagrun for feature_pipeline to 2026-08-09 18:00:00+00:00, run_after=2026-08-09 19:00:00+00:00
[2026-08-09T18:38:40.057+0000] {processor.py:183} INFO - Processing /opt/airflow/dags/feature_pipeline_dag.py took 1.966 seconds
[2026-08-09T18:39:10.265+0000] {processor.py:161} INFO - Started process (PID=4859) to work on /opt/airflow/dags/feature_pipeline_dag.py
[2026-08-09T18:39:10.267+0000] {processor.py:830} INFO - Processing file /opt/airflow/dags/feature_pipeline_dag.py for tasks to queue
[2026-08-09T18:39:10.270+0000] {logging_mixin.py:188} INFO - [2026-08-09T18:39:10.269+0000] {dagbag.py:545} INFO - Filling up the DagBag from /opt/airflow/dags/feature_pipeline_dag.py
[2026-08-09T18:39:12.079+0000] {processor.py:840} INFO - DAG(s) 'feature_pipeline' retrieved from /opt/airflow/dags/feature_pipeline_dag.py
[2026-08-09T18:39:12.135+0000] {logging_mixin.py:188} INFO - [2026-08-09T18:39:12.134+0000] {dag.py:3089} INFO - Sync 1 DAGs
[2026-08-09T18:39:12.190+0000] {logging_mixin.py:188} INFO - [2026-08-09T18:39:12.190+0000] {dag.py:3947} INFO - Setting next_dagrun for feature_pipeline to 2026-08-09 18:00:00+00:00, run_after=2026-08-09 19:00:00+00:00
[2026-08-09T18:39:12.228+0000] {processor.py:183} INFO - Processing /opt/airflow/dags/feature_pipeline_dag.py took 1.984 seconds
[2026-08-09T18:39:42.737+0000] {processor.py:161} INFO - Started process (PID=4890) to work on /opt/airflow/dags/feature_pipeline_dag.py
[2026-08-09T18:39:42.739+0000] {processor.py:830} INFO - Processing file /opt/airflow/dags/feature_pipeline_dag.py for tasks to queue
[2026-08-09T18:39:42.742+0000] {logging_mixin.py:188} INFO - [2026-08-09T18:39:42.741+0000] {dagbag.py:545} INFO - Filling up the DagBag from /opt/airflow/dags/feature_pipeline_dag.py
[2026-08-09T18:39:44.537+0000] {processor.py:840} INFO - DAG(s) 'feature_pipeline' retrieved from /opt/airflow/dags/feature_pipeline_dag.py
[2026-08-09T18:39:44.597+0000] {logging_mixin.py:188} INFO - [2026-08-09T18:39:44.596+0000] {dag.py:3089} INFO - Sync 1 DAGs
[2026-08-09T18:39:44.649+0000] {logging_mixin.py:188} INFO - [2026-08-09T18:39:44.648+0000] {dag.py:3947} INFO - Setting next_dagrun for feature_pipeline to 2026-08-09 18:00:00+00:00, run_after=2026-08-09 19:00:00+00:00
[2026-08-09T18:39:44.684+0000] {processor.py:183} INFO - Processing /opt/airflow/dags/feature_pipeline_dag.py took 1.970 seconds
[2026-08-09T18:40:15.095+0000] {processor.py:161} INFO - Started process (PID=4921) to work on /opt/airflow/dags/feature_pipeline_dag.py
[2026-08-09T18:40:15.098+0000] {processor.py:830} INFO - Processing file /opt/airflow/dags/feature_pipeline_dag.py for tasks to queue
[2026-08-09T18:40:15.101+0000] {logging_mixin.py:188} INFO - [2026-08-09T18:40:15.100+0000] {dagbag.py:545} INFO - Filling up the DagBag from /opt/airflow/dags/feature_pipeline_dag.py
[2026-08-09T18:40:16.762+0000] {processor.py:840} INFO - DAG(s) 'feature_pipeline' retrieved from /opt/airflow/dags/feature_pipeline_dag.py
[2026-08-09T18:40:16.808+0000] {logging_mixin.py:188} INFO - [2026-08-09T18:40:16.807+0000] {dag.py:3089} INFO - Sync 1 DAGs
[2026-08-09T18:40:16.844+0000] {logging_mixin.py:188} INFO - [2026-08-09T18:40:16.843+0000] {dag.py:3947} INFO - Setting next_dagrun for feature_pipeline to 2026-08-09 18:00:00+00:00, run_after=2026-08-09 19:00:00+00:00
[2026-08-09T18:40:16.881+0000] {processor.py:183} INFO - Processing /opt/airflow/dags/feature_pipeline_dag.py took 1.807 seconds
[2026-08-09T18:40:47.301+0000] {processor.py:161} INFO - Started process (PID=4949) to work on /opt/airflow/dags/feature_pipeline_dag.py
[2026-08-09T18:40:47.303+0000] {processor.py:830} INFO - Processing file /opt/airflow/dags/feature_pipeline_dag.py for tasks to queue
[2026-08-09T18:40:47.306+0000] {logging_mixin.py:188} INFO - [2026-08-09T18:40:47.305+0000] {dagbag.py:545} INFO - Filling up the DagBag from /opt/airflow/dags/feature_pipeline_dag.py
[2026-08-09T18:40:49.301+0000] {processor.py:840} INFO - DAG(s) 'feature_pipeline' retrieved from /opt/airflow/dags/feature_pipeline_dag.py
[2026-08-09T18:40:49.357+0000] {logging_mixin.py:188} INFO - [2026-08-09T18:40:49.356+0000] {dag.py:3089} INFO - Sync 1 DAGs
[2026-08-09T18:40:49.405+0000] {logging_mixin.py:188} INFO - [2026-08-09T18:40:49.405+0000] {dag.py:3947} INFO - Setting next_dagrun for feature_pipeline to 2026-08-09 18:00:00+00:00, run_after=2026-08-09 19:00:00+00:00
[2026-08-09T18:40:49.442+0000] {processor.py:183} INFO - Processing /opt/airflow/dags/feature_pipeline_dag.py took 2.169 seconds
[2026-08-09T18:41:19.626+0000] {processor.py:161} INFO - Started process (PID=4964) to work on /opt/airflow/dags/feature_pipeline_dag.py
[2026-08-09T18:41:19.628+0000] {processor.py:830} INFO - Processing file /opt/airflow/dags/feature_pipeline_dag.py for tasks to queue
[2026-08-09T18:41:19.630+0000] {logging_mixin.py:188} INFO - [2026-08-09T18:41:19.629+0000] {dagbag.py:545} INFO - Filling up the DagBag from /opt/airflow/dags/feature_pipeline_dag.py
[2026-08-09T18:41:21.540+0000] {processor.py:840} INFO - DAG(s) 'feature_pipeline' retrieved from /opt/airflow/dags/feature_pipeline_dag.py
[2026-08-09T18:41:21.585+0000] {logging_mixin.py:188} INFO - [2026-08-09T18:41:21.585+0000] {dag.py:3089} INFO - Sync 1 DAGs
[2026-08-09T18:41:21.623+0000] {logging_mixin.py:188} INFO - [2026-08-09T18:41:21.623+0000] {dag.py:3947} INFO - Setting next_dagrun for feature_pipeline to 2026-08-09 18:00:00+00:00, run_after=2026-08-09 19:00:00+00:00
[2026-08-09T18:41:21.674+0000] {processor.py:183} INFO - Processing /opt/airflow/dags/feature_pipeline_dag.py took 2.068 seconds
[2026-08-09T18:41:52.118+0000] {processor.py:161} INFO - Started process (PID=4995) to work on /opt/airflow/dags/feature_pipeline_dag.py
[2026-08-09T18:41:52.120+0000] {processor.py:830} INFO - Processing file /opt/airflow/dags/feature_pipeline_dag.py for tasks to queue
[2026-08-09T18:41:52.122+0000] {logging_mixin.py:188} INFO - [2026-08-09T18:41:52.121+0000] {dagbag.py:545} INFO - Filling up the DagBag from /opt/airflow/dags/feature_pipeline_dag.py
[2026-08-09T18:41:53.913+0000] {processor.py:840} INFO - DAG(s) 'feature_pipeline' retrieved from /opt/airflow/dags/feature_pipeline_dag.py
[2026-08-09T18:41:53.970+0000] {logging_mixin.py:188} INFO - [2026-08-09T18:41:53.969+0000] {dag.py:3089} INFO - Sync 1 DAGs
[2026-08-09T18:41:54.013+0000] {logging_mixin.py:188} INFO - [2026-08-09T18:41:54.013+0000] {dag.py:3947} INFO - Setting next_dagrun for feature_pipeline to 2026-08-09 18:00:00+00:00, run_after=2026-08-09 19:00:00+00:00
[2026-08-09T18:41:54.049+0000] {processor.py:183} INFO - Processing /opt/airflow/dags/feature_pipeline_dag.py took 1.952 seconds
[2026-08-09T18:42:24.376+0000] {processor.py:161} INFO - Started process (PID=5026) to work on /opt/airflow/dags/feature_pipeline_dag.py
[2026-08-09T18:42:24.378+0000] {processor.py:830} INFO - Processing file /opt/airflow/dags/feature_pipeline_dag.py for tasks to queue
[2026-08-09T18:42:24.381+0000] {logging_mixin.py:188} INFO - [2026-08-09T18:42:24.380+0000] {dagbag.py:545} INFO - Filling up the DagBag from /opt/airflow/dags/feature_pipeline_dag.py
[2026-08-09T18:42:26.472+0000] {processor.py:840} INFO - DAG(s) 'feature_pipeline' retrieved from /opt/airflow/dags/feature_pipeline_dag.py
[2026-08-09T18:42:26.536+0000] {logging_mixin.py:188} INFO - [2026-08-09T18:42:26.535+0000] {dag.py:3089} INFO - Sync 1 DAGs
[2026-08-09T18:42:26.579+0000] {logging_mixin.py:188} INFO - [2026-08-09T18:42:26.579+0000] {dag.py:3947} INFO - Setting next_dagrun for feature_pipeline to 2026-08-09 18:00:00+00:00, run_after=2026-08-09 19:00:00+00:00
[2026-08-09T18:42:26.625+0000] {processor.py:183} INFO - Processing /opt/airflow/dags/feature_pipeline_dag.py took 2.269 seconds
[2026-08-09T18:42:56.711+0000] {processor.py:161} INFO - Started process (PID=5057) to work on /opt/airflow/dags/feature_pipeline_dag.py
[2026-08-09T18:42:56.714+0000] {processor.py:830} INFO - Processing file /opt/airflow/dags/feature_pipeline_dag.py for tasks to queue
[2026-08-09T18:42:56.717+0000] {logging_mixin.py:188} INFO - [2026-08-09T18:42:56.716+0000] {dagbag.py:545} INFO - Filling up the DagBag from /opt/airflow/dags/feature_pipeline_dag.py
[2026-08-09T18:42:58.751+0000] {processor.py:840} INFO - DAG(s) 'feature_pipeline' retrieved from /opt/airflow/dags/feature_pipeline_dag.py
[2026-08-09T18:42:58.810+0000] {logging_mixin.py:188} INFO - [2026-08-09T18:42:58.809+0000] {dag.py:3089} INFO - Sync 1 DAGs
[2026-08-09T18:42:58.853+0000] {logging_mixin.py:188} INFO - [2026-08-09T18:42:58.853+0000] {dag.py:3947} INFO - Setting next_dagrun for feature_pipeline to 2026-08-09 18:00:00+00:00, run_after=2026-08-09 19:00:00+00:00
[2026-08-09T18:42:58.891+0000] {processor.py:183} INFO - Processing /opt/airflow/dags/feature_pipeline_dag.py took 2.200 seconds
[2026-08-09T18:43:29.711+0000] {processor.py:161} INFO - Started process (PID=5086) to work on /opt/airflow/dags/feature_pipeline_dag.py
[2026-08-09T18:43:29.714+0000] {processor.py:830} INFO - Processing file /opt/airflow/dags/feature_pipeline_dag.py for tasks to queue
[2026-08-09T18:43:29.717+0000] {logging_mixin.py:188} INFO - [2026-08-09T18:43:29.716+0000] {dagbag.py:545} INFO - Filling up the DagBag from /opt/airflow/dags/feature_pipeline_dag.py
[2026-08-09T18:43:31.664+0000] {processor.py:840} INFO - DAG(s) 'feature_pipeline' retrieved from /opt/airflow/dags/feature_pipeline_dag.py
[2026-08-09T18:43:31.721+0000] {logging_mixin.py:188} INFO - [2026-08-09T18:43:31.720+0000] {dag.py:3089} INFO - Sync 1 DAGs
[2026-08-09T18:43:31.774+0000] {logging_mixin.py:188} INFO - [2026-08-09T18:43:31.774+0000] {dag.py:3947} INFO - Setting next_dagrun for feature_pipeline to 2026-08-09 18:00:00+00:00, run_after=2026-08-09 19:00:00+00:00
[2026-08-09T18:43:31.813+0000] {processor.py:183} INFO - Processing /opt/airflow/dags/feature_pipeline_dag.py took 2.126 seconds
[2026-08-09T18:47:05.469+0000] {processor.py:161} INFO - Started process (PID=5103) to work on /opt/airflow/dags/feature_pipeline_dag.py
[2026-08-09T18:47:05.471+0000] {processor.py:830} INFO - Processing file /opt/airflow/dags/feature_pipeline_dag.py for tasks to queue
[2026-08-09T18:47:05.473+0000] {logging_mixin.py:188} INFO - [2026-08-09T18:47:05.472+0000] {dagbag.py:545} INFO - Filling up the DagBag from /opt/airflow/dags/feature_pipeline_dag.py
[2026-08-09T18:47:08.118+0000] {processor.py:840} INFO - DAG(s) 'feature_pipeline' retrieved from /opt/airflow/dags/feature_pipeline_dag.py
[2026-08-09T18:47:08.182+0000] {logging_mixin.py:188} INFO - [2026-08-09T18:47:08.181+0000] {dag.py:3089} INFO - Sync 1 DAGs
[2026-08-09T18:47:08.237+0000] {logging_mixin.py:188} INFO - [2026-08-09T18:47:08.237+0000] {dag.py:3947} INFO - Setting next_dagrun for feature_pipeline to 2026-08-09 18:00:00+00:00, run_after=2026-08-09 19:00:00+00:00
[2026-08-09T18:47:08.307+0000] {processor.py:183} INFO - Processing /opt/airflow/dags/feature_pipeline_dag.py took 2.853 seconds
[2026-08-09T18:47:38.663+0000] {processor.py:161} INFO - Started process (PID=5131) to work on /opt/airflow/dags/feature_pipeline_dag.py
[2026-08-09T18:47:38.667+0000] {processor.py:830} INFO - Processing file /opt/airflow/dags/feature_pipeline_dag.py for tasks to queue
[2026-08-09T18:47:38.670+0000] {logging_mixin.py:188} INFO - [2026-08-09T18:47:38.668+0000] {dagbag.py:545} INFO - Filling up the DagBag from /opt/airflow/dags/feature_pipeline_dag.py
[2026-08-09T18:47:40.541+0000] {processor.py:840} INFO - DAG(s) 'feature_pipeline' retrieved from /opt/airflow/dags/feature_pipeline_dag.py
[2026-08-09T18:47:40.591+0000] {logging_mixin.py:188} INFO - [2026-08-09T18:47:40.590+0000] {dag.py:3089} INFO - Sync 1 DAGs
[2026-08-09T18:47:40.632+0000] {logging_mixin.py:188} INFO - [2026-08-09T18:47:40.632+0000] {dag.py:3947} INFO - Setting next_dagrun for feature_pipeline to 2026-08-09 18:00:00+00:00, run_after=2026-08-09 19:00:00+00:00
[2026-08-09T18:47:40.663+0000] {processor.py:183} INFO - Processing /opt/airflow/dags/feature_pipeline_dag.py took 2.033 seconds
[2026-08-09T18:48:11.341+0000] {processor.py:161} INFO - Started process (PID=5162) to work on /opt/airflow/dags/feature_pipeline_dag.py
[2026-08-09T18:48:11.344+0000] {processor.py:830} INFO - Processing file /opt/airflow/dags/feature_pipeline_dag.py for tasks to queue
[2026-08-09T18:48:11.349+0000] {logging_mixin.py:188} INFO - [2026-08-09T18:48:11.347+0000] {dagbag.py:545} INFO - Filling up the DagBag from /opt/airflow/dags/feature_pipeline_dag.py
[2026-08-09T18:48:12.867+0000] {processor.py:840} INFO - DAG(s) 'feature_pipeline' retrieved from /opt/airflow/dags/feature_pipeline_dag.py
[2026-08-09T18:48:12.915+0000] {logging_mixin.py:188} INFO - [2026-08-09T18:48:12.914+0000] {dag.py:3089} INFO - Sync 1 DAGs
[2026-08-09T18:48:12.960+0000] {logging_mixin.py:188} INFO - [2026-08-09T18:48:12.960+0000] {dag.py:3947} INFO - Setting next_dagrun for feature_pipeline to 2026-08-09 18:00:00+00:00, run_after=2026-08-09 19:00:00+00:00
[2026-08-09T18:48:13.003+0000] {processor.py:183} INFO - Processing /opt/airflow/dags/feature_pipeline_dag.py took 1.685 seconds
[2026-08-09T18:48:43.232+0000] {processor.py:161} INFO - Started process (PID=5193) to work on /opt/airflow/dags/feature_pipeline_dag.py
[2026-08-09T18:48:43.235+0000] {processor.py:830} INFO - Processing file /opt/airflow/dags/feature_pipeline_dag.py for tasks to queue
[2026-08-09T18:48:43.238+0000] {logging_mixin.py:188} INFO - [2026-08-09T18:48:43.237+0000] {dagbag.py:545} INFO - Filling up the DagBag from /opt/airflow/dags/feature_pipeline_dag.py
[2026-08-09T18:48:45.254+0000] {processor.py:840} INFO - DAG(s) 'feature_pipeline' retrieved from /opt/airflow/dags/feature_pipeline_dag.py
[2026-08-09T18:48:45.311+0000] {logging_mixin.py:188} INFO - [2026-08-09T18:48:45.310+0000] {dag.py:3089} INFO - Sync 1 DAGs
[2026-08-09T18:48:45.350+0000] {logging_mixin.py:188} INFO - [2026-08-09T18:48:45.350+0000] {dag.py:3947} INFO - Setting next_dagrun for feature_pipeline to 2026-08-09 18:00:00+00:00, run_after=2026-08-09 19:00:00+00:00
[2026-08-09T18:48:45.384+0000] {processor.py:183} INFO - Processing /opt/airflow/dags/feature_pipeline_dag.py took 2.174 seconds
[2026-08-09T18:49:15.658+0000] {processor.py:161} INFO - Started process (PID=5224) to work on /opt/airflow/dags/feature_pipeline_dag.py
[2026-08-09T18:49:15.660+0000] {processor.py:830} INFO - Processing file /opt/airflow/dags/feature_pipeline_dag.py for tasks to queue
[2026-08-09T18:49:15.663+0000] {logging_mixin.py:188} INFO - [2026-08-09T18:49:15.662+0000] {dagbag.py:545} INFO - Filling up the DagBag from /opt/airflow/dags/feature_pipeline_dag.py
[2026-08-09T18:49:17.431+0000] {processor.py:840} INFO - DAG(s) 'feature_pipeline' retrieved from /opt/airflow/dags/feature_pipeline_dag.py
[2026-08-09T18:49:17.485+0000] {logging_mixin.py:188} INFO - [2026-08-09T18:49:17.484+0000] {dag.py:3089} INFO - Sync 1 DAGs
[2026-08-09T18:49:17.530+0000] {logging_mixin.py:188} INFO - [2026-08-09T18:49:17.530+0000] {dag.py:3947} INFO - Setting next_dagrun for feature_pipeline to 2026-08-09 18:00:00+00:00, run_after=2026-08-09 19:00:00+00:00
[2026-08-09T18:49:17.569+0000] {processor.py:183} INFO - Processing /opt/airflow/dags/feature_pipeline_dag.py took 1.931 seconds
[2026-08-09T18:49:48.214+0000] {processor.py:161} INFO - Started process (PID=5252) to work on /opt/airflow/dags/feature_pipeline_dag.py
[2026-08-09T18:49:48.217+0000] {processor.py:830} INFO - Processing file /opt/airflow/dags/feature_pipeline_dag.py for tasks to queue
[2026-08-09T18:49:48.219+0000] {logging_mixin.py:188} INFO - [2026-08-09T18:49:48.218+0000] {dagbag.py:545} INFO - Filling up the DagBag from /opt/airflow/dags/feature_pipeline_dag.py
[2026-08-09T18:49:51.212+0000] {processor.py:840} INFO - DAG(s) 'feature_pipeline' retrieved from /opt/airflow/dags/feature_pipeline_dag.py
[2026-08-09T18:49:52.497+0000] {logging_mixin.py:188} INFO - [2026-08-09T18:49:52.496+0000] {dag.py:3089} INFO - Sync 1 DAGs
[2026-08-09T18:49:53.011+0000] {logging_mixin.py:188} INFO - [2026-08-09T18:49:53.011+0000] {dag.py:3947} INFO - Setting next_dagrun for feature_pipeline to 2026-08-09 18:00:00+00:00, run_after=2026-08-09 19:00:00+00:00
[2026-08-09T18:49:54.404+0000] {processor.py:183} INFO - Processing /opt/airflow/dags/feature_pipeline_dag.py took 6.211 seconds
[2026-08-09T18:50:24.757+0000] {processor.py:161} INFO - Started process (PID=5267) to work on /opt/airflow/dags/feature_pipeline_dag.py
[2026-08-09T18:50:24.760+0000] {processor.py:830} INFO - Processing file /opt/airflow/dags/feature_pipeline_dag.py for tasks to queue
[2026-08-09T18:50:24.762+0000] {logging_mixin.py:188} INFO - [2026-08-09T18:50:24.762+0000] {dagbag.py:545} INFO - Filling up the DagBag from /opt/airflow/dags/feature_pipeline_dag.py
[2026-08-09T18:50:26.011+0000] {processor.py:840} INFO - DAG(s) 'feature_pipeline' retrieved from /opt/airflow/dags/feature_pipeline_dag.py
[2026-08-09T18:50:26.071+0000] {logging_mixin.py:188} INFO - [2026-08-09T18:50:26.070+0000] {dag.py:3089} INFO - Sync 1 DAGs
[2026-08-09T18:50:26.127+0000] {logging_mixin.py:188} INFO - [2026-08-09T18:50:26.127+0000] {dag.py:3947} INFO - Setting next_dagrun for feature_pipeline to 2026-08-09 18:00:00+00:00, run_after=2026-08-09 19:00:00+00:00
[2026-08-09T18:50:26.169+0000] {processor.py:183} INFO - Processing /opt/airflow/dags/feature_pipeline_dag.py took 2.238 seconds
[2026-08-09T18:50:57.282+0000] {processor.py:161} INFO - Started process (PID=5298) to work on /opt/airflow/dags/feature_pipeline_dag.py
[2026-08-09T18:50:57.284+0000] {processor.py:830} INFO - Processing file /opt/airflow/dags/feature_pipeline_dag.py for tasks to queue
[2026-08-09T18:50:57.287+0000] {logging_mixin.py:188} INFO - [2026-08-09T18:50:57.286+0000] {dagbag.py:545} INFO - Filling up the DagBag from /opt/airflow/dags/feature_pipeline_dag.py
[2026-08-09T18:50:59.646+0000] {processor.py:840} INFO - DAG(s) 'feature_pipeline' retrieved from /opt/airflow/dags/feature_pipeline_dag.py
[2026-08-09T18:50:59.697+0000] {logging_mixin.py:188} INFO - [2026-08-09T18:50:59.697+0000] {dag.py:3089} INFO - Sync 1 DAGs
[2026-08-09T18:50:59.745+0000] {logging_mixin.py:188} INFO - [2026-08-09T18:50:59.745+0000] {dag.py:3947} INFO - Setting next_dagrun for feature_pipeline to 2026-08-09 18:00:00+00:00, run_after=2026-08-09 19:00:00+00:00
[2026-08-09T18:50:59.783+0000] {processor.py:183} INFO - Processing /opt/airflow/dags/feature_pipeline_dag.py took 2.522 seconds
[2026-08-09T18:51:30.000+0000] {processor.py:161} INFO - Started process (PID=5329) to work on /opt/airflow/dags/feature_pipeline_dag.py
[2026-08-09T18:51:30.002+0000] {processor.py:830} INFO - Processing file /opt/airflow/dags/feature_pipeline_dag.py for tasks to queue
[2026-08-09T18:51:30.005+0000] {logging_mixin.py:188} INFO - [2026-08-09T18:51:30.004+0000] {dagbag.py:545} INFO - Filling up the DagBag from /opt/airflow/dags/feature_pipeline_dag.py
[2026-08-09T18:51:36.527+0000] {processor.py:840} INFO - DAG(s) 'feature_pipeline' retrieved from /opt/airflow/dags/feature_pipeline_dag.py
[2026-08-09T18:51:36.584+0000] {logging_mixin.py:188} INFO - [2026-08-09T18:51:36.583+0000] {dag.py:3089} INFO - Sync 1 DAGs
[2026-08-09T18:51:36.654+0000] {logging_mixin.py:188} INFO - [2026-08-09T18:51:36.653+0000] {dag.py:3947} INFO - Setting next_dagrun for feature_pipeline to 2026-08-09 18:00:00+00:00, run_after=2026-08-09 19:00:00+00:00
[2026-08-09T18:51:36.746+0000] {processor.py:183} INFO - Processing /opt/airflow/dags/feature_pipeline_dag.py took 6.766 seconds
[2026-08-09T18:52:07.631+0000] {processor.py:161} INFO - Started process (PID=5360) to work on /opt/airflow/dags/feature_pipeline_dag.py
[2026-08-09T18:52:07.633+0000] {processor.py:830} INFO - Processing file /opt/airflow/dags/feature_pipeline_dag.py for tasks to queue
[2026-08-09T18:52:07.636+0000] {logging_mixin.py:188} INFO - [2026-08-09T18:52:07.635+0000] {dagbag.py:545} INFO - Filling up the DagBag from /opt/airflow/dags/feature_pipeline_dag.py
[2026-08-09T18:52:09.617+0000] {processor.py:840} INFO - DAG(s) 'feature_pipeline' retrieved from /opt/airflow/dags/feature_pipeline_dag.py
[2026-08-09T18:52:09.667+0000] {logging_mixin.py:188} INFO - [2026-08-09T18:52:09.666+0000] {dag.py:3089} INFO - Sync 1 DAGs
[2026-08-09T18:52:09.704+0000] {logging_mixin.py:188} INFO - [2026-08-09T18:52:09.703+0000] {dag.py:3947} INFO - Setting next_dagrun for feature_pipeline to 2026-08-09 18:00:00+00:00, run_after=2026-08-09 19:00:00+00:00
[2026-08-09T18:52:09.738+0000] {processor.py:183} INFO - Processing /opt/airflow/dags/feature_pipeline_dag.py took 2.127 seconds
[2026-08-09T18:52:40.372+0000] {processor.py:161} INFO - Started process (PID=5377) to work on /opt/airflow/dags/feature_pipeline_dag.py
[2026-08-09T18:52:40.376+0000] {processor.py:830} INFO - Processing file /opt/airflow/dags/feature_pipeline_dag.py for tasks to queue
[2026-08-09T18:52:40.379+0000] {logging_mixin.py:188} INFO - [2026-08-09T18:52:40.378+0000] {dagbag.py:545} INFO - Filling up the DagBag from /opt/airflow/dags/feature_pipeline_dag.py
[2026-08-09T18:52:42.422+0000] {processor.py:840} INFO - DAG(s) 'feature_pipeline' retrieved from /opt/airflow/dags/feature_pipeline_dag.py
[2026-08-09T18:52:42.483+0000] {logging_mixin.py:188} INFO - [2026-08-09T18:52:42.482+0000] {dag.py:3089} INFO - Sync 1 DAGs
[2026-08-09T18:52:42.524+0000] {logging_mixin.py:188} INFO - [2026-08-09T18:52:42.523+0000] {dag.py:3947} INFO - Setting next_dagrun for feature_pipeline to 2026-08-09 18:00:00+00:00, run_after=2026-08-09 19:00:00+00:00
[2026-08-09T18:52:42.563+0000] {processor.py:183} INFO - Processing /opt/airflow/dags/feature_pipeline_dag.py took 2.228 seconds
[2026-08-09T18:53:13.249+0000] {processor.py:161} INFO - Started process (PID=5403) to work on /opt/airflow/dags/feature_pipeline_dag.py
[2026-08-09T18:53:13.251+0000] {processor.py:830} INFO - Processing file /opt/airflow/dags/feature_pipeline_dag.py for tasks to queue
[2026-08-09T18:53:13.254+0000] {logging_mixin.py:188} INFO - [2026-08-09T18:53:13.253+0000] {dagbag.py:545} INFO - Filling up the DagBag from /opt/airflow/dags/feature_pipeline_dag.py
[2026-08-09T18:53:15.021+0000] {processor.py:840} INFO - DAG(s) 'feature_pipeline' retrieved from /opt/airflow/dags/feature_pipeline_dag.py
[2026-08-09T18:53:15.074+0000] {logging_mixin.py:188} INFO - [2026-08-09T18:53:15.073+0000] {dag.py:3089} INFO - Sync 1 DAGs
[2026-08-09T18:53:15.109+0000] {logging_mixin.py:188} INFO - [2026-08-09T18:53:15.109+0000] {dag.py:3947} INFO - Setting next_dagrun for feature_pipeline to 2026-08-09 18:00:00+00:00, run_after=2026-08-09 19:00:00+00:00
[2026-08-09T18:53:15.147+0000] {processor.py:183} INFO - Processing /opt/airflow/dags/feature_pipeline_dag.py took 1.919 seconds
[2026-08-09T18:53:45.572+0000] {processor.py:161} INFO - Started process (PID=5434) to work on /opt/airflow/dags/feature_pipeline_dag.py
[2026-08-09T18:53:45.575+0000] {processor.py:830} INFO - Processing file /opt/airflow/dags/feature_pipeline_dag.py for tasks to queue
[2026-08-09T18:53:45.578+0000] {logging_mixin.py:188} INFO - [2026-08-09T18:53:45.577+0000] {dagbag.py:545} INFO - Filling up the DagBag from /opt/airflow/dags/feature_pipeline_dag.py
[2026-08-09T18:53:47.382+0000] {processor.py:840} INFO - DAG(s) 'feature_pipeline' retrieved from /opt/airflow/dags/feature_pipeline_dag.py
[2026-08-09T18:53:47.438+0000] {logging_mixin.py:188} INFO - [2026-08-09T18:53:47.437+0000] {dag.py:3089} INFO - Sync 1 DAGs
[2026-08-09T18:53:47.488+0000] {logging_mixin.py:188} INFO - [2026-08-09T18:53:47.487+0000] {dag.py:3947} INFO - Setting next_dagrun for feature_pipeline to 2026-08-09 18:00:00+00:00, run_after=2026-08-09 19:00:00+00:00
[2026-08-09T18:53:47.527+0000] {processor.py:183} INFO - Processing /opt/airflow/dags/feature_pipeline_dag.py took 1.979 seconds
[2026-08-09T18:54:17.385+0000] {processor.py:161} INFO - Started process (PID=5465) to work on /opt/airflow/dags/feature_pipeline_dag.py
[2026-08-09T18:54:17.388+0000] {processor.py:830} INFO - Processing file /opt/airflow/dags/feature_pipeline_dag.py for tasks to queue
[2026-08-09T18:54:17.391+0000] {logging_mixin.py:188} INFO - [2026-08-09T18:54:17.390+0000] {dagbag.py:545} INFO - Filling up the DagBag from /opt/airflow/dags/feature_pipeline_dag.py
[2026-08-09T18:54:19.251+0000] {processor.py:840} INFO - DAG(s) 'feature_pipeline' retrieved from /opt/airflow/dags/feature_pipeline_dag.py
[2026-08-09T18:54:19.307+0000] {logging_mixin.py:188} INFO - [2026-08-09T18:54:19.306+0000] {dag.py:3089} INFO - Sync 1 DAGs
[2026-08-09T18:54:19.351+0000] {logging_mixin.py:188} INFO - [2026-08-09T18:54:19.350+0000] {dag.py:3947} INFO - Setting next_dagrun for feature_pipeline to 2026-08-09 18:00:00+00:00, run_after=2026-08-09 19:00:00+00:00
[2026-08-09T18:54:19.391+0000] {processor.py:183} INFO - Processing /opt/airflow/dags/feature_pipeline_dag.py took 2.027 seconds
[2026-08-09T18:54:49.683+0000] {processor.py:161} INFO - Started process (PID=5496) to work on /opt/airflow/dags/feature_pipeline_dag.py
[2026-08-09T18:54:49.685+0000] {processor.py:830} INFO - Processing file /opt/airflow/dags/feature_pipeline_dag.py for tasks to queue
[2026-08-09T18:54:49.688+0000] {logging_mixin.py:188} INFO - [2026-08-09T18:54:49.687+0000] {dagbag.py:545} INFO - Filling up the DagBag from /opt/airflow/dags/feature_pipeline_dag.py
[2026-08-09T18:54:51.242+0000] {processor.py:840} INFO - DAG(s) 'feature_pipeline' retrieved from /opt/airflow/dags/feature_pipeline_dag.py
[2026-08-09T18:54:51.288+0000] {logging_mixin.py:188} INFO - [2026-08-09T18:54:51.287+0000] {dag.py:3089} INFO - Sync 1 DAGs
[2026-08-09T18:54:51.326+0000] {logging_mixin.py:188} INFO - [2026-08-09T18:54:51.325+0000] {dag.py:3947} INFO - Setting next_dagrun for feature_pipeline to 2026-08-09 18:00:00+00:00, run_after=2026-08-09 19:00:00+00:00
[2026-08-09T18:54:51.361+0000] {processor.py:183} INFO - Processing /opt/airflow/dags/feature_pipeline_dag.py took 1.698 seconds
[2026-08-09T18:55:22.008+0000] {processor.py:161} INFO - Started process (PID=5525) to work on /opt/airflow/dags/feature_pipeline_dag.py
[2026-08-09T18:55:22.011+0000] {processor.py:830} INFO - Processing file /opt/airflow/dags/feature_pipeline_dag.py for tasks to queue
[2026-08-09T18:55:22.013+0000] {logging_mixin.py:188} INFO - [2026-08-09T18:55:22.012+0000] {dagbag.py:545} INFO - Filling up the DagBag from /opt/airflow/dags/feature_pipeline_dag.py
[2026-08-09T18:55:23.839+0000] {processor.py:840} INFO - DAG(s) 'feature_pipeline' retrieved from /opt/airflow/dags/feature_pipeline_dag.py
[2026-08-09T18:55:23.885+0000] {logging_mixin.py:188} INFO - [2026-08-09T18:55:23.884+0000] {dag.py:3089} INFO - Sync 1 DAGs
[2026-08-09T18:55:23.920+0000] {logging_mixin.py:188} INFO - [2026-08-09T18:55:23.920+0000] {dag.py:3947} INFO - Setting next_dagrun for feature_pipeline to 2026-08-09 18:00:00+00:00, run_after=2026-08-09 19:00:00+00:00
[2026-08-09T18:55:23.957+0000] {processor.py:183} INFO - Processing /opt/airflow/dags/feature_pipeline_dag.py took 1.967 seconds
[2026-08-09T18:55:54.302+0000] {processor.py:161} INFO - Started process (PID=5543) to work on /opt/airflow/dags/feature_pipeline_dag.py
[2026-08-09T18:55:54.305+0000] {processor.py:830} INFO - Processing file /opt/airflow/dags/feature_pipeline_dag.py for tasks to queue
[2026-08-09T18:55:54.307+0000] {logging_mixin.py:188} INFO - [2026-08-09T18:55:54.306+0000] {dagbag.py:545} INFO - Filling up the DagBag from /opt/airflow/dags/feature_pipeline_dag.py
[2026-08-09T18:55:56.333+0000] {processor.py:840} INFO - DAG(s) 'feature_pipeline' retrieved from /opt/airflow/dags/feature_pipeline_dag.py
[2026-08-09T18:55:56.385+0000] {logging_mixin.py:188} INFO - [2026-08-09T18:55:56.384+0000] {dag.py:3089} INFO - Sync 1 DAGs
[2026-08-09T18:55:56.423+0000] {logging_mixin.py:188} INFO - [2026-08-09T18:55:56.423+0000] {dag.py:3947} INFO - Setting next_dagrun for feature_pipeline to 2026-08-09 18:00:00+00:00, run_after=2026-08-09 19:00:00+00:00
[2026-08-09T18:55:56.462+0000] {processor.py:183} INFO - Processing /opt/airflow/dags/feature_pipeline_dag.py took 2.184 seconds
[2026-08-09T18:56:26.953+0000] {processor.py:161} INFO - Started process (PID=5570) to work on /opt/airflow/dags/feature_pipeline_dag.py
[2026-08-09T18:56:26.956+0000] {processor.py:830} INFO - Processing file /opt/airflow/dags/feature_pipeline_dag.py for tasks to queue
[2026-08-09T18:56:26.960+0000] {logging_mixin.py:188} INFO - [2026-08-09T18:56:26.959+0000] {dagbag.py:545} INFO - Filling up the DagBag from /opt/airflow/dags/feature_pipeline_dag.py
[2026-08-09T18:56:28.693+0000] {processor.py:840} INFO - DAG(s) 'feature_pipeline' retrieved from /opt/airflow/dags/feature_pipeline_dag.py
[2026-08-09T18:56:28.752+0000] {logging_mixin.py:188} INFO - [2026-08-09T18:56:28.751+0000] {dag.py:3089} INFO - Sync 1 DAGs
[2026-08-09T18:56:28.793+0000] {logging_mixin.py:188} INFO - [2026-08-09T18:56:28.793+0000] {dag.py:3947} INFO - Setting next_dagrun for feature_pipeline to 2026-08-09 18:00:00+00:00, run_after=2026-08-09 19:00:00+00:00
[2026-08-09T18:56:28.831+0000] {processor.py:183} INFO - Processing /opt/airflow/dags/feature_pipeline_dag.py took 1.897 seconds
[2026-08-09T18:56:59.066+0000] {processor.py:161} INFO - Started process (PID=5601) to work on /opt/airflow/dags/feature_pipeline_dag.py
[2026-08-09T18:56:59.068+0000] {processor.py:830} INFO - Processing file /opt/airflow/dags/feature_pipeline_dag.py for tasks to queue
[2026-08-09T18:56:59.072+0000] {logging_mixin.py:188} INFO - [2026-08-09T18:56:59.071+0000] {dagbag.py:545} INFO - Filling up the DagBag from /opt/airflow/dags/feature_pipeline_dag.py
[2026-08-09T18:57:01.067+0000] {processor.py:840} INFO - DAG(s) 'feature_pipeline' retrieved from /opt/airflow/dags/feature_pipeline_dag.py
[2026-08-09T18:57:01.129+0000] {logging_mixin.py:188} INFO - [2026-08-09T18:57:01.128+0000] {dag.py:3089} INFO - Sync 1 DAGs
[2026-08-09T18:57:01.179+0000] {logging_mixin.py:188} INFO - [2026-08-09T18:57:01.178+0000] {dag.py:3947} INFO - Setting next_dagrun for feature_pipeline to 2026-08-09 18:00:00+00:00, run_after=2026-08-09 19:00:00+00:00
[2026-08-09T18:57:01.219+0000] {processor.py:183} INFO - Processing /opt/airflow/dags/feature_pipeline_dag.py took 2.177 seconds
[2026-08-09T18:57:32.174+0000] {processor.py:161} INFO - Started process (PID=5632) to work on /opt/airflow/dags/feature_pipeline_dag.py
[2026-08-09T18:57:32.176+0000] {processor.py:830} INFO - Processing file /opt/airflow/dags/feature_pipeline_dag.py for tasks to queue
[2026-08-09T18:57:32.179+0000] {logging_mixin.py:188} INFO - [2026-08-09T18:57:32.178+0000] {dagbag.py:545} INFO - Filling up the DagBag from /opt/airflow/dags/feature_pipeline_dag.py
[2026-08-09T18:57:34.188+0000] {processor.py:840} INFO - DAG(s) 'feature_pipeline' retrieved from /opt/airflow/dags/feature_pipeline_dag.py
[2026-08-09T18:57:34.252+0000] {logging_mixin.py:188} INFO - [2026-08-09T18:57:34.251+0000] {dag.py:3089} INFO - Sync 1 DAGs
[2026-08-09T18:57:34.297+0000] {logging_mixin.py:188} INFO - [2026-08-09T18:57:34.296+0000] {dag.py:3947} INFO - Setting next_dagrun for feature_pipeline to 2026-08-09 18:00:00+00:00, run_after=2026-08-09 19:00:00+00:00
[2026-08-09T18:57:34.337+0000] {processor.py:183} INFO - Processing /opt/airflow/dags/feature_pipeline_dag.py took 2.185 seconds
[2026-08-09T18:58:04.864+0000] {processor.py:161} INFO - Started process (PID=5663) to work on /opt/airflow/dags/feature_pipeline_dag.py
[2026-08-09T18:58:04.867+0000] {processor.py:830} INFO - Processing file /opt/airflow/dags/feature_pipeline_dag.py for tasks to queue
[2026-08-09T18:58:04.872+0000] {logging_mixin.py:188} INFO - [2026-08-09T18:58:04.871+0000] {dagbag.py:545} INFO - Filling up the DagBag from /opt/airflow/dags/feature_pipeline_dag.py
[2026-08-09T18:58:06.896+0000] {processor.py:840} INFO - DAG(s) 'feature_pipeline' retrieved from /opt/airflow/dags/feature_pipeline_dag.py
[2026-08-09T18:58:06.952+0000] {logging_mixin.py:188} INFO - [2026-08-09T18:58:06.952+0000] {dag.py:3089} INFO - Sync 1 DAGs
[2026-08-09T18:58:06.991+0000] {logging_mixin.py:188} INFO - [2026-08-09T18:58:06.990+0000] {dag.py:3947} INFO - Setting next_dagrun for feature_pipeline to 2026-08-09 18:00:00+00:00, run_after=2026-08-09 19:00:00+00:00
[2026-08-09T18:58:07.028+0000] {processor.py:183} INFO - Processing /opt/airflow/dags/feature_pipeline_dag.py took 2.185 seconds
[2026-08-09T18:58:37.711+0000] {processor.py:161} INFO - Started process (PID=5692) to work on /opt/airflow/dags/feature_pipeline_dag.py
[2026-08-09T18:58:37.714+0000] {processor.py:830} INFO - Processing file /opt/airflow/dags/feature_pipeline_dag.py for tasks to queue
[2026-08-09T18:58:37.717+0000] {logging_mixin.py:188} INFO - [2026-08-09T18:58:37.716+0000] {dagbag.py:545} INFO - Filling up the DagBag from /opt/airflow/dags/feature_pipeline_dag.py
[2026-08-09T18:58:38.248+0000] {processor.py:840} INFO - DAG(s) 'feature_pipeline' retrieved from /opt/airflow/dags/feature_pipeline_dag.py
[2026-08-09T18:58:38.302+0000] {logging_mixin.py:188} INFO - [2026-08-09T18:58:38.301+0000] {dag.py:3089} INFO - Sync 1 DAGs
[2026-08-09T18:58:38.343+0000] {logging_mixin.py:188} INFO - [2026-08-09T18:58:38.343+0000] {dag.py:3947} INFO - Setting next_dagrun for feature_pipeline to 2026-08-09 18:00:00+00:00, run_after=2026-08-09 19:00:00+00:00
[2026-08-09T18:58:38.378+0000] {processor.py:183} INFO - Processing /opt/airflow/dags/feature_pipeline_dag.py took 1.990 seconds
[2026-08-09T18:59:08.662+0000] {processor.py:161} INFO - Started process (PID=5709) to work on /opt/airflow/dags/feature_pipeline_dag.py
[2026-08-09T18:59:08.665+0000] {processor.py:830} INFO - Processing file /opt/airflow/dags/feature_pipeline_dag.py for tasks to queue
[2026-08-09T18:59:08.668+0000] {logging_mixin.py:188} INFO - [2026-08-09T18:59:08.667+0000] {dagbag.py:545} INFO - Filling up the DagBag from /opt/airflow/dags/feature_pipeline_dag.py
[2026-08-09T18:59:10.648+0000] {processor.py:840} INFO - DAG(s) 'feature_pipeline' retrieved from /opt/airflow/dags/feature_pipeline_dag.py
[2026-08-09T18:59:10.712+0000] {logging_mixin.py:188} INFO - [2026-08-09T18:59:10.712+0000] {dag.py:3089} INFO - Sync 1 DAGs
[2026-08-09T18:59:10.759+0000] {logging_mixin.py:188} INFO - [2026-08-09T18:59:10.758+0000] {dag.py:3947} INFO - Setting next_dagrun for feature_pipeline to 2026-08-09 18:00:00+00:00, run_after=2026-08-09 19:00:00+00:00
[2026-08-09T18:59:10.805+0000] {processor.py:183} INFO - Processing /opt/airflow/dags/feature_pipeline_dag.py took 2.164 seconds
[2026-08-09T18:59:41.405+0000] {processor.py:161} INFO - Started process (PID=5737) to work on /opt/airflow/dags/feature_pipeline_dag.py
[2026-08-09T18:59:41.409+0000] {processor.py:830} INFO - Processing file /opt/airflow/dags/feature_pipeline_dag.py for tasks to queue
[2026-08-09T18:59:41.411+0000] {logging_mixin.py:188} INFO - [2026-08-09T18:59:41.410+0000] {dagbag.py:545} INFO - Filling up the DagBag from /opt/airflow/dags/feature_pipeline_dag.py
[2026-08-09T18:59:43.397+0000] {processor.py:840} INFO - DAG(s) 'feature_pipeline' retrieved from /opt/airflow/dags/feature_pipeline_dag.py
[2026-08-09T18:59:43.473+0000] {logging_mixin.py:188} INFO - [2026-08-09T18:59:43.472+0000] {dag.py:3089} INFO - Sync 1 DAGs
[2026-08-09T18:59:43.523+0000] {logging_mixin.py:188} INFO - [2026-08-09T18:59:43.523+0000] {dag.py:3947} INFO - Setting next_dagrun for feature_pipeline to 2026-08-09 18:00:00+00:00, run_after=2026-08-09 19:00:00+00:00
[2026-08-09T18:59:43.565+0000] {processor.py:183} INFO - Processing /opt/airflow/dags/feature_pipeline_dag.py took 2.182 seconds
[2026-08-09T19:00:13.906+0000] {processor.py:161} INFO - Started process (PID=5770) to work on /opt/airflow/dags/feature_pipeline_dag.py
[2026-08-09T19:00:13.909+0000] {processor.py:830} INFO - Processing file /opt/airflow/dags/feature_pipeline_dag.py for tasks to queue
[2026-08-09T19:00:13.912+0000] {logging_mixin.py:188} INFO - [2026-08-09T19:00:13.911+0000] {dagbag.py:545} INFO - Filling up the DagBag from /opt/airflow/dags/feature_pipeline_dag.py
[2026-08-09T19:00:16.210+0000] {processor.py:840} INFO - DAG(s) 'feature_pipeline' retrieved from /opt/airflow/dags/feature_pipeline_dag.py
[2026-08-09T19:00:16.282+0000] {logging_mixin.py:188} INFO - [2026-08-09T19:00:16.281+0000] {dag.py:3089} INFO - Sync 1 DAGs
[2026-08-09T19:00:16.361+0000] {logging_mixin.py:188} INFO - [2026-08-09T19:00:16.360+0000] {dag.py:3947} INFO - Setting next_dagrun for feature_pipeline to 2026-08-09 19:00:00+00:00, run_after=2026-08-09 20:00:00+00:00
[2026-08-09T19:00:16.404+0000] {processor.py:183} INFO - Processing /opt/airflow/dags/feature_pipeline_dag.py took 2.522 seconds
[2026-08-09T19:00:49.203+0000] {processor.py:161} INFO - Started process (PID=5811) to work on /opt/airflow/dags/feature_pipeline_dag.py
[2026-08-09T19:00:49.337+0000] {processor.py:830} INFO - Processing file /opt/airflow/dags/feature_pipeline_dag.py for tasks to queue
[2026-08-09T19:00:49.504+0000] {logging_mixin.py:188} INFO - [2026-08-09T19:00:49.398+0000] {dagbag.py:545} INFO - Filling up the DagBag from /opt/airflow/dags/feature_pipeline_dag.py
[2026-08-09T19:01:22.097+0000] {logging_mixin.py:188} INFO - [2026-08-09T19:01:22.096+0000] {timeout.py:68} ERROR - Process timed out, PID: 5811
[2026-08-09T19:01:22.098+0000] {logging_mixin.py:188} WARNING - Exception ignored in: <function WeakKeyDictionary.__init__.<locals>.remove at 0x736169268cc0>
[2026-08-09T19:01:22.099+0000] {logging_mixin.py:188} WARNING - Traceback (most recent call last):
[2026-08-09T19:01:22.099+0000] {logging_mixin.py:188} WARNING -   File "/usr/local/lib/python3.11/weakref.py", line 369, in remove
[2026-08-09T19:01:22.101+0000] {logging_mixin.py:188} WARNING -     def remove(k, selfref=ref(self)):
[2026-08-09T19:01:22.101+0000] {logging_mixin.py:188} WARNING -   File "/home/airflow/.local/lib/python3.11/site-packages/airflow/utils/timeout.py", line 69, in handle_timeout
[2026-08-09T19:01:22.102+0000] {logging_mixin.py:188} WARNING -     raise AirflowTaskTimeout(self.error_message)
[2026-08-09T19:01:22.103+0000] {logging_mixin.py:188} WARNING - airflow.exceptions.AirflowTaskTimeout: DagBag import timeout for /opt/airflow/dags/feature_pipeline_dag.py after 30.0s.
Please take a look at these docs to improve your DAG import time:
* https://airflow.apache.org/docs/apache-airflow/2.9.3/best-practices.html#top-level-python-code
* https://airflow.apache.org/docs/apache-airflow/2.9.3/best-practices.html#reducing-dag-complexity, PID: 5811
[2026-08-09T19:01:22.616+0000] {processor.py:840} INFO - DAG(s) 'feature_pipeline' retrieved from /opt/airflow/dags/feature_pipeline_dag.py
[2026-08-09T19:01:22.870+0000] {logging_mixin.py:188} INFO - [2026-08-09T19:01:22.869+0000] {dag.py:3089} INFO - Sync 1 DAGs
[2026-08-09T19:01:23.058+0000] {logging_mixin.py:188} INFO - [2026-08-09T19:01:23.056+0000] {dag.py:3947} INFO - Setting next_dagrun for feature_pipeline to 2026-08-09 19:00:00+00:00, run_after=2026-08-09 20:00:00+00:00
[2026-08-09T19:01:23.134+0000] {processor.py:183} INFO - Processing /opt/airflow/dags/feature_pipeline_dag.py took 36.764 seconds
[2026-08-09T19:01:53.729+0000] {processor.py:161} INFO - Started process (PID=5920) to work on /opt/airflow/dags/feature_pipeline_dag.py
[2026-08-09T19:01:53.731+0000] {processor.py:830} INFO - Processing file /opt/airflow/dags/feature_pipeline_dag.py for tasks to queue
[2026-08-09T19:01:53.734+0000] {logging_mixin.py:188} INFO - [2026-08-09T19:01:53.733+0000] {dagbag.py:545} INFO - Filling up the DagBag from /opt/airflow/dags/feature_pipeline_dag.py
[2026-08-09T19:01:57.572+0000] {processor.py:840} INFO - DAG(s) 'feature_pipeline' retrieved from /opt/airflow/dags/feature_pipeline_dag.py
[2026-08-09T19:01:57.620+0000] {logging_mixin.py:188} INFO - [2026-08-09T19:01:57.620+0000] {dag.py:3089} INFO - Sync 1 DAGs
[2026-08-09T19:01:57.720+0000] {logging_mixin.py:188} INFO - [2026-08-09T19:01:57.719+0000] {dag.py:3947} INFO - Setting next_dagrun for feature_pipeline to 2026-08-09 19:00:00+00:00, run_after=2026-08-09 20:00:00+00:00
[2026-08-09T19:01:57.781+0000] {processor.py:183} INFO - Processing /opt/airflow/dags/feature_pipeline_dag.py took 4.094 seconds
[2026-08-09T19:02:29.377+0000] {processor.py:161} INFO - Started process (PID=5990) to work on /opt/airflow/dags/feature_pipeline_dag.py
[2026-08-09T19:02:29.380+0000] {processor.py:830} INFO - Processing file /opt/airflow/dags/feature_pipeline_dag.py for tasks to queue
[2026-08-09T19:02:29.383+0000] {logging_mixin.py:188} INFO - [2026-08-09T19:02:29.382+0000] {dagbag.py:545} INFO - Filling up the DagBag from /opt/airflow/dags/feature_pipeline_dag.py
[2026-08-09T19:02:30.468+0000] {processor.py:840} INFO - DAG(s) 'feature_pipeline' retrieved from /opt/airflow/dags/feature_pipeline_dag.py
[2026-08-09T19:02:30.520+0000] {logging_mixin.py:188} INFO - [2026-08-09T19:02:30.519+0000] {dag.py:3089} INFO - Sync 1 DAGs
[2026-08-09T19:02:30.560+0000] {logging_mixin.py:188} INFO - [2026-08-09T19:02:30.560+0000] {dag.py:3947} INFO - Setting next_dagrun for feature_pipeline to 2026-08-09 19:00:00+00:00, run_after=2026-08-09 20:00:00+00:00
[2026-08-09T19:02:30.595+0000] {processor.py:183} INFO - Processing /opt/airflow/dags/feature_pipeline_dag.py took 2.149 seconds
[2026-08-09T19:03:00.803+0000] {processor.py:161} INFO - Started process (PID=6015) to work on /opt/airflow/dags/feature_pipeline_dag.py
[2026-08-09T19:03:00.805+0000] {processor.py:830} INFO - Processing file /opt/airflow/dags/feature_pipeline_dag.py for tasks to queue
[2026-08-09T19:03:00.808+0000] {logging_mixin.py:188} INFO - [2026-08-09T19:03:00.807+0000] {dagbag.py:545} INFO - Filling up the DagBag from /opt/airflow/dags/feature_pipeline_dag.py
[2026-08-09T19:03:02.929+0000] {processor.py:840} INFO - DAG(s) 'feature_pipeline' retrieved from /opt/airflow/dags/feature_pipeline_dag.py
[2026-08-09T19:03:02.991+0000] {logging_mixin.py:188} INFO - [2026-08-09T19:03:02.990+0000] {dag.py:3089} INFO - Sync 1 DAGs
[2026-08-09T19:03:03.035+0000] {logging_mixin.py:188} INFO - [2026-08-09T19:03:03.034+0000] {dag.py:3947} INFO - Setting next_dagrun for feature_pipeline to 2026-08-09 19:00:00+00:00, run_after=2026-08-09 20:00:00+00:00
[2026-08-09T19:03:03.074+0000] {processor.py:183} INFO - Processing /opt/airflow/dags/feature_pipeline_dag.py took 2.295 seconds
[2026-08-09T19:03:33.407+0000] {processor.py:161} INFO - Started process (PID=6075) to work on /opt/airflow/dags/feature_pipeline_dag.py
[2026-08-09T19:03:33.410+0000] {processor.py:830} INFO - Processing file /opt/airflow/dags/feature_pipeline_dag.py for tasks to queue
[2026-08-09T19:03:33.412+0000] {logging_mixin.py:188} INFO - [2026-08-09T19:03:33.411+0000] {dagbag.py:545} INFO - Filling up the DagBag from /opt/airflow/dags/feature_pipeline_dag.py
[2026-08-09T19:03:36.299+0000] {processor.py:840} INFO - DAG(s) 'feature_pipeline' retrieved from /opt/airflow/dags/feature_pipeline_dag.py
[2026-08-09T19:03:36.567+0000] {logging_mixin.py:188} INFO - [2026-08-09T19:03:36.566+0000] {dag.py:3089} INFO - Sync 1 DAGs
[2026-08-09T19:03:36.633+0000] {logging_mixin.py:188} INFO - [2026-08-09T19:03:36.633+0000] {dag.py:3947} INFO - Setting next_dagrun for feature_pipeline to 2026-08-09 19:00:00+00:00, run_after=2026-08-09 20:00:00+00:00
[2026-08-09T19:03:36.684+0000] {processor.py:183} INFO - Processing /opt/airflow/dags/feature_pipeline_dag.py took 3.296 seconds
[2026-08-09T19:04:07.487+0000] {processor.py:161} INFO - Started process (PID=6118) to work on /opt/airflow/dags/feature_pipeline_dag.py
[2026-08-09T19:04:07.490+0000] {processor.py:830} INFO - Processing file /opt/airflow/dags/feature_pipeline_dag.py for tasks to queue
[2026-08-09T19:04:07.493+0000] {logging_mixin.py:188} INFO - [2026-08-09T19:04:07.492+0000] {dagbag.py:545} INFO - Filling up the DagBag from /opt/airflow/dags/feature_pipeline_dag.py
[2026-08-09T19:04:09.397+0000] {processor.py:840} INFO - DAG(s) 'feature_pipeline' retrieved from /opt/airflow/dags/feature_pipeline_dag.py
[2026-08-09T19:04:09.448+0000] {logging_mixin.py:188} INFO - [2026-08-09T19:04:09.447+0000] {dag.py:3089} INFO - Sync 1 DAGs
[2026-08-09T19:04:09.488+0000] {logging_mixin.py:188} INFO - [2026-08-09T19:04:09.487+0000] {dag.py:3947} INFO - Setting next_dagrun for feature_pipeline to 2026-08-09 19:00:00+00:00, run_after=2026-08-09 20:00:00+00:00
[2026-08-09T19:04:09.528+0000] {processor.py:183} INFO - Processing /opt/airflow/dags/feature_pipeline_dag.py took 2.063 seconds
[2026-08-09T19:04:39.995+0000] {processor.py:161} INFO - Started process (PID=6133) to work on /opt/airflow/dags/feature_pipeline_dag.py
[2026-08-09T19:04:39.998+0000] {processor.py:830} INFO - Processing file /opt/airflow/dags/feature_pipeline_dag.py for tasks to queue
[2026-08-09T19:04:40.001+0000] {logging_mixin.py:188} INFO - [2026-08-09T19:04:39.999+0000] {dagbag.py:545} INFO - Filling up the DagBag from /opt/airflow/dags/feature_pipeline_dag.py
[2026-08-09T19:04:41.835+0000] {processor.py:840} INFO - DAG(s) 'feature_pipeline' retrieved from /opt/airflow/dags/feature_pipeline_dag.py
[2026-08-09T19:04:41.884+0000] {logging_mixin.py:188} INFO - [2026-08-09T19:04:41.883+0000] {dag.py:3089} INFO - Sync 1 DAGs
[2026-08-09T19:04:41.921+0000] {logging_mixin.py:188} INFO - [2026-08-09T19:04:41.920+0000] {dag.py:3947} INFO - Setting next_dagrun for feature_pipeline to 2026-08-09 19:00:00+00:00, run_after=2026-08-09 20:00:00+00:00
[2026-08-09T19:04:41.958+0000] {processor.py:183} INFO - Processing /opt/airflow/dags/feature_pipeline_dag.py took 1.984 seconds
[2026-08-09T19:22:46.002+0000] {processor.py:161} INFO - Started process (PID=6161) to work on /opt/airflow/dags/feature_pipeline_dag.py
[2026-08-09T19:22:46.004+0000] {processor.py:830} INFO - Processing file /opt/airflow/dags/feature_pipeline_dag.py for tasks to queue
[2026-08-09T19:22:46.007+0000] {logging_mixin.py:188} INFO - [2026-08-09T19:22:46.005+0000] {dagbag.py:545} INFO - Filling up the DagBag from /opt/airflow/dags/feature_pipeline_dag.py
[2026-08-09T19:22:48.013+0000] {processor.py:840} INFO - DAG(s) 'feature_pipeline' retrieved from /opt/airflow/dags/feature_pipeline_dag.py
[2026-08-09T19:22:48.130+0000] {logging_mixin.py:188} INFO - [2026-08-09T19:22:48.129+0000] {dag.py:3089} INFO - Sync 1 DAGs
[2026-08-09T19:22:48.286+0000] {logging_mixin.py:188} INFO - [2026-08-09T19:22:48.285+0000] {dag.py:3947} INFO - Setting next_dagrun for feature_pipeline to 2026-08-09 19:00:00+00:00, run_after=2026-08-09 20:00:00+00:00
[2026-08-09T19:22:48.392+0000] {processor.py:183} INFO - Processing /opt/airflow/dags/feature_pipeline_dag.py took 2.412 seconds
[2026-08-09T19:23:19.108+0000] {processor.py:161} INFO - Started process (PID=6189) to work on /opt/airflow/dags/feature_pipeline_dag.py
[2026-08-09T19:23:19.111+0000] {processor.py:830} INFO - Processing file /opt/airflow/dags/feature_pipeline_dag.py for tasks to queue
[2026-08-09T19:23:19.113+0000] {logging_mixin.py:188} INFO - [2026-08-09T19:23:19.112+0000] {dagbag.py:545} INFO - Filling up the DagBag from /opt/airflow/dags/feature_pipeline_dag.py
[2026-08-09T19:23:20.607+0000] {processor.py:840} INFO - DAG(s) 'feature_pipeline' retrieved from /opt/airflow/dags/feature_pipeline_dag.py
[2026-08-09T19:23:20.653+0000] {logging_mixin.py:188} INFO - [2026-08-09T19:23:20.652+0000] {dag.py:3089} INFO - Sync 1 DAGs
[2026-08-09T19:23:20.688+0000] {logging_mixin.py:188} INFO - [2026-08-09T19:23:20.687+0000] {dag.py:3947} INFO - Setting next_dagrun for feature_pipeline to 2026-08-09 19:00:00+00:00, run_after=2026-08-09 20:00:00+00:00
[2026-08-09T19:23:20.719+0000] {processor.py:183} INFO - Processing /opt/airflow/dags/feature_pipeline_dag.py took 1.628 seconds
[2026-08-09T19:23:51.195+0000] {processor.py:161} INFO - Started process (PID=6204) to work on /opt/airflow/dags/feature_pipeline_dag.py
[2026-08-09T19:23:51.197+0000] {processor.py:830} INFO - Processing file /opt/airflow/dags/feature_pipeline_dag.py for tasks to queue
[2026-08-09T19:23:51.199+0000] {logging_mixin.py:188} INFO - [2026-08-09T19:23:51.199+0000] {dagbag.py:545} INFO - Filling up the DagBag from /opt/airflow/dags/feature_pipeline_dag.py
[2026-08-09T19:23:52.827+0000] {processor.py:840} INFO - DAG(s) 'feature_pipeline' retrieved from /opt/airflow/dags/feature_pipeline_dag.py
[2026-08-09T19:23:52.878+0000] {logging_mixin.py:188} INFO - [2026-08-09T19:23:52.877+0000] {dag.py:3089} INFO - Sync 1 DAGs
[2026-08-09T19:23:52.914+0000] {logging_mixin.py:188} INFO - [2026-08-09T19:23:52.914+0000] {dag.py:3947} INFO - Setting next_dagrun for feature_pipeline to 2026-08-09 19:00:00+00:00, run_after=2026-08-09 20:00:00+00:00
[2026-08-09T19:23:52.944+0000] {processor.py:183} INFO - Processing /opt/airflow/dags/feature_pipeline_dag.py took 1.766 seconds
[2026-08-09T19:24:23.575+0000] {processor.py:161} INFO - Started process (PID=6235) to work on /opt/airflow/dags/feature_pipeline_dag.py
[2026-08-09T19:24:23.578+0000] {processor.py:830} INFO - Processing file /opt/airflow/dags/feature_pipeline_dag.py for tasks to queue
[2026-08-09T19:24:23.581+0000] {logging_mixin.py:188} INFO - [2026-08-09T19:24:23.580+0000] {dagbag.py:545} INFO - Filling up the DagBag from /opt/airflow/dags/feature_pipeline_dag.py
[2026-08-09T19:24:25.588+0000] {processor.py:840} INFO - DAG(s) 'feature_pipeline' retrieved from /opt/airflow/dags/feature_pipeline_dag.py
[2026-08-09T19:24:25.639+0000] {logging_mixin.py:188} INFO - [2026-08-09T19:24:25.638+0000] {dag.py:3089} INFO - Sync 1 DAGs
[2026-08-09T19:24:25.684+0000] {logging_mixin.py:188} INFO - [2026-08-09T19:24:25.684+0000] {dag.py:3947} INFO - Setting next_dagrun for feature_pipeline to 2026-08-09 19:00:00+00:00, run_after=2026-08-09 20:00:00+00:00
[2026-08-09T19:24:25.723+0000] {processor.py:183} INFO - Processing /opt/airflow/dags/feature_pipeline_dag.py took 2.168 seconds
[2026-08-09T19:24:56.103+0000] {processor.py:161} INFO - Started process (PID=6266) to work on /opt/airflow/dags/feature_pipeline_dag.py
[2026-08-09T19:24:56.105+0000] {processor.py:830} INFO - Processing file /opt/airflow/dags/feature_pipeline_dag.py for tasks to queue
[2026-08-09T19:24:56.111+0000] {logging_mixin.py:188} INFO - [2026-08-09T19:24:56.110+0000] {dagbag.py:545} INFO - Filling up the DagBag from /opt/airflow/dags/feature_pipeline_dag.py
[2026-08-09T19:24:58.112+0000] {processor.py:840} INFO - DAG(s) 'feature_pipeline' retrieved from /opt/airflow/dags/feature_pipeline_dag.py
[2026-08-09T19:24:58.173+0000] {logging_mixin.py:188} INFO - [2026-08-09T19:24:58.172+0000] {dag.py:3089} INFO - Sync 1 DAGs
[2026-08-09T19:24:58.217+0000] {logging_mixin.py:188} INFO - [2026-08-09T19:24:58.216+0000] {dag.py:3947} INFO - Setting next_dagrun for feature_pipeline to 2026-08-09 19:00:00+00:00, run_after=2026-08-09 20:00:00+00:00
[2026-08-09T19:24:58.252+0000] {processor.py:183} INFO - Processing /opt/airflow/dags/feature_pipeline_dag.py took 2.178 seconds
[2026-08-09T19:25:28.462+0000] {processor.py:161} INFO - Started process (PID=6297) to work on /opt/airflow/dags/feature_pipeline_dag.py
[2026-08-09T19:25:28.464+0000] {processor.py:830} INFO - Processing file /opt/airflow/dags/feature_pipeline_dag.py for tasks to queue
[2026-08-09T19:25:28.466+0000] {logging_mixin.py:188} INFO - [2026-08-09T19:25:28.465+0000] {dagbag.py:545} INFO - Filling up the DagBag from /opt/airflow/dags/feature_pipeline_dag.py
[2026-08-09T19:25:29.989+0000] {processor.py:840} INFO - DAG(s) 'feature_pipeline' retrieved from /opt/airflow/dags/feature_pipeline_dag.py
[2026-08-09T19:25:30.044+0000] {logging_mixin.py:188} INFO - [2026-08-09T19:25:30.043+0000] {dag.py:3089} INFO - Sync 1 DAGs
[2026-08-09T19:25:30.097+0000] {logging_mixin.py:188} INFO - [2026-08-09T19:25:30.097+0000] {dag.py:3947} INFO - Setting next_dagrun for feature_pipeline to 2026-08-09 19:00:00+00:00, run_after=2026-08-09 20:00:00+00:00
[2026-08-09T19:25:30.140+0000] {processor.py:183} INFO - Processing /opt/airflow/dags/feature_pipeline_dag.py took 2.077 seconds
[2026-08-09T19:26:00.701+0000] {processor.py:161} INFO - Started process (PID=6326) to work on /opt/airflow/dags/feature_pipeline_dag.py
[2026-08-09T19:26:00.703+0000] {processor.py:830} INFO - Processing file /opt/airflow/dags/feature_pipeline_dag.py for tasks to queue
[2026-08-09T19:26:00.705+0000] {logging_mixin.py:188} INFO - [2026-08-09T19:26:00.705+0000] {dagbag.py:545} INFO - Filling up the DagBag from /opt/airflow/dags/feature_pipeline_dag.py
[2026-08-09T19:26:02.567+0000] {processor.py:840} INFO - DAG(s) 'feature_pipeline' retrieved from /opt/airflow/dags/feature_pipeline_dag.py
[2026-08-09T19:26:02.619+0000] {logging_mixin.py:188} INFO - [2026-08-09T19:26:02.618+0000] {dag.py:3089} INFO - Sync 1 DAGs
[2026-08-09T19:26:02.662+0000] {logging_mixin.py:188} INFO - [2026-08-09T19:26:02.662+0000] {dag.py:3947} INFO - Setting next_dagrun for feature_pipeline to 2026-08-09 19:00:00+00:00, run_after=2026-08-09 20:00:00+00:00
[2026-08-09T19:26:02.700+0000] {processor.py:183} INFO - Processing /opt/airflow/dags/feature_pipeline_dag.py took 2.021 seconds
[2026-08-09T19:26:32.983+0000] {processor.py:161} INFO - Started process (PID=6344) to work on /opt/airflow/dags/feature_pipeline_dag.py
[2026-08-09T19:26:32.986+0000] {processor.py:830} INFO - Processing file /opt/airflow/dags/feature_pipeline_dag.py for tasks to queue
[2026-08-09T19:26:32.988+0000] {logging_mixin.py:188} INFO - [2026-08-09T19:26:32.987+0000] {dagbag.py:545} INFO - Filling up the DagBag from /opt/airflow/dags/feature_pipeline_dag.py
[2026-08-09T19:26:34.993+0000] {processor.py:840} INFO - DAG(s) 'feature_pipeline' retrieved from /opt/airflow/dags/feature_pipeline_dag.py
[2026-08-09T19:26:35.057+0000] {logging_mixin.py:188} INFO - [2026-08-09T19:26:35.056+0000] {dag.py:3089} INFO - Sync 1 DAGs
[2026-08-09T19:26:35.106+0000] {logging_mixin.py:188} INFO - [2026-08-09T19:26:35.106+0000] {dag.py:3947} INFO - Setting next_dagrun for feature_pipeline to 2026-08-09 19:00:00+00:00, run_after=2026-08-09 20:00:00+00:00
[2026-08-09T19:26:35.141+0000] {processor.py:183} INFO - Processing /opt/airflow/dags/feature_pipeline_dag.py took 2.183 seconds
[2026-08-09T19:27:05.491+0000] {processor.py:161} INFO - Started process (PID=6371) to work on /opt/airflow/dags/feature_pipeline_dag.py
[2026-08-09T19:27:05.494+0000] {processor.py:830} INFO - Processing file /opt/airflow/dags/feature_pipeline_dag.py for tasks to queue
[2026-08-09T19:27:05.496+0000] {logging_mixin.py:188} INFO - [2026-08-09T19:27:05.495+0000] {dagbag.py:545} INFO - Filling up the DagBag from /opt/airflow/dags/feature_pipeline_dag.py
[2026-08-09T19:27:07.287+0000] {processor.py:840} INFO - DAG(s) 'feature_pipeline' retrieved from /opt/airflow/dags/feature_pipeline_dag.py
[2026-08-09T19:27:07.341+0000] {logging_mixin.py:188} INFO - [2026-08-09T19:27:07.340+0000] {dag.py:3089} INFO - Sync 1 DAGs
[2026-08-09T19:27:07.380+0000] {logging_mixin.py:188} INFO - [2026-08-09T19:27:07.380+0000] {dag.py:3947} INFO - Setting next_dagrun for feature_pipeline to 2026-08-09 19:00:00+00:00, run_after=2026-08-09 20:00:00+00:00
[2026-08-09T19:27:07.420+0000] {processor.py:183} INFO - Processing /opt/airflow/dags/feature_pipeline_dag.py took 1.947 seconds
[2026-08-09T19:27:38.069+0000] {processor.py:161} INFO - Started process (PID=6402) to work on /opt/airflow/dags/feature_pipeline_dag.py
[2026-08-09T19:27:38.074+0000] {processor.py:830} INFO - Processing file /opt/airflow/dags/feature_pipeline_dag.py for tasks to queue
[2026-08-09T19:27:38.081+0000] {logging_mixin.py:188} INFO - [2026-08-09T19:27:38.076+0000] {dagbag.py:545} INFO - Filling up the DagBag from /opt/airflow/dags/feature_pipeline_dag.py
[2026-08-09T19:27:40.088+0000] {processor.py:840} INFO - DAG(s) 'feature_pipeline' retrieved from /opt/airflow/dags/feature_pipeline_dag.py
[2026-08-09T19:27:40.140+0000] {logging_mixin.py:188} INFO - [2026-08-09T19:27:40.139+0000] {dag.py:3089} INFO - Sync 1 DAGs
[2026-08-09T19:27:40.180+0000] {logging_mixin.py:188} INFO - [2026-08-09T19:27:40.180+0000] {dag.py:3947} INFO - Setting next_dagrun for feature_pipeline to 2026-08-09 19:00:00+00:00, run_after=2026-08-09 20:00:00+00:00
[2026-08-09T19:27:40.220+0000] {processor.py:183} INFO - Processing /opt/airflow/dags/feature_pipeline_dag.py took 2.178 seconds
[2026-08-09T19:28:10.595+0000] {processor.py:161} INFO - Started process (PID=6433) to work on /opt/airflow/dags/feature_pipeline_dag.py
[2026-08-09T19:28:10.598+0000] {processor.py:830} INFO - Processing file /opt/airflow/dags/feature_pipeline_dag.py for tasks to queue
[2026-08-09T19:28:10.600+0000] {logging_mixin.py:188} INFO - [2026-08-09T19:28:10.599+0000] {dagbag.py:545} INFO - Filling up the DagBag from /opt/airflow/dags/feature_pipeline_dag.py
[2026-08-09T19:28:12.485+0000] {processor.py:840} INFO - DAG(s) 'feature_pipeline' retrieved from /opt/airflow/dags/feature_pipeline_dag.py
[2026-08-09T19:28:12.537+0000] {logging_mixin.py:188} INFO - [2026-08-09T19:28:12.536+0000] {dag.py:3089} INFO - Sync 1 DAGs
[2026-08-09T19:28:12.581+0000] {logging_mixin.py:188} INFO - [2026-08-09T19:28:12.581+0000] {dag.py:3947} INFO - Setting next_dagrun for feature_pipeline to 2026-08-09 19:00:00+00:00, run_after=2026-08-09 20:00:00+00:00
[2026-08-09T19:28:12.622+0000] {processor.py:183} INFO - Processing /opt/airflow/dags/feature_pipeline_dag.py took 2.046 seconds
[2026-08-09T19:28:43.139+0000] {processor.py:161} INFO - Started process (PID=6464) to work on /opt/airflow/dags/feature_pipeline_dag.py
[2026-08-09T19:28:43.143+0000] {processor.py:830} INFO - Processing file /opt/airflow/dags/feature_pipeline_dag.py for tasks to queue
[2026-08-09T19:28:43.146+0000] {logging_mixin.py:188} INFO - [2026-08-09T19:28:43.145+0000] {dagbag.py:545} INFO - Filling up the DagBag from /opt/airflow/dags/feature_pipeline_dag.py
[2026-08-09T19:28:45.273+0000] {processor.py:840} INFO - DAG(s) 'feature_pipeline' retrieved from /opt/airflow/dags/feature_pipeline_dag.py
[2026-08-09T19:28:45.348+0000] {logging_mixin.py:188} INFO - [2026-08-09T19:28:45.347+0000] {dag.py:3089} INFO - Sync 1 DAGs
[2026-08-09T19:28:45.410+0000] {logging_mixin.py:188} INFO - [2026-08-09T19:28:45.409+0000] {dag.py:3947} INFO - Setting next_dagrun for feature_pipeline to 2026-08-09 19:00:00+00:00, run_after=2026-08-09 20:00:00+00:00
[2026-08-09T19:28:45.458+0000] {processor.py:183} INFO - Processing /opt/airflow/dags/feature_pipeline_dag.py took 2.345 seconds
[2026-08-09T19:29:15.783+0000] {processor.py:161} INFO - Started process (PID=6492) to work on /opt/airflow/dags/feature_pipeline_dag.py
[2026-08-09T19:29:15.786+0000] {processor.py:830} INFO - Processing file /opt/airflow/dags/feature_pipeline_dag.py for tasks to queue
[2026-08-09T19:29:15.790+0000] {logging_mixin.py:188} INFO - [2026-08-09T19:29:15.788+0000] {dagbag.py:545} INFO - Filling up the DagBag from /opt/airflow/dags/feature_pipeline_dag.py
[2026-08-09T19:29:25.534+0000] {processor.py:840} INFO - DAG(s) 'feature_pipeline' retrieved from /opt/airflow/dags/feature_pipeline_dag.py
[2026-08-09T19:29:25.730+0000] {logging_mixin.py:188} INFO - [2026-08-09T19:29:25.729+0000] {dag.py:3089} INFO - Sync 1 DAGs
[2026-08-09T19:29:25.795+0000] {logging_mixin.py:188} INFO - [2026-08-09T19:29:25.795+0000] {dag.py:3947} INFO - Setting next_dagrun for feature_pipeline to 2026-08-09 19:00:00+00:00, run_after=2026-08-09 20:00:00+00:00
[2026-08-09T19:29:25.867+0000] {processor.py:183} INFO - Processing /opt/airflow/dags/feature_pipeline_dag.py took 10.579 seconds
[2026-08-09T19:29:56.902+0000] {processor.py:161} INFO - Started process (PID=6510) to work on /opt/airflow/dags/feature_pipeline_dag.py
[2026-08-09T19:29:56.906+0000] {processor.py:830} INFO - Processing file /opt/airflow/dags/feature_pipeline_dag.py for tasks to queue
[2026-08-09T19:29:56.909+0000] {logging_mixin.py:188} INFO - [2026-08-09T19:29:56.908+0000] {dagbag.py:545} INFO - Filling up the DagBag from /opt/airflow/dags/feature_pipeline_dag.py
[2026-08-09T19:29:58.784+0000] {processor.py:840} INFO - DAG(s) 'feature_pipeline' retrieved from /opt/airflow/dags/feature_pipeline_dag.py
[2026-08-09T19:29:58.847+0000] {logging_mixin.py:188} INFO - [2026-08-09T19:29:58.846+0000] {dag.py:3089} INFO - Sync 1 DAGs
[2026-08-09T19:29:58.888+0000] {logging_mixin.py:188} INFO - [2026-08-09T19:29:58.887+0000] {dag.py:3947} INFO - Setting next_dagrun for feature_pipeline to 2026-08-09 19:00:00+00:00, run_after=2026-08-09 20:00:00+00:00
[2026-08-09T19:29:58.923+0000] {processor.py:183} INFO - Processing /opt/airflow/dags/feature_pipeline_dag.py took 2.056 seconds
[2026-08-09T19:30:29.166+0000] {processor.py:161} INFO - Started process (PID=6538) to work on /opt/airflow/dags/feature_pipeline_dag.py
[2026-08-09T19:30:29.168+0000] {processor.py:830} INFO - Processing file /opt/airflow/dags/feature_pipeline_dag.py for tasks to queue
[2026-08-09T19:30:29.171+0000] {logging_mixin.py:188} INFO - [2026-08-09T19:30:29.170+0000] {dagbag.py:545} INFO - Filling up the DagBag from /opt/airflow/dags/feature_pipeline_dag.py
[2026-08-09T19:30:31.056+0000] {processor.py:840} INFO - DAG(s) 'feature_pipeline' retrieved from /opt/airflow/dags/feature_pipeline_dag.py
[2026-08-09T19:30:31.111+0000] {logging_mixin.py:188} INFO - [2026-08-09T19:30:31.110+0000] {dag.py:3089} INFO - Sync 1 DAGs
[2026-08-09T19:30:31.161+0000] {logging_mixin.py:188} INFO - [2026-08-09T19:30:31.160+0000] {dag.py:3947} INFO - Setting next_dagrun for feature_pipeline to 2026-08-09 19:00:00+00:00, run_after=2026-08-09 20:00:00+00:00
[2026-08-09T19:30:31.205+0000] {processor.py:183} INFO - Processing /opt/airflow/dags/feature_pipeline_dag.py took 2.059 seconds
[2026-08-09T19:31:01.788+0000] {processor.py:161} INFO - Started process (PID=6569) to work on /opt/airflow/dags/feature_pipeline_dag.py
[2026-08-09T19:31:01.791+0000] {processor.py:830} INFO - Processing file /opt/airflow/dags/feature_pipeline_dag.py for tasks to queue
[2026-08-09T19:31:01.793+0000] {logging_mixin.py:188} INFO - [2026-08-09T19:31:01.792+0000] {dagbag.py:545} INFO - Filling up the DagBag from /opt/airflow/dags/feature_pipeline_dag.py
[2026-08-09T19:31:03.661+0000] {processor.py:840} INFO - DAG(s) 'feature_pipeline' retrieved from /opt/airflow/dags/feature_pipeline_dag.py
[2026-08-09T19:31:03.709+0000] {logging_mixin.py:188} INFO - [2026-08-09T19:31:03.709+0000] {dag.py:3089} INFO - Sync 1 DAGs
[2026-08-09T19:31:03.749+0000] {logging_mixin.py:188} INFO - [2026-08-09T19:31:03.749+0000] {dag.py:3947} INFO - Setting next_dagrun for feature_pipeline to 2026-08-09 19:00:00+00:00, run_after=2026-08-09 20:00:00+00:00
[2026-08-09T19:31:03.788+0000] {processor.py:183} INFO - Processing /opt/airflow/dags/feature_pipeline_dag.py took 2.020 seconds
[2026-08-09T19:31:34.121+0000] {processor.py:161} INFO - Started process (PID=6600) to work on /opt/airflow/dags/feature_pipeline_dag.py
[2026-08-09T19:31:34.123+0000] {processor.py:830} INFO - Processing file /opt/airflow/dags/feature_pipeline_dag.py for tasks to queue
[2026-08-09T19:31:34.127+0000] {logging_mixin.py:188} INFO - [2026-08-09T19:31:34.125+0000] {dagbag.py:545} INFO - Filling up the DagBag from /opt/airflow/dags/feature_pipeline_dag.py
[2026-08-09T19:31:36.154+0000] {processor.py:840} INFO - DAG(s) 'feature_pipeline' retrieved from /opt/airflow/dags/feature_pipeline_dag.py
[2026-08-09T19:31:36.218+0000] {logging_mixin.py:188} INFO - [2026-08-09T19:31:36.217+0000] {dag.py:3089} INFO - Sync 1 DAGs
[2026-08-09T19:31:36.263+0000] {logging_mixin.py:188} INFO - [2026-08-09T19:31:36.263+0000] {dag.py:3947} INFO - Setting next_dagrun for feature_pipeline to 2026-08-09 19:00:00+00:00, run_after=2026-08-09 20:00:00+00:00
[2026-08-09T19:31:36.301+0000] {processor.py:183} INFO - Processing /opt/airflow/dags/feature_pipeline_dag.py took 2.199 seconds
[2026-08-09T19:32:06.580+0000] {processor.py:161} INFO - Started process (PID=6631) to work on /opt/airflow/dags/feature_pipeline_dag.py
[2026-08-09T19:32:06.583+0000] {processor.py:830} INFO - Processing file /opt/airflow/dags/feature_pipeline_dag.py for tasks to queue
[2026-08-09T19:32:06.585+0000] {logging_mixin.py:188} INFO - [2026-08-09T19:32:06.584+0000] {dagbag.py:545} INFO - Filling up the DagBag from /opt/airflow/dags/feature_pipeline_dag.py
[2026-08-09T19:32:08.499+0000] {processor.py:840} INFO - DAG(s) 'feature_pipeline' retrieved from /opt/airflow/dags/feature_pipeline_dag.py
[2026-08-09T19:32:08.550+0000] {logging_mixin.py:188} INFO - [2026-08-09T19:32:08.550+0000] {dag.py:3089} INFO - Sync 1 DAGs
[2026-08-09T19:32:08.598+0000] {logging_mixin.py:188} INFO - [2026-08-09T19:32:08.598+0000] {dag.py:3947} INFO - Setting next_dagrun for feature_pipeline to 2026-08-09 19:00:00+00:00, run_after=2026-08-09 20:00:00+00:00
[2026-08-09T19:32:08.634+0000] {processor.py:183} INFO - Processing /opt/airflow/dags/feature_pipeline_dag.py took 2.074 seconds
[2026-08-09T19:32:39.782+0000] {processor.py:161} INFO - Started process (PID=6659) to work on /opt/airflow/dags/feature_pipeline_dag.py
[2026-08-09T19:32:39.785+0000] {processor.py:830} INFO - Processing file /opt/airflow/dags/feature_pipeline_dag.py for tasks to queue
[2026-08-09T19:32:39.787+0000] {logging_mixin.py:188} INFO - [2026-08-09T19:32:39.786+0000] {dagbag.py:545} INFO - Filling up the DagBag from /opt/airflow/dags/feature_pipeline_dag.py
[2026-08-09T19:32:41.526+0000] {processor.py:840} INFO - DAG(s) 'feature_pipeline' retrieved from /opt/airflow/dags/feature_pipeline_dag.py
[2026-08-09T19:32:41.581+0000] {logging_mixin.py:188} INFO - [2026-08-09T19:32:41.580+0000] {dag.py:3089} INFO - Sync 1 DAGs
[2026-08-09T19:32:41.618+0000] {logging_mixin.py:188} INFO - [2026-08-09T19:32:41.618+0000] {dag.py:3947} INFO - Setting next_dagrun for feature_pipeline to 2026-08-09 19:00:00+00:00, run_after=2026-08-09 20:00:00+00:00
[2026-08-09T19:32:41.654+0000] {processor.py:183} INFO - Processing /opt/airflow/dags/feature_pipeline_dag.py took 2.107 seconds
[2026-08-09T20:54:12.183+0000] {processor.py:161} INFO - Started process (PID=6677) to work on /opt/airflow/dags/feature_pipeline_dag.py
[2026-08-09T20:54:12.185+0000] {processor.py:830} INFO - Processing file /opt/airflow/dags/feature_pipeline_dag.py for tasks to queue
[2026-08-09T20:54:12.189+0000] {logging_mixin.py:188} INFO - [2026-08-09T20:54:12.188+0000] {dagbag.py:545} INFO - Filling up the DagBag from /opt/airflow/dags/feature_pipeline_dag.py
[2026-08-09T20:54:14.808+0000] {processor.py:840} INFO - DAG(s) 'feature_pipeline' retrieved from /opt/airflow/dags/feature_pipeline_dag.py
[2026-08-09T20:54:15.111+0000] {logging_mixin.py:188} INFO - [2026-08-09T20:54:15.110+0000] {dag.py:3089} INFO - Sync 1 DAGs
[2026-08-09T20:54:19.440+0000] {logging_mixin.py:188} INFO - [2026-08-09T20:54:19.439+0000] {dag.py:3947} INFO - Setting next_dagrun for feature_pipeline to 2026-08-09 20:00:00+00:00, run_after=2026-08-09 21:00:00+00:00
[2026-08-09T20:54:19.494+0000] {processor.py:183} INFO - Processing /opt/airflow/dags/feature_pipeline_dag.py took 7.331 seconds
[2026-08-09T23:54:23.199+0000] {processor.py:161} INFO - Started process (PID=6703) to work on /opt/airflow/dags/feature_pipeline_dag.py
[2026-08-09T23:54:23.201+0000] {processor.py:830} INFO - Processing file /opt/airflow/dags/feature_pipeline_dag.py for tasks to queue
[2026-08-09T23:54:23.203+0000] {logging_mixin.py:188} INFO - [2026-08-09T23:54:23.203+0000] {dagbag.py:545} INFO - Filling up the DagBag from /opt/airflow/dags/feature_pipeline_dag.py
[2026-08-09T23:54:24.675+0000] {processor.py:840} INFO - DAG(s) 'feature_pipeline' retrieved from /opt/airflow/dags/feature_pipeline_dag.py
[2026-08-09T23:54:24.715+0000] {logging_mixin.py:188} INFO - [2026-08-09T23:54:24.714+0000] {dag.py:3089} INFO - Sync 1 DAGs
[2026-08-09T23:54:24.747+0000] {logging_mixin.py:188} INFO - [2026-08-09T23:54:24.746+0000] {dag.py:3947} INFO - Setting next_dagrun for feature_pipeline to 2026-08-09 23:00:00+00:00, run_after=2026-08-10 00:00:00+00:00
[2026-08-09T23:54:24.779+0000] {processor.py:183} INFO - Processing /opt/airflow/dags/feature_pipeline_dag.py took 1.598 seconds
