[2026-08-09T14:04:30.419+0000] {processor.py:161} INFO - Started process (PID=169) to work on /opt/airflow/dags/forecast_logging_dag.py
[2026-08-09T14:04:30.422+0000] {processor.py:830} INFO - Processing file /opt/airflow/dags/forecast_logging_dag.py for tasks to queue
[2026-08-09T14:04:30.428+0000] {logging_mixin.py:188} INFO - [2026-08-09T14:04:30.428+0000] {dagbag.py:545} INFO - Filling up the DagBag from /opt/airflow/dags/forecast_logging_dag.py
[2026-08-09T14:04:58.700+0000] {logging_mixin.py:188} INFO - [2026-08-09T14:04:58.698+0000] {timeout.py:68} ERROR - Process timed out, PID: 169
[2026-08-09T14:05:29.343+0000] {processor.py:161} INFO - Started process (PID=212) to work on /opt/airflow/dags/forecast_logging_dag.py
[2026-08-09T14:05:29.346+0000] {processor.py:830} INFO - Processing file /opt/airflow/dags/forecast_logging_dag.py for tasks to queue
[2026-08-09T14:05:29.356+0000] {logging_mixin.py:188} INFO - [2026-08-09T14:05:29.355+0000] {dagbag.py:545} INFO - Filling up the DagBag from /opt/airflow/dags/forecast_logging_dag.py
[2026-08-09T14:05:49.380+0000] {processor.py:840} INFO - DAG(s) 'forecast_logging' retrieved from /opt/airflow/dags/forecast_logging_dag.py
[2026-08-09T14:05:50.950+0000] {logging_mixin.py:188} INFO - [2026-08-09T14:05:50.948+0000] {override.py:1858} INFO - Created Permission View: can edit on DAG:forecast_logging
[2026-08-09T14:05:50.984+0000] {logging_mixin.py:188} INFO - [2026-08-09T14:05:50.983+0000] {override.py:1858} INFO - Created Permission View: can read on DAG:forecast_logging
[2026-08-09T14:05:51.016+0000] {logging_mixin.py:188} INFO - [2026-08-09T14:05:51.015+0000] {override.py:1858} INFO - Created Permission View: can delete on DAG:forecast_logging
[2026-08-09T14:05:51.018+0000] {logging_mixin.py:188} INFO - [2026-08-09T14:05:51.017+0000] {dag.py:3089} INFO - Sync 1 DAGs
[2026-08-09T14:05:51.047+0000] {logging_mixin.py:188} INFO - [2026-08-09T14:05:51.045+0000] {dag.py:3111} INFO - Creating ORM DAG for forecast_logging
[2026-08-09T14:05:51.105+0000] {logging_mixin.py:188} INFO - [2026-08-09T14:05:51.102+0000] {dag.py:3947} INFO - Setting next_dagrun for forecast_logging to 2026-08-08 00:00:00+00:00, run_after=2026-08-09 00:00:00+00:00
[2026-08-09T14:05:51.186+0000] {processor.py:183} INFO - Processing /opt/airflow/dags/forecast_logging_dag.py took 23.746 seconds
[2026-08-09T14:06:21.704+0000] {processor.py:161} INFO - Started process (PID=259) to work on /opt/airflow/dags/forecast_logging_dag.py
[2026-08-09T14:06:21.719+0000] {processor.py:830} INFO - Processing file /opt/airflow/dags/forecast_logging_dag.py for tasks to queue
[2026-08-09T14:06:21.752+0000] {logging_mixin.py:188} INFO - [2026-08-09T14:06:21.736+0000] {dagbag.py:545} INFO - Filling up the DagBag from /opt/airflow/dags/forecast_logging_dag.py
[2026-08-09T14:06:48.744+0000] {processor.py:840} INFO - DAG(s) 'forecast_logging' retrieved from /opt/airflow/dags/forecast_logging_dag.py
[2026-08-09T14:06:48.802+0000] {logging_mixin.py:188} INFO - [2026-08-09T14:06:48.800+0000] {dag.py:3089} INFO - Sync 1 DAGs
[2026-08-09T14:06:48.867+0000] {logging_mixin.py:188} INFO - [2026-08-09T14:06:48.866+0000] {dag.py:3947} INFO - Setting next_dagrun for forecast_logging to 2026-08-09 00:00:00+00:00, run_after=2026-08-10 00:00:00+00:00
[2026-08-09T14:06:48.942+0000] {processor.py:183} INFO - Processing /opt/airflow/dags/forecast_logging_dag.py took 29.380 seconds
[2026-08-09T14:07:19.350+0000] {processor.py:161} INFO - Started process (PID=303) to work on /opt/airflow/dags/forecast_logging_dag.py
[2026-08-09T14:07:19.353+0000] {processor.py:830} INFO - Processing file /opt/airflow/dags/forecast_logging_dag.py for tasks to queue
[2026-08-09T14:07:19.358+0000] {logging_mixin.py:188} INFO - [2026-08-09T14:07:19.357+0000] {dagbag.py:545} INFO - Filling up the DagBag from /opt/airflow/dags/forecast_logging_dag.py
[2026-08-09T14:07:32.511+0000] {processor.py:840} INFO - DAG(s) 'forecast_logging' retrieved from /opt/airflow/dags/forecast_logging_dag.py
[2026-08-09T14:07:32.617+0000] {logging_mixin.py:188} INFO - [2026-08-09T14:07:32.616+0000] {dag.py:3089} INFO - Sync 1 DAGs
[2026-08-09T14:07:32.698+0000] {logging_mixin.py:188} INFO - [2026-08-09T14:07:32.697+0000] {dag.py:3947} INFO - Setting next_dagrun for forecast_logging to 2026-08-09 00:00:00+00:00, run_after=2026-08-10 00:00:00+00:00
[2026-08-09T14:07:32.752+0000] {processor.py:183} INFO - Processing /opt/airflow/dags/forecast_logging_dag.py took 13.419 seconds
[2026-08-09T14:08:03.456+0000] {processor.py:161} INFO - Started process (PID=334) to work on /opt/airflow/dags/forecast_logging_dag.py
[2026-08-09T14:08:03.467+0000] {processor.py:830} INFO - Processing file /opt/airflow/dags/forecast_logging_dag.py for tasks to queue
[2026-08-09T14:08:03.478+0000] {logging_mixin.py:188} INFO - [2026-08-09T14:08:03.475+0000] {dagbag.py:545} INFO - Filling up the DagBag from /opt/airflow/dags/forecast_logging_dag.py
[2026-08-09T14:08:16.469+0000] {processor.py:840} INFO - DAG(s) 'forecast_logging' retrieved from /opt/airflow/dags/forecast_logging_dag.py
[2026-08-09T14:08:17.225+0000] {logging_mixin.py:188} INFO - [2026-08-09T14:08:17.223+0000] {dag.py:3089} INFO - Sync 1 DAGs
[2026-08-09T14:08:18.005+0000] {logging_mixin.py:188} INFO - [2026-08-09T14:08:17.949+0000] {dag.py:3947} INFO - Setting next_dagrun for forecast_logging to 2026-08-09 00:00:00+00:00, run_after=2026-08-10 00:00:00+00:00
[2026-08-09T14:08:18.228+0000] {processor.py:183} INFO - Processing /opt/airflow/dags/forecast_logging_dag.py took 16.838 seconds
[2026-08-09T14:08:49.087+0000] {processor.py:161} INFO - Started process (PID=365) to work on /opt/airflow/dags/forecast_logging_dag.py
[2026-08-09T14:08:49.089+0000] {processor.py:830} INFO - Processing file /opt/airflow/dags/forecast_logging_dag.py for tasks to queue
[2026-08-09T14:08:49.094+0000] {logging_mixin.py:188} INFO - [2026-08-09T14:08:49.093+0000] {dagbag.py:545} INFO - Filling up the DagBag from /opt/airflow/dags/forecast_logging_dag.py
[2026-08-09T14:09:08.239+0000] {processor.py:840} INFO - DAG(s) 'forecast_logging' retrieved from /opt/airflow/dags/forecast_logging_dag.py
[2026-08-09T14:09:08.335+0000] {logging_mixin.py:188} INFO - [2026-08-09T14:09:08.334+0000] {dag.py:3089} INFO - Sync 1 DAGs
[2026-08-09T14:09:08.396+0000] {logging_mixin.py:188} INFO - [2026-08-09T14:09:08.395+0000] {dag.py:3947} INFO - Setting next_dagrun for forecast_logging to 2026-08-09 00:00:00+00:00, run_after=2026-08-10 00:00:00+00:00
[2026-08-09T14:09:08.454+0000] {processor.py:183} INFO - Processing /opt/airflow/dags/forecast_logging_dag.py took 21.138 seconds
[2026-08-09T14:09:39.252+0000] {processor.py:161} INFO - Started process (PID=408) to work on /opt/airflow/dags/forecast_logging_dag.py
[2026-08-09T14:09:39.262+0000] {processor.py:830} INFO - Processing file /opt/airflow/dags/forecast_logging_dag.py for tasks to queue
[2026-08-09T14:09:39.269+0000] {logging_mixin.py:188} INFO - [2026-08-09T14:09:39.268+0000] {dagbag.py:545} INFO - Filling up the DagBag from /opt/airflow/dags/forecast_logging_dag.py
[2026-08-09T14:11:02.289+0000] {processor.py:161} INFO - Started process (PID=539) to work on /opt/airflow/dags/forecast_logging_dag.py
[2026-08-09T14:11:02.292+0000] {processor.py:830} INFO - Processing file /opt/airflow/dags/forecast_logging_dag.py for tasks to queue
[2026-08-09T14:11:02.295+0000] {logging_mixin.py:188} INFO - [2026-08-09T14:11:02.294+0000] {dagbag.py:545} INFO - Filling up the DagBag from /opt/airflow/dags/forecast_logging_dag.py
[2026-08-09T14:11:30.493+0000] {logging_mixin.py:188} INFO - [2026-08-09T14:11:30.492+0000] {timeout.py:68} ERROR - Process timed out, PID: 539
[2026-08-09T14:12:01.325+0000] {processor.py:161} INFO - Started process (PID=692) to work on /opt/airflow/dags/forecast_logging_dag.py
[2026-08-09T14:12:01.328+0000] {processor.py:830} INFO - Processing file /opt/airflow/dags/forecast_logging_dag.py for tasks to queue
[2026-08-09T14:12:01.330+0000] {logging_mixin.py:188} INFO - [2026-08-09T14:12:01.330+0000] {dagbag.py:545} INFO - Filling up the DagBag from /opt/airflow/dags/forecast_logging_dag.py
[2026-08-09T14:12:25.533+0000] {processor.py:840} INFO - DAG(s) 'forecast_logging' retrieved from /opt/airflow/dags/forecast_logging_dag.py
[2026-08-09T14:12:25.969+0000] {logging_mixin.py:188} INFO - [2026-08-09T14:12:25.968+0000] {dag.py:3089} INFO - Sync 1 DAGs
[2026-08-09T14:12:26.014+0000] {logging_mixin.py:188} INFO - [2026-08-09T14:12:26.013+0000] {dag.py:3947} INFO - Setting next_dagrun for forecast_logging to 2026-08-09 00:00:00+00:00, run_after=2026-08-10 00:00:00+00:00
[2026-08-09T14:12:26.062+0000] {processor.py:183} INFO - Processing /opt/airflow/dags/forecast_logging_dag.py took 26.880 seconds
[2026-08-09T14:12:57.201+0000] {processor.py:161} INFO - Started process (PID=735) to work on /opt/airflow/dags/forecast_logging_dag.py
[2026-08-09T14:12:57.204+0000] {processor.py:830} INFO - Processing file /opt/airflow/dags/forecast_logging_dag.py for tasks to queue
[2026-08-09T14:12:57.207+0000] {logging_mixin.py:188} INFO - [2026-08-09T14:12:57.206+0000] {dagbag.py:545} INFO - Filling up the DagBag from /opt/airflow/dags/forecast_logging_dag.py
[2026-08-09T14:13:06.673+0000] {processor.py:840} INFO - DAG(s) 'forecast_logging' retrieved from /opt/airflow/dags/forecast_logging_dag.py
[2026-08-09T14:13:06.728+0000] {logging_mixin.py:188} INFO - [2026-08-09T14:13:06.726+0000] {dag.py:3089} INFO - Sync 1 DAGs
[2026-08-09T14:13:06.794+0000] {logging_mixin.py:188} INFO - [2026-08-09T14:13:06.793+0000] {dag.py:3947} INFO - Setting next_dagrun for forecast_logging to 2026-08-09 00:00:00+00:00, run_after=2026-08-10 00:00:00+00:00
[2026-08-09T14:13:06.845+0000] {processor.py:183} INFO - Processing /opt/airflow/dags/forecast_logging_dag.py took 9.662 seconds
[2026-08-09T14:13:38.070+0000] {processor.py:161} INFO - Started process (PID=766) to work on /opt/airflow/dags/forecast_logging_dag.py
[2026-08-09T14:13:38.072+0000] {processor.py:830} INFO - Processing file /opt/airflow/dags/forecast_logging_dag.py for tasks to queue
[2026-08-09T14:13:38.075+0000] {logging_mixin.py:188} INFO - [2026-08-09T14:13:38.074+0000] {dagbag.py:545} INFO - Filling up the DagBag from /opt/airflow/dags/forecast_logging_dag.py
[2026-08-09T14:13:48.822+0000] {processor.py:840} INFO - DAG(s) 'forecast_logging' retrieved from /opt/airflow/dags/forecast_logging_dag.py
[2026-08-09T14:13:48.885+0000] {logging_mixin.py:188} INFO - [2026-08-09T14:13:48.884+0000] {dag.py:3089} INFO - Sync 1 DAGs
[2026-08-09T14:13:48.933+0000] {logging_mixin.py:188} INFO - [2026-08-09T14:13:48.933+0000] {dag.py:3947} INFO - Setting next_dagrun for forecast_logging to 2026-08-09 00:00:00+00:00, run_after=2026-08-10 00:00:00+00:00
[2026-08-09T14:13:48.983+0000] {processor.py:183} INFO - Processing /opt/airflow/dags/forecast_logging_dag.py took 10.935 seconds
[2026-08-09T14:14:19.759+0000] {processor.py:161} INFO - Started process (PID=797) to work on /opt/airflow/dags/forecast_logging_dag.py
[2026-08-09T14:14:19.762+0000] {processor.py:830} INFO - Processing file /opt/airflow/dags/forecast_logging_dag.py for tasks to queue
[2026-08-09T14:14:19.764+0000] {logging_mixin.py:188} INFO - [2026-08-09T14:14:19.764+0000] {dagbag.py:545} INFO - Filling up the DagBag from /opt/airflow/dags/forecast_logging_dag.py
[2026-08-09T14:14:29.420+0000] {processor.py:840} INFO - DAG(s) 'forecast_logging' retrieved from /opt/airflow/dags/forecast_logging_dag.py
[2026-08-09T14:14:29.483+0000] {logging_mixin.py:188} INFO - [2026-08-09T14:14:29.481+0000] {dag.py:3089} INFO - Sync 1 DAGs
[2026-08-09T14:14:29.524+0000] {logging_mixin.py:188} INFO - [2026-08-09T14:14:29.524+0000] {dag.py:3947} INFO - Setting next_dagrun for forecast_logging to 2026-08-09 00:00:00+00:00, run_after=2026-08-10 00:00:00+00:00
[2026-08-09T14:14:29.569+0000] {processor.py:183} INFO - Processing /opt/airflow/dags/forecast_logging_dag.py took 9.826 seconds
[2026-08-09T14:15:00.857+0000] {processor.py:161} INFO - Started process (PID=847) to work on /opt/airflow/dags/forecast_logging_dag.py
[2026-08-09T14:15:00.862+0000] {processor.py:830} INFO - Processing file /opt/airflow/dags/forecast_logging_dag.py for tasks to queue
[2026-08-09T14:15:00.884+0000] {logging_mixin.py:188} INFO - [2026-08-09T14:15:00.864+0000] {dagbag.py:545} INFO - Filling up the DagBag from /opt/airflow/dags/forecast_logging_dag.py
[2026-08-09T14:15:29.446+0000] {logging_mixin.py:188} INFO - [2026-08-09T14:15:29.445+0000] {timeout.py:68} ERROR - Process timed out, PID: 847
[2026-08-09T14:15:29.582+0000] {logging_mixin.py:188} WARNING - Traceback (most recent call last):
[2026-08-09T14:15:29.583+0000] {logging_mixin.py:188} WARNING -   File "/home/airflow/.local/lib/python3.11/site-packages/google/protobuf/descriptor_pool.py", line 1270, in Default
[2026-08-09T14:15:29.609+0000] {logging_mixin.py:188} WARNING -     def Default():
[2026-08-09T14:15:29.611+0000] {logging_mixin.py:188} WARNING -     
[2026-08-09T14:15:29.612+0000] {logging_mixin.py:188} WARNING -   File "/home/airflow/.local/lib/python3.11/site-packages/airflow/utils/timeout.py", line 69, in handle_timeout
[2026-08-09T14:15:29.713+0000] {logging_mixin.py:188} WARNING -     raise AirflowTaskTimeout(self.error_message)
[2026-08-09T14:15:29.718+0000] {logging_mixin.py:188} WARNING - airflow.exceptions.AirflowTaskTimeout: DagBag import timeout for /opt/airflow/dags/forecast_logging_dag.py after 30.0s.
Please take a look at these docs to improve your DAG import time:
* https://airflow.apache.org/docs/apache-airflow/2.9.3/best-practices.html#top-level-python-code
* https://airflow.apache.org/docs/apache-airflow/2.9.3/best-practices.html#reducing-dag-complexity, PID: 847
[2026-08-09T14:16:22.175+0000] {processor.py:161} INFO - Started process (PID=910) to work on /opt/airflow/dags/forecast_logging_dag.py
[2026-08-09T14:16:22.182+0000] {processor.py:830} INFO - Processing file /opt/airflow/dags/forecast_logging_dag.py for tasks to queue
[2026-08-09T14:16:22.185+0000] {logging_mixin.py:188} INFO - [2026-08-09T14:16:22.184+0000] {dagbag.py:545} INFO - Filling up the DagBag from /opt/airflow/dags/forecast_logging_dag.py
[2026-08-09T14:16:49.916+0000] {logging_mixin.py:188} INFO - [2026-08-09T14:16:49.913+0000] {timeout.py:68} ERROR - Process timed out, PID: 910
[2026-08-09T14:16:49.921+0000] {logging_mixin.py:188} WARNING - Exception ignored in: <function WeakKeyDictionary.__init__.<locals>.remove at 0x7c070e8fccc0>
[2026-08-09T14:16:49.924+0000] {logging_mixin.py:188} WARNING - Traceback (most recent call last):
[2026-08-09T14:16:49.926+0000] {logging_mixin.py:188} WARNING -   File "/usr/local/lib/python3.11/weakref.py", line 369, in remove
[2026-08-09T14:16:49.975+0000] {logging_mixin.py:188} WARNING -     def remove(k, selfref=ref(self)):
[2026-08-09T14:16:49.976+0000] {logging_mixin.py:188} WARNING -   File "/home/airflow/.local/lib/python3.11/site-packages/airflow/utils/timeout.py", line 69, in handle_timeout
[2026-08-09T14:16:49.979+0000] {logging_mixin.py:188} WARNING -     raise AirflowTaskTimeout(self.error_message)
[2026-08-09T14:16:49.980+0000] {logging_mixin.py:188} WARNING - airflow.exceptions.AirflowTaskTimeout: DagBag import timeout for /opt/airflow/dags/forecast_logging_dag.py after 30.0s.
Please take a look at these docs to improve your DAG import time:
* https://airflow.apache.org/docs/apache-airflow/2.9.3/best-practices.html#top-level-python-code
* https://airflow.apache.org/docs/apache-airflow/2.9.3/best-practices.html#reducing-dag-complexity, PID: 910
[2026-08-09T14:17:42.362+0000] {processor.py:161} INFO - Started process (PID=1087) to work on /opt/airflow/dags/forecast_logging_dag.py
[2026-08-09T14:17:42.411+0000] {processor.py:830} INFO - Processing file /opt/airflow/dags/forecast_logging_dag.py for tasks to queue
[2026-08-09T14:17:42.414+0000] {logging_mixin.py:188} INFO - [2026-08-09T14:17:42.413+0000] {dagbag.py:545} INFO - Filling up the DagBag from /opt/airflow/dags/forecast_logging_dag.py
[2026-08-09T14:18:09.328+0000] {processor.py:840} INFO - DAG(s) 'forecast_logging' retrieved from /opt/airflow/dags/forecast_logging_dag.py
[2026-08-09T14:18:10.928+0000] {logging_mixin.py:188} INFO - [2026-08-09T14:18:10.927+0000] {dag.py:3089} INFO - Sync 1 DAGs
[2026-08-09T14:18:11.000+0000] {logging_mixin.py:188} INFO - [2026-08-09T14:18:10.999+0000] {dag.py:3947} INFO - Setting next_dagrun for forecast_logging to 2026-08-09 00:00:00+00:00, run_after=2026-08-10 00:00:00+00:00
[2026-08-09T14:18:11.064+0000] {processor.py:183} INFO - Processing /opt/airflow/dags/forecast_logging_dag.py took 30.842 seconds
[2026-08-09T14:18:42.341+0000] {processor.py:161} INFO - Started process (PID=1202) to work on /opt/airflow/dags/forecast_logging_dag.py
[2026-08-09T14:18:42.372+0000] {processor.py:830} INFO - Processing file /opt/airflow/dags/forecast_logging_dag.py for tasks to queue
[2026-08-09T14:18:42.376+0000] {logging_mixin.py:188} INFO - [2026-08-09T14:18:42.375+0000] {dagbag.py:545} INFO - Filling up the DagBag from /opt/airflow/dags/forecast_logging_dag.py
[2026-08-09T14:19:05.105+0000] {processor.py:840} INFO - DAG(s) 'forecast_logging' retrieved from /opt/airflow/dags/forecast_logging_dag.py
[2026-08-09T14:19:05.167+0000] {logging_mixin.py:188} INFO - [2026-08-09T14:19:05.166+0000] {dag.py:3089} INFO - Sync 1 DAGs
[2026-08-09T14:19:05.212+0000] {logging_mixin.py:188} INFO - [2026-08-09T14:19:05.212+0000] {dag.py:3947} INFO - Setting next_dagrun for forecast_logging to 2026-08-09 00:00:00+00:00, run_after=2026-08-10 00:00:00+00:00
[2026-08-09T14:19:05.255+0000] {processor.py:183} INFO - Processing /opt/airflow/dags/forecast_logging_dag.py took 24.912 seconds
[2026-08-09T14:19:36.103+0000] {processor.py:161} INFO - Started process (PID=1261) to work on /opt/airflow/dags/forecast_logging_dag.py
[2026-08-09T14:19:36.108+0000] {processor.py:830} INFO - Processing file /opt/airflow/dags/forecast_logging_dag.py for tasks to queue
[2026-08-09T14:19:36.112+0000] {logging_mixin.py:188} INFO - [2026-08-09T14:19:36.111+0000] {dagbag.py:545} INFO - Filling up the DagBag from /opt/airflow/dags/forecast_logging_dag.py
[2026-08-09T14:19:50.296+0000] {processor.py:840} INFO - DAG(s) 'forecast_logging' retrieved from /opt/airflow/dags/forecast_logging_dag.py
[2026-08-09T14:19:50.519+0000] {logging_mixin.py:188} INFO - [2026-08-09T14:19:50.518+0000] {dag.py:3089} INFO - Sync 1 DAGs
[2026-08-09T14:19:50.575+0000] {logging_mixin.py:188} INFO - [2026-08-09T14:19:50.574+0000] {dag.py:3947} INFO - Setting next_dagrun for forecast_logging to 2026-08-09 00:00:00+00:00, run_after=2026-08-10 00:00:00+00:00
[2026-08-09T14:19:50.644+0000] {processor.py:183} INFO - Processing /opt/airflow/dags/forecast_logging_dag.py took 16.645 seconds
[2026-08-09T14:20:21.246+0000] {processor.py:161} INFO - Started process (PID=1348) to work on /opt/airflow/dags/forecast_logging_dag.py
[2026-08-09T14:20:21.250+0000] {processor.py:830} INFO - Processing file /opt/airflow/dags/forecast_logging_dag.py for tasks to queue
[2026-08-09T14:20:21.253+0000] {logging_mixin.py:188} INFO - [2026-08-09T14:20:21.252+0000] {dagbag.py:545} INFO - Filling up the DagBag from /opt/airflow/dags/forecast_logging_dag.py
[2026-08-09T14:20:54.875+0000] {logging_mixin.py:188} INFO - [2026-08-09T14:20:54.873+0000] {timeout.py:68} ERROR - Process timed out, PID: 1348
[2026-08-09T14:21:25.572+0000] {processor.py:161} INFO - Started process (PID=2011) to work on /opt/airflow/dags/forecast_logging_dag.py
[2026-08-09T14:21:25.576+0000] {processor.py:830} INFO - Processing file /opt/airflow/dags/forecast_logging_dag.py for tasks to queue
[2026-08-09T14:21:25.578+0000] {logging_mixin.py:188} INFO - [2026-08-09T14:21:25.577+0000] {dagbag.py:545} INFO - Filling up the DagBag from /opt/airflow/dags/forecast_logging_dag.py
[2026-08-09T14:21:53.393+0000] {logging_mixin.py:188} INFO - [2026-08-09T14:21:53.392+0000] {timeout.py:68} ERROR - Process timed out, PID: 2011
[2026-08-09T14:22:24.664+0000] {processor.py:161} INFO - Started process (PID=2323) to work on /opt/airflow/dags/forecast_logging_dag.py
[2026-08-09T14:22:24.671+0000] {processor.py:830} INFO - Processing file /opt/airflow/dags/forecast_logging_dag.py for tasks to queue
[2026-08-09T14:22:24.676+0000] {logging_mixin.py:188} INFO - [2026-08-09T14:22:24.674+0000] {dagbag.py:545} INFO - Filling up the DagBag from /opt/airflow/dags/forecast_logging_dag.py
[2026-08-09T14:22:49.530+0000] {processor.py:840} INFO - DAG(s) 'forecast_logging' retrieved from /opt/airflow/dags/forecast_logging_dag.py
[2026-08-09T14:22:50.288+0000] {logging_mixin.py:188} INFO - [2026-08-09T14:22:50.278+0000] {dag.py:3089} INFO - Sync 1 DAGs
[2026-08-09T14:22:50.324+0000] {logging_mixin.py:188} INFO - [2026-08-09T14:22:50.323+0000] {dag.py:3947} INFO - Setting next_dagrun for forecast_logging to 2026-08-09 00:00:00+00:00, run_after=2026-08-10 00:00:00+00:00
[2026-08-09T14:22:50.376+0000] {processor.py:183} INFO - Processing /opt/airflow/dags/forecast_logging_dag.py took 27.666 seconds
[2026-08-09T14:23:21.335+0000] {processor.py:161} INFO - Started process (PID=2366) to work on /opt/airflow/dags/forecast_logging_dag.py
[2026-08-09T14:23:21.338+0000] {processor.py:830} INFO - Processing file /opt/airflow/dags/forecast_logging_dag.py for tasks to queue
[2026-08-09T14:23:21.340+0000] {logging_mixin.py:188} INFO - [2026-08-09T14:23:21.339+0000] {dagbag.py:545} INFO - Filling up the DagBag from /opt/airflow/dags/forecast_logging_dag.py
[2026-08-09T14:23:49.203+0000] {logging_mixin.py:188} INFO - [2026-08-09T14:23:49.201+0000] {timeout.py:68} ERROR - Process timed out, PID: 2366
[2026-08-09T14:24:19.627+0000] {processor.py:161} INFO - Started process (PID=2426) to work on /opt/airflow/dags/forecast_logging_dag.py
[2026-08-09T14:24:19.630+0000] {processor.py:830} INFO - Processing file /opt/airflow/dags/forecast_logging_dag.py for tasks to queue
[2026-08-09T14:24:19.633+0000] {logging_mixin.py:188} INFO - [2026-08-09T14:24:19.632+0000] {dagbag.py:545} INFO - Filling up the DagBag from /opt/airflow/dags/forecast_logging_dag.py
[2026-08-09T14:24:38.820+0000] {processor.py:840} INFO - DAG(s) 'forecast_logging' retrieved from /opt/airflow/dags/forecast_logging_dag.py
[2026-08-09T14:24:39.056+0000] {logging_mixin.py:188} INFO - [2026-08-09T14:24:39.055+0000] {dag.py:3089} INFO - Sync 1 DAGs
[2026-08-09T14:24:39.119+0000] {logging_mixin.py:188} INFO - [2026-08-09T14:24:39.118+0000] {dag.py:3947} INFO - Setting next_dagrun for forecast_logging to 2026-08-09 00:00:00+00:00, run_after=2026-08-10 00:00:00+00:00
[2026-08-09T14:24:39.177+0000] {processor.py:183} INFO - Processing /opt/airflow/dags/forecast_logging_dag.py took 21.656 seconds
[2026-08-09T14:25:24.178+0000] {processor.py:161} INFO - Started process (PID=2459) to work on /opt/airflow/dags/forecast_logging_dag.py
[2026-08-09T14:25:24.185+0000] {processor.py:830} INFO - Processing file /opt/airflow/dags/forecast_logging_dag.py for tasks to queue
[2026-08-09T14:25:24.784+0000] {logging_mixin.py:188} INFO - [2026-08-09T14:25:24.221+0000] {dagbag.py:545} INFO - Filling up the DagBag from /opt/airflow/dags/forecast_logging_dag.py
[2026-08-09T14:30:44.923+0000] {processor.py:161} INFO - Started process (PID=2471) to work on /opt/airflow/dags/forecast_logging_dag.py
[2026-08-09T14:30:45.163+0000] {processor.py:830} INFO - Processing file /opt/airflow/dags/forecast_logging_dag.py for tasks to queue
[2026-08-09T14:30:45.666+0000] {logging_mixin.py:188} INFO - [2026-08-09T14:30:45.458+0000] {dagbag.py:545} INFO - Filling up the DagBag from /opt/airflow/dags/forecast_logging_dag.py
[2026-08-09T14:31:27.370+0000] {processor.py:161} INFO - Started process (PID=2480) to work on /opt/airflow/dags/forecast_logging_dag.py
[2026-08-09T14:31:27.372+0000] {processor.py:830} INFO - Processing file /opt/airflow/dags/forecast_logging_dag.py for tasks to queue
[2026-08-09T14:31:27.375+0000] {logging_mixin.py:188} INFO - [2026-08-09T14:31:27.374+0000] {dagbag.py:545} INFO - Filling up the DagBag from /opt/airflow/dags/forecast_logging_dag.py
[2026-08-09T14:31:56.962+0000] {logging_mixin.py:188} INFO - [2026-08-09T14:31:56.961+0000] {timeout.py:68} ERROR - Process timed out, PID: 2480
[2026-08-09T14:32:27.985+0000] {processor.py:161} INFO - Started process (PID=2519) to work on /opt/airflow/dags/forecast_logging_dag.py
[2026-08-09T14:32:27.988+0000] {processor.py:830} INFO - Processing file /opt/airflow/dags/forecast_logging_dag.py for tasks to queue
[2026-08-09T14:32:27.991+0000] {logging_mixin.py:188} INFO - [2026-08-09T14:32:27.990+0000] {dagbag.py:545} INFO - Filling up the DagBag from /opt/airflow/dags/forecast_logging_dag.py
[2026-08-09T14:32:42.534+0000] {processor.py:840} INFO - DAG(s) 'forecast_logging' retrieved from /opt/airflow/dags/forecast_logging_dag.py
[2026-08-09T14:32:42.894+0000] {logging_mixin.py:188} INFO - [2026-08-09T14:32:42.892+0000] {dag.py:3089} INFO - Sync 1 DAGs
[2026-08-09T14:32:42.956+0000] {logging_mixin.py:188} INFO - [2026-08-09T14:32:42.955+0000] {dag.py:3947} INFO - Setting next_dagrun for forecast_logging to 2026-08-09 00:00:00+00:00, run_after=2026-08-10 00:00:00+00:00
[2026-08-09T14:32:43.010+0000] {processor.py:183} INFO - Processing /opt/airflow/dags/forecast_logging_dag.py took 15.048 seconds
[2026-08-09T14:33:14.100+0000] {processor.py:161} INFO - Started process (PID=2566) to work on /opt/airflow/dags/forecast_logging_dag.py
[2026-08-09T14:33:14.103+0000] {processor.py:830} INFO - Processing file /opt/airflow/dags/forecast_logging_dag.py for tasks to queue
[2026-08-09T14:33:14.111+0000] {logging_mixin.py:188} INFO - [2026-08-09T14:33:14.107+0000] {dagbag.py:545} INFO - Filling up the DagBag from /opt/airflow/dags/forecast_logging_dag.py
[2026-08-09T14:33:50.898+0000] {logging_mixin.py:188} INFO - [2026-08-09T14:33:44.081+0000] {timeout.py:68} ERROR - Process timed out, PID: 2566
[2026-08-09T14:38:23.578+0000] {processor.py:161} INFO - Started process (PID=2596) to work on /opt/airflow/dags/forecast_logging_dag.py
[2026-08-09T14:38:39.256+0000] {processor.py:830} INFO - Processing file /opt/airflow/dags/forecast_logging_dag.py for tasks to queue
[2026-08-09T14:38:39.966+0000] {logging_mixin.py:188} INFO - [2026-08-09T14:38:39.687+0000] {dagbag.py:545} INFO - Filling up the DagBag from /opt/airflow/dags/forecast_logging_dag.py
[2026-08-09T14:39:44.014+0000] {processor.py:161} INFO - Started process (PID=2606) to work on /opt/airflow/dags/forecast_logging_dag.py
[2026-08-09T14:39:44.249+0000] {processor.py:830} INFO - Processing file /opt/airflow/dags/forecast_logging_dag.py for tasks to queue
[2026-08-09T14:39:44.416+0000] {logging_mixin.py:188} INFO - [2026-08-09T14:39:44.251+0000] {dagbag.py:545} INFO - Filling up the DagBag from /opt/airflow/dags/forecast_logging_dag.py
[2026-08-09T14:41:17.987+0000] {processor.py:161} INFO - Started process (PID=2616) to work on /opt/airflow/dags/forecast_logging_dag.py
[2026-08-09T14:41:18.240+0000] {processor.py:830} INFO - Processing file /opt/airflow/dags/forecast_logging_dag.py for tasks to queue
[2026-08-09T14:41:18.269+0000] {logging_mixin.py:188} INFO - [2026-08-09T14:41:18.241+0000] {dagbag.py:545} INFO - Filling up the DagBag from /opt/airflow/dags/forecast_logging_dag.py
[2026-08-09T14:42:23.010+0000] {logging_mixin.py:188} INFO - [2026-08-09T14:42:15.596+0000] {timeout.py:68} ERROR - Process timed out, PID: 2616
[2026-08-09T14:42:51.876+0000] {processor.py:161} INFO - Started process (PID=2633) to work on /opt/airflow/dags/forecast_logging_dag.py
[2026-08-09T14:42:51.878+0000] {processor.py:830} INFO - Processing file /opt/airflow/dags/forecast_logging_dag.py for tasks to queue
[2026-08-09T14:42:51.900+0000] {logging_mixin.py:188} INFO - [2026-08-09T14:42:51.880+0000] {dagbag.py:545} INFO - Filling up the DagBag from /opt/airflow/dags/forecast_logging_dag.py
[2026-08-09T14:43:26.097+0000] {logging_mixin.py:188} INFO - [2026-08-09T14:43:23.675+0000] {timeout.py:68} ERROR - Process timed out, PID: 2633
[2026-08-09T14:44:00.418+0000] {processor.py:161} INFO - Started process (PID=2647) to work on /opt/airflow/dags/forecast_logging_dag.py
[2026-08-09T14:44:00.420+0000] {processor.py:830} INFO - Processing file /opt/airflow/dags/forecast_logging_dag.py for tasks to queue
[2026-08-09T14:44:00.421+0000] {logging_mixin.py:188} INFO - [2026-08-09T14:44:00.421+0000] {dagbag.py:545} INFO - Filling up the DagBag from /opt/airflow/dags/forecast_logging_dag.py
[2026-08-09T14:44:29.468+0000] {logging_mixin.py:188} INFO - [2026-08-09T14:44:29.467+0000] {timeout.py:68} ERROR - Process timed out, PID: 2647
[2026-08-09T14:45:00.508+0000] {processor.py:161} INFO - Started process (PID=2683) to work on /opt/airflow/dags/forecast_logging_dag.py
[2026-08-09T14:45:00.510+0000] {processor.py:830} INFO - Processing file /opt/airflow/dags/forecast_logging_dag.py for tasks to queue
[2026-08-09T14:45:00.511+0000] {logging_mixin.py:188} INFO - [2026-08-09T14:45:00.510+0000] {dagbag.py:545} INFO - Filling up the DagBag from /opt/airflow/dags/forecast_logging_dag.py
[2026-08-09T14:45:21.986+0000] {processor.py:840} INFO - DAG(s) 'forecast_logging' retrieved from /opt/airflow/dags/forecast_logging_dag.py
[2026-08-09T14:45:22.103+0000] {logging_mixin.py:188} INFO - [2026-08-09T14:45:22.103+0000] {dag.py:3089} INFO - Sync 1 DAGs
[2026-08-09T14:45:22.121+0000] {logging_mixin.py:188} INFO - [2026-08-09T14:45:22.121+0000] {dag.py:3947} INFO - Setting next_dagrun for forecast_logging to 2026-08-09 00:00:00+00:00, run_after=2026-08-10 00:00:00+00:00
[2026-08-09T14:45:22.138+0000] {processor.py:183} INFO - Processing /opt/airflow/dags/forecast_logging_dag.py took 23.347 seconds
[2026-08-09T14:45:55.259+0000] {processor.py:161} INFO - Started process (PID=2736) to work on /opt/airflow/dags/forecast_logging_dag.py
[2026-08-09T14:45:55.302+0000] {processor.py:830} INFO - Processing file /opt/airflow/dags/forecast_logging_dag.py for tasks to queue
[2026-08-09T14:45:55.319+0000] {logging_mixin.py:188} INFO - [2026-08-09T14:45:55.309+0000] {dagbag.py:545} INFO - Filling up the DagBag from /opt/airflow/dags/forecast_logging_dag.py
[2026-08-09T14:46:31.694+0000] {logging_mixin.py:188} INFO - [2026-08-09T14:46:25.123+0000] {timeout.py:68} ERROR - Process timed out, PID: 2736
[2026-08-09T14:59:25.845+0000] {processor.py:161} INFO - Started process (PID=2750) to work on /opt/airflow/dags/forecast_logging_dag.py
[2026-08-09T14:59:25.853+0000] {processor.py:830} INFO - Processing file /opt/airflow/dags/forecast_logging_dag.py for tasks to queue
[2026-08-09T14:59:25.927+0000] {logging_mixin.py:188} INFO - [2026-08-09T14:59:25.855+0000] {dagbag.py:545} INFO - Filling up the DagBag from /opt/airflow/dags/forecast_logging_dag.py
[2026-08-09T14:59:57.203+0000] {logging_mixin.py:188} INFO - [2026-08-09T14:59:57.105+0000] {timeout.py:68} ERROR - Process timed out, PID: 2750
[2026-08-09T15:00:27.707+0000] {processor.py:161} INFO - Started process (PID=2768) to work on /opt/airflow/dags/forecast_logging_dag.py
[2026-08-09T15:00:27.709+0000] {processor.py:830} INFO - Processing file /opt/airflow/dags/forecast_logging_dag.py for tasks to queue
[2026-08-09T15:00:27.711+0000] {logging_mixin.py:188} INFO - [2026-08-09T15:00:27.710+0000] {dagbag.py:545} INFO - Filling up the DagBag from /opt/airflow/dags/forecast_logging_dag.py
[2026-08-09T15:00:56.201+0000] {logging_mixin.py:188} INFO - [2026-08-09T15:00:56.200+0000] {timeout.py:68} ERROR - Process timed out, PID: 2768
[2026-08-09T15:00:56.319+0000] {processor.py:840} INFO - DAG(s) 'forecast_logging' retrieved from /opt/airflow/dags/forecast_logging_dag.py
[2026-08-09T15:00:56.356+0000] {logging_mixin.py:188} INFO - [2026-08-09T15:00:56.356+0000] {taskinstance.py:2907} ERROR - {'DAG Id': 'forecast_logging', 'Task Id': 'log_forecasts', 'Run Id': 'manual__2026-08-09T14:24:03.660019+00:00', 'Hostname': '5e2fdb1b3637'}
[2026-08-09T15:00:56.432+0000] {logging_mixin.py:188} INFO - [2026-08-09T15:00:56.431+0000] {taskinstance.py:1206} INFO - Marking task as FAILED. dag_id=forecast_logging, task_id=log_forecasts, run_id=manual__2026-08-09T14:24:03.660019+00:00, execution_date=20260809T142403, start_date=20260809T144533, end_date=20260809T150056
[2026-08-09T15:00:56.444+0000] {processor.py:791} INFO - Executed failure callback for <TaskInstance: forecast_logging.log_forecasts manual__2026-08-09T14:24:03.660019+00:00 [failed]> in state failed
[2026-08-09T15:00:57.167+0000] {logging_mixin.py:188} INFO - [2026-08-09T15:00:57.166+0000] {dag.py:3089} INFO - Sync 1 DAGs
[2026-08-09T15:00:57.203+0000] {logging_mixin.py:188} INFO - [2026-08-09T15:00:57.203+0000] {dag.py:3947} INFO - Setting next_dagrun for forecast_logging to 2026-08-09 00:00:00+00:00, run_after=2026-08-10 00:00:00+00:00
[2026-08-09T15:00:57.259+0000] {processor.py:183} INFO - Processing /opt/airflow/dags/forecast_logging_dag.py took 31.095 seconds
[2026-08-09T15:01:27.878+0000] {processor.py:161} INFO - Started process (PID=2994) to work on /opt/airflow/dags/forecast_logging_dag.py
[2026-08-09T15:01:27.900+0000] {processor.py:830} INFO - Processing file /opt/airflow/dags/forecast_logging_dag.py for tasks to queue
[2026-08-09T15:01:27.936+0000] {logging_mixin.py:188} INFO - [2026-08-09T15:01:27.916+0000] {dagbag.py:545} INFO - Filling up the DagBag from /opt/airflow/dags/forecast_logging_dag.py
[2026-08-09T15:09:33.318+0000] {processor.py:161} INFO - Started process (PID=167) to work on /opt/airflow/dags/forecast_logging_dag.py
[2026-08-09T15:09:33.705+0000] {processor.py:830} INFO - Processing file /opt/airflow/dags/forecast_logging_dag.py for tasks to queue
[2026-08-09T15:09:33.795+0000] {logging_mixin.py:188} INFO - [2026-08-09T15:09:33.792+0000] {dagbag.py:545} INFO - Filling up the DagBag from /opt/airflow/dags/forecast_logging_dag.py
[2026-08-09T15:10:03.062+0000] {logging_mixin.py:188} INFO - [2026-08-09T15:10:03.061+0000] {timeout.py:68} ERROR - Process timed out, PID: 167
[2026-08-09T15:10:50.994+0000] {processor.py:161} INFO - Started process (PID=236) to work on /opt/airflow/dags/forecast_logging_dag.py
[2026-08-09T15:10:51.005+0000] {processor.py:830} INFO - Processing file /opt/airflow/dags/forecast_logging_dag.py for tasks to queue
[2026-08-09T15:10:51.027+0000] {logging_mixin.py:188} INFO - [2026-08-09T15:10:51.008+0000] {dagbag.py:545} INFO - Filling up the DagBag from /opt/airflow/dags/forecast_logging_dag.py
[2026-08-09T15:11:33.771+0000] {logging_mixin.py:188} INFO - [2026-08-09T15:11:33.770+0000] {timeout.py:68} ERROR - Process timed out, PID: 236
[2026-08-09T15:11:33.772+0000] {logging_mixin.py:188} WARNING - Exception ignored in: <bound method _MultipleClassMarker._remove_item of <sqlalchemy.orm.clsregistry._MultipleClassMarker object at 0x717514c76400>>
[2026-08-09T15:11:33.774+0000] {logging_mixin.py:188} WARNING - Traceback (most recent call last):
[2026-08-09T15:11:33.775+0000] {logging_mixin.py:188} WARNING -   File "/home/airflow/.local/lib/python3.11/site-packages/sqlalchemy/orm/clsregistry.py", line 157, in _remove_item
[2026-08-09T15:11:33.786+0000] {logging_mixin.py:188} WARNING -     def _remove_item(self, ref):
[2026-08-09T15:11:33.786+0000] {logging_mixin.py:188} WARNING -   File "/home/airflow/.local/lib/python3.11/site-packages/airflow/utils/timeout.py", line 69, in handle_timeout
[2026-08-09T15:11:33.789+0000] {logging_mixin.py:188} WARNING -     raise AirflowTaskTimeout(self.error_message)
[2026-08-09T15:11:33.789+0000] {logging_mixin.py:188} WARNING - airflow.exceptions.AirflowTaskTimeout: DagBag import timeout for /opt/airflow/dags/forecast_logging_dag.py after 30.0s.
Please take a look at these docs to improve your DAG import time:
* https://airflow.apache.org/docs/apache-airflow/2.9.3/best-practices.html#top-level-python-code
* https://airflow.apache.org/docs/apache-airflow/2.9.3/best-practices.html#reducing-dag-complexity, PID: 236
[2026-08-09T15:12:12.872+0000] {processor.py:161} INFO - Started process (PID=252) to work on /opt/airflow/dags/forecast_logging_dag.py
[2026-08-09T15:12:12.984+0000] {processor.py:830} INFO - Processing file /opt/airflow/dags/forecast_logging_dag.py for tasks to queue
[2026-08-09T15:12:13.049+0000] {logging_mixin.py:188} INFO - [2026-08-09T15:12:13.048+0000] {dagbag.py:545} INFO - Filling up the DagBag from /opt/airflow/dags/forecast_logging_dag.py
[2026-08-09T15:12:42.195+0000] {logging_mixin.py:188} INFO - [2026-08-09T15:12:42.194+0000] {timeout.py:68} ERROR - Process timed out, PID: 252
[2026-08-09T15:13:12.965+0000] {processor.py:161} INFO - Started process (PID=294) to work on /opt/airflow/dags/forecast_logging_dag.py
[2026-08-09T15:13:12.978+0000] {processor.py:830} INFO - Processing file /opt/airflow/dags/forecast_logging_dag.py for tasks to queue
[2026-08-09T15:13:12.979+0000] {logging_mixin.py:188} INFO - [2026-08-09T15:13:12.978+0000] {dagbag.py:545} INFO - Filling up the DagBag from /opt/airflow/dags/forecast_logging_dag.py
[2026-08-09T15:13:40.603+0000] {logging_mixin.py:188} INFO - [2026-08-09T15:13:40.599+0000] {timeout.py:68} ERROR - Process timed out, PID: 294
[2026-08-09T15:13:42.912+0000] {processor.py:161} INFO - Started process (PID=325) to work on /opt/airflow/dags/forecast_logging_dag.py
[2026-08-09T15:13:42.914+0000] {processor.py:830} INFO - Processing file /opt/airflow/dags/forecast_logging_dag.py for tasks to queue
[2026-08-09T15:13:42.915+0000] {logging_mixin.py:188} INFO - [2026-08-09T15:13:42.914+0000] {dagbag.py:545} INFO - Filling up the DagBag from /opt/airflow/dags/forecast_logging_dag.py
[2026-08-09T15:13:57.765+0000] {processor.py:840} INFO - DAG(s) 'forecast_logging' retrieved from /opt/airflow/dags/forecast_logging_dag.py
[2026-08-09T15:13:58.183+0000] {logging_mixin.py:188} INFO - [2026-08-09T15:13:58.182+0000] {dag.py:3089} INFO - Sync 1 DAGs
[2026-08-09T15:13:58.234+0000] {logging_mixin.py:188} INFO - [2026-08-09T15:13:58.234+0000] {dag.py:3947} INFO - Setting next_dagrun for forecast_logging to 2026-08-09 00:00:00+00:00, run_after=2026-08-10 00:00:00+00:00
[2026-08-09T15:13:58.265+0000] {processor.py:183} INFO - Processing /opt/airflow/dags/forecast_logging_dag.py took 15.368 seconds
[2026-08-09T15:14:29.094+0000] {processor.py:161} INFO - Started process (PID=358) to work on /opt/airflow/dags/forecast_logging_dag.py
[2026-08-09T15:14:29.097+0000] {processor.py:830} INFO - Processing file /opt/airflow/dags/forecast_logging_dag.py for tasks to queue
[2026-08-09T15:14:29.098+0000] {logging_mixin.py:188} INFO - [2026-08-09T15:14:29.098+0000] {dagbag.py:545} INFO - Filling up the DagBag from /opt/airflow/dags/forecast_logging_dag.py
[2026-08-09T15:14:53.604+0000] {processor.py:840} INFO - DAG(s) 'forecast_logging' retrieved from /opt/airflow/dags/forecast_logging_dag.py
[2026-08-09T15:14:53.715+0000] {logging_mixin.py:188} INFO - [2026-08-09T15:14:53.714+0000] {dag.py:3089} INFO - Sync 1 DAGs
[2026-08-09T15:14:53.786+0000] {logging_mixin.py:188} INFO - [2026-08-09T15:14:53.786+0000] {dag.py:3947} INFO - Setting next_dagrun for forecast_logging to 2026-08-09 00:00:00+00:00, run_after=2026-08-10 00:00:00+00:00
[2026-08-09T15:14:53.890+0000] {processor.py:183} INFO - Processing /opt/airflow/dags/forecast_logging_dag.py took 26.624 seconds
[2026-08-09T15:15:24.890+0000] {processor.py:161} INFO - Started process (PID=401) to work on /opt/airflow/dags/forecast_logging_dag.py
[2026-08-09T15:15:24.892+0000] {processor.py:830} INFO - Processing file /opt/airflow/dags/forecast_logging_dag.py for tasks to queue
[2026-08-09T15:15:24.893+0000] {logging_mixin.py:188} INFO - [2026-08-09T15:15:24.893+0000] {dagbag.py:545} INFO - Filling up the DagBag from /opt/airflow/dags/forecast_logging_dag.py
[2026-08-09T15:15:31.141+0000] {processor.py:840} INFO - DAG(s) 'forecast_logging' retrieved from /opt/airflow/dags/forecast_logging_dag.py
[2026-08-09T15:15:31.168+0000] {logging_mixin.py:188} INFO - [2026-08-09T15:15:31.167+0000] {dag.py:3089} INFO - Sync 1 DAGs
[2026-08-09T15:15:31.194+0000] {logging_mixin.py:188} INFO - [2026-08-09T15:15:31.193+0000] {dag.py:3947} INFO - Setting next_dagrun for forecast_logging to 2026-08-09 00:00:00+00:00, run_after=2026-08-10 00:00:00+00:00
[2026-08-09T15:15:31.211+0000] {processor.py:183} INFO - Processing /opt/airflow/dags/forecast_logging_dag.py took 6.336 seconds
[2026-08-09T15:16:10.114+0000] {processor.py:161} INFO - Started process (PID=460) to work on /opt/airflow/dags/forecast_logging_dag.py
[2026-08-09T15:16:10.134+0000] {processor.py:830} INFO - Processing file /opt/airflow/dags/forecast_logging_dag.py for tasks to queue
[2026-08-09T15:16:10.135+0000] {logging_mixin.py:188} INFO - [2026-08-09T15:16:10.134+0000] {dagbag.py:545} INFO - Filling up the DagBag from /opt/airflow/dags/forecast_logging_dag.py
[2026-08-09T15:16:18.542+0000] {processor.py:840} INFO - DAG(s) 'forecast_logging' retrieved from /opt/airflow/dags/forecast_logging_dag.py
[2026-08-09T15:16:18.595+0000] {logging_mixin.py:188} INFO - [2026-08-09T15:16:18.594+0000] {dag.py:3089} INFO - Sync 1 DAGs
[2026-08-09T15:16:18.628+0000] {logging_mixin.py:188} INFO - [2026-08-09T15:16:18.627+0000] {dag.py:3947} INFO - Setting next_dagrun for forecast_logging to 2026-08-09 00:00:00+00:00, run_after=2026-08-10 00:00:00+00:00
[2026-08-09T15:16:18.664+0000] {processor.py:183} INFO - Processing /opt/airflow/dags/forecast_logging_dag.py took 11.063 seconds
[2026-08-09T15:16:51.714+0000] {processor.py:161} INFO - Started process (PID=491) to work on /opt/airflow/dags/forecast_logging_dag.py
[2026-08-09T15:16:51.716+0000] {processor.py:830} INFO - Processing file /opt/airflow/dags/forecast_logging_dag.py for tasks to queue
[2026-08-09T15:16:51.718+0000] {logging_mixin.py:188} INFO - [2026-08-09T15:16:51.717+0000] {dagbag.py:545} INFO - Filling up the DagBag from /opt/airflow/dags/forecast_logging_dag.py
[2026-08-09T15:17:00.534+0000] {processor.py:840} INFO - DAG(s) 'forecast_logging' retrieved from /opt/airflow/dags/forecast_logging_dag.py
[2026-08-09T15:17:00.582+0000] {logging_mixin.py:188} INFO - [2026-08-09T15:17:00.581+0000] {dag.py:3089} INFO - Sync 1 DAGs
[2026-08-09T15:17:00.610+0000] {logging_mixin.py:188} INFO - [2026-08-09T15:17:00.609+0000] {dag.py:3947} INFO - Setting next_dagrun for forecast_logging to 2026-08-09 00:00:00+00:00, run_after=2026-08-10 00:00:00+00:00
[2026-08-09T15:17:00.667+0000] {processor.py:183} INFO - Processing /opt/airflow/dags/forecast_logging_dag.py took 11.004 seconds
[2026-08-09T15:17:31.347+0000] {processor.py:161} INFO - Started process (PID=523) to work on /opt/airflow/dags/forecast_logging_dag.py
[2026-08-09T15:17:31.349+0000] {processor.py:830} INFO - Processing file /opt/airflow/dags/forecast_logging_dag.py for tasks to queue
[2026-08-09T15:17:31.350+0000] {logging_mixin.py:188} INFO - [2026-08-09T15:17:31.349+0000] {dagbag.py:545} INFO - Filling up the DagBag from /opt/airflow/dags/forecast_logging_dag.py
[2026-08-09T15:17:46.470+0000] {processor.py:840} INFO - DAG(s) 'forecast_logging' retrieved from /opt/airflow/dags/forecast_logging_dag.py
[2026-08-09T15:17:46.505+0000] {logging_mixin.py:188} INFO - [2026-08-09T15:17:46.504+0000] {dag.py:3089} INFO - Sync 1 DAGs
[2026-08-09T15:17:46.528+0000] {logging_mixin.py:188} INFO - [2026-08-09T15:17:46.528+0000] {dag.py:3947} INFO - Setting next_dagrun for forecast_logging to 2026-08-09 00:00:00+00:00, run_after=2026-08-10 00:00:00+00:00
[2026-08-09T15:17:46.567+0000] {processor.py:183} INFO - Processing /opt/airflow/dags/forecast_logging_dag.py took 15.229 seconds
[2026-08-09T15:18:17.074+0000] {processor.py:161} INFO - Started process (PID=554) to work on /opt/airflow/dags/forecast_logging_dag.py
[2026-08-09T15:18:17.077+0000] {processor.py:830} INFO - Processing file /opt/airflow/dags/forecast_logging_dag.py for tasks to queue
[2026-08-09T15:18:17.080+0000] {logging_mixin.py:188} INFO - [2026-08-09T15:18:17.079+0000] {dagbag.py:545} INFO - Filling up the DagBag from /opt/airflow/dags/forecast_logging_dag.py
[2026-08-09T15:18:23.011+0000] {processor.py:840} INFO - DAG(s) 'forecast_logging' retrieved from /opt/airflow/dags/forecast_logging_dag.py
[2026-08-09T15:18:23.037+0000] {logging_mixin.py:188} INFO - [2026-08-09T15:18:23.037+0000] {dag.py:3089} INFO - Sync 1 DAGs
[2026-08-09T15:18:23.058+0000] {logging_mixin.py:188} INFO - [2026-08-09T15:18:23.058+0000] {dag.py:3947} INFO - Setting next_dagrun for forecast_logging to 2026-08-09 00:00:00+00:00, run_after=2026-08-10 00:00:00+00:00
[2026-08-09T15:18:23.075+0000] {processor.py:183} INFO - Processing /opt/airflow/dags/forecast_logging_dag.py took 6.002 seconds
[2026-08-09T15:18:53.388+0000] {processor.py:161} INFO - Started process (PID=585) to work on /opt/airflow/dags/forecast_logging_dag.py
[2026-08-09T15:18:53.407+0000] {processor.py:830} INFO - Processing file /opt/airflow/dags/forecast_logging_dag.py for tasks to queue
[2026-08-09T15:18:53.410+0000] {logging_mixin.py:188} INFO - [2026-08-09T15:18:53.409+0000] {dagbag.py:545} INFO - Filling up the DagBag from /opt/airflow/dags/forecast_logging_dag.py
[2026-08-09T15:19:00.487+0000] {processor.py:840} INFO - DAG(s) 'forecast_logging' retrieved from /opt/airflow/dags/forecast_logging_dag.py
[2026-08-09T15:19:00.517+0000] {logging_mixin.py:188} INFO - [2026-08-09T15:19:00.517+0000] {dag.py:3089} INFO - Sync 1 DAGs
[2026-08-09T15:19:00.589+0000] {logging_mixin.py:188} INFO - [2026-08-09T15:19:00.587+0000] {dag.py:3947} INFO - Setting next_dagrun for forecast_logging to 2026-08-09 00:00:00+00:00, run_after=2026-08-10 00:00:00+00:00
[2026-08-09T15:19:01.448+0000] {processor.py:183} INFO - Processing /opt/airflow/dags/forecast_logging_dag.py took 8.069 seconds
[2026-08-09T15:19:31.650+0000] {processor.py:161} INFO - Started process (PID=616) to work on /opt/airflow/dags/forecast_logging_dag.py
[2026-08-09T15:19:31.652+0000] {processor.py:830} INFO - Processing file /opt/airflow/dags/forecast_logging_dag.py for tasks to queue
[2026-08-09T15:19:31.653+0000] {logging_mixin.py:188} INFO - [2026-08-09T15:19:31.653+0000] {dagbag.py:545} INFO - Filling up the DagBag from /opt/airflow/dags/forecast_logging_dag.py
[2026-08-09T15:19:37.861+0000] {processor.py:840} INFO - DAG(s) 'forecast_logging' retrieved from /opt/airflow/dags/forecast_logging_dag.py
[2026-08-09T15:19:38.049+0000] {logging_mixin.py:188} INFO - [2026-08-09T15:19:38.049+0000] {dag.py:3089} INFO - Sync 1 DAGs
[2026-08-09T15:19:38.108+0000] {logging_mixin.py:188} INFO - [2026-08-09T15:19:38.107+0000] {dag.py:3947} INFO - Setting next_dagrun for forecast_logging to 2026-08-09 00:00:00+00:00, run_after=2026-08-10 00:00:00+00:00
[2026-08-09T15:19:38.186+0000] {processor.py:183} INFO - Processing /opt/airflow/dags/forecast_logging_dag.py took 6.545 seconds
[2026-08-09T15:20:08.401+0000] {processor.py:161} INFO - Started process (PID=659) to work on /opt/airflow/dags/forecast_logging_dag.py
[2026-08-09T15:20:08.403+0000] {processor.py:830} INFO - Processing file /opt/airflow/dags/forecast_logging_dag.py for tasks to queue
[2026-08-09T15:20:08.404+0000] {logging_mixin.py:188} INFO - [2026-08-09T15:20:08.404+0000] {dagbag.py:545} INFO - Filling up the DagBag from /opt/airflow/dags/forecast_logging_dag.py
[2026-08-09T15:20:12.756+0000] {processor.py:840} INFO - DAG(s) 'forecast_logging' retrieved from /opt/airflow/dags/forecast_logging_dag.py
[2026-08-09T15:20:12.783+0000] {logging_mixin.py:188} INFO - [2026-08-09T15:20:12.782+0000] {dag.py:3089} INFO - Sync 1 DAGs
[2026-08-09T15:20:12.805+0000] {logging_mixin.py:188} INFO - [2026-08-09T15:20:12.805+0000] {dag.py:3947} INFO - Setting next_dagrun for forecast_logging to 2026-08-09 00:00:00+00:00, run_after=2026-08-10 00:00:00+00:00
[2026-08-09T15:20:12.824+0000] {processor.py:183} INFO - Processing /opt/airflow/dags/forecast_logging_dag.py took 4.433 seconds
[2026-08-09T15:20:43.474+0000] {processor.py:161} INFO - Started process (PID=690) to work on /opt/airflow/dags/forecast_logging_dag.py
[2026-08-09T15:20:43.475+0000] {processor.py:830} INFO - Processing file /opt/airflow/dags/forecast_logging_dag.py for tasks to queue
[2026-08-09T15:20:43.476+0000] {logging_mixin.py:188} INFO - [2026-08-09T15:20:43.476+0000] {dagbag.py:545} INFO - Filling up the DagBag from /opt/airflow/dags/forecast_logging_dag.py
[2026-08-09T15:20:49.121+0000] {processor.py:840} INFO - DAG(s) 'forecast_logging' retrieved from /opt/airflow/dags/forecast_logging_dag.py
[2026-08-09T15:20:49.151+0000] {logging_mixin.py:188} INFO - [2026-08-09T15:20:49.150+0000] {dag.py:3089} INFO - Sync 1 DAGs
[2026-08-09T15:20:49.176+0000] {logging_mixin.py:188} INFO - [2026-08-09T15:20:49.176+0000] {dag.py:3947} INFO - Setting next_dagrun for forecast_logging to 2026-08-09 00:00:00+00:00, run_after=2026-08-10 00:00:00+00:00
[2026-08-09T15:20:49.198+0000] {processor.py:183} INFO - Processing /opt/airflow/dags/forecast_logging_dag.py took 4.431 seconds
[2026-08-09T15:21:19.791+0000] {processor.py:161} INFO - Started process (PID=721) to work on /opt/airflow/dags/forecast_logging_dag.py
[2026-08-09T15:21:19.792+0000] {processor.py:830} INFO - Processing file /opt/airflow/dags/forecast_logging_dag.py for tasks to queue
[2026-08-09T15:21:19.793+0000] {logging_mixin.py:188} INFO - [2026-08-09T15:21:19.793+0000] {dagbag.py:545} INFO - Filling up the DagBag from /opt/airflow/dags/forecast_logging_dag.py
[2026-08-09T15:21:24.316+0000] {processor.py:840} INFO - DAG(s) 'forecast_logging' retrieved from /opt/airflow/dags/forecast_logging_dag.py
[2026-08-09T15:21:24.349+0000] {logging_mixin.py:188} INFO - [2026-08-09T15:21:24.348+0000] {dag.py:3089} INFO - Sync 1 DAGs
[2026-08-09T15:21:24.369+0000] {logging_mixin.py:188} INFO - [2026-08-09T15:21:24.369+0000] {dag.py:3947} INFO - Setting next_dagrun for forecast_logging to 2026-08-09 00:00:00+00:00, run_after=2026-08-10 00:00:00+00:00
[2026-08-09T15:21:24.387+0000] {processor.py:183} INFO - Processing /opt/airflow/dags/forecast_logging_dag.py took 4.603 seconds
[2026-08-09T15:21:54.778+0000] {processor.py:161} INFO - Started process (PID=752) to work on /opt/airflow/dags/forecast_logging_dag.py
[2026-08-09T15:21:54.779+0000] {processor.py:830} INFO - Processing file /opt/airflow/dags/forecast_logging_dag.py for tasks to queue
[2026-08-09T15:21:54.780+0000] {logging_mixin.py:188} INFO - [2026-08-09T15:21:54.780+0000] {dagbag.py:545} INFO - Filling up the DagBag from /opt/airflow/dags/forecast_logging_dag.py
[2026-08-09T15:21:58.950+0000] {processor.py:840} INFO - DAG(s) 'forecast_logging' retrieved from /opt/airflow/dags/forecast_logging_dag.py
[2026-08-09T15:21:58.971+0000] {logging_mixin.py:188} INFO - [2026-08-09T15:21:58.971+0000] {dag.py:3089} INFO - Sync 1 DAGs
[2026-08-09T15:21:58.988+0000] {logging_mixin.py:188} INFO - [2026-08-09T15:21:58.987+0000] {dag.py:3947} INFO - Setting next_dagrun for forecast_logging to 2026-08-09 00:00:00+00:00, run_after=2026-08-10 00:00:00+00:00
[2026-08-09T15:21:59.003+0000] {processor.py:183} INFO - Processing /opt/airflow/dags/forecast_logging_dag.py took 4.235 seconds
[2026-08-09T15:22:29.204+0000] {processor.py:161} INFO - Started process (PID=783) to work on /opt/airflow/dags/forecast_logging_dag.py
[2026-08-09T15:22:29.205+0000] {processor.py:830} INFO - Processing file /opt/airflow/dags/forecast_logging_dag.py for tasks to queue
[2026-08-09T15:22:29.206+0000] {logging_mixin.py:188} INFO - [2026-08-09T15:22:29.206+0000] {dagbag.py:545} INFO - Filling up the DagBag from /opt/airflow/dags/forecast_logging_dag.py
[2026-08-09T15:22:33.061+0000] {processor.py:840} INFO - DAG(s) 'forecast_logging' retrieved from /opt/airflow/dags/forecast_logging_dag.py
[2026-08-09T15:22:33.087+0000] {logging_mixin.py:188} INFO - [2026-08-09T15:22:33.087+0000] {dag.py:3089} INFO - Sync 1 DAGs
[2026-08-09T15:22:33.103+0000] {logging_mixin.py:188} INFO - [2026-08-09T15:22:33.103+0000] {dag.py:3947} INFO - Setting next_dagrun for forecast_logging to 2026-08-09 00:00:00+00:00, run_after=2026-08-10 00:00:00+00:00
[2026-08-09T15:22:33.122+0000] {processor.py:183} INFO - Processing /opt/airflow/dags/forecast_logging_dag.py took 3.924 seconds
[2026-08-09T15:23:03.677+0000] {processor.py:161} INFO - Started process (PID=814) to work on /opt/airflow/dags/forecast_logging_dag.py
[2026-08-09T15:23:03.678+0000] {processor.py:830} INFO - Processing file /opt/airflow/dags/forecast_logging_dag.py for tasks to queue
[2026-08-09T15:23:03.679+0000] {logging_mixin.py:188} INFO - [2026-08-09T15:23:03.679+0000] {dagbag.py:545} INFO - Filling up the DagBag from /opt/airflow/dags/forecast_logging_dag.py
[2026-08-09T15:23:07.655+0000] {processor.py:840} INFO - DAG(s) 'forecast_logging' retrieved from /opt/airflow/dags/forecast_logging_dag.py
[2026-08-09T15:23:07.678+0000] {logging_mixin.py:188} INFO - [2026-08-09T15:23:07.677+0000] {dag.py:3089} INFO - Sync 1 DAGs
[2026-08-09T15:23:07.697+0000] {logging_mixin.py:188} INFO - [2026-08-09T15:23:07.697+0000] {dag.py:3947} INFO - Setting next_dagrun for forecast_logging to 2026-08-09 00:00:00+00:00, run_after=2026-08-10 00:00:00+00:00
[2026-08-09T15:23:07.712+0000] {processor.py:183} INFO - Processing /opt/airflow/dags/forecast_logging_dag.py took 4.042 seconds
[2026-08-09T15:23:38.016+0000] {processor.py:161} INFO - Started process (PID=845) to work on /opt/airflow/dags/forecast_logging_dag.py
[2026-08-09T15:23:38.017+0000] {processor.py:830} INFO - Processing file /opt/airflow/dags/forecast_logging_dag.py for tasks to queue
[2026-08-09T15:23:38.019+0000] {logging_mixin.py:188} INFO - [2026-08-09T15:23:38.018+0000] {dagbag.py:545} INFO - Filling up the DagBag from /opt/airflow/dags/forecast_logging_dag.py
[2026-08-09T15:23:41.905+0000] {processor.py:840} INFO - DAG(s) 'forecast_logging' retrieved from /opt/airflow/dags/forecast_logging_dag.py
[2026-08-09T15:23:41.926+0000] {logging_mixin.py:188} INFO - [2026-08-09T15:23:41.925+0000] {dag.py:3089} INFO - Sync 1 DAGs
[2026-08-09T15:23:41.944+0000] {logging_mixin.py:188} INFO - [2026-08-09T15:23:41.943+0000] {dag.py:3947} INFO - Setting next_dagrun for forecast_logging to 2026-08-09 00:00:00+00:00, run_after=2026-08-10 00:00:00+00:00
[2026-08-09T15:23:41.959+0000] {processor.py:183} INFO - Processing /opt/airflow/dags/forecast_logging_dag.py took 3.951 seconds
[2026-08-09T15:24:13.047+0000] {processor.py:161} INFO - Started process (PID=876) to work on /opt/airflow/dags/forecast_logging_dag.py
[2026-08-09T15:24:13.049+0000] {processor.py:830} INFO - Processing file /opt/airflow/dags/forecast_logging_dag.py for tasks to queue
[2026-08-09T15:24:13.050+0000] {logging_mixin.py:188} INFO - [2026-08-09T15:24:13.049+0000] {dagbag.py:545} INFO - Filling up the DagBag from /opt/airflow/dags/forecast_logging_dag.py
[2026-08-09T15:24:19.117+0000] {processor.py:840} INFO - DAG(s) 'forecast_logging' retrieved from /opt/airflow/dags/forecast_logging_dag.py
[2026-08-09T15:24:19.146+0000] {logging_mixin.py:188} INFO - [2026-08-09T15:24:19.146+0000] {dag.py:3089} INFO - Sync 1 DAGs
[2026-08-09T15:24:19.167+0000] {logging_mixin.py:188} INFO - [2026-08-09T15:24:19.167+0000] {dag.py:3947} INFO - Setting next_dagrun for forecast_logging to 2026-08-09 00:00:00+00:00, run_after=2026-08-10 00:00:00+00:00
[2026-08-09T15:24:19.186+0000] {processor.py:183} INFO - Processing /opt/airflow/dags/forecast_logging_dag.py took 5.199 seconds
[2026-08-09T15:24:49.741+0000] {processor.py:161} INFO - Started process (PID=913) to work on /opt/airflow/dags/forecast_logging_dag.py
[2026-08-09T15:24:49.742+0000] {processor.py:830} INFO - Processing file /opt/airflow/dags/forecast_logging_dag.py for tasks to queue
[2026-08-09T15:24:49.743+0000] {logging_mixin.py:188} INFO - [2026-08-09T15:24:49.743+0000] {dagbag.py:545} INFO - Filling up the DagBag from /opt/airflow/dags/forecast_logging_dag.py
[2026-08-09T15:24:53.674+0000] {processor.py:840} INFO - DAG(s) 'forecast_logging' retrieved from /opt/airflow/dags/forecast_logging_dag.py
[2026-08-09T15:24:53.697+0000] {logging_mixin.py:188} INFO - [2026-08-09T15:24:53.697+0000] {dag.py:3089} INFO - Sync 1 DAGs
[2026-08-09T15:24:53.714+0000] {logging_mixin.py:188} INFO - [2026-08-09T15:24:53.714+0000] {dag.py:3947} INFO - Setting next_dagrun for forecast_logging to 2026-08-09 00:00:00+00:00, run_after=2026-08-10 00:00:00+00:00
[2026-08-09T15:24:53.729+0000] {processor.py:183} INFO - Processing /opt/airflow/dags/forecast_logging_dag.py took 3.997 seconds
[2026-08-09T15:25:24.141+0000] {processor.py:161} INFO - Started process (PID=950) to work on /opt/airflow/dags/forecast_logging_dag.py
[2026-08-09T15:25:24.142+0000] {processor.py:830} INFO - Processing file /opt/airflow/dags/forecast_logging_dag.py for tasks to queue
[2026-08-09T15:25:24.143+0000] {logging_mixin.py:188} INFO - [2026-08-09T15:25:24.142+0000] {dagbag.py:545} INFO - Filling up the DagBag from /opt/airflow/dags/forecast_logging_dag.py
[2026-08-09T15:25:27.961+0000] {processor.py:840} INFO - DAG(s) 'forecast_logging' retrieved from /opt/airflow/dags/forecast_logging_dag.py
[2026-08-09T15:25:27.987+0000] {logging_mixin.py:188} INFO - [2026-08-09T15:25:27.986+0000] {dag.py:3089} INFO - Sync 1 DAGs
[2026-08-09T15:25:28.004+0000] {logging_mixin.py:188} INFO - [2026-08-09T15:25:28.004+0000] {dag.py:3947} INFO - Setting next_dagrun for forecast_logging to 2026-08-09 00:00:00+00:00, run_after=2026-08-10 00:00:00+00:00
[2026-08-09T15:25:28.023+0000] {processor.py:183} INFO - Processing /opt/airflow/dags/forecast_logging_dag.py took 3.890 seconds
[2026-08-09T15:25:58.340+0000] {processor.py:161} INFO - Started process (PID=981) to work on /opt/airflow/dags/forecast_logging_dag.py
[2026-08-09T15:25:58.341+0000] {processor.py:830} INFO - Processing file /opt/airflow/dags/forecast_logging_dag.py for tasks to queue
[2026-08-09T15:25:58.342+0000] {logging_mixin.py:188} INFO - [2026-08-09T15:25:58.342+0000] {dagbag.py:545} INFO - Filling up the DagBag from /opt/airflow/dags/forecast_logging_dag.py
[2026-08-09T15:26:01.949+0000] {processor.py:840} INFO - DAG(s) 'forecast_logging' retrieved from /opt/airflow/dags/forecast_logging_dag.py
[2026-08-09T15:26:01.971+0000] {logging_mixin.py:188} INFO - [2026-08-09T15:26:01.971+0000] {dag.py:3089} INFO - Sync 1 DAGs
[2026-08-09T15:26:01.988+0000] {logging_mixin.py:188} INFO - [2026-08-09T15:26:01.988+0000] {dag.py:3947} INFO - Setting next_dagrun for forecast_logging to 2026-08-09 00:00:00+00:00, run_after=2026-08-10 00:00:00+00:00
[2026-08-09T15:26:02.005+0000] {processor.py:183} INFO - Processing /opt/airflow/dags/forecast_logging_dag.py took 3.672 seconds
[2026-08-09T15:26:32.674+0000] {processor.py:161} INFO - Started process (PID=1012) to work on /opt/airflow/dags/forecast_logging_dag.py
[2026-08-09T15:26:32.675+0000] {processor.py:830} INFO - Processing file /opt/airflow/dags/forecast_logging_dag.py for tasks to queue
[2026-08-09T15:26:32.676+0000] {logging_mixin.py:188} INFO - [2026-08-09T15:26:32.676+0000] {dagbag.py:545} INFO - Filling up the DagBag from /opt/airflow/dags/forecast_logging_dag.py
[2026-08-09T15:26:36.657+0000] {processor.py:840} INFO - DAG(s) 'forecast_logging' retrieved from /opt/airflow/dags/forecast_logging_dag.py
[2026-08-09T15:26:36.812+0000] {logging_mixin.py:188} INFO - [2026-08-09T15:26:36.811+0000] {dag.py:3089} INFO - Sync 1 DAGs
[2026-08-09T15:26:36.831+0000] {logging_mixin.py:188} INFO - [2026-08-09T15:26:36.830+0000] {dag.py:3947} INFO - Setting next_dagrun for forecast_logging to 2026-08-09 00:00:00+00:00, run_after=2026-08-10 00:00:00+00:00
[2026-08-09T15:26:36.864+0000] {processor.py:183} INFO - Processing /opt/airflow/dags/forecast_logging_dag.py took 4.199 seconds
[2026-08-09T15:27:07.007+0000] {processor.py:161} INFO - Started process (PID=1043) to work on /opt/airflow/dags/forecast_logging_dag.py
[2026-08-09T15:27:07.008+0000] {processor.py:830} INFO - Processing file /opt/airflow/dags/forecast_logging_dag.py for tasks to queue
[2026-08-09T15:27:07.009+0000] {logging_mixin.py:188} INFO - [2026-08-09T15:27:07.009+0000] {dagbag.py:545} INFO - Filling up the DagBag from /opt/airflow/dags/forecast_logging_dag.py
[2026-08-09T15:27:10.726+0000] {processor.py:840} INFO - DAG(s) 'forecast_logging' retrieved from /opt/airflow/dags/forecast_logging_dag.py
[2026-08-09T15:27:10.749+0000] {logging_mixin.py:188} INFO - [2026-08-09T15:27:10.749+0000] {dag.py:3089} INFO - Sync 1 DAGs
[2026-08-09T15:27:10.767+0000] {logging_mixin.py:188} INFO - [2026-08-09T15:27:10.767+0000] {dag.py:3947} INFO - Setting next_dagrun for forecast_logging to 2026-08-09 00:00:00+00:00, run_after=2026-08-10 00:00:00+00:00
[2026-08-09T15:27:10.795+0000] {processor.py:183} INFO - Processing /opt/airflow/dags/forecast_logging_dag.py took 3.795 seconds
[2026-08-09T15:27:41.086+0000] {processor.py:161} INFO - Started process (PID=1074) to work on /opt/airflow/dags/forecast_logging_dag.py
[2026-08-09T15:27:41.088+0000] {processor.py:830} INFO - Processing file /opt/airflow/dags/forecast_logging_dag.py for tasks to queue
[2026-08-09T15:27:41.089+0000] {logging_mixin.py:188} INFO - [2026-08-09T15:27:41.089+0000] {dagbag.py:545} INFO - Filling up the DagBag from /opt/airflow/dags/forecast_logging_dag.py
[2026-08-09T15:27:44.943+0000] {processor.py:840} INFO - DAG(s) 'forecast_logging' retrieved from /opt/airflow/dags/forecast_logging_dag.py
[2026-08-09T15:27:44.968+0000] {logging_mixin.py:188} INFO - [2026-08-09T15:27:44.967+0000] {dag.py:3089} INFO - Sync 1 DAGs
[2026-08-09T15:27:44.985+0000] {logging_mixin.py:188} INFO - [2026-08-09T15:27:44.985+0000] {dag.py:3947} INFO - Setting next_dagrun for forecast_logging to 2026-08-09 00:00:00+00:00, run_after=2026-08-10 00:00:00+00:00
[2026-08-09T15:27:45.000+0000] {processor.py:183} INFO - Processing /opt/airflow/dags/forecast_logging_dag.py took 3.924 seconds
[2026-08-09T15:28:15.325+0000] {processor.py:161} INFO - Started process (PID=1105) to work on /opt/airflow/dags/forecast_logging_dag.py
[2026-08-09T15:28:15.326+0000] {processor.py:830} INFO - Processing file /opt/airflow/dags/forecast_logging_dag.py for tasks to queue
[2026-08-09T15:28:15.327+0000] {logging_mixin.py:188} INFO - [2026-08-09T15:28:15.327+0000] {dagbag.py:545} INFO - Filling up the DagBag from /opt/airflow/dags/forecast_logging_dag.py
[2026-08-09T15:28:19.184+0000] {processor.py:840} INFO - DAG(s) 'forecast_logging' retrieved from /opt/airflow/dags/forecast_logging_dag.py
[2026-08-09T15:28:19.208+0000] {logging_mixin.py:188} INFO - [2026-08-09T15:28:19.207+0000] {dag.py:3089} INFO - Sync 1 DAGs
[2026-08-09T15:28:19.224+0000] {logging_mixin.py:188} INFO - [2026-08-09T15:28:19.224+0000] {dag.py:3947} INFO - Setting next_dagrun for forecast_logging to 2026-08-09 00:00:00+00:00, run_after=2026-08-10 00:00:00+00:00
[2026-08-09T15:28:19.239+0000] {processor.py:183} INFO - Processing /opt/airflow/dags/forecast_logging_dag.py took 3.923 seconds
[2026-08-09T15:28:49.434+0000] {processor.py:161} INFO - Started process (PID=1136) to work on /opt/airflow/dags/forecast_logging_dag.py
[2026-08-09T15:28:49.435+0000] {processor.py:830} INFO - Processing file /opt/airflow/dags/forecast_logging_dag.py for tasks to queue
[2026-08-09T15:28:49.436+0000] {logging_mixin.py:188} INFO - [2026-08-09T15:28:49.436+0000] {dagbag.py:545} INFO - Filling up the DagBag from /opt/airflow/dags/forecast_logging_dag.py
[2026-08-09T15:28:53.221+0000] {processor.py:840} INFO - DAG(s) 'forecast_logging' retrieved from /opt/airflow/dags/forecast_logging_dag.py
[2026-08-09T15:28:53.243+0000] {logging_mixin.py:188} INFO - [2026-08-09T15:28:53.243+0000] {dag.py:3089} INFO - Sync 1 DAGs
[2026-08-09T15:28:53.260+0000] {logging_mixin.py:188} INFO - [2026-08-09T15:28:53.260+0000] {dag.py:3947} INFO - Setting next_dagrun for forecast_logging to 2026-08-09 00:00:00+00:00, run_after=2026-08-10 00:00:00+00:00
[2026-08-09T15:28:53.278+0000] {processor.py:183} INFO - Processing /opt/airflow/dags/forecast_logging_dag.py took 3.854 seconds
[2026-08-09T15:29:23.678+0000] {processor.py:161} INFO - Started process (PID=1167) to work on /opt/airflow/dags/forecast_logging_dag.py
[2026-08-09T15:29:23.679+0000] {processor.py:830} INFO - Processing file /opt/airflow/dags/forecast_logging_dag.py for tasks to queue
[2026-08-09T15:29:23.680+0000] {logging_mixin.py:188} INFO - [2026-08-09T15:29:23.680+0000] {dagbag.py:545} INFO - Filling up the DagBag from /opt/airflow/dags/forecast_logging_dag.py
[2026-08-09T15:29:27.325+0000] {processor.py:840} INFO - DAG(s) 'forecast_logging' retrieved from /opt/airflow/dags/forecast_logging_dag.py
[2026-08-09T15:29:27.347+0000] {logging_mixin.py:188} INFO - [2026-08-09T15:29:27.346+0000] {dag.py:3089} INFO - Sync 1 DAGs
[2026-08-09T15:29:27.365+0000] {logging_mixin.py:188} INFO - [2026-08-09T15:29:27.365+0000] {dag.py:3947} INFO - Setting next_dagrun for forecast_logging to 2026-08-09 00:00:00+00:00, run_after=2026-08-10 00:00:00+00:00
[2026-08-09T15:29:27.381+0000] {processor.py:183} INFO - Processing /opt/airflow/dags/forecast_logging_dag.py took 3.711 seconds
[2026-08-09T15:29:58.340+0000] {processor.py:161} INFO - Started process (PID=1198) to work on /opt/airflow/dags/forecast_logging_dag.py
[2026-08-09T15:29:58.341+0000] {processor.py:830} INFO - Processing file /opt/airflow/dags/forecast_logging_dag.py for tasks to queue
[2026-08-09T15:29:58.342+0000] {logging_mixin.py:188} INFO - [2026-08-09T15:29:58.342+0000] {dagbag.py:545} INFO - Filling up the DagBag from /opt/airflow/dags/forecast_logging_dag.py
[2026-08-09T15:30:02.097+0000] {processor.py:840} INFO - DAG(s) 'forecast_logging' retrieved from /opt/airflow/dags/forecast_logging_dag.py
[2026-08-09T15:30:02.119+0000] {logging_mixin.py:188} INFO - [2026-08-09T15:30:02.118+0000] {dag.py:3089} INFO - Sync 1 DAGs
[2026-08-09T15:30:02.136+0000] {logging_mixin.py:188} INFO - [2026-08-09T15:30:02.136+0000] {dag.py:3947} INFO - Setting next_dagrun for forecast_logging to 2026-08-09 00:00:00+00:00, run_after=2026-08-10 00:00:00+00:00
[2026-08-09T15:30:02.151+0000] {processor.py:183} INFO - Processing /opt/airflow/dags/forecast_logging_dag.py took 3.820 seconds
[2026-08-09T15:30:32.484+0000] {processor.py:161} INFO - Started process (PID=1239) to work on /opt/airflow/dags/forecast_logging_dag.py
[2026-08-09T15:30:32.486+0000] {processor.py:830} INFO - Processing file /opt/airflow/dags/forecast_logging_dag.py for tasks to queue
[2026-08-09T15:30:32.487+0000] {logging_mixin.py:188} INFO - [2026-08-09T15:30:32.486+0000] {dagbag.py:545} INFO - Filling up the DagBag from /opt/airflow/dags/forecast_logging_dag.py
[2026-08-09T15:30:36.297+0000] {processor.py:840} INFO - DAG(s) 'forecast_logging' retrieved from /opt/airflow/dags/forecast_logging_dag.py
[2026-08-09T15:30:36.320+0000] {logging_mixin.py:188} INFO - [2026-08-09T15:30:36.320+0000] {dag.py:3089} INFO - Sync 1 DAGs
[2026-08-09T15:30:36.339+0000] {logging_mixin.py:188} INFO - [2026-08-09T15:30:36.338+0000] {dag.py:3947} INFO - Setting next_dagrun for forecast_logging to 2026-08-09 00:00:00+00:00, run_after=2026-08-10 00:00:00+00:00
[2026-08-09T15:30:36.353+0000] {processor.py:183} INFO - Processing /opt/airflow/dags/forecast_logging_dag.py took 3.877 seconds
[2026-08-09T15:31:06.711+0000] {processor.py:161} INFO - Started process (PID=1272) to work on /opt/airflow/dags/forecast_logging_dag.py
[2026-08-09T15:31:06.713+0000] {processor.py:830} INFO - Processing file /opt/airflow/dags/forecast_logging_dag.py for tasks to queue
[2026-08-09T15:31:06.714+0000] {logging_mixin.py:188} INFO - [2026-08-09T15:31:06.713+0000] {dagbag.py:545} INFO - Filling up the DagBag from /opt/airflow/dags/forecast_logging_dag.py
[2026-08-09T15:31:10.376+0000] {processor.py:840} INFO - DAG(s) 'forecast_logging' retrieved from /opt/airflow/dags/forecast_logging_dag.py
[2026-08-09T15:31:10.397+0000] {logging_mixin.py:188} INFO - [2026-08-09T15:31:10.397+0000] {dag.py:3089} INFO - Sync 1 DAGs
[2026-08-09T15:31:10.413+0000] {logging_mixin.py:188} INFO - [2026-08-09T15:31:10.413+0000] {dag.py:3947} INFO - Setting next_dagrun for forecast_logging to 2026-08-09 00:00:00+00:00, run_after=2026-08-10 00:00:00+00:00
[2026-08-09T15:31:10.429+0000] {processor.py:183} INFO - Processing /opt/airflow/dags/forecast_logging_dag.py took 3.725 seconds
[2026-08-09T15:31:40.639+0000] {processor.py:161} INFO - Started process (PID=1303) to work on /opt/airflow/dags/forecast_logging_dag.py
[2026-08-09T15:31:40.640+0000] {processor.py:830} INFO - Processing file /opt/airflow/dags/forecast_logging_dag.py for tasks to queue
[2026-08-09T15:31:40.641+0000] {logging_mixin.py:188} INFO - [2026-08-09T15:31:40.640+0000] {dagbag.py:545} INFO - Filling up the DagBag from /opt/airflow/dags/forecast_logging_dag.py
[2026-08-09T15:31:44.215+0000] {processor.py:840} INFO - DAG(s) 'forecast_logging' retrieved from /opt/airflow/dags/forecast_logging_dag.py
[2026-08-09T15:31:44.241+0000] {logging_mixin.py:188} INFO - [2026-08-09T15:31:44.240+0000] {dag.py:3089} INFO - Sync 1 DAGs
[2026-08-09T15:31:44.259+0000] {logging_mixin.py:188} INFO - [2026-08-09T15:31:44.259+0000] {dag.py:3947} INFO - Setting next_dagrun for forecast_logging to 2026-08-09 00:00:00+00:00, run_after=2026-08-10 00:00:00+00:00
[2026-08-09T15:31:44.278+0000] {processor.py:183} INFO - Processing /opt/airflow/dags/forecast_logging_dag.py took 3.647 seconds
[2026-08-09T15:32:14.785+0000] {processor.py:161} INFO - Started process (PID=1334) to work on /opt/airflow/dags/forecast_logging_dag.py
[2026-08-09T15:32:14.786+0000] {processor.py:830} INFO - Processing file /opt/airflow/dags/forecast_logging_dag.py for tasks to queue
[2026-08-09T15:32:14.787+0000] {logging_mixin.py:188} INFO - [2026-08-09T15:32:14.787+0000] {dagbag.py:545} INFO - Filling up the DagBag from /opt/airflow/dags/forecast_logging_dag.py
[2026-08-09T15:32:18.519+0000] {processor.py:840} INFO - DAG(s) 'forecast_logging' retrieved from /opt/airflow/dags/forecast_logging_dag.py
[2026-08-09T15:32:18.541+0000] {logging_mixin.py:188} INFO - [2026-08-09T15:32:18.541+0000] {dag.py:3089} INFO - Sync 1 DAGs
[2026-08-09T15:32:18.562+0000] {logging_mixin.py:188} INFO - [2026-08-09T15:32:18.561+0000] {dag.py:3947} INFO - Setting next_dagrun for forecast_logging to 2026-08-09 00:00:00+00:00, run_after=2026-08-10 00:00:00+00:00
[2026-08-09T15:32:18.591+0000] {processor.py:183} INFO - Processing /opt/airflow/dags/forecast_logging_dag.py took 3.815 seconds
[2026-08-09T15:32:48.726+0000] {processor.py:161} INFO - Started process (PID=1365) to work on /opt/airflow/dags/forecast_logging_dag.py
[2026-08-09T15:32:48.727+0000] {processor.py:830} INFO - Processing file /opt/airflow/dags/forecast_logging_dag.py for tasks to queue
[2026-08-09T15:32:48.728+0000] {logging_mixin.py:188} INFO - [2026-08-09T15:32:48.727+0000] {dagbag.py:545} INFO - Filling up the DagBag from /opt/airflow/dags/forecast_logging_dag.py
[2026-08-09T15:32:52.520+0000] {processor.py:840} INFO - DAG(s) 'forecast_logging' retrieved from /opt/airflow/dags/forecast_logging_dag.py
[2026-08-09T15:32:52.542+0000] {logging_mixin.py:188} INFO - [2026-08-09T15:32:52.542+0000] {dag.py:3089} INFO - Sync 1 DAGs
[2026-08-09T15:32:52.561+0000] {logging_mixin.py:188} INFO - [2026-08-09T15:32:52.560+0000] {dag.py:3947} INFO - Setting next_dagrun for forecast_logging to 2026-08-09 00:00:00+00:00, run_after=2026-08-10 00:00:00+00:00
[2026-08-09T15:32:52.576+0000] {processor.py:183} INFO - Processing /opt/airflow/dags/forecast_logging_dag.py took 3.859 seconds
[2026-08-09T15:33:22.912+0000] {processor.py:161} INFO - Started process (PID=1396) to work on /opt/airflow/dags/forecast_logging_dag.py
[2026-08-09T15:33:22.913+0000] {processor.py:830} INFO - Processing file /opt/airflow/dags/forecast_logging_dag.py for tasks to queue
[2026-08-09T15:33:22.914+0000] {logging_mixin.py:188} INFO - [2026-08-09T15:33:22.914+0000] {dagbag.py:545} INFO - Filling up the DagBag from /opt/airflow/dags/forecast_logging_dag.py
[2026-08-09T15:33:26.642+0000] {processor.py:840} INFO - DAG(s) 'forecast_logging' retrieved from /opt/airflow/dags/forecast_logging_dag.py
[2026-08-09T15:33:26.666+0000] {logging_mixin.py:188} INFO - [2026-08-09T15:33:26.665+0000] {dag.py:3089} INFO - Sync 1 DAGs
[2026-08-09T15:33:26.684+0000] {logging_mixin.py:188} INFO - [2026-08-09T15:33:26.683+0000] {dag.py:3947} INFO - Setting next_dagrun for forecast_logging to 2026-08-09 00:00:00+00:00, run_after=2026-08-10 00:00:00+00:00
[2026-08-09T15:33:26.699+0000] {processor.py:183} INFO - Processing /opt/airflow/dags/forecast_logging_dag.py took 3.794 seconds
[2026-08-09T15:33:56.936+0000] {processor.py:161} INFO - Started process (PID=1427) to work on /opt/airflow/dags/forecast_logging_dag.py
[2026-08-09T15:33:56.937+0000] {processor.py:830} INFO - Processing file /opt/airflow/dags/forecast_logging_dag.py for tasks to queue
[2026-08-09T15:33:56.938+0000] {logging_mixin.py:188} INFO - [2026-08-09T15:33:56.937+0000] {dagbag.py:545} INFO - Filling up the DagBag from /opt/airflow/dags/forecast_logging_dag.py
[2026-08-09T15:34:00.700+0000] {processor.py:840} INFO - DAG(s) 'forecast_logging' retrieved from /opt/airflow/dags/forecast_logging_dag.py
[2026-08-09T15:34:00.722+0000] {logging_mixin.py:188} INFO - [2026-08-09T15:34:00.722+0000] {dag.py:3089} INFO - Sync 1 DAGs
[2026-08-09T15:34:00.739+0000] {logging_mixin.py:188} INFO - [2026-08-09T15:34:00.739+0000] {dag.py:3947} INFO - Setting next_dagrun for forecast_logging to 2026-08-09 00:00:00+00:00, run_after=2026-08-10 00:00:00+00:00
[2026-08-09T15:34:00.755+0000] {processor.py:183} INFO - Processing /opt/airflow/dags/forecast_logging_dag.py took 3.827 seconds
[2026-08-09T15:34:31.009+0000] {processor.py:161} INFO - Started process (PID=1458) to work on /opt/airflow/dags/forecast_logging_dag.py
[2026-08-09T15:34:31.011+0000] {processor.py:830} INFO - Processing file /opt/airflow/dags/forecast_logging_dag.py for tasks to queue
[2026-08-09T15:34:31.012+0000] {logging_mixin.py:188} INFO - [2026-08-09T15:34:31.011+0000] {dagbag.py:545} INFO - Filling up the DagBag from /opt/airflow/dags/forecast_logging_dag.py
[2026-08-09T15:34:34.718+0000] {processor.py:840} INFO - DAG(s) 'forecast_logging' retrieved from /opt/airflow/dags/forecast_logging_dag.py
[2026-08-09T15:34:34.740+0000] {logging_mixin.py:188} INFO - [2026-08-09T15:34:34.740+0000] {dag.py:3089} INFO - Sync 1 DAGs
[2026-08-09T15:34:34.756+0000] {logging_mixin.py:188} INFO - [2026-08-09T15:34:34.755+0000] {dag.py:3947} INFO - Setting next_dagrun for forecast_logging to 2026-08-09 00:00:00+00:00, run_after=2026-08-10 00:00:00+00:00
[2026-08-09T15:34:34.769+0000] {processor.py:183} INFO - Processing /opt/airflow/dags/forecast_logging_dag.py took 3.768 seconds
[2026-08-09T15:35:05.071+0000] {processor.py:161} INFO - Started process (PID=1489) to work on /opt/airflow/dags/forecast_logging_dag.py
[2026-08-09T15:35:05.072+0000] {processor.py:830} INFO - Processing file /opt/airflow/dags/forecast_logging_dag.py for tasks to queue
[2026-08-09T15:35:05.073+0000] {logging_mixin.py:188} INFO - [2026-08-09T15:35:05.073+0000] {dagbag.py:545} INFO - Filling up the DagBag from /opt/airflow/dags/forecast_logging_dag.py
[2026-08-09T15:35:08.748+0000] {processor.py:840} INFO - DAG(s) 'forecast_logging' retrieved from /opt/airflow/dags/forecast_logging_dag.py
[2026-08-09T15:35:08.770+0000] {logging_mixin.py:188} INFO - [2026-08-09T15:35:08.770+0000] {dag.py:3089} INFO - Sync 1 DAGs
[2026-08-09T15:35:08.789+0000] {logging_mixin.py:188} INFO - [2026-08-09T15:35:08.788+0000] {dag.py:3947} INFO - Setting next_dagrun for forecast_logging to 2026-08-09 00:00:00+00:00, run_after=2026-08-10 00:00:00+00:00
[2026-08-09T15:35:08.805+0000] {processor.py:183} INFO - Processing /opt/airflow/dags/forecast_logging_dag.py took 3.741 seconds
[2026-08-09T15:35:38.965+0000] {processor.py:161} INFO - Started process (PID=1520) to work on /opt/airflow/dags/forecast_logging_dag.py
[2026-08-09T15:35:38.966+0000] {processor.py:830} INFO - Processing file /opt/airflow/dags/forecast_logging_dag.py for tasks to queue
[2026-08-09T15:35:38.967+0000] {logging_mixin.py:188} INFO - [2026-08-09T15:35:38.967+0000] {dagbag.py:545} INFO - Filling up the DagBag from /opt/airflow/dags/forecast_logging_dag.py
[2026-08-09T15:35:42.902+0000] {processor.py:840} INFO - DAG(s) 'forecast_logging' retrieved from /opt/airflow/dags/forecast_logging_dag.py
[2026-08-09T15:35:42.937+0000] {logging_mixin.py:188} INFO - [2026-08-09T15:35:42.936+0000] {dag.py:3089} INFO - Sync 1 DAGs
[2026-08-09T15:35:42.959+0000] {logging_mixin.py:188} INFO - [2026-08-09T15:35:42.959+0000] {dag.py:3947} INFO - Setting next_dagrun for forecast_logging to 2026-08-09 00:00:00+00:00, run_after=2026-08-10 00:00:00+00:00
[2026-08-09T15:35:42.976+0000] {processor.py:183} INFO - Processing /opt/airflow/dags/forecast_logging_dag.py took 4.018 seconds
[2026-08-09T15:36:13.283+0000] {processor.py:161} INFO - Started process (PID=1555) to work on /opt/airflow/dags/forecast_logging_dag.py
[2026-08-09T15:36:13.284+0000] {processor.py:830} INFO - Processing file /opt/airflow/dags/forecast_logging_dag.py for tasks to queue
[2026-08-09T15:36:13.284+0000] {logging_mixin.py:188} INFO - [2026-08-09T15:36:13.284+0000] {dagbag.py:545} INFO - Filling up the DagBag from /opt/airflow/dags/forecast_logging_dag.py
[2026-08-09T15:36:17.117+0000] {processor.py:840} INFO - DAG(s) 'forecast_logging' retrieved from /opt/airflow/dags/forecast_logging_dag.py
[2026-08-09T15:36:17.140+0000] {logging_mixin.py:188} INFO - [2026-08-09T15:36:17.140+0000] {dag.py:3089} INFO - Sync 1 DAGs
[2026-08-09T15:36:17.158+0000] {logging_mixin.py:188} INFO - [2026-08-09T15:36:17.158+0000] {dag.py:3947} INFO - Setting next_dagrun for forecast_logging to 2026-08-09 00:00:00+00:00, run_after=2026-08-10 00:00:00+00:00
[2026-08-09T15:36:17.173+0000] {processor.py:183} INFO - Processing /opt/airflow/dags/forecast_logging_dag.py took 3.900 seconds
[2026-08-09T15:36:47.487+0000] {processor.py:161} INFO - Started process (PID=1594) to work on /opt/airflow/dags/forecast_logging_dag.py
[2026-08-09T15:36:47.488+0000] {processor.py:830} INFO - Processing file /opt/airflow/dags/forecast_logging_dag.py for tasks to queue
[2026-08-09T15:36:47.489+0000] {logging_mixin.py:188} INFO - [2026-08-09T15:36:47.489+0000] {dagbag.py:545} INFO - Filling up the DagBag from /opt/airflow/dags/forecast_logging_dag.py
[2026-08-09T15:36:51.378+0000] {processor.py:840} INFO - DAG(s) 'forecast_logging' retrieved from /opt/airflow/dags/forecast_logging_dag.py
[2026-08-09T15:36:51.402+0000] {logging_mixin.py:188} INFO - [2026-08-09T15:36:51.401+0000] {dag.py:3089} INFO - Sync 1 DAGs
[2026-08-09T15:36:51.421+0000] {logging_mixin.py:188} INFO - [2026-08-09T15:36:51.421+0000] {dag.py:3947} INFO - Setting next_dagrun for forecast_logging to 2026-08-09 00:00:00+00:00, run_after=2026-08-10 00:00:00+00:00
[2026-08-09T15:36:51.437+0000] {processor.py:183} INFO - Processing /opt/airflow/dags/forecast_logging_dag.py took 3.958 seconds
[2026-08-09T17:03:40.488+0000] {processor.py:161} INFO - Started process (PID=1613) to work on /opt/airflow/dags/forecast_logging_dag.py
[2026-08-09T17:03:40.490+0000] {processor.py:830} INFO - Processing file /opt/airflow/dags/forecast_logging_dag.py for tasks to queue
[2026-08-09T17:03:40.491+0000] {logging_mixin.py:188} INFO - [2026-08-09T17:03:40.491+0000] {dagbag.py:545} INFO - Filling up the DagBag from /opt/airflow/dags/forecast_logging_dag.py
[2026-08-09T17:03:48.556+0000] {processor.py:840} INFO - DAG(s) 'forecast_logging' retrieved from /opt/airflow/dags/forecast_logging_dag.py
[2026-08-09T17:03:48.609+0000] {logging_mixin.py:188} INFO - [2026-08-09T17:03:48.608+0000] {dag.py:3089} INFO - Sync 1 DAGs
[2026-08-09T17:03:48.658+0000] {logging_mixin.py:188} INFO - [2026-08-09T17:03:48.657+0000] {dag.py:3947} INFO - Setting next_dagrun for forecast_logging to 2026-08-09 00:00:00+00:00, run_after=2026-08-10 00:00:00+00:00
[2026-08-09T17:03:48.702+0000] {processor.py:183} INFO - Processing /opt/airflow/dags/forecast_logging_dag.py took 8.226 seconds
[2026-08-09T17:04:18.942+0000] {processor.py:161} INFO - Started process (PID=1656) to work on /opt/airflow/dags/forecast_logging_dag.py
[2026-08-09T17:04:18.945+0000] {processor.py:830} INFO - Processing file /opt/airflow/dags/forecast_logging_dag.py for tasks to queue
[2026-08-09T17:04:18.947+0000] {logging_mixin.py:188} INFO - [2026-08-09T17:04:18.946+0000] {dagbag.py:545} INFO - Filling up the DagBag from /opt/airflow/dags/forecast_logging_dag.py
[2026-08-09T17:04:32.163+0000] {processor.py:840} INFO - DAG(s) 'forecast_logging' retrieved from /opt/airflow/dags/forecast_logging_dag.py
[2026-08-09T17:04:32.210+0000] {logging_mixin.py:188} INFO - [2026-08-09T17:04:32.209+0000] {dag.py:3089} INFO - Sync 1 DAGs
[2026-08-09T17:04:32.250+0000] {logging_mixin.py:188} INFO - [2026-08-09T17:04:32.249+0000] {dag.py:3947} INFO - Setting next_dagrun for forecast_logging to 2026-08-09 00:00:00+00:00, run_after=2026-08-10 00:00:00+00:00
[2026-08-09T17:04:32.296+0000] {processor.py:183} INFO - Processing /opt/airflow/dags/forecast_logging_dag.py took 13.392 seconds
[2026-08-09T17:05:03.121+0000] {processor.py:161} INFO - Started process (PID=1690) to work on /opt/airflow/dags/forecast_logging_dag.py
[2026-08-09T17:05:03.124+0000] {processor.py:830} INFO - Processing file /opt/airflow/dags/forecast_logging_dag.py for tasks to queue
[2026-08-09T17:05:03.126+0000] {logging_mixin.py:188} INFO - [2026-08-09T17:05:03.125+0000] {dagbag.py:545} INFO - Filling up the DagBag from /opt/airflow/dags/forecast_logging_dag.py
[2026-08-09T17:05:33.283+0000] {logging_mixin.py:188} INFO - [2026-08-09T17:05:33.280+0000] {timeout.py:68} ERROR - Process timed out, PID: 1690
[2026-08-09T17:06:04.399+0000] {processor.py:161} INFO - Started process (PID=1748) to work on /opt/airflow/dags/forecast_logging_dag.py
[2026-08-09T17:06:04.403+0000] {processor.py:830} INFO - Processing file /opt/airflow/dags/forecast_logging_dag.py for tasks to queue
[2026-08-09T17:06:04.407+0000] {logging_mixin.py:188} INFO - [2026-08-09T17:06:04.406+0000] {dagbag.py:545} INFO - Filling up the DagBag from /opt/airflow/dags/forecast_logging_dag.py
[2026-08-09T17:06:34.444+0000] {logging_mixin.py:188} INFO - [2026-08-09T17:06:34.443+0000] {timeout.py:68} ERROR - Process timed out, PID: 1748
[2026-08-09T17:07:21.222+0000] {processor.py:161} INFO - Started process (PID=1998) to work on /opt/airflow/dags/forecast_logging_dag.py
[2026-08-09T17:07:21.225+0000] {processor.py:830} INFO - Processing file /opt/airflow/dags/forecast_logging_dag.py for tasks to queue
[2026-08-09T17:07:21.231+0000] {logging_mixin.py:188} INFO - [2026-08-09T17:07:21.229+0000] {dagbag.py:545} INFO - Filling up the DagBag from /opt/airflow/dags/forecast_logging_dag.py
[2026-08-09T17:09:12.366+0000] {processor.py:161} INFO - Started process (PID=168) to work on /opt/airflow/dags/forecast_logging_dag.py
[2026-08-09T17:09:12.397+0000] {processor.py:830} INFO - Processing file /opt/airflow/dags/forecast_logging_dag.py for tasks to queue
[2026-08-09T17:09:12.439+0000] {logging_mixin.py:188} INFO - [2026-08-09T17:09:12.436+0000] {dagbag.py:545} INFO - Filling up the DagBag from /opt/airflow/dags/forecast_logging_dag.py
[2026-08-09T17:09:37.610+0000] {processor.py:840} INFO - DAG(s) 'forecast_logging' retrieved from /opt/airflow/dags/forecast_logging_dag.py
[2026-08-09T17:09:38.891+0000] {logging_mixin.py:188} INFO - [2026-08-09T17:09:38.890+0000] {dag.py:3089} INFO - Sync 1 DAGs
[2026-08-09T17:09:38.953+0000] {logging_mixin.py:188} INFO - [2026-08-09T17:09:38.952+0000] {dag.py:3947} INFO - Setting next_dagrun for forecast_logging to 2026-08-09 00:00:00+00:00, run_after=2026-08-10 00:00:00+00:00
[2026-08-09T17:09:39.000+0000] {processor.py:183} INFO - Processing /opt/airflow/dags/forecast_logging_dag.py took 26.836 seconds
[2026-08-09T17:10:10.112+0000] {processor.py:161} INFO - Started process (PID=211) to work on /opt/airflow/dags/forecast_logging_dag.py
[2026-08-09T17:10:10.115+0000] {processor.py:830} INFO - Processing file /opt/airflow/dags/forecast_logging_dag.py for tasks to queue
[2026-08-09T17:10:10.124+0000] {logging_mixin.py:188} INFO - [2026-08-09T17:10:10.121+0000] {dagbag.py:545} INFO - Filling up the DagBag from /opt/airflow/dags/forecast_logging_dag.py
[2026-08-09T17:10:35.729+0000] {processor.py:840} INFO - DAG(s) 'forecast_logging' retrieved from /opt/airflow/dags/forecast_logging_dag.py
[2026-08-09T17:10:35.817+0000] {logging_mixin.py:188} INFO - [2026-08-09T17:10:35.812+0000] {dag.py:3089} INFO - Sync 1 DAGs
[2026-08-09T17:10:35.938+0000] {logging_mixin.py:188} INFO - [2026-08-09T17:10:35.937+0000] {dag.py:3947} INFO - Setting next_dagrun for forecast_logging to 2026-08-09 00:00:00+00:00, run_after=2026-08-10 00:00:00+00:00
[2026-08-09T17:10:36.012+0000] {processor.py:183} INFO - Processing /opt/airflow/dags/forecast_logging_dag.py took 26.340 seconds
[2026-08-09T17:11:07.058+0000] {processor.py:161} INFO - Started process (PID=257) to work on /opt/airflow/dags/forecast_logging_dag.py
[2026-08-09T17:11:07.061+0000] {processor.py:830} INFO - Processing file /opt/airflow/dags/forecast_logging_dag.py for tasks to queue
[2026-08-09T17:11:07.070+0000] {logging_mixin.py:188} INFO - [2026-08-09T17:11:07.068+0000] {dagbag.py:545} INFO - Filling up the DagBag from /opt/airflow/dags/forecast_logging_dag.py
[2026-08-09T17:11:37.612+0000] {logging_mixin.py:188} INFO - [2026-08-09T17:11:37.611+0000] {timeout.py:68} ERROR - Process timed out, PID: 257
[2026-08-09T17:12:08.100+0000] {processor.py:161} INFO - Started process (PID=301) to work on /opt/airflow/dags/forecast_logging_dag.py
[2026-08-09T17:12:08.103+0000] {processor.py:830} INFO - Processing file /opt/airflow/dags/forecast_logging_dag.py for tasks to queue
[2026-08-09T17:12:08.107+0000] {logging_mixin.py:188} INFO - [2026-08-09T17:12:08.106+0000] {dagbag.py:545} INFO - Filling up the DagBag from /opt/airflow/dags/forecast_logging_dag.py
[2026-08-09T17:12:29.596+0000] {processor.py:840} INFO - DAG(s) 'forecast_logging' retrieved from /opt/airflow/dags/forecast_logging_dag.py
[2026-08-09T17:12:30.048+0000] {logging_mixin.py:188} INFO - [2026-08-09T17:12:30.047+0000] {dag.py:3089} INFO - Sync 1 DAGs
[2026-08-09T17:12:30.084+0000] {logging_mixin.py:188} INFO - [2026-08-09T17:12:30.084+0000] {dag.py:3947} INFO - Setting next_dagrun for forecast_logging to 2026-08-09 00:00:00+00:00, run_after=2026-08-10 00:00:00+00:00
[2026-08-09T17:12:30.127+0000] {processor.py:183} INFO - Processing /opt/airflow/dags/forecast_logging_dag.py took 21.936 seconds
[2026-08-09T17:13:00.924+0000] {processor.py:161} INFO - Started process (PID=338) to work on /opt/airflow/dags/forecast_logging_dag.py
[2026-08-09T17:13:00.927+0000] {processor.py:830} INFO - Processing file /opt/airflow/dags/forecast_logging_dag.py for tasks to queue
[2026-08-09T17:13:00.929+0000] {logging_mixin.py:188} INFO - [2026-08-09T17:13:00.929+0000] {dagbag.py:545} INFO - Filling up the DagBag from /opt/airflow/dags/forecast_logging_dag.py
[2026-08-09T17:13:10.478+0000] {processor.py:840} INFO - DAG(s) 'forecast_logging' retrieved from /opt/airflow/dags/forecast_logging_dag.py
[2026-08-09T17:13:10.534+0000] {logging_mixin.py:188} INFO - [2026-08-09T17:13:10.533+0000] {dag.py:3089} INFO - Sync 1 DAGs
[2026-08-09T17:13:10.603+0000] {logging_mixin.py:188} INFO - [2026-08-09T17:13:10.603+0000] {dag.py:3947} INFO - Setting next_dagrun for forecast_logging to 2026-08-09 00:00:00+00:00, run_after=2026-08-10 00:00:00+00:00
[2026-08-09T17:13:10.650+0000] {processor.py:183} INFO - Processing /opt/airflow/dags/forecast_logging_dag.py took 9.744 seconds
[2026-08-09T17:13:41.416+0000] {processor.py:161} INFO - Started process (PID=375) to work on /opt/airflow/dags/forecast_logging_dag.py
[2026-08-09T17:13:41.418+0000] {processor.py:830} INFO - Processing file /opt/airflow/dags/forecast_logging_dag.py for tasks to queue
[2026-08-09T17:13:41.420+0000] {logging_mixin.py:188} INFO - [2026-08-09T17:13:41.420+0000] {dagbag.py:545} INFO - Filling up the DagBag from /opt/airflow/dags/forecast_logging_dag.py
[2026-08-09T17:13:51.395+0000] {processor.py:840} INFO - DAG(s) 'forecast_logging' retrieved from /opt/airflow/dags/forecast_logging_dag.py
[2026-08-09T17:13:51.447+0000] {logging_mixin.py:188} INFO - [2026-08-09T17:13:51.446+0000] {dag.py:3089} INFO - Sync 1 DAGs
[2026-08-09T17:13:51.486+0000] {logging_mixin.py:188} INFO - [2026-08-09T17:13:51.486+0000] {dag.py:3947} INFO - Setting next_dagrun for forecast_logging to 2026-08-09 00:00:00+00:00, run_after=2026-08-10 00:00:00+00:00
[2026-08-09T17:13:51.522+0000] {processor.py:183} INFO - Processing /opt/airflow/dags/forecast_logging_dag.py took 10.173 seconds
[2026-08-09T17:14:21.830+0000] {processor.py:161} INFO - Started process (PID=406) to work on /opt/airflow/dags/forecast_logging_dag.py
[2026-08-09T17:14:21.832+0000] {processor.py:830} INFO - Processing file /opt/airflow/dags/forecast_logging_dag.py for tasks to queue
[2026-08-09T17:14:21.835+0000] {logging_mixin.py:188} INFO - [2026-08-09T17:14:21.834+0000] {dagbag.py:545} INFO - Filling up the DagBag from /opt/airflow/dags/forecast_logging_dag.py
[2026-08-09T17:14:31.058+0000] {processor.py:840} INFO - DAG(s) 'forecast_logging' retrieved from /opt/airflow/dags/forecast_logging_dag.py
[2026-08-09T17:14:31.112+0000] {logging_mixin.py:188} INFO - [2026-08-09T17:14:31.111+0000] {dag.py:3089} INFO - Sync 1 DAGs
[2026-08-09T17:14:31.158+0000] {logging_mixin.py:188} INFO - [2026-08-09T17:14:31.158+0000] {dag.py:3947} INFO - Setting next_dagrun for forecast_logging to 2026-08-09 00:00:00+00:00, run_after=2026-08-10 00:00:00+00:00
[2026-08-09T17:14:31.198+0000] {processor.py:183} INFO - Processing /opt/airflow/dags/forecast_logging_dag.py took 9.385 seconds
[2026-08-09T17:15:01.646+0000] {processor.py:161} INFO - Started process (PID=437) to work on /opt/airflow/dags/forecast_logging_dag.py
[2026-08-09T17:15:01.649+0000] {processor.py:830} INFO - Processing file /opt/airflow/dags/forecast_logging_dag.py for tasks to queue
[2026-08-09T17:15:01.651+0000] {logging_mixin.py:188} INFO - [2026-08-09T17:15:01.650+0000] {dagbag.py:545} INFO - Filling up the DagBag from /opt/airflow/dags/forecast_logging_dag.py
[2026-08-09T17:15:11.489+0000] {processor.py:840} INFO - DAG(s) 'forecast_logging' retrieved from /opt/airflow/dags/forecast_logging_dag.py
[2026-08-09T17:15:11.537+0000] {logging_mixin.py:188} INFO - [2026-08-09T17:15:11.536+0000] {dag.py:3089} INFO - Sync 1 DAGs
[2026-08-09T17:15:11.583+0000] {logging_mixin.py:188} INFO - [2026-08-09T17:15:11.582+0000] {dag.py:3947} INFO - Setting next_dagrun for forecast_logging to 2026-08-09 00:00:00+00:00, run_after=2026-08-10 00:00:00+00:00
[2026-08-09T17:15:11.622+0000] {processor.py:183} INFO - Processing /opt/airflow/dags/forecast_logging_dag.py took 9.993 seconds
[2026-08-09T17:15:42.307+0000] {processor.py:161} INFO - Started process (PID=474) to work on /opt/airflow/dags/forecast_logging_dag.py
[2026-08-09T17:15:42.309+0000] {processor.py:830} INFO - Processing file /opt/airflow/dags/forecast_logging_dag.py for tasks to queue
[2026-08-09T17:15:42.312+0000] {logging_mixin.py:188} INFO - [2026-08-09T17:15:42.311+0000] {dagbag.py:545} INFO - Filling up the DagBag from /opt/airflow/dags/forecast_logging_dag.py
[2026-08-09T17:15:51.773+0000] {processor.py:840} INFO - DAG(s) 'forecast_logging' retrieved from /opt/airflow/dags/forecast_logging_dag.py
[2026-08-09T17:15:51.830+0000] {logging_mixin.py:188} INFO - [2026-08-09T17:15:51.829+0000] {dag.py:3089} INFO - Sync 1 DAGs
[2026-08-09T17:15:51.876+0000] {logging_mixin.py:188} INFO - [2026-08-09T17:15:51.875+0000] {dag.py:3947} INFO - Setting next_dagrun for forecast_logging to 2026-08-09 00:00:00+00:00, run_after=2026-08-10 00:00:00+00:00
[2026-08-09T17:15:51.923+0000] {processor.py:183} INFO - Processing /opt/airflow/dags/forecast_logging_dag.py took 9.558 seconds
[2026-08-09T17:16:22.311+0000] {processor.py:161} INFO - Started process (PID=511) to work on /opt/airflow/dags/forecast_logging_dag.py
[2026-08-09T17:16:22.314+0000] {processor.py:830} INFO - Processing file /opt/airflow/dags/forecast_logging_dag.py for tasks to queue
[2026-08-09T17:16:22.316+0000] {logging_mixin.py:188} INFO - [2026-08-09T17:16:22.315+0000] {dagbag.py:545} INFO - Filling up the DagBag from /opt/airflow/dags/forecast_logging_dag.py
[2026-08-09T17:16:31.846+0000] {processor.py:840} INFO - DAG(s) 'forecast_logging' retrieved from /opt/airflow/dags/forecast_logging_dag.py
[2026-08-09T17:16:31.894+0000] {logging_mixin.py:188} INFO - [2026-08-09T17:16:31.893+0000] {dag.py:3089} INFO - Sync 1 DAGs
[2026-08-09T17:16:31.934+0000] {logging_mixin.py:188} INFO - [2026-08-09T17:16:31.933+0000] {dag.py:3947} INFO - Setting next_dagrun for forecast_logging to 2026-08-09 00:00:00+00:00, run_after=2026-08-10 00:00:00+00:00
[2026-08-09T17:16:31.973+0000] {processor.py:183} INFO - Processing /opt/airflow/dags/forecast_logging_dag.py took 9.683 seconds
[2026-08-09T17:17:02.682+0000] {processor.py:161} INFO - Started process (PID=542) to work on /opt/airflow/dags/forecast_logging_dag.py
[2026-08-09T17:17:02.684+0000] {processor.py:830} INFO - Processing file /opt/airflow/dags/forecast_logging_dag.py for tasks to queue
[2026-08-09T17:17:02.686+0000] {logging_mixin.py:188} INFO - [2026-08-09T17:17:02.686+0000] {dagbag.py:545} INFO - Filling up the DagBag from /opt/airflow/dags/forecast_logging_dag.py
[2026-08-09T17:17:11.419+0000] {processor.py:840} INFO - DAG(s) 'forecast_logging' retrieved from /opt/airflow/dags/forecast_logging_dag.py
[2026-08-09T17:17:11.467+0000] {logging_mixin.py:188} INFO - [2026-08-09T17:17:11.466+0000] {dag.py:3089} INFO - Sync 1 DAGs
[2026-08-09T17:17:11.505+0000] {logging_mixin.py:188} INFO - [2026-08-09T17:17:11.504+0000] {dag.py:3947} INFO - Setting next_dagrun for forecast_logging to 2026-08-09 00:00:00+00:00, run_after=2026-08-10 00:00:00+00:00
[2026-08-09T17:17:11.541+0000] {processor.py:183} INFO - Processing /opt/airflow/dags/forecast_logging_dag.py took 8.876 seconds
[2026-08-09T17:17:41.955+0000] {processor.py:161} INFO - Started process (PID=573) to work on /opt/airflow/dags/forecast_logging_dag.py
[2026-08-09T17:17:41.957+0000] {processor.py:830} INFO - Processing file /opt/airflow/dags/forecast_logging_dag.py for tasks to queue
[2026-08-09T17:17:41.960+0000] {logging_mixin.py:188} INFO - [2026-08-09T17:17:41.959+0000] {dagbag.py:545} INFO - Filling up the DagBag from /opt/airflow/dags/forecast_logging_dag.py
[2026-08-09T17:17:52.999+0000] {processor.py:840} INFO - DAG(s) 'forecast_logging' retrieved from /opt/airflow/dags/forecast_logging_dag.py
[2026-08-09T17:17:53.047+0000] {logging_mixin.py:188} INFO - [2026-08-09T17:17:53.047+0000] {dag.py:3089} INFO - Sync 1 DAGs
[2026-08-09T17:17:53.091+0000] {logging_mixin.py:188} INFO - [2026-08-09T17:17:53.091+0000] {dag.py:3947} INFO - Setting next_dagrun for forecast_logging to 2026-08-09 00:00:00+00:00, run_after=2026-08-10 00:00:00+00:00
[2026-08-09T17:17:53.138+0000] {processor.py:183} INFO - Processing /opt/airflow/dags/forecast_logging_dag.py took 11.213 seconds
[2026-08-09T17:18:24.082+0000] {processor.py:161} INFO - Started process (PID=608) to work on /opt/airflow/dags/forecast_logging_dag.py
[2026-08-09T17:18:24.090+0000] {processor.py:830} INFO - Processing file /opt/airflow/dags/forecast_logging_dag.py for tasks to queue
[2026-08-09T17:18:24.097+0000] {logging_mixin.py:188} INFO - [2026-08-09T17:18:24.095+0000] {dagbag.py:545} INFO - Filling up the DagBag from /opt/airflow/dags/forecast_logging_dag.py
[2026-08-09T17:18:33.860+0000] {processor.py:840} INFO - DAG(s) 'forecast_logging' retrieved from /opt/airflow/dags/forecast_logging_dag.py
[2026-08-09T17:18:33.905+0000] {logging_mixin.py:188} INFO - [2026-08-09T17:18:33.904+0000] {dag.py:3089} INFO - Sync 1 DAGs
[2026-08-09T17:18:33.941+0000] {logging_mixin.py:188} INFO - [2026-08-09T17:18:33.941+0000] {dag.py:3947} INFO - Setting next_dagrun for forecast_logging to 2026-08-09 00:00:00+00:00, run_after=2026-08-10 00:00:00+00:00
[2026-08-09T17:18:33.973+0000] {processor.py:183} INFO - Processing /opt/airflow/dags/forecast_logging_dag.py took 9.958 seconds
[2026-08-09T17:19:04.324+0000] {processor.py:161} INFO - Started process (PID=647) to work on /opt/airflow/dags/forecast_logging_dag.py
[2026-08-09T17:19:04.327+0000] {processor.py:830} INFO - Processing file /opt/airflow/dags/forecast_logging_dag.py for tasks to queue
[2026-08-09T17:19:04.329+0000] {logging_mixin.py:188} INFO - [2026-08-09T17:19:04.328+0000] {dagbag.py:545} INFO - Filling up the DagBag from /opt/airflow/dags/forecast_logging_dag.py
[2026-08-09T17:19:12.900+0000] {processor.py:840} INFO - DAG(s) 'forecast_logging' retrieved from /opt/airflow/dags/forecast_logging_dag.py
[2026-08-09T17:19:12.947+0000] {logging_mixin.py:188} INFO - [2026-08-09T17:19:12.946+0000] {dag.py:3089} INFO - Sync 1 DAGs
[2026-08-09T17:19:12.985+0000] {logging_mixin.py:188} INFO - [2026-08-09T17:19:12.984+0000] {dag.py:3947} INFO - Setting next_dagrun for forecast_logging to 2026-08-09 00:00:00+00:00, run_after=2026-08-10 00:00:00+00:00
[2026-08-09T17:19:13.019+0000] {processor.py:183} INFO - Processing /opt/airflow/dags/forecast_logging_dag.py took 8.714 seconds
[2026-08-09T17:19:43.762+0000] {processor.py:161} INFO - Started process (PID=678) to work on /opt/airflow/dags/forecast_logging_dag.py
[2026-08-09T17:19:43.764+0000] {processor.py:830} INFO - Processing file /opt/airflow/dags/forecast_logging_dag.py for tasks to queue
[2026-08-09T17:19:43.767+0000] {logging_mixin.py:188} INFO - [2026-08-09T17:19:43.766+0000] {dagbag.py:545} INFO - Filling up the DagBag from /opt/airflow/dags/forecast_logging_dag.py
[2026-08-09T17:19:52.634+0000] {processor.py:840} INFO - DAG(s) 'forecast_logging' retrieved from /opt/airflow/dags/forecast_logging_dag.py
[2026-08-09T17:19:52.685+0000] {logging_mixin.py:188} INFO - [2026-08-09T17:19:52.684+0000] {dag.py:3089} INFO - Sync 1 DAGs
[2026-08-09T17:19:52.726+0000] {logging_mixin.py:188} INFO - [2026-08-09T17:19:52.726+0000] {dag.py:3947} INFO - Setting next_dagrun for forecast_logging to 2026-08-09 00:00:00+00:00, run_after=2026-08-10 00:00:00+00:00
[2026-08-09T17:19:52.762+0000] {processor.py:183} INFO - Processing /opt/airflow/dags/forecast_logging_dag.py took 9.026 seconds
[2026-08-09T17:20:23.078+0000] {processor.py:161} INFO - Started process (PID=709) to work on /opt/airflow/dags/forecast_logging_dag.py
[2026-08-09T17:20:23.080+0000] {processor.py:830} INFO - Processing file /opt/airflow/dags/forecast_logging_dag.py for tasks to queue
[2026-08-09T17:20:23.082+0000] {logging_mixin.py:188} INFO - [2026-08-09T17:20:23.082+0000] {dagbag.py:545} INFO - Filling up the DagBag from /opt/airflow/dags/forecast_logging_dag.py
[2026-08-09T17:20:31.223+0000] {processor.py:840} INFO - DAG(s) 'forecast_logging' retrieved from /opt/airflow/dags/forecast_logging_dag.py
[2026-08-09T17:20:31.269+0000] {logging_mixin.py:188} INFO - [2026-08-09T17:20:31.268+0000] {dag.py:3089} INFO - Sync 1 DAGs
[2026-08-09T17:20:31.314+0000] {logging_mixin.py:188} INFO - [2026-08-09T17:20:31.314+0000] {dag.py:3947} INFO - Setting next_dagrun for forecast_logging to 2026-08-09 00:00:00+00:00, run_after=2026-08-10 00:00:00+00:00
[2026-08-09T17:20:31.349+0000] {processor.py:183} INFO - Processing /opt/airflow/dags/forecast_logging_dag.py took 8.286 seconds
[2026-08-09T17:21:01.771+0000] {processor.py:161} INFO - Started process (PID=740) to work on /opt/airflow/dags/forecast_logging_dag.py
[2026-08-09T17:21:01.773+0000] {processor.py:830} INFO - Processing file /opt/airflow/dags/forecast_logging_dag.py for tasks to queue
[2026-08-09T17:21:01.775+0000] {logging_mixin.py:188} INFO - [2026-08-09T17:21:01.774+0000] {dagbag.py:545} INFO - Filling up the DagBag from /opt/airflow/dags/forecast_logging_dag.py
[2026-08-09T17:21:10.309+0000] {processor.py:840} INFO - DAG(s) 'forecast_logging' retrieved from /opt/airflow/dags/forecast_logging_dag.py
[2026-08-09T17:21:10.356+0000] {logging_mixin.py:188} INFO - [2026-08-09T17:21:10.355+0000] {dag.py:3089} INFO - Sync 1 DAGs
[2026-08-09T17:21:10.393+0000] {logging_mixin.py:188} INFO - [2026-08-09T17:21:10.393+0000] {dag.py:3947} INFO - Setting next_dagrun for forecast_logging to 2026-08-09 00:00:00+00:00, run_after=2026-08-10 00:00:00+00:00
[2026-08-09T17:21:10.431+0000] {processor.py:183} INFO - Processing /opt/airflow/dags/forecast_logging_dag.py took 8.675 seconds
[2026-08-09T17:21:40.890+0000] {processor.py:161} INFO - Started process (PID=775) to work on /opt/airflow/dags/forecast_logging_dag.py
[2026-08-09T17:21:40.893+0000] {processor.py:830} INFO - Processing file /opt/airflow/dags/forecast_logging_dag.py for tasks to queue
[2026-08-09T17:21:40.897+0000] {logging_mixin.py:188} INFO - [2026-08-09T17:21:40.895+0000] {dagbag.py:545} INFO - Filling up the DagBag from /opt/airflow/dags/forecast_logging_dag.py
[2026-08-09T17:21:49.302+0000] {processor.py:840} INFO - DAG(s) 'forecast_logging' retrieved from /opt/airflow/dags/forecast_logging_dag.py
[2026-08-09T17:21:49.353+0000] {logging_mixin.py:188} INFO - [2026-08-09T17:21:49.352+0000] {dag.py:3089} INFO - Sync 1 DAGs
[2026-08-09T17:21:49.405+0000] {logging_mixin.py:188} INFO - [2026-08-09T17:21:49.405+0000] {dag.py:3947} INFO - Setting next_dagrun for forecast_logging to 2026-08-09 00:00:00+00:00, run_after=2026-08-10 00:00:00+00:00
[2026-08-09T17:21:49.442+0000] {processor.py:183} INFO - Processing /opt/airflow/dags/forecast_logging_dag.py took 8.573 seconds
[2026-08-09T17:22:19.996+0000] {processor.py:161} INFO - Started process (PID=814) to work on /opt/airflow/dags/forecast_logging_dag.py
[2026-08-09T17:22:19.998+0000] {processor.py:830} INFO - Processing file /opt/airflow/dags/forecast_logging_dag.py for tasks to queue
[2026-08-09T17:22:20.000+0000] {logging_mixin.py:188} INFO - [2026-08-09T17:22:20.000+0000] {dagbag.py:545} INFO - Filling up the DagBag from /opt/airflow/dags/forecast_logging_dag.py
[2026-08-09T17:22:28.393+0000] {processor.py:840} INFO - DAG(s) 'forecast_logging' retrieved from /opt/airflow/dags/forecast_logging_dag.py
[2026-08-09T17:22:28.442+0000] {logging_mixin.py:188} INFO - [2026-08-09T17:22:28.441+0000] {dag.py:3089} INFO - Sync 1 DAGs
[2026-08-09T17:22:28.478+0000] {logging_mixin.py:188} INFO - [2026-08-09T17:22:28.478+0000] {dag.py:3947} INFO - Setting next_dagrun for forecast_logging to 2026-08-09 00:00:00+00:00, run_after=2026-08-10 00:00:00+00:00
[2026-08-09T17:22:28.510+0000] {processor.py:183} INFO - Processing /opt/airflow/dags/forecast_logging_dag.py took 8.539 seconds
[2026-08-09T17:22:59.035+0000] {processor.py:161} INFO - Started process (PID=845) to work on /opt/airflow/dags/forecast_logging_dag.py
[2026-08-09T17:22:59.037+0000] {processor.py:830} INFO - Processing file /opt/airflow/dags/forecast_logging_dag.py for tasks to queue
[2026-08-09T17:22:59.039+0000] {logging_mixin.py:188} INFO - [2026-08-09T17:22:59.039+0000] {dagbag.py:545} INFO - Filling up the DagBag from /opt/airflow/dags/forecast_logging_dag.py
[2026-08-09T17:23:07.188+0000] {processor.py:840} INFO - DAG(s) 'forecast_logging' retrieved from /opt/airflow/dags/forecast_logging_dag.py
[2026-08-09T17:23:07.231+0000] {logging_mixin.py:188} INFO - [2026-08-09T17:23:07.230+0000] {dag.py:3089} INFO - Sync 1 DAGs
[2026-08-09T17:23:07.268+0000] {logging_mixin.py:188} INFO - [2026-08-09T17:23:07.268+0000] {dag.py:3947} INFO - Setting next_dagrun for forecast_logging to 2026-08-09 00:00:00+00:00, run_after=2026-08-10 00:00:00+00:00
[2026-08-09T17:23:07.301+0000] {processor.py:183} INFO - Processing /opt/airflow/dags/forecast_logging_dag.py took 8.283 seconds
[2026-08-09T17:23:37.995+0000] {processor.py:161} INFO - Started process (PID=876) to work on /opt/airflow/dags/forecast_logging_dag.py
[2026-08-09T17:23:37.997+0000] {processor.py:830} INFO - Processing file /opt/airflow/dags/forecast_logging_dag.py for tasks to queue
[2026-08-09T17:23:37.999+0000] {logging_mixin.py:188} INFO - [2026-08-09T17:23:37.998+0000] {dagbag.py:545} INFO - Filling up the DagBag from /opt/airflow/dags/forecast_logging_dag.py
[2026-08-09T17:23:46.511+0000] {processor.py:840} INFO - DAG(s) 'forecast_logging' retrieved from /opt/airflow/dags/forecast_logging_dag.py
[2026-08-09T17:23:46.584+0000] {logging_mixin.py:188} INFO - [2026-08-09T17:23:46.583+0000] {dag.py:3089} INFO - Sync 1 DAGs
[2026-08-09T17:23:46.642+0000] {logging_mixin.py:188} INFO - [2026-08-09T17:23:46.642+0000] {dag.py:3947} INFO - Setting next_dagrun for forecast_logging to 2026-08-09 00:00:00+00:00, run_after=2026-08-10 00:00:00+00:00
[2026-08-09T17:23:46.679+0000] {processor.py:183} INFO - Processing /opt/airflow/dags/forecast_logging_dag.py took 8.701 seconds
[2026-08-09T17:24:17.069+0000] {processor.py:161} INFO - Started process (PID=907) to work on /opt/airflow/dags/forecast_logging_dag.py
[2026-08-09T17:24:17.071+0000] {processor.py:830} INFO - Processing file /opt/airflow/dags/forecast_logging_dag.py for tasks to queue
[2026-08-09T17:24:17.073+0000] {logging_mixin.py:188} INFO - [2026-08-09T17:24:17.073+0000] {dagbag.py:545} INFO - Filling up the DagBag from /opt/airflow/dags/forecast_logging_dag.py
[2026-08-09T17:24:25.912+0000] {processor.py:840} INFO - DAG(s) 'forecast_logging' retrieved from /opt/airflow/dags/forecast_logging_dag.py
[2026-08-09T17:24:25.963+0000] {logging_mixin.py:188} INFO - [2026-08-09T17:24:25.963+0000] {dag.py:3089} INFO - Sync 1 DAGs
[2026-08-09T17:24:26.008+0000] {logging_mixin.py:188} INFO - [2026-08-09T17:24:26.008+0000] {dag.py:3947} INFO - Setting next_dagrun for forecast_logging to 2026-08-09 00:00:00+00:00, run_after=2026-08-10 00:00:00+00:00
[2026-08-09T17:24:26.064+0000] {processor.py:183} INFO - Processing /opt/airflow/dags/forecast_logging_dag.py took 9.050 seconds
[2026-08-09T17:24:56.491+0000] {processor.py:161} INFO - Started process (PID=944) to work on /opt/airflow/dags/forecast_logging_dag.py
[2026-08-09T17:24:56.494+0000] {processor.py:830} INFO - Processing file /opt/airflow/dags/forecast_logging_dag.py for tasks to queue
[2026-08-09T17:24:56.497+0000] {logging_mixin.py:188} INFO - [2026-08-09T17:24:56.496+0000] {dagbag.py:545} INFO - Filling up the DagBag from /opt/airflow/dags/forecast_logging_dag.py
[2026-08-09T17:25:04.577+0000] {processor.py:840} INFO - DAG(s) 'forecast_logging' retrieved from /opt/airflow/dags/forecast_logging_dag.py
[2026-08-09T17:25:04.630+0000] {logging_mixin.py:188} INFO - [2026-08-09T17:25:04.626+0000] {dag.py:3089} INFO - Sync 1 DAGs
[2026-08-09T17:25:04.683+0000] {logging_mixin.py:188} INFO - [2026-08-09T17:25:04.682+0000] {dag.py:3947} INFO - Setting next_dagrun for forecast_logging to 2026-08-09 00:00:00+00:00, run_after=2026-08-10 00:00:00+00:00
[2026-08-09T17:25:04.727+0000] {processor.py:183} INFO - Processing /opt/airflow/dags/forecast_logging_dag.py took 8.257 seconds
[2026-08-09T17:25:35.211+0000] {processor.py:161} INFO - Started process (PID=981) to work on /opt/airflow/dags/forecast_logging_dag.py
[2026-08-09T17:25:35.214+0000] {processor.py:830} INFO - Processing file /opt/airflow/dags/forecast_logging_dag.py for tasks to queue
[2026-08-09T17:25:35.217+0000] {logging_mixin.py:188} INFO - [2026-08-09T17:25:35.216+0000] {dagbag.py:545} INFO - Filling up the DagBag from /opt/airflow/dags/forecast_logging_dag.py
[2026-08-09T17:25:43.229+0000] {processor.py:840} INFO - DAG(s) 'forecast_logging' retrieved from /opt/airflow/dags/forecast_logging_dag.py
[2026-08-09T17:25:43.274+0000] {logging_mixin.py:188} INFO - [2026-08-09T17:25:43.273+0000] {dag.py:3089} INFO - Sync 1 DAGs
[2026-08-09T17:25:43.307+0000] {logging_mixin.py:188} INFO - [2026-08-09T17:25:43.306+0000] {dag.py:3947} INFO - Setting next_dagrun for forecast_logging to 2026-08-09 00:00:00+00:00, run_after=2026-08-10 00:00:00+00:00
[2026-08-09T17:25:43.343+0000] {processor.py:183} INFO - Processing /opt/airflow/dags/forecast_logging_dag.py took 8.159 seconds
[2026-08-09T17:26:13.895+0000] {processor.py:161} INFO - Started process (PID=1012) to work on /opt/airflow/dags/forecast_logging_dag.py
[2026-08-09T17:26:13.898+0000] {processor.py:830} INFO - Processing file /opt/airflow/dags/forecast_logging_dag.py for tasks to queue
[2026-08-09T17:26:13.900+0000] {logging_mixin.py:188} INFO - [2026-08-09T17:26:13.899+0000] {dagbag.py:545} INFO - Filling up the DagBag from /opt/airflow/dags/forecast_logging_dag.py
[2026-08-09T17:26:21.741+0000] {processor.py:840} INFO - DAG(s) 'forecast_logging' retrieved from /opt/airflow/dags/forecast_logging_dag.py
[2026-08-09T17:26:21.784+0000] {logging_mixin.py:188} INFO - [2026-08-09T17:26:21.784+0000] {dag.py:3089} INFO - Sync 1 DAGs
[2026-08-09T17:26:21.820+0000] {logging_mixin.py:188} INFO - [2026-08-09T17:26:21.819+0000] {dag.py:3947} INFO - Setting next_dagrun for forecast_logging to 2026-08-09 00:00:00+00:00, run_after=2026-08-10 00:00:00+00:00
[2026-08-09T17:26:21.854+0000] {processor.py:183} INFO - Processing /opt/airflow/dags/forecast_logging_dag.py took 8.031 seconds
[2026-08-09T17:26:52.348+0000] {processor.py:161} INFO - Started process (PID=1043) to work on /opt/airflow/dags/forecast_logging_dag.py
[2026-08-09T17:26:52.351+0000] {processor.py:830} INFO - Processing file /opt/airflow/dags/forecast_logging_dag.py for tasks to queue
[2026-08-09T17:26:52.354+0000] {logging_mixin.py:188} INFO - [2026-08-09T17:26:52.353+0000] {dagbag.py:545} INFO - Filling up the DagBag from /opt/airflow/dags/forecast_logging_dag.py
[2026-08-09T17:27:00.814+0000] {processor.py:840} INFO - DAG(s) 'forecast_logging' retrieved from /opt/airflow/dags/forecast_logging_dag.py
[2026-08-09T17:27:00.859+0000] {logging_mixin.py:188} INFO - [2026-08-09T17:27:00.858+0000] {dag.py:3089} INFO - Sync 1 DAGs
[2026-08-09T17:27:00.898+0000] {logging_mixin.py:188} INFO - [2026-08-09T17:27:00.898+0000] {dag.py:3947} INFO - Setting next_dagrun for forecast_logging to 2026-08-09 00:00:00+00:00, run_after=2026-08-10 00:00:00+00:00
[2026-08-09T17:27:00.933+0000] {processor.py:183} INFO - Processing /opt/airflow/dags/forecast_logging_dag.py took 8.609 seconds
[2026-08-09T17:27:31.640+0000] {processor.py:161} INFO - Started process (PID=1074) to work on /opt/airflow/dags/forecast_logging_dag.py
[2026-08-09T17:27:31.642+0000] {processor.py:830} INFO - Processing file /opt/airflow/dags/forecast_logging_dag.py for tasks to queue
[2026-08-09T17:27:31.644+0000] {logging_mixin.py:188} INFO - [2026-08-09T17:27:31.643+0000] {dagbag.py:545} INFO - Filling up the DagBag from /opt/airflow/dags/forecast_logging_dag.py
[2026-08-09T17:27:40.472+0000] {processor.py:840} INFO - DAG(s) 'forecast_logging' retrieved from /opt/airflow/dags/forecast_logging_dag.py
[2026-08-09T17:27:40.518+0000] {logging_mixin.py:188} INFO - [2026-08-09T17:27:40.517+0000] {dag.py:3089} INFO - Sync 1 DAGs
[2026-08-09T17:27:40.557+0000] {logging_mixin.py:188} INFO - [2026-08-09T17:27:40.556+0000] {dag.py:3947} INFO - Setting next_dagrun for forecast_logging to 2026-08-09 00:00:00+00:00, run_after=2026-08-10 00:00:00+00:00
[2026-08-09T17:27:40.594+0000] {processor.py:183} INFO - Processing /opt/airflow/dags/forecast_logging_dag.py took 8.968 seconds
[2026-08-09T17:28:11.003+0000] {processor.py:161} INFO - Started process (PID=1111) to work on /opt/airflow/dags/forecast_logging_dag.py
[2026-08-09T17:28:11.005+0000] {processor.py:830} INFO - Processing file /opt/airflow/dags/forecast_logging_dag.py for tasks to queue
[2026-08-09T17:28:11.007+0000] {logging_mixin.py:188} INFO - [2026-08-09T17:28:11.007+0000] {dagbag.py:545} INFO - Filling up the DagBag from /opt/airflow/dags/forecast_logging_dag.py
[2026-08-09T17:28:20.173+0000] {processor.py:840} INFO - DAG(s) 'forecast_logging' retrieved from /opt/airflow/dags/forecast_logging_dag.py
[2026-08-09T17:28:20.230+0000] {logging_mixin.py:188} INFO - [2026-08-09T17:28:20.229+0000] {dag.py:3089} INFO - Sync 1 DAGs
[2026-08-09T17:28:20.281+0000] {logging_mixin.py:188} INFO - [2026-08-09T17:28:20.280+0000] {dag.py:3947} INFO - Setting next_dagrun for forecast_logging to 2026-08-09 00:00:00+00:00, run_after=2026-08-10 00:00:00+00:00
[2026-08-09T17:28:20.322+0000] {processor.py:183} INFO - Processing /opt/airflow/dags/forecast_logging_dag.py took 9.336 seconds
[2026-08-09T17:28:50.750+0000] {processor.py:161} INFO - Started process (PID=1148) to work on /opt/airflow/dags/forecast_logging_dag.py
[2026-08-09T17:28:50.752+0000] {processor.py:830} INFO - Processing file /opt/airflow/dags/forecast_logging_dag.py for tasks to queue
[2026-08-09T17:28:50.755+0000] {logging_mixin.py:188} INFO - [2026-08-09T17:28:50.754+0000] {dagbag.py:545} INFO - Filling up the DagBag from /opt/airflow/dags/forecast_logging_dag.py
[2026-08-09T17:28:57.666+0000] {processor.py:840} INFO - DAG(s) 'forecast_logging' retrieved from /opt/airflow/dags/forecast_logging_dag.py
[2026-08-09T17:28:57.717+0000] {logging_mixin.py:188} INFO - [2026-08-09T17:28:57.716+0000] {dag.py:3089} INFO - Sync 1 DAGs
[2026-08-09T17:28:57.760+0000] {logging_mixin.py:188} INFO - [2026-08-09T17:28:57.760+0000] {dag.py:3947} INFO - Setting next_dagrun for forecast_logging to 2026-08-09 00:00:00+00:00, run_after=2026-08-10 00:00:00+00:00
[2026-08-09T17:28:57.803+0000] {processor.py:183} INFO - Processing /opt/airflow/dags/forecast_logging_dag.py took 7.069 seconds
[2026-08-09T17:29:28.431+0000] {processor.py:161} INFO - Started process (PID=1179) to work on /opt/airflow/dags/forecast_logging_dag.py
[2026-08-09T17:29:28.433+0000] {processor.py:830} INFO - Processing file /opt/airflow/dags/forecast_logging_dag.py for tasks to queue
[2026-08-09T17:29:28.435+0000] {logging_mixin.py:188} INFO - [2026-08-09T17:29:28.435+0000] {dagbag.py:545} INFO - Filling up the DagBag from /opt/airflow/dags/forecast_logging_dag.py
[2026-08-09T17:29:36.412+0000] {processor.py:840} INFO - DAG(s) 'forecast_logging' retrieved from /opt/airflow/dags/forecast_logging_dag.py
[2026-08-09T17:29:36.460+0000] {logging_mixin.py:188} INFO - [2026-08-09T17:29:36.459+0000] {dag.py:3089} INFO - Sync 1 DAGs
[2026-08-09T17:29:36.505+0000] {logging_mixin.py:188} INFO - [2026-08-09T17:29:36.505+0000] {dag.py:3947} INFO - Setting next_dagrun for forecast_logging to 2026-08-09 00:00:00+00:00, run_after=2026-08-10 00:00:00+00:00
[2026-08-09T17:29:36.540+0000] {processor.py:183} INFO - Processing /opt/airflow/dags/forecast_logging_dag.py took 8.124 seconds
[2026-08-09T17:30:07.067+0000] {processor.py:161} INFO - Started process (PID=1210) to work on /opt/airflow/dags/forecast_logging_dag.py
[2026-08-09T17:30:07.070+0000] {processor.py:830} INFO - Processing file /opt/airflow/dags/forecast_logging_dag.py for tasks to queue
[2026-08-09T17:30:07.073+0000] {logging_mixin.py:188} INFO - [2026-08-09T17:30:07.072+0000] {dagbag.py:545} INFO - Filling up the DagBag from /opt/airflow/dags/forecast_logging_dag.py
[2026-08-09T17:30:15.518+0000] {processor.py:840} INFO - DAG(s) 'forecast_logging' retrieved from /opt/airflow/dags/forecast_logging_dag.py
[2026-08-09T17:30:15.564+0000] {logging_mixin.py:188} INFO - [2026-08-09T17:30:15.564+0000] {dag.py:3089} INFO - Sync 1 DAGs
[2026-08-09T17:30:15.603+0000] {logging_mixin.py:188} INFO - [2026-08-09T17:30:15.603+0000] {dag.py:3947} INFO - Setting next_dagrun for forecast_logging to 2026-08-09 00:00:00+00:00, run_after=2026-08-10 00:00:00+00:00
[2026-08-09T17:30:15.639+0000] {processor.py:183} INFO - Processing /opt/airflow/dags/forecast_logging_dag.py took 8.603 seconds
[2026-08-09T17:30:46.366+0000] {processor.py:161} INFO - Started process (PID=1241) to work on /opt/airflow/dags/forecast_logging_dag.py
[2026-08-09T17:30:46.368+0000] {processor.py:830} INFO - Processing file /opt/airflow/dags/forecast_logging_dag.py for tasks to queue
[2026-08-09T17:30:46.371+0000] {logging_mixin.py:188} INFO - [2026-08-09T17:30:46.370+0000] {dagbag.py:545} INFO - Filling up the DagBag from /opt/airflow/dags/forecast_logging_dag.py
[2026-08-09T17:30:54.530+0000] {processor.py:840} INFO - DAG(s) 'forecast_logging' retrieved from /opt/airflow/dags/forecast_logging_dag.py
[2026-08-09T17:30:54.584+0000] {logging_mixin.py:188} INFO - [2026-08-09T17:30:54.583+0000] {dag.py:3089} INFO - Sync 1 DAGs
[2026-08-09T17:30:54.634+0000] {logging_mixin.py:188} INFO - [2026-08-09T17:30:54.634+0000] {dag.py:3947} INFO - Setting next_dagrun for forecast_logging to 2026-08-09 00:00:00+00:00, run_after=2026-08-10 00:00:00+00:00
[2026-08-09T17:30:55.134+0000] {processor.py:183} INFO - Processing /opt/airflow/dags/forecast_logging_dag.py took 8.855 seconds
[2026-08-09T17:31:25.623+0000] {processor.py:161} INFO - Started process (PID=1278) to work on /opt/airflow/dags/forecast_logging_dag.py
[2026-08-09T17:31:25.626+0000] {processor.py:830} INFO - Processing file /opt/airflow/dags/forecast_logging_dag.py for tasks to queue
[2026-08-09T17:31:25.628+0000] {logging_mixin.py:188} INFO - [2026-08-09T17:31:25.627+0000] {dagbag.py:545} INFO - Filling up the DagBag from /opt/airflow/dags/forecast_logging_dag.py
[2026-08-09T17:31:34.466+0000] {processor.py:840} INFO - DAG(s) 'forecast_logging' retrieved from /opt/airflow/dags/forecast_logging_dag.py
[2026-08-09T17:31:34.515+0000] {logging_mixin.py:188} INFO - [2026-08-09T17:31:34.514+0000] {dag.py:3089} INFO - Sync 1 DAGs
[2026-08-09T17:31:34.560+0000] {logging_mixin.py:188} INFO - [2026-08-09T17:31:34.560+0000] {dag.py:3947} INFO - Setting next_dagrun for forecast_logging to 2026-08-09 00:00:00+00:00, run_after=2026-08-10 00:00:00+00:00
[2026-08-09T17:31:34.595+0000] {processor.py:183} INFO - Processing /opt/airflow/dags/forecast_logging_dag.py took 8.988 seconds
[2026-08-09T17:32:05.183+0000] {processor.py:161} INFO - Started process (PID=1315) to work on /opt/airflow/dags/forecast_logging_dag.py
[2026-08-09T17:32:05.186+0000] {processor.py:830} INFO - Processing file /opt/airflow/dags/forecast_logging_dag.py for tasks to queue
[2026-08-09T17:32:05.188+0000] {logging_mixin.py:188} INFO - [2026-08-09T17:32:05.188+0000] {dagbag.py:545} INFO - Filling up the DagBag from /opt/airflow/dags/forecast_logging_dag.py
[2026-08-09T17:32:13.216+0000] {processor.py:840} INFO - DAG(s) 'forecast_logging' retrieved from /opt/airflow/dags/forecast_logging_dag.py
[2026-08-09T17:32:13.256+0000] {logging_mixin.py:188} INFO - [2026-08-09T17:32:13.256+0000] {dag.py:3089} INFO - Sync 1 DAGs
[2026-08-09T17:32:13.288+0000] {logging_mixin.py:188} INFO - [2026-08-09T17:32:13.288+0000] {dag.py:3947} INFO - Setting next_dagrun for forecast_logging to 2026-08-09 00:00:00+00:00, run_after=2026-08-10 00:00:00+00:00
[2026-08-09T17:32:13.320+0000] {processor.py:183} INFO - Processing /opt/airflow/dags/forecast_logging_dag.py took 8.158 seconds
[2026-08-09T17:32:43.568+0000] {processor.py:161} INFO - Started process (PID=1346) to work on /opt/airflow/dags/forecast_logging_dag.py
[2026-08-09T17:32:43.572+0000] {processor.py:830} INFO - Processing file /opt/airflow/dags/forecast_logging_dag.py for tasks to queue
[2026-08-09T17:32:43.574+0000] {logging_mixin.py:188} INFO - [2026-08-09T17:32:43.573+0000] {dagbag.py:545} INFO - Filling up the DagBag from /opt/airflow/dags/forecast_logging_dag.py
[2026-08-09T17:32:51.794+0000] {processor.py:840} INFO - DAG(s) 'forecast_logging' retrieved from /opt/airflow/dags/forecast_logging_dag.py
[2026-08-09T17:32:51.841+0000] {logging_mixin.py:188} INFO - [2026-08-09T17:32:51.840+0000] {dag.py:3089} INFO - Sync 1 DAGs
[2026-08-09T17:32:51.886+0000] {logging_mixin.py:188} INFO - [2026-08-09T17:32:51.886+0000] {dag.py:3947} INFO - Setting next_dagrun for forecast_logging to 2026-08-09 00:00:00+00:00, run_after=2026-08-10 00:00:00+00:00
[2026-08-09T17:32:51.922+0000] {processor.py:183} INFO - Processing /opt/airflow/dags/forecast_logging_dag.py took 8.237 seconds
[2026-08-09T17:33:23.201+0000] {processor.py:161} INFO - Started process (PID=1377) to work on /opt/airflow/dags/forecast_logging_dag.py
[2026-08-09T17:33:23.204+0000] {processor.py:830} INFO - Processing file /opt/airflow/dags/forecast_logging_dag.py for tasks to queue
[2026-08-09T17:33:23.207+0000] {logging_mixin.py:188} INFO - [2026-08-09T17:33:23.205+0000] {dagbag.py:545} INFO - Filling up the DagBag from /opt/airflow/dags/forecast_logging_dag.py
[2026-08-09T17:33:32.058+0000] {processor.py:840} INFO - DAG(s) 'forecast_logging' retrieved from /opt/airflow/dags/forecast_logging_dag.py
[2026-08-09T17:33:32.109+0000] {logging_mixin.py:188} INFO - [2026-08-09T17:33:32.108+0000] {dag.py:3089} INFO - Sync 1 DAGs
[2026-08-09T17:33:32.155+0000] {logging_mixin.py:188} INFO - [2026-08-09T17:33:32.154+0000] {dag.py:3947} INFO - Setting next_dagrun for forecast_logging to 2026-08-09 00:00:00+00:00, run_after=2026-08-10 00:00:00+00:00
[2026-08-09T17:33:32.192+0000] {processor.py:183} INFO - Processing /opt/airflow/dags/forecast_logging_dag.py took 9.010 seconds
[2026-08-09T17:34:02.704+0000] {processor.py:161} INFO - Started process (PID=1408) to work on /opt/airflow/dags/forecast_logging_dag.py
[2026-08-09T17:34:02.706+0000] {processor.py:830} INFO - Processing file /opt/airflow/dags/forecast_logging_dag.py for tasks to queue
[2026-08-09T17:34:02.710+0000] {logging_mixin.py:188} INFO - [2026-08-09T17:34:02.709+0000] {dagbag.py:545} INFO - Filling up the DagBag from /opt/airflow/dags/forecast_logging_dag.py
[2026-08-09T17:34:11.706+0000] {processor.py:840} INFO - DAG(s) 'forecast_logging' retrieved from /opt/airflow/dags/forecast_logging_dag.py
[2026-08-09T17:34:11.763+0000] {logging_mixin.py:188} INFO - [2026-08-09T17:34:11.762+0000] {dag.py:3089} INFO - Sync 1 DAGs
[2026-08-09T17:34:11.815+0000] {logging_mixin.py:188} INFO - [2026-08-09T17:34:11.815+0000] {dag.py:3947} INFO - Setting next_dagrun for forecast_logging to 2026-08-09 00:00:00+00:00, run_after=2026-08-10 00:00:00+00:00
[2026-08-09T17:34:11.868+0000] {processor.py:183} INFO - Processing /opt/airflow/dags/forecast_logging_dag.py took 9.185 seconds
[2026-08-09T17:34:42.354+0000] {processor.py:161} INFO - Started process (PID=1445) to work on /opt/airflow/dags/forecast_logging_dag.py
[2026-08-09T17:34:42.357+0000] {processor.py:830} INFO - Processing file /opt/airflow/dags/forecast_logging_dag.py for tasks to queue
[2026-08-09T17:34:42.359+0000] {logging_mixin.py:188} INFO - [2026-08-09T17:34:42.358+0000] {dagbag.py:545} INFO - Filling up the DagBag from /opt/airflow/dags/forecast_logging_dag.py
[2026-08-09T17:34:50.909+0000] {processor.py:840} INFO - DAG(s) 'forecast_logging' retrieved from /opt/airflow/dags/forecast_logging_dag.py
[2026-08-09T17:34:50.959+0000] {logging_mixin.py:188} INFO - [2026-08-09T17:34:50.958+0000] {dag.py:3089} INFO - Sync 1 DAGs
[2026-08-09T17:34:50.998+0000] {logging_mixin.py:188} INFO - [2026-08-09T17:34:50.997+0000] {dag.py:3947} INFO - Setting next_dagrun for forecast_logging to 2026-08-09 00:00:00+00:00, run_after=2026-08-10 00:00:00+00:00
[2026-08-09T17:34:51.036+0000] {processor.py:183} INFO - Processing /opt/airflow/dags/forecast_logging_dag.py took 8.768 seconds
[2026-08-09T17:35:21.739+0000] {processor.py:161} INFO - Started process (PID=1482) to work on /opt/airflow/dags/forecast_logging_dag.py
[2026-08-09T17:35:21.742+0000] {processor.py:830} INFO - Processing file /opt/airflow/dags/forecast_logging_dag.py for tasks to queue
[2026-08-09T17:35:21.744+0000] {logging_mixin.py:188} INFO - [2026-08-09T17:35:21.743+0000] {dagbag.py:545} INFO - Filling up the DagBag from /opt/airflow/dags/forecast_logging_dag.py
[2026-08-09T17:35:30.324+0000] {processor.py:840} INFO - DAG(s) 'forecast_logging' retrieved from /opt/airflow/dags/forecast_logging_dag.py
[2026-08-09T17:35:30.371+0000] {logging_mixin.py:188} INFO - [2026-08-09T17:35:30.370+0000] {dag.py:3089} INFO - Sync 1 DAGs
[2026-08-09T17:35:30.412+0000] {logging_mixin.py:188} INFO - [2026-08-09T17:35:30.412+0000] {dag.py:3947} INFO - Setting next_dagrun for forecast_logging to 2026-08-09 00:00:00+00:00, run_after=2026-08-10 00:00:00+00:00
[2026-08-09T17:35:30.448+0000] {processor.py:183} INFO - Processing /opt/airflow/dags/forecast_logging_dag.py took 8.724 seconds
[2026-08-09T17:36:01.071+0000] {processor.py:161} INFO - Started process (PID=1513) to work on /opt/airflow/dags/forecast_logging_dag.py
[2026-08-09T17:36:01.074+0000] {processor.py:830} INFO - Processing file /opt/airflow/dags/forecast_logging_dag.py for tasks to queue
[2026-08-09T17:36:01.077+0000] {logging_mixin.py:188} INFO - [2026-08-09T17:36:01.076+0000] {dagbag.py:545} INFO - Filling up the DagBag from /opt/airflow/dags/forecast_logging_dag.py
[2026-08-09T17:36:09.929+0000] {processor.py:840} INFO - DAG(s) 'forecast_logging' retrieved from /opt/airflow/dags/forecast_logging_dag.py
[2026-08-09T17:36:09.979+0000] {logging_mixin.py:188} INFO - [2026-08-09T17:36:09.979+0000] {dag.py:3089} INFO - Sync 1 DAGs
[2026-08-09T17:36:10.020+0000] {logging_mixin.py:188} INFO - [2026-08-09T17:36:10.020+0000] {dag.py:3947} INFO - Setting next_dagrun for forecast_logging to 2026-08-09 00:00:00+00:00, run_after=2026-08-10 00:00:00+00:00
[2026-08-09T17:36:10.056+0000] {processor.py:183} INFO - Processing /opt/airflow/dags/forecast_logging_dag.py took 9.006 seconds
[2026-08-09T17:36:40.550+0000] {processor.py:161} INFO - Started process (PID=1544) to work on /opt/airflow/dags/forecast_logging_dag.py
[2026-08-09T17:36:40.553+0000] {processor.py:830} INFO - Processing file /opt/airflow/dags/forecast_logging_dag.py for tasks to queue
[2026-08-09T17:36:40.556+0000] {logging_mixin.py:188} INFO - [2026-08-09T17:36:40.555+0000] {dagbag.py:545} INFO - Filling up the DagBag from /opt/airflow/dags/forecast_logging_dag.py
[2026-08-09T17:36:49.281+0000] {processor.py:840} INFO - DAG(s) 'forecast_logging' retrieved from /opt/airflow/dags/forecast_logging_dag.py
[2026-08-09T17:36:49.327+0000] {logging_mixin.py:188} INFO - [2026-08-09T17:36:49.327+0000] {dag.py:3089} INFO - Sync 1 DAGs
[2026-08-09T17:36:49.367+0000] {logging_mixin.py:188} INFO - [2026-08-09T17:36:49.367+0000] {dag.py:3947} INFO - Setting next_dagrun for forecast_logging to 2026-08-09 00:00:00+00:00, run_after=2026-08-10 00:00:00+00:00
[2026-08-09T17:36:49.348+0000] {processor.py:183} INFO - Processing /opt/airflow/dags/forecast_logging_dag.py took 8.881 seconds
[2026-08-09T17:37:19.748+0000] {processor.py:161} INFO - Started process (PID=1579) to work on /opt/airflow/dags/forecast_logging_dag.py
[2026-08-09T17:37:19.751+0000] {processor.py:830} INFO - Processing file /opt/airflow/dags/forecast_logging_dag.py for tasks to queue
[2026-08-09T17:37:19.753+0000] {logging_mixin.py:188} INFO - [2026-08-09T17:37:19.752+0000] {dagbag.py:545} INFO - Filling up the DagBag from /opt/airflow/dags/forecast_logging_dag.py
[2026-08-09T17:37:28.271+0000] {processor.py:840} INFO - DAG(s) 'forecast_logging' retrieved from /opt/airflow/dags/forecast_logging_dag.py
[2026-08-09T17:37:28.331+0000] {logging_mixin.py:188} INFO - [2026-08-09T17:37:28.330+0000] {dag.py:3089} INFO - Sync 1 DAGs
[2026-08-09T17:37:28.370+0000] {logging_mixin.py:188} INFO - [2026-08-09T17:37:28.369+0000] {dag.py:3947} INFO - Setting next_dagrun for forecast_logging to 2026-08-09 00:00:00+00:00, run_after=2026-08-10 00:00:00+00:00
[2026-08-09T17:37:28.405+0000] {processor.py:183} INFO - Processing /opt/airflow/dags/forecast_logging_dag.py took 8.675 seconds
[2026-08-09T17:37:58.757+0000] {processor.py:161} INFO - Started process (PID=1618) to work on /opt/airflow/dags/forecast_logging_dag.py
[2026-08-09T17:37:58.759+0000] {processor.py:830} INFO - Processing file /opt/airflow/dags/forecast_logging_dag.py for tasks to queue
[2026-08-09T17:37:58.762+0000] {logging_mixin.py:188} INFO - [2026-08-09T17:37:58.761+0000] {dagbag.py:545} INFO - Filling up the DagBag from /opt/airflow/dags/forecast_logging_dag.py
[2026-08-09T17:38:07.320+0000] {processor.py:840} INFO - DAG(s) 'forecast_logging' retrieved from /opt/airflow/dags/forecast_logging_dag.py
[2026-08-09T17:38:07.388+0000] {logging_mixin.py:188} INFO - [2026-08-09T17:38:07.387+0000] {dag.py:3089} INFO - Sync 1 DAGs
[2026-08-09T17:38:07.433+0000] {logging_mixin.py:188} INFO - [2026-08-09T17:38:07.433+0000] {dag.py:3947} INFO - Setting next_dagrun for forecast_logging to 2026-08-09 00:00:00+00:00, run_after=2026-08-10 00:00:00+00:00
[2026-08-09T17:38:07.473+0000] {processor.py:183} INFO - Processing /opt/airflow/dags/forecast_logging_dag.py took 8.733 seconds
[2026-08-09T17:38:38.228+0000] {processor.py:161} INFO - Started process (PID=1649) to work on /opt/airflow/dags/forecast_logging_dag.py
[2026-08-09T17:38:38.230+0000] {processor.py:830} INFO - Processing file /opt/airflow/dags/forecast_logging_dag.py for tasks to queue
[2026-08-09T17:38:38.233+0000] {logging_mixin.py:188} INFO - [2026-08-09T17:38:38.232+0000] {dagbag.py:545} INFO - Filling up the DagBag from /opt/airflow/dags/forecast_logging_dag.py
[2026-08-09T17:38:47.687+0000] {processor.py:840} INFO - DAG(s) 'forecast_logging' retrieved from /opt/airflow/dags/forecast_logging_dag.py
[2026-08-09T17:38:47.732+0000] {logging_mixin.py:188} INFO - [2026-08-09T17:38:47.731+0000] {dag.py:3089} INFO - Sync 1 DAGs
[2026-08-09T17:38:47.770+0000] {logging_mixin.py:188} INFO - [2026-08-09T17:38:47.770+0000] {dag.py:3947} INFO - Setting next_dagrun for forecast_logging to 2026-08-09 00:00:00+00:00, run_after=2026-08-10 00:00:00+00:00
[2026-08-09T17:38:47.807+0000] {processor.py:183} INFO - Processing /opt/airflow/dags/forecast_logging_dag.py took 9.596 seconds
[2026-08-09T17:39:18.461+0000] {processor.py:161} INFO - Started process (PID=1680) to work on /opt/airflow/dags/forecast_logging_dag.py
[2026-08-09T17:39:18.464+0000] {processor.py:830} INFO - Processing file /opt/airflow/dags/forecast_logging_dag.py for tasks to queue
[2026-08-09T17:39:18.467+0000] {logging_mixin.py:188} INFO - [2026-08-09T17:39:18.466+0000] {dagbag.py:545} INFO - Filling up the DagBag from /opt/airflow/dags/forecast_logging_dag.py
[2026-08-09T17:39:27.567+0000] {processor.py:840} INFO - DAG(s) 'forecast_logging' retrieved from /opt/airflow/dags/forecast_logging_dag.py
[2026-08-09T17:39:27.622+0000] {logging_mixin.py:188} INFO - [2026-08-09T17:39:27.621+0000] {dag.py:3089} INFO - Sync 1 DAGs
[2026-08-09T17:39:27.675+0000] {logging_mixin.py:188} INFO - [2026-08-09T17:39:27.675+0000] {dag.py:3947} INFO - Setting next_dagrun for forecast_logging to 2026-08-09 00:00:00+00:00, run_after=2026-08-10 00:00:00+00:00
[2026-08-09T17:39:27.721+0000] {processor.py:183} INFO - Processing /opt/airflow/dags/forecast_logging_dag.py took 9.453 seconds
[2026-08-09T17:39:58.291+0000] {processor.py:161} INFO - Started process (PID=1711) to work on /opt/airflow/dags/forecast_logging_dag.py
[2026-08-09T17:39:58.293+0000] {processor.py:830} INFO - Processing file /opt/airflow/dags/forecast_logging_dag.py for tasks to queue
[2026-08-09T17:39:58.295+0000] {logging_mixin.py:188} INFO - [2026-08-09T17:39:58.294+0000] {dagbag.py:545} INFO - Filling up the DagBag from /opt/airflow/dags/forecast_logging_dag.py
[2026-08-09T17:40:07.944+0000] {processor.py:840} INFO - DAG(s) 'forecast_logging' retrieved from /opt/airflow/dags/forecast_logging_dag.py
[2026-08-09T17:40:08.018+0000] {logging_mixin.py:188} INFO - [2026-08-09T17:40:08.017+0000] {dag.py:3089} INFO - Sync 1 DAGs
[2026-08-09T17:40:08.066+0000] {logging_mixin.py:188} INFO - [2026-08-09T17:40:08.066+0000] {dag.py:3947} INFO - Setting next_dagrun for forecast_logging to 2026-08-09 00:00:00+00:00, run_after=2026-08-10 00:00:00+00:00
[2026-08-09T17:40:08.107+0000] {processor.py:183} INFO - Processing /opt/airflow/dags/forecast_logging_dag.py took 9.834 seconds
[2026-08-09T17:40:38.959+0000] {processor.py:161} INFO - Started process (PID=1748) to work on /opt/airflow/dags/forecast_logging_dag.py
[2026-08-09T17:40:38.962+0000] {processor.py:830} INFO - Processing file /opt/airflow/dags/forecast_logging_dag.py for tasks to queue
[2026-08-09T17:40:38.965+0000] {logging_mixin.py:188} INFO - [2026-08-09T17:40:38.964+0000] {dagbag.py:545} INFO - Filling up the DagBag from /opt/airflow/dags/forecast_logging_dag.py
[2026-08-09T17:40:47.420+0000] {processor.py:840} INFO - DAG(s) 'forecast_logging' retrieved from /opt/airflow/dags/forecast_logging_dag.py
[2026-08-09T17:40:47.468+0000] {logging_mixin.py:188} INFO - [2026-08-09T17:40:47.467+0000] {dag.py:3089} INFO - Sync 1 DAGs
[2026-08-09T17:40:47.507+0000] {logging_mixin.py:188} INFO - [2026-08-09T17:40:47.507+0000] {dag.py:3947} INFO - Setting next_dagrun for forecast_logging to 2026-08-09 00:00:00+00:00, run_after=2026-08-10 00:00:00+00:00
[2026-08-09T17:40:47.576+0000] {processor.py:183} INFO - Processing /opt/airflow/dags/forecast_logging_dag.py took 8.642 seconds
[2026-08-09T17:41:18.162+0000] {processor.py:161} INFO - Started process (PID=1785) to work on /opt/airflow/dags/forecast_logging_dag.py
[2026-08-09T17:41:18.165+0000] {processor.py:830} INFO - Processing file /opt/airflow/dags/forecast_logging_dag.py for tasks to queue
[2026-08-09T17:41:18.167+0000] {logging_mixin.py:188} INFO - [2026-08-09T17:41:18.167+0000] {dagbag.py:545} INFO - Filling up the DagBag from /opt/airflow/dags/forecast_logging_dag.py
[2026-08-09T17:41:26.735+0000] {processor.py:840} INFO - DAG(s) 'forecast_logging' retrieved from /opt/airflow/dags/forecast_logging_dag.py
[2026-08-09T17:41:26.784+0000] {logging_mixin.py:188} INFO - [2026-08-09T17:41:26.783+0000] {dag.py:3089} INFO - Sync 1 DAGs
[2026-08-09T17:41:26.823+0000] {logging_mixin.py:188} INFO - [2026-08-09T17:41:26.823+0000] {dag.py:3947} INFO - Setting next_dagrun for forecast_logging to 2026-08-09 00:00:00+00:00, run_after=2026-08-10 00:00:00+00:00
[2026-08-09T17:41:26.859+0000] {processor.py:183} INFO - Processing /opt/airflow/dags/forecast_logging_dag.py took 8.891 seconds
[2026-08-09T17:41:57.512+0000] {processor.py:161} INFO - Started process (PID=1816) to work on /opt/airflow/dags/forecast_logging_dag.py
[2026-08-09T17:41:57.514+0000] {processor.py:830} INFO - Processing file /opt/airflow/dags/forecast_logging_dag.py for tasks to queue
[2026-08-09T17:41:57.517+0000] {logging_mixin.py:188} INFO - [2026-08-09T17:41:57.516+0000] {dagbag.py:545} INFO - Filling up the DagBag from /opt/airflow/dags/forecast_logging_dag.py
[2026-08-09T17:42:06.530+0000] {processor.py:840} INFO - DAG(s) 'forecast_logging' retrieved from /opt/airflow/dags/forecast_logging_dag.py
[2026-08-09T17:42:06.588+0000] {logging_mixin.py:188} INFO - [2026-08-09T17:42:06.587+0000] {dag.py:3089} INFO - Sync 1 DAGs
[2026-08-09T17:42:06.634+0000] {logging_mixin.py:188} INFO - [2026-08-09T17:42:06.634+0000] {dag.py:3947} INFO - Setting next_dagrun for forecast_logging to 2026-08-09 00:00:00+00:00, run_after=2026-08-10 00:00:00+00:00
[2026-08-09T17:42:06.676+0000] {processor.py:183} INFO - Processing /opt/airflow/dags/forecast_logging_dag.py took 9.183 seconds
[2026-08-09T17:42:37.077+0000] {processor.py:161} INFO - Started process (PID=1847) to work on /opt/airflow/dags/forecast_logging_dag.py
[2026-08-09T17:42:37.079+0000] {processor.py:830} INFO - Processing file /opt/airflow/dags/forecast_logging_dag.py for tasks to queue
[2026-08-09T17:42:37.081+0000] {logging_mixin.py:188} INFO - [2026-08-09T17:42:37.080+0000] {dagbag.py:545} INFO - Filling up the DagBag from /opt/airflow/dags/forecast_logging_dag.py
[2026-08-09T17:42:45.536+0000] {processor.py:840} INFO - DAG(s) 'forecast_logging' retrieved from /opt/airflow/dags/forecast_logging_dag.py
[2026-08-09T17:42:45.605+0000] {logging_mixin.py:188} INFO - [2026-08-09T17:42:45.604+0000] {dag.py:3089} INFO - Sync 1 DAGs
[2026-08-09T17:42:45.663+0000] {logging_mixin.py:188} INFO - [2026-08-09T17:42:45.662+0000] {dag.py:3947} INFO - Setting next_dagrun for forecast_logging to 2026-08-09 00:00:00+00:00, run_after=2026-08-10 00:00:00+00:00
[2026-08-09T17:42:45.708+0000] {processor.py:183} INFO - Processing /opt/airflow/dags/forecast_logging_dag.py took 8.645 seconds
[2026-08-09T17:43:16.248+0000] {processor.py:161} INFO - Started process (PID=1882) to work on /opt/airflow/dags/forecast_logging_dag.py
[2026-08-09T17:43:16.250+0000] {processor.py:830} INFO - Processing file /opt/airflow/dags/forecast_logging_dag.py for tasks to queue
[2026-08-09T17:43:16.252+0000] {logging_mixin.py:188} INFO - [2026-08-09T17:43:16.251+0000] {dagbag.py:545} INFO - Filling up the DagBag from /opt/airflow/dags/forecast_logging_dag.py
[2026-08-09T17:43:24.852+0000] {processor.py:840} INFO - DAG(s) 'forecast_logging' retrieved from /opt/airflow/dags/forecast_logging_dag.py
[2026-08-09T17:43:24.901+0000] {logging_mixin.py:188} INFO - [2026-08-09T17:43:24.900+0000] {dag.py:3089} INFO - Sync 1 DAGs
[2026-08-09T17:43:24.937+0000] {logging_mixin.py:188} INFO - [2026-08-09T17:43:24.936+0000] {dag.py:3947} INFO - Setting next_dagrun for forecast_logging to 2026-08-09 00:00:00+00:00, run_after=2026-08-10 00:00:00+00:00
[2026-08-09T17:43:24.970+0000] {processor.py:183} INFO - Processing /opt/airflow/dags/forecast_logging_dag.py took 8.804 seconds
[2026-08-09T17:43:56.154+0000] {processor.py:161} INFO - Started process (PID=1921) to work on /opt/airflow/dags/forecast_logging_dag.py
[2026-08-09T17:43:56.157+0000] {processor.py:830} INFO - Processing file /opt/airflow/dags/forecast_logging_dag.py for tasks to queue
[2026-08-09T17:43:56.159+0000] {logging_mixin.py:188} INFO - [2026-08-09T17:43:56.158+0000] {dagbag.py:545} INFO - Filling up the DagBag from /opt/airflow/dags/forecast_logging_dag.py
[2026-08-09T17:44:05.633+0000] {processor.py:840} INFO - DAG(s) 'forecast_logging' retrieved from /opt/airflow/dags/forecast_logging_dag.py
[2026-08-09T17:44:05.683+0000] {logging_mixin.py:188} INFO - [2026-08-09T17:44:05.682+0000] {dag.py:3089} INFO - Sync 1 DAGs
[2026-08-09T17:44:05.721+0000] {logging_mixin.py:188} INFO - [2026-08-09T17:44:05.720+0000] {dag.py:3947} INFO - Setting next_dagrun for forecast_logging to 2026-08-09 00:00:00+00:00, run_after=2026-08-10 00:00:00+00:00
[2026-08-09T17:44:05.757+0000] {processor.py:183} INFO - Processing /opt/airflow/dags/forecast_logging_dag.py took 9.623 seconds
[2026-08-09T17:44:36.170+0000] {processor.py:161} INFO - Started process (PID=1952) to work on /opt/airflow/dags/forecast_logging_dag.py
[2026-08-09T17:44:36.173+0000] {processor.py:830} INFO - Processing file /opt/airflow/dags/forecast_logging_dag.py for tasks to queue
[2026-08-09T17:44:36.175+0000] {logging_mixin.py:188} INFO - [2026-08-09T17:44:36.174+0000] {dagbag.py:545} INFO - Filling up the DagBag from /opt/airflow/dags/forecast_logging_dag.py
[2026-08-09T17:44:44.257+0000] {processor.py:840} INFO - DAG(s) 'forecast_logging' retrieved from /opt/airflow/dags/forecast_logging_dag.py
[2026-08-09T17:44:44.311+0000] {logging_mixin.py:188} INFO - [2026-08-09T17:44:44.310+0000] {dag.py:3089} INFO - Sync 1 DAGs
[2026-08-09T17:44:44.350+0000] {logging_mixin.py:188} INFO - [2026-08-09T17:44:44.350+0000] {dag.py:3947} INFO - Setting next_dagrun for forecast_logging to 2026-08-09 00:00:00+00:00, run_after=2026-08-10 00:00:00+00:00
[2026-08-09T17:44:44.387+0000] {processor.py:183} INFO - Processing /opt/airflow/dags/forecast_logging_dag.py took 8.232 seconds
[2026-08-09T17:45:14.988+0000] {processor.py:161} INFO - Started process (PID=1983) to work on /opt/airflow/dags/forecast_logging_dag.py
[2026-08-09T17:45:14.991+0000] {processor.py:830} INFO - Processing file /opt/airflow/dags/forecast_logging_dag.py for tasks to queue
[2026-08-09T17:45:14.993+0000] {logging_mixin.py:188} INFO - [2026-08-09T17:45:14.992+0000] {dagbag.py:545} INFO - Filling up the DagBag from /opt/airflow/dags/forecast_logging_dag.py
[2026-08-09T17:45:22.859+0000] {processor.py:840} INFO - DAG(s) 'forecast_logging' retrieved from /opt/airflow/dags/forecast_logging_dag.py
[2026-08-09T17:45:22.906+0000] {logging_mixin.py:188} INFO - [2026-08-09T17:45:22.905+0000] {dag.py:3089} INFO - Sync 1 DAGs
[2026-08-09T17:45:22.943+0000] {logging_mixin.py:188} INFO - [2026-08-09T17:45:22.943+0000] {dag.py:3947} INFO - Setting next_dagrun for forecast_logging to 2026-08-09 00:00:00+00:00, run_after=2026-08-10 00:00:00+00:00
[2026-08-09T17:45:22.981+0000] {processor.py:183} INFO - Processing /opt/airflow/dags/forecast_logging_dag.py took 8.572 seconds
[2026-08-09T17:45:53.697+0000] {processor.py:161} INFO - Started process (PID=2014) to work on /opt/airflow/dags/forecast_logging_dag.py
[2026-08-09T17:45:53.699+0000] {processor.py:830} INFO - Processing file /opt/airflow/dags/forecast_logging_dag.py for tasks to queue
[2026-08-09T17:45:53.703+0000] {logging_mixin.py:188} INFO - [2026-08-09T17:45:53.703+0000] {dagbag.py:545} INFO - Filling up the DagBag from /opt/airflow/dags/forecast_logging_dag.py
[2026-08-09T17:46:02.726+0000] {processor.py:840} INFO - DAG(s) 'forecast_logging' retrieved from /opt/airflow/dags/forecast_logging_dag.py
[2026-08-09T17:46:02.786+0000] {logging_mixin.py:188} INFO - [2026-08-09T17:46:02.785+0000] {dag.py:3089} INFO - Sync 1 DAGs
[2026-08-09T17:46:02.828+0000] {logging_mixin.py:188} INFO - [2026-08-09T17:46:02.828+0000] {dag.py:3947} INFO - Setting next_dagrun for forecast_logging to 2026-08-09 00:00:00+00:00, run_after=2026-08-10 00:00:00+00:00
[2026-08-09T17:46:02.865+0000] {processor.py:183} INFO - Processing /opt/airflow/dags/forecast_logging_dag.py took 9.187 seconds
[2026-08-09T17:46:34.028+0000] {processor.py:161} INFO - Started process (PID=2051) to work on /opt/airflow/dags/forecast_logging_dag.py
[2026-08-09T17:46:34.031+0000] {processor.py:830} INFO - Processing file /opt/airflow/dags/forecast_logging_dag.py for tasks to queue
[2026-08-09T17:46:34.034+0000] {logging_mixin.py:188} INFO - [2026-08-09T17:46:34.033+0000] {dagbag.py:545} INFO - Filling up the DagBag from /opt/airflow/dags/forecast_logging_dag.py
[2026-08-09T17:46:42.671+0000] {processor.py:840} INFO - DAG(s) 'forecast_logging' retrieved from /opt/airflow/dags/forecast_logging_dag.py
[2026-08-09T17:46:42.728+0000] {logging_mixin.py:188} INFO - [2026-08-09T17:46:42.727+0000] {dag.py:3089} INFO - Sync 1 DAGs
[2026-08-09T17:46:42.769+0000] {logging_mixin.py:188} INFO - [2026-08-09T17:46:42.769+0000] {dag.py:3947} INFO - Setting next_dagrun for forecast_logging to 2026-08-09 00:00:00+00:00, run_after=2026-08-10 00:00:00+00:00
[2026-08-09T17:46:42.808+0000] {processor.py:183} INFO - Processing /opt/airflow/dags/forecast_logging_dag.py took 8.804 seconds
[2026-08-09T17:47:13.645+0000] {processor.py:161} INFO - Started process (PID=2088) to work on /opt/airflow/dags/forecast_logging_dag.py
[2026-08-09T17:47:13.648+0000] {processor.py:830} INFO - Processing file /opt/airflow/dags/forecast_logging_dag.py for tasks to queue
[2026-08-09T17:47:13.650+0000] {logging_mixin.py:188} INFO - [2026-08-09T17:47:13.650+0000] {dagbag.py:545} INFO - Filling up the DagBag from /opt/airflow/dags/forecast_logging_dag.py
[2026-08-09T17:47:21.873+0000] {processor.py:840} INFO - DAG(s) 'forecast_logging' retrieved from /opt/airflow/dags/forecast_logging_dag.py
[2026-08-09T17:47:21.922+0000] {logging_mixin.py:188} INFO - [2026-08-09T17:47:21.921+0000] {dag.py:3089} INFO - Sync 1 DAGs
[2026-08-09T17:47:21.971+0000] {logging_mixin.py:188} INFO - [2026-08-09T17:47:21.970+0000] {dag.py:3947} INFO - Setting next_dagrun for forecast_logging to 2026-08-09 00:00:00+00:00, run_after=2026-08-10 00:00:00+00:00
[2026-08-09T17:47:22.833+0000] {processor.py:183} INFO - Processing /opt/airflow/dags/forecast_logging_dag.py took 9.278 seconds
[2026-08-09T17:47:53.296+0000] {processor.py:161} INFO - Started process (PID=2119) to work on /opt/airflow/dags/forecast_logging_dag.py
[2026-08-09T17:47:53.298+0000] {processor.py:830} INFO - Processing file /opt/airflow/dags/forecast_logging_dag.py for tasks to queue
[2026-08-09T17:47:53.301+0000] {logging_mixin.py:188} INFO - [2026-08-09T17:47:53.300+0000] {dagbag.py:545} INFO - Filling up the DagBag from /opt/airflow/dags/forecast_logging_dag.py
[2026-08-09T17:48:01.822+0000] {processor.py:840} INFO - DAG(s) 'forecast_logging' retrieved from /opt/airflow/dags/forecast_logging_dag.py
[2026-08-09T17:48:01.882+0000] {logging_mixin.py:188} INFO - [2026-08-09T17:48:01.881+0000] {dag.py:3089} INFO - Sync 1 DAGs
[2026-08-09T17:48:01.924+0000] {logging_mixin.py:188} INFO - [2026-08-09T17:48:01.924+0000] {dag.py:3947} INFO - Setting next_dagrun for forecast_logging to 2026-08-09 00:00:00+00:00, run_after=2026-08-10 00:00:00+00:00
[2026-08-09T17:48:01.960+0000] {processor.py:183} INFO - Processing /opt/airflow/dags/forecast_logging_dag.py took 8.681 seconds
[2026-08-09T17:48:32.552+0000] {processor.py:161} INFO - Started process (PID=2150) to work on /opt/airflow/dags/forecast_logging_dag.py
[2026-08-09T17:48:32.555+0000] {processor.py:830} INFO - Processing file /opt/airflow/dags/forecast_logging_dag.py for tasks to queue
[2026-08-09T17:48:32.558+0000] {logging_mixin.py:188} INFO - [2026-08-09T17:48:32.557+0000] {dagbag.py:545} INFO - Filling up the DagBag from /opt/airflow/dags/forecast_logging_dag.py
[2026-08-09T17:48:41.717+0000] {processor.py:840} INFO - DAG(s) 'forecast_logging' retrieved from /opt/airflow/dags/forecast_logging_dag.py
[2026-08-09T17:48:41.764+0000] {logging_mixin.py:188} INFO - [2026-08-09T17:48:41.763+0000] {dag.py:3089} INFO - Sync 1 DAGs
[2026-08-09T17:48:41.805+0000] {logging_mixin.py:188} INFO - [2026-08-09T17:48:41.804+0000] {dag.py:3947} INFO - Setting next_dagrun for forecast_logging to 2026-08-09 00:00:00+00:00, run_after=2026-08-10 00:00:00+00:00
[2026-08-09T17:48:41.838+0000] {processor.py:183} INFO - Processing /opt/airflow/dags/forecast_logging_dag.py took 9.307 seconds
[2026-08-09T17:49:12.421+0000] {processor.py:161} INFO - Started process (PID=2185) to work on /opt/airflow/dags/forecast_logging_dag.py
[2026-08-09T17:49:12.423+0000] {processor.py:830} INFO - Processing file /opt/airflow/dags/forecast_logging_dag.py for tasks to queue
[2026-08-09T17:49:12.425+0000] {logging_mixin.py:188} INFO - [2026-08-09T17:49:12.425+0000] {dagbag.py:545} INFO - Filling up the DagBag from /opt/airflow/dags/forecast_logging_dag.py
[2026-08-09T17:49:21.155+0000] {processor.py:840} INFO - DAG(s) 'forecast_logging' retrieved from /opt/airflow/dags/forecast_logging_dag.py
[2026-08-09T17:49:21.206+0000] {logging_mixin.py:188} INFO - [2026-08-09T17:49:21.205+0000] {dag.py:3089} INFO - Sync 1 DAGs
[2026-08-09T17:49:21.243+0000] {logging_mixin.py:188} INFO - [2026-08-09T17:49:21.243+0000] {dag.py:3947} INFO - Setting next_dagrun for forecast_logging to 2026-08-09 00:00:00+00:00, run_after=2026-08-10 00:00:00+00:00
[2026-08-09T17:49:21.278+0000] {processor.py:183} INFO - Processing /opt/airflow/dags/forecast_logging_dag.py took 8.999 seconds
[2026-08-09T17:49:51.657+0000] {processor.py:161} INFO - Started process (PID=2224) to work on /opt/airflow/dags/forecast_logging_dag.py
[2026-08-09T17:49:51.659+0000] {processor.py:830} INFO - Processing file /opt/airflow/dags/forecast_logging_dag.py for tasks to queue
[2026-08-09T17:49:51.661+0000] {logging_mixin.py:188} INFO - [2026-08-09T17:49:51.661+0000] {dagbag.py:545} INFO - Filling up the DagBag from /opt/airflow/dags/forecast_logging_dag.py
[2026-08-09T17:50:00.501+0000] {processor.py:840} INFO - DAG(s) 'forecast_logging' retrieved from /opt/airflow/dags/forecast_logging_dag.py
[2026-08-09T17:50:00.552+0000] {logging_mixin.py:188} INFO - [2026-08-09T17:50:00.551+0000] {dag.py:3089} INFO - Sync 1 DAGs
[2026-08-09T17:50:00.592+0000] {logging_mixin.py:188} INFO - [2026-08-09T17:50:00.591+0000] {dag.py:3947} INFO - Setting next_dagrun for forecast_logging to 2026-08-09 00:00:00+00:00, run_after=2026-08-10 00:00:00+00:00
[2026-08-09T17:50:00.633+0000] {processor.py:183} INFO - Processing /opt/airflow/dags/forecast_logging_dag.py took 8.994 seconds
[2026-08-09T17:50:31.212+0000] {processor.py:161} INFO - Started process (PID=2255) to work on /opt/airflow/dags/forecast_logging_dag.py
[2026-08-09T17:50:31.215+0000] {processor.py:830} INFO - Processing file /opt/airflow/dags/forecast_logging_dag.py for tasks to queue
[2026-08-09T17:50:31.217+0000] {logging_mixin.py:188} INFO - [2026-08-09T17:50:31.216+0000] {dagbag.py:545} INFO - Filling up the DagBag from /opt/airflow/dags/forecast_logging_dag.py
[2026-08-09T17:50:40.475+0000] {processor.py:840} INFO - DAG(s) 'forecast_logging' retrieved from /opt/airflow/dags/forecast_logging_dag.py
[2026-08-09T17:50:40.531+0000] {logging_mixin.py:188} INFO - [2026-08-09T17:50:40.530+0000] {dag.py:3089} INFO - Sync 1 DAGs
[2026-08-09T17:50:40.571+0000] {logging_mixin.py:188} INFO - [2026-08-09T17:50:40.571+0000] {dag.py:3947} INFO - Setting next_dagrun for forecast_logging to 2026-08-09 00:00:00+00:00, run_after=2026-08-10 00:00:00+00:00
[2026-08-09T17:50:40.624+0000] {processor.py:183} INFO - Processing /opt/airflow/dags/forecast_logging_dag.py took 9.432 seconds
[2026-08-09T17:51:11.238+0000] {processor.py:161} INFO - Started process (PID=2286) to work on /opt/airflow/dags/forecast_logging_dag.py
[2026-08-09T17:51:11.241+0000] {processor.py:830} INFO - Processing file /opt/airflow/dags/forecast_logging_dag.py for tasks to queue
[2026-08-09T17:51:11.243+0000] {logging_mixin.py:188} INFO - [2026-08-09T17:51:11.242+0000] {dagbag.py:545} INFO - Filling up the DagBag from /opt/airflow/dags/forecast_logging_dag.py
[2026-08-09T17:51:20.141+0000] {processor.py:840} INFO - DAG(s) 'forecast_logging' retrieved from /opt/airflow/dags/forecast_logging_dag.py
[2026-08-09T17:51:20.192+0000] {logging_mixin.py:188} INFO - [2026-08-09T17:51:20.190+0000] {dag.py:3089} INFO - Sync 1 DAGs
[2026-08-09T17:51:20.232+0000] {logging_mixin.py:188} INFO - [2026-08-09T17:51:20.232+0000] {dag.py:3947} INFO - Setting next_dagrun for forecast_logging to 2026-08-09 00:00:00+00:00, run_after=2026-08-10 00:00:00+00:00
[2026-08-09T17:51:20.271+0000] {processor.py:183} INFO - Processing /opt/airflow/dags/forecast_logging_dag.py took 8.967 seconds
[2026-08-09T17:51:50.721+0000] {processor.py:161} INFO - Started process (PID=2317) to work on /opt/airflow/dags/forecast_logging_dag.py
[2026-08-09T17:51:50.725+0000] {processor.py:830} INFO - Processing file /opt/airflow/dags/forecast_logging_dag.py for tasks to queue
[2026-08-09T17:51:50.729+0000] {logging_mixin.py:188} INFO - [2026-08-09T17:51:50.728+0000] {dagbag.py:545} INFO - Filling up the DagBag from /opt/airflow/dags/forecast_logging_dag.py
[2026-08-09T17:52:00.955+0000] {processor.py:840} INFO - DAG(s) 'forecast_logging' retrieved from /opt/airflow/dags/forecast_logging_dag.py
[2026-08-09T17:52:01.006+0000] {logging_mixin.py:188} INFO - [2026-08-09T17:52:01.005+0000] {dag.py:3089} INFO - Sync 1 DAGs
[2026-08-09T17:52:01.049+0000] {logging_mixin.py:188} INFO - [2026-08-09T17:52:01.048+0000] {dag.py:3947} INFO - Setting next_dagrun for forecast_logging to 2026-08-09 00:00:00+00:00, run_after=2026-08-10 00:00:00+00:00
[2026-08-09T17:52:01.092+0000] {processor.py:183} INFO - Processing /opt/airflow/dags/forecast_logging_dag.py took 10.390 seconds
[2026-08-09T17:52:31.407+0000] {processor.py:161} INFO - Started process (PID=2358) to work on /opt/airflow/dags/forecast_logging_dag.py
[2026-08-09T17:52:31.409+0000] {processor.py:830} INFO - Processing file /opt/airflow/dags/forecast_logging_dag.py for tasks to queue
[2026-08-09T17:52:31.412+0000] {logging_mixin.py:188} INFO - [2026-08-09T17:52:31.411+0000] {dagbag.py:545} INFO - Filling up the DagBag from /opt/airflow/dags/forecast_logging_dag.py
[2026-08-09T17:52:40.618+0000] {processor.py:840} INFO - DAG(s) 'forecast_logging' retrieved from /opt/airflow/dags/forecast_logging_dag.py
[2026-08-09T17:52:40.684+0000] {logging_mixin.py:188} INFO - [2026-08-09T17:52:40.683+0000] {dag.py:3089} INFO - Sync 1 DAGs
[2026-08-09T17:52:40.727+0000] {logging_mixin.py:188} INFO - [2026-08-09T17:52:40.727+0000] {dag.py:3947} INFO - Setting next_dagrun for forecast_logging to 2026-08-09 00:00:00+00:00, run_after=2026-08-10 00:00:00+00:00
[2026-08-09T17:52:40.771+0000] {processor.py:183} INFO - Processing /opt/airflow/dags/forecast_logging_dag.py took 9.380 seconds
[2026-08-09T17:53:11.612+0000] {processor.py:161} INFO - Started process (PID=2391) to work on /opt/airflow/dags/forecast_logging_dag.py
[2026-08-09T17:53:11.615+0000] {processor.py:830} INFO - Processing file /opt/airflow/dags/forecast_logging_dag.py for tasks to queue
[2026-08-09T17:53:11.617+0000] {logging_mixin.py:188} INFO - [2026-08-09T17:53:11.616+0000] {dagbag.py:545} INFO - Filling up the DagBag from /opt/airflow/dags/forecast_logging_dag.py
[2026-08-09T17:53:19.773+0000] {processor.py:840} INFO - DAG(s) 'forecast_logging' retrieved from /opt/airflow/dags/forecast_logging_dag.py
[2026-08-09T17:53:19.819+0000] {logging_mixin.py:188} INFO - [2026-08-09T17:53:19.819+0000] {dag.py:3089} INFO - Sync 1 DAGs
[2026-08-09T17:53:19.860+0000] {logging_mixin.py:188} INFO - [2026-08-09T17:53:19.859+0000] {dag.py:3947} INFO - Setting next_dagrun for forecast_logging to 2026-08-09 00:00:00+00:00, run_after=2026-08-10 00:00:00+00:00
[2026-08-09T17:53:19.895+0000] {processor.py:183} INFO - Processing /opt/airflow/dags/forecast_logging_dag.py took 8.411 seconds
[2026-08-09T17:53:50.208+0000] {processor.py:161} INFO - Started process (PID=2422) to work on /opt/airflow/dags/forecast_logging_dag.py
[2026-08-09T17:53:50.211+0000] {processor.py:830} INFO - Processing file /opt/airflow/dags/forecast_logging_dag.py for tasks to queue
[2026-08-09T17:53:50.213+0000] {logging_mixin.py:188} INFO - [2026-08-09T17:53:50.213+0000] {dagbag.py:545} INFO - Filling up the DagBag from /opt/airflow/dags/forecast_logging_dag.py
[2026-08-09T17:53:58.939+0000] {processor.py:840} INFO - DAG(s) 'forecast_logging' retrieved from /opt/airflow/dags/forecast_logging_dag.py
[2026-08-09T17:53:59.004+0000] {logging_mixin.py:188} INFO - [2026-08-09T17:53:59.003+0000] {dag.py:3089} INFO - Sync 1 DAGs
[2026-08-09T17:53:59.048+0000] {logging_mixin.py:188} INFO - [2026-08-09T17:53:59.047+0000] {dag.py:3947} INFO - Setting next_dagrun for forecast_logging to 2026-08-09 00:00:00+00:00, run_after=2026-08-10 00:00:00+00:00
[2026-08-09T17:53:59.083+0000] {processor.py:183} INFO - Processing /opt/airflow/dags/forecast_logging_dag.py took 8.895 seconds
[2026-08-09T17:54:29.931+0000] {processor.py:161} INFO - Started process (PID=2453) to work on /opt/airflow/dags/forecast_logging_dag.py
[2026-08-09T17:54:29.934+0000] {processor.py:830} INFO - Processing file /opt/airflow/dags/forecast_logging_dag.py for tasks to queue
[2026-08-09T17:54:29.937+0000] {logging_mixin.py:188} INFO - [2026-08-09T17:54:29.936+0000] {dagbag.py:545} INFO - Filling up the DagBag from /opt/airflow/dags/forecast_logging_dag.py
[2026-08-09T17:54:38.981+0000] {processor.py:840} INFO - DAG(s) 'forecast_logging' retrieved from /opt/airflow/dags/forecast_logging_dag.py
[2026-08-09T17:54:39.037+0000] {logging_mixin.py:188} INFO - [2026-08-09T17:54:39.036+0000] {dag.py:3089} INFO - Sync 1 DAGs
[2026-08-09T17:54:39.082+0000] {logging_mixin.py:188} INFO - [2026-08-09T17:54:39.082+0000] {dag.py:3947} INFO - Setting next_dagrun for forecast_logging to 2026-08-09 00:00:00+00:00, run_after=2026-08-10 00:00:00+00:00
[2026-08-09T17:54:39.119+0000] {processor.py:183} INFO - Processing /opt/airflow/dags/forecast_logging_dag.py took 9.205 seconds
[2026-08-09T17:55:09.471+0000] {processor.py:161} INFO - Started process (PID=2484) to work on /opt/airflow/dags/forecast_logging_dag.py
[2026-08-09T17:55:09.474+0000] {processor.py:830} INFO - Processing file /opt/airflow/dags/forecast_logging_dag.py for tasks to queue
[2026-08-09T17:55:09.476+0000] {logging_mixin.py:188} INFO - [2026-08-09T17:55:09.476+0000] {dagbag.py:545} INFO - Filling up the DagBag from /opt/airflow/dags/forecast_logging_dag.py
[2026-08-09T17:55:18.145+0000] {processor.py:840} INFO - DAG(s) 'forecast_logging' retrieved from /opt/airflow/dags/forecast_logging_dag.py
[2026-08-09T17:55:18.195+0000] {logging_mixin.py:188} INFO - [2026-08-09T17:55:18.195+0000] {dag.py:3089} INFO - Sync 1 DAGs
[2026-08-09T17:55:18.231+0000] {logging_mixin.py:188} INFO - [2026-08-09T17:55:18.231+0000] {dag.py:3947} INFO - Setting next_dagrun for forecast_logging to 2026-08-09 00:00:00+00:00, run_after=2026-08-10 00:00:00+00:00
[2026-08-09T17:55:18.265+0000] {processor.py:183} INFO - Processing /opt/airflow/dags/forecast_logging_dag.py took 8.981 seconds
[2026-08-09T17:55:48.863+0000] {processor.py:161} INFO - Started process (PID=2527) to work on /opt/airflow/dags/forecast_logging_dag.py
[2026-08-09T17:55:48.867+0000] {processor.py:830} INFO - Processing file /opt/airflow/dags/forecast_logging_dag.py for tasks to queue
[2026-08-09T17:55:48.870+0000] {logging_mixin.py:188} INFO - [2026-08-09T17:55:48.869+0000] {dagbag.py:545} INFO - Filling up the DagBag from /opt/airflow/dags/forecast_logging_dag.py
[2026-08-09T17:55:57.332+0000] {processor.py:840} INFO - DAG(s) 'forecast_logging' retrieved from /opt/airflow/dags/forecast_logging_dag.py
[2026-08-09T17:55:57.384+0000] {logging_mixin.py:188} INFO - [2026-08-09T17:55:57.383+0000] {dag.py:3089} INFO - Sync 1 DAGs
[2026-08-09T17:55:57.426+0000] {logging_mixin.py:188} INFO - [2026-08-09T17:55:57.426+0000] {dag.py:3947} INFO - Setting next_dagrun for forecast_logging to 2026-08-09 00:00:00+00:00, run_after=2026-08-10 00:00:00+00:00
[2026-08-09T17:55:57.462+0000] {processor.py:183} INFO - Processing /opt/airflow/dags/forecast_logging_dag.py took 8.619 seconds
[2026-08-09T17:56:28.154+0000] {processor.py:161} INFO - Started process (PID=2558) to work on /opt/airflow/dags/forecast_logging_dag.py
[2026-08-09T17:56:28.157+0000] {processor.py:830} INFO - Processing file /opt/airflow/dags/forecast_logging_dag.py for tasks to queue
[2026-08-09T17:56:28.160+0000] {logging_mixin.py:188} INFO - [2026-08-09T17:56:28.159+0000] {dagbag.py:545} INFO - Filling up the DagBag from /opt/airflow/dags/forecast_logging_dag.py
[2026-08-09T17:56:37.228+0000] {processor.py:840} INFO - DAG(s) 'forecast_logging' retrieved from /opt/airflow/dags/forecast_logging_dag.py
[2026-08-09T17:56:37.287+0000] {logging_mixin.py:188} INFO - [2026-08-09T17:56:37.286+0000] {dag.py:3089} INFO - Sync 1 DAGs
[2026-08-09T17:56:37.336+0000] {logging_mixin.py:188} INFO - [2026-08-09T17:56:37.336+0000] {dag.py:3947} INFO - Setting next_dagrun for forecast_logging to 2026-08-09 00:00:00+00:00, run_after=2026-08-10 00:00:00+00:00
[2026-08-09T17:56:37.377+0000] {processor.py:183} INFO - Processing /opt/airflow/dags/forecast_logging_dag.py took 9.246 seconds
[2026-08-09T17:57:08.041+0000] {processor.py:161} INFO - Started process (PID=2589) to work on /opt/airflow/dags/forecast_logging_dag.py
[2026-08-09T17:57:08.044+0000] {processor.py:830} INFO - Processing file /opt/airflow/dags/forecast_logging_dag.py for tasks to queue
[2026-08-09T17:57:08.046+0000] {logging_mixin.py:188} INFO - [2026-08-09T17:57:08.045+0000] {dagbag.py:545} INFO - Filling up the DagBag from /opt/airflow/dags/forecast_logging_dag.py
[2026-08-09T17:57:15.963+0000] {processor.py:840} INFO - DAG(s) 'forecast_logging' retrieved from /opt/airflow/dags/forecast_logging_dag.py
[2026-08-09T17:57:16.011+0000] {logging_mixin.py:188} INFO - [2026-08-09T17:57:16.010+0000] {dag.py:3089} INFO - Sync 1 DAGs
[2026-08-09T17:57:16.047+0000] {logging_mixin.py:188} INFO - [2026-08-09T17:57:16.047+0000] {dag.py:3947} INFO - Setting next_dagrun for forecast_logging to 2026-08-09 00:00:00+00:00, run_after=2026-08-10 00:00:00+00:00
[2026-08-09T17:57:16.081+0000] {processor.py:183} INFO - Processing /opt/airflow/dags/forecast_logging_dag.py took 8.188 seconds
[2026-08-09T17:57:46.644+0000] {processor.py:161} INFO - Started process (PID=2620) to work on /opt/airflow/dags/forecast_logging_dag.py
[2026-08-09T17:57:46.646+0000] {processor.py:830} INFO - Processing file /opt/airflow/dags/forecast_logging_dag.py for tasks to queue
[2026-08-09T17:57:46.648+0000] {logging_mixin.py:188} INFO - [2026-08-09T17:57:46.647+0000] {dagbag.py:545} INFO - Filling up the DagBag from /opt/airflow/dags/forecast_logging_dag.py
[2026-08-09T17:57:54.922+0000] {processor.py:840} INFO - DAG(s) 'forecast_logging' retrieved from /opt/airflow/dags/forecast_logging_dag.py
[2026-08-09T17:57:54.975+0000] {logging_mixin.py:188} INFO - [2026-08-09T17:57:54.974+0000] {dag.py:3089} INFO - Sync 1 DAGs
[2026-08-09T17:57:55.019+0000] {logging_mixin.py:188} INFO - [2026-08-09T17:57:55.019+0000] {dag.py:3947} INFO - Setting next_dagrun for forecast_logging to 2026-08-09 00:00:00+00:00, run_after=2026-08-10 00:00:00+00:00
[2026-08-09T17:57:55.059+0000] {processor.py:183} INFO - Processing /opt/airflow/dags/forecast_logging_dag.py took 8.430 seconds
[2026-08-09T17:58:25.761+0000] {processor.py:161} INFO - Started process (PID=2655) to work on /opt/airflow/dags/forecast_logging_dag.py
[2026-08-09T17:58:25.764+0000] {processor.py:830} INFO - Processing file /opt/airflow/dags/forecast_logging_dag.py for tasks to queue
[2026-08-09T17:58:25.767+0000] {logging_mixin.py:188} INFO - [2026-08-09T17:58:25.766+0000] {dagbag.py:545} INFO - Filling up the DagBag from /opt/airflow/dags/forecast_logging_dag.py
[2026-08-09T17:58:34.291+0000] {processor.py:840} INFO - DAG(s) 'forecast_logging' retrieved from /opt/airflow/dags/forecast_logging_dag.py
[2026-08-09T17:58:34.358+0000] {logging_mixin.py:188} INFO - [2026-08-09T17:58:34.357+0000] {dag.py:3089} INFO - Sync 1 DAGs
[2026-08-09T17:58:34.396+0000] {logging_mixin.py:188} INFO - [2026-08-09T17:58:34.396+0000] {dag.py:3947} INFO - Setting next_dagrun for forecast_logging to 2026-08-09 00:00:00+00:00, run_after=2026-08-10 00:00:00+00:00
[2026-08-09T17:58:34.431+0000] {processor.py:183} INFO - Processing /opt/airflow/dags/forecast_logging_dag.py took 8.692 seconds
[2026-08-09T17:59:05.114+0000] {processor.py:161} INFO - Started process (PID=2694) to work on /opt/airflow/dags/forecast_logging_dag.py
[2026-08-09T17:59:05.116+0000] {processor.py:830} INFO - Processing file /opt/airflow/dags/forecast_logging_dag.py for tasks to queue
[2026-08-09T17:59:05.119+0000] {logging_mixin.py:188} INFO - [2026-08-09T17:59:05.118+0000] {dagbag.py:545} INFO - Filling up the DagBag from /opt/airflow/dags/forecast_logging_dag.py
[2026-08-09T17:59:13.783+0000] {processor.py:840} INFO - DAG(s) 'forecast_logging' retrieved from /opt/airflow/dags/forecast_logging_dag.py
[2026-08-09T17:59:13.833+0000] {logging_mixin.py:188} INFO - [2026-08-09T17:59:13.832+0000] {dag.py:3089} INFO - Sync 1 DAGs
[2026-08-09T17:59:13.872+0000] {logging_mixin.py:188} INFO - [2026-08-09T17:59:13.872+0000] {dag.py:3947} INFO - Setting next_dagrun for forecast_logging to 2026-08-09 00:00:00+00:00, run_after=2026-08-10 00:00:00+00:00
[2026-08-09T17:59:13.906+0000] {processor.py:183} INFO - Processing /opt/airflow/dags/forecast_logging_dag.py took 8.882 seconds
[2026-08-09T17:59:44.332+0000] {processor.py:161} INFO - Started process (PID=2725) to work on /opt/airflow/dags/forecast_logging_dag.py
[2026-08-09T17:59:44.335+0000] {processor.py:830} INFO - Processing file /opt/airflow/dags/forecast_logging_dag.py for tasks to queue
[2026-08-09T17:59:44.337+0000] {logging_mixin.py:188} INFO - [2026-08-09T17:59:44.336+0000] {dagbag.py:545} INFO - Filling up the DagBag from /opt/airflow/dags/forecast_logging_dag.py
[2026-08-09T17:59:53.451+0000] {processor.py:840} INFO - DAG(s) 'forecast_logging' retrieved from /opt/airflow/dags/forecast_logging_dag.py
[2026-08-09T17:59:53.505+0000] {logging_mixin.py:188} INFO - [2026-08-09T17:59:53.504+0000] {dag.py:3089} INFO - Sync 1 DAGs
[2026-08-09T17:59:53.544+0000] {logging_mixin.py:188} INFO - [2026-08-09T17:59:53.544+0000] {dag.py:3947} INFO - Setting next_dagrun for forecast_logging to 2026-08-09 00:00:00+00:00, run_after=2026-08-10 00:00:00+00:00
[2026-08-09T17:59:53.581+0000] {processor.py:183} INFO - Processing /opt/airflow/dags/forecast_logging_dag.py took 9.267 seconds
[2026-08-09T18:00:24.524+0000] {processor.py:161} INFO - Started process (PID=2759) to work on /opt/airflow/dags/forecast_logging_dag.py
[2026-08-09T18:00:24.526+0000] {processor.py:830} INFO - Processing file /opt/airflow/dags/forecast_logging_dag.py for tasks to queue
[2026-08-09T18:00:24.528+0000] {logging_mixin.py:188} INFO - [2026-08-09T18:00:24.527+0000] {dagbag.py:545} INFO - Filling up the DagBag from /opt/airflow/dags/forecast_logging_dag.py
[2026-08-09T18:00:33.491+0000] {processor.py:840} INFO - DAG(s) 'forecast_logging' retrieved from /opt/airflow/dags/forecast_logging_dag.py
[2026-08-09T18:00:33.550+0000] {logging_mixin.py:188} INFO - [2026-08-09T18:00:33.549+0000] {dag.py:3089} INFO - Sync 1 DAGs
[2026-08-09T18:00:33.595+0000] {logging_mixin.py:188} INFO - [2026-08-09T18:00:33.595+0000] {dag.py:3947} INFO - Setting next_dagrun for forecast_logging to 2026-08-09 00:00:00+00:00, run_after=2026-08-10 00:00:00+00:00
[2026-08-09T18:00:33.630+0000] {processor.py:183} INFO - Processing /opt/airflow/dags/forecast_logging_dag.py took 9.123 seconds
[2026-08-09T18:01:06.329+0000] {processor.py:161} INFO - Started process (PID=2802) to work on /opt/airflow/dags/forecast_logging_dag.py
[2026-08-09T18:01:06.333+0000] {processor.py:830} INFO - Processing file /opt/airflow/dags/forecast_logging_dag.py for tasks to queue
[2026-08-09T18:01:06.348+0000] {logging_mixin.py:188} INFO - [2026-08-09T18:01:06.343+0000] {dagbag.py:545} INFO - Filling up the DagBag from /opt/airflow/dags/forecast_logging_dag.py
[2026-08-09T18:01:52.727+0000] {logging_mixin.py:188} INFO - [2026-08-09T18:01:52.725+0000] {timeout.py:68} ERROR - Process timed out, PID: 2802
[2026-08-09T18:02:23.887+0000] {processor.py:161} INFO - Started process (PID=2920) to work on /opt/airflow/dags/forecast_logging_dag.py
[2026-08-09T18:02:23.895+0000] {processor.py:830} INFO - Processing file /opt/airflow/dags/forecast_logging_dag.py for tasks to queue
[2026-08-09T18:02:23.897+0000] {logging_mixin.py:188} INFO - [2026-08-09T18:02:23.896+0000] {dagbag.py:545} INFO - Filling up the DagBag from /opt/airflow/dags/forecast_logging_dag.py
[2026-08-09T18:02:39.581+0000] {processor.py:840} INFO - DAG(s) 'forecast_logging' retrieved from /opt/airflow/dags/forecast_logging_dag.py
[2026-08-09T18:02:40.231+0000] {logging_mixin.py:188} INFO - [2026-08-09T18:02:40.230+0000] {dag.py:3089} INFO - Sync 1 DAGs
[2026-08-09T18:02:40.280+0000] {logging_mixin.py:188} INFO - [2026-08-09T18:02:40.279+0000] {dag.py:3947} INFO - Setting next_dagrun for forecast_logging to 2026-08-09 00:00:00+00:00, run_after=2026-08-10 00:00:00+00:00
[2026-08-09T18:02:40.322+0000] {processor.py:183} INFO - Processing /opt/airflow/dags/forecast_logging_dag.py took 16.509 seconds
[2026-08-09T18:03:11.666+0000] {processor.py:161} INFO - Started process (PID=2963) to work on /opt/airflow/dags/forecast_logging_dag.py
[2026-08-09T18:03:11.669+0000] {processor.py:830} INFO - Processing file /opt/airflow/dags/forecast_logging_dag.py for tasks to queue
[2026-08-09T18:03:11.671+0000] {logging_mixin.py:188} INFO - [2026-08-09T18:03:11.670+0000] {dagbag.py:545} INFO - Filling up the DagBag from /opt/airflow/dags/forecast_logging_dag.py
[2026-08-09T18:03:24.892+0000] {processor.py:840} INFO - DAG(s) 'forecast_logging' retrieved from /opt/airflow/dags/forecast_logging_dag.py
[2026-08-09T18:03:24.944+0000] {logging_mixin.py:188} INFO - [2026-08-09T18:03:24.944+0000] {dag.py:3089} INFO - Sync 1 DAGs
[2026-08-09T18:03:24.983+0000] {logging_mixin.py:188} INFO - [2026-08-09T18:03:24.983+0000] {dag.py:3947} INFO - Setting next_dagrun for forecast_logging to 2026-08-09 00:00:00+00:00, run_after=2026-08-10 00:00:00+00:00
[2026-08-09T18:03:25.023+0000] {processor.py:183} INFO - Processing /opt/airflow/dags/forecast_logging_dag.py took 13.504 seconds
[2026-08-09T18:03:55.615+0000] {processor.py:161} INFO - Started process (PID=3030) to work on /opt/airflow/dags/forecast_logging_dag.py
[2026-08-09T18:03:55.619+0000] {processor.py:830} INFO - Processing file /opt/airflow/dags/forecast_logging_dag.py for tasks to queue
[2026-08-09T18:03:55.621+0000] {logging_mixin.py:188} INFO - [2026-08-09T18:03:55.621+0000] {dagbag.py:545} INFO - Filling up the DagBag from /opt/airflow/dags/forecast_logging_dag.py
[2026-08-09T18:04:05.972+0000] {processor.py:840} INFO - DAG(s) 'forecast_logging' retrieved from /opt/airflow/dags/forecast_logging_dag.py
[2026-08-09T18:04:06.017+0000] {logging_mixin.py:188} INFO - [2026-08-09T18:04:06.017+0000] {dag.py:3089} INFO - Sync 1 DAGs
[2026-08-09T18:04:06.059+0000] {logging_mixin.py:188} INFO - [2026-08-09T18:04:06.058+0000] {dag.py:3947} INFO - Setting next_dagrun for forecast_logging to 2026-08-09 00:00:00+00:00, run_after=2026-08-10 00:00:00+00:00
[2026-08-09T18:04:06.118+0000] {processor.py:183} INFO - Processing /opt/airflow/dags/forecast_logging_dag.py took 10.525 seconds
[2026-08-09T18:04:37.076+0000] {processor.py:161} INFO - Started process (PID=3061) to work on /opt/airflow/dags/forecast_logging_dag.py
[2026-08-09T18:04:37.080+0000] {processor.py:830} INFO - Processing file /opt/airflow/dags/forecast_logging_dag.py for tasks to queue
[2026-08-09T18:04:37.083+0000] {logging_mixin.py:188} INFO - [2026-08-09T18:04:37.082+0000] {dagbag.py:545} INFO - Filling up the DagBag from /opt/airflow/dags/forecast_logging_dag.py
[2026-08-09T18:04:45.877+0000] {processor.py:840} INFO - DAG(s) 'forecast_logging' retrieved from /opt/airflow/dags/forecast_logging_dag.py
[2026-08-09T18:04:45.937+0000] {logging_mixin.py:188} INFO - [2026-08-09T18:04:45.936+0000] {dag.py:3089} INFO - Sync 1 DAGs
[2026-08-09T18:04:46.010+0000] {logging_mixin.py:188} INFO - [2026-08-09T18:04:46.009+0000] {dag.py:3947} INFO - Setting next_dagrun for forecast_logging to 2026-08-09 00:00:00+00:00, run_after=2026-08-10 00:00:00+00:00
[2026-08-09T18:04:46.056+0000] {processor.py:183} INFO - Processing /opt/airflow/dags/forecast_logging_dag.py took 9.123 seconds
[2026-08-09T18:05:16.718+0000] {processor.py:161} INFO - Started process (PID=3095) to work on /opt/airflow/dags/forecast_logging_dag.py
[2026-08-09T18:05:16.721+0000] {processor.py:830} INFO - Processing file /opt/airflow/dags/forecast_logging_dag.py for tasks to queue
[2026-08-09T18:05:16.723+0000] {logging_mixin.py:188} INFO - [2026-08-09T18:05:16.722+0000] {dagbag.py:545} INFO - Filling up the DagBag from /opt/airflow/dags/forecast_logging_dag.py
[2026-08-09T18:05:46.559+0000] {logging_mixin.py:188} INFO - [2026-08-09T18:05:46.557+0000] {timeout.py:68} ERROR - Process timed out, PID: 3095
[2026-08-09T18:06:17.818+0000] {processor.py:161} INFO - Started process (PID=3209) to work on /opt/airflow/dags/forecast_logging_dag.py
[2026-08-09T18:06:17.820+0000] {processor.py:830} INFO - Processing file /opt/airflow/dags/forecast_logging_dag.py for tasks to queue
[2026-08-09T18:06:17.823+0000] {logging_mixin.py:188} INFO - [2026-08-09T18:06:17.821+0000] {dagbag.py:545} INFO - Filling up the DagBag from /opt/airflow/dags/forecast_logging_dag.py
[2026-08-09T18:07:39.227+0000] {processor.py:161} INFO - Started process (PID=3248) to work on /opt/airflow/dags/forecast_logging_dag.py
[2026-08-09T18:07:39.230+0000] {processor.py:830} INFO - Processing file /opt/airflow/dags/forecast_logging_dag.py for tasks to queue
[2026-08-09T18:07:39.232+0000] {logging_mixin.py:188} INFO - [2026-08-09T18:07:39.231+0000] {dagbag.py:545} INFO - Filling up the DagBag from /opt/airflow/dags/forecast_logging_dag.py
[2026-08-09T18:08:14.986+0000] {logging_mixin.py:188} INFO - [2026-08-09T18:08:14.984+0000] {timeout.py:68} ERROR - Process timed out, PID: 3248
[2026-08-09T18:08:45.572+0000] {processor.py:161} INFO - Started process (PID=3290) to work on /opt/airflow/dags/forecast_logging_dag.py
[2026-08-09T18:08:45.575+0000] {processor.py:830} INFO - Processing file /opt/airflow/dags/forecast_logging_dag.py for tasks to queue
[2026-08-09T18:08:45.578+0000] {logging_mixin.py:188} INFO - [2026-08-09T18:08:45.577+0000] {dagbag.py:545} INFO - Filling up the DagBag from /opt/airflow/dags/forecast_logging_dag.py
[2026-08-09T18:09:15.847+0000] {logging_mixin.py:188} INFO - [2026-08-09T18:09:15.846+0000] {timeout.py:68} ERROR - Process timed out, PID: 3290
[2026-08-09T18:09:15.883+0000] {logging_mixin.py:188} WARNING - Traceback (most recent call last):
[2026-08-09T18:09:15.884+0000] {logging_mixin.py:188} WARNING -   File "/home/airflow/.local/lib/python3.11/site-packages/google/protobuf/descriptor_pool.py", line 1270, in Default
[2026-08-09T18:09:15.894+0000] {logging_mixin.py:188} WARNING -     def Default():
[2026-08-09T18:09:15.895+0000] {logging_mixin.py:188} WARNING -     
[2026-08-09T18:09:15.896+0000] {logging_mixin.py:188} WARNING -   File "/home/airflow/.local/lib/python3.11/site-packages/airflow/utils/timeout.py", line 69, in handle_timeout
[2026-08-09T18:09:15.902+0000] {logging_mixin.py:188} WARNING -     raise AirflowTaskTimeout(self.error_message)
[2026-08-09T18:09:15.903+0000] {logging_mixin.py:188} WARNING - airflow.exceptions.AirflowTaskTimeout: DagBag import timeout for /opt/airflow/dags/forecast_logging_dag.py after 30.0s.
Please take a look at these docs to improve your DAG import time:
* https://airflow.apache.org/docs/apache-airflow/2.9.3/best-practices.html#top-level-python-code
* https://airflow.apache.org/docs/apache-airflow/2.9.3/best-practices.html#reducing-dag-complexity, PID: 3290
[2026-08-09T18:09:27.599+0000] {processor.py:840} INFO - DAG(s) 'forecast_logging' retrieved from /opt/airflow/dags/forecast_logging_dag.py
[2026-08-09T18:09:28.900+0000] {logging_mixin.py:188} INFO - [2026-08-09T18:09:28.899+0000] {dag.py:3089} INFO - Sync 1 DAGs
[2026-08-09T18:09:28.937+0000] {logging_mixin.py:188} INFO - [2026-08-09T18:09:28.936+0000] {dag.py:3947} INFO - Setting next_dagrun for forecast_logging to 2026-08-09 00:00:00+00:00, run_after=2026-08-10 00:00:00+00:00
[2026-08-09T18:09:28.999+0000] {processor.py:183} INFO - Processing /opt/airflow/dags/forecast_logging_dag.py took 43.804 seconds
[2026-08-09T18:09:59.501+0000] {processor.py:161} INFO - Started process (PID=3343) to work on /opt/airflow/dags/forecast_logging_dag.py
[2026-08-09T18:09:59.504+0000] {processor.py:830} INFO - Processing file /opt/airflow/dags/forecast_logging_dag.py for tasks to queue
[2026-08-09T18:09:59.506+0000] {logging_mixin.py:188} INFO - [2026-08-09T18:09:59.505+0000] {dagbag.py:545} INFO - Filling up the DagBag from /opt/airflow/dags/forecast_logging_dag.py
[2026-08-09T18:10:16.796+0000] {processor.py:840} INFO - DAG(s) 'forecast_logging' retrieved from /opt/airflow/dags/forecast_logging_dag.py
[2026-08-09T18:10:16.863+0000] {logging_mixin.py:188} INFO - [2026-08-09T18:10:16.862+0000] {dag.py:3089} INFO - Sync 1 DAGs
[2026-08-09T18:10:16.910+0000] {logging_mixin.py:188} INFO - [2026-08-09T18:10:16.910+0000] {dag.py:3947} INFO - Setting next_dagrun for forecast_logging to 2026-08-09 00:00:00+00:00, run_after=2026-08-10 00:00:00+00:00
[2026-08-09T18:10:16.951+0000] {processor.py:183} INFO - Processing /opt/airflow/dags/forecast_logging_dag.py took 17.468 seconds
[2026-08-09T18:10:47.720+0000] {processor.py:161} INFO - Started process (PID=3382) to work on /opt/airflow/dags/forecast_logging_dag.py
[2026-08-09T18:10:47.723+0000] {processor.py:830} INFO - Processing file /opt/airflow/dags/forecast_logging_dag.py for tasks to queue
[2026-08-09T18:10:47.725+0000] {logging_mixin.py:188} INFO - [2026-08-09T18:10:47.724+0000] {dagbag.py:545} INFO - Filling up the DagBag from /opt/airflow/dags/forecast_logging_dag.py
[2026-08-09T18:11:05.509+0000] {processor.py:840} INFO - DAG(s) 'forecast_logging' retrieved from /opt/airflow/dags/forecast_logging_dag.py
[2026-08-09T18:11:05.567+0000] {logging_mixin.py:188} INFO - [2026-08-09T18:11:05.566+0000] {dag.py:3089} INFO - Sync 1 DAGs
[2026-08-09T18:11:05.624+0000] {logging_mixin.py:188} INFO - [2026-08-09T18:11:05.624+0000] {dag.py:3947} INFO - Setting next_dagrun for forecast_logging to 2026-08-09 00:00:00+00:00, run_after=2026-08-10 00:00:00+00:00
[2026-08-09T18:11:05.665+0000] {processor.py:183} INFO - Processing /opt/airflow/dags/forecast_logging_dag.py took 18.781 seconds
[2026-08-09T18:11:36.554+0000] {processor.py:161} INFO - Started process (PID=3413) to work on /opt/airflow/dags/forecast_logging_dag.py
[2026-08-09T18:11:36.557+0000] {processor.py:830} INFO - Processing file /opt/airflow/dags/forecast_logging_dag.py for tasks to queue
[2026-08-09T18:11:36.560+0000] {logging_mixin.py:188} INFO - [2026-08-09T18:11:36.559+0000] {dagbag.py:545} INFO - Filling up the DagBag from /opt/airflow/dags/forecast_logging_dag.py
[2026-08-09T18:11:45.396+0000] {processor.py:840} INFO - DAG(s) 'forecast_logging' retrieved from /opt/airflow/dags/forecast_logging_dag.py
[2026-08-09T18:11:45.460+0000] {logging_mixin.py:188} INFO - [2026-08-09T18:11:45.459+0000] {dag.py:3089} INFO - Sync 1 DAGs
[2026-08-09T18:11:45.503+0000] {logging_mixin.py:188} INFO - [2026-08-09T18:11:45.503+0000] {dag.py:3947} INFO - Setting next_dagrun for forecast_logging to 2026-08-09 00:00:00+00:00, run_after=2026-08-10 00:00:00+00:00
[2026-08-09T18:11:45.538+0000] {processor.py:183} INFO - Processing /opt/airflow/dags/forecast_logging_dag.py took 9.009 seconds
[2026-08-09T18:12:16.178+0000] {processor.py:161} INFO - Started process (PID=3450) to work on /opt/airflow/dags/forecast_logging_dag.py
[2026-08-09T18:12:16.181+0000] {processor.py:830} INFO - Processing file /opt/airflow/dags/forecast_logging_dag.py for tasks to queue
[2026-08-09T18:12:16.184+0000] {logging_mixin.py:188} INFO - [2026-08-09T18:12:16.183+0000] {dagbag.py:545} INFO - Filling up the DagBag from /opt/airflow/dags/forecast_logging_dag.py
[2026-08-09T18:12:24.494+0000] {processor.py:840} INFO - DAG(s) 'forecast_logging' retrieved from /opt/airflow/dags/forecast_logging_dag.py
[2026-08-09T18:12:24.543+0000] {logging_mixin.py:188} INFO - [2026-08-09T18:12:24.542+0000] {dag.py:3089} INFO - Sync 1 DAGs
[2026-08-09T18:12:24.583+0000] {logging_mixin.py:188} INFO - [2026-08-09T18:12:24.582+0000] {dag.py:3947} INFO - Setting next_dagrun for forecast_logging to 2026-08-09 00:00:00+00:00, run_after=2026-08-10 00:00:00+00:00
[2026-08-09T18:12:24.624+0000] {processor.py:183} INFO - Processing /opt/airflow/dags/forecast_logging_dag.py took 8.694 seconds
[2026-08-09T18:12:55.147+0000] {processor.py:161} INFO - Started process (PID=3487) to work on /opt/airflow/dags/forecast_logging_dag.py
[2026-08-09T18:12:55.150+0000] {processor.py:830} INFO - Processing file /opt/airflow/dags/forecast_logging_dag.py for tasks to queue
[2026-08-09T18:12:55.152+0000] {logging_mixin.py:188} INFO - [2026-08-09T18:12:55.151+0000] {dagbag.py:545} INFO - Filling up the DagBag from /opt/airflow/dags/forecast_logging_dag.py
[2026-08-09T18:13:03.955+0000] {processor.py:840} INFO - DAG(s) 'forecast_logging' retrieved from /opt/airflow/dags/forecast_logging_dag.py
[2026-08-09T18:13:04.008+0000] {logging_mixin.py:188} INFO - [2026-08-09T18:13:04.007+0000] {dag.py:3089} INFO - Sync 1 DAGs
[2026-08-09T18:13:04.058+0000] {logging_mixin.py:188} INFO - [2026-08-09T18:13:04.057+0000] {dag.py:3947} INFO - Setting next_dagrun for forecast_logging to 2026-08-09 00:00:00+00:00, run_after=2026-08-10 00:00:00+00:00
[2026-08-09T18:13:04.134+0000] {processor.py:183} INFO - Processing /opt/airflow/dags/forecast_logging_dag.py took 9.007 seconds
[2026-08-09T18:13:35.208+0000] {processor.py:161} INFO - Started process (PID=3521) to work on /opt/airflow/dags/forecast_logging_dag.py
[2026-08-09T18:13:35.210+0000] {processor.py:830} INFO - Processing file /opt/airflow/dags/forecast_logging_dag.py for tasks to queue
[2026-08-09T18:13:35.213+0000] {logging_mixin.py:188} INFO - [2026-08-09T18:13:35.212+0000] {dagbag.py:545} INFO - Filling up the DagBag from /opt/airflow/dags/forecast_logging_dag.py
[2026-08-09T18:13:52.286+0000] {processor.py:840} INFO - DAG(s) 'forecast_logging' retrieved from /opt/airflow/dags/forecast_logging_dag.py
[2026-08-09T18:13:52.367+0000] {logging_mixin.py:188} INFO - [2026-08-09T18:13:52.366+0000] {dag.py:3089} INFO - Sync 1 DAGs
[2026-08-09T18:13:52.439+0000] {logging_mixin.py:188} INFO - [2026-08-09T18:13:52.438+0000] {dag.py:3947} INFO - Setting next_dagrun for forecast_logging to 2026-08-09 00:00:00+00:00, run_after=2026-08-10 00:00:00+00:00
[2026-08-09T18:13:52.491+0000] {processor.py:183} INFO - Processing /opt/airflow/dags/forecast_logging_dag.py took 17.574 seconds
[2026-08-09T18:14:23.828+0000] {processor.py:161} INFO - Started process (PID=3562) to work on /opt/airflow/dags/forecast_logging_dag.py
[2026-08-09T18:14:23.831+0000] {processor.py:830} INFO - Processing file /opt/airflow/dags/forecast_logging_dag.py for tasks to queue
[2026-08-09T18:14:23.857+0000] {logging_mixin.py:188} INFO - [2026-08-09T18:14:23.834+0000] {dagbag.py:545} INFO - Filling up the DagBag from /opt/airflow/dags/forecast_logging_dag.py
[2026-08-09T18:15:12.544+0000] {logging_mixin.py:188} INFO - [2026-08-09T18:15:12.540+0000] {timeout.py:68} ERROR - Process timed out, PID: 3562
[2026-08-09T18:15:12.545+0000] {logging_mixin.py:188} WARNING - Exception ignored in: <function WeakKeyDictionary.__init__.<locals>.remove at 0x736169268cc0>
[2026-08-09T18:15:12.546+0000] {logging_mixin.py:188} WARNING - Traceback (most recent call last):
[2026-08-09T18:15:12.547+0000] {logging_mixin.py:188} WARNING -   File "/usr/local/lib/python3.11/weakref.py", line 369, in remove
[2026-08-09T18:15:12.549+0000] {logging_mixin.py:188} WARNING -     def remove(k, selfref=ref(self)):
[2026-08-09T18:15:12.550+0000] {logging_mixin.py:188} WARNING -   File "/home/airflow/.local/lib/python3.11/site-packages/airflow/utils/timeout.py", line 69, in handle_timeout
[2026-08-09T18:15:12.551+0000] {logging_mixin.py:188} WARNING -     raise AirflowTaskTimeout(self.error_message)
[2026-08-09T18:15:12.552+0000] {logging_mixin.py:188} WARNING - airflow.exceptions.AirflowTaskTimeout: DagBag import timeout for /opt/airflow/dags/forecast_logging_dag.py after 30.0s.
Please take a look at these docs to improve your DAG import time:
* https://airflow.apache.org/docs/apache-airflow/2.9.3/best-practices.html#top-level-python-code
* https://airflow.apache.org/docs/apache-airflow/2.9.3/best-practices.html#reducing-dag-complexity, PID: 3562
[2026-08-09T18:15:43.930+0000] {processor.py:161} INFO - Started process (PID=3654) to work on /opt/airflow/dags/forecast_logging_dag.py
[2026-08-09T18:15:43.932+0000] {processor.py:830} INFO - Processing file /opt/airflow/dags/forecast_logging_dag.py for tasks to queue
[2026-08-09T18:15:43.935+0000] {logging_mixin.py:188} INFO - [2026-08-09T18:15:43.934+0000] {dagbag.py:545} INFO - Filling up the DagBag from /opt/airflow/dags/forecast_logging_dag.py
[2026-08-09T18:16:07.913+0000] {processor.py:840} INFO - DAG(s) 'forecast_logging' retrieved from /opt/airflow/dags/forecast_logging_dag.py
[2026-08-09T18:16:08.539+0000] {logging_mixin.py:188} INFO - [2026-08-09T18:16:08.538+0000] {dag.py:3089} INFO - Sync 1 DAGs
[2026-08-09T18:16:08.571+0000] {logging_mixin.py:188} INFO - [2026-08-09T18:16:08.570+0000] {dag.py:3947} INFO - Setting next_dagrun for forecast_logging to 2026-08-09 00:00:00+00:00, run_after=2026-08-10 00:00:00+00:00
[2026-08-09T18:16:08.630+0000] {processor.py:183} INFO - Processing /opt/airflow/dags/forecast_logging_dag.py took 24.827 seconds
[2026-08-09T18:16:39.132+0000] {processor.py:161} INFO - Started process (PID=3697) to work on /opt/airflow/dags/forecast_logging_dag.py
[2026-08-09T18:16:39.135+0000] {processor.py:830} INFO - Processing file /opt/airflow/dags/forecast_logging_dag.py for tasks to queue
[2026-08-09T18:16:39.138+0000] {logging_mixin.py:188} INFO - [2026-08-09T18:16:39.137+0000] {dagbag.py:545} INFO - Filling up the DagBag from /opt/airflow/dags/forecast_logging_dag.py
[2026-08-09T18:16:58.946+0000] {processor.py:840} INFO - DAG(s) 'forecast_logging' retrieved from /opt/airflow/dags/forecast_logging_dag.py
[2026-08-09T18:16:58.996+0000] {logging_mixin.py:188} INFO - [2026-08-09T18:16:58.995+0000] {dag.py:3089} INFO - Sync 1 DAGs
[2026-08-09T18:16:59.033+0000] {logging_mixin.py:188} INFO - [2026-08-09T18:16:59.033+0000] {dag.py:3947} INFO - Setting next_dagrun for forecast_logging to 2026-08-09 00:00:00+00:00, run_after=2026-08-10 00:00:00+00:00
[2026-08-09T18:16:59.070+0000] {processor.py:183} INFO - Processing /opt/airflow/dags/forecast_logging_dag.py took 20.059 seconds
[2026-08-09T18:17:30.125+0000] {processor.py:161} INFO - Started process (PID=3734) to work on /opt/airflow/dags/forecast_logging_dag.py
[2026-08-09T18:17:30.128+0000] {processor.py:830} INFO - Processing file /opt/airflow/dags/forecast_logging_dag.py for tasks to queue
[2026-08-09T18:17:30.131+0000] {logging_mixin.py:188} INFO - [2026-08-09T18:17:30.129+0000] {dagbag.py:545} INFO - Filling up the DagBag from /opt/airflow/dags/forecast_logging_dag.py
[2026-08-09T18:17:47.427+0000] {processor.py:840} INFO - DAG(s) 'forecast_logging' retrieved from /opt/airflow/dags/forecast_logging_dag.py
[2026-08-09T18:17:47.503+0000] {logging_mixin.py:188} INFO - [2026-08-09T18:17:47.502+0000] {dag.py:3089} INFO - Sync 1 DAGs
[2026-08-09T18:17:47.549+0000] {logging_mixin.py:188} INFO - [2026-08-09T18:17:47.549+0000] {dag.py:3947} INFO - Setting next_dagrun for forecast_logging to 2026-08-09 00:00:00+00:00, run_after=2026-08-10 00:00:00+00:00
[2026-08-09T18:17:47.586+0000] {processor.py:183} INFO - Processing /opt/airflow/dags/forecast_logging_dag.py took 17.913 seconds
[2026-08-09T18:18:18.292+0000] {processor.py:161} INFO - Started process (PID=3795) to work on /opt/airflow/dags/forecast_logging_dag.py
[2026-08-09T18:18:18.295+0000] {processor.py:830} INFO - Processing file /opt/airflow/dags/forecast_logging_dag.py for tasks to queue
[2026-08-09T18:18:18.297+0000] {logging_mixin.py:188} INFO - [2026-08-09T18:18:18.296+0000] {dagbag.py:545} INFO - Filling up the DagBag from /opt/airflow/dags/forecast_logging_dag.py
[2026-08-09T18:18:32.987+0000] {processor.py:840} INFO - DAG(s) 'forecast_logging' retrieved from /opt/airflow/dags/forecast_logging_dag.py
[2026-08-09T18:18:33.043+0000] {logging_mixin.py:188} INFO - [2026-08-09T18:18:33.042+0000] {dag.py:3089} INFO - Sync 1 DAGs
[2026-08-09T18:18:33.092+0000] {logging_mixin.py:188} INFO - [2026-08-09T18:18:33.091+0000] {dag.py:3947} INFO - Setting next_dagrun for forecast_logging to 2026-08-09 00:00:00+00:00, run_after=2026-08-10 00:00:00+00:00
[2026-08-09T18:18:33.125+0000] {processor.py:183} INFO - Processing /opt/airflow/dags/forecast_logging_dag.py took 14.852 seconds
[2026-08-09T18:19:04.311+0000] {processor.py:161} INFO - Started process (PID=3826) to work on /opt/airflow/dags/forecast_logging_dag.py
[2026-08-09T18:19:04.313+0000] {processor.py:830} INFO - Processing file /opt/airflow/dags/forecast_logging_dag.py for tasks to queue
[2026-08-09T18:19:04.316+0000] {logging_mixin.py:188} INFO - [2026-08-09T18:19:04.315+0000] {dagbag.py:545} INFO - Filling up the DagBag from /opt/airflow/dags/forecast_logging_dag.py
[2026-08-09T18:19:13.161+0000] {processor.py:840} INFO - DAG(s) 'forecast_logging' retrieved from /opt/airflow/dags/forecast_logging_dag.py
[2026-08-09T18:19:13.209+0000] {logging_mixin.py:188} INFO - [2026-08-09T18:19:13.208+0000] {dag.py:3089} INFO - Sync 1 DAGs
[2026-08-09T18:19:13.259+0000] {logging_mixin.py:188} INFO - [2026-08-09T18:19:13.258+0000] {dag.py:3947} INFO - Setting next_dagrun for forecast_logging to 2026-08-09 00:00:00+00:00, run_after=2026-08-10 00:00:00+00:00
[2026-08-09T18:19:13.297+0000] {processor.py:183} INFO - Processing /opt/airflow/dags/forecast_logging_dag.py took 9.009 seconds
[2026-08-09T18:19:43.915+0000] {processor.py:161} INFO - Started process (PID=3863) to work on /opt/airflow/dags/forecast_logging_dag.py
[2026-08-09T18:19:43.917+0000] {processor.py:830} INFO - Processing file /opt/airflow/dags/forecast_logging_dag.py for tasks to queue
[2026-08-09T18:19:43.920+0000] {logging_mixin.py:188} INFO - [2026-08-09T18:19:43.919+0000] {dagbag.py:545} INFO - Filling up the DagBag from /opt/airflow/dags/forecast_logging_dag.py
[2026-08-09T18:19:52.161+0000] {processor.py:840} INFO - DAG(s) 'forecast_logging' retrieved from /opt/airflow/dags/forecast_logging_dag.py
[2026-08-09T18:19:52.204+0000] {logging_mixin.py:188} INFO - [2026-08-09T18:19:52.203+0000] {dag.py:3089} INFO - Sync 1 DAGs
[2026-08-09T18:19:52.238+0000] {logging_mixin.py:188} INFO - [2026-08-09T18:19:52.238+0000] {dag.py:3947} INFO - Setting next_dagrun for forecast_logging to 2026-08-09 00:00:00+00:00, run_after=2026-08-10 00:00:00+00:00
[2026-08-09T18:19:52.273+0000] {processor.py:183} INFO - Processing /opt/airflow/dags/forecast_logging_dag.py took 8.410 seconds
[2026-08-09T18:20:22.671+0000] {processor.py:161} INFO - Started process (PID=3900) to work on /opt/airflow/dags/forecast_logging_dag.py
[2026-08-09T18:20:22.674+0000] {processor.py:830} INFO - Processing file /opt/airflow/dags/forecast_logging_dag.py for tasks to queue
[2026-08-09T18:20:22.677+0000] {logging_mixin.py:188} INFO - [2026-08-09T18:20:22.675+0000] {dagbag.py:545} INFO - Filling up the DagBag from /opt/airflow/dags/forecast_logging_dag.py
[2026-08-09T18:20:30.599+0000] {processor.py:840} INFO - DAG(s) 'forecast_logging' retrieved from /opt/airflow/dags/forecast_logging_dag.py
[2026-08-09T18:20:30.654+0000] {logging_mixin.py:188} INFO - [2026-08-09T18:20:30.653+0000] {dag.py:3089} INFO - Sync 1 DAGs
[2026-08-09T18:20:30.695+0000] {logging_mixin.py:188} INFO - [2026-08-09T18:20:30.694+0000] {dag.py:3947} INFO - Setting next_dagrun for forecast_logging to 2026-08-09 00:00:00+00:00, run_after=2026-08-10 00:00:00+00:00
[2026-08-09T18:20:30.733+0000] {processor.py:183} INFO - Processing /opt/airflow/dags/forecast_logging_dag.py took 8.651 seconds
[2026-08-09T18:21:01.641+0000] {processor.py:161} INFO - Started process (PID=3931) to work on /opt/airflow/dags/forecast_logging_dag.py
[2026-08-09T18:21:01.644+0000] {processor.py:830} INFO - Processing file /opt/airflow/dags/forecast_logging_dag.py for tasks to queue
[2026-08-09T18:21:01.647+0000] {logging_mixin.py:188} INFO - [2026-08-09T18:21:01.646+0000] {dagbag.py:545} INFO - Filling up the DagBag from /opt/airflow/dags/forecast_logging_dag.py
[2026-08-09T18:21:10.488+0000] {processor.py:840} INFO - DAG(s) 'forecast_logging' retrieved from /opt/airflow/dags/forecast_logging_dag.py
[2026-08-09T18:21:10.535+0000] {logging_mixin.py:188} INFO - [2026-08-09T18:21:10.534+0000] {dag.py:3089} INFO - Sync 1 DAGs
[2026-08-09T18:21:10.577+0000] {logging_mixin.py:188} INFO - [2026-08-09T18:21:10.577+0000] {dag.py:3947} INFO - Setting next_dagrun for forecast_logging to 2026-08-09 00:00:00+00:00, run_after=2026-08-10 00:00:00+00:00
[2026-08-09T18:21:10.613+0000] {processor.py:183} INFO - Processing /opt/airflow/dags/forecast_logging_dag.py took 8.992 seconds
[2026-08-09T18:21:41.827+0000] {processor.py:161} INFO - Started process (PID=3962) to work on /opt/airflow/dags/forecast_logging_dag.py
[2026-08-09T18:21:41.830+0000] {processor.py:830} INFO - Processing file /opt/airflow/dags/forecast_logging_dag.py for tasks to queue
[2026-08-09T18:21:41.833+0000] {logging_mixin.py:188} INFO - [2026-08-09T18:21:41.832+0000] {dagbag.py:545} INFO - Filling up the DagBag from /opt/airflow/dags/forecast_logging_dag.py
[2026-08-09T18:21:50.334+0000] {processor.py:840} INFO - DAG(s) 'forecast_logging' retrieved from /opt/airflow/dags/forecast_logging_dag.py
[2026-08-09T18:21:50.383+0000] {logging_mixin.py:188} INFO - [2026-08-09T18:21:50.383+0000] {dag.py:3089} INFO - Sync 1 DAGs
[2026-08-09T18:21:50.421+0000] {logging_mixin.py:188} INFO - [2026-08-09T18:21:50.421+0000] {dag.py:3947} INFO - Setting next_dagrun for forecast_logging to 2026-08-09 00:00:00+00:00, run_after=2026-08-10 00:00:00+00:00
[2026-08-09T18:21:50.456+0000] {processor.py:183} INFO - Processing /opt/airflow/dags/forecast_logging_dag.py took 8.576 seconds
[2026-08-09T18:22:21.379+0000] {processor.py:161} INFO - Started process (PID=3993) to work on /opt/airflow/dags/forecast_logging_dag.py
[2026-08-09T18:22:21.381+0000] {processor.py:830} INFO - Processing file /opt/airflow/dags/forecast_logging_dag.py for tasks to queue
[2026-08-09T18:22:21.384+0000] {logging_mixin.py:188} INFO - [2026-08-09T18:22:21.383+0000] {dagbag.py:545} INFO - Filling up the DagBag from /opt/airflow/dags/forecast_logging_dag.py
[2026-08-09T18:22:30.674+0000] {processor.py:840} INFO - DAG(s) 'forecast_logging' retrieved from /opt/airflow/dags/forecast_logging_dag.py
[2026-08-09T18:22:30.722+0000] {logging_mixin.py:188} INFO - [2026-08-09T18:22:30.721+0000] {dag.py:3089} INFO - Sync 1 DAGs
[2026-08-09T18:22:30.759+0000] {logging_mixin.py:188} INFO - [2026-08-09T18:22:30.759+0000] {dag.py:3947} INFO - Setting next_dagrun for forecast_logging to 2026-08-09 00:00:00+00:00, run_after=2026-08-10 00:00:00+00:00
[2026-08-09T18:22:30.796+0000] {processor.py:183} INFO - Processing /opt/airflow/dags/forecast_logging_dag.py took 9.440 seconds
[2026-08-09T18:23:01.207+0000] {processor.py:161} INFO - Started process (PID=4034) to work on /opt/airflow/dags/forecast_logging_dag.py
[2026-08-09T18:23:01.210+0000] {processor.py:830} INFO - Processing file /opt/airflow/dags/forecast_logging_dag.py for tasks to queue
[2026-08-09T18:23:01.212+0000] {logging_mixin.py:188} INFO - [2026-08-09T18:23:01.212+0000] {dagbag.py:545} INFO - Filling up the DagBag from /opt/airflow/dags/forecast_logging_dag.py
[2026-08-09T18:23:09.409+0000] {processor.py:840} INFO - DAG(s) 'forecast_logging' retrieved from /opt/airflow/dags/forecast_logging_dag.py
[2026-08-09T18:23:09.455+0000] {logging_mixin.py:188} INFO - [2026-08-09T18:23:09.455+0000] {dag.py:3089} INFO - Sync 1 DAGs
[2026-08-09T18:23:09.494+0000] {logging_mixin.py:188} INFO - [2026-08-09T18:23:09.494+0000] {dag.py:3947} INFO - Setting next_dagrun for forecast_logging to 2026-08-09 00:00:00+00:00, run_after=2026-08-10 00:00:00+00:00
[2026-08-09T18:23:09.531+0000] {processor.py:183} INFO - Processing /opt/airflow/dags/forecast_logging_dag.py took 8.345 seconds
[2026-08-09T18:23:40.012+0000] {processor.py:161} INFO - Started process (PID=4067) to work on /opt/airflow/dags/forecast_logging_dag.py
[2026-08-09T18:23:40.014+0000] {processor.py:830} INFO - Processing file /opt/airflow/dags/forecast_logging_dag.py for tasks to queue
[2026-08-09T18:23:40.017+0000] {logging_mixin.py:188} INFO - [2026-08-09T18:23:40.016+0000] {dagbag.py:545} INFO - Filling up the DagBag from /opt/airflow/dags/forecast_logging_dag.py
[2026-08-09T18:23:48.902+0000] {processor.py:840} INFO - DAG(s) 'forecast_logging' retrieved from /opt/airflow/dags/forecast_logging_dag.py
[2026-08-09T18:23:48.949+0000] {logging_mixin.py:188} INFO - [2026-08-09T18:23:48.948+0000] {dag.py:3089} INFO - Sync 1 DAGs
[2026-08-09T18:23:48.986+0000] {logging_mixin.py:188} INFO - [2026-08-09T18:23:48.986+0000] {dag.py:3947} INFO - Setting next_dagrun for forecast_logging to 2026-08-09 00:00:00+00:00, run_after=2026-08-10 00:00:00+00:00
[2026-08-09T18:23:49.020+0000] {processor.py:183} INFO - Processing /opt/airflow/dags/forecast_logging_dag.py took 8.647 seconds
[2026-08-09T18:24:19.427+0000] {processor.py:161} INFO - Started process (PID=4098) to work on /opt/airflow/dags/forecast_logging_dag.py
[2026-08-09T18:24:19.429+0000] {processor.py:830} INFO - Processing file /opt/airflow/dags/forecast_logging_dag.py for tasks to queue
[2026-08-09T18:24:19.432+0000] {logging_mixin.py:188} INFO - [2026-08-09T18:24:19.431+0000] {dagbag.py:545} INFO - Filling up the DagBag from /opt/airflow/dags/forecast_logging_dag.py
[2026-08-09T18:24:28.235+0000] {processor.py:840} INFO - DAG(s) 'forecast_logging' retrieved from /opt/airflow/dags/forecast_logging_dag.py
[2026-08-09T18:24:28.285+0000] {logging_mixin.py:188} INFO - [2026-08-09T18:24:28.285+0000] {dag.py:3089} INFO - Sync 1 DAGs
[2026-08-09T18:24:28.322+0000] {logging_mixin.py:188} INFO - [2026-08-09T18:24:28.322+0000] {dag.py:3947} INFO - Setting next_dagrun for forecast_logging to 2026-08-09 00:00:00+00:00, run_after=2026-08-10 00:00:00+00:00
[2026-08-09T18:24:28.358+0000] {processor.py:183} INFO - Processing /opt/airflow/dags/forecast_logging_dag.py took 8.953 seconds
[2026-08-09T18:24:58.947+0000] {processor.py:161} INFO - Started process (PID=4129) to work on /opt/airflow/dags/forecast_logging_dag.py
[2026-08-09T18:24:58.949+0000] {processor.py:830} INFO - Processing file /opt/airflow/dags/forecast_logging_dag.py for tasks to queue
[2026-08-09T18:24:58.951+0000] {logging_mixin.py:188} INFO - [2026-08-09T18:24:58.950+0000] {dagbag.py:545} INFO - Filling up the DagBag from /opt/airflow/dags/forecast_logging_dag.py
[2026-08-09T18:25:06.891+0000] {processor.py:840} INFO - DAG(s) 'forecast_logging' retrieved from /opt/airflow/dags/forecast_logging_dag.py
[2026-08-09T18:25:06.941+0000] {logging_mixin.py:188} INFO - [2026-08-09T18:25:06.940+0000] {dag.py:3089} INFO - Sync 1 DAGs
[2026-08-09T18:25:06.979+0000] {logging_mixin.py:188} INFO - [2026-08-09T18:25:06.979+0000] {dag.py:3947} INFO - Setting next_dagrun for forecast_logging to 2026-08-09 00:00:00+00:00, run_after=2026-08-10 00:00:00+00:00
[2026-08-09T18:25:07.330+0000] {processor.py:183} INFO - Processing /opt/airflow/dags/forecast_logging_dag.py took 8.399 seconds
[2026-08-09T18:25:38.125+0000] {processor.py:161} INFO - Started process (PID=4164) to work on /opt/airflow/dags/forecast_logging_dag.py
[2026-08-09T18:25:38.128+0000] {processor.py:830} INFO - Processing file /opt/airflow/dags/forecast_logging_dag.py for tasks to queue
[2026-08-09T18:25:38.131+0000] {logging_mixin.py:188} INFO - [2026-08-09T18:25:38.130+0000] {dagbag.py:545} INFO - Filling up the DagBag from /opt/airflow/dags/forecast_logging_dag.py
[2026-08-09T18:25:46.853+0000] {processor.py:840} INFO - DAG(s) 'forecast_logging' retrieved from /opt/airflow/dags/forecast_logging_dag.py
[2026-08-09T18:25:46.900+0000] {logging_mixin.py:188} INFO - [2026-08-09T18:25:46.899+0000] {dag.py:3089} INFO - Sync 1 DAGs
[2026-08-09T18:25:46.936+0000] {logging_mixin.py:188} INFO - [2026-08-09T18:25:46.936+0000] {dag.py:3947} INFO - Setting next_dagrun for forecast_logging to 2026-08-09 00:00:00+00:00, run_after=2026-08-10 00:00:00+00:00
[2026-08-09T18:25:46.972+0000] {processor.py:183} INFO - Processing /opt/airflow/dags/forecast_logging_dag.py took 8.608 seconds
[2026-08-09T18:26:17.563+0000] {processor.py:161} INFO - Started process (PID=4203) to work on /opt/airflow/dags/forecast_logging_dag.py
[2026-08-09T18:26:17.566+0000] {processor.py:830} INFO - Processing file /opt/airflow/dags/forecast_logging_dag.py for tasks to queue
[2026-08-09T18:26:17.568+0000] {logging_mixin.py:188} INFO - [2026-08-09T18:26:17.567+0000] {dagbag.py:545} INFO - Filling up the DagBag from /opt/airflow/dags/forecast_logging_dag.py
[2026-08-09T18:26:25.612+0000] {processor.py:840} INFO - DAG(s) 'forecast_logging' retrieved from /opt/airflow/dags/forecast_logging_dag.py
[2026-08-09T18:26:25.664+0000] {logging_mixin.py:188} INFO - [2026-08-09T18:26:25.663+0000] {dag.py:3089} INFO - Sync 1 DAGs
[2026-08-09T18:26:25.710+0000] {logging_mixin.py:188} INFO - [2026-08-09T18:26:25.710+0000] {dag.py:3947} INFO - Setting next_dagrun for forecast_logging to 2026-08-09 00:00:00+00:00, run_after=2026-08-10 00:00:00+00:00
[2026-08-09T18:26:25.751+0000] {processor.py:183} INFO - Processing /opt/airflow/dags/forecast_logging_dag.py took 8.207 seconds
[2026-08-09T18:26:56.755+0000] {processor.py:161} INFO - Started process (PID=4234) to work on /opt/airflow/dags/forecast_logging_dag.py
[2026-08-09T18:26:56.757+0000] {processor.py:830} INFO - Processing file /opt/airflow/dags/forecast_logging_dag.py for tasks to queue
[2026-08-09T18:26:56.760+0000] {logging_mixin.py:188} INFO - [2026-08-09T18:26:56.759+0000] {dagbag.py:545} INFO - Filling up the DagBag from /opt/airflow/dags/forecast_logging_dag.py
[2026-08-09T18:27:05.290+0000] {processor.py:840} INFO - DAG(s) 'forecast_logging' retrieved from /opt/airflow/dags/forecast_logging_dag.py
[2026-08-09T18:27:05.336+0000] {logging_mixin.py:188} INFO - [2026-08-09T18:27:05.335+0000] {dag.py:3089} INFO - Sync 1 DAGs
[2026-08-09T18:27:05.372+0000] {logging_mixin.py:188} INFO - [2026-08-09T18:27:05.371+0000] {dag.py:3947} INFO - Setting next_dagrun for forecast_logging to 2026-08-09 00:00:00+00:00, run_after=2026-08-10 00:00:00+00:00
[2026-08-09T18:27:05.404+0000] {processor.py:183} INFO - Processing /opt/airflow/dags/forecast_logging_dag.py took 8.667 seconds
[2026-08-09T18:27:35.962+0000] {processor.py:161} INFO - Started process (PID=4265) to work on /opt/airflow/dags/forecast_logging_dag.py
[2026-08-09T18:27:35.965+0000] {processor.py:830} INFO - Processing file /opt/airflow/dags/forecast_logging_dag.py for tasks to queue
[2026-08-09T18:27:35.967+0000] {logging_mixin.py:188} INFO - [2026-08-09T18:27:35.966+0000] {dagbag.py:545} INFO - Filling up the DagBag from /opt/airflow/dags/forecast_logging_dag.py
[2026-08-09T18:27:43.684+0000] {processor.py:840} INFO - DAG(s) 'forecast_logging' retrieved from /opt/airflow/dags/forecast_logging_dag.py
[2026-08-09T18:27:43.737+0000] {logging_mixin.py:188} INFO - [2026-08-09T18:27:43.736+0000] {dag.py:3089} INFO - Sync 1 DAGs
[2026-08-09T18:27:43.784+0000] {logging_mixin.py:188} INFO - [2026-08-09T18:27:43.783+0000] {dag.py:3947} INFO - Setting next_dagrun for forecast_logging to 2026-08-09 00:00:00+00:00, run_after=2026-08-10 00:00:00+00:00
[2026-08-09T18:27:43.825+0000] {processor.py:183} INFO - Processing /opt/airflow/dags/forecast_logging_dag.py took 8.438 seconds
[2026-08-09T18:28:14.556+0000] {processor.py:161} INFO - Started process (PID=4296) to work on /opt/airflow/dags/forecast_logging_dag.py
[2026-08-09T18:28:14.559+0000] {processor.py:830} INFO - Processing file /opt/airflow/dags/forecast_logging_dag.py for tasks to queue
[2026-08-09T18:28:14.561+0000] {logging_mixin.py:188} INFO - [2026-08-09T18:28:14.560+0000] {dagbag.py:545} INFO - Filling up the DagBag from /opt/airflow/dags/forecast_logging_dag.py
[2026-08-09T18:28:23.433+0000] {processor.py:840} INFO - DAG(s) 'forecast_logging' retrieved from /opt/airflow/dags/forecast_logging_dag.py
[2026-08-09T18:28:23.482+0000] {logging_mixin.py:188} INFO - [2026-08-09T18:28:23.481+0000] {dag.py:3089} INFO - Sync 1 DAGs
[2026-08-09T18:28:23.519+0000] {logging_mixin.py:188} INFO - [2026-08-09T18:28:23.518+0000] {dag.py:3947} INFO - Setting next_dagrun for forecast_logging to 2026-08-09 00:00:00+00:00, run_after=2026-08-10 00:00:00+00:00
[2026-08-09T18:28:23.555+0000] {processor.py:183} INFO - Processing /opt/airflow/dags/forecast_logging_dag.py took 9.021 seconds
[2026-08-09T18:28:53.897+0000] {processor.py:161} INFO - Started process (PID=4333) to work on /opt/airflow/dags/forecast_logging_dag.py
[2026-08-09T18:28:53.900+0000] {processor.py:830} INFO - Processing file /opt/airflow/dags/forecast_logging_dag.py for tasks to queue
[2026-08-09T18:28:53.903+0000] {logging_mixin.py:188} INFO - [2026-08-09T18:28:53.902+0000] {dagbag.py:545} INFO - Filling up the DagBag from /opt/airflow/dags/forecast_logging_dag.py
[2026-08-09T18:29:02.407+0000] {processor.py:840} INFO - DAG(s) 'forecast_logging' retrieved from /opt/airflow/dags/forecast_logging_dag.py
[2026-08-09T18:29:02.456+0000] {logging_mixin.py:188} INFO - [2026-08-09T18:29:02.455+0000] {dag.py:3089} INFO - Sync 1 DAGs
[2026-08-09T18:29:02.497+0000] {logging_mixin.py:188} INFO - [2026-08-09T18:29:02.497+0000] {dag.py:3947} INFO - Setting next_dagrun for forecast_logging to 2026-08-09 00:00:00+00:00, run_after=2026-08-10 00:00:00+00:00
[2026-08-09T18:29:02.535+0000] {processor.py:183} INFO - Processing /opt/airflow/dags/forecast_logging_dag.py took 8.655 seconds
[2026-08-09T18:29:33.676+0000] {processor.py:161} INFO - Started process (PID=4370) to work on /opt/airflow/dags/forecast_logging_dag.py
[2026-08-09T18:29:33.678+0000] {processor.py:830} INFO - Processing file /opt/airflow/dags/forecast_logging_dag.py for tasks to queue
[2026-08-09T18:29:33.680+0000] {logging_mixin.py:188} INFO - [2026-08-09T18:29:33.679+0000] {dagbag.py:545} INFO - Filling up the DagBag from /opt/airflow/dags/forecast_logging_dag.py
[2026-08-09T18:29:41.281+0000] {processor.py:840} INFO - DAG(s) 'forecast_logging' retrieved from /opt/airflow/dags/forecast_logging_dag.py
[2026-08-09T18:29:41.333+0000] {logging_mixin.py:188} INFO - [2026-08-09T18:29:41.332+0000] {dag.py:3089} INFO - Sync 1 DAGs
[2026-08-09T18:29:41.382+0000] {logging_mixin.py:188} INFO - [2026-08-09T18:29:41.381+0000] {dag.py:3947} INFO - Setting next_dagrun for forecast_logging to 2026-08-09 00:00:00+00:00, run_after=2026-08-10 00:00:00+00:00
[2026-08-09T18:29:41.420+0000] {processor.py:183} INFO - Processing /opt/airflow/dags/forecast_logging_dag.py took 8.395 seconds
[2026-08-09T18:30:12.130+0000] {processor.py:161} INFO - Started process (PID=4401) to work on /opt/airflow/dags/forecast_logging_dag.py
[2026-08-09T18:30:12.133+0000] {processor.py:830} INFO - Processing file /opt/airflow/dags/forecast_logging_dag.py for tasks to queue
[2026-08-09T18:30:12.135+0000] {logging_mixin.py:188} INFO - [2026-08-09T18:30:12.134+0000] {dagbag.py:545} INFO - Filling up the DagBag from /opt/airflow/dags/forecast_logging_dag.py
[2026-08-09T18:30:21.192+0000] {processor.py:840} INFO - DAG(s) 'forecast_logging' retrieved from /opt/airflow/dags/forecast_logging_dag.py
[2026-08-09T18:30:21.257+0000] {logging_mixin.py:188} INFO - [2026-08-09T18:30:21.256+0000] {dag.py:3089} INFO - Sync 1 DAGs
[2026-08-09T18:30:21.305+0000] {logging_mixin.py:188} INFO - [2026-08-09T18:30:21.305+0000] {dag.py:3947} INFO - Setting next_dagrun for forecast_logging to 2026-08-09 00:00:00+00:00, run_after=2026-08-10 00:00:00+00:00
[2026-08-09T18:30:21.351+0000] {processor.py:183} INFO - Processing /opt/airflow/dags/forecast_logging_dag.py took 9.246 seconds
[2026-08-09T18:30:52.227+0000] {processor.py:161} INFO - Started process (PID=4432) to work on /opt/airflow/dags/forecast_logging_dag.py
[2026-08-09T18:30:52.229+0000] {processor.py:830} INFO - Processing file /opt/airflow/dags/forecast_logging_dag.py for tasks to queue
[2026-08-09T18:30:52.231+0000] {logging_mixin.py:188} INFO - [2026-08-09T18:30:52.231+0000] {dagbag.py:545} INFO - Filling up the DagBag from /opt/airflow/dags/forecast_logging_dag.py
[2026-08-09T18:31:00.994+0000] {processor.py:840} INFO - DAG(s) 'forecast_logging' retrieved from /opt/airflow/dags/forecast_logging_dag.py
[2026-08-09T18:31:01.047+0000] {logging_mixin.py:188} INFO - [2026-08-09T18:31:01.046+0000] {dag.py:3089} INFO - Sync 1 DAGs
[2026-08-09T18:31:01.098+0000] {logging_mixin.py:188} INFO - [2026-08-09T18:31:01.098+0000] {dag.py:3947} INFO - Setting next_dagrun for forecast_logging to 2026-08-09 00:00:00+00:00, run_after=2026-08-10 00:00:00+00:00
[2026-08-09T18:31:01.143+0000] {processor.py:183} INFO - Processing /opt/airflow/dags/forecast_logging_dag.py took 8.934 seconds
[2026-08-09T18:31:31.639+0000] {processor.py:161} INFO - Started process (PID=4463) to work on /opt/airflow/dags/forecast_logging_dag.py
[2026-08-09T18:31:31.642+0000] {processor.py:830} INFO - Processing file /opt/airflow/dags/forecast_logging_dag.py for tasks to queue
[2026-08-09T18:31:31.645+0000] {logging_mixin.py:188} INFO - [2026-08-09T18:31:31.644+0000] {dagbag.py:545} INFO - Filling up the DagBag from /opt/airflow/dags/forecast_logging_dag.py
[2026-08-09T18:31:39.651+0000] {processor.py:840} INFO - DAG(s) 'forecast_logging' retrieved from /opt/airflow/dags/forecast_logging_dag.py
[2026-08-09T18:31:39.708+0000] {logging_mixin.py:188} INFO - [2026-08-09T18:31:39.707+0000] {dag.py:3089} INFO - Sync 1 DAGs
[2026-08-09T18:31:39.751+0000] {logging_mixin.py:188} INFO - [2026-08-09T18:31:39.751+0000] {dag.py:3947} INFO - Setting next_dagrun for forecast_logging to 2026-08-09 00:00:00+00:00, run_after=2026-08-10 00:00:00+00:00
[2026-08-09T18:31:39.791+0000] {processor.py:183} INFO - Processing /opt/airflow/dags/forecast_logging_dag.py took 8.777 seconds
[2026-08-09T18:32:10.276+0000] {processor.py:161} INFO - Started process (PID=4500) to work on /opt/airflow/dags/forecast_logging_dag.py
[2026-08-09T18:32:10.278+0000] {processor.py:830} INFO - Processing file /opt/airflow/dags/forecast_logging_dag.py for tasks to queue
[2026-08-09T18:32:10.281+0000] {logging_mixin.py:188} INFO - [2026-08-09T18:32:10.280+0000] {dagbag.py:545} INFO - Filling up the DagBag from /opt/airflow/dags/forecast_logging_dag.py
[2026-08-09T18:32:19.007+0000] {processor.py:840} INFO - DAG(s) 'forecast_logging' retrieved from /opt/airflow/dags/forecast_logging_dag.py
[2026-08-09T18:32:19.063+0000] {logging_mixin.py:188} INFO - [2026-08-09T18:32:19.063+0000] {dag.py:3089} INFO - Sync 1 DAGs
[2026-08-09T18:32:19.105+0000] {logging_mixin.py:188} INFO - [2026-08-09T18:32:19.105+0000] {dag.py:3947} INFO - Setting next_dagrun for forecast_logging to 2026-08-09 00:00:00+00:00, run_after=2026-08-10 00:00:00+00:00
[2026-08-09T18:32:19.141+0000] {processor.py:183} INFO - Processing /opt/airflow/dags/forecast_logging_dag.py took 8.885 seconds
[2026-08-09T18:32:49.965+0000] {processor.py:161} INFO - Started process (PID=4537) to work on /opt/airflow/dags/forecast_logging_dag.py
[2026-08-09T18:32:49.968+0000] {processor.py:830} INFO - Processing file /opt/airflow/dags/forecast_logging_dag.py for tasks to queue
[2026-08-09T18:32:49.970+0000] {logging_mixin.py:188} INFO - [2026-08-09T18:32:49.969+0000] {dagbag.py:545} INFO - Filling up the DagBag from /opt/airflow/dags/forecast_logging_dag.py
[2026-08-09T18:32:58.488+0000] {processor.py:840} INFO - DAG(s) 'forecast_logging' retrieved from /opt/airflow/dags/forecast_logging_dag.py
[2026-08-09T18:32:58.550+0000] {logging_mixin.py:188} INFO - [2026-08-09T18:32:58.549+0000] {dag.py:3089} INFO - Sync 1 DAGs
[2026-08-09T18:32:58.593+0000] {logging_mixin.py:188} INFO - [2026-08-09T18:32:58.592+0000] {dag.py:3947} INFO - Setting next_dagrun for forecast_logging to 2026-08-09 00:00:00+00:00, run_after=2026-08-10 00:00:00+00:00
[2026-08-09T18:32:58.633+0000] {processor.py:183} INFO - Processing /opt/airflow/dags/forecast_logging_dag.py took 8.687 seconds
[2026-08-09T18:33:29.023+0000] {processor.py:161} INFO - Started process (PID=4568) to work on /opt/airflow/dags/forecast_logging_dag.py
[2026-08-09T18:33:29.026+0000] {processor.py:830} INFO - Processing file /opt/airflow/dags/forecast_logging_dag.py for tasks to queue
[2026-08-09T18:33:29.029+0000] {logging_mixin.py:188} INFO - [2026-08-09T18:33:29.028+0000] {dagbag.py:545} INFO - Filling up the DagBag from /opt/airflow/dags/forecast_logging_dag.py
[2026-08-09T18:33:38.060+0000] {processor.py:840} INFO - DAG(s) 'forecast_logging' retrieved from /opt/airflow/dags/forecast_logging_dag.py
[2026-08-09T18:33:38.110+0000] {logging_mixin.py:188} INFO - [2026-08-09T18:33:38.109+0000] {dag.py:3089} INFO - Sync 1 DAGs
[2026-08-09T18:33:38.151+0000] {logging_mixin.py:188} INFO - [2026-08-09T18:33:38.150+0000] {dag.py:3947} INFO - Setting next_dagrun for forecast_logging to 2026-08-09 00:00:00+00:00, run_after=2026-08-10 00:00:00+00:00
[2026-08-09T18:33:38.187+0000] {processor.py:183} INFO - Processing /opt/airflow/dags/forecast_logging_dag.py took 9.307 seconds
[2026-08-09T18:34:08.712+0000] {processor.py:161} INFO - Started process (PID=4599) to work on /opt/airflow/dags/forecast_logging_dag.py
[2026-08-09T18:34:08.714+0000] {processor.py:830} INFO - Processing file /opt/airflow/dags/forecast_logging_dag.py for tasks to queue
[2026-08-09T18:34:08.716+0000] {logging_mixin.py:188} INFO - [2026-08-09T18:34:08.715+0000] {dagbag.py:545} INFO - Filling up the DagBag from /opt/airflow/dags/forecast_logging_dag.py
[2026-08-09T18:34:17.379+0000] {processor.py:840} INFO - DAG(s) 'forecast_logging' retrieved from /opt/airflow/dags/forecast_logging_dag.py
[2026-08-09T18:34:17.427+0000] {logging_mixin.py:188} INFO - [2026-08-09T18:34:17.426+0000] {dag.py:3089} INFO - Sync 1 DAGs
[2026-08-09T18:34:17.464+0000] {logging_mixin.py:188} INFO - [2026-08-09T18:34:17.464+0000] {dag.py:3947} INFO - Setting next_dagrun for forecast_logging to 2026-08-09 00:00:00+00:00, run_after=2026-08-10 00:00:00+00:00
[2026-08-09T18:34:17.498+0000] {processor.py:183} INFO - Processing /opt/airflow/dags/forecast_logging_dag.py took 8.806 seconds
[2026-08-09T18:34:48.417+0000] {processor.py:161} INFO - Started process (PID=4630) to work on /opt/airflow/dags/forecast_logging_dag.py
[2026-08-09T18:34:48.420+0000] {processor.py:830} INFO - Processing file /opt/airflow/dags/forecast_logging_dag.py for tasks to queue
[2026-08-09T18:34:48.422+0000] {logging_mixin.py:188} INFO - [2026-08-09T18:34:48.421+0000] {dagbag.py:545} INFO - Filling up the DagBag from /opt/airflow/dags/forecast_logging_dag.py
[2026-08-09T18:34:57.446+0000] {processor.py:840} INFO - DAG(s) 'forecast_logging' retrieved from /opt/airflow/dags/forecast_logging_dag.py
[2026-08-09T18:34:57.490+0000] {logging_mixin.py:188} INFO - [2026-08-09T18:34:57.489+0000] {dag.py:3089} INFO - Sync 1 DAGs
[2026-08-09T18:34:57.525+0000] {logging_mixin.py:188} INFO - [2026-08-09T18:34:57.525+0000] {dag.py:3947} INFO - Setting next_dagrun for forecast_logging to 2026-08-09 00:00:00+00:00, run_after=2026-08-10 00:00:00+00:00
[2026-08-09T18:34:57.561+0000] {processor.py:183} INFO - Processing /opt/airflow/dags/forecast_logging_dag.py took 9.163 seconds
[2026-08-09T18:35:28.767+0000] {processor.py:161} INFO - Started process (PID=4673) to work on /opt/airflow/dags/forecast_logging_dag.py
[2026-08-09T18:35:28.770+0000] {processor.py:830} INFO - Processing file /opt/airflow/dags/forecast_logging_dag.py for tasks to queue
[2026-08-09T18:35:28.772+0000] {logging_mixin.py:188} INFO - [2026-08-09T18:35:28.771+0000] {dagbag.py:545} INFO - Filling up the DagBag from /opt/airflow/dags/forecast_logging_dag.py
[2026-08-09T18:35:36.973+0000] {processor.py:840} INFO - DAG(s) 'forecast_logging' retrieved from /opt/airflow/dags/forecast_logging_dag.py
[2026-08-09T18:35:37.021+0000] {logging_mixin.py:188} INFO - [2026-08-09T18:35:37.020+0000] {dag.py:3089} INFO - Sync 1 DAGs
[2026-08-09T18:35:37.069+0000] {logging_mixin.py:188} INFO - [2026-08-09T18:35:37.068+0000] {dag.py:3947} INFO - Setting next_dagrun for forecast_logging to 2026-08-09 00:00:00+00:00, run_after=2026-08-10 00:00:00+00:00
[2026-08-09T18:35:37.116+0000] {processor.py:183} INFO - Processing /opt/airflow/dags/forecast_logging_dag.py took 8.839 seconds
[2026-08-09T18:36:08.436+0000] {processor.py:161} INFO - Started process (PID=4704) to work on /opt/airflow/dags/forecast_logging_dag.py
[2026-08-09T18:36:08.438+0000] {processor.py:830} INFO - Processing file /opt/airflow/dags/forecast_logging_dag.py for tasks to queue
[2026-08-09T18:36:08.441+0000] {logging_mixin.py:188} INFO - [2026-08-09T18:36:08.440+0000] {dagbag.py:545} INFO - Filling up the DagBag from /opt/airflow/dags/forecast_logging_dag.py
[2026-08-09T18:36:17.212+0000] {processor.py:840} INFO - DAG(s) 'forecast_logging' retrieved from /opt/airflow/dags/forecast_logging_dag.py
[2026-08-09T18:36:17.262+0000] {logging_mixin.py:188} INFO - [2026-08-09T18:36:17.261+0000] {dag.py:3089} INFO - Sync 1 DAGs
[2026-08-09T18:36:17.298+0000] {logging_mixin.py:188} INFO - [2026-08-09T18:36:17.298+0000] {dag.py:3947} INFO - Setting next_dagrun for forecast_logging to 2026-08-09 00:00:00+00:00, run_after=2026-08-10 00:00:00+00:00
[2026-08-09T18:36:17.333+0000] {processor.py:183} INFO - Processing /opt/airflow/dags/forecast_logging_dag.py took 8.916 seconds
[2026-08-09T18:36:47.635+0000] {processor.py:161} INFO - Started process (PID=4735) to work on /opt/airflow/dags/forecast_logging_dag.py
[2026-08-09T18:36:47.638+0000] {processor.py:830} INFO - Processing file /opt/airflow/dags/forecast_logging_dag.py for tasks to queue
[2026-08-09T18:36:47.642+0000] {logging_mixin.py:188} INFO - [2026-08-09T18:36:47.641+0000] {dagbag.py:545} INFO - Filling up the DagBag from /opt/airflow/dags/forecast_logging_dag.py
[2026-08-09T18:36:56.675+0000] {processor.py:840} INFO - DAG(s) 'forecast_logging' retrieved from /opt/airflow/dags/forecast_logging_dag.py
[2026-08-09T18:36:56.724+0000] {logging_mixin.py:188} INFO - [2026-08-09T18:36:56.723+0000] {dag.py:3089} INFO - Sync 1 DAGs
[2026-08-09T18:36:56.763+0000] {logging_mixin.py:188} INFO - [2026-08-09T18:36:56.763+0000] {dag.py:3947} INFO - Setting next_dagrun for forecast_logging to 2026-08-09 00:00:00+00:00, run_after=2026-08-10 00:00:00+00:00
[2026-08-09T18:36:56.798+0000] {processor.py:183} INFO - Processing /opt/airflow/dags/forecast_logging_dag.py took 9.185 seconds
[2026-08-09T18:37:27.615+0000] {processor.py:161} INFO - Started process (PID=4766) to work on /opt/airflow/dags/forecast_logging_dag.py
[2026-08-09T18:37:27.618+0000] {processor.py:830} INFO - Processing file /opt/airflow/dags/forecast_logging_dag.py for tasks to queue
[2026-08-09T18:37:27.621+0000] {logging_mixin.py:188} INFO - [2026-08-09T18:37:27.620+0000] {dagbag.py:545} INFO - Filling up the DagBag from /opt/airflow/dags/forecast_logging_dag.py
[2026-08-09T18:37:36.146+0000] {processor.py:840} INFO - DAG(s) 'forecast_logging' retrieved from /opt/airflow/dags/forecast_logging_dag.py
[2026-08-09T18:37:36.201+0000] {logging_mixin.py:188} INFO - [2026-08-09T18:37:36.200+0000] {dag.py:3089} INFO - Sync 1 DAGs
[2026-08-09T18:37:36.245+0000] {logging_mixin.py:188} INFO - [2026-08-09T18:37:36.245+0000] {dag.py:3947} INFO - Setting next_dagrun for forecast_logging to 2026-08-09 00:00:00+00:00, run_after=2026-08-10 00:00:00+00:00
[2026-08-09T18:37:36.285+0000] {processor.py:183} INFO - Processing /opt/airflow/dags/forecast_logging_dag.py took 9.327 seconds
[2026-08-09T18:38:06.808+0000] {processor.py:161} INFO - Started process (PID=4801) to work on /opt/airflow/dags/forecast_logging_dag.py
[2026-08-09T18:38:06.811+0000] {processor.py:830} INFO - Processing file /opt/airflow/dags/forecast_logging_dag.py for tasks to queue
[2026-08-09T18:38:06.813+0000] {logging_mixin.py:188} INFO - [2026-08-09T18:38:06.812+0000] {dagbag.py:545} INFO - Filling up the DagBag from /opt/airflow/dags/forecast_logging_dag.py
[2026-08-09T18:38:15.611+0000] {processor.py:840} INFO - DAG(s) 'forecast_logging' retrieved from /opt/airflow/dags/forecast_logging_dag.py
[2026-08-09T18:38:15.659+0000] {logging_mixin.py:188} INFO - [2026-08-09T18:38:15.658+0000] {dag.py:3089} INFO - Sync 1 DAGs
[2026-08-09T18:38:15.697+0000] {logging_mixin.py:188} INFO - [2026-08-09T18:38:15.696+0000] {dag.py:3947} INFO - Setting next_dagrun for forecast_logging to 2026-08-09 00:00:00+00:00, run_after=2026-08-10 00:00:00+00:00
[2026-08-09T18:38:15.733+0000] {processor.py:183} INFO - Processing /opt/airflow/dags/forecast_logging_dag.py took 8.942 seconds
[2026-08-09T18:38:46.207+0000] {processor.py:161} INFO - Started process (PID=4840) to work on /opt/airflow/dags/forecast_logging_dag.py
[2026-08-09T18:38:46.209+0000] {processor.py:830} INFO - Processing file /opt/airflow/dags/forecast_logging_dag.py for tasks to queue
[2026-08-09T18:38:46.211+0000] {logging_mixin.py:188} INFO - [2026-08-09T18:38:46.210+0000] {dagbag.py:545} INFO - Filling up the DagBag from /opt/airflow/dags/forecast_logging_dag.py
[2026-08-09T18:38:55.159+0000] {processor.py:840} INFO - DAG(s) 'forecast_logging' retrieved from /opt/airflow/dags/forecast_logging_dag.py
[2026-08-09T18:38:55.212+0000] {logging_mixin.py:188} INFO - [2026-08-09T18:38:55.211+0000] {dag.py:3089} INFO - Sync 1 DAGs
[2026-08-09T18:38:55.254+0000] {logging_mixin.py:188} INFO - [2026-08-09T18:38:55.253+0000] {dag.py:3947} INFO - Setting next_dagrun for forecast_logging to 2026-08-09 00:00:00+00:00, run_after=2026-08-10 00:00:00+00:00
[2026-08-09T18:38:55.291+0000] {processor.py:183} INFO - Processing /opt/airflow/dags/forecast_logging_dag.py took 9.104 seconds
[2026-08-09T18:39:25.600+0000] {processor.py:161} INFO - Started process (PID=4871) to work on /opt/airflow/dags/forecast_logging_dag.py
[2026-08-09T18:39:25.602+0000] {processor.py:830} INFO - Processing file /opt/airflow/dags/forecast_logging_dag.py for tasks to queue
[2026-08-09T18:39:25.605+0000] {logging_mixin.py:188} INFO - [2026-08-09T18:39:25.604+0000] {dagbag.py:545} INFO - Filling up the DagBag from /opt/airflow/dags/forecast_logging_dag.py
[2026-08-09T18:39:33.782+0000] {processor.py:840} INFO - DAG(s) 'forecast_logging' retrieved from /opt/airflow/dags/forecast_logging_dag.py
[2026-08-09T18:39:33.834+0000] {logging_mixin.py:188} INFO - [2026-08-09T18:39:33.833+0000] {dag.py:3089} INFO - Sync 1 DAGs
[2026-08-09T18:39:33.877+0000] {logging_mixin.py:188} INFO - [2026-08-09T18:39:33.876+0000] {dag.py:3947} INFO - Setting next_dagrun for forecast_logging to 2026-08-09 00:00:00+00:00, run_after=2026-08-10 00:00:00+00:00
[2026-08-09T18:39:33.915+0000] {processor.py:183} INFO - Processing /opt/airflow/dags/forecast_logging_dag.py took 8.546 seconds
[2026-08-09T18:40:04.384+0000] {processor.py:161} INFO - Started process (PID=4902) to work on /opt/airflow/dags/forecast_logging_dag.py
[2026-08-09T18:40:04.387+0000] {processor.py:830} INFO - Processing file /opt/airflow/dags/forecast_logging_dag.py for tasks to queue
[2026-08-09T18:40:04.390+0000] {logging_mixin.py:188} INFO - [2026-08-09T18:40:04.389+0000] {dagbag.py:545} INFO - Filling up the DagBag from /opt/airflow/dags/forecast_logging_dag.py
[2026-08-09T18:40:13.923+0000] {processor.py:840} INFO - DAG(s) 'forecast_logging' retrieved from /opt/airflow/dags/forecast_logging_dag.py
[2026-08-09T18:40:14.001+0000] {logging_mixin.py:188} INFO - [2026-08-09T18:40:14.000+0000] {dag.py:3089} INFO - Sync 1 DAGs
[2026-08-09T18:40:14.045+0000] {logging_mixin.py:188} INFO - [2026-08-09T18:40:14.044+0000] {dag.py:3947} INFO - Setting next_dagrun for forecast_logging to 2026-08-09 00:00:00+00:00, run_after=2026-08-10 00:00:00+00:00
[2026-08-09T18:40:14.089+0000] {processor.py:183} INFO - Processing /opt/airflow/dags/forecast_logging_dag.py took 9.725 seconds
[2026-08-09T18:40:44.471+0000] {processor.py:161} INFO - Started process (PID=4933) to work on /opt/airflow/dags/forecast_logging_dag.py
[2026-08-09T18:40:44.474+0000] {processor.py:830} INFO - Processing file /opt/airflow/dags/forecast_logging_dag.py for tasks to queue
[2026-08-09T18:40:44.477+0000] {logging_mixin.py:188} INFO - [2026-08-09T18:40:44.476+0000] {dagbag.py:545} INFO - Filling up the DagBag from /opt/airflow/dags/forecast_logging_dag.py
[2026-08-09T18:40:53.602+0000] {processor.py:840} INFO - DAG(s) 'forecast_logging' retrieved from /opt/airflow/dags/forecast_logging_dag.py
[2026-08-09T18:40:53.648+0000] {logging_mixin.py:188} INFO - [2026-08-09T18:40:53.647+0000] {dag.py:3089} INFO - Sync 1 DAGs
[2026-08-09T18:40:53.685+0000] {logging_mixin.py:188} INFO - [2026-08-09T18:40:53.685+0000] {dag.py:3947} INFO - Setting next_dagrun for forecast_logging to 2026-08-09 00:00:00+00:00, run_after=2026-08-10 00:00:00+00:00
[2026-08-09T18:40:53.722+0000] {processor.py:183} INFO - Processing /opt/airflow/dags/forecast_logging_dag.py took 9.272 seconds
[2026-08-09T18:41:24.609+0000] {processor.py:161} INFO - Started process (PID=4976) to work on /opt/airflow/dags/forecast_logging_dag.py
[2026-08-09T18:41:24.612+0000] {processor.py:830} INFO - Processing file /opt/airflow/dags/forecast_logging_dag.py for tasks to queue
[2026-08-09T18:41:24.614+0000] {logging_mixin.py:188} INFO - [2026-08-09T18:41:24.614+0000] {dagbag.py:545} INFO - Filling up the DagBag from /opt/airflow/dags/forecast_logging_dag.py
[2026-08-09T18:41:32.913+0000] {processor.py:840} INFO - DAG(s) 'forecast_logging' retrieved from /opt/airflow/dags/forecast_logging_dag.py
[2026-08-09T18:41:32.981+0000] {logging_mixin.py:188} INFO - [2026-08-09T18:41:32.980+0000] {dag.py:3089} INFO - Sync 1 DAGs
[2026-08-09T18:41:33.022+0000] {logging_mixin.py:188} INFO - [2026-08-09T18:41:33.022+0000] {dag.py:3947} INFO - Setting next_dagrun for forecast_logging to 2026-08-09 00:00:00+00:00, run_after=2026-08-10 00:00:00+00:00
[2026-08-09T18:41:33.057+0000] {processor.py:183} INFO - Processing /opt/airflow/dags/forecast_logging_dag.py took 8.699 seconds
[2026-08-09T18:42:03.758+0000] {processor.py:161} INFO - Started process (PID=5007) to work on /opt/airflow/dags/forecast_logging_dag.py
[2026-08-09T18:42:03.760+0000] {processor.py:830} INFO - Processing file /opt/airflow/dags/forecast_logging_dag.py for tasks to queue
[2026-08-09T18:42:03.763+0000] {logging_mixin.py:188} INFO - [2026-08-09T18:42:03.762+0000] {dagbag.py:545} INFO - Filling up the DagBag from /opt/airflow/dags/forecast_logging_dag.py
[2026-08-09T18:42:12.788+0000] {processor.py:840} INFO - DAG(s) 'forecast_logging' retrieved from /opt/airflow/dags/forecast_logging_dag.py
[2026-08-09T18:42:12.845+0000] {logging_mixin.py:188} INFO - [2026-08-09T18:42:12.844+0000] {dag.py:3089} INFO - Sync 1 DAGs
[2026-08-09T18:42:12.882+0000] {logging_mixin.py:188} INFO - [2026-08-09T18:42:12.882+0000] {dag.py:3947} INFO - Setting next_dagrun for forecast_logging to 2026-08-09 00:00:00+00:00, run_after=2026-08-10 00:00:00+00:00
[2026-08-09T18:42:12.920+0000] {processor.py:183} INFO - Processing /opt/airflow/dags/forecast_logging_dag.py took 9.187 seconds
[2026-08-09T18:42:43.371+0000] {processor.py:161} INFO - Started process (PID=5038) to work on /opt/airflow/dags/forecast_logging_dag.py
[2026-08-09T18:42:43.373+0000] {processor.py:830} INFO - Processing file /opt/airflow/dags/forecast_logging_dag.py for tasks to queue
[2026-08-09T18:42:43.376+0000] {logging_mixin.py:188} INFO - [2026-08-09T18:42:43.375+0000] {dagbag.py:545} INFO - Filling up the DagBag from /opt/airflow/dags/forecast_logging_dag.py
[2026-08-09T18:42:51.724+0000] {processor.py:840} INFO - DAG(s) 'forecast_logging' retrieved from /opt/airflow/dags/forecast_logging_dag.py
[2026-08-09T18:42:51.779+0000] {logging_mixin.py:188} INFO - [2026-08-09T18:42:51.778+0000] {dag.py:3089} INFO - Sync 1 DAGs
[2026-08-09T18:42:51.818+0000] {logging_mixin.py:188} INFO - [2026-08-09T18:42:51.818+0000] {dag.py:3947} INFO - Setting next_dagrun for forecast_logging to 2026-08-09 00:00:00+00:00, run_after=2026-08-10 00:00:00+00:00
[2026-08-09T18:42:51.855+0000] {processor.py:183} INFO - Processing /opt/airflow/dags/forecast_logging_dag.py took 8.504 seconds
[2026-08-09T18:43:22.177+0000] {processor.py:161} INFO - Started process (PID=5069) to work on /opt/airflow/dags/forecast_logging_dag.py
[2026-08-09T18:43:22.180+0000] {processor.py:830} INFO - Processing file /opt/airflow/dags/forecast_logging_dag.py for tasks to queue
[2026-08-09T18:43:22.183+0000] {logging_mixin.py:188} INFO - [2026-08-09T18:43:22.182+0000] {dagbag.py:545} INFO - Filling up the DagBag from /opt/airflow/dags/forecast_logging_dag.py
[2026-08-09T18:43:30.278+0000] {processor.py:840} INFO - DAG(s) 'forecast_logging' retrieved from /opt/airflow/dags/forecast_logging_dag.py
[2026-08-09T18:43:30.342+0000] {logging_mixin.py:188} INFO - [2026-08-09T18:43:30.341+0000] {dag.py:3089} INFO - Sync 1 DAGs
[2026-08-09T18:43:30.394+0000] {logging_mixin.py:188} INFO - [2026-08-09T18:43:30.393+0000] {dag.py:3947} INFO - Setting next_dagrun for forecast_logging to 2026-08-09 00:00:00+00:00, run_after=2026-08-10 00:00:00+00:00
[2026-08-09T18:43:30.435+0000] {processor.py:183} INFO - Processing /opt/airflow/dags/forecast_logging_dag.py took 8.885 seconds
[2026-08-09T18:47:05.466+0000] {processor.py:161} INFO - Started process (PID=5100) to work on /opt/airflow/dags/forecast_logging_dag.py
[2026-08-09T18:47:05.469+0000] {processor.py:830} INFO - Processing file /opt/airflow/dags/forecast_logging_dag.py for tasks to queue
[2026-08-09T18:47:05.471+0000] {logging_mixin.py:188} INFO - [2026-08-09T18:47:05.470+0000] {dagbag.py:545} INFO - Filling up the DagBag from /opt/airflow/dags/forecast_logging_dag.py
[2026-08-09T18:47:16.169+0000] {processor.py:840} INFO - DAG(s) 'forecast_logging' retrieved from /opt/airflow/dags/forecast_logging_dag.py
[2026-08-09T18:47:16.236+0000] {logging_mixin.py:188} INFO - [2026-08-09T18:47:16.235+0000] {dag.py:3089} INFO - Sync 1 DAGs
[2026-08-09T18:47:16.275+0000] {logging_mixin.py:188} INFO - [2026-08-09T18:47:16.274+0000] {dag.py:3947} INFO - Setting next_dagrun for forecast_logging to 2026-08-09 00:00:00+00:00, run_after=2026-08-10 00:00:00+00:00
[2026-08-09T18:47:16.609+0000] {processor.py:183} INFO - Processing /opt/airflow/dags/forecast_logging_dag.py took 11.161 seconds
[2026-08-09T18:47:46.940+0000] {processor.py:161} INFO - Started process (PID=5143) to work on /opt/airflow/dags/forecast_logging_dag.py
[2026-08-09T18:47:46.942+0000] {processor.py:830} INFO - Processing file /opt/airflow/dags/forecast_logging_dag.py for tasks to queue
[2026-08-09T18:47:46.944+0000] {logging_mixin.py:188} INFO - [2026-08-09T18:47:46.943+0000] {dagbag.py:545} INFO - Filling up the DagBag from /opt/airflow/dags/forecast_logging_dag.py
[2026-08-09T18:47:54.183+0000] {processor.py:840} INFO - DAG(s) 'forecast_logging' retrieved from /opt/airflow/dags/forecast_logging_dag.py
[2026-08-09T18:47:54.227+0000] {logging_mixin.py:188} INFO - [2026-08-09T18:47:54.226+0000] {dag.py:3089} INFO - Sync 1 DAGs
[2026-08-09T18:47:54.262+0000] {logging_mixin.py:188} INFO - [2026-08-09T18:47:54.262+0000] {dag.py:3947} INFO - Setting next_dagrun for forecast_logging to 2026-08-09 00:00:00+00:00, run_after=2026-08-10 00:00:00+00:00
[2026-08-09T18:47:54.289+0000] {processor.py:183} INFO - Processing /opt/airflow/dags/forecast_logging_dag.py took 7.365 seconds
[2026-08-09T18:48:25.330+0000] {processor.py:161} INFO - Started process (PID=5174) to work on /opt/airflow/dags/forecast_logging_dag.py
[2026-08-09T18:48:25.332+0000] {processor.py:830} INFO - Processing file /opt/airflow/dags/forecast_logging_dag.py for tasks to queue
[2026-08-09T18:48:25.334+0000] {logging_mixin.py:188} INFO - [2026-08-09T18:48:25.334+0000] {dagbag.py:545} INFO - Filling up the DagBag from /opt/airflow/dags/forecast_logging_dag.py
[2026-08-09T18:48:31.410+0000] {processor.py:840} INFO - DAG(s) 'forecast_logging' retrieved from /opt/airflow/dags/forecast_logging_dag.py
[2026-08-09T18:48:31.477+0000] {logging_mixin.py:188} INFO - [2026-08-09T18:48:31.476+0000] {dag.py:3089} INFO - Sync 1 DAGs
[2026-08-09T18:48:31.506+0000] {logging_mixin.py:188} INFO - [2026-08-09T18:48:31.506+0000] {dag.py:3947} INFO - Setting next_dagrun for forecast_logging to 2026-08-09 00:00:00+00:00, run_after=2026-08-10 00:00:00+00:00
[2026-08-09T18:48:31.534+0000] {processor.py:183} INFO - Processing /opt/airflow/dags/forecast_logging_dag.py took 6.775 seconds
[2026-08-09T18:49:02.174+0000] {processor.py:161} INFO - Started process (PID=5205) to work on /opt/airflow/dags/forecast_logging_dag.py
[2026-08-09T18:49:02.176+0000] {processor.py:830} INFO - Processing file /opt/airflow/dags/forecast_logging_dag.py for tasks to queue
[2026-08-09T18:49:02.179+0000] {logging_mixin.py:188} INFO - [2026-08-09T18:49:02.178+0000] {dagbag.py:545} INFO - Filling up the DagBag from /opt/airflow/dags/forecast_logging_dag.py
[2026-08-09T18:49:11.167+0000] {processor.py:840} INFO - DAG(s) 'forecast_logging' retrieved from /opt/airflow/dags/forecast_logging_dag.py
[2026-08-09T18:49:11.217+0000] {logging_mixin.py:188} INFO - [2026-08-09T18:49:11.216+0000] {dag.py:3089} INFO - Sync 1 DAGs
[2026-08-09T18:49:11.261+0000] {logging_mixin.py:188} INFO - [2026-08-09T18:49:11.261+0000] {dag.py:3947} INFO - Setting next_dagrun for forecast_logging to 2026-08-09 00:00:00+00:00, run_after=2026-08-10 00:00:00+00:00
[2026-08-09T18:49:11.301+0000] {processor.py:183} INFO - Processing /opt/airflow/dags/forecast_logging_dag.py took 9.147 seconds
[2026-08-09T18:49:42.103+0000] {processor.py:161} INFO - Started process (PID=5236) to work on /opt/airflow/dags/forecast_logging_dag.py
[2026-08-09T18:49:42.106+0000] {processor.py:830} INFO - Processing file /opt/airflow/dags/forecast_logging_dag.py for tasks to queue
[2026-08-09T18:49:42.109+0000] {logging_mixin.py:188} INFO - [2026-08-09T18:49:42.108+0000] {dagbag.py:545} INFO - Filling up the DagBag from /opt/airflow/dags/forecast_logging_dag.py
[2026-08-09T18:49:54.303+0000] {processor.py:840} INFO - DAG(s) 'forecast_logging' retrieved from /opt/airflow/dags/forecast_logging_dag.py
[2026-08-09T18:49:54.509+0000] {logging_mixin.py:188} INFO - [2026-08-09T18:49:54.508+0000] {dag.py:3089} INFO - Sync 1 DAGs
[2026-08-09T18:49:54.553+0000] {logging_mixin.py:188} INFO - [2026-08-09T18:49:54.553+0000] {dag.py:3947} INFO - Setting next_dagrun for forecast_logging to 2026-08-09 00:00:00+00:00, run_after=2026-08-10 00:00:00+00:00
[2026-08-09T18:49:54.608+0000] {processor.py:183} INFO - Processing /opt/airflow/dags/forecast_logging_dag.py took 12.524 seconds
[2026-08-09T18:50:24.987+0000] {processor.py:161} INFO - Started process (PID=5271) to work on /opt/airflow/dags/forecast_logging_dag.py
[2026-08-09T18:50:24.990+0000] {processor.py:830} INFO - Processing file /opt/airflow/dags/forecast_logging_dag.py for tasks to queue
[2026-08-09T18:50:24.993+0000] {logging_mixin.py:188} INFO - [2026-08-09T18:50:24.992+0000] {dagbag.py:545} INFO - Filling up the DagBag from /opt/airflow/dags/forecast_logging_dag.py
[2026-08-09T18:50:35.412+0000] {processor.py:840} INFO - DAG(s) 'forecast_logging' retrieved from /opt/airflow/dags/forecast_logging_dag.py
[2026-08-09T18:50:35.460+0000] {logging_mixin.py:188} INFO - [2026-08-09T18:50:35.459+0000] {dag.py:3089} INFO - Sync 1 DAGs
[2026-08-09T18:50:35.498+0000] {logging_mixin.py:188} INFO - [2026-08-09T18:50:35.498+0000] {dag.py:3947} INFO - Setting next_dagrun for forecast_logging to 2026-08-09 00:00:00+00:00, run_after=2026-08-10 00:00:00+00:00
[2026-08-09T18:50:35.533+0000] {processor.py:183} INFO - Processing /opt/airflow/dags/forecast_logging_dag.py took 10.566 seconds
[2026-08-09T18:51:06.114+0000] {processor.py:161} INFO - Started process (PID=5308) to work on /opt/airflow/dags/forecast_logging_dag.py
[2026-08-09T18:51:06.118+0000] {processor.py:830} INFO - Processing file /opt/airflow/dags/forecast_logging_dag.py for tasks to queue
[2026-08-09T18:51:06.122+0000] {logging_mixin.py:188} INFO - [2026-08-09T18:51:06.121+0000] {dagbag.py:545} INFO - Filling up the DagBag from /opt/airflow/dags/forecast_logging_dag.py
[2026-08-09T18:51:22.860+0000] {processor.py:840} INFO - DAG(s) 'forecast_logging' retrieved from /opt/airflow/dags/forecast_logging_dag.py
[2026-08-09T18:51:23.138+0000] {logging_mixin.py:188} INFO - [2026-08-09T18:51:23.135+0000] {dag.py:3089} INFO - Sync 1 DAGs
[2026-08-09T18:51:23.434+0000] {logging_mixin.py:188} INFO - [2026-08-09T18:51:23.433+0000] {dag.py:3947} INFO - Setting next_dagrun for forecast_logging to 2026-08-09 00:00:00+00:00, run_after=2026-08-10 00:00:00+00:00
[2026-08-09T18:51:23.587+0000] {processor.py:183} INFO - Processing /opt/airflow/dags/forecast_logging_dag.py took 17.500 seconds
[2026-08-09T18:51:53.230+0000] {processor.py:161} INFO - Started process (PID=5341) to work on /opt/airflow/dags/forecast_logging_dag.py
[2026-08-09T18:51:53.232+0000] {processor.py:830} INFO - Processing file /opt/airflow/dags/forecast_logging_dag.py for tasks to queue
[2026-08-09T18:51:53.234+0000] {logging_mixin.py:188} INFO - [2026-08-09T18:51:53.233+0000] {dagbag.py:545} INFO - Filling up the DagBag from /opt/airflow/dags/forecast_logging_dag.py
[2026-08-09T18:52:06.878+0000] {processor.py:840} INFO - DAG(s) 'forecast_logging' retrieved from /opt/airflow/dags/forecast_logging_dag.py
[2026-08-09T18:52:07.055+0000] {logging_mixin.py:188} INFO - [2026-08-09T18:52:07.051+0000] {dag.py:3089} INFO - Sync 1 DAGs
[2026-08-09T18:52:07.225+0000] {logging_mixin.py:188} INFO - [2026-08-09T18:52:07.223+0000] {dag.py:3947} INFO - Setting next_dagrun for forecast_logging to 2026-08-09 00:00:00+00:00, run_after=2026-08-10 00:00:00+00:00
[2026-08-09T18:52:07.302+0000] {processor.py:183} INFO - Processing /opt/airflow/dags/forecast_logging_dag.py took 14.092 seconds
[2026-08-09T18:52:38.261+0000] {processor.py:161} INFO - Started process (PID=5372) to work on /opt/airflow/dags/forecast_logging_dag.py
[2026-08-09T18:52:38.263+0000] {processor.py:830} INFO - Processing file /opt/airflow/dags/forecast_logging_dag.py for tasks to queue
[2026-08-09T18:52:38.266+0000] {logging_mixin.py:188} INFO - [2026-08-09T18:52:38.265+0000] {dagbag.py:545} INFO - Filling up the DagBag from /opt/airflow/dags/forecast_logging_dag.py
[2026-08-09T18:52:47.197+0000] {processor.py:840} INFO - DAG(s) 'forecast_logging' retrieved from /opt/airflow/dags/forecast_logging_dag.py
[2026-08-09T18:52:47.243+0000] {logging_mixin.py:188} INFO - [2026-08-09T18:52:47.242+0000] {dag.py:3089} INFO - Sync 1 DAGs
[2026-08-09T18:52:47.280+0000] {logging_mixin.py:188} INFO - [2026-08-09T18:52:47.280+0000] {dag.py:3947} INFO - Setting next_dagrun for forecast_logging to 2026-08-09 00:00:00+00:00, run_after=2026-08-10 00:00:00+00:00
[2026-08-09T18:52:47.315+0000] {processor.py:183} INFO - Processing /opt/airflow/dags/forecast_logging_dag.py took 9.077 seconds
[2026-08-09T18:53:18.193+0000] {processor.py:161} INFO - Started process (PID=5415) to work on /opt/airflow/dags/forecast_logging_dag.py
[2026-08-09T18:53:18.196+0000] {processor.py:830} INFO - Processing file /opt/airflow/dags/forecast_logging_dag.py for tasks to queue
[2026-08-09T18:53:18.199+0000] {logging_mixin.py:188} INFO - [2026-08-09T18:53:18.197+0000] {dagbag.py:545} INFO - Filling up the DagBag from /opt/airflow/dags/forecast_logging_dag.py
[2026-08-09T18:53:25.825+0000] {processor.py:840} INFO - DAG(s) 'forecast_logging' retrieved from /opt/airflow/dags/forecast_logging_dag.py
[2026-08-09T18:53:25.872+0000] {logging_mixin.py:188} INFO - [2026-08-09T18:53:25.871+0000] {dag.py:3089} INFO - Sync 1 DAGs
[2026-08-09T18:53:25.907+0000] {logging_mixin.py:188} INFO - [2026-08-09T18:53:25.907+0000] {dag.py:3947} INFO - Setting next_dagrun for forecast_logging to 2026-08-09 00:00:00+00:00, run_after=2026-08-10 00:00:00+00:00
[2026-08-09T18:53:25.939+0000] {processor.py:183} INFO - Processing /opt/airflow/dags/forecast_logging_dag.py took 8.584 seconds
[2026-08-09T18:53:56.393+0000] {processor.py:161} INFO - Started process (PID=5446) to work on /opt/airflow/dags/forecast_logging_dag.py
[2026-08-09T18:53:56.396+0000] {processor.py:830} INFO - Processing file /opt/airflow/dags/forecast_logging_dag.py for tasks to queue
[2026-08-09T18:53:56.398+0000] {logging_mixin.py:188} INFO - [2026-08-09T18:53:56.397+0000] {dagbag.py:545} INFO - Filling up the DagBag from /opt/airflow/dags/forecast_logging_dag.py
[2026-08-09T18:54:05.047+0000] {processor.py:840} INFO - DAG(s) 'forecast_logging' retrieved from /opt/airflow/dags/forecast_logging_dag.py
[2026-08-09T18:54:05.095+0000] {logging_mixin.py:188} INFO - [2026-08-09T18:54:05.095+0000] {dag.py:3089} INFO - Sync 1 DAGs
[2026-08-09T18:54:05.133+0000] {logging_mixin.py:188} INFO - [2026-08-09T18:54:05.132+0000] {dag.py:3947} INFO - Setting next_dagrun for forecast_logging to 2026-08-09 00:00:00+00:00, run_after=2026-08-10 00:00:00+00:00
[2026-08-09T18:54:05.167+0000] {processor.py:183} INFO - Processing /opt/airflow/dags/forecast_logging_dag.py took 8.794 seconds
[2026-08-09T18:54:35.812+0000] {processor.py:161} INFO - Started process (PID=5477) to work on /opt/airflow/dags/forecast_logging_dag.py
[2026-08-09T18:54:35.815+0000] {processor.py:830} INFO - Processing file /opt/airflow/dags/forecast_logging_dag.py for tasks to queue
[2026-08-09T18:54:35.817+0000] {logging_mixin.py:188} INFO - [2026-08-09T18:54:35.816+0000] {dagbag.py:545} INFO - Filling up the DagBag from /opt/airflow/dags/forecast_logging_dag.py
[2026-08-09T18:54:44.074+0000] {processor.py:840} INFO - DAG(s) 'forecast_logging' retrieved from /opt/airflow/dags/forecast_logging_dag.py
[2026-08-09T18:54:44.125+0000] {logging_mixin.py:188} INFO - [2026-08-09T18:54:44.124+0000] {dag.py:3089} INFO - Sync 1 DAGs
[2026-08-09T18:54:44.160+0000] {logging_mixin.py:188} INFO - [2026-08-09T18:54:44.160+0000] {dag.py:3947} INFO - Setting next_dagrun for forecast_logging to 2026-08-09 00:00:00+00:00, run_after=2026-08-10 00:00:00+00:00
[2026-08-09T18:54:44.195+0000] {processor.py:183} INFO - Processing /opt/airflow/dags/forecast_logging_dag.py took 8.401 seconds
[2026-08-09T18:55:14.976+0000] {processor.py:161} INFO - Started process (PID=5508) to work on /opt/airflow/dags/forecast_logging_dag.py
[2026-08-09T18:55:14.979+0000] {processor.py:830} INFO - Processing file /opt/airflow/dags/forecast_logging_dag.py for tasks to queue
[2026-08-09T18:55:14.981+0000] {logging_mixin.py:188} INFO - [2026-08-09T18:55:14.980+0000] {dagbag.py:545} INFO - Filling up the DagBag from /opt/airflow/dags/forecast_logging_dag.py
[2026-08-09T18:55:22.195+0000] {processor.py:840} INFO - DAG(s) 'forecast_logging' retrieved from /opt/airflow/dags/forecast_logging_dag.py
[2026-08-09T18:55:22.248+0000] {logging_mixin.py:188} INFO - [2026-08-09T18:55:22.247+0000] {dag.py:3089} INFO - Sync 1 DAGs
[2026-08-09T18:55:22.288+0000] {logging_mixin.py:188} INFO - [2026-08-09T18:55:22.288+0000] {dag.py:3947} INFO - Setting next_dagrun for forecast_logging to 2026-08-09 00:00:00+00:00, run_after=2026-08-10 00:00:00+00:00
[2026-08-09T18:55:22.327+0000] {processor.py:183} INFO - Processing /opt/airflow/dags/forecast_logging_dag.py took 8.490 seconds
[2026-08-09T18:55:52.709+0000] {processor.py:161} INFO - Started process (PID=5539) to work on /opt/airflow/dags/forecast_logging_dag.py
[2026-08-09T18:55:52.712+0000] {processor.py:830} INFO - Processing file /opt/airflow/dags/forecast_logging_dag.py for tasks to queue
[2026-08-09T18:55:52.714+0000] {logging_mixin.py:188} INFO - [2026-08-09T18:55:52.713+0000] {dagbag.py:545} INFO - Filling up the DagBag from /opt/airflow/dags/forecast_logging_dag.py
[2026-08-09T18:56:01.990+0000] {processor.py:840} INFO - DAG(s) 'forecast_logging' retrieved from /opt/airflow/dags/forecast_logging_dag.py
[2026-08-09T18:56:02.064+0000] {logging_mixin.py:188} INFO - [2026-08-09T18:56:02.062+0000] {dag.py:3089} INFO - Sync 1 DAGs
[2026-08-09T18:56:02.118+0000] {logging_mixin.py:188} INFO - [2026-08-09T18:56:02.118+0000] {dag.py:3947} INFO - Setting next_dagrun for forecast_logging to 2026-08-09 00:00:00+00:00, run_after=2026-08-10 00:00:00+00:00
[2026-08-09T18:56:02.163+0000] {processor.py:183} INFO - Processing /opt/airflow/dags/forecast_logging_dag.py took 9.479 seconds
[2026-08-09T18:56:32.929+0000] {processor.py:161} INFO - Started process (PID=5582) to work on /opt/airflow/dags/forecast_logging_dag.py
[2026-08-09T18:56:32.932+0000] {processor.py:830} INFO - Processing file /opt/airflow/dags/forecast_logging_dag.py for tasks to queue
[2026-08-09T18:56:32.934+0000] {logging_mixin.py:188} INFO - [2026-08-09T18:56:32.933+0000] {dagbag.py:545} INFO - Filling up the DagBag from /opt/airflow/dags/forecast_logging_dag.py
[2026-08-09T18:56:41.167+0000] {processor.py:840} INFO - DAG(s) 'forecast_logging' retrieved from /opt/airflow/dags/forecast_logging_dag.py
[2026-08-09T18:56:41.226+0000] {logging_mixin.py:188} INFO - [2026-08-09T18:56:41.225+0000] {dag.py:3089} INFO - Sync 1 DAGs
[2026-08-09T18:56:41.276+0000] {logging_mixin.py:188} INFO - [2026-08-09T18:56:41.275+0000] {dag.py:3947} INFO - Setting next_dagrun for forecast_logging to 2026-08-09 00:00:00+00:00, run_after=2026-08-10 00:00:00+00:00
[2026-08-09T18:56:41.317+0000] {processor.py:183} INFO - Processing /opt/airflow/dags/forecast_logging_dag.py took 8.407 seconds
[2026-08-09T18:57:11.767+0000] {processor.py:161} INFO - Started process (PID=5613) to work on /opt/airflow/dags/forecast_logging_dag.py
[2026-08-09T18:57:11.770+0000] {processor.py:830} INFO - Processing file /opt/airflow/dags/forecast_logging_dag.py for tasks to queue
[2026-08-09T18:57:11.772+0000] {logging_mixin.py:188} INFO - [2026-08-09T18:57:11.771+0000] {dagbag.py:545} INFO - Filling up the DagBag from /opt/airflow/dags/forecast_logging_dag.py
[2026-08-09T18:57:19.489+0000] {processor.py:840} INFO - DAG(s) 'forecast_logging' retrieved from /opt/airflow/dags/forecast_logging_dag.py
[2026-08-09T18:57:19.539+0000] {logging_mixin.py:188} INFO - [2026-08-09T18:57:19.538+0000] {dag.py:3089} INFO - Sync 1 DAGs
[2026-08-09T18:57:19.577+0000] {logging_mixin.py:188} INFO - [2026-08-09T18:57:19.577+0000] {dag.py:3947} INFO - Setting next_dagrun for forecast_logging to 2026-08-09 00:00:00+00:00, run_after=2026-08-10 00:00:00+00:00
[2026-08-09T18:57:19.613+0000] {processor.py:183} INFO - Processing /opt/airflow/dags/forecast_logging_dag.py took 8.924 seconds
[2026-08-09T18:57:50.201+0000] {processor.py:161} INFO - Started process (PID=5644) to work on /opt/airflow/dags/forecast_logging_dag.py
[2026-08-09T18:57:50.203+0000] {processor.py:830} INFO - Processing file /opt/airflow/dags/forecast_logging_dag.py for tasks to queue
[2026-08-09T18:57:50.206+0000] {logging_mixin.py:188} INFO - [2026-08-09T18:57:50.205+0000] {dagbag.py:545} INFO - Filling up the DagBag from /opt/airflow/dags/forecast_logging_dag.py
[2026-08-09T18:57:58.774+0000] {processor.py:840} INFO - DAG(s) 'forecast_logging' retrieved from /opt/airflow/dags/forecast_logging_dag.py
[2026-08-09T18:57:58.826+0000] {logging_mixin.py:188} INFO - [2026-08-09T18:57:58.826+0000] {dag.py:3089} INFO - Sync 1 DAGs
[2026-08-09T18:57:58.864+0000] {logging_mixin.py:188} INFO - [2026-08-09T18:57:58.863+0000] {dag.py:3947} INFO - Setting next_dagrun for forecast_logging to 2026-08-09 00:00:00+00:00, run_after=2026-08-10 00:00:00+00:00
[2026-08-09T18:57:58.899+0000] {processor.py:183} INFO - Processing /opt/airflow/dags/forecast_logging_dag.py took 8.719 seconds
[2026-08-09T18:58:29.549+0000] {processor.py:161} INFO - Started process (PID=5675) to work on /opt/airflow/dags/forecast_logging_dag.py
[2026-08-09T18:58:29.552+0000] {processor.py:830} INFO - Processing file /opt/airflow/dags/forecast_logging_dag.py for tasks to queue
[2026-08-09T18:58:29.554+0000] {logging_mixin.py:188} INFO - [2026-08-09T18:58:29.553+0000] {dagbag.py:545} INFO - Filling up the DagBag from /opt/airflow/dags/forecast_logging_dag.py
[2026-08-09T18:58:38.034+0000] {processor.py:840} INFO - DAG(s) 'forecast_logging' retrieved from /opt/airflow/dags/forecast_logging_dag.py
[2026-08-09T18:58:38.088+0000] {logging_mixin.py:188} INFO - [2026-08-09T18:58:38.087+0000] {dag.py:3089} INFO - Sync 1 DAGs
[2026-08-09T18:58:38.139+0000] {logging_mixin.py:188} INFO - [2026-08-09T18:58:38.139+0000] {dag.py:3947} INFO - Setting next_dagrun for forecast_logging to 2026-08-09 00:00:00+00:00, run_after=2026-08-10 00:00:00+00:00
[2026-08-09T18:58:38.184+0000] {processor.py:183} INFO - Processing /opt/airflow/dags/forecast_logging_dag.py took 8.656 seconds
[2026-08-09T18:59:08.633+0000] {processor.py:161} INFO - Started process (PID=5706) to work on /opt/airflow/dags/forecast_logging_dag.py
[2026-08-09T18:59:08.635+0000] {processor.py:830} INFO - Processing file /opt/airflow/dags/forecast_logging_dag.py for tasks to queue
[2026-08-09T18:59:08.639+0000] {logging_mixin.py:188} INFO - [2026-08-09T18:59:08.637+0000] {dagbag.py:545} INFO - Filling up the DagBag from /opt/airflow/dags/forecast_logging_dag.py
[2026-08-09T18:59:18.312+0000] {processor.py:840} INFO - DAG(s) 'forecast_logging' retrieved from /opt/airflow/dags/forecast_logging_dag.py
[2026-08-09T18:59:18.365+0000] {logging_mixin.py:188} INFO - [2026-08-09T18:59:18.365+0000] {dag.py:3089} INFO - Sync 1 DAGs
[2026-08-09T18:59:18.411+0000] {logging_mixin.py:188} INFO - [2026-08-09T18:59:18.410+0000] {dag.py:3947} INFO - Setting next_dagrun for forecast_logging to 2026-08-09 00:00:00+00:00, run_after=2026-08-10 00:00:00+00:00
[2026-08-09T18:59:18.450+0000] {processor.py:183} INFO - Processing /opt/airflow/dags/forecast_logging_dag.py took 9.838 seconds
[2026-08-09T18:59:48.839+0000] {processor.py:161} INFO - Started process (PID=5749) to work on /opt/airflow/dags/forecast_logging_dag.py
[2026-08-09T18:59:48.842+0000] {processor.py:830} INFO - Processing file /opt/airflow/dags/forecast_logging_dag.py for tasks to queue
[2026-08-09T18:59:48.844+0000] {logging_mixin.py:188} INFO - [2026-08-09T18:59:48.843+0000] {dagbag.py:545} INFO - Filling up the DagBag from /opt/airflow/dags/forecast_logging_dag.py
[2026-08-09T18:59:58.352+0000] {processor.py:840} INFO - DAG(s) 'forecast_logging' retrieved from /opt/airflow/dags/forecast_logging_dag.py
[2026-08-09T18:59:58.406+0000] {logging_mixin.py:188} INFO - [2026-08-09T18:59:58.405+0000] {dag.py:3089} INFO - Sync 1 DAGs
[2026-08-09T18:59:58.445+0000] {logging_mixin.py:188} INFO - [2026-08-09T18:59:58.445+0000] {dag.py:3947} INFO - Setting next_dagrun for forecast_logging to 2026-08-09 00:00:00+00:00, run_after=2026-08-10 00:00:00+00:00
[2026-08-09T18:59:58.483+0000] {processor.py:183} INFO - Processing /opt/airflow/dags/forecast_logging_dag.py took 9.666 seconds
[2026-08-09T19:00:29.315+0000] {processor.py:161} INFO - Started process (PID=5783) to work on /opt/airflow/dags/forecast_logging_dag.py
[2026-08-09T19:00:29.318+0000] {processor.py:830} INFO - Processing file /opt/airflow/dags/forecast_logging_dag.py for tasks to queue
[2026-08-09T19:00:29.320+0000] {logging_mixin.py:188} INFO - [2026-08-09T19:00:29.319+0000] {dagbag.py:545} INFO - Filling up the DagBag from /opt/airflow/dags/forecast_logging_dag.py
[2026-08-09T19:00:41.159+0000] {processor.py:840} INFO - DAG(s) 'forecast_logging' retrieved from /opt/airflow/dags/forecast_logging_dag.py
[2026-08-09T19:00:41.531+0000] {logging_mixin.py:188} INFO - [2026-08-09T19:00:41.530+0000] {dag.py:3089} INFO - Sync 1 DAGs
[2026-08-09T19:00:41.785+0000] {logging_mixin.py:188} INFO - [2026-08-09T19:00:41.784+0000] {dag.py:3947} INFO - Setting next_dagrun for forecast_logging to 2026-08-09 00:00:00+00:00, run_after=2026-08-10 00:00:00+00:00
[2026-08-09T19:00:41.853+0000] {processor.py:183} INFO - Processing /opt/airflow/dags/forecast_logging_dag.py took 13.800 seconds
[2026-08-09T19:01:23.356+0000] {processor.py:161} INFO - Started process (PID=5826) to work on /opt/airflow/dags/forecast_logging_dag.py
[2026-08-09T19:01:23.358+0000] {processor.py:830} INFO - Processing file /opt/airflow/dags/forecast_logging_dag.py for tasks to queue
[2026-08-09T19:01:23.364+0000] {logging_mixin.py:188} INFO - [2026-08-09T19:01:23.361+0000] {dagbag.py:545} INFO - Filling up the DagBag from /opt/airflow/dags/forecast_logging_dag.py
[2026-08-09T19:01:52.235+0000] {logging_mixin.py:188} INFO - [2026-08-09T19:01:52.232+0000] {timeout.py:68} ERROR - Process timed out, PID: 5826
[2026-08-09T19:02:23.377+0000] {processor.py:161} INFO - Started process (PID=5944) to work on /opt/airflow/dags/forecast_logging_dag.py
[2026-08-09T19:02:23.380+0000] {processor.py:830} INFO - Processing file /opt/airflow/dags/forecast_logging_dag.py for tasks to queue
[2026-08-09T19:02:23.383+0000] {logging_mixin.py:188} INFO - [2026-08-09T19:02:23.382+0000] {dagbag.py:545} INFO - Filling up the DagBag from /opt/airflow/dags/forecast_logging_dag.py
[2026-08-09T19:02:37.649+0000] {processor.py:840} INFO - DAG(s) 'forecast_logging' retrieved from /opt/airflow/dags/forecast_logging_dag.py
[2026-08-09T19:02:38.090+0000] {logging_mixin.py:188} INFO - [2026-08-09T19:02:38.089+0000] {dag.py:3089} INFO - Sync 1 DAGs
[2026-08-09T19:02:38.126+0000] {logging_mixin.py:188} INFO - [2026-08-09T19:02:38.125+0000] {dag.py:3947} INFO - Setting next_dagrun for forecast_logging to 2026-08-09 00:00:00+00:00, run_after=2026-08-10 00:00:00+00:00
[2026-08-09T19:02:38.166+0000] {processor.py:183} INFO - Processing /opt/airflow/dags/forecast_logging_dag.py took 16.152 seconds
[2026-08-09T19:03:09.414+0000] {processor.py:161} INFO - Started process (PID=6031) to work on /opt/airflow/dags/forecast_logging_dag.py
[2026-08-09T19:03:09.418+0000] {processor.py:830} INFO - Processing file /opt/airflow/dags/forecast_logging_dag.py for tasks to queue
[2026-08-09T19:03:09.421+0000] {logging_mixin.py:188} INFO - [2026-08-09T19:03:09.420+0000] {dagbag.py:545} INFO - Filling up the DagBag from /opt/airflow/dags/forecast_logging_dag.py
[2026-08-09T19:03:28.843+0000] {processor.py:840} INFO - DAG(s) 'forecast_logging' retrieved from /opt/airflow/dags/forecast_logging_dag.py
[2026-08-09T19:03:28.937+0000] {logging_mixin.py:188} INFO - [2026-08-09T19:03:28.936+0000] {dag.py:3089} INFO - Sync 1 DAGs
[2026-08-09T19:03:28.982+0000] {logging_mixin.py:188} INFO - [2026-08-09T19:03:28.981+0000] {dag.py:3947} INFO - Setting next_dagrun for forecast_logging to 2026-08-09 00:00:00+00:00, run_after=2026-08-10 00:00:00+00:00
[2026-08-09T19:03:29.030+0000] {processor.py:183} INFO - Processing /opt/airflow/dags/forecast_logging_dag.py took 21.017 seconds
[2026-08-09T19:04:00.297+0000] {processor.py:161} INFO - Started process (PID=6102) to work on /opt/airflow/dags/forecast_logging_dag.py
[2026-08-09T19:04:00.299+0000] {processor.py:830} INFO - Processing file /opt/airflow/dags/forecast_logging_dag.py for tasks to queue
[2026-08-09T19:04:00.302+0000] {logging_mixin.py:188} INFO - [2026-08-09T19:04:00.301+0000] {dagbag.py:545} INFO - Filling up the DagBag from /opt/airflow/dags/forecast_logging_dag.py
[2026-08-09T19:04:24.601+0000] {processor.py:840} INFO - DAG(s) 'forecast_logging' retrieved from /opt/airflow/dags/forecast_logging_dag.py
[2026-08-09T19:04:24.650+0000] {logging_mixin.py:188} INFO - [2026-08-09T19:04:24.649+0000] {dag.py:3089} INFO - Sync 1 DAGs
[2026-08-09T19:04:24.694+0000] {logging_mixin.py:188} INFO - [2026-08-09T19:04:24.693+0000] {dag.py:3947} INFO - Setting next_dagrun for forecast_logging to 2026-08-09 00:00:00+00:00, run_after=2026-08-10 00:00:00+00:00
[2026-08-09T19:04:24.733+0000] {processor.py:183} INFO - Processing /opt/airflow/dags/forecast_logging_dag.py took 24.457 seconds
[2026-08-09T19:04:55.081+0000] {processor.py:161} INFO - Started process (PID=6145) to work on /opt/airflow/dags/forecast_logging_dag.py
[2026-08-09T19:04:55.084+0000] {processor.py:830} INFO - Processing file /opt/airflow/dags/forecast_logging_dag.py for tasks to queue
[2026-08-09T19:04:55.087+0000] {logging_mixin.py:188} INFO - [2026-08-09T19:04:55.086+0000] {dagbag.py:545} INFO - Filling up the DagBag from /opt/airflow/dags/forecast_logging_dag.py
[2026-08-09T19:23:15.066+0000] {processor.py:161} INFO - Started process (PID=6173) to work on /opt/airflow/dags/forecast_logging_dag.py
[2026-08-09T19:23:15.077+0000] {processor.py:830} INFO - Processing file /opt/airflow/dags/forecast_logging_dag.py for tasks to queue
[2026-08-09T19:23:15.081+0000] {logging_mixin.py:188} INFO - [2026-08-09T19:23:15.079+0000] {dagbag.py:545} INFO - Filling up the DagBag from /opt/airflow/dags/forecast_logging_dag.py
[2026-08-09T19:23:25.825+0000] {processor.py:840} INFO - DAG(s) 'forecast_logging' retrieved from /opt/airflow/dags/forecast_logging_dag.py
[2026-08-09T19:23:25.873+0000] {logging_mixin.py:188} INFO - [2026-08-09T19:23:25.872+0000] {dag.py:3089} INFO - Sync 1 DAGs
[2026-08-09T19:23:25.908+0000] {logging_mixin.py:188} INFO - [2026-08-09T19:23:25.908+0000] {dag.py:3947} INFO - Setting next_dagrun for forecast_logging to 2026-08-09 00:00:00+00:00, run_after=2026-08-10 00:00:00+00:00
[2026-08-09T19:23:25.941+0000] {processor.py:183} INFO - Processing /opt/airflow/dags/forecast_logging_dag.py took 10.914 seconds
[2026-08-09T19:23:56.247+0000] {processor.py:161} INFO - Started process (PID=6216) to work on /opt/airflow/dags/forecast_logging_dag.py
[2026-08-09T19:23:56.249+0000] {processor.py:830} INFO - Processing file /opt/airflow/dags/forecast_logging_dag.py for tasks to queue
[2026-08-09T19:23:56.252+0000] {logging_mixin.py:188} INFO - [2026-08-09T19:23:56.251+0000] {dagbag.py:545} INFO - Filling up the DagBag from /opt/airflow/dags/forecast_logging_dag.py
[2026-08-09T19:24:03.464+0000] {processor.py:840} INFO - DAG(s) 'forecast_logging' retrieved from /opt/airflow/dags/forecast_logging_dag.py
[2026-08-09T19:24:03.504+0000] {logging_mixin.py:188} INFO - [2026-08-09T19:24:03.503+0000] {dag.py:3089} INFO - Sync 1 DAGs
[2026-08-09T19:24:03.536+0000] {logging_mixin.py:188} INFO - [2026-08-09T19:24:03.536+0000] {dag.py:3947} INFO - Setting next_dagrun for forecast_logging to 2026-08-09 00:00:00+00:00, run_after=2026-08-10 00:00:00+00:00
[2026-08-09T19:24:03.567+0000] {processor.py:183} INFO - Processing /opt/airflow/dags/forecast_logging_dag.py took 7.340 seconds
[2026-08-09T19:24:34.594+0000] {processor.py:161} INFO - Started process (PID=6247) to work on /opt/airflow/dags/forecast_logging_dag.py
[2026-08-09T19:24:34.597+0000] {processor.py:830} INFO - Processing file /opt/airflow/dags/forecast_logging_dag.py for tasks to queue
[2026-08-09T19:24:34.599+0000] {logging_mixin.py:188} INFO - [2026-08-09T19:24:34.599+0000] {dagbag.py:545} INFO - Filling up the DagBag from /opt/airflow/dags/forecast_logging_dag.py
[2026-08-09T19:24:43.708+0000] {processor.py:840} INFO - DAG(s) 'forecast_logging' retrieved from /opt/airflow/dags/forecast_logging_dag.py
[2026-08-09T19:24:43.773+0000] {logging_mixin.py:188} INFO - [2026-08-09T19:24:43.772+0000] {dag.py:3089} INFO - Sync 1 DAGs
[2026-08-09T19:24:43.823+0000] {logging_mixin.py:188} INFO - [2026-08-09T19:24:43.822+0000] {dag.py:3947} INFO - Setting next_dagrun for forecast_logging to 2026-08-09 00:00:00+00:00, run_after=2026-08-10 00:00:00+00:00
[2026-08-09T19:24:43.860+0000] {processor.py:183} INFO - Processing /opt/airflow/dags/forecast_logging_dag.py took 9.287 seconds
[2026-08-09T19:25:14.260+0000] {processor.py:161} INFO - Started process (PID=6278) to work on /opt/airflow/dags/forecast_logging_dag.py
[2026-08-09T19:25:14.263+0000] {processor.py:830} INFO - Processing file /opt/airflow/dags/forecast_logging_dag.py for tasks to queue
[2026-08-09T19:25:14.266+0000] {logging_mixin.py:188} INFO - [2026-08-09T19:25:14.265+0000] {dagbag.py:545} INFO - Filling up the DagBag from /opt/airflow/dags/forecast_logging_dag.py
[2026-08-09T19:25:22.955+0000] {processor.py:840} INFO - DAG(s) 'forecast_logging' retrieved from /opt/airflow/dags/forecast_logging_dag.py
[2026-08-09T19:25:23.001+0000] {logging_mixin.py:188} INFO - [2026-08-09T19:25:23.001+0000] {dag.py:3089} INFO - Sync 1 DAGs
[2026-08-09T19:25:23.037+0000] {logging_mixin.py:188} INFO - [2026-08-09T19:25:23.036+0000] {dag.py:3947} INFO - Setting next_dagrun for forecast_logging to 2026-08-09 00:00:00+00:00, run_after=2026-08-10 00:00:00+00:00
[2026-08-09T19:25:23.073+0000] {processor.py:183} INFO - Processing /opt/airflow/dags/forecast_logging_dag.py took 8.835 seconds
[2026-08-09T19:25:53.689+0000] {processor.py:161} INFO - Started process (PID=6309) to work on /opt/airflow/dags/forecast_logging_dag.py
[2026-08-09T19:25:53.691+0000] {processor.py:830} INFO - Processing file /opt/airflow/dags/forecast_logging_dag.py for tasks to queue
[2026-08-09T19:25:53.694+0000] {logging_mixin.py:188} INFO - [2026-08-09T19:25:53.693+0000] {dagbag.py:545} INFO - Filling up the DagBag from /opt/airflow/dags/forecast_logging_dag.py
[2026-08-09T19:26:01.015+0000] {processor.py:840} INFO - DAG(s) 'forecast_logging' retrieved from /opt/airflow/dags/forecast_logging_dag.py
[2026-08-09T19:26:01.069+0000] {logging_mixin.py:188} INFO - [2026-08-09T19:26:01.068+0000] {dag.py:3089} INFO - Sync 1 DAGs
[2026-08-09T19:26:01.111+0000] {logging_mixin.py:188} INFO - [2026-08-09T19:26:01.110+0000] {dag.py:3947} INFO - Setting next_dagrun for forecast_logging to 2026-08-09 00:00:00+00:00, run_after=2026-08-10 00:00:00+00:00
[2026-08-09T19:26:01.162+0000] {processor.py:183} INFO - Processing /opt/airflow/dags/forecast_logging_dag.py took 8.705 seconds
[2026-08-09T19:26:31.675+0000] {processor.py:161} INFO - Started process (PID=6340) to work on /opt/airflow/dags/forecast_logging_dag.py
[2026-08-09T19:26:31.678+0000] {processor.py:830} INFO - Processing file /opt/airflow/dags/forecast_logging_dag.py for tasks to queue
[2026-08-09T19:26:31.681+0000] {logging_mixin.py:188} INFO - [2026-08-09T19:26:31.680+0000] {dagbag.py:545} INFO - Filling up the DagBag from /opt/airflow/dags/forecast_logging_dag.py
[2026-08-09T19:26:40.766+0000] {processor.py:840} INFO - DAG(s) 'forecast_logging' retrieved from /opt/airflow/dags/forecast_logging_dag.py
[2026-08-09T19:26:40.817+0000] {logging_mixin.py:188} INFO - [2026-08-09T19:26:40.816+0000] {dag.py:3089} INFO - Sync 1 DAGs
[2026-08-09T19:26:40.856+0000] {logging_mixin.py:188} INFO - [2026-08-09T19:26:40.855+0000] {dag.py:3947} INFO - Setting next_dagrun for forecast_logging to 2026-08-09 00:00:00+00:00, run_after=2026-08-10 00:00:00+00:00
[2026-08-09T19:26:40.895+0000] {processor.py:183} INFO - Processing /opt/airflow/dags/forecast_logging_dag.py took 9.247 seconds
[2026-08-09T19:27:11.643+0000] {processor.py:161} INFO - Started process (PID=6383) to work on /opt/airflow/dags/forecast_logging_dag.py
[2026-08-09T19:27:11.645+0000] {processor.py:830} INFO - Processing file /opt/airflow/dags/forecast_logging_dag.py for tasks to queue
[2026-08-09T19:27:11.648+0000] {logging_mixin.py:188} INFO - [2026-08-09T19:27:11.647+0000] {dagbag.py:545} INFO - Filling up the DagBag from /opt/airflow/dags/forecast_logging_dag.py
[2026-08-09T19:27:21.044+0000] {processor.py:840} INFO - DAG(s) 'forecast_logging' retrieved from /opt/airflow/dags/forecast_logging_dag.py
[2026-08-09T19:27:21.095+0000] {logging_mixin.py:188} INFO - [2026-08-09T19:27:21.094+0000] {dag.py:3089} INFO - Sync 1 DAGs
[2026-08-09T19:27:21.131+0000] {logging_mixin.py:188} INFO - [2026-08-09T19:27:21.131+0000] {dag.py:3947} INFO - Setting next_dagrun for forecast_logging to 2026-08-09 00:00:00+00:00, run_after=2026-08-10 00:00:00+00:00
[2026-08-09T19:27:21.169+0000] {processor.py:183} INFO - Processing /opt/airflow/dags/forecast_logging_dag.py took 9.545 seconds
[2026-08-09T19:27:51.793+0000] {processor.py:161} INFO - Started process (PID=6414) to work on /opt/airflow/dags/forecast_logging_dag.py
[2026-08-09T19:27:51.796+0000] {processor.py:830} INFO - Processing file /opt/airflow/dags/forecast_logging_dag.py for tasks to queue
[2026-08-09T19:27:51.798+0000] {logging_mixin.py:188} INFO - [2026-08-09T19:27:51.797+0000] {dagbag.py:545} INFO - Filling up the DagBag from /opt/airflow/dags/forecast_logging_dag.py
[2026-08-09T19:27:58.946+0000] {processor.py:840} INFO - DAG(s) 'forecast_logging' retrieved from /opt/airflow/dags/forecast_logging_dag.py
[2026-08-09T19:27:59.002+0000] {logging_mixin.py:188} INFO - [2026-08-09T19:27:59.001+0000] {dag.py:3089} INFO - Sync 1 DAGs
[2026-08-09T19:27:59.054+0000] {logging_mixin.py:188} INFO - [2026-08-09T19:27:59.053+0000] {dag.py:3947} INFO - Setting next_dagrun for forecast_logging to 2026-08-09 00:00:00+00:00, run_after=2026-08-10 00:00:00+00:00
[2026-08-09T19:27:59.095+0000] {processor.py:183} INFO - Processing /opt/airflow/dags/forecast_logging_dag.py took 8.637 seconds
[2026-08-09T19:28:29.716+0000] {processor.py:161} INFO - Started process (PID=6445) to work on /opt/airflow/dags/forecast_logging_dag.py
[2026-08-09T19:28:29.718+0000] {processor.py:830} INFO - Processing file /opt/airflow/dags/forecast_logging_dag.py for tasks to queue
[2026-08-09T19:28:29.721+0000] {logging_mixin.py:188} INFO - [2026-08-09T19:28:29.720+0000] {dagbag.py:545} INFO - Filling up the DagBag from /opt/airflow/dags/forecast_logging_dag.py
[2026-08-09T19:28:37.986+0000] {processor.py:840} INFO - DAG(s) 'forecast_logging' retrieved from /opt/airflow/dags/forecast_logging_dag.py
[2026-08-09T19:28:38.035+0000] {logging_mixin.py:188} INFO - [2026-08-09T19:28:38.034+0000] {dag.py:3089} INFO - Sync 1 DAGs
[2026-08-09T19:28:38.072+0000] {logging_mixin.py:188} INFO - [2026-08-09T19:28:38.071+0000] {dag.py:3947} INFO - Setting next_dagrun for forecast_logging to 2026-08-09 00:00:00+00:00, run_after=2026-08-10 00:00:00+00:00
[2026-08-09T19:28:38.109+0000] {processor.py:183} INFO - Processing /opt/airflow/dags/forecast_logging_dag.py took 8.416 seconds
[2026-08-09T19:29:08.632+0000] {processor.py:161} INFO - Started process (PID=6476) to work on /opt/airflow/dags/forecast_logging_dag.py
[2026-08-09T19:29:08.634+0000] {processor.py:830} INFO - Processing file /opt/airflow/dags/forecast_logging_dag.py for tasks to queue
[2026-08-09T19:29:08.637+0000] {logging_mixin.py:188} INFO - [2026-08-09T19:29:08.636+0000] {dagbag.py:545} INFO - Filling up the DagBag from /opt/airflow/dags/forecast_logging_dag.py
[2026-08-09T19:29:18.355+0000] {processor.py:840} INFO - DAG(s) 'forecast_logging' retrieved from /opt/airflow/dags/forecast_logging_dag.py
[2026-08-09T19:29:25.533+0000] {logging_mixin.py:188} INFO - [2026-08-09T19:29:25.530+0000] {dag.py:3089} INFO - Sync 1 DAGs
[2026-08-09T19:29:25.647+0000] {logging_mixin.py:188} INFO - [2026-08-09T19:29:25.646+0000] {dag.py:3947} INFO - Setting next_dagrun for forecast_logging to 2026-08-09 00:00:00+00:00, run_after=2026-08-10 00:00:00+00:00
[2026-08-09T19:29:25.708+0000] {processor.py:183} INFO - Processing /opt/airflow/dags/forecast_logging_dag.py took 17.560 seconds
[2026-08-09T19:29:56.858+0000] {processor.py:161} INFO - Started process (PID=6507) to work on /opt/airflow/dags/forecast_logging_dag.py
[2026-08-09T19:29:56.863+0000] {processor.py:830} INFO - Processing file /opt/airflow/dags/forecast_logging_dag.py for tasks to queue
[2026-08-09T19:29:56.868+0000] {logging_mixin.py:188} INFO - [2026-08-09T19:29:56.867+0000] {dagbag.py:545} INFO - Filling up the DagBag from /opt/airflow/dags/forecast_logging_dag.py
[2026-08-09T19:30:06.643+0000] {processor.py:840} INFO - DAG(s) 'forecast_logging' retrieved from /opt/airflow/dags/forecast_logging_dag.py
[2026-08-09T19:30:06.707+0000] {logging_mixin.py:188} INFO - [2026-08-09T19:30:06.706+0000] {dag.py:3089} INFO - Sync 1 DAGs
[2026-08-09T19:30:06.748+0000] {logging_mixin.py:188} INFO - [2026-08-09T19:30:06.747+0000] {dag.py:3947} INFO - Setting next_dagrun for forecast_logging to 2026-08-09 00:00:00+00:00, run_after=2026-08-10 00:00:00+00:00
[2026-08-09T19:30:06.781+0000] {processor.py:183} INFO - Processing /opt/airflow/dags/forecast_logging_dag.py took 9.960 seconds
[2026-08-09T19:30:37.171+0000] {processor.py:161} INFO - Started process (PID=6550) to work on /opt/airflow/dags/forecast_logging_dag.py
[2026-08-09T19:30:37.173+0000] {processor.py:830} INFO - Processing file /opt/airflow/dags/forecast_logging_dag.py for tasks to queue
[2026-08-09T19:30:37.175+0000] {logging_mixin.py:188} INFO - [2026-08-09T19:30:37.175+0000] {dagbag.py:545} INFO - Filling up the DagBag from /opt/airflow/dags/forecast_logging_dag.py
[2026-08-09T19:30:46.249+0000] {processor.py:840} INFO - DAG(s) 'forecast_logging' retrieved from /opt/airflow/dags/forecast_logging_dag.py
[2026-08-09T19:30:46.296+0000] {logging_mixin.py:188} INFO - [2026-08-09T19:30:46.295+0000] {dag.py:3089} INFO - Sync 1 DAGs
[2026-08-09T19:30:46.337+0000] {logging_mixin.py:188} INFO - [2026-08-09T19:30:46.336+0000] {dag.py:3947} INFO - Setting next_dagrun for forecast_logging to 2026-08-09 00:00:00+00:00, run_after=2026-08-10 00:00:00+00:00
[2026-08-09T19:30:46.374+0000] {processor.py:183} INFO - Processing /opt/airflow/dags/forecast_logging_dag.py took 9.570 seconds
[2026-08-09T19:31:16.949+0000] {processor.py:161} INFO - Started process (PID=6581) to work on /opt/airflow/dags/forecast_logging_dag.py
[2026-08-09T19:31:16.952+0000] {processor.py:830} INFO - Processing file /opt/airflow/dags/forecast_logging_dag.py for tasks to queue
[2026-08-09T19:31:16.957+0000] {logging_mixin.py:188} INFO - [2026-08-09T19:31:16.954+0000] {dagbag.py:545} INFO - Filling up the DagBag from /opt/airflow/dags/forecast_logging_dag.py
[2026-08-09T19:31:25.428+0000] {processor.py:840} INFO - DAG(s) 'forecast_logging' retrieved from /opt/airflow/dags/forecast_logging_dag.py
[2026-08-09T19:31:25.477+0000] {logging_mixin.py:188} INFO - [2026-08-09T19:31:25.476+0000] {dag.py:3089} INFO - Sync 1 DAGs
[2026-08-09T19:31:25.517+0000] {logging_mixin.py:188} INFO - [2026-08-09T19:31:25.517+0000] {dag.py:3947} INFO - Setting next_dagrun for forecast_logging to 2026-08-09 00:00:00+00:00, run_after=2026-08-10 00:00:00+00:00
[2026-08-09T19:31:25.555+0000] {processor.py:183} INFO - Processing /opt/airflow/dags/forecast_logging_dag.py took 8.629 seconds
[2026-08-09T19:31:56.378+0000] {processor.py:161} INFO - Started process (PID=6612) to work on /opt/airflow/dags/forecast_logging_dag.py
[2026-08-09T19:31:56.380+0000] {processor.py:830} INFO - Processing file /opt/airflow/dags/forecast_logging_dag.py for tasks to queue
[2026-08-09T19:31:56.382+0000] {logging_mixin.py:188} INFO - [2026-08-09T19:31:56.381+0000] {dagbag.py:545} INFO - Filling up the DagBag from /opt/airflow/dags/forecast_logging_dag.py
[2026-08-09T19:32:05.074+0000] {processor.py:840} INFO - DAG(s) 'forecast_logging' retrieved from /opt/airflow/dags/forecast_logging_dag.py
[2026-08-09T19:32:05.133+0000] {logging_mixin.py:188} INFO - [2026-08-09T19:32:05.132+0000] {dag.py:3089} INFO - Sync 1 DAGs
[2026-08-09T19:32:05.173+0000] {logging_mixin.py:188} INFO - [2026-08-09T19:32:05.172+0000] {dag.py:3947} INFO - Setting next_dagrun for forecast_logging to 2026-08-09 00:00:00+00:00, run_after=2026-08-10 00:00:00+00:00
[2026-08-09T19:32:05.214+0000] {processor.py:183} INFO - Processing /opt/airflow/dags/forecast_logging_dag.py took 8.861 seconds
[2026-08-09T19:32:35.681+0000] {processor.py:161} INFO - Started process (PID=6643) to work on /opt/airflow/dags/forecast_logging_dag.py
[2026-08-09T19:32:35.684+0000] {processor.py:830} INFO - Processing file /opt/airflow/dags/forecast_logging_dag.py for tasks to queue
[2026-08-09T19:32:35.687+0000] {logging_mixin.py:188} INFO - [2026-08-09T19:32:35.686+0000] {dagbag.py:545} INFO - Filling up the DagBag from /opt/airflow/dags/forecast_logging_dag.py
[2026-08-09T19:32:44.929+0000] {processor.py:840} INFO - DAG(s) 'forecast_logging' retrieved from /opt/airflow/dags/forecast_logging_dag.py
[2026-08-09T19:32:44.991+0000] {logging_mixin.py:188} INFO - [2026-08-09T19:32:44.990+0000] {dag.py:3089} INFO - Sync 1 DAGs
[2026-08-09T19:32:45.038+0000] {logging_mixin.py:188} INFO - [2026-08-09T19:32:45.037+0000] {dag.py:3947} INFO - Setting next_dagrun for forecast_logging to 2026-08-09 00:00:00+00:00, run_after=2026-08-10 00:00:00+00:00
[2026-08-09T19:32:45.097+0000] {processor.py:183} INFO - Processing /opt/airflow/dags/forecast_logging_dag.py took 10.633 seconds
[2026-08-09T20:54:12.123+0000] {processor.py:161} INFO - Started process (PID=6674) to work on /opt/airflow/dags/forecast_logging_dag.py
[2026-08-09T20:54:12.131+0000] {processor.py:830} INFO - Processing file /opt/airflow/dags/forecast_logging_dag.py for tasks to queue
[2026-08-09T20:54:12.189+0000] {logging_mixin.py:188} INFO - [2026-08-09T20:54:12.188+0000] {dagbag.py:545} INFO - Filling up the DagBag from /opt/airflow/dags/forecast_logging_dag.py
