[2026-08-09T00:59:42.595+0000] {processor.py:161} INFO - Started process (PID=2768) to work on /opt/airflow/dags/training_pipeline_dag.py
[2026-08-09T00:59:42.610+0000] {processor.py:830} INFO - Processing file /opt/airflow/dags/training_pipeline_dag.py for tasks to queue
[2026-08-09T00:59:42.625+0000] {logging_mixin.py:188} INFO - [2026-08-09T00:59:42.623+0000] {dagbag.py:545} INFO - Filling up the DagBag from /opt/airflow/dags/training_pipeline_dag.py
[2026-08-09T00:59:44.681+0000] {processor.py:840} INFO - DAG(s) 'training_pipeline' retrieved from /opt/airflow/dags/training_pipeline_dag.py
[2026-08-09T00:59:44.726+0000] {logging_mixin.py:188} INFO - [2026-08-09T00:59:44.725+0000] {dag.py:3089} INFO - Sync 1 DAGs
[2026-08-09T00:59:44.762+0000] {logging_mixin.py:188} INFO - [2026-08-09T00:59:44.761+0000] {dag.py:3947} INFO - Setting next_dagrun for training_pipeline to 2026-08-09 00:00:00+00:00, run_after=2026-08-10 00:00:00+00:00
[2026-08-09T00:59:44.796+0000] {processor.py:183} INFO - Processing /opt/airflow/dags/training_pipeline_dag.py took 2.240 seconds
[2026-08-09T13:40:44.973+0000] {processor.py:161} INFO - Started process (PID=170) to work on /opt/airflow/dags/training_pipeline_dag.py
[2026-08-09T13:40:44.983+0000] {processor.py:830} INFO - Processing file /opt/airflow/dags/training_pipeline_dag.py for tasks to queue
[2026-08-09T13:40:44.990+0000] {logging_mixin.py:188} INFO - [2026-08-09T13:40:44.989+0000] {dagbag.py:545} INFO - Filling up the DagBag from /opt/airflow/dags/training_pipeline_dag.py
[2026-08-09T13:40:55.203+0000] {processor.py:840} INFO - DAG(s) 'training_pipeline' retrieved from /opt/airflow/dags/training_pipeline_dag.py
[2026-08-09T13:40:55.577+0000] {logging_mixin.py:188} INFO - [2026-08-09T13:40:55.575+0000] {dag.py:3089} INFO - Sync 1 DAGs
[2026-08-09T13:40:55.691+0000] {logging_mixin.py:188} INFO - [2026-08-09T13:40:55.690+0000] {dag.py:3947} INFO - Setting next_dagrun for training_pipeline to 2026-08-09 00:00:00+00:00, run_after=2026-08-10 00:00:00+00:00
[2026-08-09T13:40:55.861+0000] {processor.py:183} INFO - Processing /opt/airflow/dags/training_pipeline_dag.py took 10.914 seconds
[2026-08-09T13:41:27.454+0000] {processor.py:161} INFO - Started process (PID=217) to work on /opt/airflow/dags/training_pipeline_dag.py
[2026-08-09T13:41:27.464+0000] {processor.py:830} INFO - Processing file /opt/airflow/dags/training_pipeline_dag.py for tasks to queue
[2026-08-09T13:41:27.714+0000] {logging_mixin.py:188} INFO - [2026-08-09T13:41:27.699+0000] {dagbag.py:545} INFO - Filling up the DagBag from /opt/airflow/dags/training_pipeline_dag.py
[2026-08-09T13:44:37.284+0000] {processor.py:161} INFO - Started process (PID=240) to work on /opt/airflow/dags/training_pipeline_dag.py
[2026-08-09T13:44:38.981+0000] {processor.py:830} INFO - Processing file /opt/airflow/dags/training_pipeline_dag.py for tasks to queue
[2026-08-09T13:44:39.683+0000] {logging_mixin.py:188} INFO - [2026-08-09T13:44:39.364+0000] {dagbag.py:545} INFO - Filling up the DagBag from /opt/airflow/dags/training_pipeline_dag.py
[2026-08-09T13:45:17.721+0000] {logging_mixin.py:188} INFO - [2026-08-09T13:45:17.720+0000] {timeout.py:68} ERROR - Process timed out, PID: 240
[2026-08-09T13:45:17.722+0000] {logging_mixin.py:188} WARNING - Exception ignored in: <bound method _MultipleClassMarker._remove_item of <sqlalchemy.orm.clsregistry._MultipleClassMarker object at 0x7ccb8cc7ce00>>
[2026-08-09T13:45:17.723+0000] {logging_mixin.py:188} WARNING - Traceback (most recent call last):
[2026-08-09T13:45:17.724+0000] {logging_mixin.py:188} WARNING -   File "/home/airflow/.local/lib/python3.11/site-packages/sqlalchemy/orm/clsregistry.py", line 157, in _remove_item
[2026-08-09T13:45:17.732+0000] {logging_mixin.py:188} WARNING -     def _remove_item(self, ref):
[2026-08-09T13:45:17.733+0000] {logging_mixin.py:188} WARNING -   File "/home/airflow/.local/lib/python3.11/site-packages/airflow/utils/timeout.py", line 69, in handle_timeout
[2026-08-09T13:45:17.737+0000] {logging_mixin.py:188} WARNING -     raise AirflowTaskTimeout(self.error_message)
[2026-08-09T13:45:17.738+0000] {logging_mixin.py:188} WARNING - airflow.exceptions.AirflowTaskTimeout: DagBag import timeout for /opt/airflow/dags/training_pipeline_dag.py after 30.0s.
Please take a look at these docs to improve your DAG import time:
* https://airflow.apache.org/docs/apache-airflow/2.9.3/best-practices.html#top-level-python-code
* https://airflow.apache.org/docs/apache-airflow/2.9.3/best-practices.html#reducing-dag-complexity, PID: 240
[2026-08-09T13:45:50.196+0000] {processor.py:161} INFO - Started process (PID=250) to work on /opt/airflow/dags/training_pipeline_dag.py
[2026-08-09T13:45:50.199+0000] {processor.py:830} INFO - Processing file /opt/airflow/dags/training_pipeline_dag.py for tasks to queue
[2026-08-09T13:45:50.201+0000] {logging_mixin.py:188} INFO - [2026-08-09T13:45:50.201+0000] {dagbag.py:545} INFO - Filling up the DagBag from /opt/airflow/dags/training_pipeline_dag.py
[2026-08-09T13:45:52.359+0000] {processor.py:840} INFO - DAG(s) 'training_pipeline' retrieved from /opt/airflow/dags/training_pipeline_dag.py
[2026-08-09T13:45:53.087+0000] {logging_mixin.py:188} INFO - [2026-08-09T13:45:53.087+0000] {dag.py:3089} INFO - Sync 1 DAGs
[2026-08-09T13:45:53.160+0000] {logging_mixin.py:188} INFO - [2026-08-09T13:45:53.159+0000] {dag.py:3947} INFO - Setting next_dagrun for training_pipeline to 2026-08-09 00:00:00+00:00, run_after=2026-08-10 00:00:00+00:00
[2026-08-09T13:45:53.222+0000] {processor.py:183} INFO - Processing /opt/airflow/dags/training_pipeline_dag.py took 3.043 seconds
[2026-08-09T13:46:24.090+0000] {processor.py:161} INFO - Started process (PID=262) to work on /opt/airflow/dags/training_pipeline_dag.py
[2026-08-09T13:46:24.096+0000] {processor.py:830} INFO - Processing file /opt/airflow/dags/training_pipeline_dag.py for tasks to queue
[2026-08-09T13:46:24.098+0000] {logging_mixin.py:188} INFO - [2026-08-09T13:46:24.098+0000] {dagbag.py:545} INFO - Filling up the DagBag from /opt/airflow/dags/training_pipeline_dag.py
[2026-08-09T13:46:33.901+0000] {processor.py:840} INFO - DAG(s) 'training_pipeline' retrieved from /opt/airflow/dags/training_pipeline_dag.py
[2026-08-09T13:46:34.050+0000] {logging_mixin.py:188} INFO - [2026-08-09T13:46:34.048+0000] {dag.py:3089} INFO - Sync 1 DAGs
[2026-08-09T13:46:34.305+0000] {logging_mixin.py:188} INFO - [2026-08-09T13:46:34.304+0000] {dag.py:3947} INFO - Setting next_dagrun for training_pipeline to 2026-08-09 00:00:00+00:00, run_after=2026-08-10 00:00:00+00:00
[2026-08-09T13:46:34.683+0000] {processor.py:183} INFO - Processing /opt/airflow/dags/training_pipeline_dag.py took 12.691 seconds
[2026-08-09T13:47:05.212+0000] {processor.py:161} INFO - Started process (PID=274) to work on /opt/airflow/dags/training_pipeline_dag.py
[2026-08-09T13:47:05.214+0000] {processor.py:830} INFO - Processing file /opt/airflow/dags/training_pipeline_dag.py for tasks to queue
[2026-08-09T13:47:05.217+0000] {logging_mixin.py:188} INFO - [2026-08-09T13:47:05.216+0000] {dagbag.py:545} INFO - Filling up the DagBag from /opt/airflow/dags/training_pipeline_dag.py
[2026-08-09T13:47:07.516+0000] {processor.py:840} INFO - DAG(s) 'training_pipeline' retrieved from /opt/airflow/dags/training_pipeline_dag.py
[2026-08-09T13:47:07.602+0000] {logging_mixin.py:188} INFO - [2026-08-09T13:47:07.601+0000] {dag.py:3089} INFO - Sync 1 DAGs
[2026-08-09T13:47:07.681+0000] {logging_mixin.py:188} INFO - [2026-08-09T13:47:07.680+0000] {dag.py:3947} INFO - Setting next_dagrun for training_pipeline to 2026-08-09 00:00:00+00:00, run_after=2026-08-10 00:00:00+00:00
[2026-08-09T13:47:07.729+0000] {processor.py:183} INFO - Processing /opt/airflow/dags/training_pipeline_dag.py took 2.543 seconds
[2026-08-09T13:47:38.549+0000] {processor.py:161} INFO - Started process (PID=286) to work on /opt/airflow/dags/training_pipeline_dag.py
[2026-08-09T13:47:38.552+0000] {processor.py:830} INFO - Processing file /opt/airflow/dags/training_pipeline_dag.py for tasks to queue
[2026-08-09T13:47:38.555+0000] {logging_mixin.py:188} INFO - [2026-08-09T13:47:38.554+0000] {dagbag.py:545} INFO - Filling up the DagBag from /opt/airflow/dags/training_pipeline_dag.py
[2026-08-09T13:47:40.154+0000] {processor.py:840} INFO - DAG(s) 'training_pipeline' retrieved from /opt/airflow/dags/training_pipeline_dag.py
[2026-08-09T13:47:40.233+0000] {logging_mixin.py:188} INFO - [2026-08-09T13:47:40.229+0000] {dag.py:3089} INFO - Sync 1 DAGs
[2026-08-09T13:47:40.734+0000] {logging_mixin.py:188} INFO - [2026-08-09T13:47:40.733+0000] {dag.py:3947} INFO - Setting next_dagrun for training_pipeline to 2026-08-09 00:00:00+00:00, run_after=2026-08-10 00:00:00+00:00
[2026-08-09T13:47:40.782+0000] {processor.py:183} INFO - Processing /opt/airflow/dags/training_pipeline_dag.py took 2.253 seconds
[2026-08-09T13:48:11.566+0000] {processor.py:161} INFO - Started process (PID=298) to work on /opt/airflow/dags/training_pipeline_dag.py
[2026-08-09T13:48:11.568+0000] {processor.py:830} INFO - Processing file /opt/airflow/dags/training_pipeline_dag.py for tasks to queue
[2026-08-09T13:48:11.571+0000] {logging_mixin.py:188} INFO - [2026-08-09T13:48:11.570+0000] {dagbag.py:545} INFO - Filling up the DagBag from /opt/airflow/dags/training_pipeline_dag.py
[2026-08-09T13:48:13.398+0000] {processor.py:840} INFO - DAG(s) 'training_pipeline' retrieved from /opt/airflow/dags/training_pipeline_dag.py
[2026-08-09T13:48:14.012+0000] {logging_mixin.py:188} INFO - [2026-08-09T13:48:14.010+0000] {dag.py:3089} INFO - Sync 1 DAGs
[2026-08-09T13:48:14.070+0000] {logging_mixin.py:188} INFO - [2026-08-09T13:48:14.069+0000] {dag.py:3947} INFO - Setting next_dagrun for training_pipeline to 2026-08-09 00:00:00+00:00, run_after=2026-08-10 00:00:00+00:00
[2026-08-09T13:48:14.119+0000] {processor.py:183} INFO - Processing /opt/airflow/dags/training_pipeline_dag.py took 2.571 seconds
[2026-08-09T13:48:45.213+0000] {processor.py:161} INFO - Started process (PID=310) to work on /opt/airflow/dags/training_pipeline_dag.py
[2026-08-09T13:48:45.216+0000] {processor.py:830} INFO - Processing file /opt/airflow/dags/training_pipeline_dag.py for tasks to queue
[2026-08-09T13:48:45.219+0000] {logging_mixin.py:188} INFO - [2026-08-09T13:48:45.218+0000] {dagbag.py:545} INFO - Filling up the DagBag from /opt/airflow/dags/training_pipeline_dag.py
[2026-08-09T13:49:39.929+0000] {processor.py:161} INFO - Started process (PID=176) to work on /opt/airflow/dags/training_pipeline_dag.py
[2026-08-09T13:49:39.937+0000] {processor.py:830} INFO - Processing file /opt/airflow/dags/training_pipeline_dag.py for tasks to queue
[2026-08-09T13:49:39.947+0000] {logging_mixin.py:188} INFO - [2026-08-09T13:49:39.945+0000] {dagbag.py:545} INFO - Filling up the DagBag from /opt/airflow/dags/training_pipeline_dag.py
[2026-08-09T13:49:45.346+0000] {processor.py:840} INFO - DAG(s) 'training_pipeline' retrieved from /opt/airflow/dags/training_pipeline_dag.py
[2026-08-09T13:49:45.569+0000] {logging_mixin.py:188} INFO - [2026-08-09T13:49:45.568+0000] {dag.py:3089} INFO - Sync 1 DAGs
[2026-08-09T13:49:45.610+0000] {logging_mixin.py:188} INFO - [2026-08-09T13:49:45.609+0000] {dag.py:3947} INFO - Setting next_dagrun for training_pipeline to 2026-08-09 00:00:00+00:00, run_after=2026-08-10 00:00:00+00:00
[2026-08-09T13:49:44.981+0000] {processor.py:183} INFO - Processing /opt/airflow/dags/training_pipeline_dag.py took 6.807 seconds
[2026-08-09T13:50:15.335+0000] {processor.py:161} INFO - Started process (PID=193) to work on /opt/airflow/dags/training_pipeline_dag.py
[2026-08-09T13:50:15.356+0000] {processor.py:830} INFO - Processing file /opt/airflow/dags/training_pipeline_dag.py for tasks to queue
[2026-08-09T13:50:15.360+0000] {logging_mixin.py:188} INFO - [2026-08-09T13:50:15.360+0000] {dagbag.py:545} INFO - Filling up the DagBag from /opt/airflow/dags/training_pipeline_dag.py
[2026-08-09T13:50:15.868+0000] {processor.py:840} INFO - DAG(s) 'training_pipeline' retrieved from /opt/airflow/dags/training_pipeline_dag.py
[2026-08-09T13:50:17.028+0000] {logging_mixin.py:188} INFO - [2026-08-09T13:50:17.027+0000] {dag.py:3089} INFO - Sync 1 DAGs
[2026-08-09T13:50:17.089+0000] {logging_mixin.py:188} INFO - [2026-08-09T13:50:17.088+0000] {dag.py:3947} INFO - Setting next_dagrun for training_pipeline to 2026-08-09 00:00:00+00:00, run_after=2026-08-10 00:00:00+00:00
[2026-08-09T13:50:17.176+0000] {processor.py:183} INFO - Processing /opt/airflow/dags/training_pipeline_dag.py took 3.605 seconds
[2026-08-09T13:50:47.555+0000] {processor.py:161} INFO - Started process (PID=210) to work on /opt/airflow/dags/training_pipeline_dag.py
[2026-08-09T13:50:47.559+0000] {processor.py:830} INFO - Processing file /opt/airflow/dags/training_pipeline_dag.py for tasks to queue
[2026-08-09T13:50:47.564+0000] {logging_mixin.py:188} INFO - [2026-08-09T13:50:47.563+0000] {dagbag.py:545} INFO - Filling up the DagBag from /opt/airflow/dags/training_pipeline_dag.py
[2026-08-09T13:50:49.572+0000] {processor.py:840} INFO - DAG(s) 'training_pipeline' retrieved from /opt/airflow/dags/training_pipeline_dag.py
[2026-08-09T13:50:49.637+0000] {logging_mixin.py:188} INFO - [2026-08-09T13:50:49.636+0000] {dag.py:3089} INFO - Sync 1 DAGs
[2026-08-09T13:50:49.688+0000] {logging_mixin.py:188} INFO - [2026-08-09T13:50:49.688+0000] {dag.py:3947} INFO - Setting next_dagrun for training_pipeline to 2026-08-09 00:00:00+00:00, run_after=2026-08-10 00:00:00+00:00
[2026-08-09T13:50:49.738+0000] {processor.py:183} INFO - Processing /opt/airflow/dags/training_pipeline_dag.py took 2.206 seconds
[2026-08-09T13:51:19.980+0000] {processor.py:161} INFO - Started process (PID=224) to work on /opt/airflow/dags/training_pipeline_dag.py
[2026-08-09T13:51:19.984+0000] {processor.py:830} INFO - Processing file /opt/airflow/dags/training_pipeline_dag.py for tasks to queue
[2026-08-09T13:51:19.989+0000] {logging_mixin.py:188} INFO - [2026-08-09T13:51:19.988+0000] {dagbag.py:545} INFO - Filling up the DagBag from /opt/airflow/dags/training_pipeline_dag.py
[2026-08-09T13:51:22.060+0000] {processor.py:840} INFO - DAG(s) 'training_pipeline' retrieved from /opt/airflow/dags/training_pipeline_dag.py
[2026-08-09T13:51:22.151+0000] {logging_mixin.py:188} INFO - [2026-08-09T13:51:22.150+0000] {dag.py:3089} INFO - Sync 1 DAGs
[2026-08-09T13:51:22.473+0000] {logging_mixin.py:188} INFO - [2026-08-09T13:51:22.472+0000] {dag.py:3947} INFO - Setting next_dagrun for training_pipeline to 2026-08-09 00:00:00+00:00, run_after=2026-08-10 00:00:00+00:00
[2026-08-09T13:51:22.520+0000] {processor.py:183} INFO - Processing /opt/airflow/dags/training_pipeline_dag.py took 2.557 seconds
[2026-08-09T13:51:53.180+0000] {processor.py:161} INFO - Started process (PID=244) to work on /opt/airflow/dags/training_pipeline_dag.py
[2026-08-09T13:51:53.184+0000] {processor.py:830} INFO - Processing file /opt/airflow/dags/training_pipeline_dag.py for tasks to queue
[2026-08-09T13:51:53.189+0000] {logging_mixin.py:188} INFO - [2026-08-09T13:51:53.188+0000] {dagbag.py:545} INFO - Filling up the DagBag from /opt/airflow/dags/training_pipeline_dag.py
[2026-08-09T13:51:55.106+0000] {processor.py:840} INFO - DAG(s) 'training_pipeline' retrieved from /opt/airflow/dags/training_pipeline_dag.py
[2026-08-09T13:51:55.199+0000] {logging_mixin.py:188} INFO - [2026-08-09T13:51:55.196+0000] {dag.py:3089} INFO - Sync 1 DAGs
[2026-08-09T13:51:55.444+0000] {logging_mixin.py:188} INFO - [2026-08-09T13:51:55.443+0000] {dag.py:3947} INFO - Setting next_dagrun for training_pipeline to 2026-08-09 00:00:00+00:00, run_after=2026-08-10 00:00:00+00:00
[2026-08-09T13:51:55.490+0000] {processor.py:183} INFO - Processing /opt/airflow/dags/training_pipeline_dag.py took 2.328 seconds
[2026-08-09T13:52:26.160+0000] {processor.py:161} INFO - Started process (PID=261) to work on /opt/airflow/dags/training_pipeline_dag.py
[2026-08-09T13:52:26.163+0000] {processor.py:830} INFO - Processing file /opt/airflow/dags/training_pipeline_dag.py for tasks to queue
[2026-08-09T13:52:26.167+0000] {logging_mixin.py:188} INFO - [2026-08-09T13:52:26.166+0000] {dagbag.py:545} INFO - Filling up the DagBag from /opt/airflow/dags/training_pipeline_dag.py
[2026-08-09T13:52:27.557+0000] {processor.py:840} INFO - DAG(s) 'training_pipeline' retrieved from /opt/airflow/dags/training_pipeline_dag.py
[2026-08-09T13:52:28.314+0000] {logging_mixin.py:188} INFO - [2026-08-09T13:52:28.311+0000] {dag.py:3089} INFO - Sync 1 DAGs
[2026-08-09T13:52:28.746+0000] {logging_mixin.py:188} INFO - [2026-08-09T13:52:28.740+0000] {dag.py:3947} INFO - Setting next_dagrun for training_pipeline to 2026-08-09 00:00:00+00:00, run_after=2026-08-10 00:00:00+00:00
[2026-08-09T13:52:29.204+0000] {processor.py:183} INFO - Processing /opt/airflow/dags/training_pipeline_dag.py took 3.061 seconds
[2026-08-09T13:52:59.462+0000] {processor.py:161} INFO - Started process (PID=275) to work on /opt/airflow/dags/training_pipeline_dag.py
[2026-08-09T13:52:59.465+0000] {processor.py:830} INFO - Processing file /opt/airflow/dags/training_pipeline_dag.py for tasks to queue
[2026-08-09T13:52:59.475+0000] {logging_mixin.py:188} INFO - [2026-08-09T13:52:59.474+0000] {dagbag.py:545} INFO - Filling up the DagBag from /opt/airflow/dags/training_pipeline_dag.py
[2026-08-09T13:53:01.361+0000] {processor.py:840} INFO - DAG(s) 'training_pipeline' retrieved from /opt/airflow/dags/training_pipeline_dag.py
[2026-08-09T13:53:01.430+0000] {logging_mixin.py:188} INFO - [2026-08-09T13:53:01.429+0000] {dag.py:3089} INFO - Sync 1 DAGs
[2026-08-09T13:53:01.478+0000] {logging_mixin.py:188} INFO - [2026-08-09T13:53:01.478+0000] {dag.py:3947} INFO - Setting next_dagrun for training_pipeline to 2026-08-09 00:00:00+00:00, run_after=2026-08-10 00:00:00+00:00
[2026-08-09T13:53:01.557+0000] {processor.py:183} INFO - Processing /opt/airflow/dags/training_pipeline_dag.py took 2.121 seconds
[2026-08-09T13:53:32.201+0000] {processor.py:161} INFO - Started process (PID=292) to work on /opt/airflow/dags/training_pipeline_dag.py
[2026-08-09T13:53:32.203+0000] {processor.py:830} INFO - Processing file /opt/airflow/dags/training_pipeline_dag.py for tasks to queue
[2026-08-09T13:53:32.208+0000] {logging_mixin.py:188} INFO - [2026-08-09T13:53:32.207+0000] {dagbag.py:545} INFO - Filling up the DagBag from /opt/airflow/dags/training_pipeline_dag.py
[2026-08-09T13:53:33.768+0000] {processor.py:840} INFO - DAG(s) 'training_pipeline' retrieved from /opt/airflow/dags/training_pipeline_dag.py
[2026-08-09T13:53:33.827+0000] {logging_mixin.py:188} INFO - [2026-08-09T13:53:33.826+0000] {dag.py:3089} INFO - Sync 1 DAGs
[2026-08-09T13:53:33.873+0000] {logging_mixin.py:188} INFO - [2026-08-09T13:53:33.872+0000] {dag.py:3947} INFO - Setting next_dagrun for training_pipeline to 2026-08-09 00:00:00+00:00, run_after=2026-08-10 00:00:00+00:00
[2026-08-09T13:53:33.915+0000] {processor.py:183} INFO - Processing /opt/airflow/dags/training_pipeline_dag.py took 1.909 seconds
[2026-08-09T13:54:04.680+0000] {processor.py:161} INFO - Started process (PID=313) to work on /opt/airflow/dags/training_pipeline_dag.py
[2026-08-09T13:54:04.683+0000] {processor.py:830} INFO - Processing file /opt/airflow/dags/training_pipeline_dag.py for tasks to queue
[2026-08-09T13:54:04.687+0000] {logging_mixin.py:188} INFO - [2026-08-09T13:54:04.686+0000] {dagbag.py:545} INFO - Filling up the DagBag from /opt/airflow/dags/training_pipeline_dag.py
[2026-08-09T13:54:06.223+0000] {processor.py:840} INFO - DAG(s) 'training_pipeline' retrieved from /opt/airflow/dags/training_pipeline_dag.py
[2026-08-09T13:54:06.277+0000] {logging_mixin.py:188} INFO - [2026-08-09T13:54:06.276+0000] {dag.py:3089} INFO - Sync 1 DAGs
[2026-08-09T13:54:06.321+0000] {logging_mixin.py:188} INFO - [2026-08-09T13:54:06.320+0000] {dag.py:3947} INFO - Setting next_dagrun for training_pipeline to 2026-08-09 00:00:00+00:00, run_after=2026-08-10 00:00:00+00:00
[2026-08-09T13:54:06.360+0000] {processor.py:183} INFO - Processing /opt/airflow/dags/training_pipeline_dag.py took 1.697 seconds
[2026-08-09T13:54:37.152+0000] {processor.py:161} INFO - Started process (PID=330) to work on /opt/airflow/dags/training_pipeline_dag.py
[2026-08-09T13:54:37.156+0000] {processor.py:830} INFO - Processing file /opt/airflow/dags/training_pipeline_dag.py for tasks to queue
[2026-08-09T13:54:37.164+0000] {logging_mixin.py:188} INFO - [2026-08-09T13:54:37.163+0000] {dagbag.py:545} INFO - Filling up the DagBag from /opt/airflow/dags/training_pipeline_dag.py
[2026-08-09T13:54:41.595+0000] {processor.py:840} INFO - DAG(s) 'training_pipeline' retrieved from /opt/airflow/dags/training_pipeline_dag.py
[2026-08-09T13:54:41.821+0000] {logging_mixin.py:188} INFO - [2026-08-09T13:54:41.814+0000] {dag.py:3089} INFO - Sync 1 DAGs
[2026-08-09T13:54:43.094+0000] {logging_mixin.py:188} INFO - [2026-08-09T13:54:43.093+0000] {dag.py:3947} INFO - Setting next_dagrun for training_pipeline to 2026-08-09 00:00:00+00:00, run_after=2026-08-10 00:00:00+00:00
[2026-08-09T13:54:43.150+0000] {processor.py:183} INFO - Processing /opt/airflow/dags/training_pipeline_dag.py took 6.020 seconds
[2026-08-09T13:55:13.694+0000] {processor.py:161} INFO - Started process (PID=347) to work on /opt/airflow/dags/training_pipeline_dag.py
[2026-08-09T13:55:13.697+0000] {processor.py:830} INFO - Processing file /opt/airflow/dags/training_pipeline_dag.py for tasks to queue
[2026-08-09T13:55:13.702+0000] {logging_mixin.py:188} INFO - [2026-08-09T13:55:13.701+0000] {dagbag.py:545} INFO - Filling up the DagBag from /opt/airflow/dags/training_pipeline_dag.py
[2026-08-09T13:55:15.143+0000] {processor.py:840} INFO - DAG(s) 'training_pipeline' retrieved from /opt/airflow/dags/training_pipeline_dag.py
[2026-08-09T13:55:15.550+0000] {logging_mixin.py:188} INFO - [2026-08-09T13:55:15.549+0000] {dag.py:3089} INFO - Sync 1 DAGs
[2026-08-09T13:55:15.590+0000] {logging_mixin.py:188} INFO - [2026-08-09T13:55:15.589+0000] {dag.py:3947} INFO - Setting next_dagrun for training_pipeline to 2026-08-09 00:00:00+00:00, run_after=2026-08-10 00:00:00+00:00
[2026-08-09T13:55:15.626+0000] {processor.py:183} INFO - Processing /opt/airflow/dags/training_pipeline_dag.py took 1.984 seconds
[2026-08-09T13:55:46.652+0000] {processor.py:161} INFO - Started process (PID=364) to work on /opt/airflow/dags/training_pipeline_dag.py
[2026-08-09T13:55:46.655+0000] {processor.py:830} INFO - Processing file /opt/airflow/dags/training_pipeline_dag.py for tasks to queue
[2026-08-09T13:55:46.664+0000] {logging_mixin.py:188} INFO - [2026-08-09T13:55:46.663+0000] {dagbag.py:545} INFO - Filling up the DagBag from /opt/airflow/dags/training_pipeline_dag.py
[2026-08-09T13:55:48.198+0000] {processor.py:840} INFO - DAG(s) 'training_pipeline' retrieved from /opt/airflow/dags/training_pipeline_dag.py
[2026-08-09T13:55:48.589+0000] {logging_mixin.py:188} INFO - [2026-08-09T13:55:48.587+0000] {dag.py:3089} INFO - Sync 1 DAGs
[2026-08-09T13:55:48.645+0000] {logging_mixin.py:188} INFO - [2026-08-09T13:55:48.644+0000] {dag.py:3947} INFO - Setting next_dagrun for training_pipeline to 2026-08-09 00:00:00+00:00, run_after=2026-08-10 00:00:00+00:00
[2026-08-09T13:55:48.689+0000] {processor.py:183} INFO - Processing /opt/airflow/dags/training_pipeline_dag.py took 2.060 seconds
[2026-08-09T13:56:19.385+0000] {processor.py:161} INFO - Started process (PID=383) to work on /opt/airflow/dags/training_pipeline_dag.py
[2026-08-09T13:56:19.387+0000] {processor.py:830} INFO - Processing file /opt/airflow/dags/training_pipeline_dag.py for tasks to queue
[2026-08-09T13:56:19.392+0000] {logging_mixin.py:188} INFO - [2026-08-09T13:56:19.391+0000] {dagbag.py:545} INFO - Filling up the DagBag from /opt/airflow/dags/training_pipeline_dag.py
[2026-08-09T13:56:21.281+0000] {processor.py:840} INFO - DAG(s) 'training_pipeline' retrieved from /opt/airflow/dags/training_pipeline_dag.py
[2026-08-09T13:56:21.336+0000] {logging_mixin.py:188} INFO - [2026-08-09T13:56:21.335+0000] {dag.py:3089} INFO - Sync 1 DAGs
[2026-08-09T13:56:21.380+0000] {logging_mixin.py:188} INFO - [2026-08-09T13:56:21.380+0000] {dag.py:3947} INFO - Setting next_dagrun for training_pipeline to 2026-08-09 00:00:00+00:00, run_after=2026-08-10 00:00:00+00:00
[2026-08-09T13:56:21.422+0000] {processor.py:183} INFO - Processing /opt/airflow/dags/training_pipeline_dag.py took 2.056 seconds
[2026-08-09T13:58:03.360+0000] {processor.py:161} INFO - Started process (PID=176) to work on /opt/airflow/dags/training_pipeline_dag.py
[2026-08-09T13:58:03.364+0000] {processor.py:830} INFO - Processing file /opt/airflow/dags/training_pipeline_dag.py for tasks to queue
[2026-08-09T13:58:03.377+0000] {logging_mixin.py:188} INFO - [2026-08-09T13:58:03.375+0000] {dagbag.py:545} INFO - Filling up the DagBag from /opt/airflow/dags/training_pipeline_dag.py
[2026-08-09T13:58:10.879+0000] {processor.py:840} INFO - DAG(s) 'training_pipeline' retrieved from /opt/airflow/dags/training_pipeline_dag.py
[2026-08-09T13:58:10.927+0000] {logging_mixin.py:188} INFO - [2026-08-09T13:58:10.926+0000] {dag.py:3089} INFO - Sync 1 DAGs
[2026-08-09T13:58:11.004+0000] {logging_mixin.py:188} INFO - [2026-08-09T13:58:11.003+0000] {dag.py:3947} INFO - Setting next_dagrun for training_pipeline to 2026-08-09 00:00:00+00:00, run_after=2026-08-10 00:00:00+00:00
[2026-08-09T13:58:11.071+0000] {processor.py:183} INFO - Processing /opt/airflow/dags/training_pipeline_dag.py took 7.745 seconds
[2026-08-09T13:58:41.557+0000] {processor.py:161} INFO - Started process (PID=193) to work on /opt/airflow/dags/training_pipeline_dag.py
[2026-08-09T13:58:41.560+0000] {processor.py:830} INFO - Processing file /opt/airflow/dags/training_pipeline_dag.py for tasks to queue
[2026-08-09T13:58:41.568+0000] {logging_mixin.py:188} INFO - [2026-08-09T13:58:41.567+0000] {dagbag.py:545} INFO - Filling up the DagBag from /opt/airflow/dags/training_pipeline_dag.py
[2026-08-09T13:58:41.952+0000] {processor.py:840} INFO - DAG(s) 'training_pipeline' retrieved from /opt/airflow/dags/training_pipeline_dag.py
[2026-08-09T13:58:42.768+0000] {logging_mixin.py:188} INFO - [2026-08-09T13:58:42.767+0000] {dag.py:3089} INFO - Sync 1 DAGs
[2026-08-09T13:58:42.810+0000] {logging_mixin.py:188} INFO - [2026-08-09T13:58:42.810+0000] {dag.py:3947} INFO - Setting next_dagrun for training_pipeline to 2026-08-09 00:00:00+00:00, run_after=2026-08-10 00:00:00+00:00
[2026-08-09T13:58:42.867+0000] {processor.py:183} INFO - Processing /opt/airflow/dags/training_pipeline_dag.py took 3.283 seconds
[2026-08-09T13:59:13.175+0000] {processor.py:161} INFO - Started process (PID=210) to work on /opt/airflow/dags/training_pipeline_dag.py
[2026-08-09T13:59:13.178+0000] {processor.py:830} INFO - Processing file /opt/airflow/dags/training_pipeline_dag.py for tasks to queue
[2026-08-09T13:59:13.187+0000] {logging_mixin.py:188} INFO - [2026-08-09T13:59:13.186+0000] {dagbag.py:545} INFO - Filling up the DagBag from /opt/airflow/dags/training_pipeline_dag.py
[2026-08-09T13:59:16.514+0000] {processor.py:840} INFO - DAG(s) 'training_pipeline' retrieved from /opt/airflow/dags/training_pipeline_dag.py
[2026-08-09T13:59:16.901+0000] {logging_mixin.py:188} INFO - [2026-08-09T13:59:16.898+0000] {dag.py:3089} INFO - Sync 1 DAGs
[2026-08-09T13:59:17.036+0000] {logging_mixin.py:188} INFO - [2026-08-09T13:59:17.036+0000] {dag.py:3947} INFO - Setting next_dagrun for training_pipeline to 2026-08-09 00:00:00+00:00, run_after=2026-08-10 00:00:00+00:00
[2026-08-09T13:59:17.084+0000] {processor.py:183} INFO - Processing /opt/airflow/dags/training_pipeline_dag.py took 3.931 seconds
[2026-08-09T13:59:47.511+0000] {processor.py:161} INFO - Started process (PID=227) to work on /opt/airflow/dags/training_pipeline_dag.py
[2026-08-09T13:59:47.514+0000] {processor.py:830} INFO - Processing file /opt/airflow/dags/training_pipeline_dag.py for tasks to queue
[2026-08-09T13:59:47.521+0000] {logging_mixin.py:188} INFO - [2026-08-09T13:59:47.519+0000] {dagbag.py:545} INFO - Filling up the DagBag from /opt/airflow/dags/training_pipeline_dag.py
[2026-08-09T13:59:53.861+0000] {processor.py:840} INFO - DAG(s) 'training_pipeline' retrieved from /opt/airflow/dags/training_pipeline_dag.py
[2026-08-09T13:59:53.918+0000] {logging_mixin.py:188} INFO - [2026-08-09T13:59:53.917+0000] {dag.py:3089} INFO - Sync 1 DAGs
[2026-08-09T13:59:54.172+0000] {logging_mixin.py:188} INFO - [2026-08-09T13:59:54.172+0000] {dag.py:3947} INFO - Setting next_dagrun for training_pipeline to 2026-08-09 00:00:00+00:00, run_after=2026-08-10 00:00:00+00:00
[2026-08-09T13:59:54.224+0000] {processor.py:183} INFO - Processing /opt/airflow/dags/training_pipeline_dag.py took 6.736 seconds
[2026-08-09T14:00:25.371+0000] {processor.py:161} INFO - Started process (PID=255) to work on /opt/airflow/dags/training_pipeline_dag.py
[2026-08-09T14:00:25.374+0000] {processor.py:830} INFO - Processing file /opt/airflow/dags/training_pipeline_dag.py for tasks to queue
[2026-08-09T14:00:25.384+0000] {logging_mixin.py:188} INFO - [2026-08-09T14:00:25.381+0000] {dagbag.py:545} INFO - Filling up the DagBag from /opt/airflow/dags/training_pipeline_dag.py
[2026-08-09T14:01:11.447+0000] {logging_mixin.py:188} INFO - [2026-08-09T14:01:11.446+0000] {timeout.py:68} ERROR - Process timed out, PID: 255
[2026-08-09T14:01:11.448+0000] {logging_mixin.py:188} WARNING - Exception ignored in: <bound method _MultipleClassMarker._remove_item of <sqlalchemy.orm.clsregistry._MultipleClassMarker object at 0x7c9cfc53a400>>
[2026-08-09T14:01:11.466+0000] {logging_mixin.py:188} WARNING - Traceback (most recent call last):
[2026-08-09T14:01:11.467+0000] {logging_mixin.py:188} WARNING -   File "/home/airflow/.local/lib/python3.11/site-packages/sqlalchemy/orm/clsregistry.py", line 157, in _remove_item
[2026-08-09T14:01:11.478+0000] {logging_mixin.py:188} WARNING -     def _remove_item(self, ref):
[2026-08-09T14:01:11.480+0000] {logging_mixin.py:188} WARNING -   File "/home/airflow/.local/lib/python3.11/site-packages/airflow/utils/timeout.py", line 69, in handle_timeout
[2026-08-09T14:01:11.483+0000] {logging_mixin.py:188} WARNING -     raise AirflowTaskTimeout(self.error_message)
[2026-08-09T14:01:11.484+0000] {logging_mixin.py:188} WARNING - airflow.exceptions.AirflowTaskTimeout: DagBag import timeout for /opt/airflow/dags/training_pipeline_dag.py after 30.0s.
Please take a look at these docs to improve your DAG import time:
* https://airflow.apache.org/docs/apache-airflow/2.9.3/best-practices.html#top-level-python-code
* https://airflow.apache.org/docs/apache-airflow/2.9.3/best-practices.html#reducing-dag-complexity, PID: 255
[2026-08-09T14:01:25.023+0000] {processor.py:161} INFO - Started process (PID=358) to work on /opt/airflow/dags/training_pipeline_dag.py
[2026-08-09T14:01:25.026+0000] {processor.py:830} INFO - Processing file /opt/airflow/dags/training_pipeline_dag.py for tasks to queue
[2026-08-09T14:01:25.029+0000] {logging_mixin.py:188} INFO - [2026-08-09T14:01:25.028+0000] {dagbag.py:545} INFO - Filling up the DagBag from /opt/airflow/dags/training_pipeline_dag.py
[2026-08-09T14:01:45.593+0000] {processor.py:840} INFO - DAG(s) 'training_pipeline' retrieved from /opt/airflow/dags/training_pipeline_dag.py
[2026-08-09T14:01:45.775+0000] {logging_mixin.py:188} INFO - [2026-08-09T14:01:45.773+0000] {dag.py:3089} INFO - Sync 1 DAGs
[2026-08-09T14:01:45.885+0000] {logging_mixin.py:188} INFO - [2026-08-09T14:01:45.885+0000] {dag.py:3947} INFO - Setting next_dagrun for training_pipeline to 2026-08-09 00:00:00+00:00, run_after=2026-08-10 00:00:00+00:00
[2026-08-09T14:01:45.944+0000] {processor.py:183} INFO - Processing /opt/airflow/dags/training_pipeline_dag.py took 19.147 seconds
[2026-08-09T14:02:20.632+0000] {processor.py:161} INFO - Started process (PID=435) to work on /opt/airflow/dags/training_pipeline_dag.py
[2026-08-09T14:02:20.859+0000] {processor.py:830} INFO - Processing file /opt/airflow/dags/training_pipeline_dag.py for tasks to queue
[2026-08-09T14:02:21.252+0000] {logging_mixin.py:188} INFO - [2026-08-09T14:02:21.251+0000] {dagbag.py:545} INFO - Filling up the DagBag from /opt/airflow/dags/training_pipeline_dag.py
[2026-08-09T14:02:35.331+0000] {processor.py:840} INFO - DAG(s) 'training_pipeline' retrieved from /opt/airflow/dags/training_pipeline_dag.py
[2026-08-09T14:02:36.434+0000] {logging_mixin.py:188} INFO - [2026-08-09T14:02:36.433+0000] {dag.py:3089} INFO - Sync 1 DAGs
[2026-08-09T14:02:36.480+0000] {logging_mixin.py:188} INFO - [2026-08-09T14:02:36.479+0000] {dag.py:3947} INFO - Setting next_dagrun for training_pipeline to 2026-08-09 00:00:00+00:00, run_after=2026-08-10 00:00:00+00:00
[2026-08-09T14:02:36.638+0000] {processor.py:183} INFO - Processing /opt/airflow/dags/training_pipeline_dag.py took 17.654 seconds
[2026-08-09T14:03:07.112+0000] {processor.py:161} INFO - Started process (PID=499) to work on /opt/airflow/dags/training_pipeline_dag.py
[2026-08-09T14:03:07.121+0000] {processor.py:830} INFO - Processing file /opt/airflow/dags/training_pipeline_dag.py for tasks to queue
[2026-08-09T14:03:07.127+0000] {logging_mixin.py:188} INFO - [2026-08-09T14:03:07.125+0000] {dagbag.py:545} INFO - Filling up the DagBag from /opt/airflow/dags/training_pipeline_dag.py
[2026-08-09T14:03:11.330+0000] {processor.py:840} INFO - DAG(s) 'training_pipeline' retrieved from /opt/airflow/dags/training_pipeline_dag.py
[2026-08-09T14:03:11.383+0000] {logging_mixin.py:188} INFO - [2026-08-09T14:03:11.382+0000] {dag.py:3089} INFO - Sync 1 DAGs
[2026-08-09T14:03:11.433+0000] {logging_mixin.py:188} INFO - [2026-08-09T14:03:11.432+0000] {dag.py:3947} INFO - Setting next_dagrun for training_pipeline to 2026-08-09 00:00:00+00:00, run_after=2026-08-10 00:00:00+00:00
[2026-08-09T14:03:11.507+0000] {processor.py:183} INFO - Processing /opt/airflow/dags/training_pipeline_dag.py took 4.446 seconds
[2026-08-09T14:04:39.210+0000] {processor.py:161} INFO - Started process (PID=180) to work on /opt/airflow/dags/training_pipeline_dag.py
[2026-08-09T14:04:39.233+0000] {processor.py:830} INFO - Processing file /opt/airflow/dags/training_pipeline_dag.py for tasks to queue
[2026-08-09T14:04:39.290+0000] {logging_mixin.py:188} INFO - [2026-08-09T14:04:39.287+0000] {dagbag.py:545} INFO - Filling up the DagBag from /opt/airflow/dags/training_pipeline_dag.py
[2026-08-09T14:04:44.399+0000] {processor.py:840} INFO - DAG(s) 'training_pipeline' retrieved from /opt/airflow/dags/training_pipeline_dag.py
[2026-08-09T14:04:44.571+0000] {logging_mixin.py:188} INFO - [2026-08-09T14:04:44.568+0000] {dag.py:3089} INFO - Sync 1 DAGs
[2026-08-09T14:04:44.710+0000] {logging_mixin.py:188} INFO - [2026-08-09T14:04:44.709+0000] {dag.py:3947} INFO - Setting next_dagrun for training_pipeline to 2026-08-09 00:00:00+00:00, run_after=2026-08-10 00:00:00+00:00
[2026-08-09T14:04:44.778+0000] {processor.py:183} INFO - Processing /opt/airflow/dags/training_pipeline_dag.py took 5.644 seconds
[2026-08-09T14:05:15.707+0000] {processor.py:161} INFO - Started process (PID=204) to work on /opt/airflow/dags/training_pipeline_dag.py
[2026-08-09T14:05:15.711+0000] {processor.py:830} INFO - Processing file /opt/airflow/dags/training_pipeline_dag.py for tasks to queue
[2026-08-09T14:05:15.717+0000] {logging_mixin.py:188} INFO - [2026-08-09T14:05:15.717+0000] {dagbag.py:545} INFO - Filling up the DagBag from /opt/airflow/dags/training_pipeline_dag.py
[2026-08-09T14:05:17.920+0000] {processor.py:840} INFO - DAG(s) 'training_pipeline' retrieved from /opt/airflow/dags/training_pipeline_dag.py
[2026-08-09T14:05:17.972+0000] {logging_mixin.py:188} INFO - [2026-08-09T14:05:17.971+0000] {dag.py:3089} INFO - Sync 1 DAGs
[2026-08-09T14:05:18.009+0000] {logging_mixin.py:188} INFO - [2026-08-09T14:05:18.009+0000] {dag.py:3947} INFO - Setting next_dagrun for training_pipeline to 2026-08-09 00:00:00+00:00, run_after=2026-08-10 00:00:00+00:00
[2026-08-09T14:05:18.046+0000] {processor.py:183} INFO - Processing /opt/airflow/dags/training_pipeline_dag.py took 2.358 seconds
[2026-08-09T14:05:51.512+0000] {processor.py:161} INFO - Started process (PID=235) to work on /opt/airflow/dags/training_pipeline_dag.py
[2026-08-09T14:05:51.515+0000] {processor.py:830} INFO - Processing file /opt/airflow/dags/training_pipeline_dag.py for tasks to queue
[2026-08-09T14:05:51.521+0000] {logging_mixin.py:188} INFO - [2026-08-09T14:05:51.519+0000] {dagbag.py:545} INFO - Filling up the DagBag from /opt/airflow/dags/training_pipeline_dag.py
[2026-08-09T14:05:53.407+0000] {processor.py:840} INFO - DAG(s) 'training_pipeline' retrieved from /opt/airflow/dags/training_pipeline_dag.py
[2026-08-09T14:05:53.475+0000] {logging_mixin.py:188} INFO - [2026-08-09T14:05:53.474+0000] {dag.py:3089} INFO - Sync 1 DAGs
[2026-08-09T14:05:53.525+0000] {logging_mixin.py:188} INFO - [2026-08-09T14:05:53.525+0000] {dag.py:3947} INFO - Setting next_dagrun for training_pipeline to 2026-08-09 00:00:00+00:00, run_after=2026-08-10 00:00:00+00:00
[2026-08-09T14:05:53.582+0000] {processor.py:183} INFO - Processing /opt/airflow/dags/training_pipeline_dag.py took 2.089 seconds
[2026-08-09T14:06:29.627+0000] {processor.py:161} INFO - Started process (PID=271) to work on /opt/airflow/dags/training_pipeline_dag.py
[2026-08-09T14:06:29.631+0000] {processor.py:830} INFO - Processing file /opt/airflow/dags/training_pipeline_dag.py for tasks to queue
[2026-08-09T14:06:29.644+0000] {logging_mixin.py:188} INFO - [2026-08-09T14:06:29.640+0000] {dagbag.py:545} INFO - Filling up the DagBag from /opt/airflow/dags/training_pipeline_dag.py
[2026-08-09T14:06:37.342+0000] {processor.py:840} INFO - DAG(s) 'training_pipeline' retrieved from /opt/airflow/dags/training_pipeline_dag.py
[2026-08-09T14:06:37.525+0000] {logging_mixin.py:188} INFO - [2026-08-09T14:06:37.524+0000] {dag.py:3089} INFO - Sync 1 DAGs
[2026-08-09T14:06:37.834+0000] {logging_mixin.py:188} INFO - [2026-08-09T14:06:37.834+0000] {dag.py:3947} INFO - Setting next_dagrun for training_pipeline to 2026-08-09 00:00:00+00:00, run_after=2026-08-10 00:00:00+00:00
[2026-08-09T14:06:37.911+0000] {processor.py:183} INFO - Processing /opt/airflow/dags/training_pipeline_dag.py took 8.321 seconds
[2026-08-09T14:07:09.047+0000] {processor.py:161} INFO - Started process (PID=297) to work on /opt/airflow/dags/training_pipeline_dag.py
[2026-08-09T14:07:09.050+0000] {processor.py:830} INFO - Processing file /opt/airflow/dags/training_pipeline_dag.py for tasks to queue
[2026-08-09T14:07:09.053+0000] {logging_mixin.py:188} INFO - [2026-08-09T14:07:09.052+0000] {dagbag.py:545} INFO - Filling up the DagBag from /opt/airflow/dags/training_pipeline_dag.py
[2026-08-09T14:07:10.565+0000] {processor.py:840} INFO - DAG(s) 'training_pipeline' retrieved from /opt/airflow/dags/training_pipeline_dag.py
[2026-08-09T14:07:10.838+0000] {logging_mixin.py:188} INFO - [2026-08-09T14:07:10.837+0000] {dag.py:3089} INFO - Sync 1 DAGs
[2026-08-09T14:07:10.875+0000] {logging_mixin.py:188} INFO - [2026-08-09T14:07:10.874+0000] {dag.py:3947} INFO - Setting next_dagrun for training_pipeline to 2026-08-09 00:00:00+00:00, run_after=2026-08-10 00:00:00+00:00
[2026-08-09T14:07:10.914+0000] {processor.py:183} INFO - Processing /opt/airflow/dags/training_pipeline_dag.py took 2.306 seconds
[2026-08-09T14:07:41.868+0000] {processor.py:161} INFO - Started process (PID=326) to work on /opt/airflow/dags/training_pipeline_dag.py
[2026-08-09T14:07:41.871+0000] {processor.py:830} INFO - Processing file /opt/airflow/dags/training_pipeline_dag.py for tasks to queue
[2026-08-09T14:07:41.880+0000] {logging_mixin.py:188} INFO - [2026-08-09T14:07:41.879+0000] {dagbag.py:545} INFO - Filling up the DagBag from /opt/airflow/dags/training_pipeline_dag.py
[2026-08-09T14:07:42.661+0000] {processor.py:840} INFO - DAG(s) 'training_pipeline' retrieved from /opt/airflow/dags/training_pipeline_dag.py
[2026-08-09T14:07:42.737+0000] {logging_mixin.py:188} INFO - [2026-08-09T14:07:42.736+0000] {dag.py:3089} INFO - Sync 1 DAGs
[2026-08-09T14:07:42.776+0000] {logging_mixin.py:188} INFO - [2026-08-09T14:07:42.776+0000] {dag.py:3947} INFO - Setting next_dagrun for training_pipeline to 2026-08-09 00:00:00+00:00, run_after=2026-08-10 00:00:00+00:00
[2026-08-09T14:07:42.875+0000] {processor.py:183} INFO - Processing /opt/airflow/dags/training_pipeline_dag.py took 2.673 seconds
[2026-08-09T14:08:13.816+0000] {processor.py:161} INFO - Started process (PID=351) to work on /opt/airflow/dags/training_pipeline_dag.py
[2026-08-09T14:08:13.828+0000] {processor.py:830} INFO - Processing file /opt/airflow/dags/training_pipeline_dag.py for tasks to queue
[2026-08-09T14:08:13.853+0000] {logging_mixin.py:188} INFO - [2026-08-09T14:08:13.846+0000] {dagbag.py:545} INFO - Filling up the DagBag from /opt/airflow/dags/training_pipeline_dag.py
[2026-08-09T14:08:23.307+0000] {processor.py:840} INFO - DAG(s) 'training_pipeline' retrieved from /opt/airflow/dags/training_pipeline_dag.py
[2026-08-09T14:08:23.387+0000] {logging_mixin.py:188} INFO - [2026-08-09T14:08:23.385+0000] {dag.py:3089} INFO - Sync 1 DAGs
[2026-08-09T14:08:23.501+0000] {logging_mixin.py:188} INFO - [2026-08-09T14:08:23.500+0000] {dag.py:3947} INFO - Setting next_dagrun for training_pipeline to 2026-08-09 00:00:00+00:00, run_after=2026-08-10 00:00:00+00:00
[2026-08-09T14:08:23.605+0000] {processor.py:183} INFO - Processing /opt/airflow/dags/training_pipeline_dag.py took 9.889 seconds
[2026-08-09T14:09:01.737+0000] {processor.py:161} INFO - Started process (PID=387) to work on /opt/airflow/dags/training_pipeline_dag.py
[2026-08-09T14:09:01.740+0000] {processor.py:830} INFO - Processing file /opt/airflow/dags/training_pipeline_dag.py for tasks to queue
[2026-08-09T14:09:01.745+0000] {logging_mixin.py:188} INFO - [2026-08-09T14:09:01.744+0000] {dagbag.py:545} INFO - Filling up the DagBag from /opt/airflow/dags/training_pipeline_dag.py
[2026-08-09T14:09:07.333+0000] {processor.py:840} INFO - DAG(s) 'training_pipeline' retrieved from /opt/airflow/dags/training_pipeline_dag.py
[2026-08-09T14:09:07.726+0000] {logging_mixin.py:188} INFO - [2026-08-09T14:09:07.725+0000] {dag.py:3089} INFO - Sync 1 DAGs
[2026-08-09T14:09:07.820+0000] {logging_mixin.py:188} INFO - [2026-08-09T14:09:07.820+0000] {dag.py:3947} INFO - Setting next_dagrun for training_pipeline to 2026-08-09 00:00:00+00:00, run_after=2026-08-10 00:00:00+00:00
[2026-08-09T14:09:07.894+0000] {processor.py:183} INFO - Processing /opt/airflow/dags/training_pipeline_dag.py took 6.089 seconds
[2026-08-09T14:09:38.154+0000] {processor.py:161} INFO - Started process (PID=405) to work on /opt/airflow/dags/training_pipeline_dag.py
[2026-08-09T14:09:38.184+0000] {processor.py:830} INFO - Processing file /opt/airflow/dags/training_pipeline_dag.py for tasks to queue
[2026-08-09T14:09:38.192+0000] {logging_mixin.py:188} INFO - [2026-08-09T14:09:38.191+0000] {dagbag.py:545} INFO - Filling up the DagBag from /opt/airflow/dags/training_pipeline_dag.py
[2026-08-09T14:09:40.874+0000] {processor.py:840} INFO - DAG(s) 'training_pipeline' retrieved from /opt/airflow/dags/training_pipeline_dag.py
[2026-08-09T14:09:41.331+0000] {logging_mixin.py:188} INFO - [2026-08-09T14:09:40.954+0000] {dag.py:3089} INFO - Sync 1 DAGs
[2026-08-09T14:09:41.374+0000] {logging_mixin.py:188} INFO - [2026-08-09T14:09:41.373+0000] {dag.py:3947} INFO - Setting next_dagrun for training_pipeline to 2026-08-09 00:00:00+00:00, run_after=2026-08-10 00:00:00+00:00
[2026-08-09T14:09:41.538+0000] {processor.py:183} INFO - Processing /opt/airflow/dags/training_pipeline_dag.py took 3.403 seconds
[2026-08-09T14:10:32.528+0000] {processor.py:161} INFO - Started process (PID=443) to work on /opt/airflow/dags/training_pipeline_dag.py
[2026-08-09T14:10:32.575+0000] {processor.py:830} INFO - Processing file /opt/airflow/dags/training_pipeline_dag.py for tasks to queue
[2026-08-09T14:10:32.584+0000] {logging_mixin.py:188} INFO - [2026-08-09T14:10:32.583+0000] {dagbag.py:545} INFO - Filling up the DagBag from /opt/airflow/dags/training_pipeline_dag.py
[2026-08-09T14:10:38.889+0000] {processor.py:840} INFO - DAG(s) 'training_pipeline' retrieved from /opt/airflow/dags/training_pipeline_dag.py
[2026-08-09T14:10:39.862+0000] {logging_mixin.py:188} INFO - [2026-08-09T14:10:39.861+0000] {dag.py:3089} INFO - Sync 1 DAGs
[2026-08-09T14:10:39.927+0000] {logging_mixin.py:188} INFO - [2026-08-09T14:10:39.927+0000] {dag.py:3947} INFO - Setting next_dagrun for training_pipeline to 2026-08-09 00:00:00+00:00, run_after=2026-08-10 00:00:00+00:00
[2026-08-09T14:10:39.974+0000] {processor.py:183} INFO - Processing /opt/airflow/dags/training_pipeline_dag.py took 9.334 seconds
[2026-08-09T14:11:12.306+0000] {processor.py:161} INFO - Started process (PID=601) to work on /opt/airflow/dags/training_pipeline_dag.py
[2026-08-09T14:11:12.309+0000] {processor.py:830} INFO - Processing file /opt/airflow/dags/training_pipeline_dag.py for tasks to queue
[2026-08-09T14:11:12.312+0000] {logging_mixin.py:188} INFO - [2026-08-09T14:11:12.311+0000] {dagbag.py:545} INFO - Filling up the DagBag from /opt/airflow/dags/training_pipeline_dag.py
[2026-08-09T14:11:14.301+0000] {processor.py:840} INFO - DAG(s) 'training_pipeline' retrieved from /opt/airflow/dags/training_pipeline_dag.py
[2026-08-09T14:11:14.353+0000] {logging_mixin.py:188} INFO - [2026-08-09T14:11:14.352+0000] {dag.py:3089} INFO - Sync 1 DAGs
[2026-08-09T14:11:14.396+0000] {logging_mixin.py:188} INFO - [2026-08-09T14:11:14.396+0000] {dag.py:3947} INFO - Setting next_dagrun for training_pipeline to 2026-08-09 00:00:00+00:00, run_after=2026-08-10 00:00:00+00:00
[2026-08-09T14:11:14.441+0000] {processor.py:183} INFO - Processing /opt/airflow/dags/training_pipeline_dag.py took 2.166 seconds
[2026-08-09T14:11:44.761+0000] {processor.py:161} INFO - Started process (PID=667) to work on /opt/airflow/dags/training_pipeline_dag.py
[2026-08-09T14:11:44.764+0000] {processor.py:830} INFO - Processing file /opt/airflow/dags/training_pipeline_dag.py for tasks to queue
[2026-08-09T14:11:44.767+0000] {logging_mixin.py:188} INFO - [2026-08-09T14:11:44.766+0000] {dagbag.py:545} INFO - Filling up the DagBag from /opt/airflow/dags/training_pipeline_dag.py
[2026-08-09T14:11:47.691+0000] {processor.py:840} INFO - DAG(s) 'training_pipeline' retrieved from /opt/airflow/dags/training_pipeline_dag.py
[2026-08-09T14:11:47.749+0000] {logging_mixin.py:188} INFO - [2026-08-09T14:11:47.748+0000] {dag.py:3089} INFO - Sync 1 DAGs
[2026-08-09T14:11:47.799+0000] {logging_mixin.py:188} INFO - [2026-08-09T14:11:47.798+0000] {dag.py:3947} INFO - Setting next_dagrun for training_pipeline to 2026-08-09 00:00:00+00:00, run_after=2026-08-10 00:00:00+00:00
[2026-08-09T14:11:47.848+0000] {processor.py:183} INFO - Processing /opt/airflow/dags/training_pipeline_dag.py took 3.119 seconds
[2026-08-09T14:12:21.369+0000] {processor.py:161} INFO - Started process (PID=714) to work on /opt/airflow/dags/training_pipeline_dag.py
[2026-08-09T14:12:21.372+0000] {processor.py:830} INFO - Processing file /opt/airflow/dags/training_pipeline_dag.py for tasks to queue
[2026-08-09T14:12:21.375+0000] {logging_mixin.py:188} INFO - [2026-08-09T14:12:21.374+0000] {dagbag.py:545} INFO - Filling up the DagBag from /opt/airflow/dags/training_pipeline_dag.py
[2026-08-09T14:12:23.400+0000] {processor.py:840} INFO - DAG(s) 'training_pipeline' retrieved from /opt/airflow/dags/training_pipeline_dag.py
[2026-08-09T14:12:23.449+0000] {logging_mixin.py:188} INFO - [2026-08-09T14:12:23.448+0000] {dag.py:3089} INFO - Sync 1 DAGs
[2026-08-09T14:12:23.494+0000] {logging_mixin.py:188} INFO - [2026-08-09T14:12:23.493+0000] {dag.py:3947} INFO - Setting next_dagrun for training_pipeline to 2026-08-09 00:00:00+00:00, run_after=2026-08-10 00:00:00+00:00
[2026-08-09T14:12:23.535+0000] {processor.py:183} INFO - Processing /opt/airflow/dags/training_pipeline_dag.py took 2.187 seconds
[2026-08-09T14:12:53.751+0000] {processor.py:161} INFO - Started process (PID=727) to work on /opt/airflow/dags/training_pipeline_dag.py
[2026-08-09T14:12:53.755+0000] {processor.py:830} INFO - Processing file /opt/airflow/dags/training_pipeline_dag.py for tasks to queue
[2026-08-09T14:12:53.759+0000] {logging_mixin.py:188} INFO - [2026-08-09T14:12:53.757+0000] {dagbag.py:545} INFO - Filling up the DagBag from /opt/airflow/dags/training_pipeline_dag.py
[2026-08-09T14:12:53.541+0000] {processor.py:840} INFO - DAG(s) 'training_pipeline' retrieved from /opt/airflow/dags/training_pipeline_dag.py
[2026-08-09T14:12:53.606+0000] {logging_mixin.py:188} INFO - [2026-08-09T14:12:53.603+0000] {dag.py:3089} INFO - Sync 1 DAGs
[2026-08-09T14:12:54.037+0000] {logging_mixin.py:188} INFO - [2026-08-09T14:12:54.036+0000] {dag.py:3947} INFO - Setting next_dagrun for training_pipeline to 2026-08-09 00:00:00+00:00, run_after=2026-08-10 00:00:00+00:00
[2026-08-09T14:12:54.078+0000] {processor.py:183} INFO - Processing /opt/airflow/dags/training_pipeline_dag.py took 2.180 seconds
[2026-08-09T14:13:24.641+0000] {processor.py:161} INFO - Started process (PID=758) to work on /opt/airflow/dags/training_pipeline_dag.py
[2026-08-09T14:13:24.643+0000] {processor.py:830} INFO - Processing file /opt/airflow/dags/training_pipeline_dag.py for tasks to queue
[2026-08-09T14:13:24.646+0000] {logging_mixin.py:188} INFO - [2026-08-09T14:13:24.645+0000] {dagbag.py:545} INFO - Filling up the DagBag from /opt/airflow/dags/training_pipeline_dag.py
[2026-08-09T14:13:26.216+0000] {processor.py:840} INFO - DAG(s) 'training_pipeline' retrieved from /opt/airflow/dags/training_pipeline_dag.py
[2026-08-09T14:13:26.640+0000] {logging_mixin.py:188} INFO - [2026-08-09T14:13:26.639+0000] {dag.py:3089} INFO - Sync 1 DAGs
[2026-08-09T14:13:26.679+0000] {logging_mixin.py:188} INFO - [2026-08-09T14:13:26.679+0000] {dag.py:3947} INFO - Setting next_dagrun for training_pipeline to 2026-08-09 00:00:00+00:00, run_after=2026-08-10 00:00:00+00:00
[2026-08-09T14:13:26.719+0000] {processor.py:183} INFO - Processing /opt/airflow/dags/training_pipeline_dag.py took 2.099 seconds
[2026-08-09T14:13:57.534+0000] {processor.py:161} INFO - Started process (PID=789) to work on /opt/airflow/dags/training_pipeline_dag.py
[2026-08-09T14:13:57.537+0000] {processor.py:830} INFO - Processing file /opt/airflow/dags/training_pipeline_dag.py for tasks to queue
[2026-08-09T14:13:57.540+0000] {logging_mixin.py:188} INFO - [2026-08-09T14:13:57.539+0000] {dagbag.py:545} INFO - Filling up the DagBag from /opt/airflow/dags/training_pipeline_dag.py
[2026-08-09T14:13:59.386+0000] {processor.py:840} INFO - DAG(s) 'training_pipeline' retrieved from /opt/airflow/dags/training_pipeline_dag.py
[2026-08-09T14:13:59.441+0000] {logging_mixin.py:188} INFO - [2026-08-09T14:13:59.440+0000] {dag.py:3089} INFO - Sync 1 DAGs
[2026-08-09T14:13:59.495+0000] {logging_mixin.py:188} INFO - [2026-08-09T14:13:59.494+0000] {dag.py:3947} INFO - Setting next_dagrun for training_pipeline to 2026-08-09 00:00:00+00:00, run_after=2026-08-10 00:00:00+00:00
[2026-08-09T14:13:59.542+0000] {processor.py:183} INFO - Processing /opt/airflow/dags/training_pipeline_dag.py took 2.026 seconds
[2026-08-09T14:14:29.920+0000] {processor.py:161} INFO - Started process (PID=820) to work on /opt/airflow/dags/training_pipeline_dag.py
[2026-08-09T14:14:29.923+0000] {processor.py:830} INFO - Processing file /opt/airflow/dags/training_pipeline_dag.py for tasks to queue
[2026-08-09T14:14:29.925+0000] {logging_mixin.py:188} INFO - [2026-08-09T14:14:29.924+0000] {dagbag.py:545} INFO - Filling up the DagBag from /opt/airflow/dags/training_pipeline_dag.py
[2026-08-09T14:14:31.899+0000] {processor.py:840} INFO - DAG(s) 'training_pipeline' retrieved from /opt/airflow/dags/training_pipeline_dag.py
[2026-08-09T14:14:31.955+0000] {logging_mixin.py:188} INFO - [2026-08-09T14:14:31.954+0000] {dag.py:3089} INFO - Sync 1 DAGs
[2026-08-09T14:14:32.002+0000] {logging_mixin.py:188} INFO - [2026-08-09T14:14:32.001+0000] {dag.py:3947} INFO - Setting next_dagrun for training_pipeline to 2026-08-09 00:00:00+00:00, run_after=2026-08-10 00:00:00+00:00
[2026-08-09T14:14:32.040+0000] {processor.py:183} INFO - Processing /opt/airflow/dags/training_pipeline_dag.py took 2.142 seconds
[2026-08-09T14:15:09.129+0000] {processor.py:161} INFO - Started process (PID=858) to work on /opt/airflow/dags/training_pipeline_dag.py
[2026-08-09T14:15:09.132+0000] {processor.py:830} INFO - Processing file /opt/airflow/dags/training_pipeline_dag.py for tasks to queue
[2026-08-09T14:15:09.134+0000] {logging_mixin.py:188} INFO - [2026-08-09T14:15:09.133+0000] {dagbag.py:545} INFO - Filling up the DagBag from /opt/airflow/dags/training_pipeline_dag.py
[2026-08-09T14:15:13.956+0000] {processor.py:840} INFO - DAG(s) 'training_pipeline' retrieved from /opt/airflow/dags/training_pipeline_dag.py
[2026-08-09T14:15:14.043+0000] {logging_mixin.py:188} INFO - [2026-08-09T14:15:14.041+0000] {dag.py:3089} INFO - Sync 1 DAGs
[2026-08-09T14:15:14.090+0000] {logging_mixin.py:188} INFO - [2026-08-09T14:15:14.090+0000] {dag.py:3947} INFO - Setting next_dagrun for training_pipeline to 2026-08-09 00:00:00+00:00, run_after=2026-08-10 00:00:00+00:00
[2026-08-09T14:15:14.129+0000] {processor.py:183} INFO - Processing /opt/airflow/dags/training_pipeline_dag.py took 5.028 seconds
[2026-08-09T14:15:52.194+0000] {processor.py:161} INFO - Started process (PID=892) to work on /opt/airflow/dags/training_pipeline_dag.py
[2026-08-09T14:15:52.197+0000] {processor.py:830} INFO - Processing file /opt/airflow/dags/training_pipeline_dag.py for tasks to queue
[2026-08-09T14:15:52.261+0000] {logging_mixin.py:188} INFO - [2026-08-09T14:15:52.198+0000] {dagbag.py:545} INFO - Filling up the DagBag from /opt/airflow/dags/training_pipeline_dag.py
[2026-08-09T14:16:05.296+0000] {processor.py:840} INFO - DAG(s) 'training_pipeline' retrieved from /opt/airflow/dags/training_pipeline_dag.py
[2026-08-09T14:16:06.155+0000] {logging_mixin.py:188} INFO - [2026-08-09T14:16:05.657+0000] {dag.py:3089} INFO - Sync 1 DAGs
[2026-08-09T14:16:06.264+0000] {logging_mixin.py:188} INFO - [2026-08-09T14:16:06.264+0000] {dag.py:3947} INFO - Setting next_dagrun for training_pipeline to 2026-08-09 00:00:00+00:00, run_after=2026-08-10 00:00:00+00:00
[2026-08-09T14:16:06.349+0000] {processor.py:183} INFO - Processing /opt/airflow/dags/training_pipeline_dag.py took 14.958 seconds
[2026-08-09T14:16:50.727+0000] {processor.py:161} INFO - Started process (PID=921) to work on /opt/airflow/dags/training_pipeline_dag.py
[2026-08-09T14:16:50.730+0000] {processor.py:830} INFO - Processing file /opt/airflow/dags/training_pipeline_dag.py for tasks to queue
[2026-08-09T14:16:50.733+0000] {logging_mixin.py:188} INFO - [2026-08-09T14:16:50.732+0000] {dagbag.py:545} INFO - Filling up the DagBag from /opt/airflow/dags/training_pipeline_dag.py
[2026-08-09T14:16:52.536+0000] {processor.py:840} INFO - DAG(s) 'training_pipeline' retrieved from /opt/airflow/dags/training_pipeline_dag.py
[2026-08-09T14:16:53.801+0000] {logging_mixin.py:188} INFO - [2026-08-09T14:16:53.801+0000] {dag.py:3089} INFO - Sync 1 DAGs
[2026-08-09T14:16:54.097+0000] {logging_mixin.py:188} INFO - [2026-08-09T14:16:54.096+0000] {dag.py:3947} INFO - Setting next_dagrun for training_pipeline to 2026-08-09 00:00:00+00:00, run_after=2026-08-10 00:00:00+00:00
[2026-08-09T14:16:54.185+0000] {processor.py:183} INFO - Processing /opt/airflow/dags/training_pipeline_dag.py took 3.480 seconds
[2026-08-09T14:17:25.285+0000] {processor.py:161} INFO - Started process (PID=955) to work on /opt/airflow/dags/training_pipeline_dag.py
[2026-08-09T14:17:25.294+0000] {processor.py:830} INFO - Processing file /opt/airflow/dags/training_pipeline_dag.py for tasks to queue
[2026-08-09T14:17:25.299+0000] {logging_mixin.py:188} INFO - [2026-08-09T14:17:25.297+0000] {dagbag.py:545} INFO - Filling up the DagBag from /opt/airflow/dags/training_pipeline_dag.py
[2026-08-09T14:17:29.826+0000] {processor.py:840} INFO - DAG(s) 'training_pipeline' retrieved from /opt/airflow/dags/training_pipeline_dag.py
[2026-08-09T14:17:29.905+0000] {logging_mixin.py:188} INFO - [2026-08-09T14:17:29.904+0000] {dag.py:3089} INFO - Sync 1 DAGs
[2026-08-09T14:17:29.957+0000] {logging_mixin.py:188} INFO - [2026-08-09T14:17:29.956+0000] {dag.py:3947} INFO - Setting next_dagrun for training_pipeline to 2026-08-09 00:00:00+00:00, run_after=2026-08-10 00:00:00+00:00
[2026-08-09T14:17:30.010+0000] {processor.py:183} INFO - Processing /opt/airflow/dags/training_pipeline_dag.py took 6.493 seconds
[2026-08-09T14:18:01.210+0000] {processor.py:161} INFO - Started process (PID=1115) to work on /opt/airflow/dags/training_pipeline_dag.py
[2026-08-09T14:18:01.218+0000] {processor.py:830} INFO - Processing file /opt/airflow/dags/training_pipeline_dag.py for tasks to queue
[2026-08-09T14:18:01.252+0000] {logging_mixin.py:188} INFO - [2026-08-09T14:18:01.234+0000] {dagbag.py:545} INFO - Filling up the DagBag from /opt/airflow/dags/training_pipeline_dag.py
[2026-08-09T14:18:12.363+0000] {processor.py:840} INFO - DAG(s) 'training_pipeline' retrieved from /opt/airflow/dags/training_pipeline_dag.py
[2026-08-09T14:18:12.426+0000] {logging_mixin.py:188} INFO - [2026-08-09T14:18:12.425+0000] {dag.py:3089} INFO - Sync 1 DAGs
[2026-08-09T14:18:12.480+0000] {logging_mixin.py:188} INFO - [2026-08-09T14:18:12.479+0000] {dag.py:3947} INFO - Setting next_dagrun for training_pipeline to 2026-08-09 00:00:00+00:00, run_after=2026-08-10 00:00:00+00:00
[2026-08-09T14:18:12.521+0000] {processor.py:183} INFO - Processing /opt/airflow/dags/training_pipeline_dag.py took 11.732 seconds
[2026-08-09T14:18:43.410+0000] {processor.py:161} INFO - Started process (PID=1206) to work on /opt/airflow/dags/training_pipeline_dag.py
[2026-08-09T14:18:43.413+0000] {processor.py:830} INFO - Processing file /opt/airflow/dags/training_pipeline_dag.py for tasks to queue
[2026-08-09T14:18:43.415+0000] {logging_mixin.py:188} INFO - [2026-08-09T14:18:43.414+0000] {dagbag.py:545} INFO - Filling up the DagBag from /opt/airflow/dags/training_pipeline_dag.py
[2026-08-09T14:18:45.382+0000] {processor.py:840} INFO - DAG(s) 'training_pipeline' retrieved from /opt/airflow/dags/training_pipeline_dag.py
[2026-08-09T14:18:45.446+0000] {logging_mixin.py:188} INFO - [2026-08-09T14:18:45.444+0000] {dag.py:3089} INFO - Sync 1 DAGs
[2026-08-09T14:18:45.497+0000] {logging_mixin.py:188} INFO - [2026-08-09T14:18:45.496+0000] {dag.py:3947} INFO - Setting next_dagrun for training_pipeline to 2026-08-09 00:00:00+00:00, run_after=2026-08-10 00:00:00+00:00
[2026-08-09T14:18:45.644+0000] {processor.py:183} INFO - Processing /opt/airflow/dags/training_pipeline_dag.py took 2.255 seconds
[2026-08-09T14:19:16.434+0000] {processor.py:161} INFO - Started process (PID=1233) to work on /opt/airflow/dags/training_pipeline_dag.py
[2026-08-09T14:19:16.450+0000] {processor.py:830} INFO - Processing file /opt/airflow/dags/training_pipeline_dag.py for tasks to queue
[2026-08-09T14:19:16.453+0000] {logging_mixin.py:188} INFO - [2026-08-09T14:19:16.452+0000] {dagbag.py:545} INFO - Filling up the DagBag from /opt/airflow/dags/training_pipeline_dag.py
[2026-08-09T14:19:17.994+0000] {processor.py:840} INFO - DAG(s) 'training_pipeline' retrieved from /opt/airflow/dags/training_pipeline_dag.py
[2026-08-09T14:19:18.365+0000] {logging_mixin.py:188} INFO - [2026-08-09T14:19:18.364+0000] {dag.py:3089} INFO - Sync 1 DAGs
[2026-08-09T14:19:18.406+0000] {logging_mixin.py:188} INFO - [2026-08-09T14:19:18.405+0000] {dag.py:3947} INFO - Setting next_dagrun for training_pipeline to 2026-08-09 00:00:00+00:00, run_after=2026-08-10 00:00:00+00:00
[2026-08-09T14:19:18.456+0000] {processor.py:183} INFO - Processing /opt/airflow/dags/training_pipeline_dag.py took 2.048 seconds
[2026-08-09T14:19:49.407+0000] {processor.py:161} INFO - Started process (PID=1295) to work on /opt/airflow/dags/training_pipeline_dag.py
[2026-08-09T14:19:49.410+0000] {processor.py:830} INFO - Processing file /opt/airflow/dags/training_pipeline_dag.py for tasks to queue
[2026-08-09T14:19:49.424+0000] {logging_mixin.py:188} INFO - [2026-08-09T14:19:49.412+0000] {dagbag.py:545} INFO - Filling up the DagBag from /opt/airflow/dags/training_pipeline_dag.py
[2026-08-09T14:19:56.141+0000] {processor.py:840} INFO - DAG(s) 'training_pipeline' retrieved from /opt/airflow/dags/training_pipeline_dag.py
[2026-08-09T14:19:56.190+0000] {logging_mixin.py:188} INFO - [2026-08-09T14:19:56.189+0000] {dag.py:3089} INFO - Sync 1 DAGs
[2026-08-09T14:19:56.236+0000] {logging_mixin.py:188} INFO - [2026-08-09T14:19:56.235+0000] {dag.py:3947} INFO - Setting next_dagrun for training_pipeline to 2026-08-09 00:00:00+00:00, run_after=2026-08-10 00:00:00+00:00
[2026-08-09T14:19:56.291+0000] {processor.py:183} INFO - Processing /opt/airflow/dags/training_pipeline_dag.py took 8.988 seconds
[2026-08-09T14:20:40.054+0000] {processor.py:161} INFO - Started process (PID=1431) to work on /opt/airflow/dags/training_pipeline_dag.py
[2026-08-09T14:20:40.058+0000] {processor.py:830} INFO - Processing file /opt/airflow/dags/training_pipeline_dag.py for tasks to queue
[2026-08-09T14:20:40.062+0000] {logging_mixin.py:188} INFO - [2026-08-09T14:20:40.061+0000] {dagbag.py:545} INFO - Filling up the DagBag from /opt/airflow/dags/training_pipeline_dag.py
[2026-08-09T14:20:49.067+0000] {processor.py:840} INFO - DAG(s) 'training_pipeline' retrieved from /opt/airflow/dags/training_pipeline_dag.py
[2026-08-09T14:20:49.168+0000] {logging_mixin.py:188} INFO - [2026-08-09T14:20:49.167+0000] {dag.py:3089} INFO - Sync 1 DAGs
[2026-08-09T14:20:49.219+0000] {logging_mixin.py:188} INFO - [2026-08-09T14:20:49.219+0000] {dag.py:3947} INFO - Setting next_dagrun for training_pipeline to 2026-08-09 00:00:00+00:00, run_after=2026-08-10 00:00:00+00:00
[2026-08-09T14:20:49.281+0000] {processor.py:183} INFO - Processing /opt/airflow/dags/training_pipeline_dag.py took 11.551 seconds
[2026-08-09T14:21:19.890+0000] {processor.py:161} INFO - Started process (PID=1949) to work on /opt/airflow/dags/training_pipeline_dag.py
[2026-08-09T14:21:19.896+0000] {processor.py:830} INFO - Processing file /opt/airflow/dags/training_pipeline_dag.py for tasks to queue
[2026-08-09T14:21:19.901+0000] {logging_mixin.py:188} INFO - [2026-08-09T14:21:19.900+0000] {dagbag.py:545} INFO - Filling up the DagBag from /opt/airflow/dags/training_pipeline_dag.py
[2026-08-09T14:21:22.147+0000] {processor.py:840} INFO - DAG(s) 'training_pipeline' retrieved from /opt/airflow/dags/training_pipeline_dag.py
[2026-08-09T14:21:22.208+0000] {logging_mixin.py:188} INFO - [2026-08-09T14:21:22.206+0000] {dag.py:3089} INFO - Sync 1 DAGs
[2026-08-09T14:21:22.258+0000] {logging_mixin.py:188} INFO - [2026-08-09T14:21:22.257+0000] {dag.py:3947} INFO - Setting next_dagrun for training_pipeline to 2026-08-09 00:00:00+00:00, run_after=2026-08-10 00:00:00+00:00
[2026-08-09T14:21:22.308+0000] {processor.py:183} INFO - Processing /opt/airflow/dags/training_pipeline_dag.py took 2.446 seconds
[2026-08-09T14:21:54.269+0000] {processor.py:161} INFO - Started process (PID=2311) to work on /opt/airflow/dags/training_pipeline_dag.py
[2026-08-09T14:21:54.273+0000] {processor.py:830} INFO - Processing file /opt/airflow/dags/training_pipeline_dag.py for tasks to queue
[2026-08-09T14:21:54.276+0000] {logging_mixin.py:188} INFO - [2026-08-09T14:21:54.275+0000] {dagbag.py:545} INFO - Filling up the DagBag from /opt/airflow/dags/training_pipeline_dag.py
[2026-08-09T14:21:58.128+0000] {processor.py:840} INFO - DAG(s) 'training_pipeline' retrieved from /opt/airflow/dags/training_pipeline_dag.py
[2026-08-09T14:21:58.637+0000] {logging_mixin.py:188} INFO - [2026-08-09T14:21:58.199+0000] {dag.py:3089} INFO - Sync 1 DAGs
[2026-08-09T14:21:58.684+0000] {logging_mixin.py:188} INFO - [2026-08-09T14:21:58.683+0000] {dag.py:3947} INFO - Setting next_dagrun for training_pipeline to 2026-08-09 00:00:00+00:00, run_after=2026-08-10 00:00:00+00:00
[2026-08-09T14:21:58.731+0000] {processor.py:183} INFO - Processing /opt/airflow/dags/training_pipeline_dag.py took 4.511 seconds
[2026-08-09T14:22:29.528+0000] {processor.py:161} INFO - Started process (PID=2345) to work on /opt/airflow/dags/training_pipeline_dag.py
[2026-08-09T14:22:29.531+0000] {processor.py:830} INFO - Processing file /opt/airflow/dags/training_pipeline_dag.py for tasks to queue
[2026-08-09T14:22:29.534+0000] {logging_mixin.py:188} INFO - [2026-08-09T14:22:29.533+0000] {dagbag.py:545} INFO - Filling up the DagBag from /opt/airflow/dags/training_pipeline_dag.py
[2026-08-09T14:22:31.166+0000] {processor.py:840} INFO - DAG(s) 'training_pipeline' retrieved from /opt/airflow/dags/training_pipeline_dag.py
[2026-08-09T14:22:31.716+0000] {logging_mixin.py:188} INFO - [2026-08-09T14:22:31.715+0000] {dag.py:3089} INFO - Sync 1 DAGs
[2026-08-09T14:22:31.769+0000] {logging_mixin.py:188} INFO - [2026-08-09T14:22:31.768+0000] {dag.py:3947} INFO - Setting next_dagrun for training_pipeline to 2026-08-09 00:00:00+00:00, run_after=2026-08-10 00:00:00+00:00
[2026-08-09T14:22:31.871+0000] {processor.py:183} INFO - Processing /opt/airflow/dags/training_pipeline_dag.py took 2.367 seconds
[2026-08-09T14:23:02.810+0000] {processor.py:161} INFO - Started process (PID=2358) to work on /opt/airflow/dags/training_pipeline_dag.py
[2026-08-09T14:23:02.813+0000] {processor.py:830} INFO - Processing file /opt/airflow/dags/training_pipeline_dag.py for tasks to queue
[2026-08-09T14:23:02.816+0000] {logging_mixin.py:188} INFO - [2026-08-09T14:23:02.815+0000] {dagbag.py:545} INFO - Filling up the DagBag from /opt/airflow/dags/training_pipeline_dag.py
[2026-08-09T14:23:04.924+0000] {processor.py:840} INFO - DAG(s) 'training_pipeline' retrieved from /opt/airflow/dags/training_pipeline_dag.py
[2026-08-09T14:23:04.981+0000] {logging_mixin.py:188} INFO - [2026-08-09T14:23:04.980+0000] {dag.py:3089} INFO - Sync 1 DAGs
[2026-08-09T14:23:05.024+0000] {logging_mixin.py:188} INFO - [2026-08-09T14:23:05.023+0000] {dag.py:3947} INFO - Setting next_dagrun for training_pipeline to 2026-08-09 00:00:00+00:00, run_after=2026-08-10 00:00:00+00:00
[2026-08-09T14:23:05.060+0000] {processor.py:183} INFO - Processing /opt/airflow/dags/training_pipeline_dag.py took 2.271 seconds
[2026-08-09T14:23:38.350+0000] {processor.py:161} INFO - Started process (PID=2391) to work on /opt/airflow/dags/training_pipeline_dag.py
[2026-08-09T14:23:38.353+0000] {processor.py:830} INFO - Processing file /opt/airflow/dags/training_pipeline_dag.py for tasks to queue
[2026-08-09T14:23:38.355+0000] {logging_mixin.py:188} INFO - [2026-08-09T14:23:38.354+0000] {dagbag.py:545} INFO - Filling up the DagBag from /opt/airflow/dags/training_pipeline_dag.py
[2026-08-09T14:23:40.422+0000] {processor.py:840} INFO - DAG(s) 'training_pipeline' retrieved from /opt/airflow/dags/training_pipeline_dag.py
[2026-08-09T14:23:40.473+0000] {logging_mixin.py:188} INFO - [2026-08-09T14:23:40.473+0000] {dag.py:3089} INFO - Sync 1 DAGs
[2026-08-09T14:23:40.521+0000] {logging_mixin.py:188} INFO - [2026-08-09T14:23:40.521+0000] {dag.py:3947} INFO - Setting next_dagrun for training_pipeline to 2026-08-09 00:00:00+00:00, run_after=2026-08-10 00:00:00+00:00
[2026-08-09T14:23:40.561+0000] {processor.py:183} INFO - Processing /opt/airflow/dags/training_pipeline_dag.py took 2.231 seconds
[2026-08-09T14:24:11.381+0000] {processor.py:161} INFO - Started process (PID=2407) to work on /opt/airflow/dags/training_pipeline_dag.py
[2026-08-09T14:24:11.399+0000] {processor.py:830} INFO - Processing file /opt/airflow/dags/training_pipeline_dag.py for tasks to queue
[2026-08-09T14:24:11.406+0000] {logging_mixin.py:188} INFO - [2026-08-09T14:24:11.404+0000] {dagbag.py:545} INFO - Filling up the DagBag from /opt/airflow/dags/training_pipeline_dag.py
[2026-08-09T14:24:13.479+0000] {processor.py:840} INFO - DAG(s) 'training_pipeline' retrieved from /opt/airflow/dags/training_pipeline_dag.py
[2026-08-09T14:24:13.571+0000] {logging_mixin.py:188} INFO - [2026-08-09T14:24:13.569+0000] {dag.py:3089} INFO - Sync 1 DAGs
[2026-08-09T14:24:13.640+0000] {logging_mixin.py:188} INFO - [2026-08-09T14:24:13.639+0000] {dag.py:3947} INFO - Setting next_dagrun for training_pipeline to 2026-08-09 00:00:00+00:00, run_after=2026-08-10 00:00:00+00:00
[2026-08-09T14:24:13.693+0000] {processor.py:183} INFO - Processing /opt/airflow/dags/training_pipeline_dag.py took 2.479 seconds
[2026-08-09T14:24:44.365+0000] {processor.py:161} INFO - Started process (PID=2451) to work on /opt/airflow/dags/training_pipeline_dag.py
[2026-08-09T14:24:44.367+0000] {processor.py:830} INFO - Processing file /opt/airflow/dags/training_pipeline_dag.py for tasks to queue
[2026-08-09T14:24:44.370+0000] {logging_mixin.py:188} INFO - [2026-08-09T14:24:44.369+0000] {dagbag.py:545} INFO - Filling up the DagBag from /opt/airflow/dags/training_pipeline_dag.py
[2026-08-09T14:25:14.275+0000] {logging_mixin.py:188} INFO - [2026-08-09T14:25:12.861+0000] {timeout.py:68} ERROR - Process timed out, PID: 2451
[2026-08-09T14:29:00.222+0000] {processor.py:161} INFO - Started process (PID=2465) to work on /opt/airflow/dags/training_pipeline_dag.py
[2026-08-09T14:29:00.429+0000] {processor.py:830} INFO - Processing file /opt/airflow/dags/training_pipeline_dag.py for tasks to queue
[2026-08-09T14:29:01.158+0000] {logging_mixin.py:188} INFO - [2026-08-09T14:29:00.497+0000] {dagbag.py:545} INFO - Filling up the DagBag from /opt/airflow/dags/training_pipeline_dag.py
[2026-08-09T14:29:36.551+0000] {logging_mixin.py:188} INFO - [2026-08-09T14:29:32.221+0000] {timeout.py:68} ERROR - Process timed out, PID: 2465
[2026-08-09T14:31:11.839+0000] {processor.py:161} INFO - Started process (PID=2477) to work on /opt/airflow/dags/training_pipeline_dag.py
[2026-08-09T14:31:11.920+0000] {processor.py:830} INFO - Processing file /opt/airflow/dags/training_pipeline_dag.py for tasks to queue
[2026-08-09T14:31:11.956+0000] {logging_mixin.py:188} INFO - [2026-08-09T14:31:11.922+0000] {dagbag.py:545} INFO - Filling up the DagBag from /opt/airflow/dags/training_pipeline_dag.py
[2026-08-09T14:31:40.006+0000] {processor.py:840} INFO - DAG(s) 'training_pipeline' retrieved from /opt/airflow/dags/training_pipeline_dag.py
[2026-08-09T14:31:45.697+0000] {logging_mixin.py:188} INFO - [2026-08-09T14:31:45.696+0000] {dag.py:3089} INFO - Sync 1 DAGs
[2026-08-09T14:31:45.752+0000] {logging_mixin.py:188} INFO - [2026-08-09T14:31:45.751+0000] {dag.py:3947} INFO - Setting next_dagrun for training_pipeline to 2026-08-09 00:00:00+00:00, run_after=2026-08-10 00:00:00+00:00
[2026-08-09T14:31:45.817+0000] {processor.py:183} INFO - Processing /opt/airflow/dags/training_pipeline_dag.py took 36.491 seconds
[2026-08-09T14:32:16.187+0000] {processor.py:161} INFO - Started process (PID=2507) to work on /opt/airflow/dags/training_pipeline_dag.py
[2026-08-09T14:32:16.189+0000] {processor.py:830} INFO - Processing file /opt/airflow/dags/training_pipeline_dag.py for tasks to queue
[2026-08-09T14:32:16.192+0000] {logging_mixin.py:188} INFO - [2026-08-09T14:32:16.191+0000] {dagbag.py:545} INFO - Filling up the DagBag from /opt/airflow/dags/training_pipeline_dag.py
[2026-08-09T14:32:18.076+0000] {processor.py:840} INFO - DAG(s) 'training_pipeline' retrieved from /opt/airflow/dags/training_pipeline_dag.py
[2026-08-09T14:32:18.126+0000] {logging_mixin.py:188} INFO - [2026-08-09T14:32:18.125+0000] {dag.py:3089} INFO - Sync 1 DAGs
[2026-08-09T14:32:18.164+0000] {logging_mixin.py:188} INFO - [2026-08-09T14:32:18.164+0000] {dag.py:3947} INFO - Setting next_dagrun for training_pipeline to 2026-08-09 00:00:00+00:00, run_after=2026-08-10 00:00:00+00:00
[2026-08-09T14:32:18.209+0000] {processor.py:183} INFO - Processing /opt/airflow/dags/training_pipeline_dag.py took 2.045 seconds
[2026-08-09T14:32:48.574+0000] {processor.py:161} INFO - Started process (PID=2539) to work on /opt/airflow/dags/training_pipeline_dag.py
[2026-08-09T14:32:48.577+0000] {processor.py:830} INFO - Processing file /opt/airflow/dags/training_pipeline_dag.py for tasks to queue
[2026-08-09T14:32:48.579+0000] {logging_mixin.py:188} INFO - [2026-08-09T14:32:48.578+0000] {dagbag.py:545} INFO - Filling up the DagBag from /opt/airflow/dags/training_pipeline_dag.py
[2026-08-09T14:32:50.329+0000] {processor.py:840} INFO - DAG(s) 'training_pipeline' retrieved from /opt/airflow/dags/training_pipeline_dag.py
[2026-08-09T14:32:50.376+0000] {logging_mixin.py:188} INFO - [2026-08-09T14:32:50.375+0000] {dag.py:3089} INFO - Sync 1 DAGs
[2026-08-09T14:32:50.422+0000] {logging_mixin.py:188} INFO - [2026-08-09T14:32:50.421+0000] {dag.py:3947} INFO - Setting next_dagrun for training_pipeline to 2026-08-09 00:00:00+00:00, run_after=2026-08-10 00:00:00+00:00
[2026-08-09T14:32:50.458+0000] {processor.py:183} INFO - Processing /opt/airflow/dags/training_pipeline_dag.py took 1.907 seconds
[2026-08-09T14:33:21.979+0000] {processor.py:161} INFO - Started process (PID=2582) to work on /opt/airflow/dags/training_pipeline_dag.py
[2026-08-09T14:33:21.982+0000] {processor.py:830} INFO - Processing file /opt/airflow/dags/training_pipeline_dag.py for tasks to queue
[2026-08-09T14:33:21.986+0000] {logging_mixin.py:188} INFO - [2026-08-09T14:33:21.985+0000] {dagbag.py:545} INFO - Filling up the DagBag from /opt/airflow/dags/training_pipeline_dag.py
[2026-08-09T14:37:16.192+0000] {logging_mixin.py:188} INFO - [2026-08-09T14:37:15.861+0000] {timeout.py:68} ERROR - Process timed out, PID: 2582
[2026-08-09T14:38:41.088+0000] {processor.py:161} INFO - Started process (PID=2601) to work on /opt/airflow/dags/training_pipeline_dag.py
[2026-08-09T14:38:41.090+0000] {processor.py:830} INFO - Processing file /opt/airflow/dags/training_pipeline_dag.py for tasks to queue
[2026-08-09T14:38:41.152+0000] {logging_mixin.py:188} INFO - [2026-08-09T14:38:41.093+0000] {dagbag.py:545} INFO - Filling up the DagBag from /opt/airflow/dags/training_pipeline_dag.py
[2026-08-09T14:39:13.528+0000] {logging_mixin.py:188} INFO - [2026-08-09T14:39:11.688+0000] {timeout.py:68} ERROR - Process timed out, PID: 2601
[2026-08-09T14:40:52.932+0000] {processor.py:161} INFO - Started process (PID=2612) to work on /opt/airflow/dags/training_pipeline_dag.py
[2026-08-09T14:40:52.937+0000] {processor.py:830} INFO - Processing file /opt/airflow/dags/training_pipeline_dag.py for tasks to queue
[2026-08-09T14:40:53.016+0000] {logging_mixin.py:188} INFO - [2026-08-09T14:40:52.938+0000] {dagbag.py:545} INFO - Filling up the DagBag from /opt/airflow/dags/training_pipeline_dag.py
[2026-08-09T14:41:21.794+0000] {logging_mixin.py:188} INFO - [2026-08-09T14:41:21.440+0000] {timeout.py:68} ERROR - Process timed out, PID: 2612
[2026-08-09T14:42:46.297+0000] {processor.py:161} INFO - Started process (PID=2630) to work on /opt/airflow/dags/training_pipeline_dag.py
[2026-08-09T14:42:46.389+0000] {processor.py:830} INFO - Processing file /opt/airflow/dags/training_pipeline_dag.py for tasks to queue
[2026-08-09T14:42:46.707+0000] {logging_mixin.py:188} INFO - [2026-08-09T14:42:46.562+0000] {dagbag.py:545} INFO - Filling up the DagBag from /opt/airflow/dags/training_pipeline_dag.py
[2026-08-09T14:43:19.893+0000] {logging_mixin.py:188} INFO - [2026-08-09T14:43:15.761+0000] {timeout.py:68} ERROR - Process timed out, PID: 2630
[2026-08-09T14:44:00.447+0000] {processor.py:161} INFO - Started process (PID=2650) to work on /opt/airflow/dags/training_pipeline_dag.py
[2026-08-09T14:44:00.448+0000] {processor.py:830} INFO - Processing file /opt/airflow/dags/training_pipeline_dag.py for tasks to queue
[2026-08-09T14:44:00.449+0000] {logging_mixin.py:188} INFO - [2026-08-09T14:44:00.449+0000] {dagbag.py:545} INFO - Filling up the DagBag from /opt/airflow/dags/training_pipeline_dag.py
[2026-08-09T14:44:18.230+0000] {processor.py:840} INFO - DAG(s) 'training_pipeline' retrieved from /opt/airflow/dags/training_pipeline_dag.py
[2026-08-09T14:44:20.315+0000] {logging_mixin.py:188} INFO - [2026-08-09T14:44:20.314+0000] {dag.py:3089} INFO - Sync 1 DAGs
[2026-08-09T14:44:20.645+0000] {logging_mixin.py:188} INFO - [2026-08-09T14:44:20.644+0000] {dag.py:3947} INFO - Setting next_dagrun for training_pipeline to 2026-08-09 00:00:00+00:00, run_after=2026-08-10 00:00:00+00:00
[2026-08-09T14:44:22.603+0000] {processor.py:183} INFO - Processing /opt/airflow/dags/training_pipeline_dag.py took 23.260 seconds
[2026-08-09T14:44:52.872+0000] {processor.py:161} INFO - Started process (PID=2677) to work on /opt/airflow/dags/training_pipeline_dag.py
[2026-08-09T14:44:52.873+0000] {processor.py:830} INFO - Processing file /opt/airflow/dags/training_pipeline_dag.py for tasks to queue
[2026-08-09T14:44:52.874+0000] {logging_mixin.py:188} INFO - [2026-08-09T14:44:52.874+0000] {dagbag.py:545} INFO - Filling up the DagBag from /opt/airflow/dags/training_pipeline_dag.py
[2026-08-09T14:44:53.657+0000] {processor.py:840} INFO - DAG(s) 'training_pipeline' retrieved from /opt/airflow/dags/training_pipeline_dag.py
[2026-08-09T14:44:53.683+0000] {logging_mixin.py:188} INFO - [2026-08-09T14:44:53.682+0000] {dag.py:3089} INFO - Sync 1 DAGs
[2026-08-09T14:44:53.702+0000] {logging_mixin.py:188} INFO - [2026-08-09T14:44:53.702+0000] {dag.py:3947} INFO - Setting next_dagrun for training_pipeline to 2026-08-09 00:00:00+00:00, run_after=2026-08-10 00:00:00+00:00
[2026-08-09T14:44:53.722+0000] {processor.py:183} INFO - Processing /opt/airflow/dags/training_pipeline_dag.py took 0.861 seconds
[2026-08-09T14:45:24.284+0000] {processor.py:161} INFO - Started process (PID=2708) to work on /opt/airflow/dags/training_pipeline_dag.py
[2026-08-09T14:45:24.287+0000] {processor.py:830} INFO - Processing file /opt/airflow/dags/training_pipeline_dag.py for tasks to queue
[2026-08-09T14:45:24.289+0000] {logging_mixin.py:188} INFO - [2026-08-09T14:45:24.288+0000] {dagbag.py:545} INFO - Filling up the DagBag from /opt/airflow/dags/training_pipeline_dag.py
[2026-08-09T14:45:24.936+0000] {processor.py:840} INFO - DAG(s) 'training_pipeline' retrieved from /opt/airflow/dags/training_pipeline_dag.py
[2026-08-09T14:45:25.235+0000] {logging_mixin.py:188} INFO - [2026-08-09T14:45:25.234+0000] {dag.py:3089} INFO - Sync 1 DAGs
[2026-08-09T14:45:25.254+0000] {logging_mixin.py:188} INFO - [2026-08-09T14:45:25.254+0000] {dag.py:3947} INFO - Setting next_dagrun for training_pipeline to 2026-08-09 00:00:00+00:00, run_after=2026-08-10 00:00:00+00:00
[2026-08-09T14:45:25.273+0000] {processor.py:183} INFO - Processing /opt/airflow/dags/training_pipeline_dag.py took 0.999 seconds
[2026-08-09T14:45:56.702+0000] {processor.py:161} INFO - Started process (PID=2739) to work on /opt/airflow/dags/training_pipeline_dag.py
[2026-08-09T14:45:56.709+0000] {processor.py:830} INFO - Processing file /opt/airflow/dags/training_pipeline_dag.py for tasks to queue
[2026-08-09T14:45:56.710+0000] {logging_mixin.py:188} INFO - [2026-08-09T14:45:56.710+0000] {dagbag.py:545} INFO - Filling up the DagBag from /opt/airflow/dags/training_pipeline_dag.py
[2026-08-09T14:46:31.698+0000] {logging_mixin.py:188} INFO - [2026-08-09T14:46:25.799+0000] {timeout.py:68} ERROR - Process timed out, PID: 2739
[2026-08-09T14:59:58.003+0000] {processor.py:161} INFO - Started process (PID=2759) to work on /opt/airflow/dags/training_pipeline_dag.py
[2026-08-09T14:59:58.005+0000] {processor.py:830} INFO - Processing file /opt/airflow/dags/training_pipeline_dag.py for tasks to queue
[2026-08-09T14:59:58.006+0000] {logging_mixin.py:188} INFO - [2026-08-09T14:59:58.006+0000] {dagbag.py:545} INFO - Filling up the DagBag from /opt/airflow/dags/training_pipeline_dag.py
[2026-08-09T15:00:06.791+0000] {processor.py:840} INFO - DAG(s) 'training_pipeline' retrieved from /opt/airflow/dags/training_pipeline_dag.py
[2026-08-09T15:00:07.130+0000] {logging_mixin.py:188} INFO - [2026-08-09T15:00:07.130+0000] {dag.py:3089} INFO - Sync 1 DAGs
[2026-08-09T15:00:07.164+0000] {logging_mixin.py:188} INFO - [2026-08-09T15:00:07.164+0000] {dag.py:3947} INFO - Setting next_dagrun for training_pipeline to 2026-08-09 00:00:00+00:00, run_after=2026-08-10 00:00:00+00:00
[2026-08-09T15:00:07.193+0000] {processor.py:183} INFO - Processing /opt/airflow/dags/training_pipeline_dag.py took 9.205 seconds
[2026-08-09T15:00:37.377+0000] {processor.py:161} INFO - Started process (PID=2802) to work on /opt/airflow/dags/training_pipeline_dag.py
[2026-08-09T15:00:37.379+0000] {processor.py:830} INFO - Processing file /opt/airflow/dags/training_pipeline_dag.py for tasks to queue
[2026-08-09T15:00:37.384+0000] {logging_mixin.py:188} INFO - [2026-08-09T15:00:37.382+0000] {dagbag.py:545} INFO - Filling up the DagBag from /opt/airflow/dags/training_pipeline_dag.py
[2026-08-09T15:00:41.377+0000] {processor.py:840} INFO - DAG(s) 'training_pipeline' retrieved from /opt/airflow/dags/training_pipeline_dag.py
[2026-08-09T15:00:41.520+0000] {logging_mixin.py:188} INFO - [2026-08-09T15:00:41.519+0000] {dag.py:3089} INFO - Sync 1 DAGs
[2026-08-09T15:00:41.542+0000] {logging_mixin.py:188} INFO - [2026-08-09T15:00:41.542+0000] {dag.py:3947} INFO - Setting next_dagrun for training_pipeline to 2026-08-09 00:00:00+00:00, run_after=2026-08-10 00:00:00+00:00
[2026-08-09T15:00:41.582+0000] {processor.py:183} INFO - Processing /opt/airflow/dags/training_pipeline_dag.py took 4.226 seconds
[2026-08-09T15:01:12.586+0000] {processor.py:161} INFO - Started process (PID=2952) to work on /opt/airflow/dags/training_pipeline_dag.py
[2026-08-09T15:01:12.596+0000] {processor.py:830} INFO - Processing file /opt/airflow/dags/training_pipeline_dag.py for tasks to queue
[2026-08-09T15:01:12.597+0000] {logging_mixin.py:188} INFO - [2026-08-09T15:01:12.596+0000] {dagbag.py:545} INFO - Filling up the DagBag from /opt/airflow/dags/training_pipeline_dag.py
[2026-08-09T15:01:15.778+0000] {processor.py:840} INFO - DAG(s) 'training_pipeline' retrieved from /opt/airflow/dags/training_pipeline_dag.py
[2026-08-09T15:01:15.856+0000] {logging_mixin.py:188} INFO - [2026-08-09T15:01:15.854+0000] {dag.py:3089} INFO - Sync 1 DAGs
[2026-08-09T15:01:15.882+0000] {logging_mixin.py:188} INFO - [2026-08-09T15:01:15.882+0000] {dag.py:3947} INFO - Setting next_dagrun for training_pipeline to 2026-08-09 00:00:00+00:00, run_after=2026-08-10 00:00:00+00:00
[2026-08-09T15:01:15.920+0000] {processor.py:183} INFO - Processing /opt/airflow/dags/training_pipeline_dag.py took 3.344 seconds
[2026-08-09T15:09:59.908+0000] {processor.py:161} INFO - Started process (PID=187) to work on /opt/airflow/dags/training_pipeline_dag.py
[2026-08-09T15:09:59.917+0000] {processor.py:830} INFO - Processing file /opt/airflow/dags/training_pipeline_dag.py for tasks to queue
[2026-08-09T15:10:00.027+0000] {logging_mixin.py:188} INFO - [2026-08-09T15:09:59.972+0000] {dagbag.py:545} INFO - Filling up the DagBag from /opt/airflow/dags/training_pipeline_dag.py
[2026-08-09T15:11:21.312+0000] {processor.py:161} INFO - Started process (PID=240) to work on /opt/airflow/dags/training_pipeline_dag.py
[2026-08-09T15:11:21.333+0000] {processor.py:830} INFO - Processing file /opt/airflow/dags/training_pipeline_dag.py for tasks to queue
[2026-08-09T15:11:21.336+0000] {logging_mixin.py:188} INFO - [2026-08-09T15:11:21.335+0000] {dagbag.py:545} INFO - Filling up the DagBag from /opt/airflow/dags/training_pipeline_dag.py
[2026-08-09T15:11:40.521+0000] {processor.py:840} INFO - DAG(s) 'training_pipeline' retrieved from /opt/airflow/dags/training_pipeline_dag.py
[2026-08-09T15:11:41.763+0000] {logging_mixin.py:188} INFO - [2026-08-09T15:11:41.761+0000] {dag.py:3089} INFO - Sync 1 DAGs
[2026-08-09T15:11:41.819+0000] {logging_mixin.py:188} INFO - [2026-08-09T15:11:41.819+0000] {dag.py:3947} INFO - Setting next_dagrun for training_pipeline to 2026-08-09 00:00:00+00:00, run_after=2026-08-10 00:00:00+00:00
[2026-08-09T15:11:41.890+0000] {processor.py:183} INFO - Processing /opt/airflow/dags/training_pipeline_dag.py took 20.708 seconds
[2026-08-09T15:12:14.177+0000] {processor.py:161} INFO - Started process (PID=255) to work on /opt/airflow/dags/training_pipeline_dag.py
[2026-08-09T15:12:14.256+0000] {processor.py:830} INFO - Processing file /opt/airflow/dags/training_pipeline_dag.py for tasks to queue
[2026-08-09T15:12:14.272+0000] {logging_mixin.py:188} INFO - [2026-08-09T15:12:14.264+0000] {dagbag.py:545} INFO - Filling up the DagBag from /opt/airflow/dags/training_pipeline_dag.py
[2026-08-09T15:12:17.413+0000] {processor.py:840} INFO - DAG(s) 'training_pipeline' retrieved from /opt/airflow/dags/training_pipeline_dag.py
[2026-08-09T15:12:17.914+0000] {logging_mixin.py:188} INFO - [2026-08-09T15:12:17.698+0000] {dag.py:3089} INFO - Sync 1 DAGs
[2026-08-09T15:12:18.128+0000] {logging_mixin.py:188} INFO - [2026-08-09T15:12:18.128+0000] {dag.py:3947} INFO - Setting next_dagrun for training_pipeline to 2026-08-09 00:00:00+00:00, run_after=2026-08-10 00:00:00+00:00
[2026-08-09T15:12:18.181+0000] {processor.py:183} INFO - Processing /opt/airflow/dags/training_pipeline_dag.py took 5.786 seconds
[2026-08-09T15:12:48.773+0000] {processor.py:161} INFO - Started process (PID=282) to work on /opt/airflow/dags/training_pipeline_dag.py
[2026-08-09T15:12:48.775+0000] {processor.py:830} INFO - Processing file /opt/airflow/dags/training_pipeline_dag.py for tasks to queue
[2026-08-09T15:12:48.776+0000] {logging_mixin.py:188} INFO - [2026-08-09T15:12:48.775+0000] {dagbag.py:545} INFO - Filling up the DagBag from /opt/airflow/dags/training_pipeline_dag.py
[2026-08-09T15:12:49.519+0000] {processor.py:840} INFO - DAG(s) 'training_pipeline' retrieved from /opt/airflow/dags/training_pipeline_dag.py
[2026-08-09T15:12:50.911+0000] {logging_mixin.py:188} INFO - [2026-08-09T15:12:50.910+0000] {dag.py:3089} INFO - Sync 1 DAGs
[2026-08-09T15:12:51.006+0000] {logging_mixin.py:188} INFO - [2026-08-09T15:12:51.005+0000] {dag.py:3947} INFO - Setting next_dagrun for training_pipeline to 2026-08-09 00:00:00+00:00, run_after=2026-08-10 00:00:00+00:00
[2026-08-09T15:12:51.102+0000] {processor.py:183} INFO - Processing /opt/airflow/dags/training_pipeline_dag.py took 2.338 seconds
[2026-08-09T15:13:22.598+0000] {processor.py:161} INFO - Started process (PID=310) to work on /opt/airflow/dags/training_pipeline_dag.py
[2026-08-09T15:13:22.637+0000] {processor.py:830} INFO - Processing file /opt/airflow/dags/training_pipeline_dag.py for tasks to queue
[2026-08-09T15:13:22.892+0000] {logging_mixin.py:188} INFO - [2026-08-09T15:13:22.665+0000] {dagbag.py:545} INFO - Filling up the DagBag from /opt/airflow/dags/training_pipeline_dag.py
[2026-08-09T15:13:37.563+0000] {processor.py:840} INFO - DAG(s) 'training_pipeline' retrieved from /opt/airflow/dags/training_pipeline_dag.py
[2026-08-09T15:13:37.715+0000] {logging_mixin.py:188} INFO - [2026-08-09T15:13:37.714+0000] {dag.py:3089} INFO - Sync 1 DAGs
[2026-08-09T15:13:37.770+0000] {logging_mixin.py:188} INFO - [2026-08-09T15:13:37.770+0000] {dag.py:3947} INFO - Setting next_dagrun for training_pipeline to 2026-08-09 00:00:00+00:00, run_after=2026-08-10 00:00:00+00:00
[2026-08-09T15:13:37.847+0000] {processor.py:183} INFO - Processing /opt/airflow/dags/training_pipeline_dag.py took 16.052 seconds
[2026-08-09T15:14:08.283+0000] {processor.py:161} INFO - Started process (PID=344) to work on /opt/airflow/dags/training_pipeline_dag.py
[2026-08-09T15:14:08.286+0000] {processor.py:830} INFO - Processing file /opt/airflow/dags/training_pipeline_dag.py for tasks to queue
[2026-08-09T15:14:08.287+0000] {logging_mixin.py:188} INFO - [2026-08-09T15:14:08.287+0000] {dagbag.py:545} INFO - Filling up the DagBag from /opt/airflow/dags/training_pipeline_dag.py
[2026-08-09T15:14:09.172+0000] {processor.py:840} INFO - DAG(s) 'training_pipeline' retrieved from /opt/airflow/dags/training_pipeline_dag.py
[2026-08-09T15:14:09.200+0000] {logging_mixin.py:188} INFO - [2026-08-09T15:14:09.200+0000] {dag.py:3089} INFO - Sync 1 DAGs
[2026-08-09T15:14:09.223+0000] {logging_mixin.py:188} INFO - [2026-08-09T15:14:09.222+0000] {dag.py:3947} INFO - Setting next_dagrun for training_pipeline to 2026-08-09 00:00:00+00:00, run_after=2026-08-10 00:00:00+00:00
[2026-08-09T15:14:09.244+0000] {processor.py:183} INFO - Processing /opt/airflow/dags/training_pipeline_dag.py took 0.969 seconds
[2026-08-09T15:14:47.528+0000] {processor.py:161} INFO - Started process (PID=387) to work on /opt/airflow/dags/training_pipeline_dag.py
[2026-08-09T15:14:47.604+0000] {processor.py:830} INFO - Processing file /opt/airflow/dags/training_pipeline_dag.py for tasks to queue
[2026-08-09T15:14:47.634+0000] {logging_mixin.py:188} INFO - [2026-08-09T15:14:47.630+0000] {dagbag.py:545} INFO - Filling up the DagBag from /opt/airflow/dags/training_pipeline_dag.py
[2026-08-09T15:14:52.545+0000] {processor.py:840} INFO - DAG(s) 'training_pipeline' retrieved from /opt/airflow/dags/training_pipeline_dag.py
[2026-08-09T15:14:52.799+0000] {logging_mixin.py:188} INFO - [2026-08-09T15:14:52.795+0000] {dag.py:3089} INFO - Sync 1 DAGs
[2026-08-09T15:14:54.168+0000] {logging_mixin.py:188} INFO - [2026-08-09T15:14:54.168+0000] {dag.py:3947} INFO - Setting next_dagrun for training_pipeline to 2026-08-09 00:00:00+00:00, run_after=2026-08-10 00:00:00+00:00
[2026-08-09T15:14:54.198+0000] {processor.py:183} INFO - Processing /opt/airflow/dags/training_pipeline_dag.py took 12.345 seconds
[2026-08-09T15:15:24.905+0000] {processor.py:161} INFO - Started process (PID=404) to work on /opt/airflow/dags/training_pipeline_dag.py
[2026-08-09T15:15:24.906+0000] {processor.py:830} INFO - Processing file /opt/airflow/dags/training_pipeline_dag.py for tasks to queue
[2026-08-09T15:15:24.907+0000] {logging_mixin.py:188} INFO - [2026-08-09T15:15:24.907+0000] {dagbag.py:545} INFO - Filling up the DagBag from /opt/airflow/dags/training_pipeline_dag.py
[2026-08-09T15:15:25.610+0000] {processor.py:840} INFO - DAG(s) 'training_pipeline' retrieved from /opt/airflow/dags/training_pipeline_dag.py
[2026-08-09T15:15:25.878+0000] {logging_mixin.py:188} INFO - [2026-08-09T15:15:25.877+0000] {dag.py:3089} INFO - Sync 1 DAGs
[2026-08-09T15:15:25.905+0000] {logging_mixin.py:188} INFO - [2026-08-09T15:15:25.904+0000] {dag.py:3947} INFO - Setting next_dagrun for training_pipeline to 2026-08-09 00:00:00+00:00, run_after=2026-08-10 00:00:00+00:00
[2026-08-09T15:15:26.007+0000] {processor.py:183} INFO - Processing /opt/airflow/dags/training_pipeline_dag.py took 1.113 seconds
[2026-08-09T15:15:57.119+0000] {processor.py:161} INFO - Started process (PID=448) to work on /opt/airflow/dags/training_pipeline_dag.py
[2026-08-09T15:15:57.123+0000] {processor.py:830} INFO - Processing file /opt/airflow/dags/training_pipeline_dag.py for tasks to queue
[2026-08-09T15:15:57.124+0000] {logging_mixin.py:188} INFO - [2026-08-09T15:15:57.124+0000] {dagbag.py:545} INFO - Filling up the DagBag from /opt/airflow/dags/training_pipeline_dag.py
[2026-08-09T15:16:09.748+0000] {processor.py:840} INFO - DAG(s) 'training_pipeline' retrieved from /opt/airflow/dags/training_pipeline_dag.py
[2026-08-09T15:16:09.827+0000] {logging_mixin.py:188} INFO - [2026-08-09T15:16:09.826+0000] {dag.py:3089} INFO - Sync 1 DAGs
[2026-08-09T15:16:09.887+0000] {logging_mixin.py:188} INFO - [2026-08-09T15:16:09.887+0000] {dag.py:3947} INFO - Setting next_dagrun for training_pipeline to 2026-08-09 00:00:00+00:00, run_after=2026-08-10 00:00:00+00:00
[2026-08-09T15:16:09.963+0000] {processor.py:183} INFO - Processing /opt/airflow/dags/training_pipeline_dag.py took 12.841 seconds
[2026-08-09T15:16:42.647+0000] {processor.py:161} INFO - Started process (PID=481) to work on /opt/airflow/dags/training_pipeline_dag.py
[2026-08-09T15:16:42.738+0000] {processor.py:830} INFO - Processing file /opt/airflow/dags/training_pipeline_dag.py for tasks to queue
[2026-08-09T15:16:42.796+0000] {logging_mixin.py:188} INFO - [2026-08-09T15:16:42.748+0000] {dagbag.py:545} INFO - Filling up the DagBag from /opt/airflow/dags/training_pipeline_dag.py
[2026-08-09T15:16:44.160+0000] {processor.py:840} INFO - DAG(s) 'training_pipeline' retrieved from /opt/airflow/dags/training_pipeline_dag.py
[2026-08-09T15:16:44.300+0000] {logging_mixin.py:188} INFO - [2026-08-09T15:16:44.300+0000] {dag.py:3089} INFO - Sync 1 DAGs
[2026-08-09T15:16:44.358+0000] {logging_mixin.py:188} INFO - [2026-08-09T15:16:44.357+0000] {dag.py:3947} INFO - Setting next_dagrun for training_pipeline to 2026-08-09 00:00:00+00:00, run_after=2026-08-10 00:00:00+00:00
[2026-08-09T15:16:51.607+0000] {processor.py:183} INFO - Processing /opt/airflow/dags/training_pipeline_dag.py took 9.221 seconds
[2026-08-09T15:17:21.759+0000] {processor.py:161} INFO - Started process (PID=511) to work on /opt/airflow/dags/training_pipeline_dag.py
[2026-08-09T15:17:21.761+0000] {processor.py:830} INFO - Processing file /opt/airflow/dags/training_pipeline_dag.py for tasks to queue
[2026-08-09T15:17:21.762+0000] {logging_mixin.py:188} INFO - [2026-08-09T15:17:21.761+0000] {dagbag.py:545} INFO - Filling up the DagBag from /opt/airflow/dags/training_pipeline_dag.py
[2026-08-09T15:17:22.646+0000] {processor.py:840} INFO - DAG(s) 'training_pipeline' retrieved from /opt/airflow/dags/training_pipeline_dag.py
[2026-08-09T15:17:22.680+0000] {logging_mixin.py:188} INFO - [2026-08-09T15:17:22.679+0000] {dag.py:3089} INFO - Sync 1 DAGs
[2026-08-09T15:17:22.710+0000] {logging_mixin.py:188} INFO - [2026-08-09T15:17:22.710+0000] {dag.py:3947} INFO - Setting next_dagrun for training_pipeline to 2026-08-09 00:00:00+00:00, run_after=2026-08-10 00:00:00+00:00
[2026-08-09T15:17:22.727+0000] {processor.py:183} INFO - Processing /opt/airflow/dags/training_pipeline_dag.py took 0.976 seconds
[2026-08-09T15:17:53.108+0000] {processor.py:161} INFO - Started process (PID=545) to work on /opt/airflow/dags/training_pipeline_dag.py
[2026-08-09T15:17:53.110+0000] {processor.py:830} INFO - Processing file /opt/airflow/dags/training_pipeline_dag.py for tasks to queue
[2026-08-09T15:17:53.111+0000] {logging_mixin.py:188} INFO - [2026-08-09T15:17:53.111+0000] {dagbag.py:545} INFO - Filling up the DagBag from /opt/airflow/dags/training_pipeline_dag.py
[2026-08-09T15:17:53.851+0000] {processor.py:840} INFO - DAG(s) 'training_pipeline' retrieved from /opt/airflow/dags/training_pipeline_dag.py
[2026-08-09T15:17:53.900+0000] {logging_mixin.py:188} INFO - [2026-08-09T15:17:53.898+0000] {dag.py:3089} INFO - Sync 1 DAGs
[2026-08-09T15:17:54.366+0000] {logging_mixin.py:188} INFO - [2026-08-09T15:17:54.366+0000] {dag.py:3947} INFO - Setting next_dagrun for training_pipeline to 2026-08-09 00:00:00+00:00, run_after=2026-08-10 00:00:00+00:00
[2026-08-09T15:17:54.398+0000] {processor.py:183} INFO - Processing /opt/airflow/dags/training_pipeline_dag.py took 1.300 seconds
[2026-08-09T15:18:24.657+0000] {processor.py:161} INFO - Started process (PID=576) to work on /opt/airflow/dags/training_pipeline_dag.py
[2026-08-09T15:18:24.661+0000] {processor.py:830} INFO - Processing file /opt/airflow/dags/training_pipeline_dag.py for tasks to queue
[2026-08-09T15:18:24.662+0000] {logging_mixin.py:188} INFO - [2026-08-09T15:18:24.661+0000] {dagbag.py:545} INFO - Filling up the DagBag from /opt/airflow/dags/training_pipeline_dag.py
[2026-08-09T15:18:25.336+0000] {processor.py:840} INFO - DAG(s) 'training_pipeline' retrieved from /opt/airflow/dags/training_pipeline_dag.py
[2026-08-09T15:18:25.597+0000] {logging_mixin.py:188} INFO - [2026-08-09T15:18:25.596+0000] {dag.py:3089} INFO - Sync 1 DAGs
[2026-08-09T15:18:25.614+0000] {logging_mixin.py:188} INFO - [2026-08-09T15:18:25.614+0000] {dag.py:3947} INFO - Setting next_dagrun for training_pipeline to 2026-08-09 00:00:00+00:00, run_after=2026-08-10 00:00:00+00:00
[2026-08-09T15:18:25.637+0000] {processor.py:183} INFO - Processing /opt/airflow/dags/training_pipeline_dag.py took 0.988 seconds
[2026-08-09T15:19:01.519+0000] {processor.py:161} INFO - Started process (PID=610) to work on /opt/airflow/dags/training_pipeline_dag.py
[2026-08-09T15:19:01.521+0000] {processor.py:830} INFO - Processing file /opt/airflow/dags/training_pipeline_dag.py for tasks to queue
[2026-08-09T15:19:01.524+0000] {logging_mixin.py:188} INFO - [2026-08-09T15:19:01.523+0000] {dagbag.py:545} INFO - Filling up the DagBag from /opt/airflow/dags/training_pipeline_dag.py
[2026-08-09T15:19:02.604+0000] {processor.py:840} INFO - DAG(s) 'training_pipeline' retrieved from /opt/airflow/dags/training_pipeline_dag.py
[2026-08-09T15:19:02.632+0000] {logging_mixin.py:188} INFO - [2026-08-09T15:19:02.631+0000] {dag.py:3089} INFO - Sync 1 DAGs
[2026-08-09T15:19:02.651+0000] {logging_mixin.py:188} INFO - [2026-08-09T15:19:02.651+0000] {dag.py:3947} INFO - Setting next_dagrun for training_pipeline to 2026-08-09 00:00:00+00:00, run_after=2026-08-10 00:00:00+00:00
[2026-08-09T15:19:02.672+0000] {processor.py:183} INFO - Processing /opt/airflow/dags/training_pipeline_dag.py took 1.173 seconds
[2026-08-09T15:19:33.438+0000] {processor.py:161} INFO - Started process (PID=638) to work on /opt/airflow/dags/training_pipeline_dag.py
[2026-08-09T15:19:33.440+0000] {processor.py:830} INFO - Processing file /opt/airflow/dags/training_pipeline_dag.py for tasks to queue
[2026-08-09T15:19:33.442+0000] {logging_mixin.py:188} INFO - [2026-08-09T15:19:33.442+0000] {dagbag.py:545} INFO - Filling up the DagBag from /opt/airflow/dags/training_pipeline_dag.py
[2026-08-09T15:19:34.829+0000] {processor.py:840} INFO - DAG(s) 'training_pipeline' retrieved from /opt/airflow/dags/training_pipeline_dag.py
[2026-08-09T15:19:34.858+0000] {logging_mixin.py:188} INFO - [2026-08-09T15:19:34.857+0000] {dag.py:3089} INFO - Sync 1 DAGs
[2026-08-09T15:19:34.880+0000] {logging_mixin.py:188} INFO - [2026-08-09T15:19:34.879+0000] {dag.py:3947} INFO - Setting next_dagrun for training_pipeline to 2026-08-09 00:00:00+00:00, run_after=2026-08-10 00:00:00+00:00
[2026-08-09T15:19:34.900+0000] {processor.py:183} INFO - Processing /opt/airflow/dags/training_pipeline_dag.py took 1.474 seconds
[2026-08-09T15:20:05.076+0000] {processor.py:161} INFO - Started process (PID=653) to work on /opt/airflow/dags/training_pipeline_dag.py
[2026-08-09T15:20:05.078+0000] {processor.py:830} INFO - Processing file /opt/airflow/dags/training_pipeline_dag.py for tasks to queue
[2026-08-09T15:20:05.079+0000] {logging_mixin.py:188} INFO - [2026-08-09T15:20:05.078+0000] {dagbag.py:545} INFO - Filling up the DagBag from /opt/airflow/dags/training_pipeline_dag.py
[2026-08-09T15:20:05.757+0000] {processor.py:840} INFO - DAG(s) 'training_pipeline' retrieved from /opt/airflow/dags/training_pipeline_dag.py
[2026-08-09T15:20:05.779+0000] {logging_mixin.py:188} INFO - [2026-08-09T15:20:05.778+0000] {dag.py:3089} INFO - Sync 1 DAGs
[2026-08-09T15:20:05.797+0000] {logging_mixin.py:188} INFO - [2026-08-09T15:20:05.797+0000] {dag.py:3947} INFO - Setting next_dagrun for training_pipeline to 2026-08-09 00:00:00+00:00, run_after=2026-08-10 00:00:00+00:00
[2026-08-09T15:20:05.813+0000] {processor.py:183} INFO - Processing /opt/airflow/dags/training_pipeline_dag.py took 0.744 seconds
[2026-08-09T15:20:35.922+0000] {processor.py:161} INFO - Started process (PID=684) to work on /opt/airflow/dags/training_pipeline_dag.py
[2026-08-09T15:20:35.923+0000] {processor.py:830} INFO - Processing file /opt/airflow/dags/training_pipeline_dag.py for tasks to queue
[2026-08-09T15:20:35.924+0000] {logging_mixin.py:188} INFO - [2026-08-09T15:20:35.923+0000] {dagbag.py:545} INFO - Filling up the DagBag from /opt/airflow/dags/training_pipeline_dag.py
[2026-08-09T15:20:36.453+0000] {processor.py:840} INFO - DAG(s) 'training_pipeline' retrieved from /opt/airflow/dags/training_pipeline_dag.py
[2026-08-09T15:20:36.477+0000] {logging_mixin.py:188} INFO - [2026-08-09T15:20:36.476+0000] {dag.py:3089} INFO - Sync 1 DAGs
[2026-08-09T15:20:36.655+0000] {logging_mixin.py:188} INFO - [2026-08-09T15:20:36.655+0000] {dag.py:3947} INFO - Setting next_dagrun for training_pipeline to 2026-08-09 00:00:00+00:00, run_after=2026-08-10 00:00:00+00:00
[2026-08-09T15:20:36.671+0000] {processor.py:183} INFO - Processing /opt/airflow/dags/training_pipeline_dag.py took 0.757 seconds
[2026-08-09T15:21:07.768+0000] {processor.py:161} INFO - Started process (PID=713) to work on /opt/airflow/dags/training_pipeline_dag.py
[2026-08-09T15:21:07.787+0000] {processor.py:830} INFO - Processing file /opt/airflow/dags/training_pipeline_dag.py for tasks to queue
[2026-08-09T15:21:07.791+0000] {logging_mixin.py:188} INFO - [2026-08-09T15:21:07.791+0000] {dagbag.py:545} INFO - Filling up the DagBag from /opt/airflow/dags/training_pipeline_dag.py
[2026-08-09T15:21:09.460+0000] {processor.py:840} INFO - DAG(s) 'training_pipeline' retrieved from /opt/airflow/dags/training_pipeline_dag.py
[2026-08-09T15:21:09.734+0000] {logging_mixin.py:188} INFO - [2026-08-09T15:21:09.537+0000] {dag.py:3089} INFO - Sync 1 DAGs
[2026-08-09T15:21:09.753+0000] {logging_mixin.py:188} INFO - [2026-08-09T15:21:09.753+0000] {dag.py:3947} INFO - Setting next_dagrun for training_pipeline to 2026-08-09 00:00:00+00:00, run_after=2026-08-10 00:00:00+00:00
[2026-08-09T15:21:09.771+0000] {processor.py:183} INFO - Processing /opt/airflow/dags/training_pipeline_dag.py took 2.063 seconds
[2026-08-09T15:21:39.967+0000] {processor.py:161} INFO - Started process (PID=744) to work on /opt/airflow/dags/training_pipeline_dag.py
[2026-08-09T15:21:39.969+0000] {processor.py:830} INFO - Processing file /opt/airflow/dags/training_pipeline_dag.py for tasks to queue
[2026-08-09T15:21:39.970+0000] {logging_mixin.py:188} INFO - [2026-08-09T15:21:39.969+0000] {dagbag.py:545} INFO - Filling up the DagBag from /opt/airflow/dags/training_pipeline_dag.py
[2026-08-09T15:21:40.558+0000] {processor.py:840} INFO - DAG(s) 'training_pipeline' retrieved from /opt/airflow/dags/training_pipeline_dag.py
[2026-08-09T15:21:40.773+0000] {logging_mixin.py:188} INFO - [2026-08-09T15:21:40.772+0000] {dag.py:3089} INFO - Sync 1 DAGs
[2026-08-09T15:21:40.789+0000] {logging_mixin.py:188} INFO - [2026-08-09T15:21:40.789+0000] {dag.py:3947} INFO - Setting next_dagrun for training_pipeline to 2026-08-09 00:00:00+00:00, run_after=2026-08-10 00:00:00+00:00
[2026-08-09T15:21:40.806+0000] {processor.py:183} INFO - Processing /opt/airflow/dags/training_pipeline_dag.py took 0.848 seconds
[2026-08-09T15:22:11.051+0000] {processor.py:161} INFO - Started process (PID=774) to work on /opt/airflow/dags/training_pipeline_dag.py
[2026-08-09T15:22:11.052+0000] {processor.py:830} INFO - Processing file /opt/airflow/dags/training_pipeline_dag.py for tasks to queue
[2026-08-09T15:22:11.054+0000] {logging_mixin.py:188} INFO - [2026-08-09T15:22:11.053+0000] {dagbag.py:545} INFO - Filling up the DagBag from /opt/airflow/dags/training_pipeline_dag.py
[2026-08-09T15:22:11.906+0000] {processor.py:840} INFO - DAG(s) 'training_pipeline' retrieved from /opt/airflow/dags/training_pipeline_dag.py
[2026-08-09T15:22:11.940+0000] {logging_mixin.py:188} INFO - [2026-08-09T15:22:11.939+0000] {dag.py:3089} INFO - Sync 1 DAGs
[2026-08-09T15:22:11.965+0000] {logging_mixin.py:188} INFO - [2026-08-09T15:22:11.965+0000] {dag.py:3947} INFO - Setting next_dagrun for training_pipeline to 2026-08-09 00:00:00+00:00, run_after=2026-08-10 00:00:00+00:00
[2026-08-09T15:22:11.986+0000] {processor.py:183} INFO - Processing /opt/airflow/dags/training_pipeline_dag.py took 0.944 seconds
[2026-08-09T15:22:42.313+0000] {processor.py:161} INFO - Started process (PID=805) to work on /opt/airflow/dags/training_pipeline_dag.py
[2026-08-09T15:22:42.314+0000] {processor.py:830} INFO - Processing file /opt/airflow/dags/training_pipeline_dag.py for tasks to queue
[2026-08-09T15:22:42.315+0000] {logging_mixin.py:188} INFO - [2026-08-09T15:22:42.314+0000] {dagbag.py:545} INFO - Filling up the DagBag from /opt/airflow/dags/training_pipeline_dag.py
[2026-08-09T15:22:43.062+0000] {processor.py:840} INFO - DAG(s) 'training_pipeline' retrieved from /opt/airflow/dags/training_pipeline_dag.py
[2026-08-09T15:22:43.086+0000] {logging_mixin.py:188} INFO - [2026-08-09T15:22:43.085+0000] {dag.py:3089} INFO - Sync 1 DAGs
[2026-08-09T15:22:43.103+0000] {logging_mixin.py:188} INFO - [2026-08-09T15:22:43.103+0000] {dag.py:3947} INFO - Setting next_dagrun for training_pipeline to 2026-08-09 00:00:00+00:00, run_after=2026-08-10 00:00:00+00:00
[2026-08-09T15:22:43.119+0000] {processor.py:183} INFO - Processing /opt/airflow/dags/training_pipeline_dag.py took 0.813 seconds
[2026-08-09T15:23:13.772+0000] {processor.py:161} INFO - Started process (PID=836) to work on /opt/airflow/dags/training_pipeline_dag.py
[2026-08-09T15:23:13.773+0000] {processor.py:830} INFO - Processing file /opt/airflow/dags/training_pipeline_dag.py for tasks to queue
[2026-08-09T15:23:13.774+0000] {logging_mixin.py:188} INFO - [2026-08-09T15:23:13.774+0000] {dagbag.py:545} INFO - Filling up the DagBag from /opt/airflow/dags/training_pipeline_dag.py
[2026-08-09T15:23:14.504+0000] {processor.py:840} INFO - DAG(s) 'training_pipeline' retrieved from /opt/airflow/dags/training_pipeline_dag.py
[2026-08-09T15:23:14.526+0000] {logging_mixin.py:188} INFO - [2026-08-09T15:23:14.526+0000] {dag.py:3089} INFO - Sync 1 DAGs
[2026-08-09T15:23:14.544+0000] {logging_mixin.py:188} INFO - [2026-08-09T15:23:14.544+0000] {dag.py:3947} INFO - Setting next_dagrun for training_pipeline to 2026-08-09 00:00:00+00:00, run_after=2026-08-10 00:00:00+00:00
[2026-08-09T15:23:14.562+0000] {processor.py:183} INFO - Processing /opt/airflow/dags/training_pipeline_dag.py took 0.797 seconds
[2026-08-09T15:23:45.081+0000] {processor.py:161} INFO - Started process (PID=867) to work on /opt/airflow/dags/training_pipeline_dag.py
[2026-08-09T15:23:45.082+0000] {processor.py:830} INFO - Processing file /opt/airflow/dags/training_pipeline_dag.py for tasks to queue
[2026-08-09T15:23:45.083+0000] {logging_mixin.py:188} INFO - [2026-08-09T15:23:45.082+0000] {dagbag.py:545} INFO - Filling up the DagBag from /opt/airflow/dags/training_pipeline_dag.py
[2026-08-09T15:23:45.798+0000] {processor.py:840} INFO - DAG(s) 'training_pipeline' retrieved from /opt/airflow/dags/training_pipeline_dag.py
[2026-08-09T15:23:45.834+0000] {logging_mixin.py:188} INFO - [2026-08-09T15:23:45.832+0000] {dag.py:3089} INFO - Sync 1 DAGs
[2026-08-09T15:23:46.129+0000] {logging_mixin.py:188} INFO - [2026-08-09T15:23:46.129+0000] {dag.py:3947} INFO - Setting next_dagrun for training_pipeline to 2026-08-09 00:00:00+00:00, run_after=2026-08-10 00:00:00+00:00
[2026-08-09T15:23:46.150+0000] {processor.py:183} INFO - Processing /opt/airflow/dags/training_pipeline_dag.py took 1.077 seconds
[2026-08-09T15:24:18.398+0000] {processor.py:161} INFO - Started process (PID=899) to work on /opt/airflow/dags/training_pipeline_dag.py
[2026-08-09T15:24:18.400+0000] {processor.py:830} INFO - Processing file /opt/airflow/dags/training_pipeline_dag.py for tasks to queue
[2026-08-09T15:24:18.401+0000] {logging_mixin.py:188} INFO - [2026-08-09T15:24:18.401+0000] {dagbag.py:545} INFO - Filling up the DagBag from /opt/airflow/dags/training_pipeline_dag.py
[2026-08-09T15:24:19.089+0000] {processor.py:840} INFO - DAG(s) 'training_pipeline' retrieved from /opt/airflow/dags/training_pipeline_dag.py
[2026-08-09T15:24:19.316+0000] {logging_mixin.py:188} INFO - [2026-08-09T15:24:19.315+0000] {dag.py:3089} INFO - Sync 1 DAGs
[2026-08-09T15:24:19.332+0000] {logging_mixin.py:188} INFO - [2026-08-09T15:24:19.332+0000] {dag.py:3947} INFO - Setting next_dagrun for training_pipeline to 2026-08-09 00:00:00+00:00, run_after=2026-08-10 00:00:00+00:00
[2026-08-09T15:24:19.348+0000] {processor.py:183} INFO - Processing /opt/airflow/dags/training_pipeline_dag.py took 0.959 seconds
[2026-08-09T15:24:49.749+0000] {processor.py:161} INFO - Started process (PID=916) to work on /opt/airflow/dags/training_pipeline_dag.py
[2026-08-09T15:24:49.750+0000] {processor.py:830} INFO - Processing file /opt/airflow/dags/training_pipeline_dag.py for tasks to queue
[2026-08-09T15:24:49.751+0000] {logging_mixin.py:188} INFO - [2026-08-09T15:24:49.751+0000] {dagbag.py:545} INFO - Filling up the DagBag from /opt/airflow/dags/training_pipeline_dag.py
[2026-08-09T15:24:50.273+0000] {processor.py:840} INFO - DAG(s) 'training_pipeline' retrieved from /opt/airflow/dags/training_pipeline_dag.py
[2026-08-09T15:24:50.534+0000] {logging_mixin.py:188} INFO - [2026-08-09T15:24:50.534+0000] {dag.py:3089} INFO - Sync 1 DAGs
[2026-08-09T15:24:50.550+0000] {logging_mixin.py:188} INFO - [2026-08-09T15:24:50.550+0000] {dag.py:3947} INFO - Setting next_dagrun for training_pipeline to 2026-08-09 00:00:00+00:00, run_after=2026-08-10 00:00:00+00:00
[2026-08-09T15:24:50.568+0000] {processor.py:183} INFO - Processing /opt/airflow/dags/training_pipeline_dag.py took 0.827 seconds
[2026-08-09T15:25:20.871+0000] {processor.py:161} INFO - Started process (PID=944) to work on /opt/airflow/dags/training_pipeline_dag.py
[2026-08-09T15:25:20.873+0000] {processor.py:830} INFO - Processing file /opt/airflow/dags/training_pipeline_dag.py for tasks to queue
[2026-08-09T15:25:20.874+0000] {logging_mixin.py:188} INFO - [2026-08-09T15:25:20.874+0000] {dagbag.py:545} INFO - Filling up the DagBag from /opt/airflow/dags/training_pipeline_dag.py
[2026-08-09T15:25:21.656+0000] {processor.py:840} INFO - DAG(s) 'training_pipeline' retrieved from /opt/airflow/dags/training_pipeline_dag.py
[2026-08-09T15:25:21.680+0000] {logging_mixin.py:188} INFO - [2026-08-09T15:25:21.680+0000] {dag.py:3089} INFO - Sync 1 DAGs
[2026-08-09T15:25:21.697+0000] {logging_mixin.py:188} INFO - [2026-08-09T15:25:21.697+0000] {dag.py:3947} INFO - Setting next_dagrun for training_pipeline to 2026-08-09 00:00:00+00:00, run_after=2026-08-10 00:00:00+00:00
[2026-08-09T15:25:21.712+0000] {processor.py:183} INFO - Processing /opt/airflow/dags/training_pipeline_dag.py took 0.851 seconds
[2026-08-09T15:25:51.787+0000] {processor.py:161} INFO - Started process (PID=975) to work on /opt/airflow/dags/training_pipeline_dag.py
[2026-08-09T15:25:51.788+0000] {processor.py:830} INFO - Processing file /opt/airflow/dags/training_pipeline_dag.py for tasks to queue
[2026-08-09T15:25:51.789+0000] {logging_mixin.py:188} INFO - [2026-08-09T15:25:51.789+0000] {dagbag.py:545} INFO - Filling up the DagBag from /opt/airflow/dags/training_pipeline_dag.py
[2026-08-09T15:25:52.455+0000] {processor.py:840} INFO - DAG(s) 'training_pipeline' retrieved from /opt/airflow/dags/training_pipeline_dag.py
[2026-08-09T15:25:52.476+0000] {logging_mixin.py:188} INFO - [2026-08-09T15:25:52.476+0000] {dag.py:3089} INFO - Sync 1 DAGs
[2026-08-09T15:25:52.491+0000] {logging_mixin.py:188} INFO - [2026-08-09T15:25:52.491+0000] {dag.py:3947} INFO - Setting next_dagrun for training_pipeline to 2026-08-09 00:00:00+00:00, run_after=2026-08-10 00:00:00+00:00
[2026-08-09T15:25:52.507+0000] {processor.py:183} INFO - Processing /opt/airflow/dags/training_pipeline_dag.py took 0.727 seconds
[2026-08-09T15:26:22.755+0000] {processor.py:161} INFO - Started process (PID=1004) to work on /opt/airflow/dags/training_pipeline_dag.py
[2026-08-09T15:26:22.756+0000] {processor.py:830} INFO - Processing file /opt/airflow/dags/training_pipeline_dag.py for tasks to queue
[2026-08-09T15:26:22.757+0000] {logging_mixin.py:188} INFO - [2026-08-09T15:26:22.757+0000] {dagbag.py:545} INFO - Filling up the DagBag from /opt/airflow/dags/training_pipeline_dag.py
[2026-08-09T15:26:23.481+0000] {processor.py:840} INFO - DAG(s) 'training_pipeline' retrieved from /opt/airflow/dags/training_pipeline_dag.py
[2026-08-09T15:26:23.505+0000] {logging_mixin.py:188} INFO - [2026-08-09T15:26:23.504+0000] {dag.py:3089} INFO - Sync 1 DAGs
[2026-08-09T15:26:23.526+0000] {logging_mixin.py:188} INFO - [2026-08-09T15:26:23.526+0000] {dag.py:3947} INFO - Setting next_dagrun for training_pipeline to 2026-08-09 00:00:00+00:00, run_after=2026-08-10 00:00:00+00:00
[2026-08-09T15:26:23.546+0000] {processor.py:183} INFO - Processing /opt/airflow/dags/training_pipeline_dag.py took 0.800 seconds
[2026-08-09T15:26:53.859+0000] {processor.py:161} INFO - Started process (PID=1035) to work on /opt/airflow/dags/training_pipeline_dag.py
[2026-08-09T15:26:53.860+0000] {processor.py:830} INFO - Processing file /opt/airflow/dags/training_pipeline_dag.py for tasks to queue
[2026-08-09T15:26:53.861+0000] {logging_mixin.py:188} INFO - [2026-08-09T15:26:53.861+0000] {dagbag.py:545} INFO - Filling up the DagBag from /opt/airflow/dags/training_pipeline_dag.py
[2026-08-09T15:26:54.376+0000] {processor.py:840} INFO - DAG(s) 'training_pipeline' retrieved from /opt/airflow/dags/training_pipeline_dag.py
[2026-08-09T15:26:54.400+0000] {logging_mixin.py:188} INFO - [2026-08-09T15:26:54.398+0000] {dag.py:3089} INFO - Sync 1 DAGs
[2026-08-09T15:26:54.572+0000] {logging_mixin.py:188} INFO - [2026-08-09T15:26:54.572+0000] {dag.py:3947} INFO - Setting next_dagrun for training_pipeline to 2026-08-09 00:00:00+00:00, run_after=2026-08-10 00:00:00+00:00
[2026-08-09T15:26:54.587+0000] {processor.py:183} INFO - Processing /opt/airflow/dags/training_pipeline_dag.py took 0.736 seconds
[2026-08-09T15:27:24.889+0000] {processor.py:161} INFO - Started process (PID=1066) to work on /opt/airflow/dags/training_pipeline_dag.py
[2026-08-09T15:27:24.891+0000] {processor.py:830} INFO - Processing file /opt/airflow/dags/training_pipeline_dag.py for tasks to queue
[2026-08-09T15:27:24.892+0000] {logging_mixin.py:188} INFO - [2026-08-09T15:27:24.891+0000] {dagbag.py:545} INFO - Filling up the DagBag from /opt/airflow/dags/training_pipeline_dag.py
[2026-08-09T15:27:25.418+0000] {processor.py:840} INFO - DAG(s) 'training_pipeline' retrieved from /opt/airflow/dags/training_pipeline_dag.py
[2026-08-09T15:27:25.596+0000] {logging_mixin.py:188} INFO - [2026-08-09T15:27:25.596+0000] {dag.py:3089} INFO - Sync 1 DAGs
[2026-08-09T15:27:25.612+0000] {logging_mixin.py:188} INFO - [2026-08-09T15:27:25.611+0000] {dag.py:3947} INFO - Setting next_dagrun for training_pipeline to 2026-08-09 00:00:00+00:00, run_after=2026-08-10 00:00:00+00:00
[2026-08-09T15:27:25.626+0000] {processor.py:183} INFO - Processing /opt/airflow/dags/training_pipeline_dag.py took 0.747 seconds
[2026-08-09T15:27:55.928+0000] {processor.py:161} INFO - Started process (PID=1097) to work on /opt/airflow/dags/training_pipeline_dag.py
[2026-08-09T15:27:55.930+0000] {processor.py:830} INFO - Processing file /opt/airflow/dags/training_pipeline_dag.py for tasks to queue
[2026-08-09T15:27:55.932+0000] {logging_mixin.py:188} INFO - [2026-08-09T15:27:55.931+0000] {dagbag.py:545} INFO - Filling up the DagBag from /opt/airflow/dags/training_pipeline_dag.py
[2026-08-09T15:27:56.465+0000] {processor.py:840} INFO - DAG(s) 'training_pipeline' retrieved from /opt/airflow/dags/training_pipeline_dag.py
[2026-08-09T15:27:56.640+0000] {logging_mixin.py:188} INFO - [2026-08-09T15:27:56.639+0000] {dag.py:3089} INFO - Sync 1 DAGs
[2026-08-09T15:27:56.655+0000] {logging_mixin.py:188} INFO - [2026-08-09T15:27:56.654+0000] {dag.py:3947} INFO - Setting next_dagrun for training_pipeline to 2026-08-09 00:00:00+00:00, run_after=2026-08-10 00:00:00+00:00
[2026-08-09T15:27:56.668+0000] {processor.py:183} INFO - Processing /opt/airflow/dags/training_pipeline_dag.py took 0.753 seconds
[2026-08-09T15:28:26.942+0000] {processor.py:161} INFO - Started process (PID=1128) to work on /opt/airflow/dags/training_pipeline_dag.py
[2026-08-09T15:28:26.944+0000] {processor.py:830} INFO - Processing file /opt/airflow/dags/training_pipeline_dag.py for tasks to queue
[2026-08-09T15:28:26.945+0000] {logging_mixin.py:188} INFO - [2026-08-09T15:28:26.944+0000] {dagbag.py:545} INFO - Filling up the DagBag from /opt/airflow/dags/training_pipeline_dag.py
[2026-08-09T15:28:27.684+0000] {processor.py:840} INFO - DAG(s) 'training_pipeline' retrieved from /opt/airflow/dags/training_pipeline_dag.py
[2026-08-09T15:28:27.707+0000] {logging_mixin.py:188} INFO - [2026-08-09T15:28:27.706+0000] {dag.py:3089} INFO - Sync 1 DAGs
[2026-08-09T15:28:27.724+0000] {logging_mixin.py:188} INFO - [2026-08-09T15:28:27.724+0000] {dag.py:3947} INFO - Setting next_dagrun for training_pipeline to 2026-08-09 00:00:00+00:00, run_after=2026-08-10 00:00:00+00:00
[2026-08-09T15:28:27.740+0000] {processor.py:183} INFO - Processing /opt/airflow/dags/training_pipeline_dag.py took 0.806 seconds
[2026-08-09T15:28:58.019+0000] {processor.py:161} INFO - Started process (PID=1159) to work on /opt/airflow/dags/training_pipeline_dag.py
[2026-08-09T15:28:58.020+0000] {processor.py:830} INFO - Processing file /opt/airflow/dags/training_pipeline_dag.py for tasks to queue
[2026-08-09T15:28:58.021+0000] {logging_mixin.py:188} INFO - [2026-08-09T15:28:58.021+0000] {dagbag.py:545} INFO - Filling up the DagBag from /opt/airflow/dags/training_pipeline_dag.py
[2026-08-09T15:28:58.809+0000] {processor.py:840} INFO - DAG(s) 'training_pipeline' retrieved from /opt/airflow/dags/training_pipeline_dag.py
[2026-08-09T15:28:59.290+0000] {logging_mixin.py:188} INFO - [2026-08-09T15:28:59.290+0000] {dag.py:3089} INFO - Sync 1 DAGs
[2026-08-09T15:28:59.441+0000] {logging_mixin.py:188} INFO - [2026-08-09T15:28:59.441+0000] {dag.py:3947} INFO - Setting next_dagrun for training_pipeline to 2026-08-09 00:00:00+00:00, run_after=2026-08-10 00:00:00+00:00
[2026-08-09T15:28:59.913+0000] {processor.py:183} INFO - Processing /opt/airflow/dags/training_pipeline_dag.py took 1.903 seconds
[2026-08-09T15:29:30.206+0000] {processor.py:161} INFO - Started process (PID=1190) to work on /opt/airflow/dags/training_pipeline_dag.py
[2026-08-09T15:29:30.209+0000] {processor.py:830} INFO - Processing file /opt/airflow/dags/training_pipeline_dag.py for tasks to queue
[2026-08-09T15:29:30.210+0000] {logging_mixin.py:188} INFO - [2026-08-09T15:29:30.210+0000] {dagbag.py:545} INFO - Filling up the DagBag from /opt/airflow/dags/training_pipeline_dag.py
[2026-08-09T15:29:30.957+0000] {processor.py:840} INFO - DAG(s) 'training_pipeline' retrieved from /opt/airflow/dags/training_pipeline_dag.py
[2026-08-09T15:29:30.978+0000] {logging_mixin.py:188} INFO - [2026-08-09T15:29:30.978+0000] {dag.py:3089} INFO - Sync 1 DAGs
[2026-08-09T15:29:30.995+0000] {logging_mixin.py:188} INFO - [2026-08-09T15:29:30.995+0000] {dag.py:3947} INFO - Setting next_dagrun for training_pipeline to 2026-08-09 00:00:00+00:00, run_after=2026-08-10 00:00:00+00:00
[2026-08-09T15:29:31.010+0000] {processor.py:183} INFO - Processing /opt/airflow/dags/training_pipeline_dag.py took 0.814 seconds
[2026-08-09T15:30:01.232+0000] {processor.py:161} INFO - Started process (PID=1220) to work on /opt/airflow/dags/training_pipeline_dag.py
[2026-08-09T15:30:01.233+0000] {processor.py:830} INFO - Processing file /opt/airflow/dags/training_pipeline_dag.py for tasks to queue
[2026-08-09T15:30:01.234+0000] {logging_mixin.py:188} INFO - [2026-08-09T15:30:01.234+0000] {dagbag.py:545} INFO - Filling up the DagBag from /opt/airflow/dags/training_pipeline_dag.py
[2026-08-09T15:30:01.752+0000] {processor.py:840} INFO - DAG(s) 'training_pipeline' retrieved from /opt/airflow/dags/training_pipeline_dag.py
[2026-08-09T15:30:01.782+0000] {logging_mixin.py:188} INFO - [2026-08-09T15:30:01.781+0000] {dag.py:3089} INFO - Sync 1 DAGs
[2026-08-09T15:30:01.995+0000] {logging_mixin.py:188} INFO - [2026-08-09T15:30:01.995+0000] {dag.py:3947} INFO - Setting next_dagrun for training_pipeline to 2026-08-09 00:00:00+00:00, run_after=2026-08-10 00:00:00+00:00
[2026-08-09T15:30:02.010+0000] {processor.py:183} INFO - Processing /opt/airflow/dags/training_pipeline_dag.py took 0.786 seconds
[2026-08-09T15:30:32.097+0000] {processor.py:161} INFO - Started process (PID=1235) to work on /opt/airflow/dags/training_pipeline_dag.py
[2026-08-09T15:30:32.098+0000] {processor.py:830} INFO - Processing file /opt/airflow/dags/training_pipeline_dag.py for tasks to queue
[2026-08-09T15:30:32.099+0000] {logging_mixin.py:188} INFO - [2026-08-09T15:30:32.099+0000] {dagbag.py:545} INFO - Filling up the DagBag from /opt/airflow/dags/training_pipeline_dag.py
[2026-08-09T15:30:32.584+0000] {processor.py:840} INFO - DAG(s) 'training_pipeline' retrieved from /opt/airflow/dags/training_pipeline_dag.py
[2026-08-09T15:30:32.798+0000] {logging_mixin.py:188} INFO - [2026-08-09T15:30:32.798+0000] {dag.py:3089} INFO - Sync 1 DAGs
[2026-08-09T15:30:32.814+0000] {logging_mixin.py:188} INFO - [2026-08-09T15:30:32.814+0000] {dag.py:3947} INFO - Setting next_dagrun for training_pipeline to 2026-08-09 00:00:00+00:00, run_after=2026-08-10 00:00:00+00:00
[2026-08-09T15:30:32.831+0000] {processor.py:183} INFO - Processing /opt/airflow/dags/training_pipeline_dag.py took 0.742 seconds
[2026-08-09T15:31:02.958+0000] {processor.py:161} INFO - Started process (PID=1266) to work on /opt/airflow/dags/training_pipeline_dag.py
[2026-08-09T15:31:02.959+0000] {processor.py:830} INFO - Processing file /opt/airflow/dags/training_pipeline_dag.py for tasks to queue
[2026-08-09T15:31:02.959+0000] {logging_mixin.py:188} INFO - [2026-08-09T15:31:02.959+0000] {dagbag.py:545} INFO - Filling up the DagBag from /opt/airflow/dags/training_pipeline_dag.py
[2026-08-09T15:31:03.430+0000] {processor.py:840} INFO - DAG(s) 'training_pipeline' retrieved from /opt/airflow/dags/training_pipeline_dag.py
[2026-08-09T15:31:03.619+0000] {logging_mixin.py:188} INFO - [2026-08-09T15:31:03.618+0000] {dag.py:3089} INFO - Sync 1 DAGs
[2026-08-09T15:31:03.633+0000] {logging_mixin.py:188} INFO - [2026-08-09T15:31:03.633+0000] {dag.py:3947} INFO - Setting next_dagrun for training_pipeline to 2026-08-09 00:00:00+00:00, run_after=2026-08-10 00:00:00+00:00
[2026-08-09T15:31:03.648+0000] {processor.py:183} INFO - Processing /opt/airflow/dags/training_pipeline_dag.py took 0.697 seconds
[2026-08-09T15:31:33.730+0000] {processor.py:161} INFO - Started process (PID=1294) to work on /opt/airflow/dags/training_pipeline_dag.py
[2026-08-09T15:31:33.731+0000] {processor.py:830} INFO - Processing file /opt/airflow/dags/training_pipeline_dag.py for tasks to queue
[2026-08-09T15:31:33.732+0000] {logging_mixin.py:188} INFO - [2026-08-09T15:31:33.731+0000] {dagbag.py:545} INFO - Filling up the DagBag from /opt/airflow/dags/training_pipeline_dag.py
[2026-08-09T15:31:34.470+0000] {processor.py:840} INFO - DAG(s) 'training_pipeline' retrieved from /opt/airflow/dags/training_pipeline_dag.py
[2026-08-09T15:31:34.491+0000] {logging_mixin.py:188} INFO - [2026-08-09T15:31:34.491+0000] {dag.py:3089} INFO - Sync 1 DAGs
[2026-08-09T15:31:34.508+0000] {logging_mixin.py:188} INFO - [2026-08-09T15:31:34.507+0000] {dag.py:3947} INFO - Setting next_dagrun for training_pipeline to 2026-08-09 00:00:00+00:00, run_after=2026-08-10 00:00:00+00:00
[2026-08-09T15:31:34.522+0000] {processor.py:183} INFO - Processing /opt/airflow/dags/training_pipeline_dag.py took 0.800 seconds
[2026-08-09T15:32:04.846+0000] {processor.py:161} INFO - Started process (PID=1325) to work on /opt/airflow/dags/training_pipeline_dag.py
[2026-08-09T15:32:04.848+0000] {processor.py:830} INFO - Processing file /opt/airflow/dags/training_pipeline_dag.py for tasks to queue
[2026-08-09T15:32:04.849+0000] {logging_mixin.py:188} INFO - [2026-08-09T15:32:04.849+0000] {dagbag.py:545} INFO - Filling up the DagBag from /opt/airflow/dags/training_pipeline_dag.py
[2026-08-09T15:32:05.610+0000] {processor.py:840} INFO - DAG(s) 'training_pipeline' retrieved from /opt/airflow/dags/training_pipeline_dag.py
[2026-08-09T15:32:05.632+0000] {logging_mixin.py:188} INFO - [2026-08-09T15:32:05.631+0000] {dag.py:3089} INFO - Sync 1 DAGs
[2026-08-09T15:32:05.649+0000] {logging_mixin.py:188} INFO - [2026-08-09T15:32:05.649+0000] {dag.py:3947} INFO - Setting next_dagrun for training_pipeline to 2026-08-09 00:00:00+00:00, run_after=2026-08-10 00:00:00+00:00
[2026-08-09T15:32:05.664+0000] {processor.py:183} INFO - Processing /opt/airflow/dags/training_pipeline_dag.py took 0.828 seconds
[2026-08-09T15:32:35.853+0000] {processor.py:161} INFO - Started process (PID=1356) to work on /opt/airflow/dags/training_pipeline_dag.py
[2026-08-09T15:32:35.854+0000] {processor.py:830} INFO - Processing file /opt/airflow/dags/training_pipeline_dag.py for tasks to queue
[2026-08-09T15:32:35.855+0000] {logging_mixin.py:188} INFO - [2026-08-09T15:32:35.855+0000] {dagbag.py:545} INFO - Filling up the DagBag from /opt/airflow/dags/training_pipeline_dag.py
[2026-08-09T15:32:36.702+0000] {processor.py:840} INFO - DAG(s) 'training_pipeline' retrieved from /opt/airflow/dags/training_pipeline_dag.py
[2026-08-09T15:32:36.724+0000] {logging_mixin.py:188} INFO - [2026-08-09T15:32:36.724+0000] {dag.py:3089} INFO - Sync 1 DAGs
[2026-08-09T15:32:36.741+0000] {logging_mixin.py:188} INFO - [2026-08-09T15:32:36.740+0000] {dag.py:3947} INFO - Setting next_dagrun for training_pipeline to 2026-08-09 00:00:00+00:00, run_after=2026-08-10 00:00:00+00:00
[2026-08-09T15:32:36.755+0000] {processor.py:183} INFO - Processing /opt/airflow/dags/training_pipeline_dag.py took 0.911 seconds
[2026-08-09T15:33:07.028+0000] {processor.py:161} INFO - Started process (PID=1388) to work on /opt/airflow/dags/training_pipeline_dag.py
[2026-08-09T15:33:07.029+0000] {processor.py:830} INFO - Processing file /opt/airflow/dags/training_pipeline_dag.py for tasks to queue
[2026-08-09T15:33:07.030+0000] {logging_mixin.py:188} INFO - [2026-08-09T15:33:07.030+0000] {dagbag.py:545} INFO - Filling up the DagBag from /opt/airflow/dags/training_pipeline_dag.py
[2026-08-09T15:33:07.591+0000] {processor.py:840} INFO - DAG(s) 'training_pipeline' retrieved from /opt/airflow/dags/training_pipeline_dag.py
[2026-08-09T15:33:07.854+0000] {logging_mixin.py:188} INFO - [2026-08-09T15:33:07.629+0000] {dag.py:3089} INFO - Sync 1 DAGs
[2026-08-09T15:33:07.869+0000] {logging_mixin.py:188} INFO - [2026-08-09T15:33:07.869+0000] {dag.py:3947} INFO - Setting next_dagrun for training_pipeline to 2026-08-09 00:00:00+00:00, run_after=2026-08-10 00:00:00+00:00
[2026-08-09T15:33:07.883+0000] {processor.py:183} INFO - Processing /opt/airflow/dags/training_pipeline_dag.py took 0.867 seconds
[2026-08-09T15:33:38.140+0000] {processor.py:161} INFO - Started process (PID=1419) to work on /opt/airflow/dags/training_pipeline_dag.py
[2026-08-09T15:33:38.141+0000] {processor.py:830} INFO - Processing file /opt/airflow/dags/training_pipeline_dag.py for tasks to queue
[2026-08-09T15:33:38.142+0000] {logging_mixin.py:188} INFO - [2026-08-09T15:33:38.142+0000] {dagbag.py:545} INFO - Filling up the DagBag from /opt/airflow/dags/training_pipeline_dag.py
[2026-08-09T15:33:38.739+0000] {processor.py:840} INFO - DAG(s) 'training_pipeline' retrieved from /opt/airflow/dags/training_pipeline_dag.py
[2026-08-09T15:33:38.927+0000] {logging_mixin.py:188} INFO - [2026-08-09T15:33:38.926+0000] {dag.py:3089} INFO - Sync 1 DAGs
[2026-08-09T15:33:38.941+0000] {logging_mixin.py:188} INFO - [2026-08-09T15:33:38.941+0000] {dag.py:3947} INFO - Setting next_dagrun for training_pipeline to 2026-08-09 00:00:00+00:00, run_after=2026-08-10 00:00:00+00:00
[2026-08-09T15:33:38.956+0000] {processor.py:183} INFO - Processing /opt/airflow/dags/training_pipeline_dag.py took 0.826 seconds
[2026-08-09T15:34:09.234+0000] {processor.py:161} INFO - Started process (PID=1450) to work on /opt/airflow/dags/training_pipeline_dag.py
[2026-08-09T15:34:09.235+0000] {processor.py:830} INFO - Processing file /opt/airflow/dags/training_pipeline_dag.py for tasks to queue
[2026-08-09T15:34:09.236+0000] {logging_mixin.py:188} INFO - [2026-08-09T15:34:09.235+0000] {dagbag.py:545} INFO - Filling up the DagBag from /opt/airflow/dags/training_pipeline_dag.py
[2026-08-09T15:34:09.965+0000] {processor.py:840} INFO - DAG(s) 'training_pipeline' retrieved from /opt/airflow/dags/training_pipeline_dag.py
[2026-08-09T15:34:09.986+0000] {logging_mixin.py:188} INFO - [2026-08-09T15:34:09.986+0000] {dag.py:3089} INFO - Sync 1 DAGs
[2026-08-09T15:34:10.003+0000] {logging_mixin.py:188} INFO - [2026-08-09T15:34:10.002+0000] {dag.py:3947} INFO - Setting next_dagrun for training_pipeline to 2026-08-09 00:00:00+00:00, run_after=2026-08-10 00:00:00+00:00
[2026-08-09T15:34:10.020+0000] {processor.py:183} INFO - Processing /opt/airflow/dags/training_pipeline_dag.py took 0.795 seconds
[2026-08-09T15:34:40.479+0000] {processor.py:161} INFO - Started process (PID=1481) to work on /opt/airflow/dags/training_pipeline_dag.py
[2026-08-09T15:34:40.481+0000] {processor.py:830} INFO - Processing file /opt/airflow/dags/training_pipeline_dag.py for tasks to queue
[2026-08-09T15:34:40.482+0000] {logging_mixin.py:188} INFO - [2026-08-09T15:34:40.482+0000] {dagbag.py:545} INFO - Filling up the DagBag from /opt/airflow/dags/training_pipeline_dag.py
[2026-08-09T15:34:41.205+0000] {processor.py:840} INFO - DAG(s) 'training_pipeline' retrieved from /opt/airflow/dags/training_pipeline_dag.py
[2026-08-09T15:34:41.224+0000] {logging_mixin.py:188} INFO - [2026-08-09T15:34:41.223+0000] {dag.py:3089} INFO - Sync 1 DAGs
[2026-08-09T15:34:41.239+0000] {logging_mixin.py:188} INFO - [2026-08-09T15:34:41.239+0000] {dag.py:3947} INFO - Setting next_dagrun for training_pipeline to 2026-08-09 00:00:00+00:00, run_after=2026-08-10 00:00:00+00:00
[2026-08-09T15:34:41.252+0000] {processor.py:183} INFO - Processing /opt/airflow/dags/training_pipeline_dag.py took 0.788 seconds
[2026-08-09T15:35:11.533+0000] {processor.py:161} INFO - Started process (PID=1512) to work on /opt/airflow/dags/training_pipeline_dag.py
[2026-08-09T15:35:11.534+0000] {processor.py:830} INFO - Processing file /opt/airflow/dags/training_pipeline_dag.py for tasks to queue
[2026-08-09T15:35:11.535+0000] {logging_mixin.py:188} INFO - [2026-08-09T15:35:11.535+0000] {dagbag.py:545} INFO - Filling up the DagBag from /opt/airflow/dags/training_pipeline_dag.py
[2026-08-09T15:35:12.171+0000] {processor.py:840} INFO - DAG(s) 'training_pipeline' retrieved from /opt/airflow/dags/training_pipeline_dag.py
[2026-08-09T15:35:12.191+0000] {logging_mixin.py:188} INFO - [2026-08-09T15:35:12.190+0000] {dag.py:3089} INFO - Sync 1 DAGs
[2026-08-09T15:35:12.206+0000] {logging_mixin.py:188} INFO - [2026-08-09T15:35:12.206+0000] {dag.py:3947} INFO - Setting next_dagrun for training_pipeline to 2026-08-09 00:00:00+00:00, run_after=2026-08-10 00:00:00+00:00
[2026-08-09T15:35:12.220+0000] {processor.py:183} INFO - Processing /opt/airflow/dags/training_pipeline_dag.py took 0.695 seconds
[2026-08-09T15:35:42.949+0000] {processor.py:161} INFO - Started process (PID=1543) to work on /opt/airflow/dags/training_pipeline_dag.py
[2026-08-09T15:35:42.950+0000] {processor.py:830} INFO - Processing file /opt/airflow/dags/training_pipeline_dag.py for tasks to queue
[2026-08-09T15:35:42.951+0000] {logging_mixin.py:188} INFO - [2026-08-09T15:35:42.951+0000] {dagbag.py:545} INFO - Filling up the DagBag from /opt/airflow/dags/training_pipeline_dag.py
[2026-08-09T15:35:43.639+0000] {processor.py:840} INFO - DAG(s) 'training_pipeline' retrieved from /opt/airflow/dags/training_pipeline_dag.py
[2026-08-09T15:35:43.659+0000] {logging_mixin.py:188} INFO - [2026-08-09T15:35:43.658+0000] {dag.py:3089} INFO - Sync 1 DAGs
[2026-08-09T15:35:43.674+0000] {logging_mixin.py:188} INFO - [2026-08-09T15:35:43.674+0000] {dag.py:3947} INFO - Setting next_dagrun for training_pipeline to 2026-08-09 00:00:00+00:00, run_after=2026-08-10 00:00:00+00:00
[2026-08-09T15:35:43.688+0000] {processor.py:183} INFO - Processing /opt/airflow/dags/training_pipeline_dag.py took 0.749 seconds
[2026-08-09T15:36:13.808+0000] {processor.py:161} INFO - Started process (PID=1561) to work on /opt/airflow/dags/training_pipeline_dag.py
[2026-08-09T15:36:13.809+0000] {processor.py:830} INFO - Processing file /opt/airflow/dags/training_pipeline_dag.py for tasks to queue
[2026-08-09T15:36:13.810+0000] {logging_mixin.py:188} INFO - [2026-08-09T15:36:13.810+0000] {dagbag.py:545} INFO - Filling up the DagBag from /opt/airflow/dags/training_pipeline_dag.py
[2026-08-09T15:36:14.454+0000] {processor.py:840} INFO - DAG(s) 'training_pipeline' retrieved from /opt/airflow/dags/training_pipeline_dag.py
[2026-08-09T15:36:14.704+0000] {logging_mixin.py:188} INFO - [2026-08-09T15:36:14.484+0000] {dag.py:3089} INFO - Sync 1 DAGs
[2026-08-09T15:36:14.723+0000] {logging_mixin.py:188} INFO - [2026-08-09T15:36:14.723+0000] {dag.py:3947} INFO - Setting next_dagrun for training_pipeline to 2026-08-09 00:00:00+00:00, run_after=2026-08-10 00:00:00+00:00
[2026-08-09T15:36:14.740+0000] {processor.py:183} INFO - Processing /opt/airflow/dags/training_pipeline_dag.py took 0.941 seconds
[2026-08-09T15:36:44.896+0000] {processor.py:161} INFO - Started process (PID=1588) to work on /opt/airflow/dags/training_pipeline_dag.py
[2026-08-09T15:36:44.897+0000] {processor.py:830} INFO - Processing file /opt/airflow/dags/training_pipeline_dag.py for tasks to queue
[2026-08-09T15:36:44.898+0000] {logging_mixin.py:188} INFO - [2026-08-09T15:36:44.898+0000] {dagbag.py:545} INFO - Filling up the DagBag from /opt/airflow/dags/training_pipeline_dag.py
[2026-08-09T15:36:45.424+0000] {processor.py:840} INFO - DAG(s) 'training_pipeline' retrieved from /opt/airflow/dags/training_pipeline_dag.py
[2026-08-09T15:36:45.628+0000] {logging_mixin.py:188} INFO - [2026-08-09T15:36:45.628+0000] {dag.py:3089} INFO - Sync 1 DAGs
[2026-08-09T15:36:45.645+0000] {logging_mixin.py:188} INFO - [2026-08-09T15:36:45.644+0000] {dag.py:3947} INFO - Setting next_dagrun for training_pipeline to 2026-08-09 00:00:00+00:00, run_after=2026-08-10 00:00:00+00:00
[2026-08-09T15:36:45.661+0000] {processor.py:183} INFO - Processing /opt/airflow/dags/training_pipeline_dag.py took 0.774 seconds
[2026-08-09T17:03:42.816+0000] {processor.py:161} INFO - Started process (PID=1635) to work on /opt/airflow/dags/training_pipeline_dag.py
[2026-08-09T17:03:42.842+0000] {processor.py:830} INFO - Processing file /opt/airflow/dags/training_pipeline_dag.py for tasks to queue
[2026-08-09T17:03:42.844+0000] {logging_mixin.py:188} INFO - [2026-08-09T17:03:42.844+0000] {dagbag.py:545} INFO - Filling up the DagBag from /opt/airflow/dags/training_pipeline_dag.py
[2026-08-09T17:03:44.140+0000] {processor.py:840} INFO - DAG(s) 'training_pipeline' retrieved from /opt/airflow/dags/training_pipeline_dag.py
[2026-08-09T17:03:44.225+0000] {logging_mixin.py:188} INFO - [2026-08-09T17:03:44.225+0000] {dag.py:3089} INFO - Sync 1 DAGs
[2026-08-09T17:03:44.272+0000] {logging_mixin.py:188} INFO - [2026-08-09T17:03:44.271+0000] {dag.py:3947} INFO - Setting next_dagrun for training_pipeline to 2026-08-09 00:00:00+00:00, run_after=2026-08-10 00:00:00+00:00
[2026-08-09T17:03:44.397+0000] {processor.py:183} INFO - Processing /opt/airflow/dags/training_pipeline_dag.py took 1.593 seconds
[2026-08-09T17:04:15.346+0000] {processor.py:161} INFO - Started process (PID=1648) to work on /opt/airflow/dags/training_pipeline_dag.py
[2026-08-09T17:04:15.376+0000] {processor.py:830} INFO - Processing file /opt/airflow/dags/training_pipeline_dag.py for tasks to queue
[2026-08-09T17:04:15.378+0000] {logging_mixin.py:188} INFO - [2026-08-09T17:04:15.378+0000] {dagbag.py:545} INFO - Filling up the DagBag from /opt/airflow/dags/training_pipeline_dag.py
[2026-08-09T17:04:17.561+0000] {processor.py:840} INFO - DAG(s) 'training_pipeline' retrieved from /opt/airflow/dags/training_pipeline_dag.py
[2026-08-09T17:04:17.615+0000] {logging_mixin.py:188} INFO - [2026-08-09T17:04:17.614+0000] {dag.py:3089} INFO - Sync 1 DAGs
[2026-08-09T17:04:17.644+0000] {logging_mixin.py:188} INFO - [2026-08-09T17:04:17.644+0000] {dag.py:3947} INFO - Setting next_dagrun for training_pipeline to 2026-08-09 00:00:00+00:00, run_after=2026-08-10 00:00:00+00:00
[2026-08-09T17:04:17.708+0000] {processor.py:183} INFO - Processing /opt/airflow/dags/training_pipeline_dag.py took 2.376 seconds
[2026-08-09T17:04:49.541+0000] {processor.py:161} INFO - Started process (PID=1682) to work on /opt/airflow/dags/training_pipeline_dag.py
[2026-08-09T17:04:49.581+0000] {processor.py:830} INFO - Processing file /opt/airflow/dags/training_pipeline_dag.py for tasks to queue
[2026-08-09T17:04:49.582+0000] {logging_mixin.py:188} INFO - [2026-08-09T17:04:49.582+0000] {dagbag.py:545} INFO - Filling up the DagBag from /opt/airflow/dags/training_pipeline_dag.py
[2026-08-09T17:04:52.272+0000] {processor.py:840} INFO - DAG(s) 'training_pipeline' retrieved from /opt/airflow/dags/training_pipeline_dag.py
[2026-08-09T17:04:52.334+0000] {logging_mixin.py:188} INFO - [2026-08-09T17:04:52.334+0000] {dag.py:3089} INFO - Sync 1 DAGs
[2026-08-09T17:04:52.377+0000] {logging_mixin.py:188} INFO - [2026-08-09T17:04:52.377+0000] {dag.py:3947} INFO - Setting next_dagrun for training_pipeline to 2026-08-09 00:00:00+00:00, run_after=2026-08-10 00:00:00+00:00
[2026-08-09T17:04:52.456+0000] {processor.py:183} INFO - Processing /opt/airflow/dags/training_pipeline_dag.py took 2.931 seconds
[2026-08-09T17:05:34.281+0000] {processor.py:161} INFO - Started process (PID=1736) to work on /opt/airflow/dags/training_pipeline_dag.py
[2026-08-09T17:05:34.293+0000] {processor.py:830} INFO - Processing file /opt/airflow/dags/training_pipeline_dag.py for tasks to queue
[2026-08-09T17:05:34.296+0000] {logging_mixin.py:188} INFO - [2026-08-09T17:05:34.295+0000] {dagbag.py:545} INFO - Filling up the DagBag from /opt/airflow/dags/training_pipeline_dag.py
[2026-08-09T17:05:50.885+0000] {processor.py:840} INFO - DAG(s) 'training_pipeline' retrieved from /opt/airflow/dags/training_pipeline_dag.py
[2026-08-09T17:05:50.945+0000] {logging_mixin.py:188} INFO - [2026-08-09T17:05:50.944+0000] {dag.py:3089} INFO - Sync 1 DAGs
[2026-08-09T17:05:50.991+0000] {logging_mixin.py:188} INFO - [2026-08-09T17:05:50.991+0000] {dag.py:3947} INFO - Setting next_dagrun for training_pipeline to 2026-08-09 00:00:00+00:00, run_after=2026-08-10 00:00:00+00:00
[2026-08-09T17:05:51.027+0000] {processor.py:183} INFO - Processing /opt/airflow/dags/training_pipeline_dag.py took 16.767 seconds
[2026-08-09T17:06:32.066+0000] {processor.py:161} INFO - Started process (PID=1894) to work on /opt/airflow/dags/training_pipeline_dag.py
[2026-08-09T17:06:32.071+0000] {processor.py:830} INFO - Processing file /opt/airflow/dags/training_pipeline_dag.py for tasks to queue
[2026-08-09T17:06:32.074+0000] {logging_mixin.py:188} INFO - [2026-08-09T17:06:32.073+0000] {dagbag.py:545} INFO - Filling up the DagBag from /opt/airflow/dags/training_pipeline_dag.py
[2026-08-09T17:06:33.813+0000] {processor.py:840} INFO - DAG(s) 'training_pipeline' retrieved from /opt/airflow/dags/training_pipeline_dag.py
[2026-08-09T17:06:34.306+0000] {logging_mixin.py:188} INFO - [2026-08-09T17:06:34.305+0000] {dag.py:3089} INFO - Sync 1 DAGs
[2026-08-09T17:06:34.348+0000] {logging_mixin.py:188} INFO - [2026-08-09T17:06:34.348+0000] {dag.py:3947} INFO - Setting next_dagrun for training_pipeline to 2026-08-09 00:00:00+00:00, run_after=2026-08-10 00:00:00+00:00
[2026-08-09T17:06:34.389+0000] {processor.py:183} INFO - Processing /opt/airflow/dags/training_pipeline_dag.py took 2.405 seconds
[2026-08-09T17:07:04.618+0000] {processor.py:161} INFO - Started process (PID=1977) to work on /opt/airflow/dags/training_pipeline_dag.py
[2026-08-09T17:07:04.634+0000] {processor.py:830} INFO - Processing file /opt/airflow/dags/training_pipeline_dag.py for tasks to queue
[2026-08-09T17:07:04.638+0000] {logging_mixin.py:188} INFO - [2026-08-09T17:07:04.637+0000] {dagbag.py:545} INFO - Filling up the DagBag from /opt/airflow/dags/training_pipeline_dag.py
[2026-08-09T17:07:20.915+0000] {processor.py:840} INFO - DAG(s) 'training_pipeline' retrieved from /opt/airflow/dags/training_pipeline_dag.py
[2026-08-09T17:07:20.966+0000] {logging_mixin.py:188} INFO - [2026-08-09T17:07:20.965+0000] {dag.py:3089} INFO - Sync 1 DAGs
[2026-08-09T17:07:21.006+0000] {logging_mixin.py:188} INFO - [2026-08-09T17:07:21.006+0000] {dag.py:3947} INFO - Setting next_dagrun for training_pipeline to 2026-08-09 00:00:00+00:00, run_after=2026-08-10 00:00:00+00:00
[2026-08-09T17:07:21.046+0000] {processor.py:183} INFO - Processing /opt/airflow/dags/training_pipeline_dag.py took 16.450 seconds
[2026-08-09T17:09:23.289+0000] {processor.py:161} INFO - Started process (PID=179) to work on /opt/airflow/dags/training_pipeline_dag.py
[2026-08-09T17:09:23.293+0000] {processor.py:830} INFO - Processing file /opt/airflow/dags/training_pipeline_dag.py for tasks to queue
[2026-08-09T17:09:23.297+0000] {logging_mixin.py:188} INFO - [2026-08-09T17:09:23.296+0000] {dagbag.py:545} INFO - Filling up the DagBag from /opt/airflow/dags/training_pipeline_dag.py
[2026-08-09T17:09:24.993+0000] {processor.py:840} INFO - DAG(s) 'training_pipeline' retrieved from /opt/airflow/dags/training_pipeline_dag.py
[2026-08-09T17:09:25.051+0000] {logging_mixin.py:188} INFO - [2026-08-09T17:09:25.050+0000] {dag.py:3089} INFO - Sync 1 DAGs
[2026-08-09T17:09:25.094+0000] {logging_mixin.py:188} INFO - [2026-08-09T17:09:25.093+0000] {dag.py:3947} INFO - Setting next_dagrun for training_pipeline to 2026-08-09 00:00:00+00:00, run_after=2026-08-10 00:00:00+00:00
[2026-08-09T17:09:25.131+0000] {processor.py:183} INFO - Processing /opt/airflow/dags/training_pipeline_dag.py took 1.859 seconds
[2026-08-09T17:09:55.847+0000] {processor.py:161} INFO - Started process (PID=203) to work on /opt/airflow/dags/training_pipeline_dag.py
[2026-08-09T17:09:55.850+0000] {processor.py:830} INFO - Processing file /opt/airflow/dags/training_pipeline_dag.py for tasks to queue
[2026-08-09T17:09:55.854+0000] {logging_mixin.py:188} INFO - [2026-08-09T17:09:55.854+0000] {dagbag.py:545} INFO - Filling up the DagBag from /opt/airflow/dags/training_pipeline_dag.py
[2026-08-09T17:10:01.750+0000] {processor.py:840} INFO - DAG(s) 'training_pipeline' retrieved from /opt/airflow/dags/training_pipeline_dag.py
[2026-08-09T17:10:01.803+0000] {logging_mixin.py:188} INFO - [2026-08-09T17:10:01.802+0000] {dag.py:3089} INFO - Sync 1 DAGs
[2026-08-09T17:10:01.841+0000] {logging_mixin.py:188} INFO - [2026-08-09T17:10:01.840+0000] {dag.py:3947} INFO - Setting next_dagrun for training_pipeline to 2026-08-09 00:00:00+00:00, run_after=2026-08-10 00:00:00+00:00
[2026-08-09T17:10:01.898+0000] {processor.py:183} INFO - Processing /opt/airflow/dags/training_pipeline_dag.py took 6.066 seconds
[2026-08-09T17:10:36.425+0000] {processor.py:161} INFO - Started process (PID=234) to work on /opt/airflow/dags/training_pipeline_dag.py
[2026-08-09T17:10:36.430+0000] {processor.py:830} INFO - Processing file /opt/airflow/dags/training_pipeline_dag.py for tasks to queue
[2026-08-09T17:10:36.434+0000] {logging_mixin.py:188} INFO - [2026-08-09T17:10:36.433+0000] {dagbag.py:545} INFO - Filling up the DagBag from /opt/airflow/dags/training_pipeline_dag.py
[2026-08-09T17:10:40.272+0000] {processor.py:840} INFO - DAG(s) 'training_pipeline' retrieved from /opt/airflow/dags/training_pipeline_dag.py
[2026-08-09T17:10:40.322+0000] {logging_mixin.py:188} INFO - [2026-08-09T17:10:40.320+0000] {dag.py:3089} INFO - Sync 1 DAGs
[2026-08-09T17:10:40.358+0000] {logging_mixin.py:188} INFO - [2026-08-09T17:10:40.358+0000] {dag.py:3947} INFO - Setting next_dagrun for training_pipeline to 2026-08-09 00:00:00+00:00, run_after=2026-08-10 00:00:00+00:00
[2026-08-09T17:10:40.400+0000] {processor.py:183} INFO - Processing /opt/airflow/dags/training_pipeline_dag.py took 4.081 seconds
[2026-08-09T17:11:17.737+0000] {processor.py:161} INFO - Started process (PID=280) to work on /opt/airflow/dags/training_pipeline_dag.py
[2026-08-09T17:11:17.741+0000] {processor.py:830} INFO - Processing file /opt/airflow/dags/training_pipeline_dag.py for tasks to queue
[2026-08-09T17:11:17.760+0000] {logging_mixin.py:188} INFO - [2026-08-09T17:11:17.752+0000] {dagbag.py:545} INFO - Filling up the DagBag from /opt/airflow/dags/training_pipeline_dag.py
[2026-08-09T17:11:27.679+0000] {processor.py:840} INFO - DAG(s) 'training_pipeline' retrieved from /opt/airflow/dags/training_pipeline_dag.py
[2026-08-09T17:11:27.732+0000] {logging_mixin.py:188} INFO - [2026-08-09T17:11:27.731+0000] {dag.py:3089} INFO - Sync 1 DAGs
[2026-08-09T17:11:27.987+0000] {logging_mixin.py:188} INFO - [2026-08-09T17:11:27.986+0000] {dag.py:3947} INFO - Setting next_dagrun for training_pipeline to 2026-08-09 00:00:00+00:00, run_after=2026-08-10 00:00:00+00:00
[2026-08-09T17:11:28.232+0000] {processor.py:183} INFO - Processing /opt/airflow/dags/training_pipeline_dag.py took 10.614 seconds
[2026-08-09T17:11:58.957+0000] {processor.py:161} INFO - Started process (PID=295) to work on /opt/airflow/dags/training_pipeline_dag.py
[2026-08-09T17:11:58.959+0000] {processor.py:830} INFO - Processing file /opt/airflow/dags/training_pipeline_dag.py for tasks to queue
[2026-08-09T17:11:59.334+0000] {logging_mixin.py:188} INFO - [2026-08-09T17:11:59.333+0000] {dagbag.py:545} INFO - Filling up the DagBag from /opt/airflow/dags/training_pipeline_dag.py
[2026-08-09T17:12:00.600+0000] {processor.py:840} INFO - DAG(s) 'training_pipeline' retrieved from /opt/airflow/dags/training_pipeline_dag.py
[2026-08-09T17:12:00.824+0000] {logging_mixin.py:188} INFO - [2026-08-09T17:12:00.823+0000] {dag.py:3089} INFO - Sync 1 DAGs
[2026-08-09T17:12:00.873+0000] {logging_mixin.py:188} INFO - [2026-08-09T17:12:00.872+0000] {dag.py:3947} INFO - Setting next_dagrun for training_pipeline to 2026-08-09 00:00:00+00:00, run_after=2026-08-10 00:00:00+00:00
[2026-08-09T17:12:00.913+0000] {processor.py:183} INFO - Processing /opt/airflow/dags/training_pipeline_dag.py took 1.978 seconds
[2026-08-09T17:12:31.449+0000] {processor.py:161} INFO - Started process (PID=326) to work on /opt/airflow/dags/training_pipeline_dag.py
[2026-08-09T17:12:31.451+0000] {processor.py:830} INFO - Processing file /opt/airflow/dags/training_pipeline_dag.py for tasks to queue
[2026-08-09T17:12:31.454+0000] {logging_mixin.py:188} INFO - [2026-08-09T17:12:31.453+0000] {dagbag.py:545} INFO - Filling up the DagBag from /opt/airflow/dags/training_pipeline_dag.py
[2026-08-09T17:12:33.265+0000] {processor.py:840} INFO - DAG(s) 'training_pipeline' retrieved from /opt/airflow/dags/training_pipeline_dag.py
[2026-08-09T17:12:33.312+0000] {logging_mixin.py:188} INFO - [2026-08-09T17:12:33.311+0000] {dag.py:3089} INFO - Sync 1 DAGs
[2026-08-09T17:12:33.350+0000] {logging_mixin.py:188} INFO - [2026-08-09T17:12:33.349+0000] {dag.py:3947} INFO - Setting next_dagrun for training_pipeline to 2026-08-09 00:00:00+00:00, run_after=2026-08-10 00:00:00+00:00
[2026-08-09T17:12:33.384+0000] {processor.py:183} INFO - Processing /opt/airflow/dags/training_pipeline_dag.py took 1.951 seconds
[2026-08-09T17:13:03.980+0000] {processor.py:161} INFO - Started process (PID=354) to work on /opt/airflow/dags/training_pipeline_dag.py
[2026-08-09T17:13:03.983+0000] {processor.py:830} INFO - Processing file /opt/airflow/dags/training_pipeline_dag.py for tasks to queue
[2026-08-09T17:13:03.986+0000] {logging_mixin.py:188} INFO - [2026-08-09T17:13:03.985+0000] {dagbag.py:545} INFO - Filling up the DagBag from /opt/airflow/dags/training_pipeline_dag.py
[2026-08-09T17:13:05.907+0000] {processor.py:840} INFO - DAG(s) 'training_pipeline' retrieved from /opt/airflow/dags/training_pipeline_dag.py
[2026-08-09T17:13:06.010+0000] {logging_mixin.py:188} INFO - [2026-08-09T17:13:06.009+0000] {dag.py:3089} INFO - Sync 1 DAGs
[2026-08-09T17:13:06.071+0000] {logging_mixin.py:188} INFO - [2026-08-09T17:13:06.070+0000] {dag.py:3947} INFO - Setting next_dagrun for training_pipeline to 2026-08-09 00:00:00+00:00, run_after=2026-08-10 00:00:00+00:00
[2026-08-09T17:13:06.159+0000] {processor.py:183} INFO - Processing /opt/airflow/dags/training_pipeline_dag.py took 2.199 seconds
[2026-08-09T17:13:36.340+0000] {processor.py:161} INFO - Started process (PID=369) to work on /opt/airflow/dags/training_pipeline_dag.py
[2026-08-09T17:13:36.342+0000] {processor.py:830} INFO - Processing file /opt/airflow/dags/training_pipeline_dag.py for tasks to queue
[2026-08-09T17:13:36.344+0000] {logging_mixin.py:188} INFO - [2026-08-09T17:13:36.344+0000] {dagbag.py:545} INFO - Filling up the DagBag from /opt/airflow/dags/training_pipeline_dag.py
[2026-08-09T17:13:38.352+0000] {processor.py:840} INFO - DAG(s) 'training_pipeline' retrieved from /opt/airflow/dags/training_pipeline_dag.py
[2026-08-09T17:13:38.409+0000] {logging_mixin.py:188} INFO - [2026-08-09T17:13:38.408+0000] {dag.py:3089} INFO - Sync 1 DAGs
[2026-08-09T17:13:38.459+0000] {logging_mixin.py:188} INFO - [2026-08-09T17:13:38.458+0000] {dag.py:3947} INFO - Setting next_dagrun for training_pipeline to 2026-08-09 00:00:00+00:00, run_after=2026-08-10 00:00:00+00:00
[2026-08-09T17:13:38.511+0000] {processor.py:183} INFO - Processing /opt/airflow/dags/training_pipeline_dag.py took 2.191 seconds
[2026-08-09T17:14:08.837+0000] {processor.py:161} INFO - Started process (PID=400) to work on /opt/airflow/dags/training_pipeline_dag.py
[2026-08-09T17:14:08.839+0000] {processor.py:830} INFO - Processing file /opt/airflow/dags/training_pipeline_dag.py for tasks to queue
[2026-08-09T17:14:08.842+0000] {logging_mixin.py:188} INFO - [2026-08-09T17:14:08.841+0000] {dagbag.py:545} INFO - Filling up the DagBag from /opt/airflow/dags/training_pipeline_dag.py
[2026-08-09T17:14:10.415+0000] {processor.py:840} INFO - DAG(s) 'training_pipeline' retrieved from /opt/airflow/dags/training_pipeline_dag.py
[2026-08-09T17:14:10.463+0000] {logging_mixin.py:188} INFO - [2026-08-09T17:14:10.462+0000] {dag.py:3089} INFO - Sync 1 DAGs
[2026-08-09T17:14:10.512+0000] {logging_mixin.py:188} INFO - [2026-08-09T17:14:10.511+0000] {dag.py:3947} INFO - Setting next_dagrun for training_pipeline to 2026-08-09 00:00:00+00:00, run_after=2026-08-10 00:00:00+00:00
[2026-08-09T17:14:10.553+0000] {processor.py:183} INFO - Processing /opt/airflow/dags/training_pipeline_dag.py took 1.736 seconds
[2026-08-09T17:14:41.474+0000] {processor.py:161} INFO - Started process (PID=431) to work on /opt/airflow/dags/training_pipeline_dag.py
[2026-08-09T17:14:41.477+0000] {processor.py:830} INFO - Processing file /opt/airflow/dags/training_pipeline_dag.py for tasks to queue
[2026-08-09T17:14:41.479+0000] {logging_mixin.py:188} INFO - [2026-08-09T17:14:41.478+0000] {dagbag.py:545} INFO - Filling up the DagBag from /opt/airflow/dags/training_pipeline_dag.py
[2026-08-09T17:14:42.909+0000] {processor.py:840} INFO - DAG(s) 'training_pipeline' retrieved from /opt/airflow/dags/training_pipeline_dag.py
[2026-08-09T17:14:43.213+0000] {logging_mixin.py:188} INFO - [2026-08-09T17:14:42.959+0000] {dag.py:3089} INFO - Sync 1 DAGs
[2026-08-09T17:14:43.260+0000] {logging_mixin.py:188} INFO - [2026-08-09T17:14:43.260+0000] {dag.py:3947} INFO - Setting next_dagrun for training_pipeline to 2026-08-09 00:00:00+00:00, run_after=2026-08-10 00:00:00+00:00
[2026-08-09T17:14:43.296+0000] {processor.py:183} INFO - Processing /opt/airflow/dags/training_pipeline_dag.py took 1.840 seconds
[2026-08-09T17:15:13.936+0000] {processor.py:161} INFO - Started process (PID=462) to work on /opt/airflow/dags/training_pipeline_dag.py
[2026-08-09T17:15:13.938+0000] {processor.py:830} INFO - Processing file /opt/airflow/dags/training_pipeline_dag.py for tasks to queue
[2026-08-09T17:15:13.940+0000] {logging_mixin.py:188} INFO - [2026-08-09T17:15:13.940+0000] {dagbag.py:545} INFO - Filling up the DagBag from /opt/airflow/dags/training_pipeline_dag.py
[2026-08-09T17:15:15.375+0000] {processor.py:840} INFO - DAG(s) 'training_pipeline' retrieved from /opt/airflow/dags/training_pipeline_dag.py
[2026-08-09T17:15:15.686+0000] {logging_mixin.py:188} INFO - [2026-08-09T17:15:15.685+0000] {dag.py:3089} INFO - Sync 1 DAGs
[2026-08-09T17:15:15.719+0000] {logging_mixin.py:188} INFO - [2026-08-09T17:15:15.719+0000] {dag.py:3947} INFO - Setting next_dagrun for training_pipeline to 2026-08-09 00:00:00+00:00, run_after=2026-08-10 00:00:00+00:00
[2026-08-09T17:15:15.764+0000] {processor.py:183} INFO - Processing /opt/airflow/dags/training_pipeline_dag.py took 1.851 seconds
[2026-08-09T17:15:46.384+0000] {processor.py:161} INFO - Started process (PID=490) to work on /opt/airflow/dags/training_pipeline_dag.py
[2026-08-09T17:15:46.387+0000] {processor.py:830} INFO - Processing file /opt/airflow/dags/training_pipeline_dag.py for tasks to queue
[2026-08-09T17:15:46.389+0000] {logging_mixin.py:188} INFO - [2026-08-09T17:15:46.389+0000] {dagbag.py:545} INFO - Filling up the DagBag from /opt/airflow/dags/training_pipeline_dag.py
[2026-08-09T17:15:48.248+0000] {processor.py:840} INFO - DAG(s) 'training_pipeline' retrieved from /opt/airflow/dags/training_pipeline_dag.py
[2026-08-09T17:15:48.300+0000] {logging_mixin.py:188} INFO - [2026-08-09T17:15:48.299+0000] {dag.py:3089} INFO - Sync 1 DAGs
[2026-08-09T17:15:48.341+0000] {logging_mixin.py:188} INFO - [2026-08-09T17:15:48.341+0000] {dag.py:3947} INFO - Setting next_dagrun for training_pipeline to 2026-08-09 00:00:00+00:00, run_after=2026-08-10 00:00:00+00:00
[2026-08-09T17:15:48.382+0000] {processor.py:183} INFO - Processing /opt/airflow/dags/training_pipeline_dag.py took 2.023 seconds
[2026-08-09T17:16:19.061+0000] {processor.py:161} INFO - Started process (PID=505) to work on /opt/airflow/dags/training_pipeline_dag.py
[2026-08-09T17:16:19.064+0000] {processor.py:830} INFO - Processing file /opt/airflow/dags/training_pipeline_dag.py for tasks to queue
[2026-08-09T17:16:19.066+0000] {logging_mixin.py:188} INFO - [2026-08-09T17:16:19.066+0000] {dagbag.py:545} INFO - Filling up the DagBag from /opt/airflow/dags/training_pipeline_dag.py
[2026-08-09T17:16:20.680+0000] {processor.py:840} INFO - DAG(s) 'training_pipeline' retrieved from /opt/airflow/dags/training_pipeline_dag.py
[2026-08-09T17:16:20.725+0000] {logging_mixin.py:188} INFO - [2026-08-09T17:16:20.724+0000] {dag.py:3089} INFO - Sync 1 DAGs
[2026-08-09T17:16:20.760+0000] {logging_mixin.py:188} INFO - [2026-08-09T17:16:20.760+0000] {dag.py:3947} INFO - Setting next_dagrun for training_pipeline to 2026-08-09 00:00:00+00:00, run_after=2026-08-10 00:00:00+00:00
[2026-08-09T17:16:20.801+0000] {processor.py:183} INFO - Processing /opt/airflow/dags/training_pipeline_dag.py took 1.762 seconds
[2026-08-09T17:16:51.509+0000] {processor.py:161} INFO - Started process (PID=536) to work on /opt/airflow/dags/training_pipeline_dag.py
[2026-08-09T17:16:51.512+0000] {processor.py:830} INFO - Processing file /opt/airflow/dags/training_pipeline_dag.py for tasks to queue
[2026-08-09T17:16:51.514+0000] {logging_mixin.py:188} INFO - [2026-08-09T17:16:51.513+0000] {dagbag.py:545} INFO - Filling up the DagBag from /opt/airflow/dags/training_pipeline_dag.py
[2026-08-09T17:16:53.285+0000] {processor.py:840} INFO - DAG(s) 'training_pipeline' retrieved from /opt/airflow/dags/training_pipeline_dag.py
[2026-08-09T17:16:53.335+0000] {logging_mixin.py:188} INFO - [2026-08-09T17:16:53.334+0000] {dag.py:3089} INFO - Sync 1 DAGs
[2026-08-09T17:16:53.378+0000] {logging_mixin.py:188} INFO - [2026-08-09T17:16:53.377+0000] {dag.py:3947} INFO - Setting next_dagrun for training_pipeline to 2026-08-09 00:00:00+00:00, run_after=2026-08-10 00:00:00+00:00
[2026-08-09T17:16:53.415+0000] {processor.py:183} INFO - Processing /opt/airflow/dags/training_pipeline_dag.py took 1.927 seconds
[2026-08-09T17:17:23.979+0000] {processor.py:161} INFO - Started process (PID=567) to work on /opt/airflow/dags/training_pipeline_dag.py
[2026-08-09T17:17:23.982+0000] {processor.py:830} INFO - Processing file /opt/airflow/dags/training_pipeline_dag.py for tasks to queue
[2026-08-09T17:17:23.984+0000] {logging_mixin.py:188} INFO - [2026-08-09T17:17:23.983+0000] {dagbag.py:545} INFO - Filling up the DagBag from /opt/airflow/dags/training_pipeline_dag.py
[2026-08-09T17:17:25.470+0000] {processor.py:840} INFO - DAG(s) 'training_pipeline' retrieved from /opt/airflow/dags/training_pipeline_dag.py
[2026-08-09T17:17:25.516+0000] {logging_mixin.py:188} INFO - [2026-08-09T17:17:25.515+0000] {dag.py:3089} INFO - Sync 1 DAGs
[2026-08-09T17:17:25.552+0000] {logging_mixin.py:188} INFO - [2026-08-09T17:17:25.552+0000] {dag.py:3947} INFO - Setting next_dagrun for training_pipeline to 2026-08-09 00:00:00+00:00, run_after=2026-08-10 00:00:00+00:00
[2026-08-09T17:17:25.587+0000] {processor.py:183} INFO - Processing /opt/airflow/dags/training_pipeline_dag.py took 1.624 seconds
[2026-08-09T17:17:56.618+0000] {processor.py:161} INFO - Started process (PID=598) to work on /opt/airflow/dags/training_pipeline_dag.py
[2026-08-09T17:17:56.620+0000] {processor.py:830} INFO - Processing file /opt/airflow/dags/training_pipeline_dag.py for tasks to queue
[2026-08-09T17:17:56.623+0000] {logging_mixin.py:188} INFO - [2026-08-09T17:17:56.622+0000] {dagbag.py:545} INFO - Filling up the DagBag from /opt/airflow/dags/training_pipeline_dag.py
[2026-08-09T17:17:57.973+0000] {processor.py:840} INFO - DAG(s) 'training_pipeline' retrieved from /opt/airflow/dags/training_pipeline_dag.py
[2026-08-09T17:17:58.382+0000] {logging_mixin.py:188} INFO - [2026-08-09T17:17:58.381+0000] {dag.py:3089} INFO - Sync 1 DAGs
[2026-08-09T17:17:58.415+0000] {logging_mixin.py:188} INFO - [2026-08-09T17:17:58.415+0000] {dag.py:3947} INFO - Setting next_dagrun for training_pipeline to 2026-08-09 00:00:00+00:00, run_after=2026-08-10 00:00:00+00:00
[2026-08-09T17:17:58.449+0000] {processor.py:183} INFO - Processing /opt/airflow/dags/training_pipeline_dag.py took 1.952 seconds
[2026-08-09T17:18:29.270+0000] {processor.py:161} INFO - Started process (PID=626) to work on /opt/airflow/dags/training_pipeline_dag.py
[2026-08-09T17:18:29.276+0000] {processor.py:830} INFO - Processing file /opt/airflow/dags/training_pipeline_dag.py for tasks to queue
[2026-08-09T17:18:29.281+0000] {logging_mixin.py:188} INFO - [2026-08-09T17:18:29.279+0000] {dagbag.py:545} INFO - Filling up the DagBag from /opt/airflow/dags/training_pipeline_dag.py
[2026-08-09T17:18:31.075+0000] {processor.py:840} INFO - DAG(s) 'training_pipeline' retrieved from /opt/airflow/dags/training_pipeline_dag.py
[2026-08-09T17:18:31.591+0000] {logging_mixin.py:188} INFO - [2026-08-09T17:18:31.591+0000] {dag.py:3089} INFO - Sync 1 DAGs
[2026-08-09T17:18:31.639+0000] {logging_mixin.py:188} INFO - [2026-08-09T17:18:31.639+0000] {dag.py:3947} INFO - Setting next_dagrun for training_pipeline to 2026-08-09 00:00:00+00:00, run_after=2026-08-10 00:00:00+00:00
[2026-08-09T17:18:31.679+0000] {processor.py:183} INFO - Processing /opt/airflow/dags/training_pipeline_dag.py took 2.449 seconds
[2026-08-09T17:19:02.275+0000] {processor.py:161} INFO - Started process (PID=641) to work on /opt/airflow/dags/training_pipeline_dag.py
[2026-08-09T17:19:02.278+0000] {processor.py:830} INFO - Processing file /opt/airflow/dags/training_pipeline_dag.py for tasks to queue
[2026-08-09T17:19:02.280+0000] {logging_mixin.py:188} INFO - [2026-08-09T17:19:02.279+0000] {dagbag.py:545} INFO - Filling up the DagBag from /opt/airflow/dags/training_pipeline_dag.py
[2026-08-09T17:19:04.079+0000] {processor.py:840} INFO - DAG(s) 'training_pipeline' retrieved from /opt/airflow/dags/training_pipeline_dag.py
[2026-08-09T17:19:04.136+0000] {logging_mixin.py:188} INFO - [2026-08-09T17:19:04.134+0000] {dag.py:3089} INFO - Sync 1 DAGs
[2026-08-09T17:19:04.179+0000] {logging_mixin.py:188} INFO - [2026-08-09T17:19:04.179+0000] {dag.py:3947} INFO - Setting next_dagrun for training_pipeline to 2026-08-09 00:00:00+00:00, run_after=2026-08-10 00:00:00+00:00
[2026-08-09T17:19:04.215+0000] {processor.py:183} INFO - Processing /opt/airflow/dags/training_pipeline_dag.py took 1.955 seconds
[2026-08-09T17:19:34.585+0000] {processor.py:161} INFO - Started process (PID=672) to work on /opt/airflow/dags/training_pipeline_dag.py
[2026-08-09T17:19:34.588+0000] {processor.py:830} INFO - Processing file /opt/airflow/dags/training_pipeline_dag.py for tasks to queue
[2026-08-09T17:19:34.590+0000] {logging_mixin.py:188} INFO - [2026-08-09T17:19:34.589+0000] {dagbag.py:545} INFO - Filling up the DagBag from /opt/airflow/dags/training_pipeline_dag.py
[2026-08-09T17:19:36.282+0000] {processor.py:840} INFO - DAG(s) 'training_pipeline' retrieved from /opt/airflow/dags/training_pipeline_dag.py
[2026-08-09T17:19:36.337+0000] {logging_mixin.py:188} INFO - [2026-08-09T17:19:36.336+0000] {dag.py:3089} INFO - Sync 1 DAGs
[2026-08-09T17:19:36.383+0000] {logging_mixin.py:188} INFO - [2026-08-09T17:19:36.382+0000] {dag.py:3947} INFO - Setting next_dagrun for training_pipeline to 2026-08-09 00:00:00+00:00, run_after=2026-08-10 00:00:00+00:00
[2026-08-09T17:19:36.432+0000] {processor.py:183} INFO - Processing /opt/airflow/dags/training_pipeline_dag.py took 1.869 seconds
[2026-08-09T17:20:07.052+0000] {processor.py:161} INFO - Started process (PID=703) to work on /opt/airflow/dags/training_pipeline_dag.py
[2026-08-09T17:20:07.054+0000] {processor.py:830} INFO - Processing file /opt/airflow/dags/training_pipeline_dag.py for tasks to queue
[2026-08-09T17:20:07.057+0000] {logging_mixin.py:188} INFO - [2026-08-09T17:20:07.056+0000] {dagbag.py:545} INFO - Filling up the DagBag from /opt/airflow/dags/training_pipeline_dag.py
[2026-08-09T17:20:08.629+0000] {processor.py:840} INFO - DAG(s) 'training_pipeline' retrieved from /opt/airflow/dags/training_pipeline_dag.py
[2026-08-09T17:20:08.679+0000] {logging_mixin.py:188} INFO - [2026-08-09T17:20:08.677+0000] {dag.py:3089} INFO - Sync 1 DAGs
[2026-08-09T17:20:08.717+0000] {logging_mixin.py:188} INFO - [2026-08-09T17:20:08.716+0000] {dag.py:3947} INFO - Setting next_dagrun for training_pipeline to 2026-08-09 00:00:00+00:00, run_after=2026-08-10 00:00:00+00:00
[2026-08-09T17:20:08.748+0000] {processor.py:183} INFO - Processing /opt/airflow/dags/training_pipeline_dag.py took 1.712 seconds
[2026-08-09T17:20:39.600+0000] {processor.py:161} INFO - Started process (PID=734) to work on /opt/airflow/dags/training_pipeline_dag.py
[2026-08-09T17:20:39.606+0000] {processor.py:830} INFO - Processing file /opt/airflow/dags/training_pipeline_dag.py for tasks to queue
[2026-08-09T17:20:39.610+0000] {logging_mixin.py:188} INFO - [2026-08-09T17:20:39.609+0000] {dagbag.py:545} INFO - Filling up the DagBag from /opt/airflow/dags/training_pipeline_dag.py
[2026-08-09T17:20:40.906+0000] {processor.py:840} INFO - DAG(s) 'training_pipeline' retrieved from /opt/airflow/dags/training_pipeline_dag.py
[2026-08-09T17:20:40.960+0000] {logging_mixin.py:188} INFO - [2026-08-09T17:20:40.957+0000] {dag.py:3089} INFO - Sync 1 DAGs
[2026-08-09T17:20:41.311+0000] {logging_mixin.py:188} INFO - [2026-08-09T17:20:41.311+0000] {dag.py:3947} INFO - Setting next_dagrun for training_pipeline to 2026-08-09 00:00:00+00:00, run_after=2026-08-10 00:00:00+00:00
[2026-08-09T17:20:41.346+0000] {processor.py:183} INFO - Processing /opt/airflow/dags/training_pipeline_dag.py took 1.774 seconds
[2026-08-09T17:21:11.731+0000] {processor.py:161} INFO - Started process (PID=765) to work on /opt/airflow/dags/training_pipeline_dag.py
[2026-08-09T17:21:11.734+0000] {processor.py:830} INFO - Processing file /opt/airflow/dags/training_pipeline_dag.py for tasks to queue
[2026-08-09T17:21:11.736+0000] {logging_mixin.py:188} INFO - [2026-08-09T17:21:11.735+0000] {dagbag.py:545} INFO - Filling up the DagBag from /opt/airflow/dags/training_pipeline_dag.py
[2026-08-09T17:21:13.004+0000] {processor.py:840} INFO - DAG(s) 'training_pipeline' retrieved from /opt/airflow/dags/training_pipeline_dag.py
[2026-08-09T17:21:13.308+0000] {logging_mixin.py:188} INFO - [2026-08-09T17:21:13.307+0000] {dag.py:3089} INFO - Sync 1 DAGs
[2026-08-09T17:21:13.340+0000] {logging_mixin.py:188} INFO - [2026-08-09T17:21:13.339+0000] {dag.py:3947} INFO - Setting next_dagrun for training_pipeline to 2026-08-09 00:00:00+00:00, run_after=2026-08-10 00:00:00+00:00
[2026-08-09T17:21:13.373+0000] {processor.py:183} INFO - Processing /opt/airflow/dags/training_pipeline_dag.py took 1.663 seconds
[2026-08-09T17:21:44.437+0000] {processor.py:161} INFO - Started process (PID=793) to work on /opt/airflow/dags/training_pipeline_dag.py
[2026-08-09T17:21:44.440+0000] {processor.py:830} INFO - Processing file /opt/airflow/dags/training_pipeline_dag.py for tasks to queue
[2026-08-09T17:21:44.442+0000] {logging_mixin.py:188} INFO - [2026-08-09T17:21:44.441+0000] {dagbag.py:545} INFO - Filling up the DagBag from /opt/airflow/dags/training_pipeline_dag.py
[2026-08-09T17:21:45.770+0000] {processor.py:840} INFO - DAG(s) 'training_pipeline' retrieved from /opt/airflow/dags/training_pipeline_dag.py
[2026-08-09T17:21:46.167+0000] {logging_mixin.py:188} INFO - [2026-08-09T17:21:46.166+0000] {dag.py:3089} INFO - Sync 1 DAGs
[2026-08-09T17:21:46.205+0000] {logging_mixin.py:188} INFO - [2026-08-09T17:21:46.204+0000] {dag.py:3947} INFO - Setting next_dagrun for training_pipeline to 2026-08-09 00:00:00+00:00, run_after=2026-08-10 00:00:00+00:00
[2026-08-09T17:21:46.238+0000] {processor.py:183} INFO - Processing /opt/airflow/dags/training_pipeline_dag.py took 1.819 seconds
[2026-08-09T17:22:16.981+0000] {processor.py:161} INFO - Started process (PID=808) to work on /opt/airflow/dags/training_pipeline_dag.py
[2026-08-09T17:22:16.983+0000] {processor.py:830} INFO - Processing file /opt/airflow/dags/training_pipeline_dag.py for tasks to queue
[2026-08-09T17:22:16.986+0000] {logging_mixin.py:188} INFO - [2026-08-09T17:22:16.985+0000] {dagbag.py:545} INFO - Filling up the DagBag from /opt/airflow/dags/training_pipeline_dag.py
[2026-08-09T17:22:18.682+0000] {processor.py:840} INFO - DAG(s) 'training_pipeline' retrieved from /opt/airflow/dags/training_pipeline_dag.py
[2026-08-09T17:22:18.740+0000] {logging_mixin.py:188} INFO - [2026-08-09T17:22:18.739+0000] {dag.py:3089} INFO - Sync 1 DAGs
[2026-08-09T17:22:18.777+0000] {logging_mixin.py:188} INFO - [2026-08-09T17:22:18.777+0000] {dag.py:3947} INFO - Setting next_dagrun for training_pipeline to 2026-08-09 00:00:00+00:00, run_after=2026-08-10 00:00:00+00:00
[2026-08-09T17:22:18.812+0000] {processor.py:183} INFO - Processing /opt/airflow/dags/training_pipeline_dag.py took 1.847 seconds
[2026-08-09T17:22:49.067+0000] {processor.py:161} INFO - Started process (PID=839) to work on /opt/airflow/dags/training_pipeline_dag.py
[2026-08-09T17:22:49.070+0000] {processor.py:830} INFO - Processing file /opt/airflow/dags/training_pipeline_dag.py for tasks to queue
[2026-08-09T17:22:49.072+0000] {logging_mixin.py:188} INFO - [2026-08-09T17:22:49.071+0000] {dagbag.py:545} INFO - Filling up the DagBag from /opt/airflow/dags/training_pipeline_dag.py
[2026-08-09T17:22:50.642+0000] {processor.py:840} INFO - DAG(s) 'training_pipeline' retrieved from /opt/airflow/dags/training_pipeline_dag.py
[2026-08-09T17:22:50.687+0000] {logging_mixin.py:188} INFO - [2026-08-09T17:22:50.687+0000] {dag.py:3089} INFO - Sync 1 DAGs
[2026-08-09T17:22:50.721+0000] {logging_mixin.py:188} INFO - [2026-08-09T17:22:50.721+0000] {dag.py:3947} INFO - Setting next_dagrun for training_pipeline to 2026-08-09 00:00:00+00:00, run_after=2026-08-10 00:00:00+00:00
[2026-08-09T17:22:50.759+0000] {processor.py:183} INFO - Processing /opt/airflow/dags/training_pipeline_dag.py took 1.710 seconds
[2026-08-09T17:23:21.406+0000] {processor.py:161} INFO - Started process (PID=870) to work on /opt/airflow/dags/training_pipeline_dag.py
[2026-08-09T17:23:21.408+0000] {processor.py:830} INFO - Processing file /opt/airflow/dags/training_pipeline_dag.py for tasks to queue
[2026-08-09T17:23:21.410+0000] {logging_mixin.py:188} INFO - [2026-08-09T17:23:21.410+0000] {dagbag.py:545} INFO - Filling up the DagBag from /opt/airflow/dags/training_pipeline_dag.py
[2026-08-09T17:23:23.001+0000] {processor.py:840} INFO - DAG(s) 'training_pipeline' retrieved from /opt/airflow/dags/training_pipeline_dag.py
[2026-08-09T17:23:23.050+0000] {logging_mixin.py:188} INFO - [2026-08-09T17:23:23.049+0000] {dag.py:3089} INFO - Sync 1 DAGs
[2026-08-09T17:23:23.097+0000] {logging_mixin.py:188} INFO - [2026-08-09T17:23:23.096+0000] {dag.py:3947} INFO - Setting next_dagrun for training_pipeline to 2026-08-09 00:00:00+00:00, run_after=2026-08-10 00:00:00+00:00
[2026-08-09T17:23:23.134+0000] {processor.py:183} INFO - Processing /opt/airflow/dags/training_pipeline_dag.py took 1.746 seconds
[2026-08-09T17:23:53.732+0000] {processor.py:161} INFO - Started process (PID=901) to work on /opt/airflow/dags/training_pipeline_dag.py
[2026-08-09T17:23:53.735+0000] {processor.py:830} INFO - Processing file /opt/airflow/dags/training_pipeline_dag.py for tasks to queue
[2026-08-09T17:23:53.737+0000] {logging_mixin.py:188} INFO - [2026-08-09T17:23:53.737+0000] {dagbag.py:545} INFO - Filling up the DagBag from /opt/airflow/dags/training_pipeline_dag.py
[2026-08-09T17:23:54.982+0000] {processor.py:840} INFO - DAG(s) 'training_pipeline' retrieved from /opt/airflow/dags/training_pipeline_dag.py
[2026-08-09T17:23:55.036+0000] {logging_mixin.py:188} INFO - [2026-08-09T17:23:55.033+0000] {dag.py:3089} INFO - Sync 1 DAGs
[2026-08-09T17:23:55.410+0000] {logging_mixin.py:188} INFO - [2026-08-09T17:23:55.409+0000] {dag.py:3947} INFO - Setting next_dagrun for training_pipeline to 2026-08-09 00:00:00+00:00, run_after=2026-08-10 00:00:00+00:00
[2026-08-09T17:23:55.444+0000] {processor.py:183} INFO - Processing /opt/airflow/dags/training_pipeline_dag.py took 1.728 seconds
[2026-08-09T17:24:26.192+0000] {processor.py:161} INFO - Started process (PID=932) to work on /opt/airflow/dags/training_pipeline_dag.py
[2026-08-09T17:24:26.194+0000] {processor.py:830} INFO - Processing file /opt/airflow/dags/training_pipeline_dag.py for tasks to queue
[2026-08-09T17:24:26.196+0000] {logging_mixin.py:188} INFO - [2026-08-09T17:24:26.195+0000] {dagbag.py:545} INFO - Filling up the DagBag from /opt/airflow/dags/training_pipeline_dag.py
[2026-08-09T17:24:27.638+0000] {processor.py:840} INFO - DAG(s) 'training_pipeline' retrieved from /opt/airflow/dags/training_pipeline_dag.py
[2026-08-09T17:24:27.972+0000] {logging_mixin.py:188} INFO - [2026-08-09T17:24:27.972+0000] {dag.py:3089} INFO - Sync 1 DAGs
[2026-08-09T17:24:28.005+0000] {logging_mixin.py:188} INFO - [2026-08-09T17:24:28.004+0000] {dag.py:3947} INFO - Setting next_dagrun for training_pipeline to 2026-08-09 00:00:00+00:00, run_after=2026-08-10 00:00:00+00:00
[2026-08-09T17:24:28.038+0000] {processor.py:183} INFO - Processing /opt/airflow/dags/training_pipeline_dag.py took 1.869 seconds
[2026-08-09T17:24:58.634+0000] {processor.py:161} INFO - Started process (PID=957) to work on /opt/airflow/dags/training_pipeline_dag.py
[2026-08-09T17:24:58.637+0000] {processor.py:830} INFO - Processing file /opt/airflow/dags/training_pipeline_dag.py for tasks to queue
[2026-08-09T17:24:58.639+0000] {logging_mixin.py:188} INFO - [2026-08-09T17:24:58.638+0000] {dagbag.py:545} INFO - Filling up the DagBag from /opt/airflow/dags/training_pipeline_dag.py
[2026-08-09T17:24:59.968+0000] {processor.py:840} INFO - DAG(s) 'training_pipeline' retrieved from /opt/airflow/dags/training_pipeline_dag.py
[2026-08-09T17:25:00.364+0000] {logging_mixin.py:188} INFO - [2026-08-09T17:25:00.363+0000] {dag.py:3089} INFO - Sync 1 DAGs
[2026-08-09T17:25:00.402+0000] {logging_mixin.py:188} INFO - [2026-08-09T17:25:00.402+0000] {dag.py:3947} INFO - Setting next_dagrun for training_pipeline to 2026-08-09 00:00:00+00:00, run_after=2026-08-10 00:00:00+00:00
[2026-08-09T17:25:00.437+0000] {processor.py:183} INFO - Processing /opt/airflow/dags/training_pipeline_dag.py took 1.822 seconds
[2026-08-09T17:25:31.275+0000] {processor.py:161} INFO - Started process (PID=975) to work on /opt/airflow/dags/training_pipeline_dag.py
[2026-08-09T17:25:31.277+0000] {processor.py:830} INFO - Processing file /opt/airflow/dags/training_pipeline_dag.py for tasks to queue
[2026-08-09T17:25:31.280+0000] {logging_mixin.py:188} INFO - [2026-08-09T17:25:31.279+0000] {dagbag.py:545} INFO - Filling up the DagBag from /opt/airflow/dags/training_pipeline_dag.py
[2026-08-09T17:25:32.827+0000] {processor.py:840} INFO - DAG(s) 'training_pipeline' retrieved from /opt/airflow/dags/training_pipeline_dag.py
[2026-08-09T17:25:32.877+0000] {logging_mixin.py:188} INFO - [2026-08-09T17:25:32.876+0000] {dag.py:3089} INFO - Sync 1 DAGs
[2026-08-09T17:25:32.914+0000] {logging_mixin.py:188} INFO - [2026-08-09T17:25:32.914+0000] {dag.py:3947} INFO - Setting next_dagrun for training_pipeline to 2026-08-09 00:00:00+00:00, run_after=2026-08-10 00:00:00+00:00
[2026-08-09T17:25:32.952+0000] {processor.py:183} INFO - Processing /opt/airflow/dags/training_pipeline_dag.py took 1.692 seconds
[2026-08-09T17:26:03.749+0000] {processor.py:161} INFO - Started process (PID=1006) to work on /opt/airflow/dags/training_pipeline_dag.py
[2026-08-09T17:26:03.751+0000] {processor.py:830} INFO - Processing file /opt/airflow/dags/training_pipeline_dag.py for tasks to queue
[2026-08-09T17:26:03.754+0000] {logging_mixin.py:188} INFO - [2026-08-09T17:26:03.753+0000] {dagbag.py:545} INFO - Filling up the DagBag from /opt/airflow/dags/training_pipeline_dag.py
[2026-08-09T17:26:05.459+0000] {processor.py:840} INFO - DAG(s) 'training_pipeline' retrieved from /opt/airflow/dags/training_pipeline_dag.py
[2026-08-09T17:26:05.512+0000] {logging_mixin.py:188} INFO - [2026-08-09T17:26:05.511+0000] {dag.py:3089} INFO - Sync 1 DAGs
[2026-08-09T17:26:05.562+0000] {logging_mixin.py:188} INFO - [2026-08-09T17:26:05.561+0000] {dag.py:3947} INFO - Setting next_dagrun for training_pipeline to 2026-08-09 00:00:00+00:00, run_after=2026-08-10 00:00:00+00:00
[2026-08-09T17:26:05.596+0000] {processor.py:183} INFO - Processing /opt/airflow/dags/training_pipeline_dag.py took 1.867 seconds
[2026-08-09T17:26:36.241+0000] {processor.py:161} INFO - Started process (PID=1037) to work on /opt/airflow/dags/training_pipeline_dag.py
[2026-08-09T17:26:36.244+0000] {processor.py:830} INFO - Processing file /opt/airflow/dags/training_pipeline_dag.py for tasks to queue
[2026-08-09T17:26:36.247+0000] {logging_mixin.py:188} INFO - [2026-08-09T17:26:36.246+0000] {dagbag.py:545} INFO - Filling up the DagBag from /opt/airflow/dags/training_pipeline_dag.py
[2026-08-09T17:26:37.889+0000] {processor.py:840} INFO - DAG(s) 'training_pipeline' retrieved from /opt/airflow/dags/training_pipeline_dag.py
[2026-08-09T17:26:37.939+0000] {logging_mixin.py:188} INFO - [2026-08-09T17:26:37.939+0000] {dag.py:3089} INFO - Sync 1 DAGs
[2026-08-09T17:26:37.975+0000] {logging_mixin.py:188} INFO - [2026-08-09T17:26:37.975+0000] {dag.py:3947} INFO - Setting next_dagrun for training_pipeline to 2026-08-09 00:00:00+00:00, run_after=2026-08-10 00:00:00+00:00
[2026-08-09T17:26:38.011+0000] {processor.py:183} INFO - Processing /opt/airflow/dags/training_pipeline_dag.py took 1.789 seconds
[2026-08-09T17:27:08.348+0000] {processor.py:161} INFO - Started process (PID=1068) to work on /opt/airflow/dags/training_pipeline_dag.py
[2026-08-09T17:27:08.351+0000] {processor.py:830} INFO - Processing file /opt/airflow/dags/training_pipeline_dag.py for tasks to queue
[2026-08-09T17:27:08.353+0000] {logging_mixin.py:188} INFO - [2026-08-09T17:27:08.352+0000] {dagbag.py:545} INFO - Filling up the DagBag from /opt/airflow/dags/training_pipeline_dag.py
[2026-08-09T17:27:09.611+0000] {processor.py:840} INFO - DAG(s) 'training_pipeline' retrieved from /opt/airflow/dags/training_pipeline_dag.py
[2026-08-09T17:27:10.092+0000] {logging_mixin.py:188} INFO - [2026-08-09T17:27:09.668+0000] {dag.py:3089} INFO - Sync 1 DAGs
[2026-08-09T17:27:10.132+0000] {logging_mixin.py:188} INFO - [2026-08-09T17:27:10.132+0000] {dag.py:3947} INFO - Setting next_dagrun for training_pipeline to 2026-08-09 00:00:00+00:00, run_after=2026-08-10 00:00:00+00:00
[2026-08-09T17:27:10.172+0000] {processor.py:183} INFO - Processing /opt/airflow/dags/training_pipeline_dag.py took 1.839 seconds
[2026-08-09T17:27:40.849+0000] {processor.py:161} INFO - Started process (PID=1099) to work on /opt/airflow/dags/training_pipeline_dag.py
[2026-08-09T17:27:40.852+0000] {processor.py:830} INFO - Processing file /opt/airflow/dags/training_pipeline_dag.py for tasks to queue
[2026-08-09T17:27:40.854+0000] {logging_mixin.py:188} INFO - [2026-08-09T17:27:40.853+0000] {dagbag.py:545} INFO - Filling up the DagBag from /opt/airflow/dags/training_pipeline_dag.py
[2026-08-09T17:27:42.182+0000] {processor.py:840} INFO - DAG(s) 'training_pipeline' retrieved from /opt/airflow/dags/training_pipeline_dag.py
[2026-08-09T17:27:42.511+0000] {logging_mixin.py:188} INFO - [2026-08-09T17:27:42.510+0000] {dag.py:3089} INFO - Sync 1 DAGs
[2026-08-09T17:27:42.543+0000] {logging_mixin.py:188} INFO - [2026-08-09T17:27:42.543+0000] {dag.py:3947} INFO - Setting next_dagrun for training_pipeline to 2026-08-09 00:00:00+00:00, run_after=2026-08-10 00:00:00+00:00
[2026-08-09T17:27:42.575+0000] {processor.py:183} INFO - Processing /opt/airflow/dags/training_pipeline_dag.py took 1.741 seconds
[2026-08-09T17:28:13.161+0000] {processor.py:161} INFO - Started process (PID=1127) to work on /opt/airflow/dags/training_pipeline_dag.py
[2026-08-09T17:28:13.163+0000] {processor.py:830} INFO - Processing file /opt/airflow/dags/training_pipeline_dag.py for tasks to queue
[2026-08-09T17:28:13.166+0000] {logging_mixin.py:188} INFO - [2026-08-09T17:28:13.165+0000] {dagbag.py:545} INFO - Filling up the DagBag from /opt/airflow/dags/training_pipeline_dag.py
[2026-08-09T17:28:14.883+0000] {processor.py:840} INFO - DAG(s) 'training_pipeline' retrieved from /opt/airflow/dags/training_pipeline_dag.py
[2026-08-09T17:28:14.931+0000] {logging_mixin.py:188} INFO - [2026-08-09T17:28:14.930+0000] {dag.py:3089} INFO - Sync 1 DAGs
[2026-08-09T17:28:14.970+0000] {logging_mixin.py:188} INFO - [2026-08-09T17:28:14.970+0000] {dag.py:3947} INFO - Setting next_dagrun for training_pipeline to 2026-08-09 00:00:00+00:00, run_after=2026-08-10 00:00:00+00:00
[2026-08-09T17:28:15.006+0000] {processor.py:183} INFO - Processing /opt/airflow/dags/training_pipeline_dag.py took 1.861 seconds
[2026-08-09T17:28:45.714+0000] {processor.py:161} INFO - Started process (PID=1142) to work on /opt/airflow/dags/training_pipeline_dag.py
[2026-08-09T17:28:45.716+0000] {processor.py:830} INFO - Processing file /opt/airflow/dags/training_pipeline_dag.py for tasks to queue
[2026-08-09T17:28:45.718+0000] {logging_mixin.py:188} INFO - [2026-08-09T17:28:45.718+0000] {dagbag.py:545} INFO - Filling up the DagBag from /opt/airflow/dags/training_pipeline_dag.py
[2026-08-09T17:28:47.454+0000] {processor.py:840} INFO - DAG(s) 'training_pipeline' retrieved from /opt/airflow/dags/training_pipeline_dag.py
[2026-08-09T17:28:47.505+0000] {logging_mixin.py:188} INFO - [2026-08-09T17:28:47.505+0000] {dag.py:3089} INFO - Sync 1 DAGs
[2026-08-09T17:28:47.544+0000] {logging_mixin.py:188} INFO - [2026-08-09T17:28:47.543+0000] {dag.py:3947} INFO - Setting next_dagrun for training_pipeline to 2026-08-09 00:00:00+00:00, run_after=2026-08-10 00:00:00+00:00
[2026-08-09T17:28:47.577+0000] {processor.py:183} INFO - Processing /opt/airflow/dags/training_pipeline_dag.py took 1.886 seconds
[2026-08-09T17:29:18.367+0000] {processor.py:161} INFO - Started process (PID=1173) to work on /opt/airflow/dags/training_pipeline_dag.py
[2026-08-09T17:29:18.369+0000] {processor.py:830} INFO - Processing file /opt/airflow/dags/training_pipeline_dag.py for tasks to queue
[2026-08-09T17:29:18.372+0000] {logging_mixin.py:188} INFO - [2026-08-09T17:29:18.371+0000] {dagbag.py:545} INFO - Filling up the DagBag from /opt/airflow/dags/training_pipeline_dag.py
[2026-08-09T17:29:20.144+0000] {processor.py:840} INFO - DAG(s) 'training_pipeline' retrieved from /opt/airflow/dags/training_pipeline_dag.py
[2026-08-09T17:29:20.196+0000] {logging_mixin.py:188} INFO - [2026-08-09T17:29:20.195+0000] {dag.py:3089} INFO - Sync 1 DAGs
[2026-08-09T17:29:20.236+0000] {logging_mixin.py:188} INFO - [2026-08-09T17:29:20.235+0000] {dag.py:3947} INFO - Setting next_dagrun for training_pipeline to 2026-08-09 00:00:00+00:00, run_after=2026-08-10 00:00:00+00:00
[2026-08-09T17:29:20.272+0000] {processor.py:183} INFO - Processing /opt/airflow/dags/training_pipeline_dag.py took 1.923 seconds
[2026-08-09T17:29:50.807+0000] {processor.py:161} INFO - Started process (PID=1204) to work on /opt/airflow/dags/training_pipeline_dag.py
[2026-08-09T17:29:50.809+0000] {processor.py:830} INFO - Processing file /opt/airflow/dags/training_pipeline_dag.py for tasks to queue
[2026-08-09T17:29:50.812+0000] {logging_mixin.py:188} INFO - [2026-08-09T17:29:50.811+0000] {dagbag.py:545} INFO - Filling up the DagBag from /opt/airflow/dags/training_pipeline_dag.py
[2026-08-09T17:29:52.552+0000] {processor.py:840} INFO - DAG(s) 'training_pipeline' retrieved from /opt/airflow/dags/training_pipeline_dag.py
[2026-08-09T17:29:52.595+0000] {logging_mixin.py:188} INFO - [2026-08-09T17:29:52.594+0000] {dag.py:3089} INFO - Sync 1 DAGs
[2026-08-09T17:29:52.628+0000] {logging_mixin.py:188} INFO - [2026-08-09T17:29:52.628+0000] {dag.py:3947} INFO - Setting next_dagrun for training_pipeline to 2026-08-09 00:00:00+00:00, run_after=2026-08-10 00:00:00+00:00
[2026-08-09T17:29:52.660+0000] {processor.py:183} INFO - Processing /opt/airflow/dags/training_pipeline_dag.py took 1.873 seconds
[2026-08-09T17:30:23.038+0000] {processor.py:161} INFO - Started process (PID=1235) to work on /opt/airflow/dags/training_pipeline_dag.py
[2026-08-09T17:30:23.040+0000] {processor.py:830} INFO - Processing file /opt/airflow/dags/training_pipeline_dag.py for tasks to queue
[2026-08-09T17:30:23.043+0000] {logging_mixin.py:188} INFO - [2026-08-09T17:30:23.042+0000] {dagbag.py:545} INFO - Filling up the DagBag from /opt/airflow/dags/training_pipeline_dag.py
[2026-08-09T17:30:24.368+0000] {processor.py:840} INFO - DAG(s) 'training_pipeline' retrieved from /opt/airflow/dags/training_pipeline_dag.py
[2026-08-09T17:30:24.820+0000] {logging_mixin.py:188} INFO - [2026-08-09T17:30:24.819+0000] {dag.py:3089} INFO - Sync 1 DAGs
[2026-08-09T17:30:24.857+0000] {logging_mixin.py:188} INFO - [2026-08-09T17:30:24.857+0000] {dag.py:3947} INFO - Setting next_dagrun for training_pipeline to 2026-08-09 00:00:00+00:00, run_after=2026-08-10 00:00:00+00:00
[2026-08-09T17:30:24.894+0000] {processor.py:183} INFO - Processing /opt/airflow/dags/training_pipeline_dag.py took 1.877 seconds
[2026-08-09T17:30:55.419+0000] {processor.py:161} INFO - Started process (PID=1266) to work on /opt/airflow/dags/training_pipeline_dag.py
[2026-08-09T17:30:55.422+0000] {processor.py:830} INFO - Processing file /opt/airflow/dags/training_pipeline_dag.py for tasks to queue
[2026-08-09T17:30:55.424+0000] {logging_mixin.py:188} INFO - [2026-08-09T17:30:55.423+0000] {dagbag.py:545} INFO - Filling up the DagBag from /opt/airflow/dags/training_pipeline_dag.py
[2026-08-09T17:30:56.680+0000] {processor.py:840} INFO - DAG(s) 'training_pipeline' retrieved from /opt/airflow/dags/training_pipeline_dag.py
[2026-08-09T17:30:57.096+0000] {logging_mixin.py:188} INFO - [2026-08-09T17:30:57.095+0000] {dag.py:3089} INFO - Sync 1 DAGs
[2026-08-09T17:30:57.149+0000] {logging_mixin.py:188} INFO - [2026-08-09T17:30:57.148+0000] {dag.py:3947} INFO - Setting next_dagrun for training_pipeline to 2026-08-09 00:00:00+00:00, run_after=2026-08-10 00:00:00+00:00
[2026-08-09T17:30:57.208+0000] {processor.py:183} INFO - Processing /opt/airflow/dags/training_pipeline_dag.py took 1.805 seconds
[2026-08-09T17:31:27.758+0000] {processor.py:161} INFO - Started process (PID=1294) to work on /opt/airflow/dags/training_pipeline_dag.py
[2026-08-09T17:31:27.761+0000] {processor.py:830} INFO - Processing file /opt/airflow/dags/training_pipeline_dag.py for tasks to queue
[2026-08-09T17:31:27.763+0000] {logging_mixin.py:188} INFO - [2026-08-09T17:31:27.762+0000] {dagbag.py:545} INFO - Filling up the DagBag from /opt/airflow/dags/training_pipeline_dag.py
[2026-08-09T17:31:29.377+0000] {processor.py:840} INFO - DAG(s) 'training_pipeline' retrieved from /opt/airflow/dags/training_pipeline_dag.py
[2026-08-09T17:31:29.424+0000] {logging_mixin.py:188} INFO - [2026-08-09T17:31:29.423+0000] {dag.py:3089} INFO - Sync 1 DAGs
[2026-08-09T17:31:29.460+0000] {logging_mixin.py:188} INFO - [2026-08-09T17:31:29.459+0000] {dag.py:3947} INFO - Setting next_dagrun for training_pipeline to 2026-08-09 00:00:00+00:00, run_after=2026-08-10 00:00:00+00:00
[2026-08-09T17:31:29.494+0000] {processor.py:183} INFO - Processing /opt/airflow/dags/training_pipeline_dag.py took 1.752 seconds
[2026-08-09T17:32:00.189+0000] {processor.py:161} INFO - Started process (PID=1309) to work on /opt/airflow/dags/training_pipeline_dag.py
[2026-08-09T17:32:00.192+0000] {processor.py:830} INFO - Processing file /opt/airflow/dags/training_pipeline_dag.py for tasks to queue
[2026-08-09T17:32:00.194+0000] {logging_mixin.py:188} INFO - [2026-08-09T17:32:00.193+0000] {dagbag.py:545} INFO - Filling up the DagBag from /opt/airflow/dags/training_pipeline_dag.py
[2026-08-09T17:32:01.845+0000] {processor.py:840} INFO - DAG(s) 'training_pipeline' retrieved from /opt/airflow/dags/training_pipeline_dag.py
[2026-08-09T17:32:01.892+0000] {logging_mixin.py:188} INFO - [2026-08-09T17:32:01.892+0000] {dag.py:3089} INFO - Sync 1 DAGs
[2026-08-09T17:32:01.926+0000] {logging_mixin.py:188} INFO - [2026-08-09T17:32:01.926+0000] {dag.py:3947} INFO - Setting next_dagrun for training_pipeline to 2026-08-09 00:00:00+00:00, run_after=2026-08-10 00:00:00+00:00
[2026-08-09T17:32:01.964+0000] {processor.py:183} INFO - Processing /opt/airflow/dags/training_pipeline_dag.py took 1.793 seconds
[2026-08-09T17:32:32.359+0000] {processor.py:161} INFO - Started process (PID=1340) to work on /opt/airflow/dags/training_pipeline_dag.py
[2026-08-09T17:32:32.362+0000] {processor.py:830} INFO - Processing file /opt/airflow/dags/training_pipeline_dag.py for tasks to queue
[2026-08-09T17:32:32.364+0000] {logging_mixin.py:188} INFO - [2026-08-09T17:32:32.363+0000] {dagbag.py:545} INFO - Filling up the DagBag from /opt/airflow/dags/training_pipeline_dag.py
[2026-08-09T17:32:33.913+0000] {processor.py:840} INFO - DAG(s) 'training_pipeline' retrieved from /opt/airflow/dags/training_pipeline_dag.py
[2026-08-09T17:32:33.962+0000] {logging_mixin.py:188} INFO - [2026-08-09T17:32:33.961+0000] {dag.py:3089} INFO - Sync 1 DAGs
[2026-08-09T17:32:34.001+0000] {logging_mixin.py:188} INFO - [2026-08-09T17:32:34.000+0000] {dag.py:3947} INFO - Setting next_dagrun for training_pipeline to 2026-08-09 00:00:00+00:00, run_after=2026-08-10 00:00:00+00:00
[2026-08-09T17:32:34.039+0000] {processor.py:183} INFO - Processing /opt/airflow/dags/training_pipeline_dag.py took 1.700 seconds
[2026-08-09T17:33:05.068+0000] {processor.py:161} INFO - Started process (PID=1371) to work on /opt/airflow/dags/training_pipeline_dag.py
[2026-08-09T17:33:05.071+0000] {processor.py:830} INFO - Processing file /opt/airflow/dags/training_pipeline_dag.py for tasks to queue
[2026-08-09T17:33:05.073+0000] {logging_mixin.py:188} INFO - [2026-08-09T17:33:05.072+0000] {dagbag.py:545} INFO - Filling up the DagBag from /opt/airflow/dags/training_pipeline_dag.py
[2026-08-09T17:33:06.778+0000] {processor.py:840} INFO - DAG(s) 'training_pipeline' retrieved from /opt/airflow/dags/training_pipeline_dag.py
[2026-08-09T17:33:06.829+0000] {logging_mixin.py:188} INFO - [2026-08-09T17:33:06.826+0000] {dag.py:3089} INFO - Sync 1 DAGs
[2026-08-09T17:33:06.874+0000] {logging_mixin.py:188} INFO - [2026-08-09T17:33:06.873+0000] {dag.py:3947} INFO - Setting next_dagrun for training_pipeline to 2026-08-09 00:00:00+00:00, run_after=2026-08-10 00:00:00+00:00
[2026-08-09T17:33:06.915+0000] {processor.py:183} INFO - Processing /opt/airflow/dags/training_pipeline_dag.py took 1.864 seconds
[2026-08-09T17:33:37.423+0000] {processor.py:161} INFO - Started process (PID=1402) to work on /opt/airflow/dags/training_pipeline_dag.py
[2026-08-09T17:33:37.425+0000] {processor.py:830} INFO - Processing file /opt/airflow/dags/training_pipeline_dag.py for tasks to queue
[2026-08-09T17:33:37.428+0000] {logging_mixin.py:188} INFO - [2026-08-09T17:33:37.427+0000] {dagbag.py:545} INFO - Filling up the DagBag from /opt/airflow/dags/training_pipeline_dag.py
[2026-08-09T17:33:38.784+0000] {processor.py:840} INFO - DAG(s) 'training_pipeline' retrieved from /opt/airflow/dags/training_pipeline_dag.py
[2026-08-09T17:33:39.194+0000] {logging_mixin.py:188} INFO - [2026-08-09T17:33:39.192+0000] {dag.py:3089} INFO - Sync 1 DAGs
[2026-08-09T17:33:39.242+0000] {logging_mixin.py:188} INFO - [2026-08-09T17:33:39.242+0000] {dag.py:3947} INFO - Setting next_dagrun for training_pipeline to 2026-08-09 00:00:00+00:00, run_after=2026-08-10 00:00:00+00:00
[2026-08-09T17:33:39.287+0000] {processor.py:183} INFO - Processing /opt/airflow/dags/training_pipeline_dag.py took 1.882 seconds
[2026-08-09T17:34:09.916+0000] {processor.py:161} INFO - Started process (PID=1430) to work on /opt/airflow/dags/training_pipeline_dag.py
[2026-08-09T17:34:09.919+0000] {processor.py:830} INFO - Processing file /opt/airflow/dags/training_pipeline_dag.py for tasks to queue
[2026-08-09T17:34:09.921+0000] {logging_mixin.py:188} INFO - [2026-08-09T17:34:09.920+0000] {dagbag.py:545} INFO - Filling up the DagBag from /opt/airflow/dags/training_pipeline_dag.py
[2026-08-09T17:34:11.748+0000] {processor.py:840} INFO - DAG(s) 'training_pipeline' retrieved from /opt/airflow/dags/training_pipeline_dag.py
[2026-08-09T17:34:11.802+0000] {logging_mixin.py:188} INFO - [2026-08-09T17:34:11.800+0000] {dag.py:3089} INFO - Sync 1 DAGs
[2026-08-09T17:34:11.847+0000] {logging_mixin.py:188} INFO - [2026-08-09T17:34:11.846+0000] {dag.py:3947} INFO - Setting next_dagrun for training_pipeline to 2026-08-09 00:00:00+00:00, run_after=2026-08-10 00:00:00+00:00
[2026-08-09T17:34:11.939+0000] {processor.py:183} INFO - Processing /opt/airflow/dags/training_pipeline_dag.py took 2.039 seconds
[2026-08-09T17:34:42.376+0000] {processor.py:161} INFO - Started process (PID=1448) to work on /opt/airflow/dags/training_pipeline_dag.py
[2026-08-09T17:34:42.378+0000] {processor.py:830} INFO - Processing file /opt/airflow/dags/training_pipeline_dag.py for tasks to queue
[2026-08-09T17:34:42.381+0000] {logging_mixin.py:188} INFO - [2026-08-09T17:34:42.380+0000] {dagbag.py:545} INFO - Filling up the DagBag from /opt/airflow/dags/training_pipeline_dag.py
[2026-08-09T17:34:44.139+0000] {processor.py:840} INFO - DAG(s) 'training_pipeline' retrieved from /opt/airflow/dags/training_pipeline_dag.py
[2026-08-09T17:34:44.190+0000] {logging_mixin.py:188} INFO - [2026-08-09T17:34:44.189+0000] {dag.py:3089} INFO - Sync 1 DAGs
[2026-08-09T17:34:44.229+0000] {logging_mixin.py:188} INFO - [2026-08-09T17:34:44.229+0000] {dag.py:3947} INFO - Setting next_dagrun for training_pipeline to 2026-08-09 00:00:00+00:00, run_after=2026-08-10 00:00:00+00:00
[2026-08-09T17:34:44.269+0000] {processor.py:183} INFO - Processing /opt/airflow/dags/training_pipeline_dag.py took 1.910 seconds
[2026-08-09T17:35:14.788+0000] {processor.py:161} INFO - Started process (PID=1476) to work on /opt/airflow/dags/training_pipeline_dag.py
[2026-08-09T17:35:14.790+0000] {processor.py:830} INFO - Processing file /opt/airflow/dags/training_pipeline_dag.py for tasks to queue
[2026-08-09T17:35:14.792+0000] {logging_mixin.py:188} INFO - [2026-08-09T17:35:14.792+0000] {dagbag.py:545} INFO - Filling up the DagBag from /opt/airflow/dags/training_pipeline_dag.py
[2026-08-09T17:35:16.438+0000] {processor.py:840} INFO - DAG(s) 'training_pipeline' retrieved from /opt/airflow/dags/training_pipeline_dag.py
[2026-08-09T17:35:16.490+0000] {logging_mixin.py:188} INFO - [2026-08-09T17:35:16.488+0000] {dag.py:3089} INFO - Sync 1 DAGs
[2026-08-09T17:35:16.532+0000] {logging_mixin.py:188} INFO - [2026-08-09T17:35:16.532+0000] {dag.py:3947} INFO - Setting next_dagrun for training_pipeline to 2026-08-09 00:00:00+00:00, run_after=2026-08-10 00:00:00+00:00
[2026-08-09T17:35:16.570+0000] {processor.py:183} INFO - Processing /opt/airflow/dags/training_pipeline_dag.py took 1.800 seconds
[2026-08-09T17:35:47.031+0000] {processor.py:161} INFO - Started process (PID=1507) to work on /opt/airflow/dags/training_pipeline_dag.py
[2026-08-09T17:35:47.034+0000] {processor.py:830} INFO - Processing file /opt/airflow/dags/training_pipeline_dag.py for tasks to queue
[2026-08-09T17:35:47.036+0000] {logging_mixin.py:188} INFO - [2026-08-09T17:35:47.035+0000] {dagbag.py:545} INFO - Filling up the DagBag from /opt/airflow/dags/training_pipeline_dag.py
[2026-08-09T17:35:48.649+0000] {processor.py:840} INFO - DAG(s) 'training_pipeline' retrieved from /opt/airflow/dags/training_pipeline_dag.py
[2026-08-09T17:35:48.698+0000] {logging_mixin.py:188} INFO - [2026-08-09T17:35:48.697+0000] {dag.py:3089} INFO - Sync 1 DAGs
[2026-08-09T17:35:48.738+0000] {logging_mixin.py:188} INFO - [2026-08-09T17:35:48.737+0000] {dag.py:3947} INFO - Setting next_dagrun for training_pipeline to 2026-08-09 00:00:00+00:00, run_after=2026-08-10 00:00:00+00:00
[2026-08-09T17:35:48.780+0000] {processor.py:183} INFO - Processing /opt/airflow/dags/training_pipeline_dag.py took 1.768 seconds
[2026-08-09T17:36:19.419+0000] {processor.py:161} INFO - Started process (PID=1538) to work on /opt/airflow/dags/training_pipeline_dag.py
[2026-08-09T17:36:19.421+0000] {processor.py:830} INFO - Processing file /opt/airflow/dags/training_pipeline_dag.py for tasks to queue
[2026-08-09T17:36:19.424+0000] {logging_mixin.py:188} INFO - [2026-08-09T17:36:19.423+0000] {dagbag.py:545} INFO - Filling up the DagBag from /opt/airflow/dags/training_pipeline_dag.py
[2026-08-09T17:36:20.964+0000] {processor.py:840} INFO - DAG(s) 'training_pipeline' retrieved from /opt/airflow/dags/training_pipeline_dag.py
[2026-08-09T17:36:21.016+0000] {logging_mixin.py:188} INFO - [2026-08-09T17:36:21.015+0000] {dag.py:3089} INFO - Sync 1 DAGs
[2026-08-09T17:36:21.053+0000] {logging_mixin.py:188} INFO - [2026-08-09T17:36:21.053+0000] {dag.py:3947} INFO - Setting next_dagrun for training_pipeline to 2026-08-09 00:00:00+00:00, run_after=2026-08-10 00:00:00+00:00
[2026-08-09T17:36:21.088+0000] {processor.py:183} INFO - Processing /opt/airflow/dags/training_pipeline_dag.py took 1.771 seconds
[2026-08-09T17:36:51.692+0000] {processor.py:161} INFO - Started process (PID=1569) to work on /opt/airflow/dags/training_pipeline_dag.py
[2026-08-09T17:36:51.695+0000] {processor.py:830} INFO - Processing file /opt/airflow/dags/training_pipeline_dag.py for tasks to queue
[2026-08-09T17:36:51.697+0000] {logging_mixin.py:188} INFO - [2026-08-09T17:36:51.696+0000] {dagbag.py:545} INFO - Filling up the DagBag from /opt/airflow/dags/training_pipeline_dag.py
[2026-08-09T17:36:52.897+0000] {processor.py:840} INFO - DAG(s) 'training_pipeline' retrieved from /opt/airflow/dags/training_pipeline_dag.py
[2026-08-09T17:36:53.201+0000] {logging_mixin.py:188} INFO - [2026-08-09T17:36:53.201+0000] {dag.py:3089} INFO - Sync 1 DAGs
[2026-08-09T17:36:53.234+0000] {logging_mixin.py:188} INFO - [2026-08-09T17:36:53.233+0000] {dag.py:3947} INFO - Setting next_dagrun for training_pipeline to 2026-08-09 00:00:00+00:00, run_after=2026-08-10 00:00:00+00:00
[2026-08-09T17:36:53.266+0000] {processor.py:183} INFO - Processing /opt/airflow/dags/training_pipeline_dag.py took 1.591 seconds
[2026-08-09T17:37:23.850+0000] {processor.py:161} INFO - Started process (PID=1597) to work on /opt/airflow/dags/training_pipeline_dag.py
[2026-08-09T17:37:23.853+0000] {processor.py:830} INFO - Processing file /opt/airflow/dags/training_pipeline_dag.py for tasks to queue
[2026-08-09T17:37:23.855+0000] {logging_mixin.py:188} INFO - [2026-08-09T17:37:23.854+0000] {dagbag.py:545} INFO - Filling up the DagBag from /opt/airflow/dags/training_pipeline_dag.py
[2026-08-09T17:37:25.585+0000] {processor.py:840} INFO - DAG(s) 'training_pipeline' retrieved from /opt/airflow/dags/training_pipeline_dag.py
[2026-08-09T17:37:25.644+0000] {logging_mixin.py:188} INFO - [2026-08-09T17:37:25.643+0000] {dag.py:3089} INFO - Sync 1 DAGs
[2026-08-09T17:37:25.698+0000] {logging_mixin.py:188} INFO - [2026-08-09T17:37:25.697+0000] {dag.py:3947} INFO - Setting next_dagrun for training_pipeline to 2026-08-09 00:00:00+00:00, run_after=2026-08-10 00:00:00+00:00
[2026-08-09T17:37:25.736+0000] {processor.py:183} INFO - Processing /opt/airflow/dags/training_pipeline_dag.py took 1.907 seconds
[2026-08-09T17:37:56.740+0000] {processor.py:161} INFO - Started process (PID=1612) to work on /opt/airflow/dags/training_pipeline_dag.py
[2026-08-09T17:37:56.742+0000] {processor.py:830} INFO - Processing file /opt/airflow/dags/training_pipeline_dag.py for tasks to queue
[2026-08-09T17:37:56.744+0000] {logging_mixin.py:188} INFO - [2026-08-09T17:37:56.744+0000] {dagbag.py:545} INFO - Filling up the DagBag from /opt/airflow/dags/training_pipeline_dag.py
[2026-08-09T17:37:58.449+0000] {processor.py:840} INFO - DAG(s) 'training_pipeline' retrieved from /opt/airflow/dags/training_pipeline_dag.py
[2026-08-09T17:37:58.500+0000] {logging_mixin.py:188} INFO - [2026-08-09T17:37:58.500+0000] {dag.py:3089} INFO - Sync 1 DAGs
[2026-08-09T17:37:58.543+0000] {logging_mixin.py:188} INFO - [2026-08-09T17:37:58.543+0000] {dag.py:3947} INFO - Setting next_dagrun for training_pipeline to 2026-08-09 00:00:00+00:00, run_after=2026-08-10 00:00:00+00:00
[2026-08-09T17:37:58.581+0000] {processor.py:183} INFO - Processing /opt/airflow/dags/training_pipeline_dag.py took 1.857 seconds
[2026-08-09T17:38:29.166+0000] {processor.py:161} INFO - Started process (PID=1643) to work on /opt/airflow/dags/training_pipeline_dag.py
[2026-08-09T17:38:29.168+0000] {processor.py:830} INFO - Processing file /opt/airflow/dags/training_pipeline_dag.py for tasks to queue
[2026-08-09T17:38:29.170+0000] {logging_mixin.py:188} INFO - [2026-08-09T17:38:29.169+0000] {dagbag.py:545} INFO - Filling up the DagBag from /opt/airflow/dags/training_pipeline_dag.py
[2026-08-09T17:38:30.804+0000] {processor.py:840} INFO - DAG(s) 'training_pipeline' retrieved from /opt/airflow/dags/training_pipeline_dag.py
[2026-08-09T17:38:30.860+0000] {logging_mixin.py:188} INFO - [2026-08-09T17:38:30.858+0000] {dag.py:3089} INFO - Sync 1 DAGs
[2026-08-09T17:38:30.906+0000] {logging_mixin.py:188} INFO - [2026-08-09T17:38:30.905+0000] {dag.py:3947} INFO - Setting next_dagrun for training_pipeline to 2026-08-09 00:00:00+00:00, run_after=2026-08-10 00:00:00+00:00
[2026-08-09T17:38:30.945+0000] {processor.py:183} INFO - Processing /opt/airflow/dags/training_pipeline_dag.py took 1.795 seconds
[2026-08-09T17:39:01.509+0000] {processor.py:161} INFO - Started process (PID=1674) to work on /opt/airflow/dags/training_pipeline_dag.py
[2026-08-09T17:39:01.984+0000] {processor.py:830} INFO - Processing file /opt/airflow/dags/training_pipeline_dag.py for tasks to queue
[2026-08-09T17:39:01.991+0000] {logging_mixin.py:188} INFO - [2026-08-09T17:39:01.988+0000] {dagbag.py:545} INFO - Filling up the DagBag from /opt/airflow/dags/training_pipeline_dag.py
[2026-08-09T17:39:03.735+0000] {processor.py:840} INFO - DAG(s) 'training_pipeline' retrieved from /opt/airflow/dags/training_pipeline_dag.py
[2026-08-09T17:39:03.793+0000] {logging_mixin.py:188} INFO - [2026-08-09T17:39:03.792+0000] {dag.py:3089} INFO - Sync 1 DAGs
[2026-08-09T17:39:03.833+0000] {logging_mixin.py:188} INFO - [2026-08-09T17:39:03.833+0000] {dag.py:3947} INFO - Setting next_dagrun for training_pipeline to 2026-08-09 00:00:00+00:00, run_after=2026-08-10 00:00:00+00:00
[2026-08-09T17:39:03.876+0000] {processor.py:183} INFO - Processing /opt/airflow/dags/training_pipeline_dag.py took 2.392 seconds
[2026-08-09T17:39:34.098+0000] {processor.py:161} INFO - Started process (PID=1705) to work on /opt/airflow/dags/training_pipeline_dag.py
[2026-08-09T17:39:34.101+0000] {processor.py:830} INFO - Processing file /opt/airflow/dags/training_pipeline_dag.py for tasks to queue
[2026-08-09T17:39:34.103+0000] {logging_mixin.py:188} INFO - [2026-08-09T17:39:34.102+0000] {dagbag.py:545} INFO - Filling up the DagBag from /opt/airflow/dags/training_pipeline_dag.py
[2026-08-09T17:39:35.536+0000] {processor.py:840} INFO - DAG(s) 'training_pipeline' retrieved from /opt/airflow/dags/training_pipeline_dag.py
[2026-08-09T17:39:35.907+0000] {logging_mixin.py:188} INFO - [2026-08-09T17:39:35.901+0000] {dag.py:3089} INFO - Sync 1 DAGs
[2026-08-09T17:39:35.954+0000] {logging_mixin.py:188} INFO - [2026-08-09T17:39:35.953+0000] {dag.py:3947} INFO - Setting next_dagrun for training_pipeline to 2026-08-09 00:00:00+00:00, run_after=2026-08-10 00:00:00+00:00
[2026-08-09T17:39:36.012+0000] {processor.py:183} INFO - Processing /opt/airflow/dags/training_pipeline_dag.py took 1.933 seconds
[2026-08-09T17:40:06.468+0000] {processor.py:161} INFO - Started process (PID=1734) to work on /opt/airflow/dags/training_pipeline_dag.py
[2026-08-09T17:40:06.470+0000] {processor.py:830} INFO - Processing file /opt/airflow/dags/training_pipeline_dag.py for tasks to queue
[2026-08-09T17:40:06.476+0000] {logging_mixin.py:188} INFO - [2026-08-09T17:40:06.475+0000] {dagbag.py:545} INFO - Filling up the DagBag from /opt/airflow/dags/training_pipeline_dag.py
[2026-08-09T17:40:08.359+0000] {processor.py:840} INFO - DAG(s) 'training_pipeline' retrieved from /opt/airflow/dags/training_pipeline_dag.py
[2026-08-09T17:40:08.408+0000] {logging_mixin.py:188} INFO - [2026-08-09T17:40:08.407+0000] {dag.py:3089} INFO - Sync 1 DAGs
[2026-08-09T17:40:08.442+0000] {logging_mixin.py:188} INFO - [2026-08-09T17:40:08.441+0000] {dag.py:3947} INFO - Setting next_dagrun for training_pipeline to 2026-08-09 00:00:00+00:00, run_after=2026-08-10 00:00:00+00:00
[2026-08-09T17:40:08.480+0000] {processor.py:183} INFO - Processing /opt/airflow/dags/training_pipeline_dag.py took 2.031 seconds
[2026-08-09T17:40:38.973+0000] {processor.py:161} INFO - Started process (PID=1751) to work on /opt/airflow/dags/training_pipeline_dag.py
[2026-08-09T17:40:38.975+0000] {processor.py:830} INFO - Processing file /opt/airflow/dags/training_pipeline_dag.py for tasks to queue
[2026-08-09T17:40:38.978+0000] {logging_mixin.py:188} INFO - [2026-08-09T17:40:38.977+0000] {dagbag.py:545} INFO - Filling up the DagBag from /opt/airflow/dags/training_pipeline_dag.py
[2026-08-09T17:40:40.791+0000] {processor.py:840} INFO - DAG(s) 'training_pipeline' retrieved from /opt/airflow/dags/training_pipeline_dag.py
[2026-08-09T17:40:40.849+0000] {logging_mixin.py:188} INFO - [2026-08-09T17:40:40.848+0000] {dag.py:3089} INFO - Sync 1 DAGs
[2026-08-09T17:40:40.890+0000] {logging_mixin.py:188} INFO - [2026-08-09T17:40:40.889+0000] {dag.py:3947} INFO - Setting next_dagrun for training_pipeline to 2026-08-09 00:00:00+00:00, run_after=2026-08-10 00:00:00+00:00
[2026-08-09T17:40:40.929+0000] {processor.py:183} INFO - Processing /opt/airflow/dags/training_pipeline_dag.py took 1.980 seconds
[2026-08-09T17:41:11.351+0000] {processor.py:161} INFO - Started process (PID=1779) to work on /opt/airflow/dags/training_pipeline_dag.py
[2026-08-09T17:41:11.354+0000] {processor.py:830} INFO - Processing file /opt/airflow/dags/training_pipeline_dag.py for tasks to queue
[2026-08-09T17:41:11.356+0000] {logging_mixin.py:188} INFO - [2026-08-09T17:41:11.356+0000] {dagbag.py:545} INFO - Filling up the DagBag from /opt/airflow/dags/training_pipeline_dag.py
[2026-08-09T17:41:12.960+0000] {processor.py:840} INFO - DAG(s) 'training_pipeline' retrieved from /opt/airflow/dags/training_pipeline_dag.py
[2026-08-09T17:41:13.013+0000] {logging_mixin.py:188} INFO - [2026-08-09T17:41:13.012+0000] {dag.py:3089} INFO - Sync 1 DAGs
[2026-08-09T17:41:13.054+0000] {logging_mixin.py:188} INFO - [2026-08-09T17:41:13.053+0000] {dag.py:3947} INFO - Setting next_dagrun for training_pipeline to 2026-08-09 00:00:00+00:00, run_after=2026-08-10 00:00:00+00:00
[2026-08-09T17:41:13.090+0000] {processor.py:183} INFO - Processing /opt/airflow/dags/training_pipeline_dag.py took 1.755 seconds
[2026-08-09T17:41:43.494+0000] {processor.py:161} INFO - Started process (PID=1810) to work on /opt/airflow/dags/training_pipeline_dag.py
[2026-08-09T17:41:43.496+0000] {processor.py:830} INFO - Processing file /opt/airflow/dags/training_pipeline_dag.py for tasks to queue
[2026-08-09T17:41:43.498+0000] {logging_mixin.py:188} INFO - [2026-08-09T17:41:43.497+0000] {dagbag.py:545} INFO - Filling up the DagBag from /opt/airflow/dags/training_pipeline_dag.py
[2026-08-09T17:41:45.181+0000] {processor.py:840} INFO - DAG(s) 'training_pipeline' retrieved from /opt/airflow/dags/training_pipeline_dag.py
[2026-08-09T17:41:45.224+0000] {logging_mixin.py:188} INFO - [2026-08-09T17:41:45.224+0000] {dag.py:3089} INFO - Sync 1 DAGs
[2026-08-09T17:41:45.261+0000] {logging_mixin.py:188} INFO - [2026-08-09T17:41:45.260+0000] {dag.py:3947} INFO - Setting next_dagrun for training_pipeline to 2026-08-09 00:00:00+00:00, run_after=2026-08-10 00:00:00+00:00
[2026-08-09T17:41:45.299+0000] {processor.py:183} INFO - Processing /opt/airflow/dags/training_pipeline_dag.py took 1.825 seconds
[2026-08-09T17:42:15.836+0000] {processor.py:161} INFO - Started process (PID=1841) to work on /opt/airflow/dags/training_pipeline_dag.py
[2026-08-09T17:42:15.838+0000] {processor.py:830} INFO - Processing file /opt/airflow/dags/training_pipeline_dag.py for tasks to queue
[2026-08-09T17:42:15.841+0000] {logging_mixin.py:188} INFO - [2026-08-09T17:42:15.840+0000] {dagbag.py:545} INFO - Filling up the DagBag from /opt/airflow/dags/training_pipeline_dag.py
[2026-08-09T17:42:17.650+0000] {processor.py:840} INFO - DAG(s) 'training_pipeline' retrieved from /opt/airflow/dags/training_pipeline_dag.py
[2026-08-09T17:42:17.699+0000] {logging_mixin.py:188} INFO - [2026-08-09T17:42:17.696+0000] {dag.py:3089} INFO - Sync 1 DAGs
[2026-08-09T17:42:17.734+0000] {logging_mixin.py:188} INFO - [2026-08-09T17:42:17.733+0000] {dag.py:3947} INFO - Setting next_dagrun for training_pipeline to 2026-08-09 00:00:00+00:00, run_after=2026-08-10 00:00:00+00:00
[2026-08-09T17:42:17.776+0000] {processor.py:183} INFO - Processing /opt/airflow/dags/training_pipeline_dag.py took 1.959 seconds
[2026-08-09T17:42:47.976+0000] {processor.py:161} INFO - Started process (PID=1872) to work on /opt/airflow/dags/training_pipeline_dag.py
[2026-08-09T17:42:47.979+0000] {processor.py:830} INFO - Processing file /opt/airflow/dags/training_pipeline_dag.py for tasks to queue
[2026-08-09T17:42:47.982+0000] {logging_mixin.py:188} INFO - [2026-08-09T17:42:47.981+0000] {dagbag.py:545} INFO - Filling up the DagBag from /opt/airflow/dags/training_pipeline_dag.py
[2026-08-09T17:42:49.283+0000] {processor.py:840} INFO - DAG(s) 'training_pipeline' retrieved from /opt/airflow/dags/training_pipeline_dag.py
[2026-08-09T17:42:49.624+0000] {logging_mixin.py:188} INFO - [2026-08-09T17:42:49.623+0000] {dag.py:3089} INFO - Sync 1 DAGs
[2026-08-09T17:42:49.679+0000] {logging_mixin.py:188} INFO - [2026-08-09T17:42:49.679+0000] {dag.py:3947} INFO - Setting next_dagrun for training_pipeline to 2026-08-09 00:00:00+00:00, run_after=2026-08-10 00:00:00+00:00
[2026-08-09T17:42:49.716+0000] {processor.py:183} INFO - Processing /opt/airflow/dags/training_pipeline_dag.py took 1.762 seconds
[2026-08-09T17:43:20.651+0000] {processor.py:161} INFO - Started process (PID=1900) to work on /opt/airflow/dags/training_pipeline_dag.py
[2026-08-09T17:43:20.653+0000] {processor.py:830} INFO - Processing file /opt/airflow/dags/training_pipeline_dag.py for tasks to queue
[2026-08-09T17:43:20.655+0000] {logging_mixin.py:188} INFO - [2026-08-09T17:43:20.654+0000] {dagbag.py:545} INFO - Filling up the DagBag from /opt/airflow/dags/training_pipeline_dag.py
[2026-08-09T17:43:22.333+0000] {processor.py:840} INFO - DAG(s) 'training_pipeline' retrieved from /opt/airflow/dags/training_pipeline_dag.py
[2026-08-09T17:43:22.385+0000] {logging_mixin.py:188} INFO - [2026-08-09T17:43:22.384+0000] {dag.py:3089} INFO - Sync 1 DAGs
[2026-08-09T17:43:22.432+0000] {logging_mixin.py:188} INFO - [2026-08-09T17:43:22.432+0000] {dag.py:3947} INFO - Setting next_dagrun for training_pipeline to 2026-08-09 00:00:00+00:00, run_after=2026-08-10 00:00:00+00:00
[2026-08-09T17:43:22.481+0000] {processor.py:183} INFO - Processing /opt/airflow/dags/training_pipeline_dag.py took 1.848 seconds
[2026-08-09T17:43:53.053+0000] {processor.py:161} INFO - Started process (PID=1915) to work on /opt/airflow/dags/training_pipeline_dag.py
[2026-08-09T17:43:53.055+0000] {processor.py:830} INFO - Processing file /opt/airflow/dags/training_pipeline_dag.py for tasks to queue
[2026-08-09T17:43:53.058+0000] {logging_mixin.py:188} INFO - [2026-08-09T17:43:53.057+0000] {dagbag.py:545} INFO - Filling up the DagBag from /opt/airflow/dags/training_pipeline_dag.py
[2026-08-09T17:43:54.787+0000] {processor.py:840} INFO - DAG(s) 'training_pipeline' retrieved from /opt/airflow/dags/training_pipeline_dag.py
[2026-08-09T17:43:54.838+0000] {logging_mixin.py:188} INFO - [2026-08-09T17:43:54.838+0000] {dag.py:3089} INFO - Sync 1 DAGs
[2026-08-09T17:43:54.886+0000] {logging_mixin.py:188} INFO - [2026-08-09T17:43:54.886+0000] {dag.py:3947} INFO - Setting next_dagrun for training_pipeline to 2026-08-09 00:00:00+00:00, run_after=2026-08-10 00:00:00+00:00
[2026-08-09T17:43:54.935+0000] {processor.py:183} INFO - Processing /opt/airflow/dags/training_pipeline_dag.py took 1.898 seconds
[2026-08-09T17:44:25.136+0000] {processor.py:161} INFO - Started process (PID=1946) to work on /opt/airflow/dags/training_pipeline_dag.py
[2026-08-09T17:44:25.139+0000] {processor.py:830} INFO - Processing file /opt/airflow/dags/training_pipeline_dag.py for tasks to queue
[2026-08-09T17:44:25.142+0000] {logging_mixin.py:188} INFO - [2026-08-09T17:44:25.141+0000] {dagbag.py:545} INFO - Filling up the DagBag from /opt/airflow/dags/training_pipeline_dag.py
[2026-08-09T17:44:26.773+0000] {processor.py:840} INFO - DAG(s) 'training_pipeline' retrieved from /opt/airflow/dags/training_pipeline_dag.py
[2026-08-09T17:44:26.821+0000] {logging_mixin.py:188} INFO - [2026-08-09T17:44:26.820+0000] {dag.py:3089} INFO - Sync 1 DAGs
[2026-08-09T17:44:26.858+0000] {logging_mixin.py:188} INFO - [2026-08-09T17:44:26.858+0000] {dag.py:3947} INFO - Setting next_dagrun for training_pipeline to 2026-08-09 00:00:00+00:00, run_after=2026-08-10 00:00:00+00:00
[2026-08-09T17:44:26.890+0000] {processor.py:183} INFO - Processing /opt/airflow/dags/training_pipeline_dag.py took 1.774 seconds
[2026-08-09T17:44:57.419+0000] {processor.py:161} INFO - Started process (PID=1977) to work on /opt/airflow/dags/training_pipeline_dag.py
[2026-08-09T17:44:57.423+0000] {processor.py:830} INFO - Processing file /opt/airflow/dags/training_pipeline_dag.py for tasks to queue
[2026-08-09T17:44:57.425+0000] {logging_mixin.py:188} INFO - [2026-08-09T17:44:57.424+0000] {dagbag.py:545} INFO - Filling up the DagBag from /opt/airflow/dags/training_pipeline_dag.py
[2026-08-09T17:44:58.894+0000] {processor.py:840} INFO - DAG(s) 'training_pipeline' retrieved from /opt/airflow/dags/training_pipeline_dag.py
[2026-08-09T17:44:58.941+0000] {logging_mixin.py:188} INFO - [2026-08-09T17:44:58.939+0000] {dag.py:3089} INFO - Sync 1 DAGs
[2026-08-09T17:44:58.976+0000] {logging_mixin.py:188} INFO - [2026-08-09T17:44:58.976+0000] {dag.py:3947} INFO - Setting next_dagrun for training_pipeline to 2026-08-09 00:00:00+00:00, run_after=2026-08-10 00:00:00+00:00
[2026-08-09T17:44:59.010+0000] {processor.py:183} INFO - Processing /opt/airflow/dags/training_pipeline_dag.py took 1.618 seconds
[2026-08-09T17:45:29.369+0000] {processor.py:161} INFO - Started process (PID=2008) to work on /opt/airflow/dags/training_pipeline_dag.py
[2026-08-09T17:45:29.371+0000] {processor.py:830} INFO - Processing file /opt/airflow/dags/training_pipeline_dag.py for tasks to queue
[2026-08-09T17:45:29.374+0000] {logging_mixin.py:188} INFO - [2026-08-09T17:45:29.373+0000] {dagbag.py:545} INFO - Filling up the DagBag from /opt/airflow/dags/training_pipeline_dag.py
[2026-08-09T17:45:30.673+0000] {processor.py:840} INFO - DAG(s) 'training_pipeline' retrieved from /opt/airflow/dags/training_pipeline_dag.py
[2026-08-09T17:45:31.032+0000] {logging_mixin.py:188} INFO - [2026-08-09T17:45:31.031+0000] {dag.py:3089} INFO - Sync 1 DAGs
[2026-08-09T17:45:31.069+0000] {logging_mixin.py:188} INFO - [2026-08-09T17:45:31.068+0000] {dag.py:3947} INFO - Setting next_dagrun for training_pipeline to 2026-08-09 00:00:00+00:00, run_after=2026-08-10 00:00:00+00:00
[2026-08-09T17:45:31.101+0000] {processor.py:183} INFO - Processing /opt/airflow/dags/training_pipeline_dag.py took 1.748 seconds
[2026-08-09T17:46:01.356+0000] {processor.py:161} INFO - Started process (PID=2037) to work on /opt/airflow/dags/training_pipeline_dag.py
[2026-08-09T17:46:01.359+0000] {processor.py:830} INFO - Processing file /opt/airflow/dags/training_pipeline_dag.py for tasks to queue
[2026-08-09T17:46:01.362+0000] {logging_mixin.py:188} INFO - [2026-08-09T17:46:01.361+0000] {dagbag.py:545} INFO - Filling up the DagBag from /opt/airflow/dags/training_pipeline_dag.py
[2026-08-09T17:46:03.127+0000] {processor.py:840} INFO - DAG(s) 'training_pipeline' retrieved from /opt/airflow/dags/training_pipeline_dag.py
[2026-08-09T17:46:03.179+0000] {logging_mixin.py:188} INFO - [2026-08-09T17:46:03.178+0000] {dag.py:3089} INFO - Sync 1 DAGs
[2026-08-09T17:46:03.215+0000] {logging_mixin.py:188} INFO - [2026-08-09T17:46:03.214+0000] {dag.py:3947} INFO - Setting next_dagrun for training_pipeline to 2026-08-09 00:00:00+00:00, run_after=2026-08-10 00:00:00+00:00
[2026-08-09T17:46:03.251+0000] {processor.py:183} INFO - Processing /opt/airflow/dags/training_pipeline_dag.py took 1.916 seconds
[2026-08-09T17:46:34.048+0000] {processor.py:161} INFO - Started process (PID=2054) to work on /opt/airflow/dags/training_pipeline_dag.py
[2026-08-09T17:46:34.051+0000] {processor.py:830} INFO - Processing file /opt/airflow/dags/training_pipeline_dag.py for tasks to queue
[2026-08-09T17:46:34.054+0000] {logging_mixin.py:188} INFO - [2026-08-09T17:46:34.053+0000] {dagbag.py:545} INFO - Filling up the DagBag from /opt/airflow/dags/training_pipeline_dag.py
[2026-08-09T17:46:35.832+0000] {processor.py:840} INFO - DAG(s) 'training_pipeline' retrieved from /opt/airflow/dags/training_pipeline_dag.py
[2026-08-09T17:46:35.885+0000] {logging_mixin.py:188} INFO - [2026-08-09T17:46:35.884+0000] {dag.py:3089} INFO - Sync 1 DAGs
[2026-08-09T17:46:35.924+0000] {logging_mixin.py:188} INFO - [2026-08-09T17:46:35.924+0000] {dag.py:3947} INFO - Setting next_dagrun for training_pipeline to 2026-08-09 00:00:00+00:00, run_after=2026-08-10 00:00:00+00:00
[2026-08-09T17:46:35.956+0000] {processor.py:183} INFO - Processing /opt/airflow/dags/training_pipeline_dag.py took 1.927 seconds
[2026-08-09T17:47:06.534+0000] {processor.py:161} INFO - Started process (PID=2082) to work on /opt/airflow/dags/training_pipeline_dag.py
[2026-08-09T17:47:06.537+0000] {processor.py:830} INFO - Processing file /opt/airflow/dags/training_pipeline_dag.py for tasks to queue
[2026-08-09T17:47:06.540+0000] {logging_mixin.py:188} INFO - [2026-08-09T17:47:06.539+0000] {dagbag.py:545} INFO - Filling up the DagBag from /opt/airflow/dags/training_pipeline_dag.py
[2026-08-09T17:47:08.270+0000] {processor.py:840} INFO - DAG(s) 'training_pipeline' retrieved from /opt/airflow/dags/training_pipeline_dag.py
[2026-08-09T17:47:08.314+0000] {logging_mixin.py:188} INFO - [2026-08-09T17:47:08.313+0000] {dag.py:3089} INFO - Sync 1 DAGs
[2026-08-09T17:47:08.355+0000] {logging_mixin.py:188} INFO - [2026-08-09T17:47:08.354+0000] {dag.py:3947} INFO - Setting next_dagrun for training_pipeline to 2026-08-09 00:00:00+00:00, run_after=2026-08-10 00:00:00+00:00
[2026-08-09T17:47:08.393+0000] {processor.py:183} INFO - Processing /opt/airflow/dags/training_pipeline_dag.py took 1.876 seconds
[2026-08-09T17:47:39.446+0000] {processor.py:161} INFO - Started process (PID=2113) to work on /opt/airflow/dags/training_pipeline_dag.py
[2026-08-09T17:47:39.448+0000] {processor.py:830} INFO - Processing file /opt/airflow/dags/training_pipeline_dag.py for tasks to queue
[2026-08-09T17:47:39.451+0000] {logging_mixin.py:188} INFO - [2026-08-09T17:47:39.449+0000] {dagbag.py:545} INFO - Filling up the DagBag from /opt/airflow/dags/training_pipeline_dag.py
[2026-08-09T17:47:40.946+0000] {processor.py:840} INFO - DAG(s) 'training_pipeline' retrieved from /opt/airflow/dags/training_pipeline_dag.py
[2026-08-09T17:47:40.991+0000] {logging_mixin.py:188} INFO - [2026-08-09T17:47:40.990+0000] {dag.py:3089} INFO - Sync 1 DAGs
[2026-08-09T17:47:41.036+0000] {logging_mixin.py:188} INFO - [2026-08-09T17:47:41.036+0000] {dag.py:3947} INFO - Setting next_dagrun for training_pipeline to 2026-08-09 00:00:00+00:00, run_after=2026-08-10 00:00:00+00:00
[2026-08-09T17:47:41.069+0000] {processor.py:183} INFO - Processing /opt/airflow/dags/training_pipeline_dag.py took 1.638 seconds
[2026-08-09T17:48:11.444+0000] {processor.py:161} INFO - Started process (PID=2144) to work on /opt/airflow/dags/training_pipeline_dag.py
[2026-08-09T17:48:11.447+0000] {processor.py:830} INFO - Processing file /opt/airflow/dags/training_pipeline_dag.py for tasks to queue
[2026-08-09T17:48:11.449+0000] {logging_mixin.py:188} INFO - [2026-08-09T17:48:11.448+0000] {dagbag.py:545} INFO - Filling up the DagBag from /opt/airflow/dags/training_pipeline_dag.py
[2026-08-09T17:48:13.089+0000] {processor.py:840} INFO - DAG(s) 'training_pipeline' retrieved from /opt/airflow/dags/training_pipeline_dag.py
[2026-08-09T17:48:13.136+0000] {logging_mixin.py:188} INFO - [2026-08-09T17:48:13.133+0000] {dag.py:3089} INFO - Sync 1 DAGs
[2026-08-09T17:48:13.169+0000] {logging_mixin.py:188} INFO - [2026-08-09T17:48:13.168+0000] {dag.py:3947} INFO - Setting next_dagrun for training_pipeline to 2026-08-09 00:00:00+00:00, run_after=2026-08-10 00:00:00+00:00
[2026-08-09T17:48:13.202+0000] {processor.py:183} INFO - Processing /opt/airflow/dags/training_pipeline_dag.py took 1.776 seconds
[2026-08-09T17:48:43.841+0000] {processor.py:161} INFO - Started process (PID=2175) to work on /opt/airflow/dags/training_pipeline_dag.py
[2026-08-09T17:48:43.844+0000] {processor.py:830} INFO - Processing file /opt/airflow/dags/training_pipeline_dag.py for tasks to queue
[2026-08-09T17:48:43.846+0000] {logging_mixin.py:188} INFO - [2026-08-09T17:48:43.845+0000] {dagbag.py:545} INFO - Filling up the DagBag from /opt/airflow/dags/training_pipeline_dag.py
[2026-08-09T17:48:45.208+0000] {processor.py:840} INFO - DAG(s) 'training_pipeline' retrieved from /opt/airflow/dags/training_pipeline_dag.py
[2026-08-09T17:48:45.599+0000] {logging_mixin.py:188} INFO - [2026-08-09T17:48:45.598+0000] {dag.py:3089} INFO - Sync 1 DAGs
[2026-08-09T17:48:45.634+0000] {logging_mixin.py:188} INFO - [2026-08-09T17:48:45.634+0000] {dag.py:3947} INFO - Setting next_dagrun for training_pipeline to 2026-08-09 00:00:00+00:00, run_after=2026-08-10 00:00:00+00:00
[2026-08-09T17:48:45.668+0000] {processor.py:183} INFO - Processing /opt/airflow/dags/training_pipeline_dag.py took 1.846 seconds
[2026-08-09T17:49:16.230+0000] {processor.py:161} INFO - Started process (PID=2203) to work on /opt/airflow/dags/training_pipeline_dag.py
[2026-08-09T17:49:16.233+0000] {processor.py:830} INFO - Processing file /opt/airflow/dags/training_pipeline_dag.py for tasks to queue
[2026-08-09T17:49:16.236+0000] {logging_mixin.py:188} INFO - [2026-08-09T17:49:16.235+0000] {dagbag.py:545} INFO - Filling up the DagBag from /opt/airflow/dags/training_pipeline_dag.py
[2026-08-09T17:49:18.028+0000] {processor.py:840} INFO - DAG(s) 'training_pipeline' retrieved from /opt/airflow/dags/training_pipeline_dag.py
[2026-08-09T17:49:18.075+0000] {logging_mixin.py:188} INFO - [2026-08-09T17:49:18.074+0000] {dag.py:3089} INFO - Sync 1 DAGs
[2026-08-09T17:49:18.109+0000] {logging_mixin.py:188} INFO - [2026-08-09T17:49:18.109+0000] {dag.py:3947} INFO - Setting next_dagrun for training_pipeline to 2026-08-09 00:00:00+00:00, run_after=2026-08-10 00:00:00+00:00
[2026-08-09T17:49:18.142+0000] {processor.py:183} INFO - Processing /opt/airflow/dags/training_pipeline_dag.py took 1.937 seconds
[2026-08-09T17:49:48.736+0000] {processor.py:161} INFO - Started process (PID=2218) to work on /opt/airflow/dags/training_pipeline_dag.py
[2026-08-09T17:49:48.738+0000] {processor.py:830} INFO - Processing file /opt/airflow/dags/training_pipeline_dag.py for tasks to queue
[2026-08-09T17:49:48.740+0000] {logging_mixin.py:188} INFO - [2026-08-09T17:49:48.739+0000] {dagbag.py:545} INFO - Filling up the DagBag from /opt/airflow/dags/training_pipeline_dag.py
[2026-08-09T17:49:50.348+0000] {processor.py:840} INFO - DAG(s) 'training_pipeline' retrieved from /opt/airflow/dags/training_pipeline_dag.py
[2026-08-09T17:49:50.396+0000] {logging_mixin.py:188} INFO - [2026-08-09T17:49:50.395+0000] {dag.py:3089} INFO - Sync 1 DAGs
[2026-08-09T17:49:50.437+0000] {logging_mixin.py:188} INFO - [2026-08-09T17:49:50.436+0000] {dag.py:3947} INFO - Setting next_dagrun for training_pipeline to 2026-08-09 00:00:00+00:00, run_after=2026-08-10 00:00:00+00:00
[2026-08-09T17:49:50.481+0000] {processor.py:183} INFO - Processing /opt/airflow/dags/training_pipeline_dag.py took 1.762 seconds
