[2026-08-03T09:54:05.463+0000] {processor.py:161} INFO - Started process (PID=646) to work on /opt/airflow/dags/training_pipeline_dag.py
[2026-08-03T09:54:05.465+0000] {processor.py:830} INFO - Processing file /opt/airflow/dags/training_pipeline_dag.py for tasks to queue
[2026-08-03T09:54:05.469+0000] {logging_mixin.py:188} INFO - [2026-08-03T09:54:05.468+0000] {dagbag.py:545} INFO - Filling up the DagBag from /opt/airflow/dags/training_pipeline_dag.py
[2026-08-03T09:54:05.681+0000] {processor.py:842} WARNING - No viable dags retrieved from /opt/airflow/dags/training_pipeline_dag.py
[2026-08-03T09:54:05.751+0000] {processor.py:183} INFO - Processing /opt/airflow/dags/training_pipeline_dag.py took 0.301 seconds
[2026-08-03T09:54:41.655+0000] {processor.py:161} INFO - Started process (PID=665) to work on /opt/airflow/dags/training_pipeline_dag.py
[2026-08-03T09:54:41.787+0000] {processor.py:830} INFO - Processing file /opt/airflow/dags/training_pipeline_dag.py for tasks to queue
[2026-08-03T09:54:42.842+0000] {logging_mixin.py:188} INFO - [2026-08-03T09:54:42.756+0000] {dagbag.py:545} INFO - Filling up the DagBag from /opt/airflow/dags/training_pipeline_dag.py
[2026-08-03T09:54:45.139+0000] {processor.py:842} WARNING - No viable dags retrieved from /opt/airflow/dags/training_pipeline_dag.py
[2026-08-03T09:54:51.237+0000] {processor.py:183} INFO - Processing /opt/airflow/dags/training_pipeline_dag.py took 12.360 seconds
[2026-08-03T09:55:23.967+0000] {processor.py:161} INFO - Started process (PID=681) to work on /opt/airflow/dags/training_pipeline_dag.py
[2026-08-03T09:55:23.969+0000] {processor.py:830} INFO - Processing file /opt/airflow/dags/training_pipeline_dag.py for tasks to queue
[2026-08-03T09:55:23.973+0000] {logging_mixin.py:188} INFO - [2026-08-03T09:55:23.973+0000] {dagbag.py:545} INFO - Filling up the DagBag from /opt/airflow/dags/training_pipeline_dag.py
[2026-08-03T09:55:24.001+0000] {processor.py:842} WARNING - No viable dags retrieved from /opt/airflow/dags/training_pipeline_dag.py
[2026-08-03T09:55:24.036+0000] {processor.py:183} INFO - Processing /opt/airflow/dags/training_pipeline_dag.py took 0.086 seconds
[2026-08-03T09:55:54.622+0000] {processor.py:161} INFO - Started process (PID=697) to work on /opt/airflow/dags/training_pipeline_dag.py
[2026-08-03T09:55:54.624+0000] {processor.py:830} INFO - Processing file /opt/airflow/dags/training_pipeline_dag.py for tasks to queue
[2026-08-03T09:55:54.638+0000] {logging_mixin.py:188} INFO - [2026-08-03T09:55:54.637+0000] {dagbag.py:545} INFO - Filling up the DagBag from /opt/airflow/dags/training_pipeline_dag.py
[2026-08-03T09:55:54.679+0000] {processor.py:842} WARNING - No viable dags retrieved from /opt/airflow/dags/training_pipeline_dag.py
[2026-08-03T09:55:54.728+0000] {processor.py:183} INFO - Processing /opt/airflow/dags/training_pipeline_dag.py took 0.176 seconds
[2026-08-03T09:56:25.274+0000] {processor.py:161} INFO - Started process (PID=713) to work on /opt/airflow/dags/training_pipeline_dag.py
[2026-08-03T09:56:25.277+0000] {processor.py:830} INFO - Processing file /opt/airflow/dags/training_pipeline_dag.py for tasks to queue
[2026-08-03T09:56:25.284+0000] {logging_mixin.py:188} INFO - [2026-08-03T09:56:25.283+0000] {dagbag.py:545} INFO - Filling up the DagBag from /opt/airflow/dags/training_pipeline_dag.py
[2026-08-03T09:56:25.316+0000] {processor.py:842} WARNING - No viable dags retrieved from /opt/airflow/dags/training_pipeline_dag.py
[2026-08-03T09:56:25.362+0000] {processor.py:183} INFO - Processing /opt/airflow/dags/training_pipeline_dag.py took 0.112 seconds
[2026-08-03T09:56:55.811+0000] {processor.py:161} INFO - Started process (PID=729) to work on /opt/airflow/dags/training_pipeline_dag.py
[2026-08-03T09:56:55.813+0000] {processor.py:830} INFO - Processing file /opt/airflow/dags/training_pipeline_dag.py for tasks to queue
[2026-08-03T09:56:55.818+0000] {logging_mixin.py:188} INFO - [2026-08-03T09:56:55.817+0000] {dagbag.py:545} INFO - Filling up the DagBag from /opt/airflow/dags/training_pipeline_dag.py
[2026-08-03T09:56:55.853+0000] {processor.py:842} WARNING - No viable dags retrieved from /opt/airflow/dags/training_pipeline_dag.py
[2026-08-03T09:56:55.893+0000] {processor.py:183} INFO - Processing /opt/airflow/dags/training_pipeline_dag.py took 0.102 seconds
[2026-08-03T09:57:26.418+0000] {processor.py:161} INFO - Started process (PID=745) to work on /opt/airflow/dags/training_pipeline_dag.py
[2026-08-03T09:57:26.420+0000] {processor.py:830} INFO - Processing file /opt/airflow/dags/training_pipeline_dag.py for tasks to queue
[2026-08-03T09:57:26.425+0000] {logging_mixin.py:188} INFO - [2026-08-03T09:57:26.424+0000] {dagbag.py:545} INFO - Filling up the DagBag from /opt/airflow/dags/training_pipeline_dag.py
[2026-08-03T09:57:26.454+0000] {processor.py:842} WARNING - No viable dags retrieved from /opt/airflow/dags/training_pipeline_dag.py
[2026-08-03T09:57:26.531+0000] {processor.py:183} INFO - Processing /opt/airflow/dags/training_pipeline_dag.py took 0.131 seconds
[2026-08-03T09:57:56.795+0000] {processor.py:161} INFO - Started process (PID=759) to work on /opt/airflow/dags/training_pipeline_dag.py
[2026-08-03T09:57:56.798+0000] {processor.py:830} INFO - Processing file /opt/airflow/dags/training_pipeline_dag.py for tasks to queue
[2026-08-03T09:57:56.808+0000] {logging_mixin.py:188} INFO - [2026-08-03T09:57:56.807+0000] {dagbag.py:545} INFO - Filling up the DagBag from /opt/airflow/dags/training_pipeline_dag.py
[2026-08-03T09:57:56.846+0000] {processor.py:842} WARNING - No viable dags retrieved from /opt/airflow/dags/training_pipeline_dag.py
[2026-08-03T09:57:56.888+0000] {processor.py:183} INFO - Processing /opt/airflow/dags/training_pipeline_dag.py took 0.115 seconds
[2026-08-03T09:58:27.319+0000] {processor.py:161} INFO - Started process (PID=771) to work on /opt/airflow/dags/training_pipeline_dag.py
[2026-08-03T09:58:27.358+0000] {processor.py:830} INFO - Processing file /opt/airflow/dags/training_pipeline_dag.py for tasks to queue
[2026-08-03T09:58:27.364+0000] {logging_mixin.py:188} INFO - [2026-08-03T09:58:27.363+0000] {dagbag.py:545} INFO - Filling up the DagBag from /opt/airflow/dags/training_pipeline_dag.py
[2026-08-03T09:58:27.405+0000] {processor.py:842} WARNING - No viable dags retrieved from /opt/airflow/dags/training_pipeline_dag.py
[2026-08-03T09:58:27.610+0000] {processor.py:183} INFO - Processing /opt/airflow/dags/training_pipeline_dag.py took 0.259 seconds
[2026-08-03T09:58:58.285+0000] {processor.py:161} INFO - Started process (PID=787) to work on /opt/airflow/dags/training_pipeline_dag.py
[2026-08-03T09:58:58.287+0000] {processor.py:830} INFO - Processing file /opt/airflow/dags/training_pipeline_dag.py for tasks to queue
[2026-08-03T09:58:58.292+0000] {logging_mixin.py:188} INFO - [2026-08-03T09:58:58.291+0000] {dagbag.py:545} INFO - Filling up the DagBag from /opt/airflow/dags/training_pipeline_dag.py
[2026-08-03T09:58:58.328+0000] {processor.py:842} WARNING - No viable dags retrieved from /opt/airflow/dags/training_pipeline_dag.py
[2026-08-03T09:58:58.402+0000] {processor.py:183} INFO - Processing /opt/airflow/dags/training_pipeline_dag.py took 0.136 seconds
[2026-08-03T09:59:28.656+0000] {processor.py:161} INFO - Started process (PID=803) to work on /opt/airflow/dags/training_pipeline_dag.py
[2026-08-03T09:59:28.658+0000] {processor.py:830} INFO - Processing file /opt/airflow/dags/training_pipeline_dag.py for tasks to queue
[2026-08-03T09:59:28.665+0000] {logging_mixin.py:188} INFO - [2026-08-03T09:59:28.664+0000] {dagbag.py:545} INFO - Filling up the DagBag from /opt/airflow/dags/training_pipeline_dag.py
[2026-08-03T09:59:28.731+0000] {processor.py:842} WARNING - No viable dags retrieved from /opt/airflow/dags/training_pipeline_dag.py
[2026-08-03T09:59:28.788+0000] {processor.py:183} INFO - Processing /opt/airflow/dags/training_pipeline_dag.py took 0.151 seconds
[2026-08-03T09:59:58.949+0000] {processor.py:161} INFO - Started process (PID=819) to work on /opt/airflow/dags/training_pipeline_dag.py
[2026-08-03T09:59:58.952+0000] {processor.py:830} INFO - Processing file /opt/airflow/dags/training_pipeline_dag.py for tasks to queue
[2026-08-03T09:59:58.957+0000] {logging_mixin.py:188} INFO - [2026-08-03T09:59:58.956+0000] {dagbag.py:545} INFO - Filling up the DagBag from /opt/airflow/dags/training_pipeline_dag.py
[2026-08-03T09:59:59.001+0000] {processor.py:842} WARNING - No viable dags retrieved from /opt/airflow/dags/training_pipeline_dag.py
[2026-08-03T09:59:59.044+0000] {processor.py:183} INFO - Processing /opt/airflow/dags/training_pipeline_dag.py took 0.124 seconds
[2026-08-03T10:00:29.552+0000] {processor.py:161} INFO - Started process (PID=841) to work on /opt/airflow/dags/training_pipeline_dag.py
[2026-08-03T10:00:29.556+0000] {processor.py:830} INFO - Processing file /opt/airflow/dags/training_pipeline_dag.py for tasks to queue
[2026-08-03T10:00:29.561+0000] {logging_mixin.py:188} INFO - [2026-08-03T10:00:29.560+0000] {dagbag.py:545} INFO - Filling up the DagBag from /opt/airflow/dags/training_pipeline_dag.py
[2026-08-03T10:00:29.614+0000] {processor.py:842} WARNING - No viable dags retrieved from /opt/airflow/dags/training_pipeline_dag.py
[2026-08-03T10:00:29.654+0000] {processor.py:183} INFO - Processing /opt/airflow/dags/training_pipeline_dag.py took 0.128 seconds
[2026-08-03T10:01:00.485+0000] {processor.py:161} INFO - Started process (PID=889) to work on /opt/airflow/dags/training_pipeline_dag.py
[2026-08-03T10:01:00.488+0000] {processor.py:830} INFO - Processing file /opt/airflow/dags/training_pipeline_dag.py for tasks to queue
[2026-08-03T10:01:00.493+0000] {logging_mixin.py:188} INFO - [2026-08-03T10:01:00.492+0000] {dagbag.py:545} INFO - Filling up the DagBag from /opt/airflow/dags/training_pipeline_dag.py
[2026-08-03T10:01:00.523+0000] {processor.py:842} WARNING - No viable dags retrieved from /opt/airflow/dags/training_pipeline_dag.py
[2026-08-03T10:01:00.561+0000] {processor.py:183} INFO - Processing /opt/airflow/dags/training_pipeline_dag.py took 0.099 seconds
[2026-08-03T10:01:31.657+0000] {processor.py:161} INFO - Started process (PID=923) to work on /opt/airflow/dags/training_pipeline_dag.py
[2026-08-03T10:01:31.660+0000] {processor.py:830} INFO - Processing file /opt/airflow/dags/training_pipeline_dag.py for tasks to queue
[2026-08-03T10:01:31.665+0000] {logging_mixin.py:188} INFO - [2026-08-03T10:01:31.664+0000] {dagbag.py:545} INFO - Filling up the DagBag from /opt/airflow/dags/training_pipeline_dag.py
[2026-08-03T10:01:31.700+0000] {processor.py:842} WARNING - No viable dags retrieved from /opt/airflow/dags/training_pipeline_dag.py
[2026-08-03T10:01:31.756+0000] {processor.py:183} INFO - Processing /opt/airflow/dags/training_pipeline_dag.py took 0.117 seconds
[2026-08-03T10:02:02.466+0000] {processor.py:161} INFO - Started process (PID=939) to work on /opt/airflow/dags/training_pipeline_dag.py
[2026-08-03T10:02:02.469+0000] {processor.py:830} INFO - Processing file /opt/airflow/dags/training_pipeline_dag.py for tasks to queue
[2026-08-03T10:02:02.475+0000] {logging_mixin.py:188} INFO - [2026-08-03T10:02:02.473+0000] {dagbag.py:545} INFO - Filling up the DagBag from /opt/airflow/dags/training_pipeline_dag.py
[2026-08-03T10:02:02.507+0000] {processor.py:842} WARNING - No viable dags retrieved from /opt/airflow/dags/training_pipeline_dag.py
[2026-08-03T10:02:02.550+0000] {processor.py:183} INFO - Processing /opt/airflow/dags/training_pipeline_dag.py took 0.109 seconds
[2026-08-03T10:02:32.943+0000] {processor.py:161} INFO - Started process (PID=955) to work on /opt/airflow/dags/training_pipeline_dag.py
[2026-08-03T10:02:32.945+0000] {processor.py:830} INFO - Processing file /opt/airflow/dags/training_pipeline_dag.py for tasks to queue
[2026-08-03T10:02:32.947+0000] {logging_mixin.py:188} INFO - [2026-08-03T10:02:32.947+0000] {dagbag.py:545} INFO - Filling up the DagBag from /opt/airflow/dags/training_pipeline_dag.py
[2026-08-03T10:02:32.967+0000] {processor.py:842} WARNING - No viable dags retrieved from /opt/airflow/dags/training_pipeline_dag.py
[2026-08-03T10:02:32.995+0000] {processor.py:183} INFO - Processing /opt/airflow/dags/training_pipeline_dag.py took 0.066 seconds
[2026-08-03T10:03:03.249+0000] {processor.py:161} INFO - Started process (PID=971) to work on /opt/airflow/dags/training_pipeline_dag.py
[2026-08-03T10:03:03.250+0000] {processor.py:830} INFO - Processing file /opt/airflow/dags/training_pipeline_dag.py for tasks to queue
[2026-08-03T10:03:03.254+0000] {logging_mixin.py:188} INFO - [2026-08-03T10:03:03.253+0000] {dagbag.py:545} INFO - Filling up the DagBag from /opt/airflow/dags/training_pipeline_dag.py
[2026-08-03T10:03:03.269+0000] {processor.py:842} WARNING - No viable dags retrieved from /opt/airflow/dags/training_pipeline_dag.py
[2026-08-03T10:03:03.289+0000] {processor.py:183} INFO - Processing /opt/airflow/dags/training_pipeline_dag.py took 0.050 seconds
[2026-08-03T10:03:33.462+0000] {processor.py:161} INFO - Started process (PID=987) to work on /opt/airflow/dags/training_pipeline_dag.py
[2026-08-03T10:03:33.466+0000] {processor.py:830} INFO - Processing file /opt/airflow/dags/training_pipeline_dag.py for tasks to queue
[2026-08-03T10:03:33.469+0000] {logging_mixin.py:188} INFO - [2026-08-03T10:03:33.469+0000] {dagbag.py:545} INFO - Filling up the DagBag from /opt/airflow/dags/training_pipeline_dag.py
[2026-08-03T10:03:33.484+0000] {processor.py:842} WARNING - No viable dags retrieved from /opt/airflow/dags/training_pipeline_dag.py
[2026-08-03T10:03:33.503+0000] {processor.py:183} INFO - Processing /opt/airflow/dags/training_pipeline_dag.py took 0.053 seconds
[2026-08-03T10:04:03.980+0000] {processor.py:161} INFO - Started process (PID=1003) to work on /opt/airflow/dags/training_pipeline_dag.py
[2026-08-03T10:04:03.981+0000] {processor.py:830} INFO - Processing file /opt/airflow/dags/training_pipeline_dag.py for tasks to queue
[2026-08-03T10:04:03.983+0000] {logging_mixin.py:188} INFO - [2026-08-03T10:04:03.983+0000] {dagbag.py:545} INFO - Filling up the DagBag from /opt/airflow/dags/training_pipeline_dag.py
[2026-08-03T10:04:04.014+0000] {processor.py:842} WARNING - No viable dags retrieved from /opt/airflow/dags/training_pipeline_dag.py
[2026-08-03T10:04:04.032+0000] {processor.py:183} INFO - Processing /opt/airflow/dags/training_pipeline_dag.py took 0.062 seconds
[2026-08-03T10:04:34.516+0000] {processor.py:161} INFO - Started process (PID=1019) to work on /opt/airflow/dags/training_pipeline_dag.py
[2026-08-03T10:04:34.517+0000] {processor.py:830} INFO - Processing file /opt/airflow/dags/training_pipeline_dag.py for tasks to queue
[2026-08-03T10:04:34.519+0000] {logging_mixin.py:188} INFO - [2026-08-03T10:04:34.519+0000] {dagbag.py:545} INFO - Filling up the DagBag from /opt/airflow/dags/training_pipeline_dag.py
[2026-08-03T10:04:34.538+0000] {processor.py:842} WARNING - No viable dags retrieved from /opt/airflow/dags/training_pipeline_dag.py
[2026-08-03T10:04:34.572+0000] {processor.py:183} INFO - Processing /opt/airflow/dags/training_pipeline_dag.py took 0.062 seconds
[2026-08-03T10:05:04.809+0000] {processor.py:161} INFO - Started process (PID=1035) to work on /opt/airflow/dags/training_pipeline_dag.py
[2026-08-03T10:05:04.810+0000] {processor.py:830} INFO - Processing file /opt/airflow/dags/training_pipeline_dag.py for tasks to queue
[2026-08-03T10:05:04.812+0000] {logging_mixin.py:188} INFO - [2026-08-03T10:05:04.812+0000] {dagbag.py:545} INFO - Filling up the DagBag from /opt/airflow/dags/training_pipeline_dag.py
[2026-08-03T10:05:04.830+0000] {processor.py:842} WARNING - No viable dags retrieved from /opt/airflow/dags/training_pipeline_dag.py
[2026-08-03T10:05:04.850+0000] {processor.py:183} INFO - Processing /opt/airflow/dags/training_pipeline_dag.py took 0.048 seconds
[2026-08-03T10:05:35.062+0000] {processor.py:161} INFO - Started process (PID=1051) to work on /opt/airflow/dags/training_pipeline_dag.py
[2026-08-03T10:05:35.063+0000] {processor.py:830} INFO - Processing file /opt/airflow/dags/training_pipeline_dag.py for tasks to queue
[2026-08-03T10:05:35.065+0000] {logging_mixin.py:188} INFO - [2026-08-03T10:05:35.065+0000] {dagbag.py:545} INFO - Filling up the DagBag from /opt/airflow/dags/training_pipeline_dag.py
[2026-08-03T10:05:35.077+0000] {processor.py:842} WARNING - No viable dags retrieved from /opt/airflow/dags/training_pipeline_dag.py
[2026-08-03T10:05:35.095+0000] {processor.py:183} INFO - Processing /opt/airflow/dags/training_pipeline_dag.py took 0.041 seconds
[2026-08-03T10:06:05.628+0000] {processor.py:161} INFO - Started process (PID=1067) to work on /opt/airflow/dags/training_pipeline_dag.py
[2026-08-03T10:06:05.629+0000] {processor.py:830} INFO - Processing file /opt/airflow/dags/training_pipeline_dag.py for tasks to queue
[2026-08-03T10:06:05.632+0000] {logging_mixin.py:188} INFO - [2026-08-03T10:06:05.631+0000] {dagbag.py:545} INFO - Filling up the DagBag from /opt/airflow/dags/training_pipeline_dag.py
[2026-08-03T10:06:05.648+0000] {processor.py:842} WARNING - No viable dags retrieved from /opt/airflow/dags/training_pipeline_dag.py
[2026-08-03T10:06:05.666+0000] {processor.py:183} INFO - Processing /opt/airflow/dags/training_pipeline_dag.py took 0.045 seconds
[2026-08-03T10:06:35.931+0000] {processor.py:161} INFO - Started process (PID=1083) to work on /opt/airflow/dags/training_pipeline_dag.py
[2026-08-03T10:06:35.932+0000] {processor.py:830} INFO - Processing file /opt/airflow/dags/training_pipeline_dag.py for tasks to queue
[2026-08-03T10:06:35.935+0000] {logging_mixin.py:188} INFO - [2026-08-03T10:06:35.935+0000] {dagbag.py:545} INFO - Filling up the DagBag from /opt/airflow/dags/training_pipeline_dag.py
[2026-08-03T10:06:35.949+0000] {processor.py:842} WARNING - No viable dags retrieved from /opt/airflow/dags/training_pipeline_dag.py
[2026-08-03T10:06:35.964+0000] {processor.py:183} INFO - Processing /opt/airflow/dags/training_pipeline_dag.py took 0.040 seconds
[2026-08-03T10:07:06.657+0000] {processor.py:161} INFO - Started process (PID=1099) to work on /opt/airflow/dags/training_pipeline_dag.py
[2026-08-03T10:07:06.658+0000] {processor.py:830} INFO - Processing file /opt/airflow/dags/training_pipeline_dag.py for tasks to queue
[2026-08-03T10:07:06.660+0000] {logging_mixin.py:188} INFO - [2026-08-03T10:07:06.659+0000] {dagbag.py:545} INFO - Filling up the DagBag from /opt/airflow/dags/training_pipeline_dag.py
[2026-08-03T10:07:06.670+0000] {processor.py:842} WARNING - No viable dags retrieved from /opt/airflow/dags/training_pipeline_dag.py
[2026-08-03T10:07:06.686+0000] {processor.py:183} INFO - Processing /opt/airflow/dags/training_pipeline_dag.py took 0.038 seconds
[2026-08-03T10:07:37.511+0000] {processor.py:161} INFO - Started process (PID=1115) to work on /opt/airflow/dags/training_pipeline_dag.py
[2026-08-03T10:07:37.512+0000] {processor.py:830} INFO - Processing file /opt/airflow/dags/training_pipeline_dag.py for tasks to queue
[2026-08-03T10:07:37.514+0000] {logging_mixin.py:188} INFO - [2026-08-03T10:07:37.513+0000] {dagbag.py:545} INFO - Filling up the DagBag from /opt/airflow/dags/training_pipeline_dag.py
[2026-08-03T10:07:37.526+0000] {processor.py:842} WARNING - No viable dags retrieved from /opt/airflow/dags/training_pipeline_dag.py
[2026-08-03T10:07:37.542+0000] {processor.py:183} INFO - Processing /opt/airflow/dags/training_pipeline_dag.py took 0.040 seconds
[2026-08-03T10:08:08.321+0000] {processor.py:161} INFO - Started process (PID=1131) to work on /opt/airflow/dags/training_pipeline_dag.py
[2026-08-03T10:08:08.322+0000] {processor.py:830} INFO - Processing file /opt/airflow/dags/training_pipeline_dag.py for tasks to queue
[2026-08-03T10:08:08.325+0000] {logging_mixin.py:188} INFO - [2026-08-03T10:08:08.324+0000] {dagbag.py:545} INFO - Filling up the DagBag from /opt/airflow/dags/training_pipeline_dag.py
[2026-08-03T10:08:08.339+0000] {processor.py:842} WARNING - No viable dags retrieved from /opt/airflow/dags/training_pipeline_dag.py
[2026-08-03T10:08:08.356+0000] {processor.py:183} INFO - Processing /opt/airflow/dags/training_pipeline_dag.py took 0.042 seconds
[2026-08-03T10:08:38.438+0000] {processor.py:161} INFO - Started process (PID=1144) to work on /opt/airflow/dags/training_pipeline_dag.py
[2026-08-03T10:08:38.440+0000] {processor.py:830} INFO - Processing file /opt/airflow/dags/training_pipeline_dag.py for tasks to queue
[2026-08-03T10:08:38.442+0000] {logging_mixin.py:188} INFO - [2026-08-03T10:08:38.441+0000] {dagbag.py:545} INFO - Filling up the DagBag from /opt/airflow/dags/training_pipeline_dag.py
[2026-08-03T10:08:38.452+0000] {processor.py:842} WARNING - No viable dags retrieved from /opt/airflow/dags/training_pipeline_dag.py
[2026-08-03T10:08:38.492+0000] {processor.py:183} INFO - Processing /opt/airflow/dags/training_pipeline_dag.py took 0.062 seconds
[2026-08-03T10:09:09.487+0000] {processor.py:161} INFO - Started process (PID=1160) to work on /opt/airflow/dags/training_pipeline_dag.py
[2026-08-03T10:09:09.489+0000] {processor.py:830} INFO - Processing file /opt/airflow/dags/training_pipeline_dag.py for tasks to queue
[2026-08-03T10:09:09.492+0000] {logging_mixin.py:188} INFO - [2026-08-03T10:09:09.492+0000] {dagbag.py:545} INFO - Filling up the DagBag from /opt/airflow/dags/training_pipeline_dag.py
[2026-08-03T10:09:09.509+0000] {processor.py:842} WARNING - No viable dags retrieved from /opt/airflow/dags/training_pipeline_dag.py
[2026-08-03T10:09:09.531+0000] {processor.py:183} INFO - Processing /opt/airflow/dags/training_pipeline_dag.py took 0.051 seconds
[2026-08-03T10:09:40.511+0000] {processor.py:161} INFO - Started process (PID=1173) to work on /opt/airflow/dags/training_pipeline_dag.py
[2026-08-03T10:09:40.512+0000] {processor.py:830} INFO - Processing file /opt/airflow/dags/training_pipeline_dag.py for tasks to queue
[2026-08-03T10:09:40.515+0000] {logging_mixin.py:188} INFO - [2026-08-03T10:09:40.515+0000] {dagbag.py:545} INFO - Filling up the DagBag from /opt/airflow/dags/training_pipeline_dag.py
[2026-08-03T10:09:40.545+0000] {processor.py:842} WARNING - No viable dags retrieved from /opt/airflow/dags/training_pipeline_dag.py
[2026-08-03T10:09:40.561+0000] {processor.py:183} INFO - Processing /opt/airflow/dags/training_pipeline_dag.py took 0.058 seconds
[2026-08-03T10:10:11.273+0000] {processor.py:161} INFO - Started process (PID=1189) to work on /opt/airflow/dags/training_pipeline_dag.py
[2026-08-03T10:10:11.274+0000] {processor.py:830} INFO - Processing file /opt/airflow/dags/training_pipeline_dag.py for tasks to queue
[2026-08-03T10:10:11.276+0000] {logging_mixin.py:188} INFO - [2026-08-03T10:10:11.275+0000] {dagbag.py:545} INFO - Filling up the DagBag from /opt/airflow/dags/training_pipeline_dag.py
[2026-08-03T10:10:11.290+0000] {processor.py:842} WARNING - No viable dags retrieved from /opt/airflow/dags/training_pipeline_dag.py
[2026-08-03T10:10:11.305+0000] {processor.py:183} INFO - Processing /opt/airflow/dags/training_pipeline_dag.py took 0.039 seconds
[2026-08-03T10:10:42.298+0000] {processor.py:161} INFO - Started process (PID=1205) to work on /opt/airflow/dags/training_pipeline_dag.py
[2026-08-03T10:10:42.299+0000] {processor.py:830} INFO - Processing file /opt/airflow/dags/training_pipeline_dag.py for tasks to queue
[2026-08-03T10:10:42.302+0000] {logging_mixin.py:188} INFO - [2026-08-03T10:10:42.301+0000] {dagbag.py:545} INFO - Filling up the DagBag from /opt/airflow/dags/training_pipeline_dag.py
[2026-08-03T10:10:42.316+0000] {processor.py:842} WARNING - No viable dags retrieved from /opt/airflow/dags/training_pipeline_dag.py
[2026-08-03T10:10:42.336+0000] {processor.py:183} INFO - Processing /opt/airflow/dags/training_pipeline_dag.py took 0.048 seconds
[2026-08-03T10:11:12.489+0000] {processor.py:161} INFO - Started process (PID=1221) to work on /opt/airflow/dags/training_pipeline_dag.py
[2026-08-03T10:11:12.490+0000] {processor.py:830} INFO - Processing file /opt/airflow/dags/training_pipeline_dag.py for tasks to queue
[2026-08-03T10:11:12.492+0000] {logging_mixin.py:188} INFO - [2026-08-03T10:11:12.492+0000] {dagbag.py:545} INFO - Filling up the DagBag from /opt/airflow/dags/training_pipeline_dag.py
[2026-08-03T10:11:12.508+0000] {processor.py:842} WARNING - No viable dags retrieved from /opt/airflow/dags/training_pipeline_dag.py
[2026-08-03T10:11:12.526+0000] {processor.py:183} INFO - Processing /opt/airflow/dags/training_pipeline_dag.py took 0.044 seconds
[2026-08-03T10:11:43.551+0000] {processor.py:161} INFO - Started process (PID=1237) to work on /opt/airflow/dags/training_pipeline_dag.py
[2026-08-03T10:11:43.552+0000] {processor.py:830} INFO - Processing file /opt/airflow/dags/training_pipeline_dag.py for tasks to queue
[2026-08-03T10:11:43.554+0000] {logging_mixin.py:188} INFO - [2026-08-03T10:11:43.554+0000] {dagbag.py:545} INFO - Filling up the DagBag from /opt/airflow/dags/training_pipeline_dag.py
[2026-08-03T10:11:43.566+0000] {processor.py:842} WARNING - No viable dags retrieved from /opt/airflow/dags/training_pipeline_dag.py
[2026-08-03T10:11:43.582+0000] {processor.py:183} INFO - Processing /opt/airflow/dags/training_pipeline_dag.py took 0.038 seconds
[2026-08-03T10:12:14.159+0000] {processor.py:161} INFO - Started process (PID=1253) to work on /opt/airflow/dags/training_pipeline_dag.py
[2026-08-03T10:12:14.160+0000] {processor.py:830} INFO - Processing file /opt/airflow/dags/training_pipeline_dag.py for tasks to queue
[2026-08-03T10:12:14.163+0000] {logging_mixin.py:188} INFO - [2026-08-03T10:12:14.162+0000] {dagbag.py:545} INFO - Filling up the DagBag from /opt/airflow/dags/training_pipeline_dag.py
[2026-08-03T10:12:14.180+0000] {processor.py:842} WARNING - No viable dags retrieved from /opt/airflow/dags/training_pipeline_dag.py
[2026-08-03T10:12:14.199+0000] {processor.py:183} INFO - Processing /opt/airflow/dags/training_pipeline_dag.py took 0.050 seconds
[2026-08-03T10:12:44.617+0000] {processor.py:161} INFO - Started process (PID=1269) to work on /opt/airflow/dags/training_pipeline_dag.py
[2026-08-03T10:12:44.618+0000] {processor.py:830} INFO - Processing file /opt/airflow/dags/training_pipeline_dag.py for tasks to queue
[2026-08-03T10:12:44.621+0000] {logging_mixin.py:188} INFO - [2026-08-03T10:12:44.620+0000] {dagbag.py:545} INFO - Filling up the DagBag from /opt/airflow/dags/training_pipeline_dag.py
[2026-08-03T10:12:44.636+0000] {processor.py:842} WARNING - No viable dags retrieved from /opt/airflow/dags/training_pipeline_dag.py
[2026-08-03T10:12:44.655+0000] {processor.py:183} INFO - Processing /opt/airflow/dags/training_pipeline_dag.py took 0.047 seconds
[2026-08-03T10:13:15.748+0000] {processor.py:161} INFO - Started process (PID=1285) to work on /opt/airflow/dags/training_pipeline_dag.py
[2026-08-03T10:13:15.749+0000] {processor.py:830} INFO - Processing file /opt/airflow/dags/training_pipeline_dag.py for tasks to queue
[2026-08-03T10:13:15.751+0000] {logging_mixin.py:188} INFO - [2026-08-03T10:13:15.751+0000] {dagbag.py:545} INFO - Filling up the DagBag from /opt/airflow/dags/training_pipeline_dag.py
[2026-08-03T10:13:15.764+0000] {processor.py:842} WARNING - No viable dags retrieved from /opt/airflow/dags/training_pipeline_dag.py
[2026-08-03T10:13:15.799+0000] {processor.py:183} INFO - Processing /opt/airflow/dags/training_pipeline_dag.py took 0.057 seconds
[2026-08-03T10:13:46.096+0000] {processor.py:161} INFO - Started process (PID=1301) to work on /opt/airflow/dags/training_pipeline_dag.py
[2026-08-03T10:13:46.097+0000] {processor.py:830} INFO - Processing file /opt/airflow/dags/training_pipeline_dag.py for tasks to queue
[2026-08-03T10:13:46.099+0000] {logging_mixin.py:188} INFO - [2026-08-03T10:13:46.098+0000] {dagbag.py:545} INFO - Filling up the DagBag from /opt/airflow/dags/training_pipeline_dag.py
[2026-08-03T10:13:46.111+0000] {processor.py:842} WARNING - No viable dags retrieved from /opt/airflow/dags/training_pipeline_dag.py
[2026-08-03T10:13:46.127+0000] {processor.py:183} INFO - Processing /opt/airflow/dags/training_pipeline_dag.py took 0.038 seconds
[2026-08-03T10:14:16.948+0000] {processor.py:161} INFO - Started process (PID=1317) to work on /opt/airflow/dags/training_pipeline_dag.py
[2026-08-03T10:14:16.949+0000] {processor.py:830} INFO - Processing file /opt/airflow/dags/training_pipeline_dag.py for tasks to queue
[2026-08-03T10:14:16.952+0000] {logging_mixin.py:188} INFO - [2026-08-03T10:14:16.951+0000] {dagbag.py:545} INFO - Filling up the DagBag from /opt/airflow/dags/training_pipeline_dag.py
[2026-08-03T10:14:16.963+0000] {processor.py:842} WARNING - No viable dags retrieved from /opt/airflow/dags/training_pipeline_dag.py
[2026-08-03T10:14:16.981+0000] {processor.py:183} INFO - Processing /opt/airflow/dags/training_pipeline_dag.py took 0.041 seconds
[2026-08-03T10:14:47.223+0000] {processor.py:161} INFO - Started process (PID=1333) to work on /opt/airflow/dags/training_pipeline_dag.py
[2026-08-03T10:14:47.224+0000] {processor.py:830} INFO - Processing file /opt/airflow/dags/training_pipeline_dag.py for tasks to queue
[2026-08-03T10:14:47.226+0000] {logging_mixin.py:188} INFO - [2026-08-03T10:14:47.225+0000] {dagbag.py:545} INFO - Filling up the DagBag from /opt/airflow/dags/training_pipeline_dag.py
[2026-08-03T10:14:47.243+0000] {processor.py:842} WARNING - No viable dags retrieved from /opt/airflow/dags/training_pipeline_dag.py
[2026-08-03T10:14:47.260+0000] {processor.py:183} INFO - Processing /opt/airflow/dags/training_pipeline_dag.py took 0.048 seconds
[2026-08-03T10:15:18.029+0000] {processor.py:161} INFO - Started process (PID=1349) to work on /opt/airflow/dags/training_pipeline_dag.py
[2026-08-03T10:15:18.030+0000] {processor.py:830} INFO - Processing file /opt/airflow/dags/training_pipeline_dag.py for tasks to queue
[2026-08-03T10:15:18.032+0000] {logging_mixin.py:188} INFO - [2026-08-03T10:15:18.031+0000] {dagbag.py:545} INFO - Filling up the DagBag from /opt/airflow/dags/training_pipeline_dag.py
[2026-08-03T10:15:18.064+0000] {processor.py:842} WARNING - No viable dags retrieved from /opt/airflow/dags/training_pipeline_dag.py
[2026-08-03T10:15:18.079+0000] {processor.py:183} INFO - Processing /opt/airflow/dags/training_pipeline_dag.py took 0.060 seconds
[2026-08-03T10:15:48.909+0000] {processor.py:161} INFO - Started process (PID=1365) to work on /opt/airflow/dags/training_pipeline_dag.py
[2026-08-03T10:15:48.910+0000] {processor.py:830} INFO - Processing file /opt/airflow/dags/training_pipeline_dag.py for tasks to queue
[2026-08-03T10:15:48.912+0000] {logging_mixin.py:188} INFO - [2026-08-03T10:15:48.911+0000] {dagbag.py:545} INFO - Filling up the DagBag from /opt/airflow/dags/training_pipeline_dag.py
[2026-08-03T10:15:48.925+0000] {processor.py:842} WARNING - No viable dags retrieved from /opt/airflow/dags/training_pipeline_dag.py
[2026-08-03T10:15:48.944+0000] {processor.py:183} INFO - Processing /opt/airflow/dags/training_pipeline_dag.py took 0.043 seconds
[2026-08-03T10:16:19.882+0000] {processor.py:161} INFO - Started process (PID=1381) to work on /opt/airflow/dags/training_pipeline_dag.py
[2026-08-03T10:16:19.883+0000] {processor.py:830} INFO - Processing file /opt/airflow/dags/training_pipeline_dag.py for tasks to queue
[2026-08-03T10:16:19.885+0000] {logging_mixin.py:188} INFO - [2026-08-03T10:16:19.885+0000] {dagbag.py:545} INFO - Filling up the DagBag from /opt/airflow/dags/training_pipeline_dag.py
[2026-08-03T10:16:19.903+0000] {processor.py:842} WARNING - No viable dags retrieved from /opt/airflow/dags/training_pipeline_dag.py
[2026-08-03T10:16:19.924+0000] {processor.py:183} INFO - Processing /opt/airflow/dags/training_pipeline_dag.py took 0.050 seconds
[2026-08-03T10:16:50.064+0000] {processor.py:161} INFO - Started process (PID=1397) to work on /opt/airflow/dags/training_pipeline_dag.py
[2026-08-03T10:16:50.065+0000] {processor.py:830} INFO - Processing file /opt/airflow/dags/training_pipeline_dag.py for tasks to queue
[2026-08-03T10:16:50.068+0000] {logging_mixin.py:188} INFO - [2026-08-03T10:16:50.068+0000] {dagbag.py:545} INFO - Filling up the DagBag from /opt/airflow/dags/training_pipeline_dag.py
[2026-08-03T10:16:50.078+0000] {processor.py:842} WARNING - No viable dags retrieved from /opt/airflow/dags/training_pipeline_dag.py
[2026-08-03T10:16:50.095+0000] {processor.py:183} INFO - Processing /opt/airflow/dags/training_pipeline_dag.py took 0.037 seconds
[2026-08-03T10:17:20.270+0000] {processor.py:161} INFO - Started process (PID=1413) to work on /opt/airflow/dags/training_pipeline_dag.py
[2026-08-03T10:17:20.272+0000] {processor.py:830} INFO - Processing file /opt/airflow/dags/training_pipeline_dag.py for tasks to queue
[2026-08-03T10:17:20.278+0000] {logging_mixin.py:188} INFO - [2026-08-03T10:17:20.277+0000] {dagbag.py:545} INFO - Filling up the DagBag from /opt/airflow/dags/training_pipeline_dag.py
[2026-08-03T10:17:20.293+0000] {processor.py:842} WARNING - No viable dags retrieved from /opt/airflow/dags/training_pipeline_dag.py
[2026-08-03T10:17:20.313+0000] {processor.py:183} INFO - Processing /opt/airflow/dags/training_pipeline_dag.py took 0.053 seconds
[2026-08-03T10:17:51.327+0000] {processor.py:161} INFO - Started process (PID=1429) to work on /opt/airflow/dags/training_pipeline_dag.py
[2026-08-03T10:17:51.329+0000] {processor.py:830} INFO - Processing file /opt/airflow/dags/training_pipeline_dag.py for tasks to queue
[2026-08-03T10:17:51.331+0000] {logging_mixin.py:188} INFO - [2026-08-03T10:17:51.330+0000] {dagbag.py:545} INFO - Filling up the DagBag from /opt/airflow/dags/training_pipeline_dag.py
[2026-08-03T10:17:51.347+0000] {processor.py:842} WARNING - No viable dags retrieved from /opt/airflow/dags/training_pipeline_dag.py
[2026-08-03T10:17:51.398+0000] {processor.py:183} INFO - Processing /opt/airflow/dags/training_pipeline_dag.py took 0.079 seconds
[2026-08-03T10:18:21.746+0000] {processor.py:161} INFO - Started process (PID=1445) to work on /opt/airflow/dags/training_pipeline_dag.py
[2026-08-03T10:18:21.747+0000] {processor.py:830} INFO - Processing file /opt/airflow/dags/training_pipeline_dag.py for tasks to queue
[2026-08-03T10:18:21.750+0000] {logging_mixin.py:188} INFO - [2026-08-03T10:18:21.749+0000] {dagbag.py:545} INFO - Filling up the DagBag from /opt/airflow/dags/training_pipeline_dag.py
[2026-08-03T10:18:21.769+0000] {processor.py:842} WARNING - No viable dags retrieved from /opt/airflow/dags/training_pipeline_dag.py
[2026-08-03T10:18:21.790+0000] {processor.py:183} INFO - Processing /opt/airflow/dags/training_pipeline_dag.py took 0.052 seconds
[2026-08-03T10:18:52.534+0000] {processor.py:161} INFO - Started process (PID=1461) to work on /opt/airflow/dags/training_pipeline_dag.py
[2026-08-03T10:18:52.559+0000] {processor.py:830} INFO - Processing file /opt/airflow/dags/training_pipeline_dag.py for tasks to queue
[2026-08-03T10:18:52.592+0000] {logging_mixin.py:188} INFO - [2026-08-03T10:18:52.592+0000] {dagbag.py:545} INFO - Filling up the DagBag from /opt/airflow/dags/training_pipeline_dag.py
[2026-08-03T10:18:52.619+0000] {processor.py:842} WARNING - No viable dags retrieved from /opt/airflow/dags/training_pipeline_dag.py
[2026-08-03T10:18:52.826+0000] {processor.py:183} INFO - Processing /opt/airflow/dags/training_pipeline_dag.py took 0.424 seconds
[2026-08-03T10:19:23.509+0000] {processor.py:161} INFO - Started process (PID=1477) to work on /opt/airflow/dags/training_pipeline_dag.py
[2026-08-03T10:19:23.514+0000] {processor.py:830} INFO - Processing file /opt/airflow/dags/training_pipeline_dag.py for tasks to queue
[2026-08-03T10:19:23.521+0000] {logging_mixin.py:188} INFO - [2026-08-03T10:19:23.520+0000] {dagbag.py:545} INFO - Filling up the DagBag from /opt/airflow/dags/training_pipeline_dag.py
[2026-08-03T10:19:23.548+0000] {processor.py:842} WARNING - No viable dags retrieved from /opt/airflow/dags/training_pipeline_dag.py
[2026-08-03T10:19:23.588+0000] {processor.py:183} INFO - Processing /opt/airflow/dags/training_pipeline_dag.py took 0.101 seconds
[2026-08-03T10:19:54.268+0000] {processor.py:161} INFO - Started process (PID=1493) to work on /opt/airflow/dags/training_pipeline_dag.py
[2026-08-03T10:19:54.269+0000] {processor.py:830} INFO - Processing file /opt/airflow/dags/training_pipeline_dag.py for tasks to queue
[2026-08-03T10:19:54.271+0000] {logging_mixin.py:188} INFO - [2026-08-03T10:19:54.271+0000] {dagbag.py:545} INFO - Filling up the DagBag from /opt/airflow/dags/training_pipeline_dag.py
[2026-08-03T10:19:54.291+0000] {processor.py:842} WARNING - No viable dags retrieved from /opt/airflow/dags/training_pipeline_dag.py
[2026-08-03T10:19:54.310+0000] {processor.py:183} INFO - Processing /opt/airflow/dags/training_pipeline_dag.py took 0.071 seconds
[2026-08-03T10:20:25.152+0000] {processor.py:161} INFO - Started process (PID=1507) to work on /opt/airflow/dags/training_pipeline_dag.py
[2026-08-03T10:20:25.183+0000] {processor.py:830} INFO - Processing file /opt/airflow/dags/training_pipeline_dag.py for tasks to queue
[2026-08-03T10:20:25.231+0000] {logging_mixin.py:188} INFO - [2026-08-03T10:20:25.231+0000] {dagbag.py:545} INFO - Filling up the DagBag from /opt/airflow/dags/training_pipeline_dag.py
[2026-08-03T10:20:25.258+0000] {processor.py:842} WARNING - No viable dags retrieved from /opt/airflow/dags/training_pipeline_dag.py
[2026-08-03T10:20:25.582+0000] {processor.py:183} INFO - Processing /opt/airflow/dags/training_pipeline_dag.py took 0.541 seconds
[2026-08-03T10:20:56.254+0000] {processor.py:161} INFO - Started process (PID=1519) to work on /opt/airflow/dags/training_pipeline_dag.py
[2026-08-03T10:20:56.256+0000] {processor.py:830} INFO - Processing file /opt/airflow/dags/training_pipeline_dag.py for tasks to queue
[2026-08-03T10:20:56.258+0000] {logging_mixin.py:188} INFO - [2026-08-03T10:20:56.258+0000] {dagbag.py:545} INFO - Filling up the DagBag from /opt/airflow/dags/training_pipeline_dag.py
[2026-08-03T10:20:56.284+0000] {processor.py:842} WARNING - No viable dags retrieved from /opt/airflow/dags/training_pipeline_dag.py
[2026-08-03T10:20:56.302+0000] {processor.py:183} INFO - Processing /opt/airflow/dags/training_pipeline_dag.py took 0.056 seconds
[2026-08-03T10:21:26.720+0000] {processor.py:161} INFO - Started process (PID=1535) to work on /opt/airflow/dags/training_pipeline_dag.py
[2026-08-03T10:21:26.721+0000] {processor.py:830} INFO - Processing file /opt/airflow/dags/training_pipeline_dag.py for tasks to queue
[2026-08-03T10:21:26.723+0000] {logging_mixin.py:188} INFO - [2026-08-03T10:21:26.722+0000] {dagbag.py:545} INFO - Filling up the DagBag from /opt/airflow/dags/training_pipeline_dag.py
[2026-08-03T10:21:26.734+0000] {processor.py:842} WARNING - No viable dags retrieved from /opt/airflow/dags/training_pipeline_dag.py
[2026-08-03T10:21:26.750+0000] {processor.py:183} INFO - Processing /opt/airflow/dags/training_pipeline_dag.py took 0.038 seconds
[2026-08-03T10:21:56.815+0000] {processor.py:161} INFO - Started process (PID=1551) to work on /opt/airflow/dags/training_pipeline_dag.py
[2026-08-03T10:21:56.816+0000] {processor.py:830} INFO - Processing file /opt/airflow/dags/training_pipeline_dag.py for tasks to queue
[2026-08-03T10:21:56.818+0000] {logging_mixin.py:188} INFO - [2026-08-03T10:21:56.818+0000] {dagbag.py:545} INFO - Filling up the DagBag from /opt/airflow/dags/training_pipeline_dag.py
[2026-08-03T10:21:56.831+0000] {processor.py:842} WARNING - No viable dags retrieved from /opt/airflow/dags/training_pipeline_dag.py
[2026-08-03T10:21:56.850+0000] {processor.py:183} INFO - Processing /opt/airflow/dags/training_pipeline_dag.py took 0.042 seconds
[2026-08-03T10:22:27.806+0000] {processor.py:161} INFO - Started process (PID=1567) to work on /opt/airflow/dags/training_pipeline_dag.py
[2026-08-03T10:22:27.807+0000] {processor.py:830} INFO - Processing file /opt/airflow/dags/training_pipeline_dag.py for tasks to queue
[2026-08-03T10:22:27.812+0000] {logging_mixin.py:188} INFO - [2026-08-03T10:22:27.811+0000] {dagbag.py:545} INFO - Filling up the DagBag from /opt/airflow/dags/training_pipeline_dag.py
[2026-08-03T10:22:27.824+0000] {processor.py:842} WARNING - No viable dags retrieved from /opt/airflow/dags/training_pipeline_dag.py
[2026-08-03T10:22:27.845+0000] {processor.py:183} INFO - Processing /opt/airflow/dags/training_pipeline_dag.py took 0.049 seconds
[2026-08-03T10:22:58.633+0000] {processor.py:161} INFO - Started process (PID=1583) to work on /opt/airflow/dags/training_pipeline_dag.py
[2026-08-03T10:22:58.634+0000] {processor.py:830} INFO - Processing file /opt/airflow/dags/training_pipeline_dag.py for tasks to queue
[2026-08-03T10:22:58.652+0000] {logging_mixin.py:188} INFO - [2026-08-03T10:22:58.640+0000] {dagbag.py:545} INFO - Filling up the DagBag from /opt/airflow/dags/training_pipeline_dag.py
[2026-08-03T10:22:58.676+0000] {processor.py:842} WARNING - No viable dags retrieved from /opt/airflow/dags/training_pipeline_dag.py
[2026-08-03T10:22:58.780+0000] {processor.py:183} INFO - Processing /opt/airflow/dags/training_pipeline_dag.py took 0.307 seconds
[2026-08-03T10:23:29.701+0000] {processor.py:161} INFO - Started process (PID=1599) to work on /opt/airflow/dags/training_pipeline_dag.py
[2026-08-03T10:23:29.703+0000] {processor.py:830} INFO - Processing file /opt/airflow/dags/training_pipeline_dag.py for tasks to queue
[2026-08-03T10:23:30.087+0000] {logging_mixin.py:188} INFO - [2026-08-03T10:23:30.087+0000] {dagbag.py:545} INFO - Filling up the DagBag from /opt/airflow/dags/training_pipeline_dag.py
[2026-08-03T10:23:30.353+0000] {processor.py:842} WARNING - No viable dags retrieved from /opt/airflow/dags/training_pipeline_dag.py
[2026-08-03T10:23:31.397+0000] {processor.py:183} INFO - Processing /opt/airflow/dags/training_pipeline_dag.py took 2.070 seconds
[2026-08-03T10:24:02.314+0000] {processor.py:161} INFO - Started process (PID=1615) to work on /opt/airflow/dags/training_pipeline_dag.py
[2026-08-03T10:24:02.323+0000] {processor.py:830} INFO - Processing file /opt/airflow/dags/training_pipeline_dag.py for tasks to queue
[2026-08-03T10:24:02.346+0000] {logging_mixin.py:188} INFO - [2026-08-03T10:24:02.345+0000] {dagbag.py:545} INFO - Filling up the DagBag from /opt/airflow/dags/training_pipeline_dag.py
[2026-08-03T10:24:02.367+0000] {processor.py:842} WARNING - No viable dags retrieved from /opt/airflow/dags/training_pipeline_dag.py
[2026-08-03T10:24:12.728+0000] {processor.py:186} ERROR - Got an exception! Propagating...
Traceback (most recent call last):
  File "/home/airflow/.local/lib/python3.11/site-packages/sqlalchemy/engine/base.py", line 3371, in _wrap_pool_connect
    return fn()
           ^^^^
  File "/home/airflow/.local/lib/python3.11/site-packages/sqlalchemy/pool/base.py", line 327, in connect
    return _ConnectionFairy._checkout(self)
           ^^^^^^^^^^^^^^^^^^^^^^^^^^^^^^^^
  File "/home/airflow/.local/lib/python3.11/site-packages/sqlalchemy/pool/base.py", line 894, in _checkout
    fairy = _ConnectionRecord.checkout(pool)
            ^^^^^^^^^^^^^^^^^^^^^^^^^^^^^^^^
  File "/home/airflow/.local/lib/python3.11/site-packages/sqlalchemy/pool/base.py", line 493, in checkout
    rec = pool._do_get()
          ^^^^^^^^^^^^^^
  File "/home/airflow/.local/lib/python3.11/site-packages/sqlalchemy/pool/impl.py", line 145, in _do_get
    with util.safe_reraise():
  File "/home/airflow/.local/lib/python3.11/site-packages/sqlalchemy/util/langhelpers.py", line 70, in __exit__
    compat.raise_(
  File "/home/airflow/.local/lib/python3.11/site-packages/sqlalchemy/util/compat.py", line 211, in raise_
    raise exception
  File "/home/airflow/.local/lib/python3.11/site-packages/sqlalchemy/pool/impl.py", line 143, in _do_get
    return self._create_connection()
           ^^^^^^^^^^^^^^^^^^^^^^^^^
  File "/home/airflow/.local/lib/python3.11/site-packages/sqlalchemy/pool/base.py", line 273, in _create_connection
    return _ConnectionRecord(self)
           ^^^^^^^^^^^^^^^^^^^^^^^
  File "/home/airflow/.local/lib/python3.11/site-packages/sqlalchemy/pool/base.py", line 388, in __init__
    self.__connect()
  File "/home/airflow/.local/lib/python3.11/site-packages/sqlalchemy/pool/base.py", line 690, in __connect
    with util.safe_reraise():
  File "/home/airflow/.local/lib/python3.11/site-packages/sqlalchemy/util/langhelpers.py", line 70, in __exit__
    compat.raise_(
  File "/home/airflow/.local/lib/python3.11/site-packages/sqlalchemy/util/compat.py", line 211, in raise_
    raise exception
  File "/home/airflow/.local/lib/python3.11/site-packages/sqlalchemy/pool/base.py", line 686, in __connect
    self.dbapi_connection = connection = pool._invoke_creator(self)
                                         ^^^^^^^^^^^^^^^^^^^^^^^^^^
  File "/home/airflow/.local/lib/python3.11/site-packages/sqlalchemy/engine/create.py", line 574, in connect
    return dialect.connect(*cargs, **cparams)
           ^^^^^^^^^^^^^^^^^^^^^^^^^^^^^^^^^^
  File "/home/airflow/.local/lib/python3.11/site-packages/sqlalchemy/engine/default.py", line 598, in connect
    return self.dbapi.connect(*cargs, **cparams)
           ^^^^^^^^^^^^^^^^^^^^^^^^^^^^^^^^^^^^^
  File "/home/airflow/.local/lib/python3.11/site-packages/psycopg2/__init__.py", line 122, in connect
    conn = _connect(dsn, connection_factory=connection_factory, **kwasync)
           ^^^^^^^^^^^^^^^^^^^^^^^^^^^^^^^^^^^^^^^^^^^^^^^^^^^^^^^^^^^^^^^
psycopg2.OperationalError: could not translate host name "postgres" to address: Temporary failure in name resolution


The above exception was the direct cause of the following exception:

Traceback (most recent call last):
  File "/home/airflow/.local/lib/python3.11/site-packages/airflow/dag_processing/processor.py", line 182, in _run_file_processor
    _handle_dag_file_processing()
  File "/home/airflow/.local/lib/python3.11/site-packages/airflow/dag_processing/processor.py", line 163, in _handle_dag_file_processing
    result: tuple[int, int] = dag_file_processor.process_file(
                              ^^^^^^^^^^^^^^^^^^^^^^^^^^^^^^^^
  File "/home/airflow/.local/lib/python3.11/site-packages/airflow/utils/session.py", line 79, in wrapper
    return func(*args, session=session, **kwargs)
           ^^^^^^^^^^^^^^^^^^^^^^^^^^^^^^^^^^^^^^
  File "/home/airflow/.local/lib/python3.11/site-packages/airflow/dag_processing/processor.py", line 843, in process_file
    DagFileProcessor.update_import_errors(
  File "/home/airflow/.local/lib/python3.11/site-packages/airflow/api_internal/internal_api_call.py", line 115, in wrapper
    return func(*args, **kwargs)
           ^^^^^^^^^^^^^^^^^^^^^
  File "/home/airflow/.local/lib/python3.11/site-packages/airflow/utils/session.py", line 76, in wrapper
    return func(*args, **kwargs)
           ^^^^^^^^^^^^^^^^^^^^^
  File "/home/airflow/.local/lib/python3.11/site-packages/airflow/dag_processing/processor.py", line 615, in update_import_errors
    session.execute(
  File "/home/airflow/.local/lib/python3.11/site-packages/sqlalchemy/orm/session.py", line 1716, in execute
    conn = self._connection_for_bind(bind)
           ^^^^^^^^^^^^^^^^^^^^^^^^^^^^^^^
  File "/home/airflow/.local/lib/python3.11/site-packages/sqlalchemy/orm/session.py", line 1555, in _connection_for_bind
    return self._transaction._connection_for_bind(
           ^^^^^^^^^^^^^^^^^^^^^^^^^^^^^^^^^^^^^^^
  File "/home/airflow/.local/lib/python3.11/site-packages/sqlalchemy/orm/session.py", line 750, in _connection_for_bind
    conn = bind.connect()
           ^^^^^^^^^^^^^^
  File "/home/airflow/.local/lib/python3.11/site-packages/sqlalchemy/future/engine.py", line 412, in connect
    return super(Engine, self).connect()
           ^^^^^^^^^^^^^^^^^^^^^^^^^^^^^
  File "/home/airflow/.local/lib/python3.11/site-packages/sqlalchemy/engine/base.py", line 3325, in connect
    return self._connection_cls(self, close_with_result=close_with_result)
           ^^^^^^^^^^^^^^^^^^^^^^^^^^^^^^^^^^^^^^^^^^^^^^^^^^^^^^^^^^^^^^^
  File "/home/airflow/.local/lib/python3.11/site-packages/sqlalchemy/engine/base.py", line 96, in __init__
    else engine.raw_connection()
         ^^^^^^^^^^^^^^^^^^^^^^^
  File "/home/airflow/.local/lib/python3.11/site-packages/sqlalchemy/engine/base.py", line 3404, in raw_connection
    return self._wrap_pool_connect(self.pool.connect, _connection)
           ^^^^^^^^^^^^^^^^^^^^^^^^^^^^^^^^^^^^^^^^^^^^^^^^^^^^^^^
  File "/home/airflow/.local/lib/python3.11/site-packages/sqlalchemy/engine/base.py", line 3374, in _wrap_pool_connect
    Connection._handle_dbapi_exception_noconnection(
  File "/home/airflow/.local/lib/python3.11/site-packages/sqlalchemy/engine/base.py", line 2208, in _handle_dbapi_exception_noconnection
    util.raise_(
  File "/home/airflow/.local/lib/python3.11/site-packages/sqlalchemy/util/compat.py", line 211, in raise_
    raise exception
  File "/home/airflow/.local/lib/python3.11/site-packages/sqlalchemy/engine/base.py", line 3371, in _wrap_pool_connect
    return fn()
           ^^^^
  File "/home/airflow/.local/lib/python3.11/site-packages/sqlalchemy/pool/base.py", line 327, in connect
    return _ConnectionFairy._checkout(self)
           ^^^^^^^^^^^^^^^^^^^^^^^^^^^^^^^^
  File "/home/airflow/.local/lib/python3.11/site-packages/sqlalchemy/pool/base.py", line 894, in _checkout
    fairy = _ConnectionRecord.checkout(pool)
            ^^^^^^^^^^^^^^^^^^^^^^^^^^^^^^^^
  File "/home/airflow/.local/lib/python3.11/site-packages/sqlalchemy/pool/base.py", line 493, in checkout
    rec = pool._do_get()
          ^^^^^^^^^^^^^^
  File "/home/airflow/.local/lib/python3.11/site-packages/sqlalchemy/pool/impl.py", line 145, in _do_get
    with util.safe_reraise():
  File "/home/airflow/.local/lib/python3.11/site-packages/sqlalchemy/util/langhelpers.py", line 70, in __exit__
    compat.raise_(
  File "/home/airflow/.local/lib/python3.11/site-packages/sqlalchemy/util/compat.py", line 211, in raise_
    raise exception
  File "/home/airflow/.local/lib/python3.11/site-packages/sqlalchemy/pool/impl.py", line 143, in _do_get
    return self._create_connection()
           ^^^^^^^^^^^^^^^^^^^^^^^^^
  File "/home/airflow/.local/lib/python3.11/site-packages/sqlalchemy/pool/base.py", line 273, in _create_connection
    return _ConnectionRecord(self)
           ^^^^^^^^^^^^^^^^^^^^^^^
  File "/home/airflow/.local/lib/python3.11/site-packages/sqlalchemy/pool/base.py", line 388, in __init__
    self.__connect()
  File "/home/airflow/.local/lib/python3.11/site-packages/sqlalchemy/pool/base.py", line 690, in __connect
    with util.safe_reraise():
  File "/home/airflow/.local/lib/python3.11/site-packages/sqlalchemy/util/langhelpers.py", line 70, in __exit__
    compat.raise_(
  File "/home/airflow/.local/lib/python3.11/site-packages/sqlalchemy/util/compat.py", line 211, in raise_
    raise exception
  File "/home/airflow/.local/lib/python3.11/site-packages/sqlalchemy/pool/base.py", line 686, in __connect
    self.dbapi_connection = connection = pool._invoke_creator(self)
                                         ^^^^^^^^^^^^^^^^^^^^^^^^^^
  File "/home/airflow/.local/lib/python3.11/site-packages/sqlalchemy/engine/create.py", line 574, in connect
    return dialect.connect(*cargs, **cparams)
           ^^^^^^^^^^^^^^^^^^^^^^^^^^^^^^^^^^
  File "/home/airflow/.local/lib/python3.11/site-packages/sqlalchemy/engine/default.py", line 598, in connect
    return self.dbapi.connect(*cargs, **cparams)
           ^^^^^^^^^^^^^^^^^^^^^^^^^^^^^^^^^^^^^
  File "/home/airflow/.local/lib/python3.11/site-packages/psycopg2/__init__.py", line 122, in connect
    conn = _connect(dsn, connection_factory=connection_factory, **kwasync)
           ^^^^^^^^^^^^^^^^^^^^^^^^^^^^^^^^^^^^^^^^^^^^^^^^^^^^^^^^^^^^^^^
sqlalchemy.exc.OperationalError: (psycopg2.OperationalError) could not translate host name "postgres" to address: Temporary failure in name resolution

(Background on this error at: https://sqlalche.me/e/14/e3q8)
[2026-08-03T10:24:52.143+0000] {processor.py:161} INFO - Started process (PID=1631) to work on /opt/airflow/dags/training_pipeline_dag.py
[2026-08-03T10:24:52.144+0000] {processor.py:830} INFO - Processing file /opt/airflow/dags/training_pipeline_dag.py for tasks to queue
[2026-08-03T10:24:52.147+0000] {logging_mixin.py:188} INFO - [2026-08-03T10:24:52.146+0000] {dagbag.py:545} INFO - Filling up the DagBag from /opt/airflow/dags/training_pipeline_dag.py
[2026-08-03T10:24:52.161+0000] {processor.py:842} WARNING - No viable dags retrieved from /opt/airflow/dags/training_pipeline_dag.py
[2026-08-03T10:24:52.180+0000] {processor.py:183} INFO - Processing /opt/airflow/dags/training_pipeline_dag.py took 0.047 seconds
[2026-08-03T10:25:22.822+0000] {processor.py:161} INFO - Started process (PID=1647) to work on /opt/airflow/dags/training_pipeline_dag.py
[2026-08-03T10:25:22.823+0000] {processor.py:830} INFO - Processing file /opt/airflow/dags/training_pipeline_dag.py for tasks to queue
[2026-08-03T10:25:22.827+0000] {logging_mixin.py:188} INFO - [2026-08-03T10:25:22.826+0000] {dagbag.py:545} INFO - Filling up the DagBag from /opt/airflow/dags/training_pipeline_dag.py
[2026-08-03T10:25:22.839+0000] {processor.py:842} WARNING - No viable dags retrieved from /opt/airflow/dags/training_pipeline_dag.py
[2026-08-03T10:25:22.935+0000] {processor.py:183} INFO - Processing /opt/airflow/dags/training_pipeline_dag.py took 0.128 seconds
[2026-08-03T10:26:00.637+0000] {processor.py:161} INFO - Started process (PID=1663) to work on /opt/airflow/dags/training_pipeline_dag.py
[2026-08-03T10:26:00.639+0000] {processor.py:830} INFO - Processing file /opt/airflow/dags/training_pipeline_dag.py for tasks to queue
[2026-08-03T10:26:01.320+0000] {logging_mixin.py:188} INFO - [2026-08-03T10:26:01.313+0000] {dagbag.py:545} INFO - Filling up the DagBag from /opt/airflow/dags/training_pipeline_dag.py
[2026-08-03T10:26:01.354+0000] {processor.py:842} WARNING - No viable dags retrieved from /opt/airflow/dags/training_pipeline_dag.py
[2026-08-03T10:26:01.555+0000] {processor.py:183} INFO - Processing /opt/airflow/dags/training_pipeline_dag.py took 4.131 seconds
[2026-08-03T10:26:33.331+0000] {processor.py:161} INFO - Started process (PID=1679) to work on /opt/airflow/dags/training_pipeline_dag.py
[2026-08-03T10:26:33.548+0000] {processor.py:830} INFO - Processing file /opt/airflow/dags/training_pipeline_dag.py for tasks to queue
[2026-08-03T10:26:33.754+0000] {logging_mixin.py:188} INFO - [2026-08-03T10:26:33.683+0000] {dagbag.py:545} INFO - Filling up the DagBag from /opt/airflow/dags/training_pipeline_dag.py
[2026-08-03T10:26:33.790+0000] {processor.py:842} WARNING - No viable dags retrieved from /opt/airflow/dags/training_pipeline_dag.py
[2026-08-03T10:26:38.771+0000] {processor.py:183} INFO - Processing /opt/airflow/dags/training_pipeline_dag.py took 6.220 seconds
[2026-08-03T10:28:28.795+0000] {processor.py:161} INFO - Started process (PID=170) to work on /opt/airflow/dags/training_pipeline_dag.py
[2026-08-03T10:28:28.895+0000] {processor.py:830} INFO - Processing file /opt/airflow/dags/training_pipeline_dag.py for tasks to queue
[2026-08-03T10:28:29.048+0000] {logging_mixin.py:188} INFO - [2026-08-03T10:28:29.024+0000] {dagbag.py:545} INFO - Filling up the DagBag from /opt/airflow/dags/training_pipeline_dag.py
[2026-08-03T10:28:29.272+0000] {processor.py:842} WARNING - No viable dags retrieved from /opt/airflow/dags/training_pipeline_dag.py
[2026-08-03T10:28:30.051+0000] {processor.py:183} INFO - Processing /opt/airflow/dags/training_pipeline_dag.py took 1.761 seconds
[2026-08-03T10:29:00.262+0000] {processor.py:161} INFO - Started process (PID=184) to work on /opt/airflow/dags/training_pipeline_dag.py
[2026-08-03T10:29:00.264+0000] {processor.py:830} INFO - Processing file /opt/airflow/dags/training_pipeline_dag.py for tasks to queue
[2026-08-03T10:29:00.268+0000] {logging_mixin.py:188} INFO - [2026-08-03T10:29:00.268+0000] {dagbag.py:545} INFO - Filling up the DagBag from /opt/airflow/dags/training_pipeline_dag.py
[2026-08-03T10:29:00.285+0000] {processor.py:842} WARNING - No viable dags retrieved from /opt/airflow/dags/training_pipeline_dag.py
[2026-08-03T10:29:00.307+0000] {processor.py:183} INFO - Processing /opt/airflow/dags/training_pipeline_dag.py took 0.057 seconds
[2026-08-03T10:29:31.977+0000] {processor.py:161} INFO - Started process (PID=198) to work on /opt/airflow/dags/training_pipeline_dag.py
[2026-08-03T10:29:31.992+0000] {processor.py:830} INFO - Processing file /opt/airflow/dags/training_pipeline_dag.py for tasks to queue
[2026-08-03T10:29:32.436+0000] {logging_mixin.py:188} INFO - [2026-08-03T10:29:32.398+0000] {dagbag.py:545} INFO - Filling up the DagBag from /opt/airflow/dags/training_pipeline_dag.py
[2026-08-03T10:29:32.627+0000] {processor.py:842} WARNING - No viable dags retrieved from /opt/airflow/dags/training_pipeline_dag.py
[2026-08-03T10:29:33.485+0000] {processor.py:183} INFO - Processing /opt/airflow/dags/training_pipeline_dag.py took 1.723 seconds
[2026-08-03T10:30:03.826+0000] {processor.py:161} INFO - Started process (PID=210) to work on /opt/airflow/dags/training_pipeline_dag.py
[2026-08-03T10:30:03.828+0000] {processor.py:830} INFO - Processing file /opt/airflow/dags/training_pipeline_dag.py for tasks to queue
[2026-08-03T10:30:03.832+0000] {logging_mixin.py:188} INFO - [2026-08-03T10:30:03.831+0000] {dagbag.py:545} INFO - Filling up the DagBag from /opt/airflow/dags/training_pipeline_dag.py
[2026-08-03T10:30:03.856+0000] {processor.py:842} WARNING - No viable dags retrieved from /opt/airflow/dags/training_pipeline_dag.py
[2026-08-03T10:30:03.881+0000] {processor.py:183} INFO - Processing /opt/airflow/dags/training_pipeline_dag.py took 0.067 seconds
[2026-08-03T10:30:34.457+0000] {processor.py:161} INFO - Started process (PID=226) to work on /opt/airflow/dags/training_pipeline_dag.py
[2026-08-03T10:30:34.462+0000] {processor.py:830} INFO - Processing file /opt/airflow/dags/training_pipeline_dag.py for tasks to queue
[2026-08-03T10:30:34.469+0000] {logging_mixin.py:188} INFO - [2026-08-03T10:30:34.468+0000] {dagbag.py:545} INFO - Filling up the DagBag from /opt/airflow/dags/training_pipeline_dag.py
[2026-08-03T10:30:34.478+0000] {processor.py:842} WARNING - No viable dags retrieved from /opt/airflow/dags/training_pipeline_dag.py
[2026-08-03T10:30:34.502+0000] {processor.py:183} INFO - Processing /opt/airflow/dags/training_pipeline_dag.py took 0.053 seconds
[2026-08-03T10:31:04.997+0000] {processor.py:161} INFO - Started process (PID=242) to work on /opt/airflow/dags/training_pipeline_dag.py
[2026-08-03T10:31:04.999+0000] {processor.py:830} INFO - Processing file /opt/airflow/dags/training_pipeline_dag.py for tasks to queue
[2026-08-03T10:31:05.001+0000] {logging_mixin.py:188} INFO - [2026-08-03T10:31:05.000+0000] {dagbag.py:545} INFO - Filling up the DagBag from /opt/airflow/dags/training_pipeline_dag.py
[2026-08-03T10:31:05.011+0000] {processor.py:842} WARNING - No viable dags retrieved from /opt/airflow/dags/training_pipeline_dag.py
[2026-08-03T10:31:05.252+0000] {processor.py:183} INFO - Processing /opt/airflow/dags/training_pipeline_dag.py took 0.278 seconds
[2026-08-03T10:31:36.538+0000] {processor.py:161} INFO - Started process (PID=258) to work on /opt/airflow/dags/training_pipeline_dag.py
[2026-08-03T10:31:36.552+0000] {processor.py:830} INFO - Processing file /opt/airflow/dags/training_pipeline_dag.py for tasks to queue
[2026-08-03T10:31:36.555+0000] {logging_mixin.py:188} INFO - [2026-08-03T10:31:36.554+0000] {dagbag.py:545} INFO - Filling up the DagBag from /opt/airflow/dags/training_pipeline_dag.py
[2026-08-03T10:31:36.710+0000] {processor.py:842} WARNING - No viable dags retrieved from /opt/airflow/dags/training_pipeline_dag.py
[2026-08-03T10:31:36.784+0000] {processor.py:183} INFO - Processing /opt/airflow/dags/training_pipeline_dag.py took 0.253 seconds
[2026-08-03T10:32:06.753+0000] {processor.py:161} INFO - Started process (PID=274) to work on /opt/airflow/dags/training_pipeline_dag.py
[2026-08-03T10:32:06.757+0000] {processor.py:830} INFO - Processing file /opt/airflow/dags/training_pipeline_dag.py for tasks to queue
[2026-08-03T10:32:06.760+0000] {logging_mixin.py:188} INFO - [2026-08-03T10:32:06.759+0000] {dagbag.py:545} INFO - Filling up the DagBag from /opt/airflow/dags/training_pipeline_dag.py
[2026-08-03T10:32:06.769+0000] {processor.py:842} WARNING - No viable dags retrieved from /opt/airflow/dags/training_pipeline_dag.py
[2026-08-03T10:32:06.896+0000] {processor.py:183} INFO - Processing /opt/airflow/dags/training_pipeline_dag.py took 0.151 seconds
[2026-08-03T10:32:37.661+0000] {processor.py:161} INFO - Started process (PID=290) to work on /opt/airflow/dags/training_pipeline_dag.py
[2026-08-03T10:32:37.663+0000] {processor.py:830} INFO - Processing file /opt/airflow/dags/training_pipeline_dag.py for tasks to queue
[2026-08-03T10:32:37.667+0000] {logging_mixin.py:188} INFO - [2026-08-03T10:32:37.666+0000] {dagbag.py:545} INFO - Filling up the DagBag from /opt/airflow/dags/training_pipeline_dag.py
[2026-08-03T10:32:37.682+0000] {processor.py:842} WARNING - No viable dags retrieved from /opt/airflow/dags/training_pipeline_dag.py
[2026-08-03T10:32:38.630+0000] {processor.py:183} INFO - Processing /opt/airflow/dags/training_pipeline_dag.py took 0.981 seconds
[2026-08-03T10:33:09.608+0000] {processor.py:161} INFO - Started process (PID=306) to work on /opt/airflow/dags/training_pipeline_dag.py
[2026-08-03T10:33:09.610+0000] {processor.py:830} INFO - Processing file /opt/airflow/dags/training_pipeline_dag.py for tasks to queue
[2026-08-03T10:33:09.613+0000] {logging_mixin.py:188} INFO - [2026-08-03T10:33:09.612+0000] {dagbag.py:545} INFO - Filling up the DagBag from /opt/airflow/dags/training_pipeline_dag.py
[2026-08-03T10:33:09.627+0000] {processor.py:842} WARNING - No viable dags retrieved from /opt/airflow/dags/training_pipeline_dag.py
[2026-08-03T10:33:09.647+0000] {processor.py:183} INFO - Processing /opt/airflow/dags/training_pipeline_dag.py took 0.049 seconds
[2026-08-03T10:33:39.787+0000] {processor.py:161} INFO - Started process (PID=322) to work on /opt/airflow/dags/training_pipeline_dag.py
[2026-08-03T10:33:39.788+0000] {processor.py:830} INFO - Processing file /opt/airflow/dags/training_pipeline_dag.py for tasks to queue
[2026-08-03T10:33:39.791+0000] {logging_mixin.py:188} INFO - [2026-08-03T10:33:39.791+0000] {dagbag.py:545} INFO - Filling up the DagBag from /opt/airflow/dags/training_pipeline_dag.py
[2026-08-03T10:33:39.808+0000] {processor.py:842} WARNING - No viable dags retrieved from /opt/airflow/dags/training_pipeline_dag.py
[2026-08-03T10:33:39.830+0000] {processor.py:183} INFO - Processing /opt/airflow/dags/training_pipeline_dag.py took 0.055 seconds
[2026-08-03T10:34:11.285+0000] {processor.py:161} INFO - Started process (PID=336) to work on /opt/airflow/dags/training_pipeline_dag.py
[2026-08-03T10:34:11.288+0000] {processor.py:830} INFO - Processing file /opt/airflow/dags/training_pipeline_dag.py for tasks to queue
[2026-08-03T10:34:11.291+0000] {logging_mixin.py:188} INFO - [2026-08-03T10:34:11.291+0000] {dagbag.py:545} INFO - Filling up the DagBag from /opt/airflow/dags/training_pipeline_dag.py
[2026-08-03T10:34:11.314+0000] {processor.py:842} WARNING - No viable dags retrieved from /opt/airflow/dags/training_pipeline_dag.py
[2026-08-03T10:34:11.992+0000] {processor.py:183} INFO - Processing /opt/airflow/dags/training_pipeline_dag.py took 1.146 seconds
[2026-08-03T10:34:43.107+0000] {processor.py:161} INFO - Started process (PID=348) to work on /opt/airflow/dags/training_pipeline_dag.py
[2026-08-03T10:34:43.128+0000] {processor.py:830} INFO - Processing file /opt/airflow/dags/training_pipeline_dag.py for tasks to queue
[2026-08-03T10:34:43.324+0000] {logging_mixin.py:188} INFO - [2026-08-03T10:34:43.323+0000] {dagbag.py:545} INFO - Filling up the DagBag from /opt/airflow/dags/training_pipeline_dag.py
[2026-08-03T10:34:43.629+0000] {processor.py:842} WARNING - No viable dags retrieved from /opt/airflow/dags/training_pipeline_dag.py
[2026-08-03T10:34:46.020+0000] {processor.py:183} INFO - Processing /opt/airflow/dags/training_pipeline_dag.py took 2.924 seconds
[2026-08-03T10:35:16.712+0000] {processor.py:161} INFO - Started process (PID=364) to work on /opt/airflow/dags/training_pipeline_dag.py
[2026-08-03T10:35:16.713+0000] {processor.py:830} INFO - Processing file /opt/airflow/dags/training_pipeline_dag.py for tasks to queue
[2026-08-03T10:35:16.715+0000] {logging_mixin.py:188} INFO - [2026-08-03T10:35:16.715+0000] {dagbag.py:545} INFO - Filling up the DagBag from /opt/airflow/dags/training_pipeline_dag.py
[2026-08-03T10:35:16.727+0000] {processor.py:842} WARNING - No viable dags retrieved from /opt/airflow/dags/training_pipeline_dag.py
[2026-08-03T10:35:16.750+0000] {processor.py:183} INFO - Processing /opt/airflow/dags/training_pipeline_dag.py took 0.048 seconds
[2026-08-03T10:35:47.642+0000] {processor.py:161} INFO - Started process (PID=380) to work on /opt/airflow/dags/training_pipeline_dag.py
[2026-08-03T10:35:47.643+0000] {processor.py:830} INFO - Processing file /opt/airflow/dags/training_pipeline_dag.py for tasks to queue
[2026-08-03T10:35:47.646+0000] {logging_mixin.py:188} INFO - [2026-08-03T10:35:47.646+0000] {dagbag.py:545} INFO - Filling up the DagBag from /opt/airflow/dags/training_pipeline_dag.py
[2026-08-03T10:35:47.658+0000] {processor.py:842} WARNING - No viable dags retrieved from /opt/airflow/dags/training_pipeline_dag.py
[2026-08-03T10:35:47.677+0000] {processor.py:183} INFO - Processing /opt/airflow/dags/training_pipeline_dag.py took 0.043 seconds
[2026-08-03T10:36:18.202+0000] {processor.py:161} INFO - Started process (PID=396) to work on /opt/airflow/dags/training_pipeline_dag.py
[2026-08-03T10:36:18.203+0000] {processor.py:830} INFO - Processing file /opt/airflow/dags/training_pipeline_dag.py for tasks to queue
[2026-08-03T10:36:18.205+0000] {logging_mixin.py:188} INFO - [2026-08-03T10:36:18.205+0000] {dagbag.py:545} INFO - Filling up the DagBag from /opt/airflow/dags/training_pipeline_dag.py
[2026-08-03T10:36:18.225+0000] {processor.py:842} WARNING - No viable dags retrieved from /opt/airflow/dags/training_pipeline_dag.py
[2026-08-03T10:36:18.243+0000] {processor.py:183} INFO - Processing /opt/airflow/dags/training_pipeline_dag.py took 0.051 seconds
[2026-08-03T10:36:48.562+0000] {processor.py:161} INFO - Started process (PID=412) to work on /opt/airflow/dags/training_pipeline_dag.py
[2026-08-03T10:36:48.563+0000] {processor.py:830} INFO - Processing file /opt/airflow/dags/training_pipeline_dag.py for tasks to queue
[2026-08-03T10:36:48.566+0000] {logging_mixin.py:188} INFO - [2026-08-03T10:36:48.565+0000] {dagbag.py:545} INFO - Filling up the DagBag from /opt/airflow/dags/training_pipeline_dag.py
[2026-08-03T10:36:48.577+0000] {processor.py:842} WARNING - No viable dags retrieved from /opt/airflow/dags/training_pipeline_dag.py
[2026-08-03T10:36:48.597+0000] {processor.py:183} INFO - Processing /opt/airflow/dags/training_pipeline_dag.py took 0.045 seconds
[2026-08-03T10:37:19.408+0000] {processor.py:161} INFO - Started process (PID=428) to work on /opt/airflow/dags/training_pipeline_dag.py
[2026-08-03T10:37:19.409+0000] {processor.py:830} INFO - Processing file /opt/airflow/dags/training_pipeline_dag.py for tasks to queue
[2026-08-03T10:37:19.410+0000] {logging_mixin.py:188} INFO - [2026-08-03T10:37:19.410+0000] {dagbag.py:545} INFO - Filling up the DagBag from /opt/airflow/dags/training_pipeline_dag.py
[2026-08-03T10:37:19.423+0000] {processor.py:842} WARNING - No viable dags retrieved from /opt/airflow/dags/training_pipeline_dag.py
[2026-08-03T10:37:19.439+0000] {processor.py:183} INFO - Processing /opt/airflow/dags/training_pipeline_dag.py took 0.042 seconds
[2026-08-03T10:37:50.014+0000] {processor.py:161} INFO - Started process (PID=444) to work on /opt/airflow/dags/training_pipeline_dag.py
[2026-08-03T10:37:50.083+0000] {processor.py:830} INFO - Processing file /opt/airflow/dags/training_pipeline_dag.py for tasks to queue
[2026-08-03T10:37:50.224+0000] {logging_mixin.py:188} INFO - [2026-08-03T10:37:50.218+0000] {dagbag.py:545} INFO - Filling up the DagBag from /opt/airflow/dags/training_pipeline_dag.py
[2026-08-03T10:37:50.247+0000] {processor.py:842} WARNING - No viable dags retrieved from /opt/airflow/dags/training_pipeline_dag.py
[2026-08-03T10:37:50.452+0000] {processor.py:183} INFO - Processing /opt/airflow/dags/training_pipeline_dag.py took 0.673 seconds
[2026-08-03T10:38:21.156+0000] {processor.py:161} INFO - Started process (PID=460) to work on /opt/airflow/dags/training_pipeline_dag.py
[2026-08-03T10:38:21.157+0000] {processor.py:830} INFO - Processing file /opt/airflow/dags/training_pipeline_dag.py for tasks to queue
[2026-08-03T10:38:21.160+0000] {logging_mixin.py:188} INFO - [2026-08-03T10:38:21.160+0000] {dagbag.py:545} INFO - Filling up the DagBag from /opt/airflow/dags/training_pipeline_dag.py
[2026-08-03T10:38:21.175+0000] {processor.py:842} WARNING - No viable dags retrieved from /opt/airflow/dags/training_pipeline_dag.py
[2026-08-03T10:38:21.198+0000] {processor.py:183} INFO - Processing /opt/airflow/dags/training_pipeline_dag.py took 0.049 seconds
[2026-08-03T10:38:52.002+0000] {processor.py:161} INFO - Started process (PID=476) to work on /opt/airflow/dags/training_pipeline_dag.py
[2026-08-03T10:38:52.003+0000] {processor.py:830} INFO - Processing file /opt/airflow/dags/training_pipeline_dag.py for tasks to queue
[2026-08-03T10:38:52.005+0000] {logging_mixin.py:188} INFO - [2026-08-03T10:38:52.004+0000] {dagbag.py:545} INFO - Filling up the DagBag from /opt/airflow/dags/training_pipeline_dag.py
[2026-08-03T10:38:52.020+0000] {processor.py:842} WARNING - No viable dags retrieved from /opt/airflow/dags/training_pipeline_dag.py
[2026-08-03T10:38:52.037+0000] {processor.py:183} INFO - Processing /opt/airflow/dags/training_pipeline_dag.py took 0.043 seconds
[2026-08-03T10:39:22.858+0000] {processor.py:161} INFO - Started process (PID=492) to work on /opt/airflow/dags/training_pipeline_dag.py
[2026-08-03T10:39:22.910+0000] {processor.py:830} INFO - Processing file /opt/airflow/dags/training_pipeline_dag.py for tasks to queue
[2026-08-03T10:39:22.971+0000] {logging_mixin.py:188} INFO - [2026-08-03T10:39:22.952+0000] {dagbag.py:545} INFO - Filling up the DagBag from /opt/airflow/dags/training_pipeline_dag.py
[2026-08-03T10:39:23.087+0000] {processor.py:842} WARNING - No viable dags retrieved from /opt/airflow/dags/training_pipeline_dag.py
[2026-08-03T10:39:23.221+0000] {processor.py:183} INFO - Processing /opt/airflow/dags/training_pipeline_dag.py took 0.375 seconds
[2026-08-03T10:39:53.974+0000] {processor.py:161} INFO - Started process (PID=508) to work on /opt/airflow/dags/training_pipeline_dag.py
[2026-08-03T10:39:53.976+0000] {processor.py:830} INFO - Processing file /opt/airflow/dags/training_pipeline_dag.py for tasks to queue
[2026-08-03T10:39:53.978+0000] {logging_mixin.py:188} INFO - [2026-08-03T10:39:53.978+0000] {dagbag.py:545} INFO - Filling up the DagBag from /opt/airflow/dags/training_pipeline_dag.py
[2026-08-03T10:39:53.994+0000] {processor.py:842} WARNING - No viable dags retrieved from /opt/airflow/dags/training_pipeline_dag.py
[2026-08-03T10:39:54.012+0000] {processor.py:183} INFO - Processing /opt/airflow/dags/training_pipeline_dag.py took 0.049 seconds
[2026-08-03T10:40:24.809+0000] {processor.py:161} INFO - Started process (PID=524) to work on /opt/airflow/dags/training_pipeline_dag.py
[2026-08-03T10:40:24.810+0000] {processor.py:830} INFO - Processing file /opt/airflow/dags/training_pipeline_dag.py for tasks to queue
[2026-08-03T10:40:24.812+0000] {logging_mixin.py:188} INFO - [2026-08-03T10:40:24.812+0000] {dagbag.py:545} INFO - Filling up the DagBag from /opt/airflow/dags/training_pipeline_dag.py
[2026-08-03T10:40:24.824+0000] {processor.py:842} WARNING - No viable dags retrieved from /opt/airflow/dags/training_pipeline_dag.py
[2026-08-03T10:40:24.842+0000] {processor.py:183} INFO - Processing /opt/airflow/dags/training_pipeline_dag.py took 0.044 seconds
[2026-08-03T10:40:55.086+0000] {processor.py:161} INFO - Started process (PID=540) to work on /opt/airflow/dags/training_pipeline_dag.py
[2026-08-03T10:40:55.087+0000] {processor.py:830} INFO - Processing file /opt/airflow/dags/training_pipeline_dag.py for tasks to queue
[2026-08-03T10:40:55.091+0000] {logging_mixin.py:188} INFO - [2026-08-03T10:40:55.090+0000] {dagbag.py:545} INFO - Filling up the DagBag from /opt/airflow/dags/training_pipeline_dag.py
[2026-08-03T10:40:55.104+0000] {processor.py:842} WARNING - No viable dags retrieved from /opt/airflow/dags/training_pipeline_dag.py
[2026-08-03T10:40:55.121+0000] {processor.py:183} INFO - Processing /opt/airflow/dags/training_pipeline_dag.py took 0.044 seconds
[2026-08-03T10:41:25.795+0000] {processor.py:161} INFO - Started process (PID=556) to work on /opt/airflow/dags/training_pipeline_dag.py
[2026-08-03T10:41:25.796+0000] {processor.py:830} INFO - Processing file /opt/airflow/dags/training_pipeline_dag.py for tasks to queue
[2026-08-03T10:41:25.798+0000] {logging_mixin.py:188} INFO - [2026-08-03T10:41:25.798+0000] {dagbag.py:545} INFO - Filling up the DagBag from /opt/airflow/dags/training_pipeline_dag.py
[2026-08-03T10:41:25.813+0000] {processor.py:842} WARNING - No viable dags retrieved from /opt/airflow/dags/training_pipeline_dag.py
[2026-08-03T10:41:25.828+0000] {processor.py:183} INFO - Processing /opt/airflow/dags/training_pipeline_dag.py took 0.045 seconds
[2026-08-03T10:41:56.062+0000] {processor.py:161} INFO - Started process (PID=572) to work on /opt/airflow/dags/training_pipeline_dag.py
[2026-08-03T10:41:56.063+0000] {processor.py:830} INFO - Processing file /opt/airflow/dags/training_pipeline_dag.py for tasks to queue
[2026-08-03T10:41:56.065+0000] {logging_mixin.py:188} INFO - [2026-08-03T10:41:56.064+0000] {dagbag.py:545} INFO - Filling up the DagBag from /opt/airflow/dags/training_pipeline_dag.py
[2026-08-03T10:41:56.076+0000] {processor.py:842} WARNING - No viable dags retrieved from /opt/airflow/dags/training_pipeline_dag.py
[2026-08-03T10:41:56.091+0000] {processor.py:183} INFO - Processing /opt/airflow/dags/training_pipeline_dag.py took 0.037 seconds
[2026-08-03T10:42:26.701+0000] {processor.py:161} INFO - Started process (PID=588) to work on /opt/airflow/dags/training_pipeline_dag.py
[2026-08-03T10:42:26.702+0000] {processor.py:830} INFO - Processing file /opt/airflow/dags/training_pipeline_dag.py for tasks to queue
[2026-08-03T10:42:26.704+0000] {logging_mixin.py:188} INFO - [2026-08-03T10:42:26.704+0000] {dagbag.py:545} INFO - Filling up the DagBag from /opt/airflow/dags/training_pipeline_dag.py
[2026-08-03T10:42:26.720+0000] {processor.py:842} WARNING - No viable dags retrieved from /opt/airflow/dags/training_pipeline_dag.py
[2026-08-03T10:42:26.738+0000] {processor.py:183} INFO - Processing /opt/airflow/dags/training_pipeline_dag.py took 0.045 seconds
[2026-08-03T10:42:56.796+0000] {processor.py:161} INFO - Started process (PID=604) to work on /opt/airflow/dags/training_pipeline_dag.py
[2026-08-03T10:42:56.797+0000] {processor.py:830} INFO - Processing file /opt/airflow/dags/training_pipeline_dag.py for tasks to queue
[2026-08-03T10:42:56.799+0000] {logging_mixin.py:188} INFO - [2026-08-03T10:42:56.798+0000] {dagbag.py:545} INFO - Filling up the DagBag from /opt/airflow/dags/training_pipeline_dag.py
[2026-08-03T10:42:56.810+0000] {processor.py:842} WARNING - No viable dags retrieved from /opt/airflow/dags/training_pipeline_dag.py
[2026-08-03T10:42:56.827+0000] {processor.py:183} INFO - Processing /opt/airflow/dags/training_pipeline_dag.py took 0.040 seconds
[2026-08-03T10:43:27.664+0000] {processor.py:161} INFO - Started process (PID=620) to work on /opt/airflow/dags/training_pipeline_dag.py
[2026-08-03T10:43:27.665+0000] {processor.py:830} INFO - Processing file /opt/airflow/dags/training_pipeline_dag.py for tasks to queue
[2026-08-03T10:43:27.667+0000] {logging_mixin.py:188} INFO - [2026-08-03T10:43:27.666+0000] {dagbag.py:545} INFO - Filling up the DagBag from /opt/airflow/dags/training_pipeline_dag.py
[2026-08-03T10:43:27.681+0000] {processor.py:842} WARNING - No viable dags retrieved from /opt/airflow/dags/training_pipeline_dag.py
[2026-08-03T10:43:27.696+0000] {processor.py:183} INFO - Processing /opt/airflow/dags/training_pipeline_dag.py took 0.041 seconds
[2026-08-03T10:43:58.835+0000] {processor.py:161} INFO - Started process (PID=636) to work on /opt/airflow/dags/training_pipeline_dag.py
[2026-08-03T10:43:58.837+0000] {processor.py:830} INFO - Processing file /opt/airflow/dags/training_pipeline_dag.py for tasks to queue
[2026-08-03T10:43:58.848+0000] {logging_mixin.py:188} INFO - [2026-08-03T10:43:58.847+0000] {dagbag.py:545} INFO - Filling up the DagBag from /opt/airflow/dags/training_pipeline_dag.py
[2026-08-03T10:43:58.955+0000] {processor.py:842} WARNING - No viable dags retrieved from /opt/airflow/dags/training_pipeline_dag.py
[2026-08-03T10:43:59.129+0000] {processor.py:183} INFO - Processing /opt/airflow/dags/training_pipeline_dag.py took 0.421 seconds
[2026-08-03T10:44:30.158+0000] {processor.py:161} INFO - Started process (PID=652) to work on /opt/airflow/dags/training_pipeline_dag.py
[2026-08-03T10:44:30.160+0000] {processor.py:830} INFO - Processing file /opt/airflow/dags/training_pipeline_dag.py for tasks to queue
[2026-08-03T10:44:30.165+0000] {logging_mixin.py:188} INFO - [2026-08-03T10:44:30.164+0000] {dagbag.py:545} INFO - Filling up the DagBag from /opt/airflow/dags/training_pipeline_dag.py
[2026-08-03T10:44:30.199+0000] {processor.py:842} WARNING - No viable dags retrieved from /opt/airflow/dags/training_pipeline_dag.py
[2026-08-03T10:44:30.237+0000] {processor.py:183} INFO - Processing /opt/airflow/dags/training_pipeline_dag.py took 0.110 seconds
[2026-08-03T10:45:00.433+0000] {processor.py:161} INFO - Started process (PID=668) to work on /opt/airflow/dags/training_pipeline_dag.py
[2026-08-03T10:45:00.436+0000] {processor.py:830} INFO - Processing file /opt/airflow/dags/training_pipeline_dag.py for tasks to queue
[2026-08-03T10:45:00.442+0000] {logging_mixin.py:188} INFO - [2026-08-03T10:45:00.441+0000] {dagbag.py:545} INFO - Filling up the DagBag from /opt/airflow/dags/training_pipeline_dag.py
[2026-08-03T10:45:00.481+0000] {processor.py:842} WARNING - No viable dags retrieved from /opt/airflow/dags/training_pipeline_dag.py
[2026-08-03T10:45:00.522+0000] {processor.py:183} INFO - Processing /opt/airflow/dags/training_pipeline_dag.py took 0.114 seconds
[2026-08-03T10:45:31.334+0000] {processor.py:161} INFO - Started process (PID=684) to work on /opt/airflow/dags/training_pipeline_dag.py
[2026-08-03T10:45:31.337+0000] {processor.py:830} INFO - Processing file /opt/airflow/dags/training_pipeline_dag.py for tasks to queue
[2026-08-03T10:45:31.342+0000] {logging_mixin.py:188} INFO - [2026-08-03T10:45:31.341+0000] {dagbag.py:545} INFO - Filling up the DagBag from /opt/airflow/dags/training_pipeline_dag.py
[2026-08-03T10:45:31.377+0000] {processor.py:842} WARNING - No viable dags retrieved from /opt/airflow/dags/training_pipeline_dag.py
[2026-08-03T10:45:31.418+0000] {processor.py:183} INFO - Processing /opt/airflow/dags/training_pipeline_dag.py took 0.106 seconds
[2026-08-03T10:46:01.768+0000] {processor.py:161} INFO - Started process (PID=700) to work on /opt/airflow/dags/training_pipeline_dag.py
[2026-08-03T10:46:01.770+0000] {processor.py:830} INFO - Processing file /opt/airflow/dags/training_pipeline_dag.py for tasks to queue
[2026-08-03T10:46:01.777+0000] {logging_mixin.py:188} INFO - [2026-08-03T10:46:01.776+0000] {dagbag.py:545} INFO - Filling up the DagBag from /opt/airflow/dags/training_pipeline_dag.py
[2026-08-03T10:46:01.837+0000] {processor.py:842} WARNING - No viable dags retrieved from /opt/airflow/dags/training_pipeline_dag.py
[2026-08-03T10:46:01.977+0000] {processor.py:183} INFO - Processing /opt/airflow/dags/training_pipeline_dag.py took 0.230 seconds
[2026-08-03T10:46:32.298+0000] {processor.py:161} INFO - Started process (PID=714) to work on /opt/airflow/dags/training_pipeline_dag.py
[2026-08-03T10:46:32.300+0000] {processor.py:830} INFO - Processing file /opt/airflow/dags/training_pipeline_dag.py for tasks to queue
[2026-08-03T10:46:32.304+0000] {logging_mixin.py:188} INFO - [2026-08-03T10:46:32.303+0000] {dagbag.py:545} INFO - Filling up the DagBag from /opt/airflow/dags/training_pipeline_dag.py
[2026-08-03T10:46:32.341+0000] {processor.py:842} WARNING - No viable dags retrieved from /opt/airflow/dags/training_pipeline_dag.py
[2026-08-03T10:46:32.375+0000] {processor.py:183} INFO - Processing /opt/airflow/dags/training_pipeline_dag.py took 0.102 seconds
[2026-08-03T10:47:02.556+0000] {processor.py:161} INFO - Started process (PID=729) to work on /opt/airflow/dags/training_pipeline_dag.py
[2026-08-03T10:47:02.558+0000] {processor.py:830} INFO - Processing file /opt/airflow/dags/training_pipeline_dag.py for tasks to queue
[2026-08-03T10:47:02.563+0000] {logging_mixin.py:188} INFO - [2026-08-03T10:47:02.562+0000] {dagbag.py:545} INFO - Filling up the DagBag from /opt/airflow/dags/training_pipeline_dag.py
[2026-08-03T10:47:02.601+0000] {processor.py:842} WARNING - No viable dags retrieved from /opt/airflow/dags/training_pipeline_dag.py
[2026-08-03T10:47:02.642+0000] {processor.py:183} INFO - Processing /opt/airflow/dags/training_pipeline_dag.py took 0.107 seconds
[2026-08-03T10:47:33.097+0000] {processor.py:161} INFO - Started process (PID=742) to work on /opt/airflow/dags/training_pipeline_dag.py
[2026-08-03T10:47:33.102+0000] {processor.py:830} INFO - Processing file /opt/airflow/dags/training_pipeline_dag.py for tasks to queue
[2026-08-03T10:47:33.108+0000] {logging_mixin.py:188} INFO - [2026-08-03T10:47:33.107+0000] {dagbag.py:545} INFO - Filling up the DagBag from /opt/airflow/dags/training_pipeline_dag.py
[2026-08-03T10:47:33.148+0000] {processor.py:842} WARNING - No viable dags retrieved from /opt/airflow/dags/training_pipeline_dag.py
[2026-08-03T10:47:33.187+0000] {processor.py:183} INFO - Processing /opt/airflow/dags/training_pipeline_dag.py took 0.114 seconds
[2026-08-03T10:48:04.113+0000] {processor.py:161} INFO - Started process (PID=758) to work on /opt/airflow/dags/training_pipeline_dag.py
[2026-08-03T10:48:04.115+0000] {processor.py:830} INFO - Processing file /opt/airflow/dags/training_pipeline_dag.py for tasks to queue
[2026-08-03T10:48:04.120+0000] {logging_mixin.py:188} INFO - [2026-08-03T10:48:04.120+0000] {dagbag.py:545} INFO - Filling up the DagBag from /opt/airflow/dags/training_pipeline_dag.py
[2026-08-03T10:48:04.158+0000] {processor.py:842} WARNING - No viable dags retrieved from /opt/airflow/dags/training_pipeline_dag.py
[2026-08-03T10:48:04.199+0000] {processor.py:183} INFO - Processing /opt/airflow/dags/training_pipeline_dag.py took 0.109 seconds
[2026-08-03T10:48:34.594+0000] {processor.py:161} INFO - Started process (PID=774) to work on /opt/airflow/dags/training_pipeline_dag.py
[2026-08-03T10:48:34.597+0000] {processor.py:830} INFO - Processing file /opt/airflow/dags/training_pipeline_dag.py for tasks to queue
[2026-08-03T10:48:34.604+0000] {logging_mixin.py:188} INFO - [2026-08-03T10:48:34.603+0000] {dagbag.py:545} INFO - Filling up the DagBag from /opt/airflow/dags/training_pipeline_dag.py
[2026-08-03T10:48:34.642+0000] {processor.py:842} WARNING - No viable dags retrieved from /opt/airflow/dags/training_pipeline_dag.py
[2026-08-03T10:48:34.695+0000] {processor.py:183} INFO - Processing /opt/airflow/dags/training_pipeline_dag.py took 0.125 seconds
[2026-08-03T10:49:05.539+0000] {processor.py:161} INFO - Started process (PID=790) to work on /opt/airflow/dags/training_pipeline_dag.py
[2026-08-03T10:49:05.542+0000] {processor.py:830} INFO - Processing file /opt/airflow/dags/training_pipeline_dag.py for tasks to queue
[2026-08-03T10:49:05.546+0000] {logging_mixin.py:188} INFO - [2026-08-03T10:49:05.546+0000] {dagbag.py:545} INFO - Filling up the DagBag from /opt/airflow/dags/training_pipeline_dag.py
[2026-08-03T10:49:05.589+0000] {processor.py:842} WARNING - No viable dags retrieved from /opt/airflow/dags/training_pipeline_dag.py
[2026-08-03T10:49:05.635+0000] {processor.py:183} INFO - Processing /opt/airflow/dags/training_pipeline_dag.py took 0.121 seconds
[2026-08-03T10:49:36.737+0000] {processor.py:161} INFO - Started process (PID=806) to work on /opt/airflow/dags/training_pipeline_dag.py
[2026-08-03T10:49:36.740+0000] {processor.py:830} INFO - Processing file /opt/airflow/dags/training_pipeline_dag.py for tasks to queue
[2026-08-03T10:49:36.745+0000] {logging_mixin.py:188} INFO - [2026-08-03T10:49:36.744+0000] {dagbag.py:545} INFO - Filling up the DagBag from /opt/airflow/dags/training_pipeline_dag.py
[2026-08-03T10:49:36.788+0000] {processor.py:842} WARNING - No viable dags retrieved from /opt/airflow/dags/training_pipeline_dag.py
[2026-08-03T10:49:36.829+0000] {processor.py:183} INFO - Processing /opt/airflow/dags/training_pipeline_dag.py took 0.115 seconds
[2026-08-03T10:50:07.288+0000] {processor.py:161} INFO - Started process (PID=822) to work on /opt/airflow/dags/training_pipeline_dag.py
[2026-08-03T10:50:07.290+0000] {processor.py:830} INFO - Processing file /opt/airflow/dags/training_pipeline_dag.py for tasks to queue
[2026-08-03T10:50:07.295+0000] {logging_mixin.py:188} INFO - [2026-08-03T10:50:07.294+0000] {dagbag.py:545} INFO - Filling up the DagBag from /opt/airflow/dags/training_pipeline_dag.py
[2026-08-03T10:50:07.336+0000] {processor.py:842} WARNING - No viable dags retrieved from /opt/airflow/dags/training_pipeline_dag.py
[2026-08-03T10:50:07.375+0000] {processor.py:183} INFO - Processing /opt/airflow/dags/training_pipeline_dag.py took 0.108 seconds
[2026-08-03T10:50:37.642+0000] {processor.py:161} INFO - Started process (PID=838) to work on /opt/airflow/dags/training_pipeline_dag.py
[2026-08-03T10:50:37.645+0000] {processor.py:830} INFO - Processing file /opt/airflow/dags/training_pipeline_dag.py for tasks to queue
[2026-08-03T10:50:37.651+0000] {logging_mixin.py:188} INFO - [2026-08-03T10:50:37.650+0000] {dagbag.py:545} INFO - Filling up the DagBag from /opt/airflow/dags/training_pipeline_dag.py
[2026-08-03T10:50:37.689+0000] {processor.py:842} WARNING - No viable dags retrieved from /opt/airflow/dags/training_pipeline_dag.py
[2026-08-03T10:50:37.748+0000] {processor.py:183} INFO - Processing /opt/airflow/dags/training_pipeline_dag.py took 0.127 seconds
[2026-08-03T10:51:08.626+0000] {processor.py:161} INFO - Started process (PID=854) to work on /opt/airflow/dags/training_pipeline_dag.py
[2026-08-03T10:51:08.629+0000] {processor.py:830} INFO - Processing file /opt/airflow/dags/training_pipeline_dag.py for tasks to queue
[2026-08-03T10:51:08.635+0000] {logging_mixin.py:188} INFO - [2026-08-03T10:51:08.634+0000] {dagbag.py:545} INFO - Filling up the DagBag from /opt/airflow/dags/training_pipeline_dag.py
[2026-08-03T10:51:08.675+0000] {processor.py:842} WARNING - No viable dags retrieved from /opt/airflow/dags/training_pipeline_dag.py
[2026-08-03T10:51:08.711+0000] {processor.py:183} INFO - Processing /opt/airflow/dags/training_pipeline_dag.py took 0.109 seconds
[2026-08-03T10:51:39.642+0000] {processor.py:161} INFO - Started process (PID=870) to work on /opt/airflow/dags/training_pipeline_dag.py
[2026-08-03T10:51:39.645+0000] {processor.py:830} INFO - Processing file /opt/airflow/dags/training_pipeline_dag.py for tasks to queue
[2026-08-03T10:51:39.693+0000] {logging_mixin.py:188} INFO - [2026-08-03T10:51:39.692+0000] {dagbag.py:545} INFO - Filling up the DagBag from /opt/airflow/dags/training_pipeline_dag.py
[2026-08-03T10:51:39.733+0000] {processor.py:842} WARNING - No viable dags retrieved from /opt/airflow/dags/training_pipeline_dag.py
[2026-08-03T10:51:39.895+0000] {processor.py:183} INFO - Processing /opt/airflow/dags/training_pipeline_dag.py took 0.503 seconds
[2026-08-03T10:52:10.264+0000] {processor.py:161} INFO - Started process (PID=886) to work on /opt/airflow/dags/training_pipeline_dag.py
[2026-08-03T10:52:10.266+0000] {processor.py:830} INFO - Processing file /opt/airflow/dags/training_pipeline_dag.py for tasks to queue
[2026-08-03T10:52:10.271+0000] {logging_mixin.py:188} INFO - [2026-08-03T10:52:10.270+0000] {dagbag.py:545} INFO - Filling up the DagBag from /opt/airflow/dags/training_pipeline_dag.py
[2026-08-03T10:52:10.309+0000] {processor.py:842} WARNING - No viable dags retrieved from /opt/airflow/dags/training_pipeline_dag.py
[2026-08-03T10:52:10.346+0000] {processor.py:183} INFO - Processing /opt/airflow/dags/training_pipeline_dag.py took 0.104 seconds
[2026-08-03T10:52:40.906+0000] {processor.py:161} INFO - Started process (PID=902) to work on /opt/airflow/dags/training_pipeline_dag.py
[2026-08-03T10:52:40.909+0000] {processor.py:830} INFO - Processing file /opt/airflow/dags/training_pipeline_dag.py for tasks to queue
[2026-08-03T10:52:40.935+0000] {logging_mixin.py:188} INFO - [2026-08-03T10:52:40.934+0000] {dagbag.py:545} INFO - Filling up the DagBag from /opt/airflow/dags/training_pipeline_dag.py
[2026-08-03T10:52:40.977+0000] {processor.py:842} WARNING - No viable dags retrieved from /opt/airflow/dags/training_pipeline_dag.py
[2026-08-03T10:52:41.021+0000] {processor.py:183} INFO - Processing /opt/airflow/dags/training_pipeline_dag.py took 0.148 seconds
[2026-08-03T10:53:11.627+0000] {processor.py:161} INFO - Started process (PID=918) to work on /opt/airflow/dags/training_pipeline_dag.py
[2026-08-03T10:53:11.629+0000] {processor.py:830} INFO - Processing file /opt/airflow/dags/training_pipeline_dag.py for tasks to queue
[2026-08-03T10:53:11.634+0000] {logging_mixin.py:188} INFO - [2026-08-03T10:53:11.633+0000] {dagbag.py:545} INFO - Filling up the DagBag from /opt/airflow/dags/training_pipeline_dag.py
[2026-08-03T10:53:11.674+0000] {processor.py:842} WARNING - No viable dags retrieved from /opt/airflow/dags/training_pipeline_dag.py
[2026-08-03T10:53:11.715+0000] {processor.py:183} INFO - Processing /opt/airflow/dags/training_pipeline_dag.py took 0.111 seconds
[2026-08-03T10:53:41.937+0000] {processor.py:161} INFO - Started process (PID=934) to work on /opt/airflow/dags/training_pipeline_dag.py
[2026-08-03T10:53:41.940+0000] {processor.py:830} INFO - Processing file /opt/airflow/dags/training_pipeline_dag.py for tasks to queue
[2026-08-03T10:53:41.945+0000] {logging_mixin.py:188} INFO - [2026-08-03T10:53:41.944+0000] {dagbag.py:545} INFO - Filling up the DagBag from /opt/airflow/dags/training_pipeline_dag.py
[2026-08-03T10:53:41.982+0000] {processor.py:842} WARNING - No viable dags retrieved from /opt/airflow/dags/training_pipeline_dag.py
[2026-08-03T10:53:42.023+0000] {processor.py:183} INFO - Processing /opt/airflow/dags/training_pipeline_dag.py took 0.109 seconds
[2026-08-03T10:54:12.270+0000] {processor.py:161} INFO - Started process (PID=950) to work on /opt/airflow/dags/training_pipeline_dag.py
[2026-08-03T10:54:12.273+0000] {processor.py:830} INFO - Processing file /opt/airflow/dags/training_pipeline_dag.py for tasks to queue
[2026-08-03T10:54:12.277+0000] {logging_mixin.py:188} INFO - [2026-08-03T10:54:12.276+0000] {dagbag.py:545} INFO - Filling up the DagBag from /opt/airflow/dags/training_pipeline_dag.py
[2026-08-03T10:54:12.314+0000] {processor.py:842} WARNING - No viable dags retrieved from /opt/airflow/dags/training_pipeline_dag.py
[2026-08-03T10:54:12.348+0000] {processor.py:183} INFO - Processing /opt/airflow/dags/training_pipeline_dag.py took 0.100 seconds
[2026-08-03T10:54:42.509+0000] {processor.py:161} INFO - Started process (PID=966) to work on /opt/airflow/dags/training_pipeline_dag.py
[2026-08-03T10:54:42.512+0000] {processor.py:830} INFO - Processing file /opt/airflow/dags/training_pipeline_dag.py for tasks to queue
[2026-08-03T10:54:42.565+0000] {logging_mixin.py:188} INFO - [2026-08-03T10:54:42.559+0000] {dagbag.py:545} INFO - Filling up the DagBag from /opt/airflow/dags/training_pipeline_dag.py
[2026-08-03T10:54:42.741+0000] {processor.py:842} WARNING - No viable dags retrieved from /opt/airflow/dags/training_pipeline_dag.py
[2026-08-03T10:54:43.207+0000] {processor.py:183} INFO - Processing /opt/airflow/dags/training_pipeline_dag.py took 0.721 seconds
[2026-08-03T10:55:13.486+0000] {processor.py:161} INFO - Started process (PID=982) to work on /opt/airflow/dags/training_pipeline_dag.py
[2026-08-03T10:55:13.489+0000] {processor.py:830} INFO - Processing file /opt/airflow/dags/training_pipeline_dag.py for tasks to queue
[2026-08-03T10:55:13.494+0000] {logging_mixin.py:188} INFO - [2026-08-03T10:55:13.493+0000] {dagbag.py:545} INFO - Filling up the DagBag from /opt/airflow/dags/training_pipeline_dag.py
[2026-08-03T10:55:13.531+0000] {processor.py:842} WARNING - No viable dags retrieved from /opt/airflow/dags/training_pipeline_dag.py
[2026-08-03T10:55:13.570+0000] {processor.py:183} INFO - Processing /opt/airflow/dags/training_pipeline_dag.py took 0.106 seconds
[2026-08-03T10:55:43.997+0000] {processor.py:161} INFO - Started process (PID=995) to work on /opt/airflow/dags/training_pipeline_dag.py
[2026-08-03T10:55:44.000+0000] {processor.py:830} INFO - Processing file /opt/airflow/dags/training_pipeline_dag.py for tasks to queue
[2026-08-03T10:55:44.007+0000] {logging_mixin.py:188} INFO - [2026-08-03T10:55:44.006+0000] {dagbag.py:545} INFO - Filling up the DagBag from /opt/airflow/dags/training_pipeline_dag.py
[2026-08-03T10:55:44.042+0000] {processor.py:842} WARNING - No viable dags retrieved from /opt/airflow/dags/training_pipeline_dag.py
[2026-08-03T10:55:44.088+0000] {processor.py:183} INFO - Processing /opt/airflow/dags/training_pipeline_dag.py took 0.113 seconds
[2026-08-03T10:56:14.327+0000] {processor.py:161} INFO - Started process (PID=1008) to work on /opt/airflow/dags/training_pipeline_dag.py
[2026-08-03T10:56:14.330+0000] {processor.py:830} INFO - Processing file /opt/airflow/dags/training_pipeline_dag.py for tasks to queue
[2026-08-03T10:56:14.349+0000] {logging_mixin.py:188} INFO - [2026-08-03T10:56:14.345+0000] {dagbag.py:545} INFO - Filling up the DagBag from /opt/airflow/dags/training_pipeline_dag.py
[2026-08-03T10:56:14.385+0000] {processor.py:842} WARNING - No viable dags retrieved from /opt/airflow/dags/training_pipeline_dag.py
[2026-08-03T10:56:14.423+0000] {processor.py:183} INFO - Processing /opt/airflow/dags/training_pipeline_dag.py took 0.121 seconds
[2026-08-03T10:56:45.451+0000] {processor.py:161} INFO - Started process (PID=1024) to work on /opt/airflow/dags/training_pipeline_dag.py
[2026-08-03T10:56:45.454+0000] {processor.py:830} INFO - Processing file /opt/airflow/dags/training_pipeline_dag.py for tasks to queue
[2026-08-03T10:56:45.459+0000] {logging_mixin.py:188} INFO - [2026-08-03T10:56:45.458+0000] {dagbag.py:545} INFO - Filling up the DagBag from /opt/airflow/dags/training_pipeline_dag.py
[2026-08-03T10:56:45.506+0000] {processor.py:842} WARNING - No viable dags retrieved from /opt/airflow/dags/training_pipeline_dag.py
[2026-08-03T10:56:45.542+0000] {processor.py:183} INFO - Processing /opt/airflow/dags/training_pipeline_dag.py took 0.117 seconds
[2026-08-03T10:57:16.168+0000] {processor.py:161} INFO - Started process (PID=1040) to work on /opt/airflow/dags/training_pipeline_dag.py
[2026-08-03T10:57:16.170+0000] {processor.py:830} INFO - Processing file /opt/airflow/dags/training_pipeline_dag.py for tasks to queue
[2026-08-03T10:57:16.176+0000] {logging_mixin.py:188} INFO - [2026-08-03T10:57:16.175+0000] {dagbag.py:545} INFO - Filling up the DagBag from /opt/airflow/dags/training_pipeline_dag.py
[2026-08-03T10:57:16.215+0000] {processor.py:842} WARNING - No viable dags retrieved from /opt/airflow/dags/training_pipeline_dag.py
[2026-08-03T10:57:16.296+0000] {processor.py:183} INFO - Processing /opt/airflow/dags/training_pipeline_dag.py took 0.156 seconds
[2026-08-03T10:57:47.297+0000] {processor.py:161} INFO - Started process (PID=1056) to work on /opt/airflow/dags/training_pipeline_dag.py
[2026-08-03T10:57:47.300+0000] {processor.py:830} INFO - Processing file /opt/airflow/dags/training_pipeline_dag.py for tasks to queue
[2026-08-03T10:57:47.305+0000] {logging_mixin.py:188} INFO - [2026-08-03T10:57:47.304+0000] {dagbag.py:545} INFO - Filling up the DagBag from /opt/airflow/dags/training_pipeline_dag.py
[2026-08-03T10:57:47.341+0000] {processor.py:842} WARNING - No viable dags retrieved from /opt/airflow/dags/training_pipeline_dag.py
[2026-08-03T10:57:47.382+0000] {processor.py:183} INFO - Processing /opt/airflow/dags/training_pipeline_dag.py took 0.111 seconds
[2026-08-03T10:58:18.541+0000] {processor.py:161} INFO - Started process (PID=1072) to work on /opt/airflow/dags/training_pipeline_dag.py
[2026-08-03T10:58:18.544+0000] {processor.py:830} INFO - Processing file /opt/airflow/dags/training_pipeline_dag.py for tasks to queue
[2026-08-03T10:58:18.549+0000] {logging_mixin.py:188} INFO - [2026-08-03T10:58:18.548+0000] {dagbag.py:545} INFO - Filling up the DagBag from /opt/airflow/dags/training_pipeline_dag.py
[2026-08-03T10:58:18.588+0000] {processor.py:842} WARNING - No viable dags retrieved from /opt/airflow/dags/training_pipeline_dag.py
[2026-08-03T10:58:18.630+0000] {processor.py:183} INFO - Processing /opt/airflow/dags/training_pipeline_dag.py took 0.123 seconds
[2026-08-03T10:58:49.100+0000] {processor.py:161} INFO - Started process (PID=1088) to work on /opt/airflow/dags/training_pipeline_dag.py
[2026-08-03T10:58:49.104+0000] {processor.py:830} INFO - Processing file /opt/airflow/dags/training_pipeline_dag.py for tasks to queue
[2026-08-03T10:58:49.164+0000] {logging_mixin.py:188} INFO - [2026-08-03T10:58:49.149+0000] {dagbag.py:545} INFO - Filling up the DagBag from /opt/airflow/dags/training_pipeline_dag.py
[2026-08-03T10:58:49.247+0000] {processor.py:842} WARNING - No viable dags retrieved from /opt/airflow/dags/training_pipeline_dag.py
[2026-08-03T10:58:49.306+0000] {processor.py:183} INFO - Processing /opt/airflow/dags/training_pipeline_dag.py took 0.303 seconds
[2026-08-03T10:59:20.232+0000] {processor.py:161} INFO - Started process (PID=1104) to work on /opt/airflow/dags/training_pipeline_dag.py
[2026-08-03T10:59:20.235+0000] {processor.py:830} INFO - Processing file /opt/airflow/dags/training_pipeline_dag.py for tasks to queue
[2026-08-03T10:59:20.241+0000] {logging_mixin.py:188} INFO - [2026-08-03T10:59:20.240+0000] {dagbag.py:545} INFO - Filling up the DagBag from /opt/airflow/dags/training_pipeline_dag.py
[2026-08-03T10:59:20.280+0000] {processor.py:842} WARNING - No viable dags retrieved from /opt/airflow/dags/training_pipeline_dag.py
[2026-08-03T10:59:20.323+0000] {processor.py:183} INFO - Processing /opt/airflow/dags/training_pipeline_dag.py took 0.119 seconds
[2026-08-03T10:59:50.704+0000] {processor.py:161} INFO - Started process (PID=1120) to work on /opt/airflow/dags/training_pipeline_dag.py
[2026-08-03T10:59:50.743+0000] {processor.py:830} INFO - Processing file /opt/airflow/dags/training_pipeline_dag.py for tasks to queue
[2026-08-03T10:59:50.792+0000] {logging_mixin.py:188} INFO - [2026-08-03T10:59:50.791+0000] {dagbag.py:545} INFO - Filling up the DagBag from /opt/airflow/dags/training_pipeline_dag.py
[2026-08-03T10:59:50.850+0000] {processor.py:842} WARNING - No viable dags retrieved from /opt/airflow/dags/training_pipeline_dag.py
[2026-08-03T10:59:50.891+0000] {processor.py:183} INFO - Processing /opt/airflow/dags/training_pipeline_dag.py took 0.433 seconds
[2026-08-03T11:00:22.142+0000] {processor.py:161} INFO - Started process (PID=1139) to work on /opt/airflow/dags/training_pipeline_dag.py
[2026-08-03T11:00:22.167+0000] {processor.py:830} INFO - Processing file /opt/airflow/dags/training_pipeline_dag.py for tasks to queue
[2026-08-03T11:00:22.270+0000] {logging_mixin.py:188} INFO - [2026-08-03T11:00:22.242+0000] {dagbag.py:545} INFO - Filling up the DagBag from /opt/airflow/dags/training_pipeline_dag.py
[2026-08-03T11:00:22.705+0000] {processor.py:842} WARNING - No viable dags retrieved from /opt/airflow/dags/training_pipeline_dag.py
[2026-08-03T11:12:57.315+0000] {processor.py:183} INFO - Processing /opt/airflow/dags/training_pipeline_dag.py took 10.575 seconds
[2026-08-03T11:13:28.088+0000] {processor.py:161} INFO - Started process (PID=1155) to work on /opt/airflow/dags/training_pipeline_dag.py
[2026-08-03T11:13:28.096+0000] {processor.py:830} INFO - Processing file /opt/airflow/dags/training_pipeline_dag.py for tasks to queue
[2026-08-03T11:13:28.103+0000] {logging_mixin.py:188} INFO - [2026-08-03T11:13:28.102+0000] {dagbag.py:545} INFO - Filling up the DagBag from /opt/airflow/dags/training_pipeline_dag.py
[2026-08-03T11:13:28.156+0000] {processor.py:842} WARNING - No viable dags retrieved from /opt/airflow/dags/training_pipeline_dag.py
[2026-08-03T11:13:28.230+0000] {processor.py:183} INFO - Processing /opt/airflow/dags/training_pipeline_dag.py took 0.170 seconds
[2026-08-03T11:13:58.475+0000] {processor.py:161} INFO - Started process (PID=1171) to work on /opt/airflow/dags/training_pipeline_dag.py
[2026-08-03T11:13:58.477+0000] {processor.py:830} INFO - Processing file /opt/airflow/dags/training_pipeline_dag.py for tasks to queue
[2026-08-03T11:13:58.483+0000] {logging_mixin.py:188} INFO - [2026-08-03T11:13:58.482+0000] {dagbag.py:545} INFO - Filling up the DagBag from /opt/airflow/dags/training_pipeline_dag.py
[2026-08-03T11:13:58.519+0000] {processor.py:842} WARNING - No viable dags retrieved from /opt/airflow/dags/training_pipeline_dag.py
[2026-08-03T11:13:58.571+0000] {processor.py:183} INFO - Processing /opt/airflow/dags/training_pipeline_dag.py took 0.122 seconds
[2026-08-03T11:14:29.392+0000] {processor.py:161} INFO - Started process (PID=1187) to work on /opt/airflow/dags/training_pipeline_dag.py
[2026-08-03T11:14:29.395+0000] {processor.py:830} INFO - Processing file /opt/airflow/dags/training_pipeline_dag.py for tasks to queue
[2026-08-03T11:14:29.400+0000] {logging_mixin.py:188} INFO - [2026-08-03T11:14:29.399+0000] {dagbag.py:545} INFO - Filling up the DagBag from /opt/airflow/dags/training_pipeline_dag.py
[2026-08-03T11:14:29.501+0000] {processor.py:842} WARNING - No viable dags retrieved from /opt/airflow/dags/training_pipeline_dag.py
[2026-08-03T11:14:29.550+0000] {processor.py:183} INFO - Processing /opt/airflow/dags/training_pipeline_dag.py took 0.186 seconds
[2026-08-03T11:15:00.347+0000] {processor.py:161} INFO - Started process (PID=1203) to work on /opt/airflow/dags/training_pipeline_dag.py
[2026-08-03T11:15:00.350+0000] {processor.py:830} INFO - Processing file /opt/airflow/dags/training_pipeline_dag.py for tasks to queue
[2026-08-03T11:15:00.358+0000] {logging_mixin.py:188} INFO - [2026-08-03T11:15:00.357+0000] {dagbag.py:545} INFO - Filling up the DagBag from /opt/airflow/dags/training_pipeline_dag.py
[2026-08-03T11:15:00.396+0000] {processor.py:842} WARNING - No viable dags retrieved from /opt/airflow/dags/training_pipeline_dag.py
[2026-08-03T11:15:00.449+0000] {processor.py:183} INFO - Processing /opt/airflow/dags/training_pipeline_dag.py took 0.129 seconds
