[2026-08-02T16:24:57.588+0000] {manager.py:470} INFO - Processing files using up to 2 processes at a time 
[2026-08-02T16:24:57.592+0000] {manager.py:471} INFO - Process each file at most once every 30 seconds
[2026-08-02T16:24:57.596+0000] {manager.py:472} INFO - Checking for new files in /opt/airflow/dags every 300 seconds
[2026-08-02T16:24:57.601+0000] {manager.py:737} INFO - Searching for files in /opt/airflow/dags
[2026-08-02T16:24:57.700+0000] {manager.py:740} INFO - There are 2 files in /opt/airflow/dags
[2026-08-02T16:24:52.255+0000] {manager.py:878} INFO - 
================================================================================
DAG File Processing Stats

File Path                                     PID  Runtime      # DAGs    # Errors  Last Runtime    Last Run
------------------------------------------  -----  ---------  --------  ----------  --------------  ----------
/opt/airflow/dags/feature_pipeline_dag.py     171  0.43s             0           0
/opt/airflow/dags/training_pipeline_dag.py    168  0.63s             0           0
================================================================================
[2026-08-02T16:25:20.877+0000] {manager.py:878} INFO - 
================================================================================
DAG File Processing Stats

File Path                                   PID    Runtime      # DAGs    # Errors  Last Runtime    Last Run
------------------------------------------  -----  ---------  --------  ----------  --------------  -------------------
/opt/airflow/dags/training_pipeline_dag.py                           0           0  0.67s           2026-08-02T16:24:52
/opt/airflow/dags/feature_pipeline_dag.py                            0           0  0.48s           2026-08-02T16:24:52
================================================================================
[2026-08-02T16:25:48.962+0000] {manager.py:878} INFO - 
================================================================================
DAG File Processing Stats

File Path                                   PID    Runtime      # DAGs    # Errors  Last Runtime    Last Run
------------------------------------------  -----  ---------  --------  ----------  --------------  -------------------
/opt/airflow/dags/training_pipeline_dag.py                           0           0  0.85s           2026-08-02T16:25:23
/opt/airflow/dags/feature_pipeline_dag.py                            0           0  0.70s           2026-08-02T16:25:23
================================================================================
[2026-08-02T16:26:16.699+0000] {manager.py:878} INFO - 
================================================================================
DAG File Processing Stats

File Path                                   PID    Runtime      # DAGs    # Errors  Last Runtime    Last Run
------------------------------------------  -----  ---------  --------  ----------  --------------  -------------------
/opt/airflow/dags/training_pipeline_dag.py                           0           0  -5.98s          2026-08-02T16:25:51
/opt/airflow/dags/feature_pipeline_dag.py                            0           0  -6.02s          2026-08-02T16:25:51
================================================================================
[2026-08-02T16:26:45.121+0000] {manager.py:878} INFO - 
================================================================================
DAG File Processing Stats

File Path                                   PID    Runtime      # DAGs    # Errors  Last Runtime    Last Run
------------------------------------------  -----  ---------  --------  ----------  --------------  -------------------
/opt/airflow/dags/training_pipeline_dag.py                           0           0  6.35s           2026-08-02T16:26:29
/opt/airflow/dags/feature_pipeline_dag.py                            0           0  6.27s           2026-08-02T16:26:28
================================================================================
[2026-08-02T16:27:12.842+0000] {manager.py:878} INFO - 
================================================================================
DAG File Processing Stats

File Path                                   PID    Runtime      # DAGs    # Errors  Last Runtime    Last Run
------------------------------------------  -----  ---------  --------  ----------  --------------  -------------------
/opt/airflow/dags/training_pipeline_dag.py                           0           0  0.47s           2026-08-02T16:27:02
/opt/airflow/dags/feature_pipeline_dag.py                            0           0  -5.72s          2026-08-02T16:26:56
================================================================================
[2026-08-02T16:27:47.474+0000] {manager.py:878} INFO - 
================================================================================
DAG File Processing Stats

File Path                                   PID    Runtime      # DAGs    # Errors  Last Runtime    Last Run
------------------------------------------  -----  ---------  --------  ----------  --------------  -------------------
/opt/airflow/dags/feature_pipeline_dag.py                            0           0  0.25s           2026-08-02T16:27:27
/opt/airflow/dags/training_pipeline_dag.py                           0           0  -6.23s          2026-08-02T16:27:26
================================================================================
[2026-08-02T16:28:17.290+0000] {manager.py:878} INFO - 
================================================================================
DAG File Processing Stats

File Path                                   PID    Runtime      # DAGs    # Errors  Last Runtime    Last Run
------------------------------------------  -----  ---------  --------  ----------  --------------  -------------------
/opt/airflow/dags/training_pipeline_dag.py                           0           0  0.43s           2026-08-02T16:28:03
/opt/airflow/dags/feature_pipeline_dag.py                            0           0  0.30s           2026-08-02T16:28:03
================================================================================
[2026-08-02T16:29:19.406+0000] {manager.py:470} INFO - Processing files using up to 2 processes at a time 
[2026-08-02T16:29:19.411+0000] {manager.py:471} INFO - Process each file at most once every 30 seconds
[2026-08-02T16:29:19.415+0000] {manager.py:472} INFO - Checking for new files in /opt/airflow/dags every 300 seconds
[2026-08-02T16:29:19.418+0000] {manager.py:737} INFO - Searching for files in /opt/airflow/dags
[2026-08-02T16:29:19.523+0000] {manager.py:740} INFO - There are 2 files in /opt/airflow/dags
[2026-08-02T16:29:22.567+0000] {manager.py:878} INFO - 
================================================================================
DAG File Processing Stats

File Path                                     PID  Runtime      # DAGs    # Errors  Last Runtime    Last Run
------------------------------------------  -----  ---------  --------  ----------  --------------  ----------
/opt/airflow/dags/feature_pipeline_dag.py     171  7.36s             0           0
/opt/airflow/dags/training_pipeline_dag.py    168  7.51s             0           0
================================================================================
[2026-08-02T16:29:47.198+0000] {manager.py:878} INFO - 
================================================================================
DAG File Processing Stats

File Path                                     PID  Runtime      # DAGs    # Errors  Last Runtime    Last Run
------------------------------------------  -----  ---------  --------  ----------  --------------  -------------------
/opt/airflow/dags/training_pipeline_dag.py    178  0.31s             0           0  7.55s           2026-08-02T16:29:22
/opt/airflow/dags/feature_pipeline_dag.py     181  0.15s             0           0  7.41s           2026-08-02T16:29:22
================================================================================
[2026-08-02T16:30:17.843+0000] {manager.py:878} INFO - 
================================================================================
DAG File Processing Stats

File Path                                   PID    Runtime      # DAGs    # Errors  Last Runtime    Last Run
------------------------------------------  -----  ---------  --------  ----------  --------------  -------------------
/opt/airflow/dags/feature_pipeline_dag.py                            0           0  1.36s           2026-08-02T16:30:14
/opt/airflow/dags/training_pipeline_dag.py                           0           0  -4.85s          2026-08-02T16:30:14
================================================================================
[2026-08-02T16:30:48.184+0000] {manager.py:878} INFO - 
================================================================================
DAG File Processing Stats

File Path                                   PID    Runtime      # DAGs    # Errors  Last Runtime    Last Run
------------------------------------------  -----  ---------  --------  ----------  --------------  -------------------
/opt/airflow/dags/training_pipeline_dag.py                           0           0  0.80s           2026-08-02T16:30:49
/opt/airflow/dags/feature_pipeline_dag.py                            0           0  0.77s           2026-08-02T16:30:49
================================================================================
[2026-08-02T16:31:18.291+0000] {manager.py:878} INFO - 
================================================================================
DAG File Processing Stats

File Path                                   PID    Runtime      # DAGs    # Errors  Last Runtime    Last Run
------------------------------------------  -----  ---------  --------  ----------  --------------  -------------------
/opt/airflow/dags/training_pipeline_dag.py                           0           0  -5.75s          2026-08-02T16:31:17
/opt/airflow/dags/feature_pipeline_dag.py                            0           0  -5.76s          2026-08-02T16:31:17
================================================================================
[2026-08-02T16:31:48.768+0000] {manager.py:878} INFO - 
================================================================================
DAG File Processing Stats

File Path                                   PID    Runtime      # DAGs    # Errors  Last Runtime    Last Run
------------------------------------------  -----  ---------  --------  ----------  --------------  -------------------
/opt/airflow/dags/training_pipeline_dag.py                           0           0  0.28s           2026-08-02T16:31:47
/opt/airflow/dags/feature_pipeline_dag.py                            0           0  0.21s           2026-08-02T16:31:47
================================================================================
[2026-08-02T16:32:19.503+0000] {manager.py:878} INFO - 
================================================================================
DAG File Processing Stats

File Path                                   PID    Runtime      # DAGs    # Errors  Last Runtime    Last Run
------------------------------------------  -----  ---------  --------  ----------  --------------  -------------------
/opt/airflow/dags/training_pipeline_dag.py                           0           0  -5.86s          2026-08-02T16:32:12
/opt/airflow/dags/feature_pipeline_dag.py                            0           0  -5.88s          2026-08-02T16:32:12
================================================================================
[2026-08-02T16:32:54.298+0000] {manager.py:878} INFO - 
================================================================================
DAG File Processing Stats

File Path                                   PID    Runtime      # DAGs    # Errors  Last Runtime    Last Run
------------------------------------------  -----  ---------  --------  ----------  --------------  -------------------
/opt/airflow/dags/training_pipeline_dag.py                           0           0  0.23s           2026-08-02T16:32:43
/opt/airflow/dags/feature_pipeline_dag.py                            0           0  0.21s           2026-08-02T16:32:43
================================================================================
[2026-08-02T16:33:16.762+0000] {manager.py:878} INFO - 
================================================================================
DAG File Processing Stats

File Path                                   PID    Runtime      # DAGs    # Errors  Last Runtime    Last Run
------------------------------------------  -----  ---------  --------  ----------  --------------  -------------------
/opt/airflow/dags/training_pipeline_dag.py                           0           0  0.27s           2026-08-02T16:33:14
/opt/airflow/dags/feature_pipeline_dag.py                            0           0  0.21s           2026-08-02T16:33:14
================================================================================
[2026-08-02T16:33:45.052+0000] {manager.py:878} INFO - 
================================================================================
DAG File Processing Stats

File Path                                   PID    Runtime      # DAGs    # Errors  Last Runtime    Last Run
------------------------------------------  -----  ---------  --------  ----------  --------------  -------------------
/opt/airflow/dags/training_pipeline_dag.py                           0           0  -5.38s          2026-08-02T16:33:42
/opt/airflow/dags/feature_pipeline_dag.py                            0           0  -5.48s          2026-08-02T16:33:43
================================================================================
[2026-08-02T16:34:15.357+0000] {manager.py:878} INFO - 
================================================================================
DAG File Processing Stats

File Path                                   PID    Runtime      # DAGs    # Errors  Last Runtime    Last Run
------------------------------------------  -----  ---------  --------  ----------  --------------  -------------------
/opt/airflow/dags/training_pipeline_dag.py                           0           0  -6.03s          2026-08-02T16:34:07
/opt/airflow/dags/feature_pipeline_dag.py                            0           0  -6.04s          2026-08-02T16:34:07
================================================================================
[2026-08-02T16:34:23.588+0000] {manager.py:737} INFO - Searching for files in /opt/airflow/dags
[2026-08-02T16:34:23.703+0000] {manager.py:740} INFO - There are 2 files in /opt/airflow/dags
[2026-08-02T16:34:46.017+0000] {manager.py:878} INFO - 
================================================================================
DAG File Processing Stats

File Path                                   PID    Runtime      # DAGs    # Errors  Last Runtime    Last Run
------------------------------------------  -----  ---------  --------  ----------  --------------  -------------------
/opt/airflow/dags/training_pipeline_dag.py                           0           0  0.19s           2026-08-02T16:34:43
/opt/airflow/dags/feature_pipeline_dag.py                            0           0  0.17s           2026-08-02T16:34:43
================================================================================
[2026-08-02T16:35:16.597+0000] {manager.py:878} INFO - 
================================================================================
DAG File Processing Stats

File Path                                   PID    Runtime      # DAGs    # Errors  Last Runtime    Last Run
------------------------------------------  -----  ---------  --------  ----------  --------------  -------------------
/opt/airflow/dags/feature_pipeline_dag.py                            0           0  0.28s           2026-08-02T16:35:18
/opt/airflow/dags/training_pipeline_dag.py                           0           0  0.23s           2026-08-02T16:35:18
================================================================================
[2026-08-02T16:35:47.483+0000] {manager.py:878} INFO - 
================================================================================
DAG File Processing Stats

File Path                                   PID    Runtime      # DAGs    # Errors  Last Runtime    Last Run
------------------------------------------  -----  ---------  --------  ----------  --------------  -------------------
/opt/airflow/dags/feature_pipeline_dag.py                            0           0  0.28s           2026-08-02T16:35:18
/opt/airflow/dags/training_pipeline_dag.py                           0           0  0.23s           2026-08-02T16:35:18
================================================================================
[2026-08-02T16:36:14.208+0000] {manager.py:878} INFO - 
================================================================================
DAG File Processing Stats

File Path                                   PID    Runtime      # DAGs    # Errors  Last Runtime    Last Run
------------------------------------------  -----  ---------  --------  ----------  --------------  -------------------
/opt/airflow/dags/training_pipeline_dag.py                           0           0  0.24s           2026-08-02T16:35:49
/opt/airflow/dags/feature_pipeline_dag.py                            0           0  0.21s           2026-08-02T16:35:49
================================================================================
[2026-08-02T16:36:41.921+0000] {manager.py:878} INFO - 
================================================================================
DAG File Processing Stats

File Path                                   PID    Runtime      # DAGs    # Errors  Last Runtime    Last Run
------------------------------------------  -----  ---------  --------  ----------  --------------  -------------------
/opt/airflow/dags/training_pipeline_dag.py                           0           0  0.36s           2026-08-02T16:36:20
/opt/airflow/dags/feature_pipeline_dag.py                            0           0  0.26s           2026-08-02T16:36:20
================================================================================
[2026-08-02T16:37:11.753+0000] {manager.py:878} INFO - 
================================================================================
DAG File Processing Stats

File Path                                   PID    Runtime      # DAGs    # Errors  Last Runtime    Last Run
------------------------------------------  -----  ---------  --------  ----------  --------------  -------------------
/opt/airflow/dags/training_pipeline_dag.py                           0           0  0.24s           2026-08-02T16:36:53
/opt/airflow/dags/feature_pipeline_dag.py                            0           0  0.21s           2026-08-02T16:36:53
================================================================================
[2026-08-02T16:37:48.948+0000] {manager.py:878} INFO - 
================================================================================
DAG File Processing Stats

File Path                                   PID    Runtime      # DAGs    # Errors  Last Runtime    Last Run
------------------------------------------  -----  ---------  --------  ----------  --------------  -------------------
/opt/airflow/dags/feature_pipeline_dag.py                            0           0  0.26s           2026-08-02T16:37:29
/opt/airflow/dags/training_pipeline_dag.py                           0           0  0.24s           2026-08-02T16:37:29
================================================================================
[2026-08-02T16:38:13.387+0000] {manager.py:878} INFO - 
================================================================================
DAG File Processing Stats

File Path                                   PID    Runtime      # DAGs    # Errors  Last Runtime    Last Run
------------------------------------------  -----  ---------  --------  ----------  --------------  -------------------
/opt/airflow/dags/training_pipeline_dag.py                           0           0  0.22s           2026-08-02T16:38:04
/opt/airflow/dags/feature_pipeline_dag.py                            0           0  0.20s           2026-08-02T16:38:04
================================================================================
[2026-08-02T16:38:45.143+0000] {manager.py:878} INFO - 
================================================================================
DAG File Processing Stats

File Path                                   PID    Runtime      # DAGs    # Errors  Last Runtime    Last Run
------------------------------------------  -----  ---------  --------  ----------  --------------  -------------------
/opt/airflow/dags/training_pipeline_dag.py                           0           0  0.23s           2026-08-02T16:38:37
/opt/airflow/dags/feature_pipeline_dag.py                            0           0  0.21s           2026-08-02T16:38:37
================================================================================
[2026-08-02T16:45:42.758+0000] {manager.py:737} INFO - Searching for files in /opt/airflow/dags
[2026-08-02T16:45:42.858+0000] {manager.py:740} INFO - There are 2 files in /opt/airflow/dags
[2026-08-02T16:45:49.354+0000] {manager.py:878} INFO - 
================================================================================
DAG File Processing Stats

File Path                                   PID    Runtime      # DAGs    # Errors  Last Runtime    Last Run
------------------------------------------  -----  ---------  --------  ----------  --------------  -------------------
/opt/airflow/dags/feature_pipeline_dag.py                            0           0  1.77s           2026-08-02T16:45:44
/opt/airflow/dags/training_pipeline_dag.py                           0           0  0.29s           2026-08-02T16:45:43
================================================================================
[2026-08-02T16:46:19.662+0000] {manager.py:878} INFO - 
================================================================================
DAG File Processing Stats

File Path                                   PID    Runtime      # DAGs    # Errors  Last Runtime    Last Run
------------------------------------------  -----  ---------  --------  ----------  --------------  -------------------
/opt/airflow/dags/feature_pipeline_dag.py                            0           0  0.59s           2026-08-02T16:46:15
/opt/airflow/dags/training_pipeline_dag.py                           0           0  -5.85s          2026-08-02T16:46:07
================================================================================
[2026-08-02T16:46:48.584+0000] {manager.py:878} INFO - 
================================================================================
DAG File Processing Stats

File Path                                   PID    Runtime      # DAGs    # Errors  Last Runtime    Last Run
------------------------------------------  -----  ---------  --------  ----------  --------------  -------------------
/opt/airflow/dags/training_pipeline_dag.py                           0           0  0.34s           2026-08-02T16:46:38
/opt/airflow/dags/feature_pipeline_dag.py                            0           0  0.23s           2026-08-02T16:46:49
================================================================================
[2026-08-02T16:47:16.536+0000] {manager.py:878} INFO - 
================================================================================
DAG File Processing Stats

File Path                                   PID    Runtime      # DAGs    # Errors  Last Runtime    Last Run
------------------------------------------  -----  ---------  --------  ----------  --------------  -------------------
/opt/airflow/dags/training_pipeline_dag.py                           0           0  0.24s           2026-08-02T16:47:09
/opt/airflow/dags/feature_pipeline_dag.py                            0           0  0.23s           2026-08-02T16:46:49
================================================================================
[2026-08-02T16:47:44.095+0000] {manager.py:878} INFO - 
================================================================================
DAG File Processing Stats

File Path                                   PID    Runtime      # DAGs    # Errors  Last Runtime    Last Run
------------------------------------------  -----  ---------  --------  ----------  --------------  -------------------
/opt/airflow/dags/feature_pipeline_dag.py                            0           0  0.25s           2026-08-02T16:47:23
/opt/airflow/dags/training_pipeline_dag.py                           0           0  0.21s           2026-08-02T16:47:43
================================================================================
[2026-08-02T16:48:12.228+0000] {manager.py:878} INFO - 
================================================================================
DAG File Processing Stats

File Path                                   PID    Runtime      # DAGs    # Errors  Last Runtime    Last Run
------------------------------------------  -----  ---------  --------  ----------  --------------  -------------------
/opt/airflow/dags/training_pipeline_dag.py                           0           0  0.31s           2026-08-02T16:48:08
/opt/airflow/dags/feature_pipeline_dag.py                            0           0  -5.88s          2026-08-02T16:47:47
================================================================================
[2026-08-02T16:48:40.168+0000] {manager.py:878} INFO - 
================================================================================
DAG File Processing Stats

File Path                                   PID    Runtime      # DAGs    # Errors  Last Runtime    Last Run
------------------------------------------  -----  ---------  --------  ----------  --------------  -------------------
/opt/airflow/dags/training_pipeline_dag.py                           0           0  -4.80s          2026-08-02T16:48:34
/opt/airflow/dags/feature_pipeline_dag.py                            0           0  -5.37s          2026-08-02T16:48:38
================================================================================
[2026-08-02T16:49:08.234+0000] {manager.py:878} INFO - 
================================================================================
DAG File Processing Stats

File Path                                   PID    Runtime      # DAGs    # Errors  Last Runtime    Last Run
------------------------------------------  -----  ---------  --------  ----------  --------------  -------------------
/opt/airflow/dags/feature_pipeline_dag.py                            0           0  -5.09s          2026-08-02T16:49:03
/opt/airflow/dags/training_pipeline_dag.py                           0           0  -5.34s          2026-08-02T16:49:03
================================================================================
[2026-08-02T16:49:36.781+0000] {manager.py:878} INFO - 
================================================================================
DAG File Processing Stats

File Path                                   PID    Runtime      # DAGs    # Errors  Last Runtime    Last Run
------------------------------------------  -----  ---------  --------  ----------  --------------  -------------------
/opt/airflow/dags/training_pipeline_dag.py                           0           0  -4.35s          2026-08-02T16:49:34
/opt/airflow/dags/feature_pipeline_dag.py                            0           0  -4.41s          2026-08-02T16:49:34
================================================================================
[2026-08-02T16:50:11.447+0000] {manager.py:878} INFO - 
================================================================================
DAG File Processing Stats

File Path                                   PID    Runtime      # DAGs    # Errors  Last Runtime    Last Run
------------------------------------------  -----  ---------  --------  ----------  --------------  -------------------
/opt/airflow/dags/training_pipeline_dag.py                           0           0  0.25s           2026-08-02T16:50:05
/opt/airflow/dags/feature_pipeline_dag.py                            0           0  0.21s           2026-08-02T16:50:05
================================================================================
[2026-08-02T16:50:34.186+0000] {manager.py:878} INFO - 
================================================================================
DAG File Processing Stats

File Path                                   PID    Runtime      # DAGs    # Errors  Last Runtime    Last Run
------------------------------------------  -----  ---------  --------  ----------  --------------  -------------------
/opt/airflow/dags/training_pipeline_dag.py                           0           0  0.25s           2026-08-02T16:50:05
/opt/airflow/dags/feature_pipeline_dag.py                            0           0  0.21s           2026-08-02T16:50:05
================================================================================
[2026-08-02T16:50:43.951+0000] {manager.py:737} INFO - Searching for files in /opt/airflow/dags
[2026-08-02T16:50:44.046+0000] {manager.py:740} INFO - There are 2 files in /opt/airflow/dags
[2026-08-02T16:51:07.450+0000] {manager.py:878} INFO - 
================================================================================
DAG File Processing Stats

File Path                                     PID  Runtime      # DAGs    # Errors  Last Runtime    Last Run
------------------------------------------  -----  ---------  --------  ----------  --------------  -------------------
/opt/airflow/dags/training_pipeline_dag.py    478  0.07s             0           0  0.21s           2026-08-02T16:50:36
/opt/airflow/dags/feature_pipeline_dag.py     481  0.01s             0           0  0.19s           2026-08-02T16:50:36
================================================================================
[2026-08-02T16:51:44.036+0000] {manager.py:878} INFO - 
================================================================================
DAG File Processing Stats

File Path                                     PID  Runtime      # DAGs    # Errors  Last Runtime    Last Run
------------------------------------------  -----  ---------  --------  ----------  --------------  -------------------
/opt/airflow/dags/training_pipeline_dag.py    488  0.06s             0           0  6.43s           2026-08-02T16:51:13
/opt/airflow/dags/feature_pipeline_dag.py     491  0.02s             0           0  6.39s           2026-08-02T16:51:13
================================================================================
[2026-08-02T16:52:08.588+0000] {manager.py:878} INFO - 
================================================================================
DAG File Processing Stats

File Path                                   PID    Runtime      # DAGs    # Errors  Last Runtime    Last Run
------------------------------------------  -----  ---------  --------  ----------  --------------  -------------------
/opt/airflow/dags/training_pipeline_dag.py                           0           0  0.25s           2026-08-02T16:51:44
/opt/airflow/dags/feature_pipeline_dag.py                            0           0  0.24s           2026-08-02T16:51:44
================================================================================
[2026-08-02T16:52:39.201+0000] {manager.py:878} INFO - 
================================================================================
DAG File Processing Stats

File Path                                   PID    Runtime      # DAGs    # Errors  Last Runtime    Last Run
------------------------------------------  -----  ---------  --------  ----------  --------------  -------------------
/opt/airflow/dags/training_pipeline_dag.py                           0           0  0.34s           2026-08-02T16:52:14
/opt/airflow/dags/feature_pipeline_dag.py                            0           0  0.32s           2026-08-02T16:52:14
================================================================================
[2026-08-02T16:53:14.377+0000] {manager.py:878} INFO - 
================================================================================
DAG File Processing Stats

File Path                                   PID    Runtime      # DAGs    # Errors  Last Runtime    Last Run
------------------------------------------  -----  ---------  --------  ----------  --------------  -------------------
/opt/airflow/dags/training_pipeline_dag.py                           0           0  0.25s           2026-08-02T16:52:49
/opt/airflow/dags/feature_pipeline_dag.py                            0           0  0.23s           2026-08-02T16:52:49
================================================================================
[2026-08-02T16:53:36.394+0000] {manager.py:878} INFO - 
================================================================================
DAG File Processing Stats

File Path                                   PID    Runtime      # DAGs    # Errors  Last Runtime    Last Run
------------------------------------------  -----  ---------  --------  ----------  --------------  -------------------
/opt/airflow/dags/training_pipeline_dag.py                           0           0  0.23s           2026-08-02T16:53:23
/opt/airflow/dags/feature_pipeline_dag.py                            0           0  -5.78s          2026-08-02T16:53:17
================================================================================
[2026-08-02T16:54:10.547+0000] {manager.py:878} INFO - 
================================================================================
DAG File Processing Stats

File Path                                   PID    Runtime      # DAGs    # Errors  Last Runtime    Last Run
------------------------------------------  -----  ---------  --------  ----------  --------------  -------------------
/opt/airflow/dags/feature_pipeline_dag.py                            0           0  0.25s           2026-08-02T16:53:50
/opt/airflow/dags/training_pipeline_dag.py                           0           0  0.24s           2026-08-02T16:53:59
================================================================================
[2026-08-02T16:54:32.037+0000] {manager.py:878} INFO - 
================================================================================
DAG File Processing Stats

File Path                                   PID    Runtime      # DAGs    # Errors  Last Runtime    Last Run
------------------------------------------  -----  ---------  --------  ----------  --------------  -------------------
/opt/airflow/dags/training_pipeline_dag.py                           0           0  0.27s           2026-08-02T16:54:30
/opt/airflow/dags/feature_pipeline_dag.py                            0           0  0.24s           2026-08-02T16:54:24
================================================================================
[2026-08-02T16:54:59.654+0000] {manager.py:878} INFO - 
================================================================================
DAG File Processing Stats

File Path                                   PID    Runtime      # DAGs    # Errors  Last Runtime    Last Run
------------------------------------------  -----  ---------  --------  ----------  --------------  -------------------
/opt/airflow/dags/feature_pipeline_dag.py                            0           0  0.23s           2026-08-02T16:55:00
/opt/airflow/dags/training_pipeline_dag.py                           0           0  -5.98s          2026-08-02T16:54:58
================================================================================
[2026-08-02T16:55:30.455+0000] {manager.py:878} INFO - 
================================================================================
DAG File Processing Stats

File Path                                   PID    Runtime      # DAGs    # Errors  Last Runtime    Last Run
------------------------------------------  -----  ---------  --------  ----------  --------------  -------------------
/opt/airflow/dags/training_pipeline_dag.py                           0           0  0.19s           2026-08-02T16:55:29
/opt/airflow/dags/feature_pipeline_dag.py                            0           0  -5.79s          2026-08-02T16:55:28
================================================================================
[2026-08-02T16:55:44.536+0000] {manager.py:737} INFO - Searching for files in /opt/airflow/dags
[2026-08-02T16:55:44.647+0000] {manager.py:740} INFO - There are 2 files in /opt/airflow/dags
[2026-08-02T16:56:00.369+0000] {manager.py:878} INFO - 
================================================================================
DAG File Processing Stats

File Path                                   PID    Runtime      # DAGs    # Errors  Last Runtime    Last Run
------------------------------------------  -----  ---------  --------  ----------  --------------  -------------------
/opt/airflow/dags/training_pipeline_dag.py                           0           0  0.41s           2026-08-02T16:56:00
/opt/airflow/dags/feature_pipeline_dag.py                            0           0  0.28s           2026-08-02T16:55:59
================================================================================
[2026-08-02T16:56:30.545+0000] {manager.py:878} INFO - 
================================================================================
DAG File Processing Stats

File Path                                   PID    Runtime      # DAGs    # Errors  Last Runtime    Last Run
------------------------------------------  -----  ---------  --------  ----------  --------------  -------------------
/opt/airflow/dags/feature_pipeline_dag.py                            0           0  0.24s           2026-08-02T16:56:29
/opt/airflow/dags/training_pipeline_dag.py                           0           0  0.21s           2026-08-02T16:56:34
================================================================================
[2026-08-02T16:56:59.033+0000] {manager.py:878} INFO - 
================================================================================
DAG File Processing Stats

File Path                                   PID    Runtime      # DAGs    # Errors  Last Runtime    Last Run
------------------------------------------  -----  ---------  --------  ----------  --------------  -------------------
/opt/airflow/dags/feature_pipeline_dag.py                            0           0  0.24s           2026-08-02T16:56:29
/opt/airflow/dags/training_pipeline_dag.py                           0           0  0.21s           2026-08-02T16:56:34
================================================================================
[2026-08-02T16:57:27.001+0000] {manager.py:878} INFO - 
================================================================================
DAG File Processing Stats

File Path                                   PID    Runtime      # DAGs    # Errors  Last Runtime    Last Run
------------------------------------------  -----  ---------  --------  ----------  --------------  -------------------
/opt/airflow/dags/feature_pipeline_dag.py                            0           0  0.36s           2026-08-02T16:57:00
/opt/airflow/dags/training_pipeline_dag.py                           0           0  0.24s           2026-08-02T16:57:05
================================================================================
[2026-08-02T16:57:54.576+0000] {manager.py:878} INFO - 
================================================================================
DAG File Processing Stats

File Path                                   PID    Runtime      # DAGs    # Errors  Last Runtime    Last Run
------------------------------------------  -----  ---------  --------  ----------  --------------  -------------------
/opt/airflow/dags/feature_pipeline_dag.py                            0           0  0.25s           2026-08-02T16:57:35
/opt/airflow/dags/training_pipeline_dag.py                           0           0  -5.59s          2026-08-02T16:57:34
================================================================================
[2026-08-02T16:58:22.675+0000] {manager.py:878} INFO - 
================================================================================
DAG File Processing Stats

File Path                                   PID    Runtime      # DAGs    # Errors  Last Runtime    Last Run
------------------------------------------  -----  ---------  --------  ----------  --------------  -------------------
/opt/airflow/dags/training_pipeline_dag.py                           0           0  0.24s           2026-08-02T16:58:04
/opt/airflow/dags/feature_pipeline_dag.py                            0           0  -6.02s          2026-08-02T16:58:01
================================================================================
[2026-08-02T16:58:57.147+0000] {manager.py:878} INFO - 
================================================================================
DAG File Processing Stats

File Path                                   PID    Runtime      # DAGs    # Errors  Last Runtime    Last Run
------------------------------------------  -----  ---------  --------  ----------  --------------  -------------------
/opt/airflow/dags/training_pipeline_dag.py                           0           0  -5.02s          2026-08-02T16:58:30
/opt/airflow/dags/feature_pipeline_dag.py                            0           0  -5.07s          2026-08-02T16:58:30
================================================================================
[2026-08-02T16:59:26.526+0000] {manager.py:878} INFO - 
================================================================================
DAG File Processing Stats

File Path                                   PID    Runtime      # DAGs    # Errors  Last Runtime    Last Run
------------------------------------------  -----  ---------  --------  ----------  --------------  -------------------
/opt/airflow/dags/training_pipeline_dag.py                           0           0  0.25s           2026-08-02T16:59:00
/opt/airflow/dags/feature_pipeline_dag.py                            0           0  0.23s           2026-08-02T16:59:00
================================================================================
[2026-08-02T16:59:56.373+0000] {manager.py:878} INFO - 
================================================================================
DAG File Processing Stats

File Path                                   PID    Runtime      # DAGs    # Errors  Last Runtime    Last Run
------------------------------------------  -----  ---------  --------  ----------  --------------  -------------------
/opt/airflow/dags/training_pipeline_dag.py                           0           0  0.38s           2026-08-02T16:59:30
/opt/airflow/dags/feature_pipeline_dag.py                            0           0  0.33s           2026-08-02T16:59:30
================================================================================
[2026-08-02T17:00:26.963+0000] {manager.py:878} INFO - 
================================================================================
DAG File Processing Stats

File Path                                   PID    Runtime      # DAGs    # Errors  Last Runtime    Last Run
------------------------------------------  -----  ---------  --------  ----------  --------------  -------------------
/opt/airflow/dags/feature_pipeline_dag.py                            0           0  0.34s           2026-08-02T17:00:01
/opt/airflow/dags/training_pipeline_dag.py                           0           0  0.13s           2026-08-02T17:00:01
================================================================================
[2026-08-02T17:00:45.382+0000] {manager.py:737} INFO - Searching for files in /opt/airflow/dags
[2026-08-02T17:00:45.492+0000] {manager.py:740} INFO - There are 2 files in /opt/airflow/dags
[2026-08-02T17:00:57.691+0000] {manager.py:878} INFO - 
================================================================================
DAG File Processing Stats

File Path                                   PID    Runtime      # DAGs    # Errors  Last Runtime    Last Run
------------------------------------------  -----  ---------  --------  ----------  --------------  -------------------
/opt/airflow/dags/training_pipeline_dag.py                           0           0  0.21s           2026-08-02T17:00:32
/opt/airflow/dags/feature_pipeline_dag.py                            0           0  0.20s           2026-08-02T17:00:32
================================================================================
[2026-08-02T17:01:22.209+0000] {manager.py:878} INFO - 
================================================================================
DAG File Processing Stats

File Path                                   PID    Runtime      # DAGs    # Errors  Last Runtime    Last Run
------------------------------------------  -----  ---------  --------  ----------  --------------  -------------------
/opt/airflow/dags/training_pipeline_dag.py                           0           0  0.22s           2026-08-02T17:01:02
/opt/airflow/dags/feature_pipeline_dag.py                            0           0  0.20s           2026-08-02T17:01:02
================================================================================
[2026-08-02T17:01:58.656+0000] {manager.py:878} INFO - 
================================================================================
DAG File Processing Stats

File Path                                   PID    Runtime      # DAGs    # Errors  Last Runtime    Last Run
------------------------------------------  -----  ---------  --------  ----------  --------------  -------------------
/opt/airflow/dags/training_pipeline_dag.py                           0           0  0.23s           2026-08-02T17:01:35
/opt/airflow/dags/feature_pipeline_dag.py                            0           0  0.20s           2026-08-02T17:01:35
================================================================================
[2026-08-02T17:02:28.889+0000] {manager.py:878} INFO - 
================================================================================
DAG File Processing Stats

File Path                                   PID    Runtime      # DAGs    # Errors  Last Runtime    Last Run
------------------------------------------  -----  ---------  --------  ----------  --------------  -------------------
/opt/airflow/dags/training_pipeline_dag.py                           0           0  0.24s           2026-08-02T17:02:06
/opt/airflow/dags/feature_pipeline_dag.py                            0           0  0.23s           2026-08-02T17:02:06
================================================================================
[2026-08-02T17:02:59.032+0000] {manager.py:878} INFO - 
================================================================================
DAG File Processing Stats

File Path                                   PID    Runtime      # DAGs    # Errors  Last Runtime    Last Run
------------------------------------------  -----  ---------  --------  ----------  --------------  -------------------
/opt/airflow/dags/training_pipeline_dag.py                           0           0  0.19s           2026-08-02T17:02:36
/opt/airflow/dags/feature_pipeline_dag.py                            0           0  0.17s           2026-08-02T17:02:36
================================================================================
[2026-08-02T17:03:29.691+0000] {manager.py:878} INFO - 
================================================================================
DAG File Processing Stats

File Path                                   PID    Runtime      # DAGs    # Errors  Last Runtime    Last Run
------------------------------------------  -----  ---------  --------  ----------  --------------  -------------------
/opt/airflow/dags/training_pipeline_dag.py                           0           0  0.24s           2026-08-02T17:03:07
/opt/airflow/dags/feature_pipeline_dag.py                            0           0  0.23s           2026-08-02T17:03:07
================================================================================
[2026-08-02T17:04:00.351+0000] {manager.py:878} INFO - 
================================================================================
DAG File Processing Stats

File Path                                   PID    Runtime      # DAGs    # Errors  Last Runtime    Last Run
------------------------------------------  -----  ---------  --------  ----------  --------------  -------------------
/opt/airflow/dags/training_pipeline_dag.py                           0           0  0.22s           2026-08-02T17:03:38
/opt/airflow/dags/feature_pipeline_dag.py                            0           0  0.21s           2026-08-02T17:03:38
================================================================================
[2026-08-02T17:04:30.848+0000] {manager.py:878} INFO - 
================================================================================
DAG File Processing Stats

File Path                                   PID    Runtime      # DAGs    # Errors  Last Runtime    Last Run
------------------------------------------  -----  ---------  --------  ----------  --------------  -------------------
/opt/airflow/dags/training_pipeline_dag.py                           0           0  0.27s           2026-08-02T17:04:08
/opt/airflow/dags/feature_pipeline_dag.py                            0           0  0.22s           2026-08-02T17:04:08
================================================================================
[2026-08-02T17:05:01.452+0000] {manager.py:878} INFO - 
================================================================================
DAG File Processing Stats

File Path                                   PID    Runtime      # DAGs    # Errors  Last Runtime    Last Run
------------------------------------------  -----  ---------  --------  ----------  --------------  -------------------
/opt/airflow/dags/feature_pipeline_dag.py                            0           0  0.20s           2026-08-02T17:04:39
/opt/airflow/dags/training_pipeline_dag.py                           0           0  0.19s           2026-08-02T17:04:39
================================================================================
[2026-08-02T17:05:32.052+0000] {manager.py:878} INFO - 
================================================================================
DAG File Processing Stats

File Path                                   PID    Runtime      # DAGs    # Errors  Last Runtime    Last Run
------------------------------------------  -----  ---------  --------  ----------  --------------  -------------------
/opt/airflow/dags/training_pipeline_dag.py                           0           0  0.20s           2026-08-02T17:05:09
/opt/airflow/dags/feature_pipeline_dag.py                            0           0  0.18s           2026-08-02T17:05:09
================================================================================
[2026-08-02T17:05:45.462+0000] {manager.py:737} INFO - Searching for files in /opt/airflow/dags
[2026-08-02T17:05:45.737+0000] {manager.py:740} INFO - There are 2 files in /opt/airflow/dags
[2026-08-02T17:06:02.979+0000] {manager.py:878} INFO - 
================================================================================
DAG File Processing Stats

File Path                                   PID    Runtime      # DAGs    # Errors  Last Runtime    Last Run
------------------------------------------  -----  ---------  --------  ----------  --------------  -------------------
/opt/airflow/dags/training_pipeline_dag.py                           0           0  0.21s           2026-08-02T17:05:40
/opt/airflow/dags/feature_pipeline_dag.py                            0           0  0.19s           2026-08-02T17:05:40
================================================================================
[2026-08-02T18:48:50.547+0000] {manager.py:737} INFO - Searching for files in /opt/airflow/dags
[2026-08-02T18:48:50.974+0000] {manager.py:740} INFO - There are 2 files in /opt/airflow/dags
[2026-08-02T18:49:11.054+0000] {manager.py:878} INFO - 
================================================================================
DAG File Processing Stats

File Path                                   PID    Runtime      # DAGs    # Errors  Last Runtime    Last Run
------------------------------------------  -----  ---------  --------  ----------  --------------  -------------------
/opt/airflow/dags/training_pipeline_dag.py                           0           0  2.57s           2026-08-02T18:48:53
/opt/airflow/dags/feature_pipeline_dag.py                            0           0  1.61s           2026-08-02T18:48:53
================================================================================
[2026-08-02T18:49:41.342+0000] {manager.py:878} INFO - 
================================================================================
DAG File Processing Stats

File Path                                   PID    Runtime      # DAGs    # Errors  Last Runtime    Last Run
------------------------------------------  -----  ---------  --------  ----------  --------------  -------------------
/opt/airflow/dags/feature_pipeline_dag.py                            0           0  1.13s           2026-08-02T18:49:25
/opt/airflow/dags/training_pipeline_dag.py                           0           0  0.38s           2026-08-02T18:49:25
================================================================================
[2026-08-02T18:50:11.366+0000] {manager.py:878} INFO - 
================================================================================
DAG File Processing Stats

File Path                                   PID    Runtime      # DAGs    # Errors  Last Runtime    Last Run
------------------------------------------  -----  ---------  --------  ----------  --------------  -------------------
/opt/airflow/dags/training_pipeline_dag.py                           0           0  0.73s           2026-08-02T18:49:56
/opt/airflow/dags/feature_pipeline_dag.py                            0           0  0.71s           2026-08-02T18:49:56
================================================================================
[2026-08-02T18:50:42.156+0000] {manager.py:878} INFO - 
================================================================================
DAG File Processing Stats

File Path                                   PID    Runtime      # DAGs    # Errors  Last Runtime    Last Run
------------------------------------------  -----  ---------  --------  ----------  --------------  -------------------
/opt/airflow/dags/training_pipeline_dag.py                           0           0  0.22s           2026-08-02T18:50:26
/opt/airflow/dags/feature_pipeline_dag.py                            0           0  0.21s           2026-08-02T18:50:26
================================================================================
[2026-08-02T18:51:12.268+0000] {manager.py:878} INFO - 
================================================================================
DAG File Processing Stats

File Path                                   PID    Runtime      # DAGs    # Errors  Last Runtime    Last Run
------------------------------------------  -----  ---------  --------  ----------  --------------  -------------------
/opt/airflow/dags/feature_pipeline_dag.py                            0           0  0.25s           2026-08-02T18:50:57
/opt/airflow/dags/training_pipeline_dag.py                           0           0  0.25s           2026-08-02T18:50:57
================================================================================
[2026-08-02T18:51:42.830+0000] {manager.py:878} INFO - 
================================================================================
DAG File Processing Stats

File Path                                   PID    Runtime      # DAGs    # Errors  Last Runtime    Last Run
------------------------------------------  -----  ---------  --------  ----------  --------------  -------------------
/opt/airflow/dags/training_pipeline_dag.py                           0           0  0.20s           2026-08-02T18:51:28
/opt/airflow/dags/feature_pipeline_dag.py                            0           0  0.18s           2026-08-02T18:51:28
================================================================================
[2026-08-02T18:52:07.041+0000] {manager.py:878} INFO - 
================================================================================
DAG File Processing Stats

File Path                                   PID    Runtime      # DAGs    # Errors  Last Runtime    Last Run
------------------------------------------  -----  ---------  --------  ----------  --------------  -------------------
/opt/airflow/dags/training_pipeline_dag.py                           0           0  0.20s           2026-08-02T18:51:59
/opt/airflow/dags/feature_pipeline_dag.py                            0           0  0.18s           2026-08-02T18:51:59
================================================================================
[2026-08-02T18:52:37.615+0000] {manager.py:878} INFO - 
================================================================================
DAG File Processing Stats

File Path                                   PID    Runtime      # DAGs    # Errors  Last Runtime    Last Run
------------------------------------------  -----  ---------  --------  ----------  --------------  -------------------
/opt/airflow/dags/training_pipeline_dag.py                           0           0  0.20s           2026-08-02T18:52:29
/opt/airflow/dags/feature_pipeline_dag.py                            0           0  0.18s           2026-08-02T18:52:29
================================================================================
[2026-08-02T18:53:08.166+0000] {manager.py:878} INFO - 
================================================================================
DAG File Processing Stats

File Path                                   PID    Runtime      # DAGs    # Errors  Last Runtime    Last Run
------------------------------------------  -----  ---------  --------  ----------  --------------  -------------------
/opt/airflow/dags/training_pipeline_dag.py                           0           0  0.17s           2026-08-02T18:53:00
/opt/airflow/dags/feature_pipeline_dag.py                            0           0  0.16s           2026-08-02T18:53:00
================================================================================
[2026-08-02T18:53:38.604+0000] {manager.py:878} INFO - 
================================================================================
DAG File Processing Stats

File Path                                   PID    Runtime      # DAGs    # Errors  Last Runtime    Last Run
------------------------------------------  -----  ---------  --------  ----------  --------------  -------------------
/opt/airflow/dags/training_pipeline_dag.py                           0           0  0.19s           2026-08-02T18:53:30
/opt/airflow/dags/feature_pipeline_dag.py                            0           0  0.16s           2026-08-02T18:53:30
================================================================================
[2026-08-02T18:53:50.767+0000] {manager.py:737} INFO - Searching for files in /opt/airflow/dags
[2026-08-02T18:53:50.861+0000] {manager.py:740} INFO - There are 2 files in /opt/airflow/dags
[2026-08-02T18:54:09.117+0000] {manager.py:878} INFO - 
================================================================================
DAG File Processing Stats

File Path                                   PID    Runtime      # DAGs    # Errors  Last Runtime    Last Run
------------------------------------------  -----  ---------  --------  ----------  --------------  -------------------
/opt/airflow/dags/training_pipeline_dag.py                           0           0  0.13s           2026-08-02T18:54:01
/opt/airflow/dags/feature_pipeline_dag.py                            0           0  0.10s           2026-08-02T18:54:01
================================================================================
[2026-08-02T18:54:39.716+0000] {manager.py:878} INFO - 
================================================================================
DAG File Processing Stats

File Path                                   PID    Runtime      # DAGs    # Errors  Last Runtime    Last Run
------------------------------------------  -----  ---------  --------  ----------  --------------  -------------------
/opt/airflow/dags/feature_pipeline_dag.py                            0           0  0.21s           2026-08-02T18:54:31
/opt/airflow/dags/training_pipeline_dag.py                           0           0  0.19s           2026-08-02T18:54:31
================================================================================
[2026-08-02T18:55:10.228+0000] {manager.py:878} INFO - 
================================================================================
DAG File Processing Stats

File Path                                   PID    Runtime      # DAGs    # Errors  Last Runtime    Last Run
------------------------------------------  -----  ---------  --------  ----------  --------------  -------------------
/opt/airflow/dags/training_pipeline_dag.py                           0           0  0.22s           2026-08-02T18:55:02
/opt/airflow/dags/feature_pipeline_dag.py                            0           0  0.18s           2026-08-02T18:55:02
================================================================================
[2026-08-02T18:55:40.824+0000] {manager.py:878} INFO - 
================================================================================
DAG File Processing Stats

File Path                                   PID    Runtime      # DAGs    # Errors  Last Runtime    Last Run
------------------------------------------  -----  ---------  --------  ----------  --------------  -------------------
/opt/airflow/dags/training_pipeline_dag.py                           0           0  0.17s           2026-08-02T18:55:32
/opt/airflow/dags/feature_pipeline_dag.py                            0           0  0.16s           2026-08-02T18:55:32
================================================================================
[2026-08-02T18:56:11.509+0000] {manager.py:878} INFO - 
================================================================================
DAG File Processing Stats

File Path                                   PID    Runtime      # DAGs    # Errors  Last Runtime    Last Run
------------------------------------------  -----  ---------  --------  ----------  --------------  -------------------
/opt/airflow/dags/training_pipeline_dag.py                           0           0  0.22s           2026-08-02T18:56:03
/opt/airflow/dags/feature_pipeline_dag.py                            0           0  0.20s           2026-08-02T18:56:03
================================================================================
[2026-08-02T18:56:42.012+0000] {manager.py:878} INFO - 
================================================================================
DAG File Processing Stats

File Path                                   PID    Runtime      # DAGs    # Errors  Last Runtime    Last Run
------------------------------------------  -----  ---------  --------  ----------  --------------  -------------------
/opt/airflow/dags/training_pipeline_dag.py                           0           0  0.35s           2026-08-02T18:56:34
/opt/airflow/dags/feature_pipeline_dag.py                            0           0  0.32s           2026-08-02T18:56:34
================================================================================
[2026-08-02T18:57:12.594+0000] {manager.py:878} INFO - 
================================================================================
DAG File Processing Stats

File Path                                   PID    Runtime      # DAGs    # Errors  Last Runtime    Last Run
------------------------------------------  -----  ---------  --------  ----------  --------------  -------------------
/opt/airflow/dags/training_pipeline_dag.py                           0           0  0.18s           2026-08-02T18:57:04
/opt/airflow/dags/feature_pipeline_dag.py                            0           0  0.18s           2026-08-02T18:57:04
================================================================================
[2026-08-02T18:57:43.175+0000] {manager.py:878} INFO - 
================================================================================
DAG File Processing Stats

File Path                                   PID    Runtime      # DAGs    # Errors  Last Runtime    Last Run
------------------------------------------  -----  ---------  --------  ----------  --------------  -------------------
/opt/airflow/dags/training_pipeline_dag.py                           0           0  0.39s           2026-08-02T18:57:35
/opt/airflow/dags/feature_pipeline_dag.py                            0           0  0.33s           2026-08-02T18:57:35
================================================================================
[2026-08-02T18:58:13.754+0000] {manager.py:878} INFO - 
================================================================================
DAG File Processing Stats

File Path                                   PID    Runtime      # DAGs    # Errors  Last Runtime    Last Run
------------------------------------------  -----  ---------  --------  ----------  --------------  -------------------
/opt/airflow/dags/training_pipeline_dag.py                           0           0  0.22s           2026-08-02T18:58:05
/opt/airflow/dags/feature_pipeline_dag.py                            0           0  0.19s           2026-08-02T18:58:05
================================================================================
[2026-08-02T18:58:44.108+0000] {manager.py:878} INFO - 
================================================================================
DAG File Processing Stats

File Path                                   PID    Runtime      # DAGs    # Errors  Last Runtime    Last Run
------------------------------------------  -----  ---------  --------  ----------  --------------  -------------------
/opt/airflow/dags/feature_pipeline_dag.py                            0           0  0.89s           2026-08-02T18:58:37
/opt/airflow/dags/training_pipeline_dag.py                           0           0  0.89s           2026-08-02T18:58:37
================================================================================
[2026-08-02T18:58:51.217+0000] {manager.py:737} INFO - Searching for files in /opt/airflow/dags
[2026-08-02T18:58:51.369+0000] {manager.py:740} INFO - There are 2 files in /opt/airflow/dags
[2026-08-02T18:59:15.004+0000] {manager.py:878} INFO - 
================================================================================
DAG File Processing Stats

File Path                                   PID    Runtime      # DAGs    # Errors  Last Runtime    Last Run
------------------------------------------  -----  ---------  --------  ----------  --------------  -------------------
/opt/airflow/dags/training_pipeline_dag.py                           0           0  0.20s           2026-08-02T18:59:07
/opt/airflow/dags/feature_pipeline_dag.py                            0           0  0.18s           2026-08-02T18:59:07
================================================================================
[2026-08-02T18:59:45.705+0000] {manager.py:878} INFO - 
================================================================================
DAG File Processing Stats

File Path                                   PID    Runtime      # DAGs    # Errors  Last Runtime    Last Run
------------------------------------------  -----  ---------  --------  ----------  --------------  -------------------
/opt/airflow/dags/training_pipeline_dag.py                           0           0  0.23s           2026-08-02T18:59:38
/opt/airflow/dags/feature_pipeline_dag.py                            0           0  0.20s           2026-08-02T18:59:38
================================================================================
[2026-08-02T19:00:16.309+0000] {manager.py:878} INFO - 
================================================================================
DAG File Processing Stats

File Path                                   PID    Runtime      # DAGs    # Errors  Last Runtime    Last Run
------------------------------------------  -----  ---------  --------  ----------  --------------  -------------------
/opt/airflow/dags/training_pipeline_dag.py                           0           0  0.30s           2026-08-02T19:00:09
/opt/airflow/dags/feature_pipeline_dag.py                            0           0  0.20s           2026-08-02T19:00:09
================================================================================
[2026-08-02T19:00:47.044+0000] {manager.py:878} INFO - 
================================================================================
DAG File Processing Stats

File Path                                   PID    Runtime      # DAGs    # Errors  Last Runtime    Last Run
------------------------------------------  -----  ---------  --------  ----------  --------------  -------------------
/opt/airflow/dags/training_pipeline_dag.py                           0           0  0.21s           2026-08-02T19:00:39
/opt/airflow/dags/feature_pipeline_dag.py                            0           0  0.18s           2026-08-02T19:00:39
================================================================================
[2026-08-02T19:01:17.928+0000] {manager.py:878} INFO - 
================================================================================
DAG File Processing Stats

File Path                                   PID    Runtime      # DAGs    # Errors  Last Runtime    Last Run
------------------------------------------  -----  ---------  --------  ----------  --------------  -------------------
/opt/airflow/dags/training_pipeline_dag.py                           0           0  0.18s           2026-08-02T19:01:10
/opt/airflow/dags/feature_pipeline_dag.py                            0           0  0.17s           2026-08-02T19:01:10
================================================================================
[2026-08-02T19:01:48.471+0000] {manager.py:878} INFO - 
================================================================================
DAG File Processing Stats

File Path                                   PID    Runtime      # DAGs    # Errors  Last Runtime    Last Run
------------------------------------------  -----  ---------  --------  ----------  --------------  -------------------
/opt/airflow/dags/training_pipeline_dag.py                           0           0  0.21s           2026-08-02T19:01:41
/opt/airflow/dags/feature_pipeline_dag.py                            0           0  0.17s           2026-08-02T19:01:41
================================================================================
[2026-08-02T19:02:19.133+0000] {manager.py:878} INFO - 
================================================================================
DAG File Processing Stats

File Path                                   PID    Runtime      # DAGs    # Errors  Last Runtime    Last Run
------------------------------------------  -----  ---------  --------  ----------  --------------  -------------------
/opt/airflow/dags/training_pipeline_dag.py                           0           0  0.26s           2026-08-02T19:02:12
/opt/airflow/dags/feature_pipeline_dag.py                            0           0  0.25s           2026-08-02T19:02:12
================================================================================
[2026-08-02T19:02:49.709+0000] {manager.py:878} INFO - 
================================================================================
DAG File Processing Stats

File Path                                   PID    Runtime      # DAGs    # Errors  Last Runtime    Last Run
------------------------------------------  -----  ---------  --------  ----------  --------------  -------------------
/opt/airflow/dags/training_pipeline_dag.py                           0           0  0.24s           2026-08-02T19:02:42
/opt/airflow/dags/feature_pipeline_dag.py                            0           0  0.20s           2026-08-02T19:02:42
================================================================================
[2026-08-02T19:03:20.411+0000] {manager.py:878} INFO - 
================================================================================
DAG File Processing Stats

File Path                                   PID    Runtime      # DAGs    # Errors  Last Runtime    Last Run
------------------------------------------  -----  ---------  --------  ----------  --------------  -------------------
/opt/airflow/dags/training_pipeline_dag.py                           0           0  0.22s           2026-08-02T19:03:13
/opt/airflow/dags/feature_pipeline_dag.py                            0           0  0.21s           2026-08-02T19:03:13
================================================================================
[2026-08-02T19:03:51.000+0000] {manager.py:878} INFO - 
================================================================================
DAG File Processing Stats

File Path                                   PID    Runtime      # DAGs    # Errors  Last Runtime    Last Run
------------------------------------------  -----  ---------  --------  ----------  --------------  -------------------
/opt/airflow/dags/training_pipeline_dag.py                           0           0  0.31s           2026-08-02T19:03:44
/opt/airflow/dags/feature_pipeline_dag.py                            0           0  0.24s           2026-08-02T19:03:44
================================================================================
[2026-08-02T19:03:52.011+0000] {manager.py:737} INFO - Searching for files in /opt/airflow/dags
[2026-08-02T19:03:52.142+0000] {manager.py:740} INFO - There are 3 files in /opt/airflow/dags
[2026-08-02T19:04:21.612+0000] {manager.py:878} INFO - 
================================================================================
DAG File Processing Stats

File Path                                   PID    Runtime      # DAGs    # Errors  Last Runtime    Last Run
------------------------------------------  -----  ---------  --------  ----------  --------------  -------------------
/opt/airflow/dags/orchestration.py                                   0           1  0.32s           2026-08-02T19:03:54
/opt/airflow/dags/training_pipeline_dag.py                           0           0  0.26s           2026-08-02T19:04:14
/opt/airflow/dags/feature_pipeline_dag.py                            0           0  0.25s           2026-08-02T19:04:14
================================================================================
[2026-08-02T19:04:52.089+0000] {manager.py:878} INFO - 
================================================================================
DAG File Processing Stats

File Path                                   PID    Runtime      # DAGs    # Errors  Last Runtime    Last Run
------------------------------------------  -----  ---------  --------  ----------  --------------  -------------------
/opt/airflow/dags/orchestration.py                                   0           1  0.73s           2026-08-02T19:04:26
/opt/airflow/dags/training_pipeline_dag.py                           0           0  0.19s           2026-08-02T19:04:44
/opt/airflow/dags/feature_pipeline_dag.py                            0           0  0.18s           2026-08-02T19:04:45
================================================================================
[2026-08-02T19:05:22.824+0000] {manager.py:878} INFO - 
================================================================================
DAG File Processing Stats

File Path                                   PID    Runtime      # DAGs    # Errors  Last Runtime    Last Run
------------------------------------------  -----  ---------  --------  ----------  --------------  -------------------
/opt/airflow/dags/training_pipeline_dag.py                           0           0  0.21s           2026-08-02T19:05:15
/opt/airflow/dags/orchestration.py                                   0           1  0.21s           2026-08-02T19:04:57
/opt/airflow/dags/feature_pipeline_dag.py                            0           0  0.20s           2026-08-02T19:05:15
================================================================================
[2026-08-02T19:05:53.675+0000] {manager.py:878} INFO - 
================================================================================
DAG File Processing Stats

File Path                                   PID    Runtime      # DAGs    # Errors  Last Runtime    Last Run
------------------------------------------  -----  ---------  --------  ----------  --------------  -------------------
/opt/airflow/dags/orchestration.py                                   0           1  0.22s           2026-08-02T19:05:28
/opt/airflow/dags/training_pipeline_dag.py                           0           0  0.20s           2026-08-02T19:05:46
/opt/airflow/dags/feature_pipeline_dag.py                            0           0  0.19s           2026-08-02T19:05:46
================================================================================
[2026-08-02T19:06:24.469+0000] {manager.py:878} INFO - 
================================================================================
DAG File Processing Stats

File Path                                   PID    Runtime      # DAGs    # Errors  Last Runtime    Last Run
------------------------------------------  -----  ---------  --------  ----------  --------------  -------------------
/opt/airflow/dags/orchestration.py                                   0           1  0.24s           2026-08-02T19:05:59
/opt/airflow/dags/training_pipeline_dag.py                           0           0  0.21s           2026-08-02T19:06:17
/opt/airflow/dags/feature_pipeline_dag.py                            0           0  0.18s           2026-08-02T19:06:17
================================================================================
[2026-08-02T19:06:55.269+0000] {manager.py:878} INFO - 
================================================================================
DAG File Processing Stats

File Path                                   PID    Runtime      # DAGs    # Errors  Last Runtime    Last Run
------------------------------------------  -----  ---------  --------  ----------  --------------  -------------------
/opt/airflow/dags/orchestration.py                                   0           1  0.23s           2026-08-02T19:06:29
/opt/airflow/dags/training_pipeline_dag.py                           0           0  0.21s           2026-08-02T19:06:48
/opt/airflow/dags/feature_pipeline_dag.py                            0           0  0.20s           2026-08-02T19:06:48
================================================================================
[2026-08-02T19:07:25.990+0000] {manager.py:878} INFO - 
================================================================================
DAG File Processing Stats

File Path                                   PID    Runtime      # DAGs    # Errors  Last Runtime    Last Run
------------------------------------------  -----  ---------  --------  ----------  --------------  -------------------
/opt/airflow/dags/training_pipeline_dag.py                           0           0  0.24s           2026-08-02T19:07:18
/opt/airflow/dags/orchestration.py                                   0           1  0.21s           2026-08-02T19:07:00
/opt/airflow/dags/feature_pipeline_dag.py                            0           0  0.21s           2026-08-02T19:07:18
================================================================================
[2026-08-02T19:07:56.770+0000] {manager.py:878} INFO - 
================================================================================
DAG File Processing Stats

File Path                                   PID    Runtime      # DAGs    # Errors  Last Runtime    Last Run
------------------------------------------  -----  ---------  --------  ----------  --------------  -------------------
/opt/airflow/dags/orchestration.py                                   0           1  0.22s           2026-08-02T19:07:31
/opt/airflow/dags/training_pipeline_dag.py                           0           0  0.18s           2026-08-02T19:07:49
/opt/airflow/dags/feature_pipeline_dag.py                            0           0  0.17s           2026-08-02T19:07:49
================================================================================
[2026-08-02T19:08:27.627+0000] {manager.py:878} INFO - 
================================================================================
DAG File Processing Stats

File Path                                     PID  Runtime      # DAGs    # Errors  Last Runtime    Last Run
------------------------------------------  -----  ---------  --------  ----------  --------------  -------------------
/opt/airflow/dags/orchestration.py           1208  7.40s             0           1  0.22s           2026-08-02T19:08:02
/opt/airflow/dags/feature_pipeline_dag.py                            0           0  0.21s           2026-08-02T19:08:20
/opt/airflow/dags/training_pipeline_dag.py                           0           0  0.18s           2026-08-02T19:08:20
================================================================================
[2026-08-02T19:08:52.403+0000] {manager.py:737} INFO - Searching for files in /opt/airflow/dags
[2026-08-02T19:08:52.565+0000] {manager.py:740} INFO - There are 3 files in /opt/airflow/dags
[2026-08-02T19:08:52.823+0000] {manager.py:1016} ERROR - Processor for /opt/airflow/dags/orchestration.py exited with return code 1.
[2026-08-02T19:08:57.908+0000] {manager.py:878} INFO - 
================================================================================
DAG File Processing Stats

File Path                                   PID    Runtime      # DAGs    # Errors  Last Runtime    Last Run
------------------------------------------  -----  ---------  --------  ----------  --------------  -------------------
/opt/airflow/dags/orchestration.py                                   0          -1  32.61s          2026-08-02T19:08:52
/opt/airflow/dags/training_pipeline_dag.py                           0           0  1.91s           2026-08-02T19:08:52
/opt/airflow/dags/feature_pipeline_dag.py                            0           0  1.01s           2026-08-02T19:08:53
================================================================================
[2026-08-02T19:09:28.657+0000] {manager.py:878} INFO - 
================================================================================
DAG File Processing Stats

File Path                                     PID  Runtime      # DAGs    # Errors  Last Runtime    Last Run
------------------------------------------  -----  ---------  --------  ----------  --------------  -------------------
/opt/airflow/dags/orchestration.py           1234  5.30s             0          -1  32.61s          2026-08-02T19:08:52
/opt/airflow/dags/feature_pipeline_dag.py                            0           0  0.19s           2026-08-02T19:09:24
/opt/airflow/dags/training_pipeline_dag.py                           0           0  0.19s           2026-08-02T19:09:23
================================================================================
[2026-08-02T19:09:59.593+0000] {manager.py:878} INFO - 
================================================================================
DAG File Processing Stats

File Path                                   PID    Runtime      # DAGs    # Errors  Last Runtime    Last Run
------------------------------------------  -----  ---------  --------  ----------  --------------  -------------------
/opt/airflow/dags/orchestration.py                                   0           1  0.29s           2026-08-02T19:09:53
/opt/airflow/dags/feature_pipeline_dag.py                            0           0  0.20s           2026-08-02T19:09:55
/opt/airflow/dags/training_pipeline_dag.py                           0           0  0.18s           2026-08-02T19:09:54
================================================================================
[2026-08-02T19:10:29.689+0000] {manager.py:878} INFO - 
================================================================================
DAG File Processing Stats

File Path                                   PID    Runtime      # DAGs    # Errors  Last Runtime    Last Run
------------------------------------------  -----  ---------  --------  ----------  --------------  -------------------
/opt/airflow/dags/orchestration.py                                   0           1  0.36s           2026-08-02T19:10:24
/opt/airflow/dags/training_pipeline_dag.py                           0           0  0.28s           2026-08-02T19:10:25
/opt/airflow/dags/feature_pipeline_dag.py                            0           0  0.19s           2026-08-02T19:10:26
================================================================================
[2026-08-02T19:10:59.839+0000] {manager.py:878} INFO - 
================================================================================
DAG File Processing Stats

File Path                                   PID    Runtime      # DAGs    # Errors  Last Runtime    Last Run
------------------------------------------  -----  ---------  --------  ----------  --------------  -------------------
/opt/airflow/dags/orchestration.py                                   1           0  2.72s           2026-08-02T19:10:51
/opt/airflow/dags/training_pipeline_dag.py                           0           0  0.34s           2026-08-02T19:10:56
/opt/airflow/dags/feature_pipeline_dag.py                            0           0  0.20s           2026-08-02T19:10:56
================================================================================
[2026-08-02T19:11:30.326+0000] {manager.py:878} INFO - 
================================================================================
DAG File Processing Stats

File Path                                     PID  Runtime      # DAGs    # Errors  Last Runtime    Last Run
------------------------------------------  -----  ---------  --------  ----------  --------------  -------------------
/opt/airflow/dags/orchestration.py           1299  8.08s             1           0  2.72s           2026-08-02T19:10:51
/opt/airflow/dags/training_pipeline_dag.py                           0           0  1.09s           2026-08-02T19:11:27
/opt/airflow/dags/feature_pipeline_dag.py                            0           0  0.78s           2026-08-02T19:11:28
================================================================================
[2026-08-02T19:12:00.933+0000] {manager.py:878} INFO - 
================================================================================
DAG File Processing Stats

File Path                                   PID    Runtime      # DAGs    # Errors  Last Runtime    Last Run
------------------------------------------  -----  ---------  --------  ----------  --------------  -------------------
/opt/airflow/dags/orchestration.py                                   1           0  17.30s          2026-08-02T19:11:39
/opt/airflow/dags/training_pipeline_dag.py                           0           0  0.18s           2026-08-02T19:11:58
/opt/airflow/dags/feature_pipeline_dag.py                            0           0  0.17s           2026-08-02T19:11:59
================================================================================
[2026-08-02T19:12:31.366+0000] {manager.py:878} INFO - 
================================================================================
DAG File Processing Stats

File Path                                   PID    Runtime      # DAGs    # Errors  Last Runtime    Last Run
------------------------------------------  -----  ---------  --------  ----------  --------------  -------------------
/opt/airflow/dags/orchestration.py                                   1           0  2.53s           2026-08-02T19:12:12
/opt/airflow/dags/feature_pipeline_dag.py                            0           0  0.18s           2026-08-02T19:12:29
/opt/airflow/dags/training_pipeline_dag.py                           0           0  0.18s           2026-08-02T19:12:28
================================================================================
[2026-08-02T19:13:02.035+0000] {manager.py:878} INFO - 
================================================================================
DAG File Processing Stats

File Path                                   PID    Runtime      # DAGs    # Errors  Last Runtime    Last Run
------------------------------------------  -----  ---------  --------  ----------  --------------  -------------------
/opt/airflow/dags/orchestration.py                                   1           0  1.96s           2026-08-02T19:12:45
/opt/airflow/dags/feature_pipeline_dag.py                            0           0  0.21s           2026-08-02T19:13:00
/opt/airflow/dags/training_pipeline_dag.py                           0           0  0.20s           2026-08-02T19:12:58
================================================================================
[2026-08-02T19:13:32.710+0000] {manager.py:878} INFO - 
================================================================================
DAG File Processing Stats

File Path                                   PID    Runtime      # DAGs    # Errors  Last Runtime    Last Run
------------------------------------------  -----  ---------  --------  ----------  --------------  -------------------
/opt/airflow/dags/orchestration.py                                   1           0  2.00s           2026-08-02T19:13:18
/opt/airflow/dags/training_pipeline_dag.py                           0           0  0.19s           2026-08-02T19:13:29
/opt/airflow/dags/feature_pipeline_dag.py                            0           0  0.17s           2026-08-02T19:13:30
================================================================================
[2026-08-02T19:13:53.173+0000] {manager.py:737} INFO - Searching for files in /opt/airflow/dags
[2026-08-02T19:13:53.302+0000] {manager.py:740} INFO - There are 3 files in /opt/airflow/dags
[2026-08-02T19:14:03.677+0000] {manager.py:878} INFO - 
================================================================================
DAG File Processing Stats

File Path                                   PID    Runtime      # DAGs    # Errors  Last Runtime    Last Run
------------------------------------------  -----  ---------  --------  ----------  --------------  -------------------
/opt/airflow/dags/orchestration.py                                   1           0  2.17s           2026-08-02T19:13:51
/opt/airflow/dags/training_pipeline_dag.py                           0           0  0.18s           2026-08-02T19:14:00
/opt/airflow/dags/feature_pipeline_dag.py                            0           0  0.17s           2026-08-02T19:14:01
================================================================================
[2026-08-02T19:14:34.465+0000] {manager.py:878} INFO - 
================================================================================
DAG File Processing Stats

File Path                                   PID    Runtime      # DAGs    # Errors  Last Runtime    Last Run
------------------------------------------  -----  ---------  --------  ----------  --------------  -------------------
/opt/airflow/dags/orchestration.py                                   1           0  2.01s           2026-08-02T19:14:24
/opt/airflow/dags/feature_pipeline_dag.py                            0           0  0.23s           2026-08-02T19:14:32
/opt/airflow/dags/training_pipeline_dag.py                           0           0  0.17s           2026-08-02T19:14:31
================================================================================
[2026-08-02T19:15:05.267+0000] {manager.py:878} INFO - 
================================================================================
DAG File Processing Stats

File Path                                   PID    Runtime      # DAGs    # Errors  Last Runtime    Last Run
------------------------------------------  -----  ---------  --------  ----------  --------------  -------------------
/opt/airflow/dags/orchestration.py                                   1           0  2.04s           2026-08-02T19:14:56
/opt/airflow/dags/feature_pipeline_dag.py                            0           0  0.19s           2026-08-02T19:15:03
/opt/airflow/dags/training_pipeline_dag.py                           0           0  0.16s           2026-08-02T19:15:02
================================================================================
[2026-08-02T19:15:35.967+0000] {manager.py:878} INFO - 
================================================================================
DAG File Processing Stats

File Path                                   PID    Runtime      # DAGs    # Errors  Last Runtime    Last Run
------------------------------------------  -----  ---------  --------  ----------  --------------  -------------------
/opt/airflow/dags/orchestration.py                                   1           0  1.98s           2026-08-02T19:15:29
/opt/airflow/dags/feature_pipeline_dag.py                            0           0  0.18s           2026-08-02T19:15:33
/opt/airflow/dags/training_pipeline_dag.py                           0           0  0.17s           2026-08-02T19:15:32
================================================================================
[2026-08-02T19:16:06.628+0000] {manager.py:878} INFO - 
================================================================================
DAG File Processing Stats

File Path                                   PID    Runtime      # DAGs    # Errors  Last Runtime    Last Run
------------------------------------------  -----  ---------  --------  ----------  --------------  -------------------
/opt/airflow/dags/orchestration.py                                   1           0  2.00s           2026-08-02T19:16:02
/opt/airflow/dags/feature_pipeline_dag.py                            0           0  0.21s           2026-08-02T19:16:04
/opt/airflow/dags/training_pipeline_dag.py                           0           0  0.18s           2026-08-02T19:16:03
================================================================================
[2026-08-02T19:16:37.168+0000] {manager.py:878} INFO - 
================================================================================
DAG File Processing Stats

File Path                                   PID    Runtime      # DAGs    # Errors  Last Runtime    Last Run
------------------------------------------  -----  ---------  --------  ----------  --------------  -------------------
/opt/airflow/dags/orchestration.py                                   1           0  2.10s           2026-08-02T19:16:35
/opt/airflow/dags/training_pipeline_dag.py                           0           0  0.17s           2026-08-02T19:16:34
/opt/airflow/dags/feature_pipeline_dag.py                            0           0  0.16s           2026-08-02T19:16:35
================================================================================
[2026-08-02T19:17:07.822+0000] {manager.py:878} INFO - 
================================================================================
DAG File Processing Stats

File Path                                   PID    Runtime      # DAGs    # Errors  Last Runtime    Last Run
------------------------------------------  -----  ---------  --------  ----------  --------------  -------------------
/opt/airflow/dags/orchestration.py                                   1           0  2.05s           2026-08-02T19:17:07
/opt/airflow/dags/training_pipeline_dag.py                           0           0  0.25s           2026-08-02T19:17:04
/opt/airflow/dags/feature_pipeline_dag.py                            0           0  0.18s           2026-08-02T19:17:05
================================================================================
[2026-08-02T19:17:38.703+0000] {manager.py:878} INFO - 
================================================================================
DAG File Processing Stats

File Path                                     PID  Runtime      # DAGs    # Errors  Last Runtime    Last Run
------------------------------------------  -----  ---------  --------  ----------  --------------  -------------------
/opt/airflow/dags/orchestration.py           1502  0.01s             1           0  2.05s           2026-08-02T19:17:07
/opt/airflow/dags/feature_pipeline_dag.py                            0           0  0.20s           2026-08-02T19:17:36
/opt/airflow/dags/training_pipeline_dag.py                           0           0  0.17s           2026-08-02T19:17:35
================================================================================
[2026-08-02T19:18:09.440+0000] {manager.py:878} INFO - 
================================================================================
DAG File Processing Stats

File Path                                   PID    Runtime      # DAGs    # Errors  Last Runtime    Last Run
------------------------------------------  -----  ---------  --------  ----------  --------------  -------------------
/opt/airflow/dags/orchestration.py                                   1           0  2.16s           2026-08-02T19:17:40
/opt/airflow/dags/training_pipeline_dag.py                           0           0  0.19s           2026-08-02T19:18:06
/opt/airflow/dags/feature_pipeline_dag.py                            0           0  0.18s           2026-08-02T19:18:07
================================================================================
[2026-08-02T19:18:40.090+0000] {manager.py:878} INFO - 
================================================================================
DAG File Processing Stats

File Path                                   PID    Runtime      # DAGs    # Errors  Last Runtime    Last Run
------------------------------------------  -----  ---------  --------  ----------  --------------  -------------------
/opt/airflow/dags/orchestration.py                                   1           0  1.99s           2026-08-02T19:18:13
/opt/airflow/dags/training_pipeline_dag.py                           0           0  0.17s           2026-08-02T19:18:37
/opt/airflow/dags/feature_pipeline_dag.py                            0           0  0.17s           2026-08-02T19:18:38
================================================================================
[2026-08-02T19:18:53.484+0000] {manager.py:737} INFO - Searching for files in /opt/airflow/dags
[2026-08-02T19:18:53.888+0000] {manager.py:740} INFO - There are 3 files in /opt/airflow/dags
[2026-08-02T19:19:10.379+0000] {manager.py:878} INFO - 
================================================================================
DAG File Processing Stats

File Path                                   PID    Runtime      # DAGs    # Errors  Last Runtime    Last Run
------------------------------------------  -----  ---------  --------  ----------  --------------  -------------------
/opt/airflow/dags/orchestration.py                                   1           0  2.63s           2026-08-02T19:18:46
/opt/airflow/dags/training_pipeline_dag.py                           0           0  0.19s           2026-08-02T19:19:07
/opt/airflow/dags/feature_pipeline_dag.py                            0           0  0.19s           2026-08-02T19:19:08
================================================================================
[2026-08-02T19:19:41.068+0000] {manager.py:878} INFO - 
================================================================================
DAG File Processing Stats

File Path                                   PID    Runtime      # DAGs    # Errors  Last Runtime    Last Run
------------------------------------------  -----  ---------  --------  ----------  --------------  -------------------
/opt/airflow/dags/orchestration.py                                   1           0  1.99s           2026-08-02T19:19:19
/opt/airflow/dags/feature_pipeline_dag.py                            0           0  0.19s           2026-08-02T19:19:39
/opt/airflow/dags/training_pipeline_dag.py                           0           0  0.16s           2026-08-02T19:19:37
================================================================================
[2026-08-02T19:20:11.770+0000] {manager.py:878} INFO - 
================================================================================
DAG File Processing Stats

File Path                                   PID    Runtime      # DAGs    # Errors  Last Runtime    Last Run
------------------------------------------  -----  ---------  --------  ----------  --------------  -------------------
/opt/airflow/dags/orchestration.py                                   1           0  2.04s           2026-08-02T19:19:52
/opt/airflow/dags/feature_pipeline_dag.py                            0           0  0.22s           2026-08-02T19:20:09
/opt/airflow/dags/training_pipeline_dag.py                           0           0  0.18s           2026-08-02T19:20:08
================================================================================
[2026-08-02T19:20:42.070+0000] {manager.py:878} INFO - 
================================================================================
DAG File Processing Stats

File Path                                   PID    Runtime      # DAGs    # Errors  Last Runtime    Last Run
------------------------------------------  -----  ---------  --------  ----------  --------------  -------------------
/opt/airflow/dags/orchestration.py                                   1           0  2.06s           2026-08-02T19:20:24
/opt/airflow/dags/training_pipeline_dag.py                           0           0  0.26s           2026-08-02T19:20:39
/opt/airflow/dags/feature_pipeline_dag.py                            0           0  0.21s           2026-08-02T19:20:40
================================================================================
[2026-08-02T19:21:12.785+0000] {manager.py:878} INFO - 
================================================================================
DAG File Processing Stats

File Path                                   PID    Runtime      # DAGs    # Errors  Last Runtime    Last Run
------------------------------------------  -----  ---------  --------  ----------  --------------  -------------------
/opt/airflow/dags/orchestration.py                                   1           0  2.33s           2026-08-02T19:21:05
/opt/airflow/dags/training_pipeline_dag.py                           0           0  0.15s           2026-08-02T19:21:10
/opt/airflow/dags/feature_pipeline_dag.py                            0           0  0.15s           2026-08-02T19:21:10
================================================================================
[2026-08-02T19:21:43.461+0000] {manager.py:878} INFO - 
================================================================================
DAG File Processing Stats

File Path                                   PID    Runtime      # DAGs    # Errors  Last Runtime    Last Run
------------------------------------------  -----  ---------  --------  ----------  --------------  -------------------
/opt/airflow/dags/orchestration.py                                   1           0  2.17s           2026-08-02T19:21:38
/opt/airflow/dags/training_pipeline_dag.py                           0           0  0.18s           2026-08-02T19:21:41
/opt/airflow/dags/feature_pipeline_dag.py                            0           0  0.17s           2026-08-02T19:21:41
================================================================================
[2026-08-02T19:22:14.057+0000] {manager.py:878} INFO - 
================================================================================
DAG File Processing Stats

File Path                                   PID    Runtime      # DAGs    # Errors  Last Runtime    Last Run
------------------------------------------  -----  ---------  --------  ----------  --------------  -------------------
/opt/airflow/dags/orchestration.py                                   1           0  2.35s           2026-08-02T19:22:11
/opt/airflow/dags/training_pipeline_dag.py                           0           0  0.23s           2026-08-02T19:22:12
/opt/airflow/dags/feature_pipeline_dag.py                            0           0  0.20s           2026-08-02T19:22:12
================================================================================
[2026-08-02T19:22:44.531+0000] {manager.py:878} INFO - 
================================================================================
DAG File Processing Stats

File Path                                   PID    Runtime      # DAGs    # Errors  Last Runtime    Last Run
------------------------------------------  -----  ---------  --------  ----------  --------------  -------------------
/opt/airflow/dags/orchestration.py                                   1           0  1.99s           2026-08-02T19:22:43
/opt/airflow/dags/training_pipeline_dag.py                           0           0  0.18s           2026-08-02T19:22:42
/opt/airflow/dags/feature_pipeline_dag.py                            0           0  0.17s           2026-08-02T19:22:42
================================================================================
[2026-08-02T19:23:15.263+0000] {manager.py:878} INFO - 
================================================================================
DAG File Processing Stats

File Path                                     PID  Runtime      # DAGs    # Errors  Last Runtime    Last Run
------------------------------------------  -----  ---------  --------  ----------  --------------  -------------------
/opt/airflow/dags/orchestration.py           1678  1.04s             1           0  1.99s           2026-08-02T19:22:43
/opt/airflow/dags/training_pipeline_dag.py                           0           0  0.19s           2026-08-02T19:23:13
/opt/airflow/dags/feature_pipeline_dag.py                            0           0  0.18s           2026-08-02T19:23:13
================================================================================
[2026-08-02T19:23:45.945+0000] {manager.py:878} INFO - 
================================================================================
DAG File Processing Stats

File Path                                   PID    Runtime      # DAGs    # Errors  Last Runtime    Last Run
------------------------------------------  -----  ---------  --------  ----------  --------------  -------------------
/opt/airflow/dags/orchestration.py                                   1           0  2.16s           2026-08-02T19:23:16
/opt/airflow/dags/training_pipeline_dag.py                           0           0  0.28s           2026-08-02T19:23:44
/opt/airflow/dags/feature_pipeline_dag.py                            0           0  0.23s           2026-08-02T19:23:44
================================================================================
[2026-08-02T19:23:53.986+0000] {manager.py:737} INFO - Searching for files in /opt/airflow/dags
[2026-08-02T19:23:54.102+0000] {manager.py:740} INFO - There are 3 files in /opt/airflow/dags
[2026-08-02T19:24:16.564+0000] {manager.py:878} INFO - 
================================================================================
DAG File Processing Stats

File Path                                   PID    Runtime      # DAGs    # Errors  Last Runtime    Last Run
------------------------------------------  -----  ---------  --------  ----------  --------------  -------------------
/opt/airflow/dags/orchestration.py                                   1           0  1.94s           2026-08-02T19:23:48
/opt/airflow/dags/training_pipeline_dag.py                           0           0  0.19s           2026-08-02T19:24:14
/opt/airflow/dags/feature_pipeline_dag.py                            0           0  0.16s           2026-08-02T19:24:14
================================================================================
[2026-08-02T19:24:47.120+0000] {manager.py:878} INFO - 
================================================================================
DAG File Processing Stats

File Path                                   PID    Runtime      # DAGs    # Errors  Last Runtime    Last Run
------------------------------------------  -----  ---------  --------  ----------  --------------  -------------------
/opt/airflow/dags/orchestration.py                                   1           0  2.05s           2026-08-02T19:24:19
/opt/airflow/dags/training_pipeline_dag.py                           0           0  0.19s           2026-08-02T19:24:45
/opt/airflow/dags/feature_pipeline_dag.py                            0           0  0.17s           2026-08-02T19:24:45
================================================================================
[2026-08-02T19:25:17.953+0000] {manager.py:878} INFO - 
================================================================================
DAG File Processing Stats

File Path                                   PID    Runtime      # DAGs    # Errors  Last Runtime    Last Run
------------------------------------------  -----  ---------  --------  ----------  --------------  -------------------
/opt/airflow/dags/orchestration.py                                   1           0  2.18s           2026-08-02T19:24:52
/opt/airflow/dags/training_pipeline_dag.py                           0           0  0.20s           2026-08-02T19:25:15
/opt/airflow/dags/feature_pipeline_dag.py                            0           0  0.18s           2026-08-02T19:25:15
================================================================================
[2026-08-02T19:25:48.531+0000] {manager.py:878} INFO - 
================================================================================
DAG File Processing Stats

File Path                                   PID    Runtime      # DAGs    # Errors  Last Runtime    Last Run
------------------------------------------  -----  ---------  --------  ----------  --------------  -------------------
/opt/airflow/dags/orchestration.py                                   1           0  1.93s           2026-08-02T19:25:24
/opt/airflow/dags/training_pipeline_dag.py                           0           0  0.19s           2026-08-02T19:25:46
/opt/airflow/dags/feature_pipeline_dag.py                            0           0  0.17s           2026-08-02T19:25:46
================================================================================
[2026-08-02T19:26:19.171+0000] {manager.py:878} INFO - 
================================================================================
DAG File Processing Stats

File Path                                   PID    Runtime      # DAGs    # Errors  Last Runtime    Last Run
------------------------------------------  -----  ---------  --------  ----------  --------------  -------------------
/opt/airflow/dags/orchestration.py                                   1           0  2.25s           2026-08-02T19:25:57
/opt/airflow/dags/training_pipeline_dag.py                           0           0  0.89s           2026-08-02T19:26:17
/opt/airflow/dags/feature_pipeline_dag.py                            0           0  0.83s           2026-08-02T19:26:17
================================================================================
[2026-08-02T19:26:49.920+0000] {manager.py:878} INFO - 
================================================================================
DAG File Processing Stats

File Path                                   PID    Runtime      # DAGs    # Errors  Last Runtime    Last Run
------------------------------------------  -----  ---------  --------  ----------  --------------  -------------------
/opt/airflow/dags/orchestration.py                                   1           0  2.24s           2026-08-02T19:26:30
/opt/airflow/dags/training_pipeline_dag.py                           0           0  0.19s           2026-08-02T19:26:48
/opt/airflow/dags/feature_pipeline_dag.py                            0           0  0.17s           2026-08-02T19:26:48
================================================================================
[2026-08-02T19:27:20.606+0000] {manager.py:878} INFO - 
================================================================================
DAG File Processing Stats

File Path                                   PID    Runtime      # DAGs    # Errors  Last Runtime    Last Run
------------------------------------------  -----  ---------  --------  ----------  --------------  -------------------
/opt/airflow/dags/orchestration.py                                   1           0  2.01s           2026-08-02T19:27:03
/opt/airflow/dags/training_pipeline_dag.py                           0           0  0.19s           2026-08-02T19:27:19
/opt/airflow/dags/feature_pipeline_dag.py                            0           0  0.17s           2026-08-02T19:27:19
================================================================================
[2026-08-02T19:27:51.419+0000] {manager.py:878} INFO - 
================================================================================
DAG File Processing Stats

File Path                                   PID    Runtime      # DAGs    # Errors  Last Runtime    Last Run
------------------------------------------  -----  ---------  --------  ----------  --------------  -------------------
/opt/airflow/dags/orchestration.py                                   1           0  2.25s           2026-08-02T19:27:36
/opt/airflow/dags/training_pipeline_dag.py                           0           0  0.20s           2026-08-02T19:27:50
/opt/airflow/dags/feature_pipeline_dag.py                            0           0  0.17s           2026-08-02T19:27:50
================================================================================
[2026-08-02T19:28:22.168+0000] {manager.py:878} INFO - 
================================================================================
DAG File Processing Stats

File Path                                   PID    Runtime      # DAGs    # Errors  Last Runtime    Last Run
------------------------------------------  -----  ---------  --------  ----------  --------------  -------------------
/opt/airflow/dags/orchestration.py                                   1           0  2.25s           2026-08-02T19:28:01
/opt/airflow/dags/training_pipeline_dag.py                           0           0  0.18s           2026-08-02T19:28:21
/opt/airflow/dags/feature_pipeline_dag.py                            0           0  0.16s           2026-08-02T19:28:21
================================================================================
[2026-08-02T19:28:52.728+0000] {manager.py:878} INFO - 
================================================================================
DAG File Processing Stats

File Path                                   PID    Runtime      # DAGs    # Errors  Last Runtime    Last Run
------------------------------------------  -----  ---------  --------  ----------  --------------  -------------------
/opt/airflow/dags/orchestration.py                                   1           0  2.11s           2026-08-02T19:28:34
/opt/airflow/dags/training_pipeline_dag.py                           0           0  0.19s           2026-08-02T19:28:51
/opt/airflow/dags/feature_pipeline_dag.py                            0           0  0.17s           2026-08-02T19:28:51
================================================================================
[2026-08-02T19:28:54.750+0000] {manager.py:737} INFO - Searching for files in /opt/airflow/dags
[2026-08-02T19:28:54.871+0000] {manager.py:740} INFO - There are 3 files in /opt/airflow/dags
[2026-08-02T19:29:23.585+0000] {manager.py:878} INFO - 
================================================================================
DAG File Processing Stats

File Path                                   PID    Runtime      # DAGs    # Errors  Last Runtime    Last Run
------------------------------------------  -----  ---------  --------  ----------  --------------  -------------------
/opt/airflow/dags/orchestration.py                                   1           0  2.09s           2026-08-02T19:29:07
/opt/airflow/dags/training_pipeline_dag.py                           0           0  0.22s           2026-08-02T19:29:22
/opt/airflow/dags/feature_pipeline_dag.py                            0           0  0.18s           2026-08-02T19:29:22
================================================================================
[2026-08-02T19:29:54.332+0000] {manager.py:878} INFO - 
================================================================================
DAG File Processing Stats

File Path                                   PID    Runtime      # DAGs    # Errors  Last Runtime    Last Run
------------------------------------------  -----  ---------  --------  ----------  --------------  -------------------
/opt/airflow/dags/orchestration.py                                   1           0  2.16s           2026-08-02T19:29:39
/opt/airflow/dags/training_pipeline_dag.py                           0           0  0.19s           2026-08-02T19:29:53
/opt/airflow/dags/feature_pipeline_dag.py                            0           0  0.18s           2026-08-02T19:29:53
================================================================================
[2026-08-02T19:30:24.897+0000] {manager.py:878} INFO - 
================================================================================
DAG File Processing Stats

File Path                                   PID    Runtime      # DAGs    # Errors  Last Runtime    Last Run
------------------------------------------  -----  ---------  --------  ----------  --------------  -------------------
/opt/airflow/dags/orchestration.py                                   1           0  2.03s           2026-08-02T19:30:12
/opt/airflow/dags/training_pipeline_dag.py                           0           0  0.18s           2026-08-02T19:30:23
/opt/airflow/dags/feature_pipeline_dag.py                            0           0  0.15s           2026-08-02T19:30:24
================================================================================
[2026-08-02T19:30:55.637+0000] {manager.py:878} INFO - 
================================================================================
DAG File Processing Stats

File Path                                   PID    Runtime      # DAGs    # Errors  Last Runtime    Last Run
------------------------------------------  -----  ---------  --------  ----------  --------------  -------------------
/opt/airflow/dags/orchestration.py                                   1           0  2.16s           2026-08-02T19:30:45
/opt/airflow/dags/training_pipeline_dag.py                           0           0  0.17s           2026-08-02T19:30:54
/opt/airflow/dags/feature_pipeline_dag.py                            0           0  0.15s           2026-08-02T19:30:54
================================================================================
[2026-08-02T19:31:26.376+0000] {manager.py:878} INFO - 
================================================================================
DAG File Processing Stats

File Path                                   PID    Runtime      # DAGs    # Errors  Last Runtime    Last Run
------------------------------------------  -----  ---------  --------  ----------  --------------  -------------------
/opt/airflow/dags/orchestration.py                                   1           0  2.14s           2026-08-02T19:31:18
/opt/airflow/dags/training_pipeline_dag.py                           0           0  0.19s           2026-08-02T19:31:25
/opt/airflow/dags/feature_pipeline_dag.py                            0           0  0.17s           2026-08-02T19:31:25
================================================================================
[2026-08-02T19:31:56.970+0000] {manager.py:878} INFO - 
================================================================================
DAG File Processing Stats

File Path                                   PID    Runtime      # DAGs    # Errors  Last Runtime    Last Run
------------------------------------------  -----  ---------  --------  ----------  --------------  -------------------
/opt/airflow/dags/orchestration.py                                   1           0  2.11s           2026-08-02T19:31:50
/opt/airflow/dags/training_pipeline_dag.py                           0           0  0.19s           2026-08-02T19:31:56
/opt/airflow/dags/feature_pipeline_dag.py                            0           0  0.17s           2026-08-02T19:31:56
================================================================================
[2026-08-02T19:32:27.353+0000] {manager.py:878} INFO - 
================================================================================
DAG File Processing Stats

File Path                                   PID    Runtime      # DAGs    # Errors  Last Runtime    Last Run
------------------------------------------  -----  ---------  --------  ----------  --------------  -------------------
/opt/airflow/dags/orchestration.py                                   1           0  2.88s           2026-08-02T19:32:24
/opt/airflow/dags/training_pipeline_dag.py                           0           0  0.19s           2026-08-02T19:32:26
/opt/airflow/dags/feature_pipeline_dag.py                            0           0  0.18s           2026-08-02T19:32:26
================================================================================
[2026-08-02T19:32:57.978+0000] {manager.py:878} INFO - 
================================================================================
DAG File Processing Stats

File Path                                     PID  Runtime      # DAGs    # Errors  Last Runtime    Last Run
------------------------------------------  -----  ---------  --------  ----------  --------------  -------------------
/opt/airflow/dags/orchestration.py           1972  3.12s             1           0  2.88s           2026-08-02T19:32:24
/opt/airflow/dags/training_pipeline_dag.py   1976  1.05s             0           0  0.19s           2026-08-02T19:32:26
/opt/airflow/dags/feature_pipeline_dag.py                            0           0  0.18s           2026-08-02T19:32:26
================================================================================
[2026-08-02T19:33:28.531+0000] {manager.py:878} INFO - 
================================================================================
DAG File Processing Stats

File Path                                     PID  Runtime      # DAGs    # Errors  Last Runtime    Last Run
------------------------------------------  -----  ---------  --------  ----------  --------------  -------------------
/opt/airflow/dags/orchestration.py                                   1           0  5.62s           2026-08-02T19:33:00
/opt/airflow/dags/feature_pipeline_dag.py                            0           0  1.62s           2026-08-02T19:33:00
/opt/airflow/dags/training_pipeline_dag.py   1988  0.01s             0           0  1.51s           2026-08-02T19:32:58
================================================================================
[2026-08-02T19:33:55.224+0000] {manager.py:737} INFO - Searching for files in /opt/airflow/dags
[2026-08-02T19:33:55.396+0000] {manager.py:740} INFO - There are 3 files in /opt/airflow/dags
[2026-08-02T19:33:59.568+0000] {manager.py:878} INFO - 
================================================================================
DAG File Processing Stats

File Path                                     PID  Runtime      # DAGs    # Errors  Last Runtime    Last Run
------------------------------------------  -----  ---------  --------  ----------  --------------  -------------------
/opt/airflow/dags/orchestration.py           2004  1.07s             1           0  3.18s           2026-08-02T19:33:33
/opt/airflow/dags/feature_pipeline_dag.py                            0           0  0.33s           2026-08-02T19:33:30
/opt/airflow/dags/training_pipeline_dag.py   2008  0.02s             0           0  0.24s           2026-08-02T19:33:28
================================================================================
[2026-08-02T19:34:30.041+0000] {manager.py:878} INFO - 
================================================================================
DAG File Processing Stats

File Path                                     PID  Runtime      # DAGs    # Errors  Last Runtime    Last Run
------------------------------------------  -----  ---------  --------  ----------  --------------  -------------------
/opt/airflow/dags/orchestration.py                                   1           0  6.81s           2026-08-02T19:34:05
/opt/airflow/dags/feature_pipeline_dag.py                            0           0  2.78s           2026-08-02T19:34:04
/opt/airflow/dags/training_pipeline_dag.py   2020  0.02s             0           0  0.17s           2026-08-02T19:33:59
================================================================================
[2026-08-02T19:35:00.215+0000] {manager.py:878} INFO - 
================================================================================
DAG File Processing Stats

File Path                                   PID    Runtime      # DAGs    # Errors  Last Runtime    Last Run
------------------------------------------  -----  ---------  --------  ----------  --------------  -------------------
/opt/airflow/dags/orchestration.py                                   1           0  2.53s           2026-08-02T19:34:37
/opt/airflow/dags/feature_pipeline_dag.py                            0           0  0.22s           2026-08-02T19:34:35
/opt/airflow/dags/training_pipeline_dag.py                           0           0  0.22s           2026-08-02T19:34:30
================================================================================
[2026-08-02T19:37:26.829+0000] {manager.py:470} INFO - Processing files using up to 2 processes at a time 
[2026-08-02T19:37:26.840+0000] {manager.py:471} INFO - Process each file at most once every 30 seconds
[2026-08-02T19:37:26.848+0000] {manager.py:472} INFO - Checking for new files in /opt/airflow/dags every 300 seconds
[2026-08-02T19:37:26.852+0000] {manager.py:737} INFO - Searching for files in /opt/airflow/dags
[2026-08-02T19:37:27.015+0000] {manager.py:740} INFO - There are 3 files in /opt/airflow/dags
[2026-08-02T19:37:30.627+0000] {manager.py:878} INFO - 
================================================================================
DAG File Processing Stats

File Path                                     PID  Runtime      # DAGs    # Errors  Last Runtime    Last Run
------------------------------------------  -----  ---------  --------  ----------  --------------  ----------
/opt/airflow/dags/feature_pipeline_dag.py                            0           0
/opt/airflow/dags/orchestration.py            168  1.86s             0           0
/opt/airflow/dags/training_pipeline_dag.py    171  1.35s             0           0
================================================================================
[2026-08-02T19:38:00.629+0000] {manager.py:878} INFO - 
================================================================================
DAG File Processing Stats

File Path                                   PID    Runtime      # DAGs    # Errors  Last Runtime    Last Run
------------------------------------------  -----  ---------  --------  ----------  --------------  -------------------
/opt/airflow/dags/orchestration.py                                   1           0  7.29s           2026-08-02T19:37:35
/opt/airflow/dags/training_pipeline_dag.py                           0           0  1.55s           2026-08-02T19:37:30
/opt/airflow/dags/feature_pipeline_dag.py                            0           0  0.59s           2026-08-02T19:37:31
================================================================================
[2026-08-02T19:38:30.803+0000] {manager.py:878} INFO - 
================================================================================
DAG File Processing Stats

File Path                                   PID    Runtime      # DAGs    # Errors  Last Runtime    Last Run
------------------------------------------  -----  ---------  --------  ----------  --------------  -------------------
/opt/airflow/dags/orchestration.py                                   1           0  10.59s          2026-08-02T19:38:17
/opt/airflow/dags/training_pipeline_dag.py                           0           0  3.24s           2026-08-02T19:38:04
/opt/airflow/dags/feature_pipeline_dag.py                            0           0  3.11s           2026-08-02T19:38:04
================================================================================
[2026-08-02T19:39:01.373+0000] {manager.py:878} INFO - 
================================================================================
DAG File Processing Stats

File Path                                     PID  Runtime      # DAGs    # Errors  Last Runtime    Last Run
------------------------------------------  -----  ---------  --------  ----------  --------------  -------------------
/opt/airflow/dags/orchestration.py            212  13.11s            1           0  10.59s          2026-08-02T19:38:17
/opt/airflow/dags/training_pipeline_dag.py                           0           0  1.71s           2026-08-02T19:38:37
/opt/airflow/dags/feature_pipeline_dag.py                            0           0  1.69s           2026-08-02T19:38:37
================================================================================
[2026-08-02T19:39:31.976+0000] {manager.py:878} INFO - 
================================================================================
DAG File Processing Stats

File Path                                   PID    Runtime      # DAGs    # Errors  Last Runtime    Last Run
------------------------------------------  -----  ---------  --------  ----------  --------------  -------------------
/opt/airflow/dags/orchestration.py                                   1           0  24.59s          2026-08-02T19:39:12
/opt/airflow/dags/training_pipeline_dag.py                           0           0  1.23s           2026-08-02T19:39:08
/opt/airflow/dags/feature_pipeline_dag.py                            0           0  1.19s           2026-08-02T19:39:09
================================================================================
[2026-08-02T19:40:02.444+0000] {manager.py:878} INFO - 
================================================================================
DAG File Processing Stats

File Path                                   PID    Runtime      # DAGs    # Errors  Last Runtime    Last Run
------------------------------------------  -----  ---------  --------  ----------  --------------  -------------------
/opt/airflow/dags/orchestration.py                                   1           0  14.09s          2026-08-02T19:39:57
/opt/airflow/dags/training_pipeline_dag.py                           0           0  0.75s           2026-08-02T19:39:39
/opt/airflow/dags/feature_pipeline_dag.py                            0           0  0.19s           2026-08-02T19:39:40
================================================================================
[2026-08-02T19:40:32.436+0000] {manager.py:878} INFO - 
================================================================================
DAG File Processing Stats

File Path                                   PID    Runtime      # DAGs    # Errors  Last Runtime    Last Run
------------------------------------------  -----  ---------  --------  ----------  --------------  -------------------
/opt/airflow/dags/orchestration.py                                   1           0  2.49s           2026-08-02T19:40:30
/opt/airflow/dags/training_pipeline_dag.py                           0           0  0.18s           2026-08-02T19:40:10
/opt/airflow/dags/feature_pipeline_dag.py                            0           0  0.16s           2026-08-02T19:40:10
================================================================================
[2026-08-02T19:41:02.675+0000] {manager.py:878} INFO - 
================================================================================
DAG File Processing Stats

File Path                                     PID  Runtime      # DAGs    # Errors  Last Runtime    Last Run
------------------------------------------  -----  ---------  --------  ----------  --------------  -------------------
/opt/airflow/dags/orchestration.py            309  1.34s             1           0  2.49s           2026-08-02T19:40:30
/opt/airflow/dags/training_pipeline_dag.py                           0           0  0.18s           2026-08-02T19:40:40
/opt/airflow/dags/feature_pipeline_dag.py                            0           0  0.17s           2026-08-02T19:40:41
================================================================================
[2026-08-02T19:41:32.768+0000] {manager.py:878} INFO - 
================================================================================
DAG File Processing Stats

File Path                                   PID    Runtime      # DAGs    # Errors  Last Runtime    Last Run
------------------------------------------  -----  ---------  --------  ----------  --------------  -------------------
/opt/airflow/dags/orchestration.py                                   1           0  1.74s           2026-08-02T19:41:03
/opt/airflow/dags/training_pipeline_dag.py                           0           0  0.20s           2026-08-02T19:41:11
/opt/airflow/dags/feature_pipeline_dag.py                            0           0  0.20s           2026-08-02T19:41:11
================================================================================
[2026-08-02T19:42:03.437+0000] {manager.py:878} INFO - 
================================================================================
DAG File Processing Stats

File Path                                   PID    Runtime      # DAGs    # Errors  Last Runtime    Last Run
------------------------------------------  -----  ---------  --------  ----------  --------------  -------------------
/opt/airflow/dags/orchestration.py                                   1           0  2.08s           2026-08-02T19:41:35
/opt/airflow/dags/training_pipeline_dag.py                           0           0  0.19s           2026-08-02T19:41:42
/opt/airflow/dags/feature_pipeline_dag.py                            0           0  0.18s           2026-08-02T19:41:42
================================================================================
[2026-08-02T19:42:27.051+0000] {manager.py:737} INFO - Searching for files in /opt/airflow/dags
[2026-08-02T19:42:27.194+0000] {manager.py:740} INFO - There are 3 files in /opt/airflow/dags
[2026-08-02T19:42:34.418+0000] {manager.py:878} INFO - 
================================================================================
DAG File Processing Stats

File Path                                   PID    Runtime      # DAGs    # Errors  Last Runtime    Last Run
------------------------------------------  -----  ---------  --------  ----------  --------------  -------------------
/opt/airflow/dags/orchestration.py                                   1           0  2.09s           2026-08-02T19:42:08
/opt/airflow/dags/training_pipeline_dag.py                           0           0  0.25s           2026-08-02T19:42:12
/opt/airflow/dags/feature_pipeline_dag.py                            0           0  0.20s           2026-08-02T19:42:12
================================================================================
[2026-08-02T19:43:04.493+0000] {manager.py:878} INFO - 
================================================================================
DAG File Processing Stats

File Path                                   PID    Runtime      # DAGs    # Errors  Last Runtime    Last Run
------------------------------------------  -----  ---------  --------  ----------  --------------  -------------------
/opt/airflow/dags/orchestration.py                                   1           0  2.37s           2026-08-02T19:42:41
/opt/airflow/dags/feature_pipeline_dag.py                            0           0  0.21s           2026-08-02T19:42:43
/opt/airflow/dags/training_pipeline_dag.py                           0           0  0.20s           2026-08-02T19:42:43
================================================================================
[2026-08-02T19:43:35.178+0000] {manager.py:878} INFO - 
================================================================================
DAG File Processing Stats

File Path                                   PID    Runtime      # DAGs    # Errors  Last Runtime    Last Run
------------------------------------------  -----  ---------  --------  ----------  --------------  -------------------
/opt/airflow/dags/orchestration.py                                   1           0  2.05s           2026-08-02T19:43:14
/opt/airflow/dags/training_pipeline_dag.py                           0           0  0.17s           2026-08-02T19:43:13
/opt/airflow/dags/feature_pipeline_dag.py                            0           0  0.16s           2026-08-02T19:43:14
================================================================================
[2026-08-02T19:44:05.667+0000] {manager.py:878} INFO - 
================================================================================
DAG File Processing Stats

File Path                                   PID    Runtime      # DAGs    # Errors  Last Runtime    Last Run
------------------------------------------  -----  ---------  --------  ----------  --------------  -------------------
/opt/airflow/dags/orchestration.py                                   1           0  1.89s           2026-08-02T19:43:47
/opt/airflow/dags/training_pipeline_dag.py                           0           0  0.20s           2026-08-02T19:43:44
/opt/airflow/dags/feature_pipeline_dag.py                            0           0  0.18s           2026-08-02T19:43:44
================================================================================
[2026-08-02T19:44:36.230+0000] {manager.py:878} INFO - 
================================================================================
DAG File Processing Stats

File Path                                   PID    Runtime      # DAGs    # Errors  Last Runtime    Last Run
------------------------------------------  -----  ---------  --------  ----------  --------------  -------------------
/opt/airflow/dags/orchestration.py                                   1           0  4.07s           2026-08-02T19:44:22
/opt/airflow/dags/training_pipeline_dag.py                           0           0  0.19s           2026-08-02T19:44:14
/opt/airflow/dags/feature_pipeline_dag.py                            0           0  0.16s           2026-08-02T19:44:14
================================================================================
[2026-08-02T19:45:06.339+0000] {manager.py:878} INFO - 
================================================================================
DAG File Processing Stats

File Path                                   PID    Runtime      # DAGs    # Errors  Last Runtime    Last Run
------------------------------------------  -----  ---------  --------  ----------  --------------  -------------------
/opt/airflow/dags/orchestration.py                                   1           0  4.30s           2026-08-02T19:44:57
/opt/airflow/dags/training_pipeline_dag.py                           0           0  0.44s           2026-08-02T19:44:45
/opt/airflow/dags/feature_pipeline_dag.py                            0           0  0.38s           2026-08-02T19:44:45
================================================================================
[2026-08-02T19:45:36.475+0000] {manager.py:878} INFO - 
================================================================================
DAG File Processing Stats

File Path                                   PID    Runtime      # DAGs    # Errors  Last Runtime    Last Run
------------------------------------------  -----  ---------  --------  ----------  --------------  -------------------
/opt/airflow/dags/orchestration.py                                   1           0  2.75s           2026-08-02T19:45:30
/opt/airflow/dags/training_pipeline_dag.py                           0           0  0.27s           2026-08-02T19:45:16
/opt/airflow/dags/feature_pipeline_dag.py                            0           0  0.25s           2026-08-02T19:45:16
================================================================================
[2026-08-02T19:46:06.783+0000] {manager.py:878} INFO - 
================================================================================
DAG File Processing Stats

File Path                                   PID    Runtime      # DAGs    # Errors  Last Runtime    Last Run
------------------------------------------  -----  ---------  --------  ----------  --------------  -------------------
/opt/airflow/dags/orchestration.py                                   1           0  5.54s           2026-08-02T19:46:06
/opt/airflow/dags/training_pipeline_dag.py                           0           0  0.37s           2026-08-02T19:45:46
/opt/airflow/dags/feature_pipeline_dag.py                            0           0  0.37s           2026-08-02T19:45:47
================================================================================
[2026-08-02T19:46:37.268+0000] {manager.py:878} INFO - 
================================================================================
DAG File Processing Stats

File Path                                     PID  Runtime      # DAGs    # Errors  Last Runtime    Last Run
------------------------------------------  -----  ---------  --------  ----------  --------------  -------------------
/opt/airflow/dags/orchestration.py            479  0.39s             1           0  5.54s           2026-08-02T19:46:06
/opt/airflow/dags/feature_pipeline_dag.py                            0           0  0.64s           2026-08-02T19:46:18
/opt/airflow/dags/training_pipeline_dag.py                           0           0  0.62s           2026-08-02T19:46:18
================================================================================
[2026-08-02T19:47:07.676+0000] {manager.py:878} INFO - 
================================================================================
DAG File Processing Stats

File Path                                   PID    Runtime      # DAGs    # Errors  Last Runtime    Last Run
------------------------------------------  -----  ---------  --------  ----------  --------------  -------------------
/opt/airflow/dags/orchestration.py                                   1           0  13.54s          2026-08-02T19:46:50
/opt/airflow/dags/training_pipeline_dag.py                           0           0  1.36s           2026-08-02T19:46:50
/opt/airflow/dags/feature_pipeline_dag.py                            0           0  0.27s           2026-08-02T19:46:50
================================================================================
[2026-08-02T19:47:27.565+0000] {manager.py:737} INFO - Searching for files in /opt/airflow/dags
[2026-08-02T19:47:27.684+0000] {manager.py:740} INFO - There are 3 files in /opt/airflow/dags
[2026-08-02T19:47:38.015+0000] {manager.py:878} INFO - 
================================================================================
DAG File Processing Stats

File Path                                   PID    Runtime      # DAGs    # Errors  Last Runtime    Last Run
------------------------------------------  -----  ---------  --------  ----------  --------------  -------------------
/opt/airflow/dags/orchestration.py                                   1           0  3.11s           2026-08-02T19:47:23
/opt/airflow/dags/training_pipeline_dag.py                           0           0  1.14s           2026-08-02T19:47:22
/opt/airflow/dags/feature_pipeline_dag.py                            0           0  0.40s           2026-08-02T19:47:22
================================================================================
[2026-08-02T19:48:08.919+0000] {manager.py:878} INFO - 
================================================================================
DAG File Processing Stats

File Path                                   PID    Runtime      # DAGs    # Errors  Last Runtime    Last Run
------------------------------------------  -----  ---------  --------  ----------  --------------  -------------------
/opt/airflow/dags/orchestration.py                                   1           0  4.17s           2026-08-02T19:47:58
/opt/airflow/dags/training_pipeline_dag.py                           0           0  0.18s           2026-08-02T19:47:52
/opt/airflow/dags/feature_pipeline_dag.py                            0           0  0.17s           2026-08-02T19:47:52
================================================================================
[2026-08-02T19:48:39.645+0000] {manager.py:878} INFO - 
================================================================================
DAG File Processing Stats

File Path                                     PID  Runtime      # DAGs    # Errors  Last Runtime    Last Run
------------------------------------------  -----  ---------  --------  ----------  --------------  -------------------
/opt/airflow/dags/orchestration.py            537  10.45s            1           0  4.17s           2026-08-02T19:47:58
/opt/airflow/dags/training_pipeline_dag.py                           0           0  0.98s           2026-08-02T19:48:24
/opt/airflow/dags/feature_pipeline_dag.py                            0           0  0.95s           2026-08-02T19:48:24
================================================================================
[2026-08-02T19:49:09.644+0000] {manager.py:878} INFO - 
================================================================================
DAG File Processing Stats

File Path                                   PID    Runtime      # DAGs    # Errors  Last Runtime    Last Run
------------------------------------------  -----  ---------  --------  ----------  --------------  -------------------
/opt/airflow/dags/orchestration.py                                   1           0  15.77s          2026-08-02T19:48:44
/opt/airflow/dags/training_pipeline_dag.py                           0           0  0.67s           2026-08-02T19:48:54
/opt/airflow/dags/feature_pipeline_dag.py                            0           0  0.65s           2026-08-02T19:48:55
================================================================================
[2026-08-02T19:49:40.436+0000] {manager.py:878} INFO - 
================================================================================
DAG File Processing Stats

File Path                                   PID    Runtime      # DAGs    # Errors  Last Runtime    Last Run
------------------------------------------  -----  ---------  --------  ----------  --------------  -------------------
/opt/airflow/dags/orchestration.py                                   1           0  2.27s           2026-08-02T19:49:18
/opt/airflow/dags/feature_pipeline_dag.py                            0           0  0.20s           2026-08-02T19:49:26
/opt/airflow/dags/training_pipeline_dag.py                           0           0  0.19s           2026-08-02T19:49:25
================================================================================
[2026-08-02T19:50:10.900+0000] {manager.py:878} INFO - 
================================================================================
DAG File Processing Stats

File Path                                   PID    Runtime      # DAGs    # Errors  Last Runtime    Last Run
------------------------------------------  -----  ---------  --------  ----------  --------------  -------------------
/opt/airflow/dags/orchestration.py                                   1           0  1.82s           2026-08-02T19:49:50
/opt/airflow/dags/feature_pipeline_dag.py                            0           0  0.21s           2026-08-02T19:49:56
/opt/airflow/dags/training_pipeline_dag.py                           0           0  0.18s           2026-08-02T19:49:55
================================================================================
[2026-08-02T19:50:41.128+0000] {manager.py:878} INFO - 
================================================================================
DAG File Processing Stats

File Path                                   PID    Runtime      # DAGs    # Errors  Last Runtime    Last Run
------------------------------------------  -----  ---------  --------  ----------  --------------  -------------------
/opt/airflow/dags/orchestration.py                                   1           0  1.76s           2026-08-02T19:50:22
/opt/airflow/dags/training_pipeline_dag.py                           0           0  0.20s           2026-08-02T19:50:26
/opt/airflow/dags/feature_pipeline_dag.py                            0           0  0.18s           2026-08-02T19:50:27
================================================================================
[2026-08-02T19:51:11.766+0000] {manager.py:878} INFO - 
================================================================================
DAG File Processing Stats

File Path                                   PID    Runtime      # DAGs    # Errors  Last Runtime    Last Run
------------------------------------------  -----  ---------  --------  ----------  --------------  -------------------
/opt/airflow/dags/orchestration.py                                   1           0  1.95s           2026-08-02T19:50:55
/opt/airflow/dags/training_pipeline_dag.py                           0           0  0.21s           2026-08-02T19:50:56
/opt/airflow/dags/feature_pipeline_dag.py                            0           0  0.17s           2026-08-02T19:50:57
================================================================================
[2026-08-02T19:51:42.152+0000] {manager.py:878} INFO - 
================================================================================
DAG File Processing Stats

File Path                                   PID    Runtime      # DAGs    # Errors  Last Runtime    Last Run
------------------------------------------  -----  ---------  --------  ----------  --------------  -------------------
/opt/airflow/dags/orchestration.py                                   1           0  1.97s           2026-08-02T19:51:27
/opt/airflow/dags/feature_pipeline_dag.py                            0           0  0.19s           2026-08-02T19:51:28
/opt/airflow/dags/training_pipeline_dag.py                           0           0  0.17s           2026-08-02T19:51:27
================================================================================
[2026-08-02T19:52:12.778+0000] {manager.py:878} INFO - 
================================================================================
DAG File Processing Stats

File Path                                   PID    Runtime      # DAGs    # Errors  Last Runtime    Last Run
------------------------------------------  -----  ---------  --------  ----------  --------------  -------------------
/opt/airflow/dags/orchestration.py                                   1           0  2.06s           2026-08-02T19:52:00
/opt/airflow/dags/feature_pipeline_dag.py                            0           0  0.21s           2026-08-02T19:51:58
/opt/airflow/dags/training_pipeline_dag.py                           0           0  0.17s           2026-08-02T19:51:57
================================================================================
[2026-08-02T19:52:27.967+0000] {manager.py:737} INFO - Searching for files in /opt/airflow/dags
[2026-08-02T19:52:28.080+0000] {manager.py:740} INFO - There are 3 files in /opt/airflow/dags
[2026-08-02T19:52:43.600+0000] {manager.py:878} INFO - 
================================================================================
DAG File Processing Stats

File Path                                   PID    Runtime      # DAGs    # Errors  Last Runtime    Last Run
------------------------------------------  -----  ---------  --------  ----------  --------------  -------------------
/opt/airflow/dags/orchestration.py                                   1           0  2.18s           2026-08-02T19:52:33
/opt/airflow/dags/training_pipeline_dag.py                           0           0  0.17s           2026-08-02T19:52:28
/opt/airflow/dags/feature_pipeline_dag.py                            0           0  0.16s           2026-08-02T19:52:29
================================================================================
[2026-08-02T19:53:14.169+0000] {manager.py:878} INFO - 
================================================================================
DAG File Processing Stats

File Path                                   PID    Runtime      # DAGs    # Errors  Last Runtime    Last Run
------------------------------------------  -----  ---------  --------  ----------  --------------  -------------------
/opt/airflow/dags/orchestration.py                                   1           0  1.96s           2026-08-02T19:53:06
/opt/airflow/dags/training_pipeline_dag.py                           0           0  0.19s           2026-08-02T19:52:59
/opt/airflow/dags/feature_pipeline_dag.py                            0           0  0.18s           2026-08-02T19:53:00
================================================================================
[2026-08-02T19:53:44.357+0000] {manager.py:878} INFO - 
================================================================================
DAG File Processing Stats

File Path                                   PID    Runtime      # DAGs    # Errors  Last Runtime    Last Run
------------------------------------------  -----  ---------  --------  ----------  --------------  -------------------
/opt/airflow/dags/orchestration.py                                   1           0  1.61s           2026-08-02T19:53:38
/opt/airflow/dags/training_pipeline_dag.py                           0           0  0.17s           2026-08-02T19:53:29
/opt/airflow/dags/feature_pipeline_dag.py                            0           0  0.16s           2026-08-02T19:53:30
================================================================================
[2026-08-02T19:54:15.246+0000] {manager.py:878} INFO - 
================================================================================
DAG File Processing Stats

File Path                                   PID    Runtime      # DAGs    # Errors  Last Runtime    Last Run
------------------------------------------  -----  ---------  --------  ----------  --------------  -------------------
/opt/airflow/dags/orchestration.py                                   1           0  1.91s           2026-08-02T19:54:10
/opt/airflow/dags/training_pipeline_dag.py                           0           0  0.19s           2026-08-02T19:53:59
/opt/airflow/dags/feature_pipeline_dag.py                            0           0  0.19s           2026-08-02T19:54:00
================================================================================
[2026-08-02T19:54:45.928+0000] {manager.py:878} INFO - 
================================================================================
DAG File Processing Stats

File Path                                   PID    Runtime      # DAGs    # Errors  Last Runtime    Last Run
------------------------------------------  -----  ---------  --------  ----------  --------------  -------------------
/opt/airflow/dags/orchestration.py                                   1           0  2.18s           2026-08-02T19:54:42
/opt/airflow/dags/feature_pipeline_dag.py                            0           0  0.17s           2026-08-02T19:54:31
/opt/airflow/dags/training_pipeline_dag.py                           0           0  0.16s           2026-08-02T19:54:30
================================================================================
[2026-08-02T19:55:16.595+0000] {manager.py:878} INFO - 
================================================================================
DAG File Processing Stats

File Path                                   PID    Runtime      # DAGs    # Errors  Last Runtime    Last Run
------------------------------------------  -----  ---------  --------  ----------  --------------  -------------------
/opt/airflow/dags/orchestration.py                                   1           0  2.04s           2026-08-02T19:55:15
/opt/airflow/dags/feature_pipeline_dag.py                            0           0  0.23s           2026-08-02T19:55:02
/opt/airflow/dags/training_pipeline_dag.py                           0           0  0.17s           2026-08-02T19:55:01
================================================================================
[2026-08-02T19:55:47.230+0000] {manager.py:878} INFO - 
================================================================================
DAG File Processing Stats

File Path                                     PID  Runtime      # DAGs    # Errors  Last Runtime    Last Run
------------------------------------------  -----  ---------  --------  ----------  --------------  -------------------
/opt/airflow/dags/orchestration.py            755  1.03s             1           0  2.04s           2026-08-02T19:55:15
/opt/airflow/dags/feature_pipeline_dag.py                            0           0  0.18s           2026-08-02T19:55:33
/opt/airflow/dags/training_pipeline_dag.py                           0           0  0.17s           2026-08-02T19:55:31
================================================================================
[2026-08-02T19:56:17.856+0000] {manager.py:878} INFO - 
================================================================================
DAG File Processing Stats

File Path                                   PID    Runtime      # DAGs    # Errors  Last Runtime    Last Run
------------------------------------------  -----  ---------  --------  ----------  --------------  -------------------
/opt/airflow/dags/orchestration.py                                   1           0  2.05s           2026-08-02T19:55:48
/opt/airflow/dags/training_pipeline_dag.py                           0           0  0.19s           2026-08-02T19:56:02
/opt/airflow/dags/feature_pipeline_dag.py                            0           0  0.18s           2026-08-02T19:56:03
================================================================================
[2026-08-02T19:56:48.523+0000] {manager.py:878} INFO - 
================================================================================
DAG File Processing Stats

File Path                                   PID    Runtime      # DAGs    # Errors  Last Runtime    Last Run
------------------------------------------  -----  ---------  --------  ----------  --------------  -------------------
/opt/airflow/dags/orchestration.py                                   1           0  1.56s           2026-08-02T19:56:20
/opt/airflow/dags/training_pipeline_dag.py                           0           0  0.18s           2026-08-02T19:56:33
/opt/airflow/dags/feature_pipeline_dag.py                            0           0  0.18s           2026-08-02T19:56:34
================================================================================
